Coordinates
version=1
nRows=586
nColumns=38
inDegrees=yes

Units are S.I. units (second, meters, Newtons, ...)
Angles are in degrees.

endheader
time	pelvis_rotation	pelvis_tilt	pelvis_list	pelvis_tx	pelvis_ty	pelvis_tz	hip_flexion_r	hip_adduction_r	hip_rotation_r	knee_angle_r	knee_angle	tp_r3	tp_tx	tp_ty	tp_tz	ankle_flexion_r	ankle_in_ev_r	ankle_rot_r	subtalar_angle_r	midtarsal_angle_r	tarsometatarsal_angle_r	mtp_angle_r	hip_flexion_l	hip_adduction_l	hip_rotation_l	knee_angle_l	ltp_r3	ltp_tx	ltp_ty	ltp_tz	ankle_flexion_l	ankle_in_ev_l	ankle_rot_l	subtalar_angle_l	midtarsal_angle_l	tarsometatarsal_angle_l	mtp_angle_l
      0.00000000	      9.82621766	     -4.96060062	     88.69707629	      0.33758592	      0.40411980	      0.92661060	     34.09371263	      4.48477474	    -14.72788994	     -3.82712472	     -1.04906193	      4.14980599	      0.04978223	     -0.02281977	      0.00242960	      2.85781883	      1.47074966	     -1.96848061	      1.73718069	      9.78796918	     -2.39483992	    -24.96984398	     -2.56329095	      1.04838494	    -13.13843907	    -17.69733701	     12.89329710	      0.04868210	     -0.02264872	     -0.00247155	     -3.09761239	     -0.49978852	      1.26233550	      6.52276564	     -3.02262436	      0.56946172	    -15.53302132
      0.00500000	      9.86382741	     -4.97240181	     88.67466387	      0.33785354	      0.40387084	      0.92553424	     34.14442044	      4.66875332	    -14.51988869	     -3.96073611	     -1.04902380	      4.28036281	      0.04976644	     -0.02281453	      0.00242960	      2.85440427	      1.49579970	     -1.84786199	      1.80997167	      9.84720248	     -2.37245490	    -24.96498320	     -2.89741590	      0.97286411	    -12.92098848	    -17.96009109	     12.98336371	      0.04863916	     -0.02263782	     -0.00247155	     -2.95755320	     -0.52924276	      1.39941797	      6.63213771	     -2.95535103	      0.62248391	    -15.53139456
      0.01000000	      9.82407120	     -4.94469113	     88.64567031	      0.33809591	      0.40361447	      0.92460152	     34.10003090	      4.81690294	    -14.26939599	     -4.16890752	     -1.04906837	      4.48165557	      0.04974174	     -0.02280635	      0.00242960	      2.90967198	      1.49741605	     -1.73404658	      1.89270865	      9.90956268	     -2.33688262	    -24.95788082	     -3.24271738	      0.87231427	    -12.68574410	    -18.33795647	     13.10926366	      0.04857703	     -0.02262213	     -0.00247155	     -2.75175848	     -0.54475072	      1.50858639	      6.76423352	     -2.87428606	      0.68612043	    -15.53324618
      0.01500000	      9.71724471	     -4.89143265	     88.59290547	      0.33837974	      0.40339112	      0.92379568	     33.96315106	      4.94981877	    -13.96421972	     -4.49745715	     -1.04918258	      4.79415113	      0.04970249	     -0.02279343	      0.00242960	      3.03816114	      1.46068675	     -1.65563358	      1.95746103	      9.94950362	     -2.29976260	    -24.94527868	     -3.58928594	      0.73685071	    -12.46711598	    -18.84492072	     13.27154343	      0.04849296	     -0.02260105	     -0.00247155	     -2.49646820	     -0.54080296	      1.57351094	      6.91546401	     -2.78118918	      0.75149509	    -15.55200974
      0.02000000	      9.65043121	     -4.85464228	     88.49690143	      0.33882132	      0.40308767	      0.92300541	     33.79242524	      5.13393359	    -13.57402840	     -4.86237182	     -1.04926586	      5.13368129	      0.04965850	     -0.02277906	      0.00242960	      3.22320328	      1.39059872	     -1.55720788	      2.02080274	      9.96577353	     -2.26491232	    -24.93165863	     -3.89424349	      0.55454459	    -12.19635371	    -19.36097819	     13.42910540	      0.04840652	     -0.02257957	     -0.00247155	     -2.24589501	     -0.54609360	      1.64915091	      7.07039688	     -2.68851596	      0.81871418	    -15.57738764
      0.02500000	      9.55417816	     -4.80463371	     88.36426267	      0.33936663	      0.40273143	      0.92229740	     33.57304374	      5.33628752	    -13.10763360	     -5.34735136	     -1.04926044	      5.57302634	      0.04959944	     -0.02275993	      0.00242960	      3.52944836	      1.28527362	     -1.49812729	      2.05696863	      9.93162562	     -2.24752373	    -24.91216319	     -4.17502762	      0.31804326	    -11.92267582	    -19.98386004	     13.60954505	      0.04830104	     -0.02255361	     -0.00247155	     -1.93578199	     -0.54839207	      1.68966128	      7.23414063	     -2.58979249	      0.89396425	    -15.61482024
      0.03000000	      9.44750147	     -4.77082268	     88.18550939	      0.33994361	      0.40235258	      0.92169675	     33.36167179	      5.57763726	    -12.59660437	     -5.95147428	     -1.04902402	      6.10152995	      0.04952487	     -0.02273606	      0.00242960	      4.00131776	      1.16472409	     -1.46371377	      2.08740829	      9.86357195	     -2.23955825	    -24.88682619	     -4.42338817	      0.03743651	    -11.62863446	    -20.66538368	     13.79529011	      0.04818420	     -0.02252515	     -0.00247155	     -1.57774400	     -0.55686261	      1.72184179	      7.40526308	     -2.48639127	      0.97978301	    -15.65843508
      0.03500000	      9.42931314	     -4.80191359	     88.09333385	      0.34028135	      0.40193837	      0.92042839	     34.16844026	      5.60923739	    -12.50170120	     -8.37960580	     -1.03748329	      8.02486234	      0.04921410	     -0.02263968	      0.00242960	      4.65482238	      1.17493552	     -1.08238155	      1.92385017	      8.77851288	     -3.38196198	    -24.57616265	     -3.97465406	     -0.43641860	    -12.30328296	    -22.59689623	     14.26115728	      0.04784492	     -0.02244428	     -0.00247155	     -1.60551994	     -0.89587934	      1.81836774	      8.21721516	     -2.01039834	      1.15301813	    -17.13703647
      0.04000000	      9.35031712	     -4.80556535	     87.86455231	      0.34102068	      0.40157849	      0.91996535	     33.98143219	      5.89160683	    -12.03668758	     -8.93593573	     -1.03721050	      8.42231354	      0.04914040	     -0.02261750	      0.00242960	      5.42174046	      1.05843336	     -0.99218912	      2.12237381	      8.83514638	     -3.27083205	    -24.54186115	     -4.26560888	     -0.70848529	    -11.86670396	    -23.09089869	     14.36723468	      0.04775624	     -0.02242356	     -0.00247155	     -1.19707869	     -0.97981815	      1.87687519	      8.35414529	     -1.93402281	      1.27881928	    -17.15319533
      0.04500000	      9.10709843	     -4.83107914	     87.70281786	      0.34154741	      0.40133902	      0.91978390	     34.04148431	      6.02341812	    -11.79860994	    -10.07822180	     -1.03526033	      9.19067219	      0.04898616	     -0.02257186	      0.00242960	      7.47721341	      0.80097502	     -1.37529606	      2.16130949	      8.65309906	     -3.16469384	    -24.43339711	     -4.43978568	     -0.98776611	    -11.92004700	    -24.11786204	     14.57260183	      0.04756942	     -0.02238047	     -0.00247155	     -0.35058230	     -0.98021387	      1.60386589	      8.43269716	     -1.88201754	      1.44772115	    -17.26742513
      0.05000000	      9.41968096	     -5.00069033	     87.45587633	      0.34192440	      0.40088719	      0.91884980	     34.67957866	      6.34762057	    -11.25145142	    -11.14558721	     -1.02351161	      9.85296939	      0.04883849	     -0.02252911	      0.00242960	      9.23872453	      0.65006265	     -1.18987518	      1.85221060	      7.97115459	     -3.43596524	    -24.21445917	     -3.86734103	     -1.43944986	    -11.96961882	    -25.41561343	     14.80586161	      0.04732865	     -0.02232600	     -0.00247155	      0.31405384	     -0.95663531	      1.75675983	      8.65880364	     -1.78023628	      1.64914731	    -17.94692741
      0.05500000	      9.17205713	     -5.11374990	     87.14308516	      0.34247226	      0.40052845	      0.91897453	     34.50381372	      6.66144528	    -10.83652035	    -11.85821002	     -1.01796744	     10.26650521	      0.04873798	     -0.02250051	      0.00242960	     10.23088416	      0.56471839	     -1.20692219	      1.72828660	      7.68712369	     -3.47973562	    -24.11298877	     -3.95464220	     -1.83364465	    -11.83232942	    -26.53531279	     14.98679181	      0.04711673	     -0.02227904	     -0.00247155	      1.18672658	     -1.04818251	      1.61750158	      8.73122468	     -1.74157135	      1.85015435	    -18.20244604
      0.06000000	      9.06589803	     -5.22753095	     86.79533662	      0.34306636	      0.40003639	      0.91880263	     33.92547712	      7.17880444	     -9.81029788	    -11.40222002	     -0.85967913	     10.00449306	      0.04880247	     -0.02251881	      0.00242960	     12.28343234	      1.21092369	     -0.81538169	      1.05999522	      5.88394081	     -4.49602954	    -22.08375441	     -3.67923739	     -2.40553004	    -11.99596336	    -27.92038083	     15.18922360	      0.04684932	     -0.02222103	     -0.00247155	      2.74767347	     -1.32050385	      1.85694368	      8.03660971	     -1.85782510	      3.99138323	    -26.82624584
      0.06500000	      8.84096689	     -5.37990483	     86.41037059	      0.34360147	      0.39966313	      0.91930475	     33.66544792	      7.57762000	     -9.34711821	    -12.08920199	     -0.85712902	     10.39578372	      0.04870507	     -0.02249122	      0.00242960	     12.49826146	      1.10775162	     -0.98664185	      0.96188851	      5.83200291	     -4.47479668	    -22.05320507	     -3.68154522	     -2.81952946	    -11.70124121	    -29.03502387	     15.33848977	      0.04662993	     -0.02217446	     -0.00247155	      3.79724162	     -1.35134091	      1.61188729	      8.11720216	     -1.81150667	      4.18756814	    -26.74154276
      0.07000000	      8.80567590	     -5.54099310	     86.15186732	      0.34403720	      0.39921464	      0.91919593	     33.70194103	      7.89882840	     -8.78257576	    -12.98112882	     -0.73558118	     10.87376958	      0.04857647	     -0.02245533	      0.00242960	     12.54293733	      1.05943349	     -1.28732583	     -0.93676108	      6.77003150	     -3.34336578	    -19.70232843	     -3.07968221	     -3.31420233	    -11.80794596	    -30.82309079	     15.56022916	      0.04627031	     -0.02210006	     -0.00247155	      5.48778446	     -1.27552092	      1.80937486	      6.71214505	     -0.86504642	      5.76184426	    -30.18077153
      0.07500000	      8.56467214	     -5.68524260	     85.78468232	      0.34452340	      0.39880633	      0.91981257	     33.45142962	      8.28789978	     -8.35410366	    -13.84784186	     -0.73303888	     11.30677870	      0.04844916	     -0.02242038	      0.00242960	     12.44633488	      1.10375225	     -1.51803496	     -1.17751471	      6.61803210	     -3.49255424	    -19.66974398	     -2.83000305	     -3.78707468	    -11.67647629	    -32.34848686	     15.73677767	      0.04595615	     -0.02203698	     -0.00247155	      7.02834770	     -1.25436672	      1.47698925	      6.86906475	     -0.75704248	      6.01035360	    -30.06469748
      0.08000000	      8.29984176	     -5.80210395	     85.42669375	      0.34495985	      0.39833946	      0.92048056	     33.22885741	      8.67283085	     -7.77495293	    -14.81982341	     -0.73110824	     11.75748833	      0.04830364	     -0.02238109	      0.00242960	     12.34012228	      1.10560484	     -1.54337657	     -1.32125073	      6.54079937	     -3.57819444	    -19.65055467	     -2.55000670	     -4.24517418	    -11.45225431	    -33.92380147	     15.90769499	      0.04562472	     -0.02197230	     -0.00247155	      8.51386371	     -1.20059370	      1.18144906	      7.02749557	     -0.61096562	      6.26874371	    -29.98843827
      0.08500000	      8.08217637	     -5.92487280	     85.10833209	      0.34534354	      0.39779065	      0.92106102	     33.07974586	      9.05801267	     -7.21364994	    -15.84575521	     -0.72909666	     12.19514058	      0.04814688	     -0.02233952	      0.00242960	     12.13715002	      1.06929779	     -1.54906960	     -1.53086702	      6.42906402	     -3.67419657	    -19.63176559	     -2.05065894	     -4.73212812	    -11.34524764	    -35.75131392	     16.09194665	      0.04523149	     -0.02189800	     -0.00247155	     10.25730411	     -1.08560698	      0.84801383	      7.22346007	     -0.39784705	      6.58158608	    -29.91012182
      0.09000000	      8.27451677	     -6.08622133	     84.86539044	      0.34575231	      0.39709647	      0.92098325	     33.53756321	      9.42860214	     -6.83828968	    -17.23270403	     -0.72629505	     12.72864473	      0.04792973	     -0.02228315	      0.00242960	     11.71895422	      0.95978053	     -1.59813272	     -2.05776990	      6.17975046	     -3.79277651	    -19.55846329	     -0.99593959	     -5.32338677	    -11.49754245	    -37.72975785	     16.27509830	      0.04479541	     -0.02181860	     -0.00247155	     12.29004368	     -0.92194979	      0.75360301	      7.37710110	      0.03459852	      7.01629318	    -29.89908065
      0.09500000	      8.16013916	     -6.19653870	     84.65528495	      0.34607866	      0.39641956	      0.92139133	     33.57448028	      9.74487784	     -6.39889491	    -18.40895218	     -0.72613693	     13.13244034	      0.04774083	     -0.02223518	      0.00242960	     11.56999033	      0.74539323	     -1.47438389	     -2.42525422	      6.03001217	     -3.68738683	    -19.45550898	     -0.31681658	     -5.70477059	    -11.28359178	    -39.55840270	     16.42993414	      0.04438295	     -0.02174635	     -0.00247155	     13.81695646	     -0.91563256	      0.62066162	      7.20705510	      0.30694294	      7.32438317	    -29.83693526
      0.10000000	      7.80777568	     -6.29783486	     84.49553608	      0.34646746	      0.39581336	      0.92229040	     33.14181523	     10.00143267	     -5.88926143	    -19.17137472	     -0.72635066	     13.37207539	      0.04761606	     -0.02220401	      0.00242960	     11.61942190	      0.58754056	     -1.32411699	     -2.51481456	      5.97411331	     -3.60974915	    -19.42104655	      0.00929992	     -5.90004342	    -10.89400245	    -41.19876068	     16.55752911	      0.04400546	     -0.02168258	     -0.00247155	     14.79122980	     -0.94671725	      0.47031186	      7.14457693	      0.34075550	      7.45619408	    -29.73958658
      0.10500000	      7.90121130	     -6.39380306	     84.28342240	      0.34668370	      0.39515294	      0.92248106	     33.37356286	     10.32687390	     -5.72966542	    -20.29698762	     -0.76388188	     13.69636235	      0.04742846	     -0.02215788	      0.00242960	     11.23812873	      0.48356887	     -1.08366146	     -4.40368560	      5.53563105	     -1.10771334	    -18.06925235	      1.08558760	     -6.34117723	    -10.63145264	    -43.22858221	     16.70129618	      0.04352879	     -0.02160502	     -0.00247155	     16.36293621	     -0.90393761	      1.27044076	      4.03507957	      1.79682511	      8.58434901	    -27.37669424
      0.11000000	      7.55009434	     -6.45843630	     84.19283889	      0.34708305	      0.39456966	      0.92333484	     32.83025558	     10.47781622	     -5.44483248	    -20.86515035	     -0.76431428	     13.84751629	      0.04733224	     -0.02213454	      0.00242960	     11.20485703	      0.39045852	     -1.01651714	     -4.47599231	      5.45369183	     -1.12404333	    -18.03950406	      1.44775963	     -6.51809427	    -10.31445544	    -44.88615015	     16.80764459	      0.04313196	     -0.02154273	     -0.00247155	     17.18905753	     -0.96507221	      1.16091256	      4.07524288	      1.77789528	      8.65079102	    -27.26224688
      0.11500000	      7.46743310	     -6.47765551	     83.93455268	      0.34745428	      0.39397696	      0.92369253	     32.60879779	     10.77467255	     -5.58270373	    -21.51981291	     -0.76519607	     14.01191822	      0.04722010	     -0.02210761	      0.00242960	     10.87283248	      0.22257633	     -1.04824216	     -4.91821376	      5.05545678	     -1.27637217	    -17.94603480	      2.30746541	     -7.05875948	    -10.17571491	    -46.83433384	     16.92058089	      0.04265714	     -0.02147064	     -0.00247155	     18.82313822	     -1.34280882	      1.16490290	      3.96450441	      1.58133199	      8.83072891	    -26.76193739
      0.12000000	      7.29297661	     -6.47861403	     83.84764183	      0.34786448	      0.39336339	      0.92418158	     32.21319878	     10.87736200	     -5.67122093	    -22.06047001	     -0.76580233	     14.14020769	      0.04712647	     -0.02208536	      0.00242960	     10.61354923	      0.07708024	     -0.87409406	     -5.21206070	      4.73531693	     -1.36624447	    -17.84731168	      3.01501694	     -7.40509318	    -10.05357521	    -48.64734559	     17.01458927	      0.04220740	     -0.02140456	     -0.00247155	     20.22372145	     -1.61077698	      1.23648359	      3.77418754	      1.32463760	      8.98717869	    -26.14582820
      0.12500000	      7.00654584	     -6.48680140	     83.94480852	      0.34814708	      0.39274124	      0.92487102	     31.62679018	     10.81071086	     -5.58837260	    -22.45957571	     -0.76558864	     14.23077606	      0.04705677	     -0.02206891	      0.00242960	     10.44290517	     -0.02422019	     -0.68990135	     -5.31634909	      4.60200535	     -1.40588864	    -17.81233490	      3.55500310	     -7.52775154	     -9.94455359	    -50.34817223	     17.09358101	      0.04177883	     -0.02134339	     -0.00247155	     21.11868230	     -1.66859862	      1.19823447	      3.70257520	      1.19287954	      9.06301545	    -25.84678529
      0.13000000	      6.81232754	     -6.43509959	     83.94002503	      0.34838835	      0.39215912	      0.92539874	     31.13571232	     10.81569937	     -5.66552751	    -22.88823978	     -0.76442990	     14.32431219	      0.04698135	     -0.02205124	      0.00242960	     10.05778372	     -0.13607020	     -0.49368585	     -5.51933621	      4.38935250	     -1.51034821	    -17.78394060	      4.27649584	     -7.83079582	     -9.86905407	    -52.08797541	     17.16569325	      0.04133402	     -0.02128157	     -0.00247155	     22.19195062	     -1.77424871	      1.06320751	      3.53908356	      0.97834337	      9.13750929	    -25.47073680
      0.13500000	      7.03035786	     -6.33586148	     83.86759166	      0.34861190	      0.39157573	      0.92537403	     31.13860995	     10.82881477	     -6.25162435	    -23.45614836	     -0.75952624	     14.44255036	      0.04688055	     -0.02202782	      0.00242960	      9.32763355	     -0.35333377	      0.08220935	     -5.88051760	      3.80188234	     -1.66305795	    -17.63566197	      5.51743314	     -8.28248438	     -9.72570594	    -53.80749694	     17.22887536	      0.04088828	     -0.02122115	     -0.00247155	     23.62001322	     -1.93487120	      1.30252358	      2.76861371	      0.21590006	      9.13944566	    -24.07683704
      0.14000000	      6.82062588	     -6.36595080	     84.08188703	      0.34871764	      0.39101271	      0.92625317	     30.52000090	     10.63861445	     -6.15436015	    -23.67338265	     -0.75894114	     14.48612869	      0.04684173	     -0.02201886	      0.00242960	      9.20412164	     -0.40872412	      0.20639601	     -5.90038215	      3.74565125	     -1.67062425	    -17.61954492	      6.06392928	     -8.30560281	     -9.75630749	    -55.13100419	     17.27223634	      0.04054113	     -0.02117507	     -0.00247155	     23.79813856	     -1.80428719	      1.18567020	      2.62300728	      0.09064355	      9.04931267	    -23.96165567
      0.14500000	      6.99534608	     -6.20202272	     83.91752036	      0.34860247	      0.39053555	      0.92642050	     30.33998108	     10.75373631	     -6.45147162	    -23.98180683	     -0.75316709	     14.54651121	      0.04678637	     -0.02200614	      0.00242960	      8.32704878	     -0.48418389	      0.52926650	     -6.14009260	      3.31954771	     -1.80830811	    -17.51942783	      7.32717833	     -8.82710978	     -9.51432460	    -56.88599592	     17.32325214	      0.04007567	     -0.02111448	     -0.00247155	     23.93589948	     -1.58080181	      0.99370823	      1.88511524	     -0.45687530	      8.66524387	    -23.16594383
      0.15000000	      6.99585935	     -6.13735899	     83.93870449	      0.34848706	      0.39005767	      0.92715987	     29.90634242	     10.72584557	     -6.48824900	    -24.13279288	     -0.74940995	     14.57544546	      0.04675916	     -0.02199991	      0.00242960	      7.86142900	     -0.51357774	      0.68492290	     -6.19504330	      3.10578216	     -1.84794185	    -17.44773787	      8.22940262	     -9.12835103	     -9.48145941	    -58.25466966	     17.35817359	      0.03970872	     -0.02106760	     -0.00247155	     23.75692298	     -1.31851630	      0.73096047	      1.38886894	     -0.75108718	      8.30594416	    -22.74503351
      0.15500000	      6.87109737	     -6.11981744	     84.11108517	      0.34837255	      0.38960251	      0.92832725	     29.31877239	     10.54931425	     -6.41409409	    -24.24725361	     -0.74848362	     14.59711341	      0.04673848	     -0.02199519	      0.00242960	      7.68433570	     -0.54283732	      0.76829810	     -6.20135738	      3.05611285	     -1.85946273	    -17.43135157	      8.91522684	     -9.26024047	     -9.57183588	    -59.33202568	     17.38284640	      0.03941752	     -0.02103089	     -0.00247155	     23.64374499	     -1.15478177	      0.51547288	      1.15760239	     -0.89108518	      8.11227314	    -22.68435179
      0.16000000	      6.99072316	     -6.04409851	     83.87139117	      0.34815739	      0.38922511	      0.92909009	     28.92432383	     10.78535882	     -6.50497207	    -24.23306803	     -0.74505724	     14.59444338	      0.04674105	     -0.02199577	      0.00242960	      6.95758856	     -0.53485079	      0.89779180	     -6.28643302	      2.86997914	     -1.95265670	    -17.38722868	     10.02861818	     -9.80834199	     -9.40548260	    -60.66281461	     17.41009293	      0.03905506	     -0.02098578	     -0.00247155	     22.98841176	     -0.94041703	      0.05201555	      0.42010172	     -1.30266769	      7.56766016	    -22.46548565
      0.16500000	      7.05751963	     -5.95867779	     83.82661468	      0.34794376	      0.38888269	      0.93014076	     28.46091526	     10.80932663	     -6.56618955	    -24.19136114	     -0.74175302	     14.58656470	      0.04674858	     -0.02199749	      0.00242960	      6.51693947	     -0.51205063	      0.91724747	     -6.22258491	      2.73289542	     -1.93597063	    -17.31342832	     11.03076147	    -10.11051389	     -9.23251246	    -61.73308143	     17.42956352	      0.03876131	     -0.02094982	     -0.00247155	     22.42930206	     -0.74964073	     -0.16952169	     -0.23244287	     -1.61815965	      7.06204764	    -22.13318304
      0.17000000	      6.90637562	     -5.94720474	     83.98817164	      0.34766782	      0.38845156	      0.93158926	     27.86072436	     10.63192906	     -6.49654006	    -24.31310843	     -0.74119526	     14.60947633	      0.04672657	     -0.02199247	      0.00242960	      6.38826113	     -0.51647564	      0.94218474	     -6.19265951	      2.71274237	     -1.92269797	    -17.29774373	     11.72945750	    -10.22020151	     -9.27180152	    -62.53292082	     17.44277240	      0.03854045	     -0.02092325	     -0.00247155	     22.25350516	     -0.64079087	     -0.33654700	     -0.47952700	     -1.75990205	      6.86615499	    -22.08341151
      0.17500000	      6.99331156	     -5.80867902	     83.75244648	      0.34744941	      0.38810705	      0.93263271	     27.35674826	     10.84773476	     -6.58056732	    -24.16717197	     -0.73861349	     14.58198088	      0.04675295	     -0.02199849	      0.00242960	      5.66448294	     -0.48095010	      0.95729772	     -6.17606367	      2.59885856	     -1.92142843	    -17.23602700	     12.80712149	    -10.65493133	     -8.92085413	    -63.51715269	     17.45753192	      0.03826703	     -0.02089109	     -0.00247155	     21.41429340	     -0.55438391	     -0.66486902	     -1.36644394	     -2.21583962	      6.24698461	    -21.78433394
      0.18000000	      6.96935332	     -5.69545393	     83.75996487	      0.34714697	      0.38775583	      0.93396061	     26.75571845	     10.82158692	     -6.53449023	    -24.04125081	     -0.73622648	     14.55795417	      0.04677566	     -0.02200369	      0.00242960	      5.25269304	     -0.47397707	      0.89537712	     -6.05540455	      2.53078262	     -1.80511463	    -17.14083315	     13.70484356	    -10.85585208	     -8.71894222	    -64.24460871	     17.46743412	      0.03806375	     -0.02086779	     -0.00247155	     20.93482453	     -0.40090636	     -0.74619437	     -1.97355845	     -2.42060883	      5.77902911	    -21.33227761
      0.18500000	      6.82804267	     -5.67140520	     83.93730155	      0.34684349	      0.38733811	      0.93554194	     26.14272794	     10.63389702	     -6.40832758	    -24.13143239	     -0.73587524	     14.57518636	      0.04675940	     -0.02199996	      0.00242960	      5.11463256	     -0.47102110	      0.90228251	     -6.01430334	      2.52599501	     -1.77641428	    -17.12223123	     14.40948262	    -10.91362583	     -8.72867209	    -64.76988914	     17.47407230	      0.03791632	     -0.02085125	     -0.00247155	     20.76068928	     -0.29596228	     -0.85548819	     -2.17396471	     -2.51254762	      5.60515414	    -21.26158078
      0.19000000	      6.90002627	     -5.62476293	     83.86560364	      0.34661187	      0.38711281	      0.93699056	     25.48207725	     10.74107987	     -6.21120756	    -23.72176581	     -0.73440689	     14.49576337	      0.04683307	     -0.02201687	      0.00242960	      4.47604943	     -0.42086539	      0.85068412	     -5.95426306	      2.49794920	     -1.71471903	    -17.05226065	     15.35269205	    -11.04977629	     -8.39335948	    -65.24468650	     17.47973087	      0.03778261	     -0.02083653	     -0.00247155	     20.11845795	     -0.10759251	     -1.15202427	     -2.79655444	     -2.70871458	      5.12270822	    -20.93096052
      0.19500000	      6.80736872	     -5.66774239	     84.03443279	      0.34639748	      0.38697898	      0.93858606	     24.87308440	     10.55608446	     -6.07282259	    -23.72356034	     -0.73427240	     14.49607137	      0.04683274	     -0.02201679	      0.00242960	      4.36310257	     -0.40819388	      0.85411281	     -5.89330301	      2.51908179	     -1.67564594	    -17.03364611	     16.06216467	    -11.05308198	     -8.43116619	    -65.55318558	     17.48321545	      0.03769546	     -0.02082711	     -0.00247155	     19.95480141	     -0.00523273	     -1.22923923	     -2.95145687	     -2.75540867	      4.97762709	    -20.86201395
      0.20000000	      6.98475498	     -5.67529815	     84.02291492	      0.34618069	      0.38696319	      0.94018155	     24.05678302	     10.62584416	     -5.69961130	    -22.79594500	     -0.67622810	     14.30449226	      0.04699763	     -0.02205505	      0.00242960	      3.36269583	     -0.25538769	      0.19775052	     -4.36940123	      0.87250006	      0.68956846	    -14.07318979	     17.10235623	    -10.99599850	     -7.93591692	    -65.85335329	     17.48648781	      0.03761049	     -0.02081803	     -0.00247155	     19.50510220	      0.30070617	     -0.99491181	     -5.71600909	      1.85179140	      0.20345442	    -11.85695581
      0.20500000	      6.88813752	     -5.73658348	     84.20961575	      0.34596908	      0.38677162	      0.94177232	     23.46559046	     10.40031291	     -5.64637678	    -22.82293067	     -0.67623030	     14.31031433	      0.04699288	     -0.02205394	      0.00242960	      3.25294026	     -0.24669967	      0.26248288	     -4.32989616	      0.89887374	      0.69491838	    -14.06440246	     17.77755761	    -10.96458995	     -7.99208666	    -65.98607508	     17.48789503	      0.03757286	     -0.02081405	     -0.00247155	     19.34370573	      0.33535515	     -1.04936202	     -5.80916230	      1.78741501	      0.10119075	    -11.90585546
      0.21000000	      6.90669184	     -5.71462771	     84.37891071	      0.34575691	      0.38657819	      0.94332329	     22.74447836	     10.18596912	     -5.67059337	    -22.39660749	     -0.67626204	     14.21671334	      0.04706780	     -0.02207151	      0.00242960	      2.74092101	     -0.19991678	      0.45043214	     -4.23083411	      0.98628845	      0.69073275	    -14.04435350	     18.55471915	    -10.80093399	     -7.78039761	    -66.00319941	     17.48807360	      0.03756800	     -0.02081354	     -0.00247155	     18.84245607	      0.37457472	     -1.21312630	     -6.07211366	      1.66241714	     -0.12996771	    -12.01810271
      0.21500000	      6.84184128	     -5.65732943	     84.57591546	      0.34548723	      0.38633185	      0.94487946	     22.04971622	      9.92103728	     -5.75567407	    -22.16035969	     -0.67631649	     14.16319887	      0.04710907	     -0.02208124	      0.00242960	      2.45059153	     -0.17111115	      0.52273680	     -4.13327434	      1.06312389	      0.71140120	    -14.02355478	     19.24230693	    -10.65437998	     -7.62227317	    -65.95037490	     17.48751810	      0.03758298	     -0.02081512	     -0.00247155	     18.46492018	      0.43401201	     -1.26547805	     -6.21076513	      1.63093042	     -0.27411517	    -12.10000587
      0.22000000	      6.79017066	     -5.63961182	     84.80808957	      0.34517562	      0.38604953	      0.94635409	     21.37046372	      9.63518949	     -5.83783134	    -21.91798469	     -0.67644581	     14.10704417	      0.04715124	     -0.02209122	      0.00242960	      2.18099179	     -0.15869942	      0.59207574	     -4.04367207	      1.13091259	      0.73060318	    -14.00911974	     19.94071677	    -10.48715546	     -7.53210887	    -65.85312678	     17.48648472	      0.03761055	     -0.02081804	     -0.00247155	     18.03846892	      0.48706276	     -1.28819566	     -6.34027658	      1.60580747	     -0.41385481	    -12.17878747
      0.22500000	      6.76114226	     -5.57290917	     85.00349349	      0.34484641	      0.38571197	      0.94781381	     20.76082637	      9.39583432	     -5.85746714	    -21.74318950	     -0.67655534	     14.06572614	      0.04718153	     -0.02209842	      0.00242960	      1.96269399	     -0.15527333	      0.66530942	     -3.95933366	      1.19144760	      0.75005661	    -13.99994026	     20.58970769	    -10.37985246	     -7.45576727	    -65.55017193	     17.48318189	      0.03769631	     -0.02082720	     -0.00247155	     17.61174487	      0.52522619	     -1.30350054	     -6.45218096	      1.58858378	     -0.53356281	    -12.24572753
      0.23000000	      6.69753642	     -5.53720910	     85.15440250	      0.34451257	      0.38554223	      0.94946831	     19.84955399	      9.18766186	     -6.00041722	    -21.07258405	     -0.67634056	     13.90071588	      0.04729685	     -0.02212601	      0.00242960	      1.49588228	     -0.15063108	      0.71251839	     -3.62761368	      1.40215617	      0.87308625	    -13.93708553	     21.16463846	    -10.01689794	     -6.97902924	    -65.16276648	     17.47876932	      0.03780570	     -0.02083906	     -0.00247155	     16.65234469	      0.73596006	     -1.47986612	     -6.64257510	      1.78105837	     -0.74545054	    -12.41509492
      0.23500000	      6.69927877	     -5.59714132	     85.38983795	      0.34408871	      0.38516958	      0.95076191	     19.30800707	      8.93171501	     -6.00464274	    -20.93846371	     -0.67637248	     13.86646542	      0.04731975	     -0.02213153	      0.00242960	      1.34502217	     -0.17081289	      0.72470664	     -3.56181027	      1.43568678	      0.89530556	    -13.92369512	     21.82564682	     -9.90474998	     -7.06773278	    -64.76161960	     17.47397091	      0.03791865	     -0.02085151	     -0.00247155	     16.27958975	      0.75668970	     -1.45113970	     -6.70725361	      1.81150680	     -0.82734848	    -12.47106623
      0.24000000	      6.75608729	     -5.70206307	     85.61087775	      0.34373431	      0.38482292	      0.95213624	     18.71469838	      8.71064789	     -5.96381899	    -20.61084058	     -0.67657630	     13.78086609	      0.04737544	     -0.02214499	      0.00242960	      1.07997458	     -0.19354280	      0.83242399	     -3.43091961	      1.51259115	      0.93585698	    -13.90909129	     22.43524378	     -9.66360220	     -6.99547567	    -64.14191433	     17.46608481	      0.03809251	     -0.02087105	     -0.00247155	     15.66287919	      0.76239095	     -1.41626125	     -6.81806354	      1.84927546	     -0.94962720	    -12.55620227
      0.24500000	      6.64633140	     -5.88752682	     85.67992771	      0.34309862	      0.38433161	      0.95329366	     18.25875536	      8.63297947	     -5.95076374	    -20.81851846	     -0.67651780	     13.83541248	      0.04734017	     -0.02213646	      0.00242960	      1.09552601	     -0.18811179	      0.80656358	     -3.42221210	      1.51445384	      0.93852536	    -13.90985883	     23.04378630	     -9.68686059	     -7.00037836	    -63.74754051	     17.46075768	      0.03820276	     -0.02088367	     -0.00247155	     15.58220344	      0.74064310	     -1.36553195	     -6.81664225	      1.84385891	     -0.96044031	    -12.56230954
      0.25000000	      6.82393485	     -5.92356539	     86.01198434	      0.34285917	      0.38401982	      0.95456307	     17.60515957	      8.29162803	     -5.95789014	    -20.14559196	     -0.67724810	     13.65472933	      0.04745393	     -0.02216409	      0.00242960	      0.71918652	     -0.22004065	      0.94474917	     -3.26952795	      1.61019022	      0.98471740	    -13.89829211	     23.62535496	     -9.33656140	     -7.00932868	    -62.80862747	     17.44706950	      0.03846404	     -0.02091418	     -0.00247155	     14.67877930	      0.78014048	     -1.32510051	     -6.95229221	      1.90742601	     -1.11693049	    -12.68308986
      0.25500000	      6.79372904	     -6.04078874	     86.22171762	      0.34235195	      0.38366988	      0.95583288	     16.82970236	      8.07092131	     -5.92002208	    -19.61102017	     -0.67797886	     13.50280166	      0.04754327	     -0.02218601	      0.00242960	      0.47336412	     -0.25255452	      1.01742884	     -3.03970627	      1.73706074	      1.07651710	    -13.87442825	     24.11050186	     -9.03565458	     -6.84892248	    -62.03501448	     17.43468139	      0.03867807	     -0.02093975	     -0.00247155	     13.88187207	      0.88734930	     -1.34203453	     -6.99392066	      2.10057434	     -1.20218904	    -12.80443046
      0.26000000	      6.64067043	     -6.07062866	     86.21476368	      0.34184633	      0.38322736	      0.95710403	     15.90833690	      8.08576681	     -5.84296986	    -19.03956699	     -0.67653481	     13.33185941	      0.04763776	     -0.02220940	      0.00242960	      0.29718765	     -0.39594968	      0.63529147	     -2.32937480	      1.70103621	      1.40449781	    -13.62571848	     24.57330171	     -9.13930594	     -6.79943143	    -61.40151597	     17.42375594	      0.03885253	     -0.02096091	     -0.00247155	     13.05822155	      0.94583642	     -1.68498270	     -6.87749591	      3.45734847	     -0.85474702	    -13.12875744
      0.26500000	      6.67803910	     -6.16973361	     86.31134029	      0.34118482	      0.38278157	      0.95797384	     15.51851951	      7.98191862	     -5.87255195	    -19.06383452	     -0.67647915	     13.33929144	      0.04763377	     -0.02220841	      0.00242960	      0.21061185	     -0.38840890	      0.65211378	     -2.30950703	      1.69205795	      1.40224661	    -13.61983451	     25.14245644	     -9.12236991	     -6.85115476	    -60.51942061	     17.40732348	      0.03909426	     -0.02099063	     -0.00247155	     12.80730897	      0.88697970	     -1.63139382	     -6.92768857	      3.46707955	     -0.87879496	    -13.15422386
      0.27000000	      6.78480778	     -6.31924426	     86.50071730	      0.34061215	      0.38235629	      0.95875738	     15.08759609	      7.78189576	     -5.92465899	    -18.86717280	     -0.67666538	     13.27848024	      0.04766606	     -0.02221645	      0.00242960	      0.05029042	     -0.39030880	      0.72970096	     -2.24591530	      1.70421465	      1.41080135	    -13.61151193	     25.68440280	     -8.97166303	     -6.91980166	    -59.47592013	     17.38595929	      0.03937848	     -0.02102600	     -0.00247155	     12.39621713	      0.86330097	     -1.55066201	     -6.96969052	      3.51888662	     -0.91991352	    -13.21074385
      0.27500000	      6.84876043	     -6.40821805	     86.80546916	      0.34006373	      0.38204827	      0.95960315	     14.47520007	      7.43782965	     -5.95495967	    -18.42196517	     -0.67706940	     13.13668031	      0.04773872	     -0.02223465	      0.00242960	     -0.17807059	     -0.40266790	      0.87000326	     -2.05916070	      1.75180672	      1.45604058	    -13.58854473	     26.14493467	     -8.64343761	     -6.93469074	    -58.35555376	     17.36058781	      0.03968154	     -0.02106415	     -0.00247155	     11.80415356	      0.94500032	     -1.53473685	     -6.98431101	      3.69542882	     -0.97847931	    -13.33839272
      0.28000000	      6.83085089	     -6.49923166	     86.95181807	      0.33947000	      0.38168701	      0.96041614	     13.85170781	      7.26339375	     -6.03307765	    -18.10175316	     -0.67683720	     13.03107237	      0.04779059	     -0.02224772	      0.00242960	     -0.38388139	     -0.39161083	      0.86742019	     -1.83449090	      1.75298327	      1.49607065	    -13.54718331	     26.50477527	     -8.47677597	     -6.88088332	    -57.17433180	     17.33095248	      0.03999865	     -0.02110458	     -0.00247155	     11.37763775	      1.07237629	     -1.65450203	     -6.93072780	      4.02161549	     -0.99411392	    -13.50534388
      0.28500000	      6.88012198	     -6.61853450	     86.94611724	      0.33878371	      0.38129643	      0.96085468	     13.50563037	      7.26364853	     -6.10122588	    -18.17419072	     -0.67660779	     13.05523868	      0.04777888	     -0.02224476	      0.00242960	     -0.48246368	     -0.36375236	      0.83195154	     -1.83356615	      1.73417312	      1.47736640	    -13.54557139	     27.03160023	     -8.56969903	     -6.91474651	    -56.09915370	     17.30130171	      0.04028510	     -0.02114158	     -0.00247155	     11.20964268	      1.02677220	     -1.63167008	     -6.93060726	      4.07071322	     -0.98630161	    -13.52213051
      0.29000000	      6.99132624	     -6.77165868	     87.01165614	      0.33809253	      0.38093568	      0.96123599	     13.15270737	      7.21148043	     -6.17744145	    -18.11017064	     -0.67650274	     13.03389598	      0.04778923	     -0.02224738	      0.00242960	     -0.63655148	     -0.33707096	      0.81641425	     -1.82265837	      1.72153071	      1.45645898	    -13.54351160	     27.51739284	     -8.55624698	     -6.96577948	    -54.82478464	     17.26258620	      0.04062175	     -0.02118570	     -0.00247155	     10.95820681	      0.99574158	     -1.59913815	     -6.92351474	      4.14842340	     -0.98008334	    -13.55029887
      0.29500000	      7.11409727	     -6.90948195	     87.12310951	      0.33741824	      0.38061193	      0.96158375	     12.76999718	      7.10468011	     -6.24225613	    -17.96960862	     -0.67650745	     12.98659279	      0.04781190	     -0.02225311	      0.00242960	     -0.80394909	     -0.31192407	      0.81543629	     -1.79323225	      1.71940187	      1.43904478	    -13.54012363	     27.96924111	     -8.47978257	     -7.02072108	    -53.46313688	     17.21681056	      0.04097800	     -0.02123320	     -0.00247155	     10.65558766	      0.98532253	     -1.59221775	     -6.92313832	      4.24189321	     -0.97924517	    -13.58740648
      0.30000000	      7.04571405	     -6.99126854	     87.47553533	      0.33691251	      0.38046946	      0.96235213	     11.82749780	      6.71869619	     -6.26497513	    -17.16563016	     -0.67604276	     12.70431839	      0.04794037	     -0.02228588	      0.00242960	     -1.01172685	     -0.26795125	      0.74636133	     -1.36176743	      1.75137021	      1.45862652	    -13.45867485	     28.02605205	     -7.91828889	     -6.81688060	    -51.78434082	     17.15371919	      0.04141210	     -0.02129231	     -0.00247155	     10.08889447	      1.30694320	     -2.01293005	     -6.92546576	      4.86598913	     -1.03483574	    -13.87885018
      0.30500000	      7.18906520	     -7.12898732	     87.59890765	      0.33622119	      0.38022169	      0.96250791	     11.44560937	      6.59090001	     -6.34182550	    -16.96114795	     -0.67518297	     12.62930066	      0.04797273	     -0.02229420	      0.00242960	     -1.15703993	     -0.27419354	      0.76123183	     -1.21332741	      1.71675656	      1.43158891	    -13.42480348	     28.42313256	     -7.82112751	     -6.87413870	    -50.27981808	     17.09057218	      0.04179617	     -0.02134584	     -0.00247155	      9.78534856	      1.27394977	     -2.04440067	     -7.00513135	      5.09220853	     -1.05204222	    -13.98406269
      0.31000000	      7.28813317	     -7.31207187	     87.56655796	      0.33548903	      0.37988220	      0.96255025	     11.10875045	      6.61948321	     -6.48050083	    -16.93352975	     -0.67464488	     12.61896599	      0.04797708	     -0.02229532	      0.00242960	     -1.30402968	     -0.25550679	      0.76791091	     -1.17432301	      1.69576271	      1.40298498	    -13.41725234	     28.81219151	     -7.90993428	     -6.88843555	    -48.81421470	     17.02272106	      0.04216563	     -0.02139853	     -0.00247155	      9.59042063	      1.21346467	     -2.08406925	     -7.07148956	      5.19084417	     -1.02649506	    -14.00429791
      0.31500000	      7.26136648	     -7.39129578	     87.77492233	      0.33487970	      0.37981237	      0.96289817	     10.43506271	      6.34674825	     -6.70937834	    -16.53455634	     -0.67331620	     12.46815907	      0.04803979	     -0.02231155	      0.00242960	     -1.49932365	     -0.30595583	      0.84469014	     -0.89574937	      1.68662879	      1.42079835	    -13.37513835	     28.86401506	     -7.58812618	     -6.80587896	    -46.97302013	     16.92814914	      0.04262301	     -0.02146555	     -0.00247155	      9.38895412	      1.32917287	     -2.34992059	     -7.33805256	      5.58841673	     -0.95167954	    -14.09172286
      0.32000000	      7.38440539	     -7.56021238	     87.67877809	      0.33412450	      0.37955166	      0.96266469	     10.13355910	      6.43568912	     -6.84884299	    -16.54155496	     -0.67264259	     12.47084629	      0.04803869	     -0.02231126	      0.00242960	     -1.66124284	     -0.29161889	      0.87801061	     -0.85642139	      1.67125377	      1.40206161	    -13.37395015	     29.27951529	     -7.76567485	     -6.83358356	    -45.46638055	     16.84261313	      0.04299148	     -0.02152114	     -0.00247155	      9.25729834	      1.26994386	     -2.36536062	     -7.41420089	      5.69686456	     -0.89741923	    -14.09316762
      0.32500000	      7.50351613	     -7.71024694	     87.66874517	      0.33342445	      0.37934908	      0.96244676	      9.76996888	      6.43205389	     -7.01461428	    -16.44218305	     -0.67209721	     12.43248814	      0.04805423	     -0.02231530	      0.00242960	     -1.84001622	     -0.29175371	      0.92853149	     -0.79974936	      1.66497913	      1.39347027	    -13.37442082	     29.60113479	     -7.82506803	     -6.89635054	    -43.78572032	     16.73812577	      0.04339616	     -0.02158398	     -0.00247155	      9.17715132	      1.25266728	     -2.45515755	     -7.49440517	      5.84470942	     -0.81251647	    -14.08893654
      0.33000000	      7.59036001	     -7.82491795	     87.70076038	      0.33272781	      0.37918108	      0.96220757	      9.34769853	      6.37434771	     -7.16754047	    -16.29634979	     -0.67150667	     12.37559414	      0.04807699	     -0.02232123	      0.00242960	     -2.03201952	     -0.29639867	      0.98774423	     -0.72074062	      1.66318266	      1.38976721	    -13.37665136	     29.84239160	     -7.82269317	     -6.94926905	    -42.00436343	     16.61642464	      0.04381753	     -0.02165162	     -0.00247155	      9.17665069	      1.27575014	     -2.59314964	     -7.58356861	      6.03082712	     -0.70376656	    -14.08470904
      0.33500000	      7.66289523	     -7.94572266	     87.69871839	      0.33201230	      0.37902477	      0.96183020	      8.91951176	      6.35654727	     -7.32262490	    -16.16734651	     -0.67079413	     12.32463189	      0.04809706	     -0.02232647	      0.00242960	     -2.22923070	     -0.28890361	      1.02400121	     -0.65239184	      1.65413816	      1.37562711	    -13.38128913	     30.07104300	     -7.85645124	     -7.00568338	    -40.23122110	     16.48353521	      0.04422897	     -0.02172007	     -0.00247155	      9.20333062	      1.30087886	     -2.74195308	     -7.68896848	      6.20553700	     -0.60052624	    -14.08057398
      0.34000000	      7.75114290	     -8.07131706	     87.66397171	      0.33134544	      0.37890062	      0.96134661	      8.51495735	      6.36855283	     -7.48463434	    -16.06707993	     -0.66995621	     12.28467591	      0.04811263	     -0.02233054	      0.00242960	     -2.43681583	     -0.27114536	      1.05457275	     -0.58641657	      1.64382932	      1.35136689	    -13.38747097	     30.27359956	     -7.92147602	     -7.05355994	    -38.39745612	     16.33320760	      0.04464584	     -0.02179209	     -0.00247155	      9.22633805	      1.31017267	     -2.86997902	     -7.81042503	      6.37309692	     -0.49730304	    -14.07327278
      0.34500000	      7.60895161	     -8.04528109	     87.93051388	      0.33077651	      0.37902580	      0.96140897	      7.67544597	      6.00741475	     -7.73457549	    -15.60305681	     -0.66571255	     12.09505625	      0.04818426	     -0.02234936	      0.00242960	     -2.63113747	     -0.30791464	      1.04996555	     -0.10926398	      1.61156142	      1.34043209	    -13.38212620	     29.92683368	     -7.42877447	     -6.79030639	    -35.94781364	     16.11089921	      0.04518867	     -0.02189006	     -0.00247155	      9.71691939	      1.66814069	     -3.07573037	     -8.66660911	      6.94148819	     -0.40207350	    -14.19923696
      0.35000000	      7.77101682	     -8.19022314	     87.67585692	      0.33012884	      0.37890510	      0.96043732	      7.43325829	      6.25851412	     -7.92647129	    -15.66343466	     -0.66442810	     12.12012092	      0.04817498	     -0.02234692	      0.00242960	     -2.84608383	     -0.26068586	      1.04893803	     -0.08925662	      1.57234867	      1.28325276	    -13.38943233	     30.35460482	     -7.80305926	     -6.86437676	    -34.38978067	     15.95608349	      0.04552534	     -0.02195328	     -0.00247155	      9.64213927	      1.57483270	     -3.05521008	     -8.80214153	      7.05293825	     -0.34855324	    -14.20106420
      0.35500000	      7.83351096	     -8.20279253	     87.83158715	      0.32965205	      0.37900814	      0.96002099	      6.87470223	      6.05403269	     -8.09911705	    -15.32664752	     -0.66053891	     11.97844408	      0.04822661	     -0.02236057	      0.00242960	     -3.01241323	     -0.32402712	      1.07436731	      0.22889344	      1.49231915	      1.22462929	    -13.38164836	     30.17216891	     -7.51745440	     -6.69097442	    -31.87218306	     15.68283879	      0.04605497	     -0.02205663	     -0.00247155	     10.01595541	      1.64777583	     -3.17663610	     -9.38321349	      7.57611468	     -0.11750223	    -14.22932719
      0.36000000	      7.95180099	     -8.32922274	     87.52510187	      0.32902702	      0.37892797	      0.95885976	      6.59091530	      6.34944709	     -8.29388107	    -15.40997318	     -0.65904761	     12.01387559	      0.04821387	     -0.02235719	      0.00242960	     -3.23895123	     -0.27468409	      1.07941806	      0.24436945	      1.44231218	      1.16009245	    -13.38928153	     30.58965137	     -7.94396935	     -6.76678363	    -30.37536266	     15.50629566	      0.04636124	     -0.02211865	     -0.00247155	      9.97020487	      1.53473938	     -3.15242559	     -9.55001289	      7.67836438	     -0.04875029	    -14.22108844
      0.36500000	      7.97109109	     -8.34899155	     87.61911771	      0.32853765	      0.37901523	      0.95830927	      6.00482604	      6.20915773	     -8.39484568	    -15.12533103	     -0.65119953	     11.89182547	      0.04825730	     -0.02236872	      0.00242960	     -3.43652686	     -0.36962777	      1.12636016	      0.70602979	      1.22953490	      1.05703667	    -13.38157102	     30.25336105	     -7.68174570	     -6.39484608	    -27.64281212	     15.15035837	      0.04690339	     -0.02223264	     -0.00247155	     10.57222471	      1.70211174	     -3.21971418	    -10.64389440	      8.38243010	      0.24005127	    -14.27334490
      0.37000000	      8.11433508	     -8.50393932	     87.33897058	      0.32792420	      0.37894524	      0.95693294	      5.74781560	      6.47990353	     -8.60204729	    -15.21306852	     -0.64950914	     11.92974969	      0.04824394	     -0.02236517	      0.00242960	     -3.65845710	     -0.31871804	      1.09749478	      0.69545702	      1.15734391	      0.98533200	    -13.39011490	     30.72391090	     -8.10490720	     -6.56842798	    -26.24376458	     14.94135434	      0.04717229	     -0.02229126	     -0.00247155	     10.50252726	      1.58789508	     -3.17909561	    -10.79405377	      8.49586077	      0.30192082	    -14.26972506
      0.37500000	      8.28555782	     -8.63850648	     87.12767449	      0.32735039	      0.37885181	      0.95563531	      5.48896650	      6.68522873	     -8.69483240	    -15.25177198	     -0.64752078	     11.94638937	      0.04823804	     -0.02236360	      0.00242960	     -3.90155455	     -0.29465299	      1.14864433	      0.74430761	      1.10026600	      0.91944152	    -13.39992304	     30.98690335	     -8.41542666	     -6.68746037	    -24.41443336	     14.62835366	      0.04751486	     -0.02236802	     -0.00247155	     10.48381872	      1.43035010	     -3.08784162	    -10.90685324	      8.70456245	      0.45282608	    -14.24617544
      0.38000000	      8.29808268	     -8.74279399	     87.28329504	      0.32683698	      0.37894928	      0.95488793	      4.97969404	      6.46941930	     -8.70169255	    -15.12387878	     -0.64016746	     11.89117084	      0.04825752	     -0.02236878	      0.00242960	     -4.05265295	     -0.33516922	      1.10521799	      1.08374536	      0.89776773	      0.78373889	    -13.40448513	     30.51980812	     -8.16318002	     -6.58773984	    -21.55063182	     14.01941620	      0.04803018	     -0.02248812	     -0.00247155	     11.03830688	      1.43554309	     -3.23573589	    -11.60128148	      9.36371974	      0.84193738	    -14.22537438
      0.38500000	      8.47273449	     -8.86034440	     86.96061622	      0.32626836	      0.37899016	      0.95328383	      4.74661016	      6.77294306	     -8.85957019	    -15.20822688	     -0.63786453	     11.92765602	      0.04824468	     -0.02236537	      0.00242960	     -4.28550982	     -0.27310300	      1.11966905	      1.12702259	      0.83478552	      0.70084639	    -13.41505636	     31.00582929	     -8.60492877	     -6.77372795	    -20.16602890	     13.66043188	      0.04826997	     -0.02254601	     -0.00247155	     10.86372595	      1.33432645	     -3.10272608	    -11.76052577	      9.51412114	      0.89430142	    -14.24648618
      0.39000000	      8.51541093	     -8.97474072	     86.98035921	      0.32581189	      0.37897705	      0.95225442	      4.30540753	      6.71046202	     -8.86466643	    -15.17276274	     -0.62844787	     11.91234801	      0.04825008	     -0.02236680	      0.00242960	     -4.44094705	     -0.26800207	      1.04993718	      1.51921960	      0.60310291	      0.48490829	    -13.42697849	     30.70031796	     -8.55531459	     -6.84099297	    -17.62204992	     12.86707553	      0.04869436	     -0.02265184	     -0.00247155	     11.16662654	      1.28455808	     -3.13367806	    -12.32868282	     10.28377959	      1.25179918	    -14.32730279
      0.39500000	      8.68367040	     -9.05604199	     86.65373146	      0.32525057	      0.37905108	      0.95057011	      4.06727726	      7.01092899	     -9.04337281	    -15.27341781	     -0.62650574	     11.95567787	      0.04823474	     -0.02236272	      0.00242960	     -4.66518366	     -0.19900873	      1.03933118	      1.53317896	      0.54946664	      0.40321377	    -13.43871542	     31.29376882	     -8.98332169	     -7.11660305	    -16.52199371	     12.46336855	      0.04887143	     -0.02269738	     -0.00247155	     10.87122274	      1.18024991	     -2.99844318	    -12.43303193	     10.38194493	      1.25559837	    -14.36755731
      0.40000000	      8.85661766	     -9.14516991	     86.42189394	      0.32478160	      0.37906974	      0.94898816	      3.80651162	      7.22264003	     -9.09304491	    -15.33958492	     -0.62398687	     11.98395921	      0.04822463	     -0.02236004	      0.00242960	     -4.88990027	     -0.15354274	      1.07924880	      1.61576289	      0.51058939	      0.31953820	    -13.45340399	     31.65027636	     -9.28718464	     -7.41421807	    -15.03082590	     11.85063213	      0.04910531	     -0.02275892	     -0.00247155	     10.54227983	      1.02749714	     -2.77468861	    -12.41397977	     10.63660158	      1.35720015	    -14.41017434
      0.40500000	      8.97648789	     -9.19759411	     86.20006106	      0.32430636	      0.37915863	      0.94743365	      3.51004642	      7.40611570	     -9.21900817	    -15.44423800	     -0.62229879	     12.02837193	      0.04820862	     -0.02235580	      0.00242960	     -5.06581806	     -0.09990952	      1.03169630	      1.63337223	      0.46856429	      0.24529925	    -13.46598795	     32.09487383	     -9.55927914	     -7.79669028	    -13.86403863	     11.31467518	      0.04928343	     -0.02280691	     -0.00247155	     10.26650248	      0.90265236	     -2.64431650	    -12.39777224	     10.79045299	      1.42090432	    -14.43657410
      0.41000000	      9.10197536	     -9.35263353	     86.10754855	      0.32400367	      0.37915096	      0.94608342	      3.17588933	      7.44868059	     -9.12641005	    -15.48680819	     -0.61864777	     12.04632375	      0.04820210	     -0.02235408	      0.00242960	     -5.28213192	     -0.06153962	      1.09037843	      1.83632173	      0.45293979	      0.14298464	    -13.49143412	     32.03839640	     -9.69203266	     -8.24687751	    -11.89064819	     10.28489754	      0.04957499	     -0.02288776	     -0.00247155	      9.91767078	      0.66559702	     -2.35193499	    -12.12201023	     11.28511273	      1.68416926	    -14.48334700
      0.41500000	      9.17063626	     -9.42834866	     85.95437118	      0.32357837	      0.37927260	      0.94465826	      2.82955693	      7.53745487	     -9.22514409	    -15.61631037	     -0.61605362	     12.10054117	      0.04818222	     -0.02234883	      0.00242960	     -5.43974877	     -0.00926858	      1.01135342	      1.91048853	      0.40561291	      0.04351364	    -13.51216372	     32.32703217	     -9.86852501	     -8.67426868	    -10.69083962	      9.57721120	      0.04974635	     -0.02293673	     -0.00247155	      9.65325346	      0.53175074	     -2.24491538	    -11.99463407	     11.52015146	      1.79602165	    -14.52592013
      0.42000000	      9.05575723	     -9.49395181	     86.12422550	      0.32328922	      0.37950065	      0.94362243	      2.26055712	      7.20375484	     -9.32642649	    -15.71495266	     -0.54627271	     12.14149337	      0.04816705	     -0.02234483	      0.00242960	     -5.57159116	     -0.22019973	      0.71833683	      4.30856331	     -0.77831329	     -1.29125015	    -13.93554966	     31.62007399	     -9.53852221	     -8.74497495	     -8.07157293	      7.79807973	      0.05010512	     -0.02304314	     -0.00247155	     10.26236350	      0.45699872	     -2.45782387	    -12.31825135	     12.53668446	      1.80449028	    -15.82884160
      0.42500000	      9.14116693	     -9.43438184	     85.97554618	      0.32280449	      0.37983104	      0.94211373	      1.97489947	      7.29429152	     -9.34233887	    -15.92320333	     -0.54563688	     12.22665282	      0.04813491	     -0.02233638	      0.00242960	     -5.63146675	     -0.18074718	      0.68060026	      4.27693046	     -0.79417606	     -1.30604785	    -13.94369665	     32.30780308	     -9.65201847	     -8.97176003	     -7.74035218	      7.54875819	      0.05014900	     -0.02305654	     -0.00247155	     10.00033971	      0.43991009	     -2.32418748	    -12.30665491	     12.52730965	      1.76093670	    -15.85628929
      0.43000000	      9.18576682	     -9.66534321	     85.90764738	      0.32270492	      0.37982985	      0.94080582	      1.60275602	      7.25228523	     -9.27429955	    -16.08893971	     -0.53764678	     12.29339564	      0.04810924	     -0.02232965	      0.00242960	     -5.88728246	     -0.07892709	      0.69850556	      4.35632810	     -0.81682571	     -1.30500946	    -14.02342683	     32.22996356	     -9.78838474	     -9.77503616	     -6.33968535	      6.43040892	      0.05033082	     -0.02311308	     -0.00247155	      9.17852227	      0.27783153	     -1.99574738	    -11.45340802	     13.06718095	      1.81445739	    -16.06927177
      0.43500000	      9.25878706	     -9.62388355	     85.82122789	      0.32228549	      0.38015444	      0.93935666	      1.32938047	      7.25359646	     -9.21111170	    -16.35188667	     -0.53728194	     12.39732988	      0.04806833	     -0.02231897	      0.00242960	     -5.88522987	     -0.06119731	      0.68505955	      4.35555704	     -0.80940475	     -1.30292134	    -14.02940659	     32.88768642	     -9.82652215	     -9.86052880	     -6.20192319	      6.31462895	      0.05034838	     -0.02311863	     -0.00247155	      9.01437176	      0.27495929	     -1.91159098	    -11.43723292	     13.02422986	      1.77674433	    -16.08637793
      0.44000000	      9.48957776	     -9.74170637	     85.63363543	      0.32218487	      0.38038195	      0.93773112	      1.18004853	      7.35168726	     -9.28150085	    -16.56043856	     -0.53566893	     12.47809682	      0.04803573	     -0.02231050	      0.00242960	     -6.04600905	      0.02305060	      0.67967330	      4.36813588	     -0.79859587	     -1.33510324	    -14.05386534	     33.34766240	    -10.01808097	    -10.13520606	     -5.59286373	      5.79029644	      0.05042532	     -0.02314313	     -0.00247155	      8.19484819	      0.33396203	     -1.62056105	    -11.27362449	     13.10560481	      1.63834261	    -16.21964350
      0.44500000	      9.24115056	     -9.87239710	     85.68805342	      0.32212063	      0.38055951	      0.93674474	      0.69640919	      7.06982771	     -9.22208215	    -17.13504973	     -0.52997026	     12.69314472	      0.04794521	     -0.02228712	      0.00242960	     -6.26832701	      0.11377927	      0.73232961	      4.61280490	     -0.66755818	     -1.36091661	    -14.14298326	     33.16589894	     -9.92940571	    -10.71898998	     -4.96900239	      5.23147943	      0.05050295	     -0.02316817	     -0.00247155	      7.51684757	      0.50767678	     -1.63971262	    -10.39643452	     13.55835344	      1.56888644	    -16.48456347
      0.45000000	      9.29573039	     -9.90402965	     85.62801800	      0.32195819	      0.38080043	      0.93546946	      0.35898996	      7.01634687	     -9.18500801	    -17.31916807	     -0.52981741	     12.75977487	      0.04791599	     -0.02227963	      0.00242960	     -6.24748660	      0.11086889	      0.74890341	      4.62755994	     -0.65816036	     -1.35634196	    -14.14592230	     33.57018939	     -9.93443437	    -10.72957397	     -4.86060127	      5.13205056	      0.05051632	     -0.02317252	     -0.00247155	      7.44248478	      0.51273389	     -1.64807031	    -10.39553642	     13.55521762	      1.55096359	    -16.49551551
      0.45500000	      9.34612300	     -9.87356216	     85.57631833	      0.32197374	      0.38111253	      0.93421822	      0.05450192	      6.96100153	     -9.04952539	    -17.59871514	     -0.52908175	     12.85887578	      0.04787142	     -0.02226824	      0.00242960	     -6.23268319	      0.13734494	      0.82291004	      4.72872646	     -0.59197459	     -1.33960454	    -14.16054830	     33.84270242	     -9.85592780	    -10.70140507	     -4.72633890	      5.00802697	      0.05053283	     -0.02317790	     -0.00247155	      7.03082351	      0.57943065	     -1.65140440	    -10.37309119	     13.56000690	      1.43315210	    -16.58300870
      0.46000000	      9.43877781	     -9.94591055	     85.52231157	      0.32202631	      0.38127211	      0.93300286	     -0.26000696	      6.90344288	     -9.03311982	    -17.75365402	     -0.52904088	     12.91274404	      0.04784660	     -0.02226192	      0.00242960	     -6.21221787	      0.13484553	      0.82291351	      4.73134213	     -0.58916983	     -1.33736523	    -14.16165717	     34.09808377	     -9.84962408	    -10.69562600	     -4.66223001	      4.94839839	      0.05054069	     -0.02318047	     -0.00247155	      7.00719493	      0.58404401	     -1.65647020	    -10.37206358	     13.56098389	      1.42921269	    -16.58535221
      0.46500000	      9.13721142	    -10.03002500	     85.52951396	      0.32200867	      0.38143088	      0.93218591	     -0.71647709	      6.64803563	     -8.77196353	    -18.44167739	     -0.52726188	     13.14313687	      0.04773552	     -0.02223384	      0.00242960	     -6.16726109	      0.25661777	      0.88400763	      4.99899655	     -0.39943203	     -1.30981759	    -14.20539648	     33.96364015	     -9.75442027	    -10.53517626	     -4.91540021	      5.18238146	      0.05050956	     -0.02317032	     -0.00247155	      6.50185834	      0.78748592	     -1.93239455	    -10.33128948	     13.58322580	      1.21184308	    -16.75242914
      0.47000000	      9.27865258	    -10.06997919	     85.47025411	      0.32230376	      0.38156157	      0.93103947	     -0.99194345	      6.59608808	     -8.74873810	    -18.58634801	     -0.52720634	     13.18969940	      0.04771196	     -0.02222793	      0.00242960	     -6.14890055	      0.25484796	      0.88836689	      5.00765440	     -0.39290721	     -1.30674242	    -14.20711978	     34.10279950	     -9.72924105	    -10.52571620	     -4.89038458	      5.15942601	      0.05051265	     -0.02317132	     -0.00247155	      6.50059288	      0.79106706	     -1.94065823	    -10.32713010	     13.58553599	      1.21103560	    -16.75373648
      0.47500000	      8.80088403	     -9.99385048	     85.57826217	      0.32240525	      0.38196983	      0.93038809	     -1.47171382	      6.11150310	     -8.95083010	    -19.66780147	     -0.52183965	     13.51932189	      0.04753382	     -0.02218368	      0.00242960	     -6.42969717	      0.39957295	      0.92869351	      5.70596455	      0.04961581	     -1.35188704	    -14.38487858	     33.95439019	     -9.45724405	    -10.33990163	     -5.77495889	      5.94931458	      0.05040244	     -0.02313581	     -0.00247155	      6.42895177	      0.86241782	     -2.29250077	    -10.23221955	     13.55776019	      0.89812775	    -16.99125479
      0.48000000	      8.76929857	    -10.02014035	     85.63585759	      0.32279162	      0.38210986	      0.92956369	     -1.83137361	      5.90060904	     -8.68395221	    -20.00305005	     -0.52136488	     13.61493850	      0.04747784	     -0.02216994	      0.00242960	     -6.25771184	      0.32637745	      1.02178944	      5.86997424	      0.13391844	     -1.30242861	    -14.40405536	     33.87227744	     -9.29732143	    -10.17740953	     -6.03476613	      6.17287696	      0.05036961	     -0.02312536	     -0.00247155	      6.69333126	      0.81094193	     -2.34554552	    -10.20097881	     13.55619082	      0.93158593	    -16.97656914
      0.48500000	      8.59257028	    -10.03339159	     85.70388113	      0.32314064	      0.38244987	      0.92898054	     -2.26077248	      5.62574298	     -8.45917549	    -20.47788246	     -0.52071616	     13.74536729	      0.04739794	     -0.02215045	      0.00242960	     -6.02255570	      0.28612206	      1.04707390	      6.06210811	      0.23638590	     -1.25398998	    -14.43137245	     33.67330030	     -9.07455101	     -9.97184731	     -6.47283457	      6.54123034	      0.05031380	     -0.02310772	     -0.00247155	      7.04386756	      0.73770319	     -2.50993550	    -10.26439233	     13.48781994	      0.94317773	    -16.95201891
      0.49000000	      8.45764815	    -10.02672919	     85.80523742	      0.32368606	      0.38274350	      0.92839748	     -2.65541814	      5.32341892	     -8.25623389	    -20.94869079	     -0.52013764	     13.86906690	      0.04731800	     -0.02213111	      0.00242960	     -5.79662528	      0.27638733	      1.07743144	      6.25998622	      0.34834784	     -1.20637557	    -14.45804412	     33.44581881	     -8.81729897	     -9.68538902	     -6.94371794	      6.92556455	      0.05025315	     -0.02308873	     -0.00247155	      7.33734274	      0.68373932	     -2.60310094	    -10.33326016	     13.40749059	      0.93267526	    -16.93179913
      0.49500000	      8.14727667	    -10.01879424	     86.05763616	      0.32429506	      0.38323992	      0.92771073	     -2.91051705	      4.60146587	     -8.86983370	    -22.14170235	     -0.50236344	     14.15897730	      0.04711233	     -0.02208201	      0.00242960	     -6.13248252	     -0.15450399	      0.78322566	      8.33346233	      0.55957365	     -1.69465813	    -15.65594409	     33.41418295	     -8.44948841	     -9.79124161	     -8.27851527	      7.95094468	      0.05007754	     -0.02303475	     -0.00247155	      7.71287219	      0.70373015	     -2.43369113	    -10.43048411	     12.91748522	     -0.35057392	    -17.01390355
      0.50000000	      8.01230271	     -9.93190266	     86.09981867	      0.32495385	      0.38368406	      0.92719607	     -3.23774565	      4.36570118	     -8.67277127	    -22.71327722	     -0.50163824	     14.28659229	      0.04701220	     -0.02205846	      0.00242960	     -5.70760655	     -0.14017980	      0.75204273	      8.46811390	      0.61673630	     -1.62109105	    -15.70190246	     33.19533531	     -8.19472579	     -9.30470467	     -8.85763753	      8.36729138	      0.04999965	     -0.02301128	     -0.00247155	      8.34153450	      0.65536469	     -2.45450923	    -10.31277641	     12.89722760	     -0.27872056	    -16.93003952
      0.50500000	      7.88762532	     -9.88046218	     86.22210232	      0.32567720	      0.38409145	      0.92672362	     -3.49612616	      4.00477468	     -8.58337162	    -23.39525317	     -0.50059802	     14.43016814	      0.04689141	     -0.02203033	      0.00242960	     -5.23103987	     -0.06152032	      0.73092298	      8.67356529	      0.74019499	     -1.52050916	    -15.77290599	     33.07059103	     -7.88971659	     -8.91819511	     -9.61404350	      8.88603972	      0.04989638	     -0.02298056	     -0.00247155	      9.28211861	      0.65741845	     -2.47295969	    -10.14047940	     12.80837655	     -0.23127618	    -16.80432923
      0.51000000	      7.72938958	     -9.81528781	     86.34875313	      0.32639300	      0.38446128	      0.92633149	     -3.72957776	      3.64109041	     -8.45643317	    -24.19029565	     -0.49965001	     14.58636851	      0.04674878	     -0.02199754	      0.00242960	     -4.71515171	     -0.00398983	      0.69716859	      8.86889873	      0.87678639	     -1.40817703	    -15.83276624	     32.95906169	     -7.60360960	     -8.55632910	    -10.37412175	      9.37956458	      0.04979085	     -0.02294963	     -0.00247155	     10.47375877	      0.67326733	     -2.37449486	     -9.79011927	     12.81885359	     -0.07213803	    -16.64729250
      0.51500000	      7.84524649	     -9.78575727	     86.64179327	      0.32702469	      0.38490590	      0.92554592	     -3.39565548	      3.03337384	     -8.60881956	    -25.49666613	     -0.49586236	     14.81954742	      0.04651021	     -0.02194364	      0.00242960	     -4.23288444	      0.13926496	      0.73306590	      9.33993897	      1.27596641	     -1.16093772	    -16.15514414	     33.21958362	     -7.23308599	     -8.29895791	    -11.21346283	      9.89334464	      0.04967225	     -0.02291542	     -0.00247155	     11.87529002	      0.69978669	     -2.09917013	     -9.08068206	     12.39018058	     -0.38651008	    -16.45633458
      0.52000000	      7.69134790	     -9.74160957	     86.79556430	      0.32781417	      0.38517037	      0.92540472	     -3.66066088	      2.71604855	     -8.27231759	    -26.15849440	     -0.49540998	     14.92780137	      0.04638737	     -0.02191634	      0.00242960	     -3.76110748	      0.07495895	      0.71001208	      9.45027223	      1.35573470	     -1.05859967	    -16.18928050	     32.99097186	     -6.96595630	     -7.82646312	    -11.70061351	     10.17697903	      0.04960242	     -0.02289553	     -0.00247155	     12.54743591	      0.71221270	     -1.80543067	     -8.66711677	     12.50950104	     -0.23884698	    -16.38091979
      0.52500000	      7.56142238	     -9.66153099	     87.02866169	      0.32839347	      0.38558189	      0.92525730	     -3.41777439	      2.16746183	     -8.42807806	    -27.64495033	     -0.49320544	     15.15062060	      0.04610670	     -0.02185512	      0.00242960	     -2.61681044	      0.13616675	      0.49331821	      9.68300826	      1.64471362	     -0.76830939	    -16.38172946	     32.95701271	     -6.67243251	     -7.78039785	    -12.48256381	     10.61066930	      0.04948880	     -0.02286355	     -0.00247155	     13.56872254	      0.85764917	     -1.65609646	     -7.88120452	     12.34700827	     -0.40717129	    -16.34317378
      0.53000000	      7.50862744	     -9.60301868	     87.34718966	      0.32905121	      0.38596935	      0.92509928	     -3.13153720	      1.57339618	     -8.41223925	    -29.02284518	     -0.49073343	     15.33701785	      0.04584072	     -0.02179851	      0.00242960	     -1.65695040	      0.15683112	      0.41376430	      9.86525282	      1.98900059	     -0.40112855	    -16.66161124	     32.91977355	     -6.31923049	     -7.69300469	    -13.26483235	     11.01885735	      0.04937325	     -0.02283150	     -0.00247155	     13.87499298	      0.93231941	     -1.45694682	     -7.14571860	     11.95475453	     -0.90522217	    -16.45909606
      0.53500000	      7.25601064	     -9.50519967	     87.53217416	      0.32968587	      0.38639163	      0.92546549	     -3.17341448	      1.19545659	     -8.19734339	    -30.10809440	     -0.48983381	     15.47363599	      0.04562726	     -0.02175407	      0.00242960	     -0.76230343	      0.09121644	      0.20685669	      9.90634527	      2.10192133	     -0.19964746	    -16.74600878	     32.59598534	     -6.03359861	     -7.41709861	    -13.93952026	     11.35084970	      0.04927203	     -0.02280381	     -0.00247155	     14.15178861	      0.95329966	     -1.33424251	     -6.83029142	     11.87162110	     -1.00683663	    -16.48012243
      0.54000000	      7.23127005	     -9.47384411	     87.88463205	      0.33034887	      0.38686810	      0.92544224	     -2.67089723	      0.50808382	     -8.34200196	    -31.71445259	     -0.48759108	     15.66473557	      0.04530513	     -0.02168859	      0.00242960	      0.83506409	      0.10694393	      0.04221523	      9.97968444	      2.52238093	      0.40795447	    -17.06312067	     32.67797927	     -5.72798831	     -7.71278577	    -15.06383459	     11.86504322	      0.04910021	     -0.02275756	     -0.00247155	     14.17881569	      1.04430584	     -1.31043305	     -6.32157723	     11.43482283	     -1.55616220	    -16.60342219
      0.54500000	      7.09645969	     -9.41414397	     88.12362914	      0.33103995	      0.38737245	      0.92550299	     -2.24720587	     -0.03193650	     -8.36481786	    -33.38073693	     -0.48310088	     15.85005901	      0.04496326	     -0.02162114	      0.00242960	      2.26775818	      0.07823133	     -0.06044988	      9.37843699	      3.19581471	      1.70969798	    -18.02897308	     32.84028780	     -5.57749395	     -8.12916197	    -16.57226792	     12.48267356	      0.04886342	     -0.02269531	     -0.00247155	     14.09709473	      0.86433949	     -1.25300856	     -5.10785307	     10.71086109	     -2.38237827	    -16.64885874
      0.55000000	      6.81730414	     -9.32495334	     88.39300421	      0.33176451	      0.38798309	      0.92605084	     -2.06665309	     -0.57188406	     -8.28675304	    -34.80289394	     -0.48121577	     15.99817925	      0.04466537	     -0.02156404	      0.00242960	      4.04611435	      0.02037068	     -0.33772379	      9.07436233	      3.44570560	      2.36775015	    -18.44448335	     32.50892052	     -5.24086787	     -8.13801661	    -17.43425668	     12.80087779	      0.04872486	     -0.02265962	     -0.00247155	     14.09972324	      0.86985017	     -1.42978636	     -4.84055853	     10.43434649	     -2.60088743	    -16.57290677
      0.55500000	      6.53024804	     -9.25658416	     88.53261956	      0.33238379	      0.38856543	      0.92643209	     -1.78021098	     -0.95751359	     -8.10099437	    -36.30982866	     -0.46085114	     16.14534095	      0.04434366	     -0.02150409	      0.00242960	      5.99900508	      0.36732562	     -0.13851681	      5.06135682	      5.69510504	      6.54017213	    -23.99084531	     32.40723182	     -5.10531198	     -8.42634195	    -18.75483000	     13.24322975	      0.04850796	     -0.02260480	     -0.00247155	     13.56636457	      0.67580317	     -1.66235230	     -2.78264513	      8.59820892	     -3.22768445	    -14.92027025
      0.56000000	      6.17371626	     -9.17375808	     88.73878838	      0.33294817	      0.38926442	      0.92701585	     -1.56644907	     -1.41765869	     -7.89170933	    -37.94631993	     -0.45957265	     16.29414556	      0.04398737	     -0.02143973	      0.00242960	      7.37486663	      0.35911330	     -0.49697100	      5.14042383	      5.71454986	      6.59166126	    -24.07442360	     31.95271430	     -4.72444457	     -8.09483535	    -19.47022003	     13.46151077	      0.04838811	     -0.02257502	     -0.00247155	     13.53281420	      0.68343625	     -1.74371295	     -2.89553643	      8.50206451	     -3.26706054	    -14.91701034
      0.56500000	      5.90950401	     -9.10001210	     88.99216806	      0.33338989	      0.38997861	      0.92748883	     -1.17864991	     -1.93319023	     -7.66115426	    -39.64935188	     -0.45822892	     16.43729575	      0.04360909	     -0.02137367	      0.00242960	      8.78349420	      0.39606704	     -0.77843478	      5.24485278	      5.75252558	      6.63339229	    -24.14289299	     31.60287683	     -4.27985819	     -7.76369006	    -20.20560156	     13.67133149	      0.04826320	     -0.02254435	     -0.00247155	     13.38634327	      0.64185550	     -1.73879066	     -3.06060034	      8.35551201	     -3.34288409	    -14.92015332
      0.57000000	      6.06817168	     -9.05613762	     89.46806859	      0.33385668	      0.39084153	      0.92734424	     -0.24300130	     -2.71049099	     -7.53012931	    -41.44572589	     -0.45566089	     16.57584203	      0.04320193	     -0.02130513	      0.00242960	     10.59073896	      0.55089481	     -0.83741157	      5.41958971	      5.80945254	      6.43756841	    -24.37951314	     31.70464148	     -3.65602328	     -7.64498619	    -21.01935162	     13.88716144	      0.04812291	     -0.02251035	     -0.00247155	     13.07700688	      0.47379828	     -1.74438325	     -3.57630542	      7.94778688	     -3.42125282	    -14.82783895
      0.57500000	      5.75777258	     -8.96598824	     89.58036382	      0.33416702	      0.39163289	      0.92792234	      0.04764572	     -2.97071428	     -7.05040469	    -42.99486211	     -0.45417696	     16.68551436	      0.04284429	     -0.02124694	      0.00242960	     11.20943282	      0.52831420	     -0.96906891	      5.32779299	      5.70981176	      6.31188738	    -24.43690542	     31.26078064	     -3.29472832	     -7.19292933	    -21.63377775	     14.03951016	      0.04801558	     -0.02248464	     -0.00247155	     13.03605755	      0.35730586	     -1.55001889	     -3.64078115	      7.86847798	     -3.39324947	    -14.79242811
      0.58000000	      5.75055862	     -8.98402484	     90.04871654	      0.33439013	      0.39236596	      0.92794733	      0.87062081	     -3.60893394	     -6.57319438	    -44.84284538	     -0.45162420	     16.80502182	      0.04241002	     -0.02117859	      0.00242960	     12.19496587	      0.41080520	     -1.09443008	      4.99481034	      5.34188115	      5.85160846	    -24.55833005	     31.15239666	     -2.68295938	     -7.20723604	    -22.38017176	     14.21302976	      0.04788358	     -0.02245337	     -0.00247155	     12.65955492	      0.20166117	     -1.60762620	     -4.18045708	      7.46317553	     -3.46397548	    -14.68649178
      0.58500000	      5.49658089	     -8.91573439	     90.11265157	      0.33457973	      0.39306465	      0.92845661	      1.29284249	     -3.79398258	     -6.12176620	    -46.39887847	     -0.44999578	     16.89646988	      0.04203808	     -0.02112188	      0.00242960	     12.62777613	      0.31743896	     -1.14002766	      4.77240472	      5.11349788	      5.62125533	    -24.60050754	     30.73040376	     -2.41929179	     -6.94103796	    -22.91454733	     14.32995330	      0.04778799	     -0.02243096	     -0.00247155	     12.56901707	      0.11424043	     -1.45790221	     -4.29939725	      7.35487719	     -3.44061669	    -14.62879788
      0.59000000	      5.29135281	     -8.94720844	     90.28776027	      0.33465641	      0.39368829	      0.92880172	      1.90830205	     -4.14221714	     -5.72606669	    -48.12272387	     -0.44817306	     16.98844784	      0.04161954	     -0.02105989	      0.00242960	     13.13910102	      0.16537215	     -1.29455026	      4.38706927	      4.74061404	      5.30438929	    -24.63294425	     30.35014226	     -2.11048411	     -6.93752790	    -23.48725823	     14.44884084	      0.04768453	     -0.02240693	     -0.00247155	     12.29240425	      0.07199455	     -1.45929438	     -4.57331923	      7.14310038	     -3.50976289	    -14.57712935
      0.59500000	      5.15469963	     -9.00207589	     90.45835642	      0.33476984	      0.39425700	      0.92904592	      2.61576094	     -4.49375222	     -5.40070956	    -49.81082249	     -0.44636251	     17.06955299	      0.04120333	     -0.02099997	      0.00242960	     13.63362848	      0.03820353	     -1.41295853	      3.98203995	      4.34334946	      4.95989120	    -24.65557109	     29.99735355	     -1.84551224	     -7.05363914	    -23.99714844	     14.54946897	      0.04759155	     -0.02238554	     -0.00247155	     11.95752283	      0.04285960	     -1.43660035	     -4.85554243	      6.91913073	     -3.59578354	    -14.51956983
      0.60000000	      5.36217803	     -9.18000016	     90.87914959	      0.33488356	      0.39471078	      0.92878032	      3.79822772	     -5.06040294	     -5.00793207	    -51.57705153	     -0.44329362	     17.14539693	      0.04076136	     -0.02093805	      0.00242960	     14.44332150	     -0.03689774	     -1.21537074	      3.26865217	      3.54827762	      4.03566130	    -24.69146780	     29.98140626	     -1.48307495	     -7.68441764	    -24.56192466	     14.65552017	      0.04748762	     -0.02236183	     -0.00247155	     11.34494677	     -0.01778544	     -1.24597895	     -5.40869717	      6.43634090	     -3.64143915	    -14.24374346
      0.60500000	      5.32232993	     -9.27626199	     90.82558382	      0.33485780	      0.39513040	      0.92897774	      4.59797492	     -5.05114675	     -4.62909027	    -53.01971501	     -0.43480985	     17.20095796	      0.04039565	     -0.02088801	      0.00242960	     15.74494739	      0.61805114	     -0.69424853	      2.44414732	      2.55197986	      1.02432276	    -24.77683133	     29.83068914	     -1.56915995	     -8.07627875	    -25.30598152	     14.78720343	      0.04734919	     -0.02233060	     -0.00247155	     10.69773344	     -0.10523345	     -0.63366870	     -5.91443619	      5.67246896	     -2.74250280	    -12.80457292
      0.61000000	      5.06044495	     -9.31499985	     90.68946126	      0.33490221	      0.39571351	      0.92958590	      5.16210819	     -5.13001097	     -4.51666461	    -54.43917503	     -0.43338837	     17.25017418	      0.04003173	     -0.02083922	      0.00242960	     15.91444337	      0.71600896	     -0.95055805	      2.28203042	      2.48543378	      0.85120355	    -24.78596546	     29.21904401	     -1.54002374	     -7.93820428	    -25.59115007	     14.83538493	      0.04729568	     -0.02231864	     -0.00247155	     10.45203457	     -0.12752812	     -0.52440995	     -5.95026153	      5.61638070	     -2.76444607	    -12.77752698
      0.61500000	      4.88515564	     -9.46173052	     90.72254716	      0.33477554	      0.39619540	      0.93001734	      5.93347047	     -5.32894336	     -4.24558633	    -55.93923485	     -0.43171893	     17.29663030	      0.03964287	     -0.02078809	      0.00242960	     16.07933069	      0.80818344	     -1.40147992	      1.93246076	      2.31695695	      0.57814330	    -24.78690536	     28.69443869	     -1.40900330	     -8.02781755	    -25.91788609	     14.88914644	      0.04723406	     -0.02230493	     -0.00247155	      9.93935005	     -0.13080483	     -0.46032255	     -6.11033955	      5.45056621	     -2.88543845	    -12.75940172
      0.62000000	      4.96368033	     -9.70136598	     90.76029208	      0.33469078	      0.39631046	      0.93022242	      6.86892784	     -5.16667811	     -3.43601885	    -57.05830330	     -0.39100972	     17.32787609	      0.03935009	     -0.02075021	      0.00242960	     17.53874388	      1.12608516	     -1.04992457	     -0.71077152	      5.68429336	     -5.94245521	    -24.10466158	     28.58086800	     -1.56893150	     -8.92412847	    -26.77432531	     15.02330182	      0.04707101	     -0.02226902	     -0.00247155	      7.59744866	     -0.10042679	     -0.30409838	     -4.79696213	      2.72080029	     -0.38512839	     -8.06293872
      0.62500000	      4.78657668	     -9.77069523	     90.57549766	      0.33453267	      0.39676785	      0.93099436	      7.55895799	     -5.11076594	     -3.29942968	    -58.24387762	     -0.38971451	     17.35791386	      0.03903746	     -0.02071030	      0.00242960	     17.54816785	      1.06863058	     -1.34903698	     -1.02475375	      5.52934713	     -6.04119278	    -24.10656714	     28.01764781	     -1.63478371	     -8.88096700	    -26.98425958	     15.05476702	      0.04703069	     -0.02226022	     -0.00247155	      7.35651670	     -0.10978532	     -0.28109588	     -4.86024754	      2.63685159	     -0.48567258	     -8.10947624
      0.63000000	      4.74063783	     -9.89107771	     90.56688667	      0.33433763	      0.39712254	      0.93160818	      8.44043168	     -5.05733563	     -2.86908891	    -59.44328746	     -0.38808396	     17.38525669	      0.03871867	     -0.02067014	      0.00242960	     17.47219520	      0.94000780	     -1.72039230	     -1.56919457	      5.24848031	     -6.19142555	    -24.10093084	     27.55409472	     -1.56338569	     -9.01355757	    -27.16923763	     15.08208501	      0.04699506	     -0.02225247	     -0.00247155	      6.86182309	     -0.10148975	     -0.25537028	     -5.00320718	      2.46640120	     -0.68603420	     -8.18712091
      0.63500000	      4.77404877	     -9.99779565	     90.54171822	      0.33410343	      0.39741535	      0.93230543	      9.38150731	     -4.96466875	     -2.45035296	    -60.50389489	     -0.38635858	     17.40701936	      0.03843474	     -0.02063479	      0.00242960	     17.38691882	      0.84103330	     -1.95304668	     -2.14738132	      4.97292719	     -6.32387045	    -24.08847336	     27.14455886	     -1.53096985	     -9.16705597	    -27.28241767	     15.09861074	      0.04697321	     -0.02224773	     -0.00247155	      6.41701862	     -0.12239361	     -0.18945436	     -5.11124680	      2.29868385	     -0.85601223	     -8.24359903
      0.64000000	      4.83677414	    -10.07951409	     90.51249048	      0.33388169	      0.39772024	      0.93304764	     10.34091270	     -4.84473889	     -2.06102875	    -61.47286726	     -0.38441982	     17.42502222	      0.03817366	     -0.02060272	      0.00242960	     17.33466949	      0.80874536	     -2.08978151	     -2.77262416	      4.71839253	     -6.42949624	    -24.06706302	     26.75256932	     -1.49433320	     -9.29731039	    -27.36248611	     15.11021603	      0.04695773	     -0.02224438	     -0.00247155	      6.01212474	     -0.16869920	     -0.11824924	     -5.19747676	      2.12323776	     -0.99467259	     -8.27535269
      0.64500000	      4.93932697	    -10.12802579	     90.32762868	      0.33358422	      0.39799891	      0.93390009	     11.29852872	     -4.47407815	     -1.67504456	    -62.19272751	     -0.36949492	     17.43729167	      0.03797864	     -0.02057911	      0.00242960	     17.90250162	      1.23416404	     -1.67794224	     -5.39040463	      5.18272632	     -5.87679671	    -23.74670219	     26.46424952	     -1.62583686	     -9.35616373	    -27.53790182	     15.13541683	      0.04692375	     -0.02223703	     -0.00247155	      5.58786863	     -0.23507899	     -0.07256679	     -4.82887196	      1.32933516	     -0.89138001	     -7.89854576
      0.65000000	      4.79055667	    -10.06712629	     90.14056778	      0.33340990	      0.39847498	      0.93514401	     11.96595451	     -4.37788418	     -1.68538449	    -62.91884486	     -0.36860778	     17.44875154	      0.03778098	     -0.02055557	      0.00242960	     17.81646652	      1.23833349	     -1.72256652	     -5.52062654	      5.14521805	     -5.92209037	    -23.74531072	     25.88923724	     -1.65932345	     -9.28041862	    -27.62240253	     15.14741982	      0.04690734	     -0.02223350	     -0.00247155	      5.45442839	     -0.26310251	     -0.04930795	     -4.84892485	      1.30434198	     -0.90538212	     -7.90789857
      0.65500000	      4.70546411	    -10.12049977	     90.09205393	      0.33314523	      0.39884206	      0.93628998	     12.75451752	     -4.29236051	     -1.41822759	    -63.66080567	     -0.36738788	     17.45955365	      0.03757800	     -0.02053187	      0.00242960	     17.60633684	      1.24593611	     -1.88691180	     -5.79215853	      5.06549563	     -6.00608738	    -23.74510837	     25.29439457	     -1.56410993	     -9.18064450	    -27.59561407	     15.14361908	      0.04691254	     -0.02223462	     -0.00247155	      5.06392078	     -0.29838914	     -0.02195689	     -4.93544913	      1.23760376	     -0.97269051	     -7.93390618
      0.66000000	      4.61510266	     -9.95222218	     89.94821976	      0.33295798	      0.39940280	      0.93762972	     13.40060011	     -4.12009016	     -1.37283969	    -64.12705832	     -0.36678622	     17.46588866	      0.03744991	     -0.02051719	      0.00242960	     17.50516619	      1.24366609	     -1.90290179	     -5.90466609	      5.02665266	     -6.04492570	    -23.74654150	     24.76671169	     -1.54865124	     -9.16063234	    -27.62993850	     15.14848811	      0.04690587	     -0.02223318	     -0.00247155	      4.92955279	     -0.31788633	     -0.03021254	     -4.97211990	      1.21701801	     -0.98651847	     -7.94094386
      0.66500000	      4.54881968	     -9.98064853	     89.83883034	      0.33255008	      0.39980126	      0.93885308	     14.21241621	     -3.95256878	     -1.14922387	    -64.72745425	     -0.36589190	     17.47355183	      0.03728436	     -0.02049857	      0.00242960	     17.30101306	      1.25542616	     -1.99455413	     -6.11416134	      4.95831596	     -6.11979384	    -23.75466756	     24.15956423	     -1.53463584	     -9.07352257	    -27.50756090	     15.13107013	      0.04692963	     -0.02223830	     -0.00247155	      4.62523613	     -0.35717939	     -0.00643025	     -5.03473486	      1.19203424	     -1.01887150	     -7.95549745
      0.67000000	      4.79892607	    -10.17333110	     90.00478643	      0.33211458	      0.40002511	      0.93995786	     15.32415665	     -3.75786563	     -0.38301229	    -65.18451400	     -0.36217066	     17.47902653	      0.03715786	     -0.02048462	      0.00242960	     16.76945530	      1.35946418	     -2.05677199	     -6.72757705	      5.07818994	     -6.16354970	    -23.77323343	     23.52428987	     -1.23421773	     -9.00516646	    -26.74284791	     15.01857792	      0.04707705	     -0.02227034	     -0.00247155	      4.06733270	     -0.26143406	     -0.28032176	     -5.14004823	      1.22203527	     -0.87716588	     -7.83289805
      0.67500000	      4.82792265	    -10.17175458	     89.93073201	      0.33174513	      0.40038790	      0.94120116	     16.15528097	     -3.53846918	     -0.12505038	    -65.52265470	     -0.36053607	     17.48287553	      0.03706400	     -0.02047444	      0.00242960	     16.54217130	      1.32943856	     -2.00114190	     -6.96260307	      5.11177434	     -6.18154131	    -23.78272534	     22.91976411	     -1.18606917	     -8.92311521	    -26.44023178	     14.97208125	      0.04713488	     -0.02228302	     -0.00247155	      3.71746108	     -0.24728835	     -0.27292397	     -5.17963180	      1.23269590	     -0.84725829	     -7.80840775
      0.68000000	      4.74829981	    -10.09674276	     89.77642114	      0.33135711	      0.40086589	      0.94251359	     16.86989928	     -3.35199443	     -0.09188877	    -65.79560327	     -0.35987355	     17.48586740	      0.03698807	     -0.02046632	      0.00242960	     16.41284263	      1.32233444	     -1.94910483	     -7.04596992	      5.11460086	     -6.20039797	    -23.78985501	     22.34450504	     -1.21987684	     -8.87347603	    -26.38124973	     14.96289291	      0.04714612	     -0.02228550	     -0.00247155	      3.61596512	     -0.25701947	     -0.24899196	     -5.17636550	      1.25464444	     -0.82202847	     -7.80042851
      0.68500000	      4.88143737	    -10.16337290	     89.74686504	      0.33101477	      0.40116212	      0.94381439	     17.76075683	     -3.03083917	      0.36201940	    -65.91198718	     -0.35817378	     17.48711177	      0.03695565	     -0.02046288	      0.00242960	     15.98951614	      1.33865827	     -1.90603749	     -7.25255956	      5.20119851	     -6.21221001	    -23.82172543	     21.62775271	     -1.13999898	     -8.88039210	    -25.68393093	     14.85080492	      0.04727822	     -0.02231474	     -0.00247155	      3.18607136	     -0.21984594	     -0.25481224	     -5.19386907	      1.33080404	     -0.76864302	     -7.77112585
      0.69000000	      4.81829085	    -10.06469980	     89.59336514	      0.33067432	      0.40173539	      0.94514199	     18.45395879	     -2.82779062	      0.36649248	    -66.01644225	     -0.35756196	     17.48821230	      0.03692653	     -0.02045981	      0.00242960	     15.83915102	      1.33063385	     -1.81962625	     -7.29266069	      5.23773176	     -6.20981620	    -23.83220197	     21.04350572	     -1.16730396	     -8.85918755	    -25.57297280	     14.83233902	      0.04729910	     -0.02231940	     -0.00247155	      3.09231813	     -0.21882318	     -0.24965209	     -5.18775223	      1.36426303	     -0.73608086	     -7.76027170
      0.69500000	      4.86678013	    -10.02915799	     89.45721463	      0.33032165	      0.40218227	      0.94641277	     19.22596095	     -2.53289357	      0.49675339	    -65.98477791	     -0.35676307	     17.48788092	      0.03693536	     -0.02046074	      0.00242960	     15.55349766	      1.30538907	     -1.67510887	     -7.32509371	      5.30918444	     -6.19975248	    -23.84995226	     20.39725870	     -1.19479914	     -8.86555721	    -25.13273475	     14.75731858	      0.04738158	     -0.02233787	     -0.00247155	      2.83288025	     -0.21318362	     -0.21590614	     -5.18850559	      1.41907008	     -0.70582133	     -7.75609190
      0.70000000	      4.99440744	    -10.06021996	     89.37430912	      0.33005106	      0.40259383	      0.94772472	     20.00874306	     -2.21861569	      0.76805774	    -65.78555302	     -0.35553879	     17.48575928	      0.03699087	     -0.02046662	      0.00242960	     15.12177830	      1.29792043	     -1.53994494	     -7.34477390	      5.45835554	     -6.16228292	    -23.87687573	     19.65247062	     -1.16675796	     -8.91367572	    -24.37452111	     14.62093977	      0.04752222	     -0.02236970	     -0.00247155	      2.50330811	     -0.17216758	     -0.20561475	     -5.16986805	      1.52440998	     -0.63354299	     -7.73493625
      0.70500000	      4.95415838	     -9.94118031	     89.24627477	      0.32958760	      0.40314707	      0.94890692	     20.70155768	     -2.01196655	      0.72056316	    -65.69189087	     -0.35499715	     17.48474479	      0.03701694	     -0.02046939	      0.00242960	     14.92878764	      1.29344553	     -1.45574503	     -7.33005231	      5.52810156	     -6.14189380	    -23.88403670	     19.05704200	     -1.17557687	     -8.93847711	    -24.17958939	     14.58435052	      0.04755809	     -0.02237788	     -0.00247155	      2.41902622	     -0.16258642	     -0.22130096	     -5.16209420	      1.56652477	     -0.59245314	     -7.72369420
      0.71000000	      5.07401218	     -9.93783946	     89.09838503	      0.32929833	      0.40361197	      0.95014719	     21.43474288	     -1.69292603	      0.82284163	    -65.31967302	     -0.35407517	     17.48058281	      0.03712037	     -0.02048054	      0.00242960	     14.54797283	      1.29761046	     -1.31790514	     -7.25912215	      5.69747328	     -6.08726972	    -23.89524394	     18.34587973	     -1.21048500	     -8.97861606	    -23.47626974	     14.44668916	      0.04768653	     -0.02240740	     -0.00247155	      2.12589484	     -0.14982962	     -0.21468659	     -5.15933665	      1.65219878	     -0.53345809	     -7.71286773
      0.71500000	      5.05201162	     -9.81339641	     88.94356598	      0.32886887	      0.40411057	      0.95120383	     22.09327286	     -1.42154237	      0.79075717	    -65.06604593	     -0.35342380	     17.47763613	      0.03719069	     -0.02048822	      0.00242960	     14.30340193	      1.28917062	     -1.23444073	     -7.19603943	      5.81315129	     -6.04260601	    -23.89672128	     17.71785051	     -1.24284921	     -8.99650833	    -23.17437152	     14.38469577	      0.04774118	     -0.02242006	     -0.00247155	      1.98666605	     -0.13529055	     -0.25711101	     -5.16722417	      1.70369207	     -0.48742536	     -7.70434993
      0.72000000	      4.99529451	     -9.61033116	     88.91296271	      0.32840149	      0.40469213	      0.95212961	     22.66335926	     -1.31163355	      0.71379466	    -64.68316631	     -0.35352039	     17.47300462	      0.03729659	     -0.02049993	      0.00242960	     14.22048344	      1.22826781	     -1.15588746	     -7.17002665	      5.81162342	     -6.02916505	    -23.88761036	     17.31986588	     -1.15191967	     -8.96406175	    -23.36036208	     14.42304377	      0.04770754	     -0.02241226	     -0.00247155	      1.98684936	     -0.12696505	     -0.23857222	     -5.15188283	      1.70854372	     -0.48186862	     -7.71377019
      0.72500000	      5.12543775	     -9.58343583	     88.50373994	      0.32816166	      0.40495761	      0.95314283	     23.30876933	     -0.71418483	      0.64734422	    -64.05261541	     -0.35257954	     17.46489988	      0.03747039	     -0.02051953	      0.00242960	     13.67043553	      1.24996206	     -0.97171269	     -6.99127764	      6.04573712	     -5.95754784	    -23.89756867	     16.59402726	     -1.45389433	     -8.86809077	    -22.62079486	     14.26640055	      0.04784064	     -0.02244328	     -0.00247155	      1.55427213	     -0.15035278	     -0.22950772	     -5.16983294	      1.81272813	     -0.43332409	     -7.73598627
      0.73000000	      5.06136390	     -9.37606802	     88.48542676	      0.32763796	      0.40539242	      0.95384475	     23.90577673	     -0.60409082	      0.55602548	    -63.65121628	     -0.35268372	     17.45941925	      0.03758063	     -0.02053218	      0.00242960	     13.58389756	      1.18904346	     -0.90845317	     -6.96589103	      6.04271305	     -5.94577992	    -23.88878531	     16.19404602	     -1.35725474	     -8.83772646	    -22.82391553	     14.31051732	      0.04780426	     -0.02243476	     -0.00247155	      1.55810731	     -0.14088207	     -0.20887614	     -5.15182730	      1.81864377	     -0.42752165	     -7.74616870
      0.73500000	      5.28815477	     -9.23664506	     88.09970443	      0.32744631	      0.40571623	      0.95462219	     24.54204754	     -0.17993525	      0.15925424	    -62.75079805	     -0.35237116	     17.44617882	      0.03782681	     -0.02056099	      0.00242960	     13.11677191	      1.23781124	     -0.75244116	     -6.81725008	      6.20601914	     -5.90719521	    -23.89770678	     15.67816536	     -1.68113605	     -8.84203120	    -22.25747118	     14.18534280	      0.04790540	     -0.02245851	     -0.00247155	      1.22194120	     -0.19555997	     -0.12646108	     -5.13790015	      1.89535526	     -0.40651904	     -7.77847092
      0.74000000	      5.31891158	     -8.93759981	     87.79861846	      0.32701092	      0.40601098	      0.95541864	     25.05317974	      0.27352190	     -0.02638003	    -62.02606697	     -0.35113869	     17.43453204	      0.03802388	     -0.02058456	      0.00242960	     12.55720747	      1.29404744	     -0.77209328	     -6.58947340	      6.49103386	     -5.81578290	    -23.91708137	     14.98823388	     -1.87566231	     -8.68985156	    -21.69200406	     14.05351474	      0.04800535	     -0.02248220	     -0.00247155	      0.93391980	     -0.21305711	      0.01188074	     -4.94676059	      2.13071404	     -0.27336463	     -7.80674652
      0.74500000	      5.44707916	     -8.63386678	     87.70828480	      0.32657608	      0.40640117	      0.95601365	     25.63303232	      0.41864890	     -0.31021711	    -61.17197090	     -0.35087405	     17.41961793	      0.03825491	     -0.02061265	      0.00242960	     12.30869453	      1.29141566	     -0.80485882	     -6.50159553	      6.59205731	     -5.77307872	    -23.91755073	     14.58351048	     -1.89906380	     -8.79360721	    -21.47055000	     13.99989838	      0.04804422	     -0.02249147	     -0.00247155	      0.77596807	     -0.21343221	      0.04811325	     -4.88730204	      2.20327715	     -0.24268375	     -7.82869677
      0.75000000	      5.52082392	     -8.36730287	     87.50374324	      0.32614255	      0.40672945	      0.95674125	     26.16535936	      0.71733750	     -0.53427118	    -60.30815706	     -0.34834284	     17.40316758	      0.03848728	     -0.02064131	      0.00242960	     11.82644511	      1.26295422	     -1.02590972	     -6.19930460	      6.99273543	     -5.56072577	    -23.93422236	     13.80381900	     -2.00352309	     -8.79827350	    -20.62909069	     13.78574010	      0.04819046	     -0.02252667	     -0.00247155	      0.55415153	     -0.24205985	      0.08599881	     -4.54807864	      2.50660006	     -0.02630080	     -7.85676083
      0.75500000	      5.71126034	     -8.07766337	     87.36324058	      0.32559358	      0.40724051	      0.95715458	     26.81119775	      0.90170771	     -0.84754328	    -59.37299932	     -0.34766552	     17.38374208	      0.03873742	     -0.02067249	      0.00242960	     11.60069813	      1.23078438	     -1.07572537	     -6.11475042	      7.10688450	     -5.47981772	    -23.93271664	     13.36356467	     -2.07545470	     -8.92381459	    -20.19400601	     13.66815586	      0.04826518	     -0.02254484	     -0.00247155	      0.39827147	     -0.29739913	      0.18046655	     -4.44263783	      2.57205868	      0.02852003	     -7.87553752
      0.76000000	      5.83936083	     -7.81994240	     87.35637111	      0.32496863	      0.40785496	      0.95753029	     27.35138664	      0.94691808	     -1.04435184	    -58.31268785	     -0.34775315	     17.35956369	      0.03901923	     -0.02070799	      0.00242960	     11.44661091	      1.21208510	     -1.12528689	     -6.09047131	      7.14325830	     -5.44501836	    -23.92637896	     12.99371042	     -2.00305358	     -9.09083683	    -20.03208564	     13.62308289	      0.04829283	     -0.02255160	     -0.00247155	      0.30006305	     -0.30936041	      0.20808242	     -4.41684626	      2.58175757	      0.03549053	     -7.88857111
      0.76500000	      6.03232256	     -7.56010306	     87.24712564	      0.32434213	      0.40842454	      0.95779878	     27.92350478	      1.09864345	     -1.32291198	    -57.16492667	     -0.34780736	     17.33070431	      0.03932208	     -0.02074661	      0.00242960	     11.23727810	      1.21546094	     -1.17999491	     -6.05866103	      7.19788337	     -5.40255220	    -23.92114907	     12.57176600	     -2.04254531	     -9.26561157	    -19.62855575	     13.50790417	      0.04836136	     -0.02256842	     -0.00247155	      0.17326700	     -0.36555137	      0.31720702	     -4.35195394	      2.61214292	      0.06760547	     -7.89754131
      0.77000000	      6.19258905	     -7.31756730	     87.15183342	      0.32370331	      0.40895282	      0.95803764	     28.45695326	      1.24623709	     -1.56624004	    -55.97843689	     -0.34793975	     17.29777460	      0.03963265	     -0.02078676	      0.00242960	     11.01547893	      1.22822220	     -1.23889829	     -6.03074436	      7.25023550	     -5.36386794	    -23.91609909	     12.12687997	     -2.06164721	     -9.41209329	    -19.25089832	     13.39612325	      0.04842503	     -0.02258416	     -0.00247155	      0.05105719	     -0.41843582	      0.43040708	     -4.28429653	      2.63757083	      0.09780916	     -7.90586242
      0.77500000	      6.16650560	     -7.15098656	     86.85039245	      0.32318869	      0.40930008	      0.95862823	     28.73958996	      1.67481978	     -1.70448618	    -54.69387078	     -0.34660919	     17.25838305	      0.03996595	     -0.02083051	      0.00242960	     10.58236062	      1.34648393	     -1.50104918	     -5.92343670	      7.50686080	     -5.19061098	    -23.92431128	     11.11163958	     -2.23660323	     -9.49263216	    -18.15202783	     13.04786497	      0.04860766	     -0.02262985	     -0.00247155	     -0.00423707	     -0.54544838	      0.56631316	     -3.99555278	      2.67634021	      0.27157049	     -7.87844645
      0.78000000	      6.23509556	     -6.97188913	     86.93296158	      0.32245572	      0.40975370	      0.95859216	     29.23420657	      1.61095245	     -1.90778886	    -53.54873486	     -0.34688759	     17.21982909	      0.04026042	     -0.02086979	      0.00242960	     10.41673955	      1.33314931	     -1.55463018	     -5.92484633	      7.52008507	     -5.17307409	    -23.91642298	     10.76394013	     -2.06424805	     -9.62479524	    -18.15466054	     13.04872856	      0.04860723	     -0.02262974	     -0.00247155	     -0.11456151	     -0.50889288	      0.53291049	     -4.00522052	      2.64018282	      0.24123794	     -7.89772791
      0.78500000	      6.36107727	     -6.74783077	     86.93440081	      0.32185904	      0.41019749	      0.95853064	     29.68675551	      1.61871745	     -2.17322122	    -52.22955624	     -0.34724053	     17.17119007	      0.04059644	     -0.02091537	      0.00242960	     10.19654026	      1.34787126	     -1.62571208	     -5.92362415	      7.54726697	     -5.15495372	    -23.90882304	     10.40069756	     -1.97260439	     -9.75548918	    -18.01521419	     13.00199951	      0.04863013	     -0.02263553	     -0.00247155	     -0.27293096	     -0.49329221	      0.53391234	     -4.00761052	      2.60876450	      0.21277819	     -7.91998349
      0.79000000	      6.25934107	     -6.60240361	     86.61691029	      0.32141434	      0.41054223	      0.95890701	     29.74290409	      2.00801688	     -2.37828286	    -50.65008354	     -0.34558571	     17.10670958	      0.04099413	     -0.02097045	      0.00242960	      9.78013545	      1.54418467	     -1.97838149	     -5.89128149	      7.85889147	     -4.95598148	    -23.90416804	      9.39586037	     -2.12212210	     -9.69718462	    -17.12118924	     12.68808555	      0.04877545	     -0.02267259	     -0.00247155	     -0.39654898	     -0.46865509	      0.44145970	     -3.76955732	      2.45829864	      0.28798759	     -7.91341586
      0.79500000	      6.37341502	     -6.43233495	     86.71994571	      0.32073615	      0.41104836	      0.95852222	     30.21778103	      1.89654480	     -2.62378888	    -49.34467770	     -0.34599946	     17.04803624	      0.04131889	     -0.02101644	      0.00242960	      9.63994269	      1.52320566	     -2.05544046	     -5.92320578	      7.85831658	     -4.94065970	    -23.89228353	      9.08634435	     -1.92184422	     -9.91795729	    -17.13341473	     12.69255140	      0.04877348	     -0.02267209	     -0.00247155	     -0.55572822	     -0.42504361	      0.37660962	     -3.82169193	      2.38371502	      0.22218330	     -7.93919668
      0.80000000	      6.50132910	     -6.30900275	     86.76776454	      0.32008393	      0.41152105	      0.95808320	     30.63706527	      1.84857289	     -2.88793307	    -47.90383968	     -0.34656172	     16.97731856	      0.04167307	     -0.02106771	      0.00242960	      9.49472463	      1.52551055	     -2.15693772	     -5.95619547	      7.86541577	     -4.92145500	    -23.87924584	      8.74759142	     -1.78006378	    -10.15818380	    -17.06773800	     12.66853005	      0.04878406	     -0.02267481	     -0.00247155	     -0.74317382	     -0.40950026	      0.34695587	     -3.87660676	      2.30691837	      0.15157951	     -7.96637382
      0.80500000	      6.49122778	     -6.21668457	     86.41390095	      0.31958951	      0.41176119	      0.95812387	     30.64423889	      2.33524467	     -3.02854133	    -45.95480157	     -0.34658229	     16.87116462	      0.04214478	     -0.02113799	      0.00242960	      9.46097892	      1.69954594	     -2.43751920	     -6.16134279	      8.02008072	     -4.77713132	    -23.84325547	      7.98838736	     -2.03456719	    -10.35374034	    -16.47139839	     12.44379355	      0.04887948	     -0.02269948	     -0.00247155	     -0.87411579	     -0.49370547	      0.46332754	     -3.75979077	      2.04858225	      0.06182724	     -7.97598753
      0.81000000	      6.64575024	     -6.02534885	     86.57643612	      0.31895063	      0.41197798	      0.95746624	     31.06314547	      2.16009691	     -3.32145681	    -44.47057047	     -0.34724696	     16.78189006	      0.04249815	     -0.02119227	      0.00242960	      9.34474007	      1.70833810	     -2.56865427	     -6.23515001	      8.01891595	     -4.76483967	    -23.82764518	      7.71874797	     -1.79162927	    -10.54168507	    -16.47367283	     12.44467431	      0.04887912	     -0.02269938	     -0.00247155	     -1.04524297	     -0.45239809	      0.41778418	     -3.81068219	      1.96282691	     -0.02258591	     -8.00544146
      0.81500000	      6.86994624	     -5.78273231	     86.33395130	      0.31836189	      0.41199680	      0.95700795	     31.26829670	      2.44840158	     -3.70967827	    -42.43659000	     -0.34821243	     16.64702165	      0.04297387	     -0.02126781	      0.00242960	      9.39981992	      1.83500467	     -2.73437369	     -6.45888645	      8.10412211	     -4.69104995	    -23.78790985	      7.40098339	     -1.95344120	    -10.30608652	    -16.20953101	     12.34135460	      0.04892102	     -0.02271030	     -0.00247155	     -1.15769198	     -0.48719965	      0.37828628	     -3.80653658	      1.77771878	     -0.12782798	     -8.03164147
      0.82000000	      7.00502077	     -5.59043417	     86.54598318	      0.31763164	      0.41203865	      0.95613641	     31.67341833	      2.22653871	     -4.03203600	    -40.95130585	     -0.34907131	     16.53894802	      0.04331481	     -0.02132387	      0.00242960	      9.35644216	      1.85983712	     -2.92726076	     -6.57991177	      8.08574238	     -4.68830699	    -23.76825059	      7.12285350	     -1.66973603	    -10.49503811	    -16.23546832	     12.35160338	      0.04891691	     -0.02270923	     -0.00247155	     -1.32860065	     -0.42499155	      0.31096226	     -3.86678774	      1.69639749	     -0.21961765	     -8.06549208
      0.82500000	      7.19670915	     -5.40743474	     86.61003261	      0.31686339	      0.41219224	      0.95524449	     31.98824835	      2.17191150	     -4.36911212	    -39.17027551	     -0.35031164	     16.39819893	      0.04371627	     -0.02139215	      0.00242960	      9.37344920	      1.91358362	     -3.08171199	     -6.70207674	      8.09880877	     -4.66176979	    -23.74208865	      6.83921953	     -1.53157849	    -10.61028590	    -16.13577808	     12.31207817	      0.04893268	     -0.02271335	     -0.00247155	     -1.52042979	     -0.39976408	      0.33637321	     -3.88392477	      1.62622465	     -0.30619216	     -8.10463580
      0.83000000	      7.39080352	     -5.22673637	     86.59043371	      0.31611718	      0.41234522	      0.95433288	     32.20548800	      2.21647449	     -4.69665334	    -37.18671654	     -0.35197308	     16.22647941	      0.04415364	     -0.02146950	      0.00242960	      9.48923883	      1.98426580	     -3.20526629	     -6.87040018	      8.11578685	     -4.62192656	    -23.70724538	      6.51023692	     -1.49226899	    -10.75834904	    -15.95198902	     12.23831556	      0.04896166	     -0.02272093	     -0.00247155	     -1.70790083	     -0.38104282	      0.38266128	     -3.87663491	      1.55057379	     -0.39910187	     -8.15062063
      0.83500000	      7.53749657	     -5.06350935	     86.67063855	      0.31537356	      0.41249813	      0.95326915	     32.43798889	      2.16681345	     -4.99371635	    -35.32406707	     -0.35367223	     16.05019011	      0.04455480	     -0.02154324	      0.00242960	      9.59239672	      2.02798654	     -3.35311639	     -7.05705670	      8.10314265	     -4.59524907	    -23.67306805	      6.17280902	     -1.35087474	    -10.98798016	    -15.85754490	     12.19994950	      0.04897651	     -0.02272483	     -0.00247155	     -1.89535910	     -0.34026300	      0.38413766	     -3.89146510	      1.46861334	     -0.50152759	     -8.19941355
      0.84000000	      7.60295358	     -5.05518164	     86.29915911	      0.31473567	      0.41240982	      0.95274142	     32.16932150	      2.75752471	     -5.06843423	    -32.57364444	     -0.35868743	     15.76197112	      0.04512987	     -0.02165374	      0.00242960	     10.46339044	      2.22044408	     -3.33406036	     -8.01528580	      8.04206766	     -4.55742611	    -23.54547716	      5.61236305	     -1.67598388	    -11.06822384	    -15.52962081	     12.06438771	      0.04902787	     -0.02273836	     -0.00247155	     -1.93209835	     -0.29769577	      0.41185009	     -3.68992797	      1.24700391	     -0.70026334	     -8.32197517
      0.84500000	      7.79903731	     -5.04026089	     86.52940289	      0.31409734	      0.41251363	      0.95146287	     32.42625522	      2.61676453	     -5.22803639	    -30.68128965	     -0.36119582	     15.54326457	      0.04551317	     -0.02173066	      0.00242960	     10.48086046	      2.26579647	     -3.33593598	     -8.18875673	      8.15223460	     -4.50475571	    -23.50030285	      5.32311027	     -1.37137900	    -11.27689217	    -15.44959549	     12.03063813	      0.04904034	     -0.02274166	     -0.00247155	     -2.15275622	     -0.24982740	      0.45413817	     -3.65289936	      1.14465509	     -0.83406350	     -8.39782444
      0.85000000	      7.88888986	     -5.07760857	     86.37480617	      0.31363040	      0.41260328	      0.95057770	     32.24606659	      2.98469798	     -5.25345715	    -28.07579421	     -0.37071177	     15.21068684	      0.04602412	     -0.02183740	      0.00242960	     11.30769917	      2.44793154	     -3.33453542	     -9.34427062	      8.44149083	     -4.42973179	    -23.30501134	      4.75652465	     -1.45385378	    -11.53244706	    -15.06679889	     11.86633854	      0.04909975	     -0.02275744	     -0.00247155	     -2.16216428	     -0.20362608	      0.40574888	     -3.32596774	      0.80309203	     -1.13610394	     -8.60277247
      0.85500000	      8.03881564	     -5.10924200	     86.43246201	      0.31322959	      0.41278128	      0.94938363	     32.24660612	      3.06019023	     -5.40856888	    -25.77855302	     -0.38054737	     14.86640831	      0.04645805	     -0.02193201	      0.00242960	     11.67589515	      2.46690403	     -3.34147717	     -9.87498199	      8.96863041	     -4.30058352	    -23.14135473	      4.29788157	     -1.31692642	    -11.80008416	    -14.77916076	     11.73934777	      0.04914409	     -0.02276928	     -0.00247155	     -2.26746460	     -0.17623831	      0.43389061	     -3.02266613	      0.55039818	     -1.38007044	     -8.78297097
      0.86000000	      8.22834567	     -5.06380380	     86.77764796	      0.31276544	      0.41303839	      0.94766062	     32.68809462	      2.75203749	     -5.78684823	    -24.30476888	     -0.38287748	     14.60792090	      0.04672808	     -0.02199281	      0.00242960	     11.55651743	      2.45521751	     -3.42475134	     -9.90653690	      9.06280319	     -4.26658770	    -23.11166415	      3.98836594	     -0.90230479	    -12.11921376	    -14.73245009	     11.71843655	      0.04915127	     -0.02277121	     -0.00247155	     -2.52048603	     -0.10854148	      0.46407723	     -3.02044924	      0.48786423	     -1.49184983	     -8.84483977
      0.86500000	      8.32549643	     -5.03296662	     86.63404792	      0.31242769	      0.41301182	      0.94666234	     32.31904302	      3.05055215	     -6.04159808	    -21.41297898	     -0.39465941	     13.98578588	      0.04723849	     -0.02211201	      0.00242960	     12.12256136	      2.41205943	     -3.39518168	    -10.08988160	      9.48999026	     -4.01906926	    -22.94966910	      3.40434962	     -1.00608747	    -12.26867152	    -14.32755551	     11.53373314	      0.04921318	     -0.02278786	     -0.00247155	     -2.58908426	     -0.10027529	      0.57238045	     -2.61570600	      0.36367913	     -1.66898465	     -9.00312130
      0.87000000	      8.52057739	     -4.91520702	     86.90762326	      0.31205998	      0.41301703	      0.94503220	     32.54865890	      2.85178331	     -6.42832660	    -19.57100191	     -0.40100991	     13.49118684	      0.04754992	     -0.02218765	      0.00242960	     12.07753594	      2.39841234	     -3.33844046	    -10.15858311	      9.68914636	     -3.93537787	    -22.87705239	      3.06106189	     -0.69565014	    -12.39625723	    -14.20125075	     11.47484444	      0.04923239	     -0.02279306	     -0.00247155	     -2.82452999	     -0.04208204	      0.67509641	     -2.42466229	      0.28674052	     -1.82369902	     -9.11199032
      0.87500000	      8.53116565	     -4.82176726	     86.88243740	      0.31169637	      0.41285775	      0.94394502	     32.21720129	      3.04696980	     -6.67723425	    -16.97062874	     -0.42404138	     12.63272536	      0.04797122	     -0.02229381	      0.00242960	     12.67658486	      2.37807846	     -3.39569798	    -10.61987103	     10.08816920	     -3.74977810	    -22.62055155	      2.46827954	     -0.68688099	    -12.48531707	    -13.96305912	     11.36210348	      0.04926848	     -0.02280284	     -0.00247155	     -2.89574593	      0.02032049	      0.57337288	     -1.83701186	     -0.05556429	     -2.23332423	     -9.38236573
      0.88000000	      8.63943761	     -4.77355809	     87.21888021	      0.31124700	      0.41268029	      0.94211290	     32.80914354	      2.81231999	     -7.10612755	    -16.06116875	     -0.42619507	     12.28227726	      0.04811354	     -0.02233078	      0.00242960	     12.41434791	      2.36777118	     -3.40102300	    -10.67118478	     10.10947784	     -3.77033551	    -22.60297175	      2.13053027	     -0.33011655	    -12.65295324	    -14.04164148	     11.39953938	      0.04925659	     -0.02279961	     -0.00247155	     -3.07457690	      0.07176061	      0.60412289	     -1.81758728	     -0.09517606	     -2.31447122	     -9.42998301
      0.88500000	      9.27408272	     -4.75948615	     86.95718216	      0.31039206	      0.41254766	      0.94096420	     34.14495820	      3.11484586	     -8.02600668	    -15.98318950	     -1.13707840	     12.25091772	      0.04812563	     -0.02233394	      0.00242960	     10.43650801	      2.29598208	     -2.93225017	    -10.75901594	     11.65966764	     -6.65306809	    -19.79630302	      2.31320052	     -0.64079052	    -12.66648444	    -13.93899301	     11.35058960	      0.04927211	     -0.02280383	     -0.00247155	     -3.32273427	      0.02914068	      0.28044327	      0.12673935	     -1.93406927	     -2.02499361	    -10.33940397
      0.89000000	      9.44011406	     -4.66373807	     87.33596972	      0.31000135	      0.41245883	      0.93917863	     34.62968790	      2.85034921	     -8.49013604	    -14.86276860	     -1.13871615	     11.77657599	      0.04829715	     -0.02237935	      0.00242960	     10.06557962	      2.26232647	     -2.80705940	    -10.68779644	     11.71375645	     -6.64180185	    -19.80652170	      2.01496875	     -0.25198658	    -12.87907875	    -13.98606246	     11.37308629	      0.04926500	     -0.02280190	     -0.00247155	     -3.52167030	      0.09006147	      0.35654685	      0.13796682	     -1.93434123	     -2.09684286	    -10.38186130
      0.89500000	      9.47601392	     -4.55350435	     87.24053465	      0.30981419	      0.41244919	      0.93808661	     34.14675532	      3.09689378	     -9.07991524	    -12.19003046	     -1.14557946	     10.45154771	      0.04869066	     -0.02248717	      0.00242960	      9.82204172	      2.13410398	     -2.65416310	     -9.81531089	     12.18696032	     -6.28358221	    -19.84319234	      1.53642696	     -0.36719211	    -12.95677737	    -13.96143041	     11.36132428	      0.04926872	     -0.02280291	     -0.00247155	     -3.62404836	      0.08290832	      0.55614619	      0.44881842	     -1.79685757	     -2.15078965	    -10.48384039
      0.90000000	      9.65592284	     -4.52821330	     87.59780183	      0.30941437	      0.41237262	      0.93633174	     34.61590735	      2.91386082	     -9.43553164	    -11.13669455	     -1.14742041	      9.84771457	      0.04883974	     -0.02252947	      0.00242960	      9.44102297	      2.08369061	     -2.46800515	     -9.63992775	     12.26710224	     -6.24600106	    -19.85799495	      1.26447555	      0.00589365	    -13.16792224	    -14.04518130	     11.40121990	      0.04925606	     -0.02279947	     -0.00247155	     -3.80291863	      0.14865551	      0.60526352	      0.50415159	     -1.78560127	     -2.22285657	    -10.54225195
      0.90500000	      9.69092487	     -4.47761395	     87.45514557	      0.30922110	      0.41225765	      0.93525032	     33.96309553	      3.32089587	     -9.70019995	     -8.23583619	     -1.15814793	      7.91960625	      0.04923299	     -0.02264540	      0.00242960	      9.52746602	      1.86013334	     -2.60306772	     -8.37567037	     12.38230289	     -5.80579995	    -19.95079386	      0.88781269	     -0.18994151	    -13.33940831	    -14.23541716	     11.49083981	      0.04922720	     -0.02279165	     -0.00247155	     -3.97558046	      0.07823485	      0.65571846	      1.13762761	     -1.66792182	     -2.39498407	    -10.86485883
      0.91000000	      9.87973702	     -4.44947048	     87.77829284	      0.30888428	      0.41215636	      0.93351171	     34.45214195	      3.16046939	    -10.09146296	     -7.41333722	     -1.15941370	      7.29701270	      0.04933989	     -0.02267811	      0.00242960	      8.98832456	      1.86708521	     -2.21537900	     -8.12060595	     12.48026005	     -5.77416324	    -19.97739418	      0.66267503	      0.13615680	    -13.44648138	    -14.37846804	     11.55729884	      0.04920543	     -0.02278577	     -0.00247155	     -4.07890618	      0.10754379	      0.71530986	      1.22066586	     -1.65608355	     -2.43546520	    -10.92472445
      0.91500000	      9.81542152	     -4.32719476	     87.76755443	      0.30879328	      0.41209293	      0.93238265	     34.17616980	      3.30309943	    -10.82071277	     -5.72903334	     -1.16367479	      5.90935244	      0.04955245	     -0.02274485	      0.00242960	      8.55895120	      1.77070481	     -1.95383196	     -6.97365248	     12.87248776	     -5.43232565	    -20.04406945	      0.17953408	      0.08226575	    -13.49188466	    -14.56722575	     11.64381176	      0.04917660	     -0.02277801	     -0.00247155	     -4.14213054	      0.06388509	      0.82314417	      1.58993783	     -1.58435845	     -2.47149701	    -11.10593948
      0.92000000	     10.04695202	     -4.31317627	     88.06914354	      0.30851443	      0.41192110	      0.93067232	     34.67304673	      3.20332520	    -11.05818107	     -5.05827090	     -1.16424892	      5.31278015	      0.04963473	     -0.02277133	      0.00242960	      8.02036150	      1.69601524	     -1.67350675	     -6.70425560	     12.92749936	     -5.39538987	    -20.07147968	     -0.00867411	      0.36732556	    -13.57558670	    -14.70043116	     11.70405394	      0.04915618	     -0.02277252	     -0.00247155	     -4.26898949	      0.10844347	      0.89203721	      1.70647058	     -1.55959158	     -2.51240790	    -11.18328218
      0.92500000	      9.96818706	     -4.20714558	     88.05040252	      0.30847226	      0.41177806	      0.92958234	     34.52669312	      3.35419890	    -11.73377004	     -3.92848651	     -1.16537250	      4.24895781	      0.04977026	     -0.02281579	      0.00242960	      7.41561613	      1.64787787	     -1.41097551	     -5.66579322	     13.24377756	     -5.11074514	    -20.14404311	     -0.49071912	      0.27344316	    -13.63192137	    -14.93339068	     11.80781636	      0.04912035	     -0.02276293	     -0.00247155	     -4.29417548	      0.11061126	      1.03211923	      2.16492417	     -1.44086718	     -2.53013198	    -11.38801513
      0.93000000	     10.04822870	     -4.26458998	     88.19698685	      0.30817623	      0.41142512	      0.92826484	     35.00440081	      3.43350219	    -11.86105368	     -3.78662003	     -1.16530194	      4.11004127	      0.04978700	     -0.02282136	      0.00242960	      7.24313773	      1.62742815	     -1.37822743	     -5.62493635	     13.23238530	     -5.11288350	    -20.14953976	     -0.79824857	      0.41153259	    -13.57194179	    -15.15660194	     11.90535551	      0.04908586	     -0.02275374	     -0.00247155	     -4.29049005	      0.11822062	      1.05022589	      2.21173921	     -1.42273390	     -2.53020547	    -11.41027732
      0.93500000	     10.23843385	     -4.15114386	     88.35281086	      0.30827141	      0.41123336	      0.92682220	     35.21078808	      3.41911861	    -12.40673572	     -3.18109133	     -1.16432350	      3.50319644	      0.04985780	     -0.02284511	      0.00242960	      6.17546586	      1.77483938	     -0.96371256	     -5.18358439	     13.46434569	     -5.08471220	    -20.21130912	     -1.02810216	      0.48553589	    -13.67340276	    -15.34378021	     11.98574707	      0.04905681	     -0.02274603	     -0.00247155	     -4.28618348	      0.18399117	      1.19985551	      2.48933659	     -1.31945870	     -2.52742143	    -11.51040643
      0.94000000	     10.00612808	     -4.00272628	     88.22462791	      0.30836536	      0.41100279	      0.92579567	     35.35763340	      3.49980296	    -13.64623774	     -3.63073336	     -1.14229659	      3.95597488	      0.04980534	     -0.02282748	      0.00242960	      4.36253256	      1.20470046	     -1.64195784	     -1.21383867	     12.42858480	     -4.24457027	    -20.87220684	     -1.23049271	      0.07475687	    -14.29110556	    -16.52772831	     12.46554579	      0.04887052	     -0.02269715	     -0.00247155	     -4.72561839	     -0.30414582	      1.16207570	      4.74373075	     -1.71062822	     -2.78903018	    -13.24546343
      0.94500000	     10.06968257	     -4.01194464	     88.28879709	      0.30833150	      0.41065979	      0.92465233	     35.53215676	      3.60660456	    -13.66568496	     -3.55352832	     -1.14194493	      3.87907169	      0.04981439	     -0.02283051	      0.00242960	      4.24325872	      1.25796864	     -1.56836194	     -1.15681448	     12.44010100	     -4.23726629	    -20.88337958	     -1.57180202	      0.10196310	    -14.15633998	    -16.72325368	     12.54014845	      0.04883932	     -0.02268906	     -0.00247155	     -4.67358098	     -0.32079699	      1.24166629	      4.80196185	     -1.69126484	     -2.75611690	    -13.25427158
      0.95000000	     10.21224570	     -3.94310882	     88.35894513	      0.30845843	      0.41032787	      0.92350399	     35.68831553	      3.67214311	    -13.65727933	     -3.51968261	     -1.14193338	      3.84525721	      0.04981835	     -0.02283184	      0.00242960	      4.22885277	      1.26496038	     -1.55660975	     -1.14599595	     12.44549089	     -4.23483021	    -20.88405841	     -1.85582066	      0.10104523	    -14.12842004	    -16.86564682	     12.59367332	      0.04881652	     -0.02268317	     -0.00247155	     -4.65037810	     -0.32486225	      1.25343852	      4.81134115	     -1.68701100	     -2.75124301	    -13.25579379
      0.95500000	     10.12106933	     -3.85610492	     88.33405290	      0.30849500	      0.41000909	      0.92273038	     35.54528586	      3.76301602	    -13.43147301	     -3.60890115	     -1.14134487	      3.93422399	      0.04980790	     -0.02282834	      0.00242960	      4.11219634	      1.32906465	     -1.35303830	     -0.98172920	     12.52156718	     -4.18904501	    -20.90155430	     -2.21535975	     -0.00344313	    -13.68413189	    -17.30179350	     12.75353963	      0.04874630	     -0.02266511	     -0.00247155	     -4.41496118	     -0.34244985	      1.47672180	      5.03480114	     -1.58032849	     -2.64476804	    -13.26923910
      0.96000000	     10.01560331	     -3.69914105	     88.32558786	      0.30877274	      0.40971271	      0.92198704	     35.34568385	      3.79705931	    -13.27018807	     -3.81134673	     -1.14078654	      4.13431859	      0.04978409	     -0.02282039	      0.00242960	      4.17546929	      1.34121851	     -1.31795586	     -0.88587243	     12.53323344	     -4.14254119	    -20.91393308	     -2.58704959	     -0.13192010	    -13.38801138	    -17.79398306	     12.92667594	      0.04866633	     -0.02264471	     -0.00247155	     -4.18732530	     -0.33350244	      1.56828089	      5.21804972	     -1.50228680	     -2.56454209	    -13.30000998
      0.96500000	      9.89676274	     -3.58618324	     88.25816526	      0.30906343	      0.40947342	      0.92139435	     35.13467225	      3.88726442	    -13.06742108	     -4.15596230	     -1.14021712	      4.46921653	      0.04974328	     -0.02280686	      0.00242960	      4.41207871	      1.29009419	     -1.37116645	     -0.84953360	     12.47706846	     -4.09004164	    -20.92114942	     -2.94112383	     -0.31143492	    -13.11483106	    -18.33203205	     13.10732446	      0.04857801	     -0.02262237	     -0.00247155	     -3.96159267	     -0.32482696	      1.62888590	      5.41334171	     -1.42758339	     -2.48995952	    -13.35387446
      0.97000000	      9.82228379	     -3.49475372	     88.14719276	      0.30955186	      0.40916540	      0.92078496	     34.92502001	      4.03221826	    -12.77838781	     -4.57649492	     -1.13983241	      4.86831370	      0.04969299	     -0.02279031	      0.00242960	      4.71657260	      1.19847736	     -1.43672910	     -0.86370683	     12.37877786	     -4.04671777	    -20.92255957	     -3.26471385	     -0.54176908	    -12.81467186	    -18.85513916	     13.27471025	      0.04849125	     -0.02260063	     -0.00247155	     -3.72222290	     -0.33962932	      1.71356440	      5.61733841	     -1.34921196	     -2.40808964	    -13.41067796
      0.97500000	      9.73142086	     -3.39057919	     88.00795465	      0.31011697	      0.40886437	      0.92026333	     34.68652340	      4.19110672	    -12.43227459	     -5.10086587	     -1.13951898	      5.35144255	      0.04962955	     -0.02276965	      0.00242960	      5.05576570	      1.08630821	     -1.55464257	     -0.95216165	     12.21468111	     -4.03248326	    -20.92030794	     -3.56849848	     -0.80365848	    -12.51285612	    -19.43779538	     13.45192603	      0.04839358	     -0.02257637	     -0.00247155	     -3.42451414	     -0.36821695	      1.78742544	      5.83668300	     -1.26677503	     -2.31156027	    -13.47628201
      0.98000000	      9.71784080	     -3.39580126	     87.92234414	      0.31055214	      0.40839654	      0.91929533	     35.09534382	      4.30519843	    -11.83365264	     -6.85716047	     -1.13557071	      6.85589226	      0.04941103	     -0.02270019	      0.00242960	      5.14773019	      1.00287260	     -1.62806134	     -1.72713805	     11.07654711	     -4.35586794	    -20.94683882	     -3.41493834	     -1.19254741	    -12.87771050	    -20.81220541	     13.83381444	      0.04815883	     -0.02251901	     -0.00247155	     -3.43672980	     -0.41734469	      1.89418701	      6.60590671	     -1.18103931	     -2.21147858	    -14.23985599
      0.98500000	      9.56950001	     -3.24678927	     87.85945992	      0.31133597	      0.40821968	      0.91872769	     35.22878783	      4.23275705	    -11.98945288	     -8.44949297	     -1.13077981	      8.07566283	      0.04920489	     -0.02263689	      0.00242960	      5.24606258	      1.19599460	     -1.27788767	     -1.42887218	     10.08958364	     -4.56622045	    -20.94631905	     -3.53657562	     -1.47324494	    -12.88632907	    -21.87754834	     14.09756945	      0.04797267	     -0.02247443	     -0.00247155	     -3.24748925	     -0.93845846	      1.81768940	      7.78972607	     -1.49585557	     -1.52810133	    -16.10269272
      0.99000000	      9.50334348	     -3.15633715	     87.65878998	      0.31222656	      0.40797342	      0.91850401	     34.96210316	      4.44347325	    -11.63805540	     -8.98254111	     -1.13073714	      8.45489223	      0.04913418	     -0.02261564	      0.00242960	      5.88148246	      1.12971959	     -1.38038034	     -1.33939587	     10.07737173	     -4.48894221	    -20.92511843	     -3.83843205	     -1.75731365	    -12.48509800	    -22.35397603	     14.20714599	      0.04788824	     -0.02245447	     -0.00247155	     -2.78072099	     -1.02928813	      1.87074748	      7.93892889	     -1.44757057	     -1.37480734	    -16.11799763
      0.99500000	      9.28891450	     -3.09672919	     87.49916784	      0.31296539	      0.40780746	      0.91852072	     34.86644255	      4.57726171	    -11.41170610	     -9.95139213	     -1.12959913	      9.10845966	      0.04900348	     -0.02257694	      0.00242960	      7.33303882	      1.05919651	     -1.85174851	     -1.37958323	      9.90307318	     -4.43776147	    -20.86680381	     -4.07009807	     -2.03565307	    -12.33521019	    -23.24387491	     14.39909081	      0.04772862	     -0.02241715	     -0.00247155	     -1.99557632	     -1.04893712	      1.73401494	      8.09082596	     -1.43570103	     -1.18246645	    -16.20287782
      1.00000000	      9.55138469	     -3.11124803	     87.36323618	      0.31352630	      0.40754528	      0.91781996	     35.45236395	      4.70359633	    -11.08106411	    -11.08281058	     -1.11776526	      9.81546340	      0.04884727	     -0.02253163	      0.00242960	      9.10252725	      1.19804659	     -1.79712939	     -1.73489423	      9.25632275	     -4.87366770	    -20.72831176	     -3.56908785	     -2.38467739	    -12.37262844	    -24.53566700	     14.65071327	      0.04749248	     -0.02236293	     -0.00247155	     -1.32783485	     -1.01145265	      1.84174061	      8.39381119	     -1.64019181	     -0.95904754	    -17.01919676
      1.00500000	      9.30151767	     -3.07247552	     87.13988390	      0.31428689	      0.40737150	      0.91819506	     35.25111938	      4.85647524	    -10.83343390	    -11.74593746	     -1.11497093	     10.20283517	      0.04875392	     -0.02250502	      0.00242960	     10.22761920	      1.17347229	     -1.89628011	     -1.65792221	      9.18588474	     -4.83340960	    -20.67594196	     -3.78738458	     -2.69691502	    -12.11908959	    -25.42944903	     14.80819279	      0.04732605	     -0.02232542	     -0.00247155	     -0.48846269	     -1.10144350	      1.72267327	      8.52145499	     -1.63087267	     -0.75473075	    -17.13054028
      1.01000000	      9.17284341	     -3.14114043	     86.90555433	      0.31494803	      0.40702726	      0.91855313	     35.14630494	      5.08592769	    -10.54461205	    -12.34351818	     -1.11120781	     10.53546185	      0.04866865	     -0.02248100	      0.00242960	     11.15517783	      1.12028164	     -1.91188076	     -1.65755522	      9.03461139	     -4.84223314	    -20.63386147	     -3.78608502	     -3.00929430	    -11.87977129	    -26.44883993	     14.97341534	      0.04713323	     -0.02228266	     -0.00247155	      0.45227554	     -1.16796256	      1.63087187	      8.65570612	     -1.61720995	     -0.54051263	    -17.25135273
      1.01500000	      9.11945277	     -3.11475661	     86.71182612	      0.31568622	      0.40665775	      0.91853248	     34.49504514	      5.41856312	     -9.77203077	    -11.57971024	     -0.90989128	     10.10757972	      0.04877744	     -0.02251169	      0.00242960	     13.69228736	      1.56077323	     -1.63211301	     -1.64422752	      7.29166876	     -7.14037145	    -19.96736870	     -3.36111675	     -3.46605427	    -12.03810815	    -27.96762364	     15.19577334	      0.04684009	     -0.02221905	     -0.00247155	      2.37776550	     -1.18070699	      1.85541248	      8.38352595	     -3.21952155	      2.43780888	    -27.07341521
      1.02000000	      8.86026817	     -3.16073451	     86.43292636	      0.31634679	      0.40633461	      0.91935540	     34.11468503	      5.69005475	     -9.43193500	    -12.13159010	     -0.90769066	     10.41925449	      0.04869901	     -0.02248952	      0.00242960	     13.97024815	      1.47497098	     -1.67416591	     -1.64993358	      7.29665447	     -7.05644736	    -19.95345816	     -3.34512811	     -3.80507656	    -11.72894007	    -29.18425292	     15.35772619	      0.04660028	     -0.02216823	     -0.00247155	      3.51557230	     -1.27710910	      1.60080598	      8.46980806	     -3.17753648	      2.66388942	    -26.97469279
      1.02500000	      8.90917296	     -3.23863379	     86.14282511	      0.31683610	      0.40596396	      0.91955844	     34.24819079	      5.97429495	     -9.35802427	    -13.10334300	     -0.89323678	     10.93666345	      0.04855866	     -0.02245041	      0.00242960	     14.01829471	      1.39894693	     -1.78888351	     -2.16493508	      7.13238306	     -6.87426042	    -19.88246081	     -2.55021480	     -4.35628096	    -11.82317754	    -31.19586488	     15.60441091	      0.04619416	     -0.02208461	     -0.00247155	      5.18589132	     -1.30393420	      1.63143077	      8.27596034	     -3.15737740	      3.08853671	    -27.27475391
      1.03000000	      8.54275639	     -3.34485072	     85.82910038	      0.31747019	      0.40553134	      0.92059846	     33.74304134	      6.31409228	     -9.00915530	    -13.75226078	     -0.89034219	     11.26048733	      0.04846331	     -0.02242424	      0.00242960	     14.04904513	      1.35754479	     -1.74403471	     -2.25063968	      7.10540256	     -6.83885536	    -19.86834283	     -2.46298236	     -4.72700592	    -11.58969971	    -32.66809738	     15.77237968	      0.04588948	     -0.02202381	     -0.00247155	      6.68395545	     -1.33226633	      1.21548962	      8.31542453	     -3.06024671	      3.38911824	    -27.25682701
      1.03500000	      8.27734438	     -3.45917470	     85.50553209	      0.31804801	      0.40505090	      0.92146834	     33.44671103	      6.67761816	     -8.77536141	    -14.62399339	     -0.88565399	     11.66956648	      0.04833320	     -0.02238901	      0.00242960	     13.82543868	      1.31893175	     -1.80204881	     -2.55910070	      6.96447462	     -6.87612824	    -19.84748913	     -2.02597506	     -5.22934110	    -11.60210819	    -34.51947930	     15.96937927	      0.04549757	     -0.02194799	     -0.00247155	      8.70303531	     -1.23140785	      0.79028660	      8.37278506	     -2.83724981	      3.80755509	    -27.32963600
      1.04000000	      8.28943222	     -3.58084707	     85.28195285	      0.31853737	      0.40451579	      0.92181375	     33.56104578	      6.94563114	     -8.59173700	    -15.68670588	     -0.81234494	     12.12981104	      0.04817140	     -0.02234597	      0.00242960	     13.23982778	      1.13573263	     -1.64500901	     -4.06256553	      7.32576878	     -4.29406727	    -18.46325474	     -1.09445476	     -5.69843608	    -11.53240464	    -36.46247426	     16.15969609	      0.04507597	     -0.02186932	     -0.00247155	     11.81882698	     -0.96062576	      1.24163089	      4.11651746	      0.84272409	      5.98475729	    -34.53680459
      1.04500000	      7.84605673	     -3.71690005	     85.03520558	      0.31895217	      0.40387406	      0.92295830	     33.05132761	      7.29344797	     -8.03738569	    -16.45501411	     -0.81067418	     12.43745245	      0.04805223	     -0.02231478	      0.00242960	     13.18700612	      1.05936314	     -1.52658838	     -4.12524209	      7.24998230	     -4.32250682	    -18.44590766	     -0.77011103	     -6.05545256	    -11.37878579	    -38.33508126	     16.32785634	      0.04465986	     -0.02179456	     -0.00247155	     13.45434439	     -0.80559064	      0.71400068	      4.30739112	      0.99885957	      6.21938562	    -34.40134258
      1.05000000	      7.79456449	     -3.88621863	     84.72747259	      0.31943152	      0.40306256	      0.92353748	     33.02701807	      7.75492330	     -7.62166087	    -17.39349811	     -0.80811703	     12.78638762	      0.04790416	     -0.02227660	      0.00242960	     12.92281384	      0.92419309	     -1.61636835	     -4.53210535	      6.93031473	     -4.41659521	    -18.39591397	      0.05334784	     -6.62392089	    -11.40540723	    -40.25064161	     16.48506096	      0.04422451	     -0.02171931	     -0.00247155	     15.62895269	     -0.62152237	      0.32928162	      4.56653191	      1.36163015	      6.58988234	    -34.14845362
      1.05500000	      7.42078451	     -4.01730909	     84.60488587	      0.31981222	      0.40230037	      0.92466131	     32.53669138	      8.00687812	     -7.04078718	    -18.07232715	     -0.80777061	     13.02122595	      0.04779534	     -0.02224892	      0.00242960	     12.98383523	      0.78992390	     -1.44617947	     -4.56481728	      6.87607650	     -4.37088629	    -18.37598474	      0.41425462	     -6.80236989	    -11.07005167	    -41.94818619	     16.61240202	      0.04383069	     -0.02165377	     -0.00247155	     16.67008230	     -0.57712364	      0.08300716	      4.59163137	      1.41078303	      6.70549688	    -34.01868787
      1.06000000	      7.48092725	     -4.12754312	     84.30740507	      0.32012061	      0.40136504	      0.92510479	     32.58542180	      8.47829188	     -6.72107391	    -18.92591496	     -0.80769512	     13.29674772	      0.04765643	     -0.02221405	      0.00242960	     12.79930828	      0.61398406	     -1.69239824	     -5.18526118	      6.42280331	     -4.40860276	    -18.30074530	      1.43747349	     -7.34303452	    -10.89102233	    -43.90055018	     16.74557683	      0.04336873	     -0.02157966	     -0.00247155	     18.54835167	     -0.73380773	     -0.17374321	      4.32948958	      1.39055291	      6.93739305	    -33.50795516
      1.06500000	      7.55744085	     -4.22535186	     84.18555176	      0.32025737	      0.40045939	      0.92574635	     32.50600925	      8.77656130	     -6.23145280	    -19.46680333	     -0.83083701	     13.46050636	      0.04756721	     -0.02219191	      0.00242960	     12.89491736	      0.78807733	     -1.47963178	     -6.48976755	      5.73070844	     -2.93378950	    -17.42155218	      2.47717116	     -7.59686641	    -10.46274215	    -45.80930684	     16.86274354	      0.04290808	     -0.02150842	     -0.00247155	     19.78285893	     -0.61953809	      0.67448003	      1.66591150	      1.79601924	      7.28960139	    -29.46972232
      1.07000000	      7.37043724	     -4.25701416	     83.97888206	      0.32052110	      0.39966757	      0.92650956	     32.12616904	      9.06128512	     -6.12512026	    -20.04362218	     -0.83178048	     13.62630892	      0.04747104	     -0.02216827	      0.00242960	     12.55526035	      0.74544939	     -1.51883381	     -6.71937278	      5.57194421	     -2.97584393	    -17.35320431	      3.20863334	     -8.01519755	    -10.23646091	    -47.67636854	     16.96553318	      0.04244919	     -0.02143984	     -0.00247155	     20.87202380	     -0.81388849	      0.49583964	      1.51501864	      1.71862164	      7.37242832	    -29.06188274
      1.07500000	      7.11931237	     -4.29383398	     83.94233277	      0.32068143	      0.39883921	      0.92737317	     31.59168373	      9.18084320	     -5.92630379	    -20.45846883	     -0.83201816	     13.74014739	      0.04740122	     -0.02215125	      0.00242960	     12.34431681	      0.66875400	     -1.43858744	     -6.83763833	      5.47595786	     -3.00018976	    -17.32187850	      3.86167058	     -8.22567988	    -10.00346385	    -49.46932250	     17.05384056	      0.04200107	     -0.02137491	     -0.00247155	     21.71802304	     -0.94720239	      0.36523458	      1.34795022	      1.55628950	      7.40547924	    -28.79537076
      1.08000000	      7.24080876	     -4.27771106	     83.73927181	      0.32084160	      0.39802384	      0.92774090	     31.38658586	      9.44661426	     -6.03660474	    -20.78397110	     -0.83193432	     13.82641124	      0.04734605	     -0.02213787	      0.00242960	     11.79169797	      0.57573523	     -1.34705013	     -7.19948129	      5.17412086	     -3.06929368	    -17.21471252	      5.06971225	     -8.73456088	     -9.81536566	    -51.39153373	     17.13784791	      0.04151284	     -0.02130623	     -0.00247155	     23.12065891	     -1.30659478	      0.44433592	      0.77537269	      1.09203085	      7.48404751	    -27.88813593
      1.08500000	      7.12100444	     -4.27050245	     83.76983409	      0.32098455	      0.39722105	      0.92849294	     30.90766948	      9.46389440	     -6.04379376	    -21.11364270	     -0.82993701	     13.91112090	      0.04728983	     -0.02212432	      0.00242960	     11.25693911	      0.58364106	     -1.02396209	     -7.39390508	      4.41355655	     -2.26863468	    -16.11007087	      5.95272429	     -8.96683817	     -9.66546604	    -53.23436748	     17.20865409	      0.04103749	     -0.02124122	     -0.00247155	     23.62042147	     -0.77970027	      1.14183264	     -0.87971596	      0.87575795	      7.41747925	    -21.71570580
      1.09000000	      6.95337612	     -4.27959189	     83.77568323	      0.32117664	      0.39638011	      0.92935461	     30.31335017	      9.52378388	     -5.99583945	    -21.34275260	     -0.82855766	     13.96845439	      0.04725056	     -0.02211490	      0.00242960	     10.78282925	      0.49152420	     -0.85457584	     -7.49982288	      4.30880870	     -2.35046783	    -16.08104584	      6.72326292	     -9.21258064	     -9.57924662	    -54.85344417	     17.26349479	      0.04061421	     -0.02118471	     -0.00247155	     24.05031609	     -0.74117225	      0.78570499	     -0.97799128	      0.78521446	      7.31164006	    -21.59437871
      1.09500000	      6.79281690	     -4.40311227	     84.01242964	      0.32149470	      0.39549924	      0.93051619	     29.68148304	      9.37434099	     -5.97836710	    -21.48484732	     -0.82815689	     14.00339283	      0.04722612	     -0.02210905	      0.00242960	     10.62024845	      0.42876858	     -0.75980235	     -7.53093953	      4.27334404	     -2.37271731	    -16.07423572	      7.31229495	     -9.16593730	     -9.64261033	    -56.06226363	     17.30020709	      0.04029487	     -0.02114285	     -0.00247155	     24.19362967	     -0.65161252	      0.67525003	     -1.03153107	      0.72876951	      7.22504571	    -21.58301840
      1.10000000	      6.98058012	     -4.20182889	     83.94662348	      0.32153044	      0.39492042	      0.93087111	     29.53718405	      9.35632767	     -6.49439994	    -21.88590369	     -0.81727494	     14.09950448	      0.04715680	     -0.02209254	      0.00242960	      9.72982725	      0.14333135	     -0.26911819	     -7.58066063	      3.83805853	     -2.40486882	    -15.86272016	      8.63449833	     -9.50088661	     -9.32247421	    -57.75674323	     17.34594461	      0.03984261	     -0.02108462	     -0.00247155	     24.14217412	     -0.60147167	      0.32878383	     -1.41258851	      0.58563418	      6.52459410	    -20.80214494
      1.10500000	      6.80711961	     -4.25838747	     84.19371273	      0.32165520	      0.39410469	      0.93222884	     28.88794870	      9.17369982	     -6.47357096	    -21.98994750	     -0.81686647	     14.12384440	      0.04713873	     -0.02208826	      0.00242960	      9.58377951	      0.09620843	     -0.22407934	     -7.61294995	      3.79870898	     -2.41999158	    -15.85527193	      9.25552909	     -9.48843558	     -9.44001997	    -58.79604315	     17.37087175	      0.03956265	     -0.02104913	     -0.00247155	     24.09402287	     -0.48348433	      0.20764160	     -1.51875577	      0.51341084	      6.38842097	    -20.81115532
      1.11000000	      6.90968308	     -4.12438303	     84.03288191	      0.32157506	      0.39347764	      0.93297033	     28.48399405	      9.33457465	     -6.68060313	    -22.01840172	     -0.81359409	     14.13046278	      0.04713379	     -0.02208709	      0.00242960	      8.77639346	     -0.00099837	     -0.03762699	     -7.78436626	      3.57361606	     -2.53352792	    -15.82586223	     10.42633381	     -9.87714452	     -9.16891371	    -60.20479810	     17.40110402	      0.03918015	     -0.02100128	     -0.00247155	     23.43524871	     -0.33543023	     -0.14899227	     -2.01512668	      0.22173172	      5.86572998	    -20.75157875
      1.11500000	      6.77861559	     -4.17147590	     84.26337482	      0.32144079	      0.39279870	      0.93439685	     27.90304734	      9.12918694	     -6.69205646	    -22.12247025	     -0.81310491	     14.15450298	      0.04711567	     -0.02208280	      0.00242960	      8.67015904	     -0.03854704	      0.01291485	     -7.77673740	      3.54052024	     -2.52427998	    -15.81482888	     11.16826505	     -9.84375850	     -9.22971909	    -61.12394676	     17.41874018	      0.03892874	     -0.02097024	     -0.00247155	     23.27707743	     -0.23799139	     -0.19789103	     -2.13457820	      0.13565117	      5.69406415	    -20.75525118
      1.12000000	      6.93567246	     -4.04442452	     84.08939178	      0.32121178	      0.39226027	      0.93531979	     27.51267562	      9.29044471	     -6.85212886	    -22.03115731	     -0.81032938	     14.13342053	      0.04713157	     -0.02208656	      0.00242960	      8.00707059	     -0.09689682	      0.18970956	     -7.84236589	      3.40476613	     -2.55626787	    -15.78196454	     12.41528130	    -10.19229059	     -8.90035632	    -62.30721922	     17.43915794	      0.03860289	     -0.02093071	     -0.00247155	     22.46766012	     -0.21615586	     -0.39218149	     -2.66910937	     -0.20551423	      5.14396137	    -20.69731048
      1.12500000	      6.81390965	     -4.11237927	     84.29560930	      0.32105802	      0.39157828	      0.93688570	     26.93136832	      9.11062821	     -6.83195480	    -22.12208191	     -0.80996929	     14.15441377	      0.04711574	     -0.02208282	      0.00242960	      7.91494694	     -0.11653477	      0.22326494	     -7.81538642	      3.39340760	     -2.53247947	    -15.77125286	     13.15647023	    -10.14681736	     -8.93125857	    -62.99245972	     17.44986372	      0.03841301	     -0.02090816	     -0.00247155	     22.30662920	     -0.14993117	     -0.37925499	     -2.75713413	     -0.27420765	      4.99534670	    -20.69125482
      1.13000000	      6.73633724	     -4.07554426	     84.40988996	      0.32078482	      0.39096490	      0.93835982	     26.35152536	      9.00116288	     -6.77282714	    -22.12171659	     -0.80939538	     14.15433250	      0.04711581	     -0.02208283	      0.00242960	      7.63494854	     -0.13666856	      0.32093428	     -7.79736171	      3.38176660	     -2.52355766	    -15.76264226	     14.03767286	    -10.19788168	     -8.84673830	    -63.72829443	     17.46049252	      0.03820813	     -0.02088428	     -0.00247155	     21.96602245	     -0.09144816	     -0.42686090	     -2.94509610	     -0.40747395	      4.76015936	    -20.69222163
      1.13500000	      6.98367603	     -3.95561086	     84.24366004	      0.32060922	      0.39039735	      0.93944051	     25.84831871	      9.18928201	     -6.84343907	    -21.64255074	     -0.80652233	     14.04162883	      0.04719892	     -0.02210256	      0.00242960	      6.84709190	     -0.10621295	      0.34195923	     -7.73340408	      3.35794735	     -2.42058234	    -15.69647037	     15.30393794	    -10.37945573	     -8.31109942	    -64.47025726	     17.47033675	      0.03800049	     -0.02086065	     -0.00247155	     20.97644298	     -0.03606935	     -0.45050115	     -3.33775172	     -0.60369851	      4.15391326	    -20.49045657
      1.14000000	      6.85396752	     -3.98300725	     84.43014394	      0.32050807	      0.38974037	      0.94104554	     25.23019661	      9.02053979	     -6.74121022	    -21.69639552	     -0.80620440	     14.05455210	      0.04718962	     -0.02210035	      0.00242960	      6.71656934	     -0.12082105	      0.37701558	     -7.68572730	      3.36713802	     -2.38249672	    -15.68372082	     16.04085047	    -10.32421293	     -8.29930421	    -64.89400369	     17.47558819	      0.03788142	     -0.02084738	     -0.00247155	     20.79818613	      0.02916808	     -0.43779098	     -3.38693545	     -0.62985397	      4.02128792	    -20.46311324
      1.14500000	      6.75874668	     -4.06526162	     84.59208875	      0.32037508	      0.38905843	      0.94258804	     24.60300083	      8.89452376	     -6.66796613	    -21.65406403	     -0.80598185	     14.04439327	      0.04719694	     -0.02210209	      0.00242960	      6.48495533	     -0.13102567	      0.42643963	     -7.66078406	      3.37192601	     -2.36580780	    -15.67601892	     16.80988341	    -10.23265111	     -8.23321494	    -65.25681471	     17.47986221	      0.03777917	     -0.02083616	     -0.00247155	     20.54062047	      0.08329711	     -0.42533903	     -3.45473150	     -0.66480844	      3.87768879	    -20.45320477
      1.15000000	      6.93495585	     -3.95899701	     84.61792118	      0.32038663	      0.38860927	      0.94399575	     23.86970372	      8.90236509	     -6.56427325	    -20.94096842	     -0.80481175	     13.86709994	      0.04731932	     -0.02213142	      0.00242960	      5.61159506	     -0.11509660	      0.52430437	     -7.59206348	      3.40025315	     -2.31007489	    -15.64032414	     17.84644961	    -10.07956849	     -7.69445341	    -65.47517256	     17.48234549	      0.03771751	     -0.02082948	     -0.00247155	     19.67162234	      0.16125201	     -0.50429472	     -3.67171972	     -0.68715499	      3.49401100	    -20.34057574
      1.15500000	      6.81391685	     -4.03864781	     84.80213468	      0.32021229	      0.38801788	      0.94552665	     23.24741114	      8.73307477	     -6.52147130	    -20.94962666	     -0.80463376	     13.86931264	      0.04731785	     -0.02213107	      0.00242960	      5.51712411	     -0.11980970	      0.52813862	     -7.52949494	      3.42383713	     -2.26148259	    -15.62625771	     18.55078249	     -9.97577858	     -7.69363278	    -65.62395180	     17.48399961	      0.03767544	     -0.02082496	     -0.00247155	     19.50117988	      0.21421638	     -0.49746132	     -3.68479972	     -0.66441654	      3.40557234	    -20.30712030
      1.16000000	      6.87397978	     -4.03674679	     84.95491528	      0.32017947	      0.38754514	      0.94708394	     22.44041544	      8.59759360	     -6.47590683	    -20.30152078	     -0.80353416	     13.69762124	      0.04742770	     -0.02215769	      0.00242960	      4.87091418	     -0.12001853	      0.63394166	     -7.32229667	      3.51942857	     -2.11397338	    -15.57318727	     19.38503139	     -9.67479265	     -7.30965179	    -65.57908987	     17.48350318	      0.03768813	     -0.02082632	     -0.00247155	     18.82279144	      0.29797080	     -0.62492257	     -3.79278423	     -0.53205334	      3.14741019	    -20.12755021
      1.16500000	      6.75585332	     -4.13294200	     85.14712053	      0.31998221	      0.38693061	      0.94852963	     21.82449494	      8.41130663	     -6.44433573	    -20.30947591	     -0.80333405	     13.69977153	      0.04742636	     -0.02215736	      0.00242960	      4.75561564	     -0.13018628	      0.64897127	     -7.25316457	      3.54278221	     -2.06681734	    -15.55951696	     20.07761033	     -9.55961106	     -7.33635666	    -65.57147560	     17.48341834	      0.03769028	     -0.02082655	     -0.00247155	     18.63394168	      0.33667697	     -0.62421108	     -3.80979391	     -0.49764984	      3.07054833	    -20.08933582
      1.17000000	      6.75314359	     -4.18875097	     85.40752068	      0.31990416	      0.38640471	      0.94994490	     21.11060344	      8.15923561	     -6.40062054	    -19.93606847	     -0.80311268	     13.59606995	      0.04748905	     -0.02217268	      0.00242960	      4.32054475	     -0.14636232	      0.77985357	     -7.13280678	      3.60027474	     -2.00854396	    -15.54204507	     20.81625214	     -9.28248811	     -7.26942523	    -65.40532455	     17.48155718	      0.03773724	     -0.02083161	     -0.00247155	     18.14578563	      0.38296448	     -0.65457720	     -3.89054966	     -0.44432625	      2.91774667	    -20.03129567
      1.17500000	      6.77807059	     -4.23080258	     85.62917573	      0.31995239	      0.38588314	      0.95143282	     20.35475121	      7.94792456	     -6.38909095	    -19.44174663	     -0.80272120	     13.45309837	      0.04757136	     -0.02219294	      0.00242960	      3.79678332	     -0.14878698	      0.90326808	     -6.95899809	      3.68441811	     -1.92188638	    -15.51614672	     21.46544565	     -8.96682136	     -7.09525578	    -64.96928086	     17.47648440	      0.03786022	     -0.02084504	     -0.00247155	     17.48771834	      0.45250517	     -0.74792415	     -3.99579026	     -0.33973896	      2.73863709	    -19.93823598
      1.18000000	      6.72075543	     -4.28293211	     85.83745555	      0.31989709	      0.38534734	      0.95282682	     19.62647856	      7.74217120	     -6.38677824	    -19.13595901	     -0.80231889	     13.36133107	      0.04762189	     -0.02220546	      0.00242960	      3.46264124	     -0.15213691	      0.93059656	     -6.79010943	      3.75318347	     -1.82513185	    -15.48709350	     22.08401739	     -8.72041746	     -7.01135161	    -64.58542295	     17.47178799	      0.03796816	     -0.02085703	     -0.00247155	     16.93365176	      0.54224585	     -0.83582780	     -4.05850951	     -0.20433716	      2.59749140	    -19.84377730
      1.18500000	      6.62124115	     -4.41842594	     85.90820952	      0.31968856	      0.38463490	      0.95406128	     19.14309856	      7.69168543	     -6.37633075	    -19.32417624	     -0.80222325	     13.41811431	      0.04759083	     -0.02219775	      0.00242960	      3.45221913	     -0.14783149	      0.90246155	     -6.76866678	      3.75408448	     -1.81448960	    -15.48565125	     22.70060814	     -8.72136834	     -7.02524403	    -64.18622061	     17.46666810	      0.03808010	     -0.02086964	     -0.00247155	     16.82496395	      0.53403352	     -0.81113719	     -4.06393345	     -0.19890611	      2.57390787	    -19.83620646
      1.19000000	      6.78100248	     -4.53221552	     86.30609467	      0.31981303	      0.38403765	      0.95530509	     18.37998990	      7.31910221	     -6.38306868	    -18.54591652	     -0.80235848	     13.17672955	      0.04771855	     -0.02222958	      0.00242960	      2.82651470	     -0.18741750	      1.06483692	     -6.61480232	      3.82041155	     -1.75181617	    -15.46681727	     23.30711931	     -8.25479838	     -7.04594951	    -63.37059886	     17.45543521	      0.03830785	     -0.02089584	     -0.00247155	     15.79022873	      0.63858712	     -0.87515761	     -4.22272871	     -0.08010571	      2.35267228	    -19.80160130
      1.19500000	      6.55594854	     -4.53443632	     86.45136737	      0.31971748	      0.38352846	      0.95675986	     17.34199729	      7.17232019	     -6.32825861	    -17.97741464	     -0.80090546	     12.98923740	      0.04781064	     -0.02225279	      0.00242960	      2.42059255	     -0.24338062	      0.97621306	     -6.17501888	      3.91074351	     -1.47039874	    -15.37633702	     23.69324344	     -7.95660738	     -6.76346359	    -62.78363220	     17.44668520	      0.03847097	     -0.02091500	     -0.00247155	     14.77453686	      0.86152277	     -1.19884994	     -4.27657035	      0.47013996	      2.20430991	    -19.49306086
      1.20000000	      6.61728569	     -4.69819757	     86.61614640	      0.31958036	      0.38281516	      0.95767823	     16.85953571	      7.04016272	     -6.34133838	    -17.85841929	     -0.80038850	     12.94877731	      0.04782979	     -0.02225765	      0.00242960	      2.22383894	     -0.27803062	      0.97499972	     -6.09351131	      3.88984812	     -1.41954434	    -15.35429348	     24.31646541	     -7.88735027	     -6.90388768	    -62.02280421	     17.43447827	      0.03868144	     -0.02094016	     -0.00247155	     14.36855763	      0.85922712	     -1.21074316	     -4.32213823	      0.60274056	      2.14971195	    -19.41227278
      1.20500000	      6.68371027	     -4.85784089	     86.80823957	      0.31946286	      0.38209211	      0.95853524	     16.34411517	      6.88205042	     -6.30450862	    -17.66709850	     -0.80010306	     12.88274643	      0.04786048	     -0.02226545	      0.00242960	      1.97305031	     -0.31682659	      1.03312891	     -6.00573865	      3.88017912	     -1.37462198	    -15.33774202	     24.91719228	     -7.75150510	     -7.00142429	    -61.18969389	     17.41994088	      0.03891070	     -0.02096803	     -0.00247155	     13.87365305	      0.86405654	     -1.23344661	     -4.39872962	      0.71627647	      2.08090664	    -19.35485218
      1.21000000	      6.73439337	     -5.03437087	     87.04761144	      0.31928351	      0.38143677	      0.95929176	     15.75472973	      6.66964979	     -6.24505966	    -17.34921702	     -0.79979949	     12.77054641	      0.04791121	     -0.02227840	      0.00242960	      1.65519898	     -0.36127338	      1.10064381	     -5.87505269	      3.87325334	     -1.30691436	    -15.31466323	     25.48332023	     -7.53003116	     -7.07857319	    -60.30989179	     17.40320189	      0.03915148	     -0.02099772	     -0.00247155	     13.29703505	      0.90443233	     -1.30867446	     -4.49198554	      0.89079357	      2.01298746	    -19.27226807
      1.21500000	      6.76646295	     -5.17540650	     87.14082773	      0.31903117	      0.38077308	      0.95991137	     15.28006597	      6.59442704	     -6.23815338	    -17.27482752	     -0.79952127	     12.74383074	      0.04792304	     -0.02228143	      0.00242960	      1.45906107	     -0.35980446	      1.10246519	     -5.81816955	      3.86113788	     -1.28451450	    -15.30547855	     26.04532890	     -7.49374587	     -7.13076202	    -59.38410861	     17.38398147	      0.03940340	     -0.02102912	     -0.00247155	     12.99656126	      0.90413226	     -1.35676535	     -4.54391031	      0.98380332	      1.99114364	    -19.22143628
      1.22000000	      6.81692464	     -5.36009557	     87.48440795	      0.31884589	      0.38011588	      0.96058951	     14.47516885	      6.28554618	     -6.06786542	    -16.55509199	     -0.79864148	     12.47604821	      0.04803657	     -0.02231071	      0.00242960	      0.93924317	     -0.39333360	      1.16732959	     -5.51543107	      3.87362118	     -1.13904289	    -15.25553814	     26.49851843	     -7.09147682	     -7.14486991	    -58.27702069	     17.35870956	      0.03970270	     -0.02106683	     -0.00247155	     12.32792994	      1.07756401	     -1.61098055	     -4.65282218	      1.42686109	      1.95567104	    -19.02858018
      1.22500000	      6.87794766	     -5.53508332	     87.48110405	      0.31853121	      0.37938879	      0.96094612	     14.07431518	      6.31090978	     -6.10638075	    -16.55810463	     -0.79806831	     12.47720649	      0.04803610	     -0.02231059	      0.00242960	      0.77181110	     -0.36527343	      1.12527853	     -5.47139103	      3.85181963	     -1.12908546	    -15.24662973	     27.04216931	     -7.18140853	     -7.19616566	    -57.20769602	     17.33183156	      0.03998973	     -0.02110344	     -0.00247155	     12.13652750	      1.05597990	     -1.65664938	     -4.69512613	      1.52666844	      1.95666212	    -18.97060879
      1.23000000	      6.99063035	     -5.73711721	     87.76706399	      0.31829572	      0.37871630	      0.96138428	     13.34445137	      6.06415921	     -5.93243737	    -15.85474448	     -0.79599678	     12.19883892	      0.04814549	     -0.02233916	      0.00242960	      0.26204728	     -0.37591830	      1.15557634	     -5.07270068	      3.86201169	     -0.96587211	    -15.17899113	     27.47529813	     -6.88248240	     -7.24565706	    -55.88625220	     17.29507991	      0.04034154	     -0.02114893	     -0.00247155	     11.61896046	      1.24369729	     -1.92823291	     -4.83700601	      2.09323620	      1.91884388	    -18.74852531
      1.23500000	      7.06976253	     -5.87514854	     87.71703808	      0.31793730	      0.37801827	      0.96146603	     12.98492824	      6.12211067	     -5.98513711	    -15.91138710	     -0.79532437	     12.22185891	      0.04813674	     -0.02233686	      0.00242960	      0.11318524	     -0.34855383	      1.13448691	     -5.03348503	      3.84188008	     -0.96574421	    -15.17245968	     28.02876929	     -7.05319093	     -7.30713155	    -54.75401510	     17.26031722	      0.04064035	     -0.02118816	     -0.00247155	     11.45324469	      1.19530575	     -1.96459604	     -4.90274695	      2.15955576	      1.91026216	    -18.70493128
      1.24000000	      7.23133488	     -6.10448239	     87.74376924	      0.31757946	      0.37729777	      0.96146497	     12.62780725	      6.12355159	     -6.02368707	    -15.79573373	     -0.79467360	     12.17467562	      0.04815460	     -0.02234155	      0.00242960	     -0.14812314	     -0.33370076	      1.20159889	     -4.95523328	      3.84113959	     -0.96223868	    -15.16664372	     28.55251403	     -7.12490770	     -7.40544784	    -53.42705444	     17.21553250	      0.04098739	     -0.02123447	     -0.00247155	     11.20739378	      1.17800277	     -2.03692801	     -4.99443868	      2.24957142	      1.89128322	    -18.66249069
      1.24500000	      7.40013203	     -6.31978528	     87.81416669	      0.31723008	      0.37664074	      0.96138105	     12.23998915	      6.07377397	     -6.03578477	    -15.60552371	     -0.79404027	     12.09605099	      0.04818388	     -0.02234926	      0.00242960	     -0.45112188	     -0.32813811	      1.30176533	     -4.84790207	      3.85296587	     -0.95167360	    -15.16093422	     29.04631139	     -7.13473095	     -7.49408180	    -52.02564508	     17.16325487	      0.04135006	     -0.02128377	     -0.00247155	     10.93729986	      1.18330672	     -2.13979832	     -5.10709951	      2.35465601	      1.87014812	    -18.61801396
      1.25000000	      7.55337329	     -6.53071085	     87.87949556	      0.31688688	      0.37601875	      0.96122733	     11.83204927	      6.02446180	     -6.06239119	    -15.40504286	     -0.79337764	     12.01178817	      0.04821462	     -0.02235739	      0.00242960	     -0.75465906	     -0.32432339	      1.38950641	     -4.73380112	      3.86644926	     -0.93711511	    -15.15571225	     29.49387235	     -7.13196098	     -7.54540995	    -50.55962808	     17.10280266	      0.04172511	     -0.02133584	     -0.00247155	     10.67722406	      1.19583041	     -2.26793740	     -5.23804586	      2.46714950	      1.85835888	    -18.56718124
      1.25500000	      7.44049402	     -6.57028239	     88.11737974	      0.31675315	      0.37568153	      0.96162972	     10.70603261	      5.73191362	     -6.23531235	    -14.38815132	     -0.78516346	     11.56185677	      0.04836864	     -0.02239855	      0.00242960	     -1.28463332	     -0.47367414	      1.23963862	     -3.66473402	      3.77775573	     -0.49500975	    -14.99779608	     29.51003331	     -6.64993391	     -7.14558898	    -48.78092460	     17.02110366	      0.04217397	     -0.02139973	     -0.00247155	     10.41758484	      1.68174127	     -2.66721797	     -6.25799833	      3.72554110	      1.75021351	    -18.05665054
      1.26000000	      7.59420412	     -6.76906210	     87.99730980	      0.31635823	      0.37506149	      0.96113407	     10.44010145	      5.87559087	     -6.34974855	    -14.45437722	     -0.78412146	     11.59225288	      0.04835870	     -0.02239587	      0.00242960	     -1.48037767	     -0.44786753	      1.23235761	     -3.66235394	      3.72551163	     -0.51489678	    -14.99582525	     30.03083627	     -6.92716121	     -7.25617396	    -47.41349204	     16.95174290	      0.04251429	     -0.02144943	     -0.00247155	     10.25037979	      1.58248830	     -2.71453517	     -6.39381470	      3.77238504	      1.74514410	    -18.01180949
      1.26500000	      7.83400035	     -7.02760604	     88.23720290	      0.31607925	      0.37451966	      0.96074951	     10.06443071	      5.64331329	     -6.33289041	    -14.14231569	     -0.78168840	     11.44719797	      0.04840539	     -0.02240849	      0.00242960	     -1.88268496	     -0.52013077	      1.43456566	     -3.42649516	      3.67197390	     -0.43074511	    -14.97331135	     30.36782701	     -6.69962812	     -7.27110073	    -45.56909023	     16.84868691	      0.04296653	     -0.02151733	     -0.00247155	     10.02731425	      1.61432288	     -2.84060707	     -6.76047872	      4.07093212	      1.75351146	    -17.87586938
      1.27000000	      7.92077964	     -7.17322075	     88.26119846	      0.31578269	      0.37403863	      0.96026547	      9.61785459	      5.60885992	     -6.44193045	    -14.00769866	     -0.77886401	     11.38341265	      0.04842543	     -0.02241392	      0.00242960	     -2.21459153	     -0.53951737	      1.47174731	     -3.22657538	      3.58624132	     -0.35665155	    -14.95060426	     30.69022405	     -6.71467298	     -7.22826063	    -43.91658143	     16.74661454	      0.04336489	     -0.02157905	     -0.00247155	     10.02838140	      1.69573261	     -2.99526853	     -7.17272321	      4.36543995	      1.78330300	    -17.72745478
      1.27500000	      8.04071628	     -7.35565417	     88.12857394	      0.31543424	      0.37361329	      0.95956017	      9.26898278	      5.75146621	     -6.58483932	    -13.98614848	     -0.77715450	     11.37312812	      0.04842863	     -0.02241479	      0.00242960	     -2.50181552	     -0.51520130	      1.47555622	     -3.16920133	      3.51848705	     -0.35663823	    -14.94594325	     31.09853100	     -6.95778772	     -7.30044270	    -42.36167084	     16.64175973	      0.04373364	     -0.02163796	     -0.00247155	      9.98476275	      1.69054265	     -3.14968135	     -7.43449313	      4.49267914	      1.80643939	    -17.64691811
      1.28000000	      8.18430356	     -7.38071343	     88.38508888	      0.31504636	      0.37349019	      0.95891327	      8.74780584	      5.44164414	     -6.87252362	    -13.63059297	     -0.69033952	     11.20104117	      0.04848129	     -0.02242915	      0.00242960	     -3.45887301	     -0.59958099	      0.90982466	      0.30240848	     -0.21192883	      1.63146577	    -14.06954505	     31.38909201	     -6.46552151	     -6.66260244	    -40.36385800	     16.49389421	      0.04419847	     -0.02171491	     -0.00247155	     11.23510986	      2.04114241	     -2.80021101	    -13.99763734	     12.13446971	     -0.07605199	    -16.27384034
      1.28500000	      8.31980628	     -7.57086530	     88.18043717	      0.31474605	      0.37304985	      0.95793933	      8.42658657	      5.66373287	     -7.00126105	    -13.64475848	     -0.68921292	     11.20799402	      0.04847920	     -0.02242858	      0.00242960	     -3.73755549	     -0.52981893	      0.92946596	      0.27335082	     -0.24527116	      1.59883268	    -14.06874883	     31.79847548	     -6.82717864	     -6.77156692	    -38.81293099	     16.36844859	      0.04455217	     -0.02177567	     -0.00247155	     11.13023816	      1.89571684	     -2.89569815	    -14.04909266	     12.11296338	     -0.09779934	    -16.25536996
      1.29000000	      8.38677887	     -7.63002783	     88.29860910	      0.31465008	      0.37277006	      0.95732150	      7.82472979	      5.52467085	     -7.06290460	    -13.28955984	     -0.68601532	     11.03131889	      0.04853143	     -0.02244290	      0.00242960	     -4.08052737	     -0.50296626	      0.96749835	      0.38804677	     -0.27610213	      1.66180715	    -14.02554581	     31.77157173	     -6.66080816	     -6.63983526	    -36.57639333	     16.17038037	      0.04505095	     -0.02186474	     -0.00247155	     11.28574677	      1.92374142	     -3.07324629	    -14.17208909	     12.12321501	     -0.21955565	    -16.20510263
      1.29500000	      8.52100251	     -7.77315108	     88.00045261	      0.31441204	      0.37240885	      0.95613545	      7.51330459	      5.83938380	     -7.26536974	    -13.33975107	     -0.68478501	     11.05655109	      0.04852407	     -0.02244088	      0.00242960	     -4.33292224	     -0.43135873	      0.95355820	      0.35470128	     -0.31474127	      1.61428174	    -14.02511002	     32.20780857	     -7.10788354	     -6.69063725	    -35.06833621	     16.02482055	      0.04537954	     -0.02192567	     -0.00247155	     11.19994287	      1.82128707	     -3.15077475	    -14.25553434	     12.11330800	     -0.21800261	    -16.17384238
      1.30000000	      8.64672811	     -7.77366194	     88.06714005	      0.31431503	      0.37225886	      0.95532446	      6.97925687	      5.76840921	     -7.40946610	    -12.98100090	     -0.68132497	     10.87366539	      0.04857648	     -0.02245534	      0.00242960	     -4.59975721	     -0.43620700	      0.98998798	      0.51671432	     -0.33700063	      1.64352460	    -13.97564875	     32.13651031	     -6.93289193	     -6.38139404	    -32.60428760	     15.76535405	      0.04590284	     -0.02202644	     -0.00247155	     11.47328558	      1.90677860	     -3.26653506	    -14.48617129	     12.19118123	     -0.21306928	    -16.05874351
      1.30500000	      8.76353303	     -7.82971728	     87.89437547	      0.31413317	      0.37209436	      0.95420359	      6.48478844	      5.95368777	     -7.54111548	    -12.70664333	     -0.67138065	     10.73016453	      0.04861630	     -0.02246638	      0.00242960	     -4.81237340	     -0.42570147	      0.89178787	      0.83317514	     -0.50466021	      1.67638386	    -13.83212001	     32.24445974	     -7.05124046	     -6.01391461	    -30.45946525	     15.51650261	      0.04634420	     -0.02211515	     -0.00247155	     11.98732298	      2.12079495	     -3.25434529	    -15.24265343	     12.26829691	     -0.53143908	    -15.92250680
      1.31000000	      8.87812818	     -7.89269476	     87.61287171	      0.31389283	      0.37184319	      0.95264014	      6.18181646	      6.24133618	     -7.70644122	    -12.81150679	     -0.67026461	     10.78536066	      0.04860111	     -0.02246216	      0.00242960	     -5.03224944	     -0.36847739	      0.87248400	      0.78506591	     -0.55168508	      1.61949102	    -13.83294555	     32.78303524	     -7.49693313	     -6.17733009	    -29.19865069	     15.35957497	      0.04659741	     -0.02216763	     -0.00247155	     11.89773331	      2.01399800	     -3.30882507	    -15.28445646	     12.30244953	     -0.50223821	    -15.89495223
      1.31500000	      9.17612693	     -8.07020994	     87.55838918	      0.31369620	      0.37151786	      0.95134200	      5.94923332	      6.32506391	     -7.72515636	    -12.67189892	     -0.66682042	     10.71177058	      0.04862132	     -0.02246778	      0.00242960	     -5.37701553	     -0.36387041	      0.94170645	      0.86457631	     -0.60807082	      1.57392005	    -13.80386756	     32.74187106	     -7.59718682	     -6.01089866	    -26.51608061	     14.98382581	      0.04712040	     -0.02227984	     -0.00247155	     12.11708620	      1.87240465	     -3.28129978	    -15.25915899	     12.62685835	     -0.24893118	    -15.75685653
      1.32000000	      9.32746839	     -8.18116172	     87.24662814	      0.31346191	      0.37127994	      0.94971983	      5.65699187	      6.64625173	     -7.88404079	    -12.72989782	     -0.66511414	     10.74244103	      0.04861293	     -0.02246545	      0.00242960	     -5.64393881	     -0.29835094	      0.93083299	      0.85104173	     -0.64845294	      1.51142891	    -13.80128078	     33.15704591	     -8.04255494	     -6.09558252	    -24.96088722	     14.72720983	      0.04741361	     -0.02234509	     -0.00247155	     12.10621480	      1.74892304	     -3.27631169	    -15.32545045	     12.69352075	     -0.16818213	    -15.69949296
      1.32500000	      9.55667976	     -8.30304790	     86.99834769	      0.31330034	      0.37099811	      0.94810459	      5.40616718	      6.91601747	     -7.98399808	    -12.72349706	     -0.66318775	     10.73906358	      0.04861386	     -0.02246571	      0.00242960	     -5.93873218	     -0.24428802	      0.95072895	      0.87379138	     -0.67512287	      1.44693340	    -13.79823098	     33.42511315	     -8.39634616	     -6.11426397	    -23.00230178	     14.34858561	      0.04777220	     -0.02242728	     -0.00247155	     12.13454700	      1.58183825	     -3.20274013	    -15.30855309	     12.84723345	      0.00031301	    -15.61813075
      1.33000000	      9.67829128	     -8.33725999	     87.08161141	      0.31314705	      0.37095941	      0.94696799	      4.97550837	      6.80840182	     -7.97345111	    -12.57971660	     -0.65730320	     10.66273891	      0.04863464	     -0.02247149	      0.00242960	     -6.08101333	     -0.23478383	      0.83432474	      1.11673981	     -0.71884906	      1.36220988	    -13.74725514	     33.07303782	     -8.23622210	     -5.95138452	    -20.10041894	     13.64221252	      0.04828117	     -0.02254874	     -0.00247155	     12.73671464	      1.56343040	     -3.31128788	    -15.59088566	     13.12211455	      0.34747765	    -15.39254509
      1.33500000	      9.81782336	     -8.37350220	     86.75221488	      0.31297759	      0.37087694	      0.94517136	      4.68289812	      7.12720016	     -8.12472922	    -12.68824719	     -0.65610009	     10.72043329	      0.04861896	     -0.02246713	      0.00242960	     -6.29350362	     -0.16676414	      0.81302766	      1.09819947	     -0.74818333	      1.29695123	    -13.75068715	     33.69275849	     -8.67800880	     -6.15549800	    -19.01861291	     13.32545386	      0.04846397	     -0.02259383	     -0.00247155	     12.55555970	      1.46526900	     -3.21561148	    -15.62799556	     13.14835127	      0.36611897	    -15.38361050
      1.34000000	     10.13289450	     -8.54311301	     86.41401596	      0.31283115	      0.37067958	      0.94337761	      4.51717062	      7.48507743	     -8.17655403	    -12.66573891	     -0.65427381	     10.70850612	      0.04862222	     -0.02246803	      0.00242960	     -6.57490099	     -0.09816892	      0.87758147	      1.16484590	     -0.74255468	      1.22266382	    -13.75291310	     34.05706492	     -9.14097601	     -6.27774021	    -17.16141103	     12.70275385	      0.04876897	     -0.02267093	     -0.00247155	     12.31123440	      1.28599371	     -2.96359114	    -15.49237831	     13.35301912	      0.50980193	    -15.36447657
      1.34500000	     10.24111564	     -8.62796811	     86.45394493	      0.31283580	      0.37059950	      0.94217574	      4.08469474	      7.42030907	     -8.00184167	    -12.58072631	     -0.64894422	     10.66327374	      0.04863450	     -0.02247145	      0.00242960	     -6.66786721	     -0.06559671	      0.70296431	      1.46586130	     -0.71729337	      1.06769766	    -13.72112572	     33.67396039	     -9.08376209	     -6.43802556	    -14.40012720	     11.56729809	      0.04920212	     -0.02278488	     -0.00247155	     12.54229036	      1.11904666	     -3.09296887	    -15.21254132	     13.85990453	      0.96857583	    -15.27493657
      1.35000000	     10.42497889	     -8.69295595	     86.12998964	      0.31272451	      0.37058322	      0.94043345	      3.82373856	      7.72769716	     -8.11052113	    -12.66574795	     -0.64730872	     10.70850976	      0.04862221	     -0.02246803	      0.00242960	     -6.88352688	      0.00531442	      0.68919732	      1.49655928	     -0.72072187	      0.98589242	    -13.72457019	     34.27508672	     -9.48422722	     -6.68098922	    -13.33680585	     11.05508620	      0.04936251	     -0.02282855	     -0.00247155	     12.24378090	      1.00462539	     -2.90043811	    -15.18835986	     13.91323194	      0.98653860	    -15.29564652
      1.35500000	     10.65060366	     -8.78058202	     85.84492946	      0.31268856	      0.37055549	      0.93870756	      3.59076163	      7.99520979	     -8.16457095	    -12.73823780	     -0.64576940	     10.74683984	      0.04861173	     -0.02246511	      0.00242960	     -7.08128912	      0.07709739	      0.68307355	      1.55447869	     -0.70074816	      0.91059735	    -13.72929203	     34.77167094	     -9.84163305	     -6.99809603	    -12.08202968	     10.39180077	      0.04954724	     -0.02287994	     -0.00247155	     11.88176350	      0.86466949	     -2.65846598	    -15.05505137	     14.04799746	      1.05046034	    -15.32051327
      1.36000000	     10.80545434	     -8.90385300	     85.82397137	      0.31277466	      0.37051151	      0.93730473	      3.27880270	      7.96822551	     -7.88768609	    -12.81185878	     -0.64276441	     10.78554444	      0.04860106	     -0.02246215	      0.00242960	     -7.17564043	      0.12012585	      0.67765394	      1.82787443	     -0.58716175	      0.80747355	    -13.72776395	     34.68157376	     -9.89233235	     -7.35578877	    -10.01832394	      9.15193581	      0.04984047	     -0.02296411	     -0.00247155	     11.57427102	      0.65527804	     -2.48101900	    -14.53358844	     14.50546695	      1.35642602	    -15.34634580
      1.36500000	     10.93150416	     -8.98172752	     85.63474734	      0.31284210	      0.37052413	      0.93580282	      2.95183629	      8.10880228	     -7.90741882	    -12.92219828	     -0.63992313	     10.84313316	      0.04858503	     -0.02245770	      0.00242960	     -7.36318846	      0.18072521	      0.61133675	      1.97669747	     -0.55108429	      0.65725602	    -13.73319912	     34.93918990	    -10.09502925	     -7.70864889	     -8.69554388	      8.25245689	      0.05002156	     -0.02301785	     -0.00247155	     11.20849250	      0.47809526	     -2.37580262	    -14.23281657	     14.73780350	      1.49883847	    -15.40578378
      1.37000000	     11.08566891	     -9.06810942	     85.46084141	      0.31293081	      0.37058114	      0.93427911	      2.67608431	      8.22098464	     -7.97481470	    -13.06730227	     -0.63795640	     10.91810432	      0.04856391	     -0.02245186	      0.00242960	     -7.48858602	      0.22375569	      0.55036479	      2.06519242	     -0.53569605	      0.54415458	    -13.74040205	     35.35252373	    -10.29393426	     -8.09664853	     -7.71536206	      7.52969535	      0.05015229	     -0.02305755	     -0.00247155	     10.80382175	      0.37937143	     -2.25301979	    -14.02127352	     14.87408471	      1.55116151	    -15.47538204
      1.37500000	     11.11815044	     -8.98996348	     85.37540152	      0.31293867	      0.37086057	      0.93288901	      2.31260823	      8.22409511	     -7.91780170	    -13.29342813	     -0.63764207	     11.03322206	      0.04853086	     -0.02244275	      0.00242960	     -7.48907003	      0.22705826	      0.55729941	      2.08944692	     -0.52210961	      0.53286828	    -13.74391656	     35.98379811	    -10.31559756	     -8.24292390	     -7.44081171	      7.31835541	      0.05018838	     -0.02306865	     -0.00247155	     10.66127029	      0.36862386	     -2.18620582	    -13.98996799	     14.86393696	      1.53914658	    -15.49043387
      1.38000000	     11.20349348	     -9.23868201	     85.42549755	      0.31329589	      0.37084645	      0.93157912	      2.13257487	      8.01239007	     -8.10437337	    -13.83958260	     -0.60409383	     11.30280306	      0.04845038	     -0.02242071	      0.00242960	     -7.85068069	      0.00939494	      0.33162818	      3.72518624	     -0.52701940	     -0.99865198	    -13.89515465	     35.61213220	    -10.28296768	     -8.93798546	     -5.46334534	      5.67610101	      0.05044153	     -0.02314833	     -0.00247155	     10.04521386	      0.01754199	     -2.42281005	    -11.98939964	     14.53885545	      1.82018759	    -16.53292811
      1.38500000	     11.37520861	     -9.31533500	     85.28683037	      0.31350854	      0.37095137	      0.93011694	      1.90083070	      8.08996915	     -8.03945829	    -14.03749055	     -0.60299980	     11.39757353	      0.04842100	     -0.02241272	      0.00242960	     -7.87208495	      0.04293081	      0.34127472	      3.74778088	     -0.51845723	     -1.01714978	    -13.90622022	     36.16886862	    -10.42256755	     -9.20375689	     -5.08856987	      5.34032565	      0.05048817	     -0.02316338	     -0.00247155	      9.51328008	      0.08532036	     -2.20764836	    -11.89386269	     14.58262892	      1.77066360	    -16.60756299
      1.39000000	     11.47029930	     -9.30792581	     85.19075039	      0.31370108	      0.37118510	      0.92881425	      1.61216037	      8.09722984	     -7.96589509	    -14.29065707	     -0.60270442	     11.51659068	      0.04838323	     -0.02240249	      0.00242960	     -7.84758752	      0.05947517	      0.34332275	      3.76021695	     -0.50567720	     -1.01858012	    -13.91129032	     36.73345715	    -10.46143174	     -9.33909691	     -4.96320600	      5.22614437	      0.05050367	     -0.02316840	     -0.00247155	      9.30100800	      0.12425493	     -2.14239886	    -11.86654034	     14.56726679	      1.73764384	    -16.63366397
      1.39500000	     11.55017805	     -9.48584067	     85.08395199	      0.31411104	      0.37122976	      0.92757590	      1.35835090	      8.09507394	     -7.82776643	    -14.64497627	     -0.60159666	     11.67905598	      0.04833004	     -0.02238817	      0.00242960	     -7.83658136	      0.13568341	      0.33946226	      3.84402957	     -0.45279319	     -1.04986317	    -13.93010102	     36.96600331	    -10.58340066	     -9.64469486	     -4.54599063	      4.83971433	      0.05055491	     -0.02318512	     -0.00247155	      8.41805245	      0.32307214	     -2.01874523	    -11.65642826	     14.75424972	      1.63587273	    -16.79417822
      1.40000000	     11.59756369	     -9.48922434	     85.01847146	      0.31448016	      0.37141238	      0.92646552	      1.03047862	      8.05239434	     -7.72881357	    -14.91821690	     -0.60130947	     11.80111911	      0.04828875	     -0.02237711	      0.00242960	     -7.80074874	      0.15094409	      0.35979163	      3.88916114	     -0.42050664	     -1.04774459	    -13.93745734	     37.31617675	    -10.56630840	     -9.72338886	     -4.48556119	      4.78290162	      0.05056229	     -0.02318754	     -0.00247155	      8.24064326	      0.37919101	     -2.02365700	    -11.60572153	     14.77451947	      1.60849094	    -16.83042468
      1.40500000	     11.70207804	     -9.57032122	     84.96550699	      0.31495777	      0.37153469	      0.92533185	      0.70119132	      8.00112051	     -7.71178844	    -15.07433976	     -0.60128603	     11.86962118	      0.04826506	     -0.02237079	      0.00242960	     -7.77567941	      0.14868737	      0.36270239	      3.89307970	     -0.41708445	     -1.04508609	    -13.93838126	     37.60308933	    -10.56962222	     -9.72179529	     -4.41608182	      4.71730868	      0.05057076	     -0.02319032	     -0.00247155	      8.21443113	      0.38456359	     -2.03119841	    -11.60498562	     14.77729718	      1.60601953	    -16.83235545
      1.41000000	     11.54060380	     -9.62925823	     84.95567693	      0.31541368	      0.37165863	      0.92456360	      0.26228677	      7.82443505	     -7.40633103	    -15.55168959	     -0.60085327	     12.07357844	      0.04819215	     -0.02235145	      0.00242960	     -7.58206244	      0.21082837	      0.49923725	      4.12373156	     -0.26584400	     -0.99360391	    -13.95316539	     37.54943696	    -10.49373042	     -9.61977955	     -4.48602748	      4.78334010	      0.05056223	     -0.02318752	     -0.00247155	      7.82211830	      0.54929305	     -2.21929352	    -11.58169628	     14.86128450	      1.51822157	    -16.93230506
      1.41500000	     11.69513823	     -9.68928590	     84.89273134	      0.31614670	      0.37181266	      0.92348550	     -0.03232322	      7.77832004	     -7.39053540	    -15.69465260	     -0.60083046	     12.13304956	      0.04817017	     -0.02234565	      0.00242960	     -7.55879347	      0.20998678	      0.50069747	      4.12946574	     -0.26105656	     -0.99093125	    -13.95415066	     37.70493895	    -10.47137105	     -9.61255562	     -4.45327810	      4.75245827	      0.05056623	     -0.02318883	     -0.00247155	      7.81498942	      0.55367240	     -2.22980621	    -11.58114949	     14.86412089	      1.51825194	    -16.93320540
      1.42000000	     11.38047207	     -9.70468618	     84.94850681	      0.31670216	      0.37207486	      0.92304474	     -0.57489806	      7.48871049	     -7.04180208	    -16.28348999	     -0.60053574	     12.37052529	      0.04807899	     -0.02232175	      0.00242960	     -7.26510087	      0.27250504	      0.60967219	      4.39309923	     -0.08230491	     -0.92312302	    -13.96756081	     37.47740485	    -10.28133365	     -9.34608277	     -4.85298612	      5.12504813	      0.05051726	     -0.02317282	     -0.00247155	      7.96287254	      0.61172544	     -2.52335542	    -11.60763802	     14.89243133	      1.52929711	    -16.95098678
      1.42500000	     11.13537982	     -9.72663086	     84.95746961	      0.31743312	      0.37238506	      0.92255380	     -1.07410607	      7.24150651	     -6.93346041	    -16.83643571	     -0.60007827	     12.58275168	      0.04799238	     -0.02229927	      0.00242960	     -7.05739267	      0.37026366	      0.58595507	      4.60479256	      0.06936600	     -0.90484027	    -13.98955863	     37.27726731	    -10.12794921	     -9.16379575	     -5.30412925	      5.53442584	      0.05046140	     -0.02315472	     -0.00247155	      8.20646517	      0.62287504	     -2.82123239	    -11.72176697	     14.86491462	      1.53826462	    -16.95182410
      1.43000000	     10.96268455	     -9.70889230	     85.01259467	      0.31831320	      0.37276969	      0.92204592	     -1.51206573	      6.95324640	     -6.85479466	    -17.37943821	     -0.59955490	     12.78135017	      0.04790640	     -0.02227717	      0.00242960	     -6.88000967	      0.46152529	      0.58483865	      4.86242864	      0.24868520	     -0.89445243	    -14.02157525	     37.10175236	     -9.90469907	     -8.95751774	     -5.80750906	      5.97745048	      0.05039833	     -0.02313450	     -0.00247155	      8.50417644	      0.59894846	     -2.99069590	    -11.89270845	     14.79134730	      1.53823469	    -16.94005334
      1.43500000	     10.79571071	     -9.66231521	     85.14691169	      0.31924419	      0.37336221	      0.92139790	     -1.72226329	      6.45935110	     -7.28432571	    -18.40361000	     -0.59688936	     13.13071145	      0.04774170	     -0.02223540	      0.00242960	     -7.00618823	      0.56196066	      0.60042272	      5.72705039	      0.78515976	     -1.06767231	    -14.21884835	     37.11773205	     -9.59615470	     -8.70225032	     -6.80908642	      6.81697878	      0.05027056	     -0.02309416	     -0.00247155	      8.85632408	      0.62345056	     -2.88634164	    -12.58536516	     14.47895386	      1.30383153	    -16.96285411
      1.44000000	     10.74292345	     -9.67986062	     85.29908151	      0.32031263	      0.37377129	      0.92095222	     -2.07472660	      6.10761483	     -6.95206569	    -18.84369403	     -0.59683050	     13.27116349	      0.04766991	     -0.02221741	      0.00242960	     -6.70019323	      0.47736828	      0.66765543	      5.93641569	      0.89759152	     -1.01305867	    -14.24183444	     36.87659276	     -9.29060069	     -8.38371887	     -7.22821221	      7.15199465	      0.05021617	     -0.02307724	     -0.00247155	      9.28942572	      0.63020687	     -2.89834802	    -12.53134698	     14.49074627	      1.36233660	    -16.91497424
      1.44500000	     10.55293388	     -9.66649406	     85.42361854	      0.32136021	      0.37424920	      0.92070344	     -2.44825027	      5.73488551	     -6.78147873	    -19.50760378	     -0.59654076	     13.47252578	      0.04756044	     -0.02219024	      0.00242960	     -6.25659868	      0.46039127	      0.62626899	      6.19632286	      1.05297462	     -0.95301452	    -14.27923785	     36.61035499	     -8.97768313	     -8.03310633	     -7.89182837	      7.66345660	      0.05012897	     -0.02305041	     -0.00247155	     10.07193183	      0.62115555	     -2.97687552	    -12.50021027	     14.40681515	      1.40883434	    -16.81820370
      1.45000000	     10.39842071	     -9.60897882	     85.54604286	      0.32240630	      0.37476844	      0.92044383	     -2.74373206	      5.37035332	     -6.64976061	    -20.23793839	     -0.59607665	     13.68018344	      0.04743840	     -0.02216030	      0.00242960	     -5.80206609	      0.48265253	      0.60415231	      6.49327068	      1.24227749	     -0.88527563	    -14.32581528	     36.43585486	     -8.65136424	     -7.60495690	     -8.60774181	      8.18970483	      0.05003339	     -0.02302141	     -0.00247155	     11.11507068	      0.59274636	     -2.91309803	    -12.34761346	     14.32272265	      1.49771950	    -16.67833606
      1.45500000	     10.33049165	     -9.61387789	     85.70468843	      0.32353488	      0.37514191	      0.92014400	     -3.00792302	      5.01035075	     -6.39407412	    -20.81891095	     -0.59581234	     13.83554992	      0.04734011	     -0.02213644	      0.00242960	     -5.41187004	      0.47138464	      0.65078689	      6.71515877	      1.38203480	     -0.81064638	    -14.35094651	     36.27922188	     -8.34134209	     -7.09172433	     -9.16453774	      8.58115762	      0.04995797	     -0.02299882	     -0.00247155	     12.02655999	      0.55217975	     -2.67435939	    -12.04679389	     14.36838593	      1.66855921	    -16.55414083
      1.46000000	     10.12880429	     -9.43319761	     85.77360359	      0.32438366	      0.37572490	      0.92008463	     -3.07803184	      4.68582884	     -6.55173520	    -22.01288708	     -0.59472076	     14.12917911	      0.04713475	     -0.02208731	      0.00242960	     -4.62929298	      0.53446549	      0.45610426	      7.03938233	      1.59107886	     -0.73432292	    -14.42725240	     36.28039459	     -8.05318896	     -6.69941894	    -10.02898813	      9.15884400	      0.04983899	     -0.02296368	     -0.00247155	     13.92771782	      0.47327684	     -2.57472049	    -11.51593036	     14.30440776	      1.92117841	    -16.28180616
      1.46500000	     10.31559853	     -9.40195478	     86.22707324	      0.32519805	      0.37629517	      0.91939259	     -2.39080527	      3.87372224	     -6.92908373	    -23.88410850	     -0.59018782	     14.52758831	      0.04680394	     -0.02201017	      0.00242960	     -4.37986635	      0.29536687	      0.51298261	      8.09636885	      2.03214333	     -0.92387235	    -15.15563157	     36.32965651	     -7.46542851	     -6.17643228	    -10.31292330	      9.34086800	      0.04979941	     -0.02295212	     -0.00247155	     15.54365589	      0.42240792	     -2.18421531	    -10.18269021	     12.85113746	      0.76649302	    -15.93332373
      1.47000000	     10.10642995	     -9.26137506	     86.38131247	      0.32626012	      0.37673457	      0.91976926	     -2.62243200	      3.56712105	     -6.71725100	    -24.69767033	     -0.59008183	     14.68020272	      0.04665674	     -0.02197660	      0.00242960	     -3.43991400	      0.14835986	      0.32432586	      8.21705188	      2.05012877	     -0.82298264	    -15.22433052	     36.01655669	     -7.13916203	     -5.68465855	    -10.77439705	      9.62858045	      0.04973456	     -0.02293332	     -0.00247155	     16.24766891	      0.46170743	     -1.88333016	     -9.60271506	     12.95570387	      0.88069710	    -15.84279358
      1.47500000	      9.96292421	     -9.12883052	     86.62788130	      0.32728284	      0.37719176	      0.92019843	     -2.59852743	      3.13943301	     -6.60466076	    -25.81672082	     -0.58949729	     14.87266257	      0.04645097	     -0.02193044	      0.00242960	     -2.25454524	      0.08016293	      0.10441815	      8.35312723	      2.09916235	     -0.68229978	    -15.32022828	     35.75827128	     -6.74246113	     -5.26984067	    -11.32324965	      9.95817323	      0.04965658	     -0.02291094	     -0.00247155	     16.68490904	      0.51399266	     -1.68089866	     -9.08929819	     12.92146075	      0.82953312	    -15.81615788
      1.48000000	     10.04626266	     -9.07158325	     87.06616060	      0.32820967	      0.37777187	      0.92016121	     -2.00948517	      2.39702593	     -6.77946671	    -27.54758708	     -0.58561247	     15.13678631	      0.04612529	     -0.02185912	      0.00242960	     -1.10928574	      0.13057404	      0.20007613	      8.46215575	      2.37068624	     -0.27595216	    -16.30876273	     35.91849424	     -6.25887258	     -5.18671806	    -12.36907480	     10.54941869	      0.04950542	     -0.02286820	     -0.00247155	     16.78617250	      0.45951401	     -1.63096331	     -7.36567668	     11.81086825	     -0.34262126	    -15.88498490
      1.48500000	      9.73946569	     -8.91588225	     87.37011493	      0.32930770	      0.37833365	      0.92104366	     -2.07195373	      1.90492983	     -6.61416272	    -28.78258415	     -0.58512188	     15.30557780	      0.04588747	     -0.02180837	      0.00242960	      0.35023962	      0.05467072	     -0.23699866	      8.45737888	      2.44605360	     -0.02946121	    -16.42129012	     35.45386274	     -5.80085684	     -4.89181393	    -13.04331394	     10.90576977	      0.04940616	     -0.02284058	     -0.00247155	     16.97917353	      0.48437609	     -1.62121878	     -7.12700058	     11.71899613	     -0.39908457	    -15.85018725
      1.49000000	      9.46823139	     -8.81336384	     87.72894808	      0.33038085	      0.37898137	      0.92183739	     -1.96235973	      1.32372181	     -6.48945630	    -30.22761479	     -0.58442318	     15.48828381	      0.04560355	     -0.02174918	      0.00242960	      1.99617099	      0.01210230	     -0.66917309	      8.43718133	      2.54119363	      0.25119577	    -16.50417999	     35.05594878	     -5.32853425	     -4.64432046	    -13.81902158	     11.29286043	      0.04929021	     -0.02280876	     -0.00247155	     17.13035300	      0.54419685	     -1.62090575	     -6.97717084	     11.63143955	     -0.46335709	    -15.82023515
      1.49500000	      9.44520459	     -8.71436551	     88.16810380	      0.33142957	      0.37969305	      0.92221269	     -1.35143223	      0.61912325	     -6.57609081	    -32.06010285	     -0.58299667	     15.70424474	      0.04523486	     -0.02167455	      0.00242960	      4.28460691	      0.11493114	     -0.98489376	      8.27551060	      2.80039077	      0.79528609	    -16.75271143	     34.99869127	     -4.84023361	     -4.75993892	    -14.75845476	     11.73010292	      0.04914728	     -0.02277014	     -0.00247155	     17.05832315	      0.62605477	     -1.69206294	     -6.85567000	     11.33269089	     -0.69641478	    -15.74712424
      1.50000000	      9.19143513	     -8.58952898	     88.50138023	      0.33247219	      0.38048882	      0.92287053	     -1.02931875	      0.06707774	     -6.48198370	    -33.81790988	     -0.58182200	     15.89656058	      0.04487228	     -0.02160354	      0.00242960	      6.23297512	      0.14494422	     -1.40633538	      8.00093032	      2.90649769	      1.17673056	    -16.92565022	     34.69400282	     -4.38710300	     -4.63296194	    -15.63311382	     12.10753402	      0.04901169	     -0.02273409	     -0.00247155	     17.08439578	      0.62326199	     -1.70764707	     -6.78132648	     11.12806365	     -0.81227938	    -15.66132893
      1.50500000	      9.15711387	     -8.50496880	     88.82887548	      0.33349050	      0.38126817	      0.92315915	     -0.46713333	     -0.40997825	     -6.18011899	    -35.26522988	     -0.54217379	     16.04437930	      0.04456732	     -0.02154559	      0.00242960	      9.48948946	      0.68735948	     -0.72777867	      1.52399088	      7.97867993	      4.27465587	    -28.60447483	     34.71202691	     -3.98922408	     -4.77513421	    -16.79614661	     12.56762666	      0.04882766	     -0.02268605	     -0.00247155	     16.04376904	      0.58743566	     -1.89923606	     -4.38717706	      8.12286063	     -0.93973074	    -11.66088836
      1.51000000	      8.84703004	     -8.28952214	     89.01533724	      0.33450883	      0.38216078	      0.92394193	     -0.32793111	     -0.68276365	     -5.83982855	    -36.81228918	     -0.54115826	     16.19223782	      0.04423503	     -0.02148424	      0.00242960	     10.71441755	      0.66795201	     -1.07647488	      1.57835034	      7.95179239	      4.34060129	    -28.61504417	     34.25836157	     -3.55299613	     -4.39170926	    -17.42587062	     12.79791074	      0.04872622	     -0.02265997	     -0.00247155	     16.06279412	      0.52914764	     -1.74451769	     -4.38244231	      8.09092095	     -0.94779063	    -11.68180237
      1.51500000	      8.70042535	     -8.30483197	     89.48978424	      0.33529599	      0.38303420	      0.92427033	      0.42624828	     -1.48088506	     -5.79921400	    -38.95043176	     -0.53949880	     16.37995616	      0.04376525	     -0.02140066	      0.00242960	     13.13281794	      0.76587226	     -1.60654417	      1.71279067	      7.96191458	      4.47521777	    -28.65202108	     34.00915313	     -2.91866971	     -4.26773397	    -18.24513898	     13.07875410	      0.04859234	     -0.02262598	     -0.00247155	     15.76090572	      0.43985144	     -1.89919077	     -4.76848132	      7.77604040	     -1.15061702	    -11.73630661
      1.52000000	      8.85253906	     -8.17831816	     89.82481705	      0.33604287	      0.38396127	      0.92435350	      1.27403846	     -1.89322390	     -5.40342814	    -40.66911807	     -0.53077349	     16.51747340	      0.04337896	     -0.02133461	      0.00242960	     15.11438880	      1.03138754	     -1.28807162	      1.18225675	      7.93658776	      3.78820706	    -29.48167381	     34.08990536	     -2.38050112	     -3.99482072	    -19.00913617	     13.32250886	      0.04846555	     -0.02259422	     -0.00247155	     15.59424289	      0.28524365	     -1.56338352	     -5.48405418	      7.29979951	     -0.70818412	    -11.36624165
      1.52500000	      8.58420441	     -8.05254829	     90.03467650	      0.33684488	      0.38483946	      0.92496586	      1.64481909	     -2.19727900	     -4.97801530	    -42.39219818	     -0.52904755	     16.64390307	      0.04298413	     -0.02126948	      0.00242960	     15.99568766	      0.94996577	     -1.51235174	      1.07191902	      7.85406782	      3.78009231	    -29.50474616	     33.61460447	     -1.92191771	     -3.70356162	    -19.56600397	     13.48965516	      0.04837194	     -0.02257103	     -0.00247155	     15.41369300	      0.22443591	     -1.45009386	     -5.56385137	      7.21482565	     -0.75542146	    -11.37512186
      1.53000000	      8.60334284	     -8.01862402	     90.50496557	      0.33741432	      0.38568334	      0.92513194	      2.52442683	     -2.78795183	     -4.60557838	    -44.32444484	     -0.52628700	     16.77268700	      0.04253265	     -0.02119766	      0.00242960	     17.25156535	      0.68256704	     -1.58587043	      0.64984096	      7.52728290	      3.65636398	    -29.52267636	     33.45868561	     -1.31103965	     -3.81357562	    -20.19083426	     13.66721390	      0.04826572	     -0.02254497	     -0.00247155	     14.97837585	      0.14345763	     -1.47129721	     -5.94358116	      6.89775506	     -0.90080911	    -11.33907882
      1.53500000	      8.32139728	     -7.90092331	     90.58127061	      0.33787276	      0.38644850	      0.92579718	      2.97802264	     -2.92988505	     -4.25571822	    -46.04755817	     -0.52447188	     16.87649703	      0.04212252	     -0.02113462	      0.00242960	     17.80557848	      0.57058900	     -1.75105539	      0.33647613	      7.28972354	      3.55438288	    -29.52018421	     32.96824573	     -1.02771799	     -3.62661751	    -20.67384363	     13.79752130	      0.04818274	     -0.02252480	     -0.00247155	     14.83233952	      0.08660044	     -1.34730289	     -6.02402079	      6.81133002	     -0.93306678	    -11.32027070
      1.54000000	      8.13304143	     -7.85294031	     90.80986072	      0.33829165	      0.38724309	      0.92620704	      3.65391541	     -3.26884827	     -3.96525356	    -47.89182658	     -0.52241656	     16.97667181	      0.04167598	     -0.02106814	      0.00242960	     18.41191240	      0.42572140	     -2.03296178	     -0.18507029	      6.89248116	      3.36134726	    -29.50226380	     32.55158243	     -0.65247000	     -3.69973715	    -21.18492269	     13.92909192	      0.04809411	     -0.02250343	     -0.00247155	     14.48347864	      0.07261257	     -1.34199256	     -6.24781783	      6.62114129	     -1.06597975	    -11.31384519
      1.54500000	      8.29689712	     -7.85786066	     91.17822517	      0.33858042	      0.38788232	      0.92617482	      4.71825454	     -3.66553376	     -3.64037118	    -49.60050219	     -0.51129498	     17.05991725	      0.04125552	     -0.02100739	      0.00242960	     19.78460622	      0.76544073	     -1.13737099	     -2.22484217	      5.71436254	      1.75857307	    -29.12297440	     32.66265006	     -0.31459580	     -4.38422914	    -22.06330058	     14.14086549	      0.04793984	     -0.02246665	     -0.00247155	     13.67041708	      0.00817665	     -0.92814247	     -6.65993485	      5.85135569	     -0.69120974	    -10.22594955
      1.55000000	      8.04402780	     -7.76670264	     91.16626240	      0.33881168	      0.38863002	      0.92688703	      5.31942497	     -3.77910914	     -3.54900808	    -51.25361470	     -0.50936164	     17.13218027	      0.04084278	     -0.02094933	      0.00242960	     19.94165682	      0.85597818	     -1.50114414	     -2.51856522	      5.57123448	      1.58865555	    -29.11297405	     32.09753289	     -0.14755180	     -4.33680485	    -22.37332206	     14.21149272	      0.04788480	     -0.02245366	     -0.00247155	     13.41084450	     -0.01589310	     -0.82427259	     -6.71150462	      5.77813128	     -0.74838683	    -10.21738459
      1.55500000	      8.05558168	     -7.77723765	     91.52253887	      0.33897318	      0.38930331	      0.92712595	      6.34441304	     -4.22284724	     -3.26666901	    -53.09914885	     -0.50584091	     17.20376885	      0.04037533	     -0.02088528	      0.00242960	     19.90754991	      1.04397593	     -1.82520802	     -3.08427529	      5.34385900	      1.09919999	    -29.05523615	     31.78173364	      0.26764566	     -4.73854528	    -22.75081841	     14.29474491	      0.04781737	     -0.02243783	     -0.00247155	     12.70713097	     -0.03899945	     -0.66831663	     -6.89714276	      5.50117803	     -0.91755950	    -10.14802918
      1.56000000	      7.84649016	     -7.72000450	     91.44114404	      0.33912713	      0.39003266	      0.92790819	      7.04687128	     -4.24075611	     -3.18077821	    -54.64656975	     -0.50390811	     17.25685579	      0.03997816	     -0.02083213	      0.00242960	     19.92643738	      1.16365539	     -2.08358541	     -3.39068412	      5.20896159	      0.87171240	    -29.04181261	     31.21302259	      0.33915157	     -4.72311421	    -23.01251293	     14.35072819	      0.04777036	     -0.02242685	     -0.00247155	     12.40024721	     -0.09829435	     -0.48894893	     -6.92940245	      5.42048209	     -0.97075768	    -10.13135204
      1.56500000	      7.85893974	     -7.76979940	     91.66733559	      0.33924031	      0.39056105	      0.92825750	      8.06799877	     -4.45169235	     -2.79621704	    -56.28218062	     -0.50040192	     17.30651345	      0.03955339	     -0.02077646	      0.00242960	     19.65586565	      1.38200523	     -2.31031479	     -4.05082231	      4.97961340	      0.26772889	    -28.97510304	     30.86402920	      0.58850201	     -5.13472652	    -23.34996218	     14.42092032	      0.04770942	     -0.02241270	     -0.00247155	     11.55283245	     -0.15205573	     -0.26932016	     -7.07855692	      5.13847425	     -1.14319863	    -10.05532982
      1.57000000	      7.66057049	     -7.59558188	     91.47323550	      0.33943808	      0.39129091	      0.92933397	      8.68383998	     -4.27960345	     -2.75360166	    -57.46159796	     -0.49902378	     17.33844030	      0.03924402	     -0.02073661	      0.00242960	     19.63983760	      1.44596687	     -2.40311976	     -4.25055155	      4.89926537	      0.11440816	    -28.96772917	     30.27918170	      0.57572116	     -5.11143391	    -23.55292493	     14.46207057	      0.04767260	     -0.02240418	     -0.00247155	     11.35911225	     -0.20115419	     -0.15734807	     -7.08393192	      5.09852691	     -1.16653520	    -10.04190053
      1.57500000	      7.46997805	     -7.50917431	     91.36574214	      0.33949823	      0.39188287	      0.93032593	      9.41234827	     -4.16885864	     -2.59415482	    -58.73219034	     -0.49747150	     17.36940900	      0.03890797	     -0.02069393	      0.00242960	     19.52684028	      1.48983610	     -2.52933552	     -4.54280171	      4.76422723	     -0.08826753	    -28.96061522	     29.69050116	      0.61107346	     -5.08698445	    -23.77447521	     14.50611157	      0.04763225	     -0.02239488	     -0.00247155	     10.96904184	     -0.24032269	     -0.02771433	     -7.13368722	      5.02320389	     -1.25143746	    -10.05267542
      1.58000000	      7.31023282	     -7.42499848	     91.28925466	      0.33951801	      0.39244065	      0.93136198	     10.16503358	     -4.04997548	     -2.37959076	    -59.90281082	     -0.49596143	     17.39495670	      0.03859588	     -0.02065481	      0.00242960	     19.34351578	      1.51567222	     -2.59195968	     -4.83384035	      4.63049787	     -0.29647155	    -28.95412383	     29.12373566	      0.66644837	     -5.09975856	    -23.98506197	     14.54713843	      0.04759377	     -0.02238604	     -0.00247155	     10.50713448	     -0.26728530	      0.08673113	     -7.20146017	      4.93733768	     -1.35897180	    -10.07214239
      1.58500000	      7.23191839	     -7.52757680	     91.37018116	      0.33941141	      0.39280449	      0.93221268	     11.09030731	     -4.02530556	     -1.90675346	    -61.14611570	     -0.49373515	     17.41914626	      0.03826188	     -0.02061350	      0.00242960	     18.88566221	      1.52497376	     -2.57690577	     -5.31241427	      4.43105350	     -0.67836496	    -28.92324212	     28.61822423	      0.79990394	     -5.22226332	    -24.22547833	     14.59300858	      0.04754965	     -0.02237595	     -0.00247155	      9.61004140	     -0.27365368	      0.24617916	     -7.30869990	      4.77296305	     -1.55679660	    -10.09738138
      1.59000000	      7.10619495	     -7.43940725	     91.27408689	      0.33942992	      0.39339638	      0.93337423	     11.84434975	     -3.87099970	     -1.71265114	    -62.09685996	     -0.49201546	     17.43570967	      0.03800467	     -0.02058224	      0.00242960	     18.59228095	      1.55951674	     -2.43943897	     -5.54318413	      4.37705293	     -0.92834499	    -28.89362794	     28.07058908	      0.80374149	     -5.34719677	    -24.40435717	     14.62648450	      0.04751672	     -0.02236845	     -0.00247155	      9.13344619	     -0.29896127	      0.34907481	     -7.30586675	      4.70349322	     -1.61271023	    -10.07464936
      1.59500000	      6.95617190	     -7.35089810	     91.18005465	      0.33943240	      0.39398018	      0.93461600	     12.57768168	     -3.72101151	     -1.52775993	    -62.97018397	     -0.49050353	     17.44952809	      0.03776697	     -0.02055392	      0.00242960	     18.31821115	      1.58416584	     -2.30822182	     -5.69858151	      4.35951391	     -1.13064877	    -28.86867926	     27.47660302	      0.81553746	     -5.43088468	    -24.53507800	     14.65060231	      0.04749258	     -0.02236296	     -0.00247155	      8.70853885	     -0.33236637	      0.45234347	     -7.29144250	      4.65728734	     -1.64549867	    -10.05426602
      1.60000000	      6.81569121	     -7.28019765	     91.11090253	      0.33940556	      0.39465042	      0.93591189	     13.31988240	     -3.57974611	     -1.30099844	    -63.75725828	     -0.48899042	     17.46089190	      0.03755154	     -0.02052882	      0.00242960	     17.98230323	      1.60136398	     -2.15851807	     -5.81886796	      4.37280232	     -1.33112491	    -28.84250356	     26.85212657	      0.85059780	     -5.53886875	    -24.59455345	     14.66148106	      0.04748159	     -0.02236046	     -0.00247155	      8.23785917	     -0.36724344	      0.55394595	     -7.27485436	      4.61735810	     -1.66831210	    -10.02997109
      1.60500000	      6.69320612	     -7.25354534	     91.08295068	      0.33941279	      0.39526674	      0.93720375	     14.07920572	     -3.44919837	     -1.00326082	    -64.47321951	     -0.48727961	     17.47037577	      0.03735455	     -0.02050641	      0.00242960	     17.53731965	      1.63180374	     -1.99935940	     -5.90608345	      4.43726460	     -1.55498532	    -28.81281359	     26.17551855	      0.90984152	     -5.69170247	    -24.54882157	     14.65312544	      0.04749004	     -0.02236238	     -0.00247155	      7.67560300	     -0.41171338	      0.67591922	     -7.24289623	      4.58941640	     -1.66729836	     -9.98704471
      1.61000000	      6.56450988	     -7.15905328	     90.99866759	      0.33943752	      0.39600162	      0.93860424	     14.78542234	     -3.29724010	     -0.83414477	    -65.03186595	     -0.48597107	     17.47722948	      0.03720015	     -0.02048926	      0.00242960	     17.20685183	      1.63155160	     -1.83996368	     -5.92580337	      4.51208231	     -1.70585704	    -28.78823923	     25.50876326	      0.93102920	     -5.80790940	    -24.50397479	     14.64489013	      0.04749833	     -0.02236426	     -0.00247155	      7.31267246	     -0.44616361	      0.74896098	     -7.19565476	      4.58699181	     -1.62895178	     -9.94241660
      1.61500000	      6.46388560	     -7.22128840	     91.08812665	      0.33950264	      0.39656622	      0.94003405	     15.51430964	     -3.24756997	     -0.38863168	    -65.56029341	     -0.48279918	     17.48329463	      0.03705354	     -0.02047332	      0.00242960	     16.41294050	      1.67722602	     -1.68657806	     -5.85452185	      4.84651025	     -2.08279625	    -28.70897378	     24.64093321	      1.06918015	     -6.20414827	    -24.09150414	     14.56757753	      0.04757426	     -0.02238158	     -0.00247155	      6.53976417	     -0.50059193	      0.82194857	     -7.01823804	      4.61644466	     -1.39898431	     -9.72250286
      1.62000000	      6.30843105	     -7.02048955	     90.94290707	      0.33941317	      0.39738770	      0.94148394	     16.15463622	     -3.05374991	     -0.38406020	    -65.91547974	     -0.48218519	     17.48714881	      0.03695468	     -0.02046278	      0.00242960	     16.31858355	      1.63435539	     -1.55571579	     -5.82476444	      4.88598005	     -2.12568017	    -28.69657172	     24.06151008	      1.06584554	     -6.20069225	    -24.18637292	     14.58561689	      0.04755684	     -0.02237759	     -0.00247155	      6.46600704	     -0.51704529	      0.83077390	     -6.98438852	      4.62244664	     -1.35738564	     -9.69802556
      1.62500000	      6.16786570	     -6.96010046	     90.80583550	      0.33922533	      0.39810146	      0.94283041	     16.88880631	     -2.86185950	     -0.27959664	    -66.30583700	     -0.48143819	     17.49118451	      0.03684573	     -0.02045136	      0.00242960	     16.12694689	      1.59056412	     -1.38236421	     -5.78534414	      4.94089722	     -2.18412185	    -28.68627998	     23.41420330	      1.03912805	     -6.18408407	    -24.14666588	     14.57808389	      0.04756413	     -0.02237926	     -0.00247155	      6.25923056	     -0.54268749	      0.87131923	     -6.96599795	      4.62748255	     -1.32663422	     -9.67935995
      1.63000000	      6.16201427	     -7.17134466	     90.89042162	      0.33925607	      0.39852465	      0.94424218	     17.68679645	     -2.73284355	      0.30741916	    -66.53792733	     -0.47875013	     17.49348720	      0.03678081	     -0.02044467	      0.00242960	     15.28224296	      1.54018826	     -1.17763902	     -5.58531063	      5.28297330	     -2.45001325	    -28.62837831	     22.42420114	      1.19476655	     -6.40250143	    -23.30920449	     14.41257593	      0.04771680	     -0.02241441	     -0.00247155	      5.46018560	     -0.54597631	      0.84328286	     -6.90520480	      4.65679623	     -1.10372548	     -9.49446624
      1.63500000	      6.02654822	     -7.02946397	     90.73412233	      0.33913493	      0.39927806	      0.94559737	     18.35049027	     -2.53250939	      0.28298014	    -66.72395026	     -0.47801195	     17.49528177	      0.03672869	     -0.02043935	      0.00242960	     15.10584442	      1.49371787	     -1.05958324	     -5.51468418	      5.36385187	     -2.49998237	    -28.61082602	     21.79280493	      1.17524115	     -6.39962042	    -23.27033376	     14.40455778	      0.04772383	     -0.02241604	     -0.00247155	      5.34117768	     -0.56045888	      0.83808652	     -6.87210288	      4.66218965	     -1.03254922	     -9.44907055
      1.64000000	      5.94566693	     -6.82547255	     90.61395683	      0.33912533	      0.40004989	      0.94691949	     18.97982309	     -2.34136779	      0.25531588	    -66.68666935	     -0.47768895	     17.49492691	      0.03673914	     -0.02044041	      0.00242960	     14.95489153	      1.44480252	     -0.94607019	     -5.46979551	      5.40307519	     -2.52339001	    -28.60055946	     21.23428583	      1.18360614	     -6.42963190	    -23.26881236	     14.40425300	      0.04772411	     -0.02241610	     -0.00247155	      5.23560189	     -0.56548022	      0.83315259	     -6.86309888	      4.65863679	     -1.00736610	     -9.43684894
      1.64500000	      5.73536740	     -6.93881615	     90.59571732	      0.33927951	      0.40053629	      0.94866253	     19.47886325	     -2.23289291	      0.56221604	    -66.66861122	     -0.47106322	     17.49475244	      0.03674420	     -0.02044093	      0.00242960	     13.85274925	      1.30973803	     -1.07549573	     -4.87223458	      6.25773937	     -2.86223909	    -28.46684119	     19.72608417	      1.34320973	     -6.45242933	    -21.84006094	     14.08870105	      0.04797928	     -0.02247600	     -0.00247155	      4.52259419	     -0.55905867	      0.68260038	     -6.60307884	      4.55534807	     -0.23652368	     -8.79845862
      1.65000000	      5.73037769	     -6.80469374	     90.37318407	      0.33914197	      0.40118894	      0.94975899	     20.22417470	     -1.94011936	      0.47295319	    -66.54925249	     -0.47034085	     17.49359819	      0.03677764	     -0.02044434	      0.00242960	     13.67704619	      1.24829592	     -0.98584089	     -4.82681988	      6.30725450	     -2.90056580	    -28.44811768	     19.19245239	      1.22751951	     -6.42573534	    -21.73423472	     14.06361290	      0.04799792	     -0.02248043	     -0.00247155	      4.30418518	     -0.58219179	      0.71792572	     -6.60294977	      4.50336788	     -0.20895976	     -8.76394591
      1.65500000	      5.74496888	     -6.65629969	     90.13877863	      0.33899941	      0.40176129	      0.95083175	     20.95335572	     -1.60278266	      0.40506891	    -66.33807811	     -0.46974231	     17.49150864	      0.03683672	     -0.02045043	      0.00242960	     13.44475333	      1.21413594	     -0.91820927	     -4.79390699	      6.35130078	     -2.93896636	    -28.43270048	     18.61887209	      1.09120793	     -6.42980597	    -21.50909548	     14.00931323	      0.04803746	     -0.02248986	     -0.00247155	      4.04655592	     -0.61374753	      0.77654095	     -6.59520063	      4.46853463	     -0.18693377	     -8.74134599
      1.66000000	      5.83054797	     -6.58384332	     89.86034906	      0.33898166	      0.40222332	      0.95202814	     21.61326372	     -1.09835093	      0.50519037	    -65.84048215	     -0.46842480	     17.48634972	      0.03697557	     -0.02046499	      0.00242960	     13.02799647	      1.19796899	     -0.96585891	     -4.74868300	      6.45347489	     -3.01886510	    -28.39976091	     17.89203964	      0.89231844	     -6.45056129	    -20.89718847	     13.85582676	      0.04814411	     -0.02251546	     -0.00247155	      3.59702015	     -0.65360478	      0.92398468	     -6.48818889	      4.44013157	     -0.09206165	     -8.66703544
      1.66500000	      5.82864601	     -6.43097854	     89.63035772	      0.33876685	      0.40272065	      0.95301189	     22.30950051	     -0.80993777	      0.33048764	    -65.52875326	     -0.46778718	     17.48294357	      0.03706230	     -0.02047426	      0.00242960	     12.80809955	      1.20345349	     -1.00132535	     -4.73648857	      6.49298900	     -3.06700117	    -28.37779809	     17.27850001	      0.72834347	     -6.60701162	    -20.63144576	     13.78631869	      0.04819005	     -0.02252657	     -0.00247155	      3.40861241	     -0.66265119	      0.96036386	     -6.41690411	      4.42797011	     -0.04102226	     -8.63377579
      1.67000000	      5.94327160	     -6.28586182	     89.36836092	      0.33863437	      0.40326341	      0.95397405	     23.00455571	     -0.44925502	      0.18743917	    -64.94500749	     -0.46721122	     17.47619432	      0.03722420	     -0.02049190	      0.00242960	     12.50958759	      1.20272832	     -1.02913538	     -4.72362081	      6.53481348	     -3.12602997	    -28.35100072	     16.64579801	      0.50567115	     -6.84252592	    -20.11060767	     13.64502251	      0.04827943	     -0.02254832	     -0.00247155	      3.11076111	     -0.69424633	      1.14257885	     -6.26210308	      4.45193184	      0.02046999	     -8.61231279
      1.67500000	      5.99873546	     -6.16188849	     89.13040950	      0.33842267	      0.40371533	      0.95493347	     23.65114613	     -0.07684522	      0.12049140	    -64.35616141	     -0.46652367	     17.46887736	      0.03738682	     -0.02051005	      0.00242960	     12.21411495	      1.21164282	     -1.10271188	     -4.71934329	      6.57760150	     -3.19720574	    -28.31784177	     15.95149065	      0.30474221	     -7.09963013	    -19.58396228	     13.49490377	      0.04836891	     -0.02257028	     -0.00247155	      2.86239993	     -0.73767036	      1.37228223	     -6.01010972	      4.50097064	      0.11710049	     -8.58368106
      1.68000000	      6.02135893	     -6.05608053	     88.98218404	      0.33821984	      0.40417103	      0.95581911	     24.24659394	      0.13527465	      0.00565877	    -63.66998518	     -0.46622449	     17.45968161	      0.03757548	     -0.02053158	      0.00242960	     11.99842097	      1.21950360	     -1.16632029	     -4.71985930	      6.60363978	     -3.24525869	    -28.29061886	     15.36775475	      0.21057591	     -7.25735281	    -19.33855609	     13.42243008	      0.04841030	     -0.02258051	     -0.00247155	      2.71187006	     -0.76169429	      1.46492985	     -5.85003114	      4.51235772	      0.17004615	     -8.57081461
      1.68500000	      5.80584960	     -6.01728312	     88.74895713	      0.33808492	      0.40440692	      0.95704810	     24.56794168	      0.55540433	      0.12428383	    -62.94410780	     -0.46259136	     17.44913974	      0.03777409	     -0.02055476	      0.00242960	     11.62270930	      1.30602817	     -1.47722086	     -4.63833890	      6.86807986	     -3.43372473	    -28.14735637	     14.24759872	      0.05505406	     -7.45234135	    -18.55736527	     13.18044108	      0.04854075	     -0.02261301	     -0.00247155	      2.42356198	     -0.82817986	      1.41263407	     -5.08452089	      4.33590312	      0.44030623	     -8.42203170
      1.69000000	      5.86594017	     -5.86650405	     88.51218656	      0.33792144	      0.40485275	      0.95770487	     25.11525243	      0.81537588	     -0.12220900	    -62.00565630	     -0.40973177	     17.43419071	      0.03802941	     -0.02058522	      0.00242960	     11.63779498	      1.10663082	     -1.51555715	     -5.05302243	      8.28540346	     -4.91261412	    -26.33956860	     13.65973458	     -0.09279694	     -7.49974018	    -18.29140299	     13.09399422	      0.04858471	     -0.02262406	     -0.00247155	      1.29918763	     -0.68276684	      0.69641522	     -0.90176716	     -0.48710489	      1.89734154	     -6.95510512
      1.69500000	      5.92197419	     -5.73713445	     88.46093796	      0.33761508	      0.40536349	      0.95826111	     25.71186844	      0.84115072	     -0.32500481	    -61.15664065	     -0.40981802	     17.41933849	      0.03825905	     -0.02061315	      0.00242960	     11.50959579	      1.09755149	     -1.53959451	     -5.08637148	      8.25810010	     -4.91957637	    -26.32378468	     13.28420366	     -0.07958877	     -7.59635613	    -18.30919895	     13.09983275	      0.04858178	     -0.02262332	     -0.00247155	      1.19384083	     -0.65898737	      0.67312445	     -0.92833246	     -0.48517227	      1.88655272	     -6.97474363
      1.70000000	      6.03513129	     -5.54802168	     88.35636283	      0.33736442	      0.40586619	      0.95877005	     26.29872150	      0.94395996	     -0.56636653	    -60.18355495	     -0.40995052	     17.40067790	      0.03852069	     -0.02064545	      0.00242960	     11.34964279	      1.09707637	     -1.59312065	     -5.13964151	      8.22407304	     -4.92813051	    -26.30679193	     12.90089139	     -0.12858223	     -7.72630170	    -18.18974490	     13.06040037	      0.04860146	     -0.02262828	     -0.00247155	      1.03395598	     -0.64114022	      0.68121663	     -0.94438494	     -0.47056888	      1.87521346	     -7.00085844
      1.70500000	      6.15520101	     -5.37948683	     87.97738076	      0.33719158	      0.40620927	      0.95933720	     26.81168839	      1.43857747	     -0.75644303	    -59.04822810	     -0.40930643	     17.37658132	      0.03882395	     -0.02068335	      0.00242960	     11.11473250	      1.15821278	     -1.76683504	     -5.31560666	      8.15622144	     -4.92661293	    -26.26683847	     12.29122752	     -0.47237514	     -7.78815874	    -17.62490718	     12.86803462	      0.04869389	     -0.02265172	     -0.00247155	      0.77076053	     -0.65271617	      0.83466587	     -0.82974237	     -0.31389406	      1.96478722	     -7.04034080
      1.71000000	      6.21057100	     -5.17981298	     88.00212819	      0.33685867	      0.40661938	      0.95967678	     27.31995524	      1.41635950	     -0.92073664	    -57.99623617	     -0.40956158	     17.35189229	      0.03910296	     -0.02071862	      0.00242960	     10.98769418	      1.15037243	     -1.83736561	     -5.38195061	      8.11430736	     -4.93166828	    -26.24791968	     11.91895965	     -0.37982462	     -7.95258768	    -17.64941479	     12.87658542	      0.04868990	     -0.02265070	     -0.00247155	      0.67991664	     -0.60744009	      0.77786937	     -0.84776930	     -0.30810589	      1.95063873	     -7.06025434
      1.71500000	      6.32328579	     -4.92375053	     87.95837941	      0.33658840	      0.40691033	      0.95993915	     27.81555147	      1.45829103	     -1.17433222	    -56.81615794	     -0.40985168	     17.32135823	      0.03941364	     -0.02075839	      0.00242960	     10.80536019	      1.16795049	     -1.95170537	     -5.48304637	      8.05877628	     -4.95094051	    -26.22825804	     11.53979093	     -0.36616049	     -8.12502512	    -17.54983467	     12.84172585	      0.04870610	     -0.02265483	     -0.00247155	      0.55983393	     -0.58668272	      0.77530460	     -0.84445142	     -0.28142409	      1.95020376	     -7.07813215
      1.72000000	      6.44696522	     -4.63873320	     87.90717583	      0.33631328	      0.40712515	      0.96012476	     28.29731921	      1.50508646	     -1.45220292	    -55.56707160	     -0.41020541	     17.28559281	      0.03973972	     -0.02080074	      0.00242960	     10.60089022	      1.20524416	     -2.09708732	     -5.59580600	      8.00130453	     -4.97840483	    -26.20911281	     11.16539759	     -0.36271664	     -8.28088998	    -17.42449032	     12.79740452	      0.04872644	     -0.02266003	     -0.00247155	      0.43690739	     -0.57661202	      0.79704562	     -0.83071685	     -0.24668500	      1.95466402	     -7.09324945
      1.72500000	      6.56756560	     -4.38331989	     87.84923697	      0.33602965	      0.40737443	      0.96021680	     28.76217563	      1.54687358	     -1.74024906	    -54.26057740	     -0.41061005	     17.24418469	      0.04007767	     -0.02084534	      0.00242960	     10.38485895	      1.25776493	     -2.25180387	     -5.71368158	      7.94612757	     -5.00933332	    -26.18908586	     10.78676260	     -0.36339507	     -8.42036429	    -17.28908831	     12.74896568	      0.04874836	     -0.02266564	     -0.00247155	      0.30365436	     -0.56734826	      0.82285965	     -0.81371011	     -0.20890333	      1.95639709	     -7.10952226
      1.73000000	      6.63802178	     -4.14759617	     87.44582655	      0.33584780	      0.40763555	      0.96042329	     29.04881063	      1.99297777	     -2.05915838	    -52.72644581	     -0.41063970	     17.19005328	      0.04047028	     -0.02089815	      0.00242960	     10.05004914	      1.46719190	     -2.45677421	     -5.97039300	      7.88173137	     -5.06557300	    -26.14564978	     10.17568953	     -0.72135395	     -8.44727363	    -16.80678086	     12.57162235	      0.04882596	     -0.02268561	     -0.00247155	      0.09595573	     -0.61525551	      0.95528926	     -0.67227362	     -0.03693922	      2.03887799	     -7.12248370
      1.73500000	      6.66936825	     -4.02084516	     87.57414168	      0.33543605	      0.40804837	      0.96023150	     29.49039248	      1.83156623	     -2.22091150	    -51.48144843	     -0.41114449	     17.14152058	      0.04078545	     -0.02094138	      0.00242960	      9.95003999	      1.47550381	     -2.55488336	     -6.05635574	      7.84116390	     -5.07483745	    -26.12224131	      9.79880112	     -0.50483533	     -8.65737564	    -16.86097513	     12.59193274	      0.04881727	     -0.02268336	     -0.00247155	     -0.03822383	     -0.54782453	      0.86159639	     -0.71015770	     -0.04795112	      1.99213338	     -7.14878462
      1.74000000	      6.74086811	     -3.86174765	     87.63514804	      0.33512121	      0.40852992	      0.95994848	     29.88669896	      1.73069335	     -2.42584363	    -50.08904652	     -0.41175799	     17.08209843	      0.04113415	     -0.02099017	      0.00242960	      9.82121338	      1.51095970	     -2.68681486	     -6.16524989	      7.79996665	     -5.08760062	    -26.09690988	      9.39119119	     -0.36351373	     -8.89169728	    -16.79315706	     12.56650257	      0.04882814	     -0.02268617	     -0.00247155	     -0.22078572	     -0.50459661	      0.82631628	     -0.73331498	     -0.04835722	      1.94406518	     -7.18005224
      1.74500000	      6.69703645	     -3.76313390	     87.28970986	      0.33499802	      0.40887537	      0.96005538	     29.93274688	      2.15694707	     -2.55443715	    -48.28092691	     -0.41227640	     16.99641870	      0.04158080	     -0.02105424	      0.00242960	      9.70221608	      1.74892256	     -2.83116565	     -6.51418748	      7.76942842	     -5.10084131	    -26.02362694	      8.54378597	     -0.64494392	     -9.13595326	    -16.15009599	     12.31778664	      0.04893042	     -0.02271275	     -0.00247155	     -0.48674190	     -0.56253683	      0.96221019	     -0.57502736	      0.09585964	      1.95890253	     -7.22356733
      1.75000000	      6.77474795	     -3.64896912	     87.41921704	      0.33463555	      0.40938192	      0.95959316	     30.29657400	      1.97840314	     -2.74218389	    -46.79521841	     -0.41299594	     16.91843690	      0.04194243	     -0.02110755	      0.00242960	      9.61824160	      1.78186090	     -2.92573949	     -6.66060502	      7.74152541	     -5.10272436	    -25.98795047	      8.14697564	     -0.42656802	     -9.42458212	    -16.10987721	     12.30175500	      0.04893677	     -0.02271441	     -0.00247155	     -0.64457554	     -0.51956457	      0.90614761	     -0.59264487	      0.08217438	      1.89795184	     -7.25871885
      1.75500000	      6.77286745	     -3.61170694	     87.19878439	      0.33442240	      0.40973211	      0.95946805	     30.33322340	      2.25752576	     -2.85445882	    -44.83171462	     -0.41382612	     16.80430337	      0.04241264	     -0.02117900	      0.00242960	      9.67907503	      1.96411483	     -2.93983841	     -7.15449553	      7.77187043	     -5.07587173	    -25.87011447	      7.42991232	     -0.58059955	     -9.76067234	    -15.63679236	     12.10906291	      0.04901112	     -0.02273394	     -0.00247155	     -0.80192234	     -0.58920692	      0.97642610	     -0.42675794	      0.13938143	      1.85202126	     -7.32457988
      1.76000000	      6.91686029	     -3.50241687	     87.36799636	      0.33409824	      0.41015951	      0.95871933	     30.71646667	      2.01849302	     -3.09669173	    -43.24850362	     -0.41475324	     16.70263258	      0.04278517	     -0.02123750	      0.00242960	      9.58445559	      1.96864904	     -3.02718349	     -7.25840024	      7.77434728	     -5.06550983	    -25.83655914	      7.11502036	     -0.33139832	    -10.03300793	    -15.63424968	     12.10800548	      0.04901152	     -0.02273405	     -0.00247155	     -0.97948366	     -0.54290876	      0.93076108	     -0.46146321	      0.09547695	      1.76940080	     -7.36609925
      1.76500000	      7.08374433	     -3.38234976	     87.32011303	      0.33379228	      0.41043335	      0.95810157	     30.93318575	      2.04876668	     -3.33856621	    -41.29878424	     -0.41608769	     16.56497676	      0.04323555	     -0.02131069	      0.00242960	      9.53987771	      2.01393198	     -3.03901281	     -7.36825680	      7.83489764	     -5.02242378	    -25.78625141	      6.74056341	     -0.32593793	    -10.21267158	    -15.45545251	     12.03311980	      0.04903943	     -0.02274142	     -0.00247155	     -1.16115709	     -0.57119102	      1.00882652	     -0.42398118	      0.07333592	      1.69846232	     -7.41605756
      1.77000000	      7.22004751	     -3.22861790	     87.41984852	      0.33356864	      0.41075369	      0.95723895	     31.23322871	      1.89378181	     -3.64361541	    -39.58895234	     -0.41732372	     16.43240984	      0.04362263	     -0.02137599	      0.00242960	      9.51316327	      2.05261799	     -3.19886339	     -7.47226378	      7.84674048	     -5.00371614	    -25.75105028	      6.37956132	     -0.16079127	    -10.45353573	    -15.40066752	     12.00993109	      0.04904796	     -0.02274368	     -0.00247155	     -1.33673837	     -0.54998867	      1.00419883	     -0.44016493	      0.03055571	      1.61579560	     -7.46094334
      1.77500000	      7.26280249	     -3.11258773	     86.99271034	      0.33341482	      0.41085101	      0.95698527	     31.00445215	      2.37814635	     -3.95119262	    -37.01210067	     -0.42026772	     16.21057572	      0.04419164	     -0.02147637	      0.00242960	     10.05406479	      2.18928819	     -3.16422941	     -8.05081671	      7.95309446	     -4.95308527	    -25.58391553	      5.76079453	     -0.54952146	    -10.47763909	    -15.02815398	     11.84945213	      0.04910573	     -0.02275903	     -0.00247155	     -1.42507922	     -0.61638684	      1.07178620	     -0.17740288	     -0.03071176	      1.44345616	     -7.61154726
      1.78000000	      7.44161449	     -2.95113107	     86.96483030	      0.33326452	      0.41106494	      0.95613776	     31.14339126	      2.37891144	     -4.29365963	    -34.91008189	     -0.42289407	     16.00896856	      0.04464269	     -0.02155976	      0.00242960	     10.22988250	      2.26587428	     -3.15998557	     -8.39386403	      8.10787976	     -4.92750832	    -25.46482777	      5.38090973	     -0.52613710	    -10.57756043	    -14.84868995	     11.77032330	      0.04913340	     -0.02276642	     -0.00247155	     -1.53958113	     -0.61135167	      1.08472291	     -0.02058782	     -0.12304437	      1.26811698	     -7.74192372
      1.78500000	      7.60036656	     -2.75891133	     87.22951720	      0.33306302	      0.41135515	      0.95493319	     31.49357830	      2.04184000	     -4.62438170	    -33.27940101	     -0.42444814	     15.83915604	      0.04498428	     -0.02162523	      0.00242960	     10.17208057	      2.27266118	     -3.28312081	     -8.47770593	      8.14015555	     -4.91047008	    -25.42868132	      5.06484342	     -0.21007709	    -10.82953756	    -14.85263678	     11.77207634	      0.04913279	     -0.02276626	     -0.00247155	     -1.74294801	     -0.55042570	      1.09340443	     -0.02308886	     -0.17467037	      1.16127684	     -7.80238670
      1.79000000	      7.70967268	     -2.63250414	     86.92514067	      0.33298842	      0.41144614	      0.95434539	     31.18307062	      2.40935773	     -4.90083127	    -30.43822929	     -0.43018605	     15.51392639	      0.04556166	     -0.02174058	      0.00242960	     10.65841509	      2.27505183	     -3.22305880	     -8.83914157	      8.37065755	     -4.78122159	    -25.25250545	      4.55388104	     -0.49629657	    -10.87871352	    -14.57609044	     11.64784342	      0.04917524	     -0.02277764	     -0.00247155	     -1.82337870	     -0.58224627	      1.16407880	      0.27781827	     -0.27709488	      0.93329327	     -7.99091633
      1.79500000	      7.88773374	     -2.45862680	     87.23900424	      0.33278303	      0.41166973	      0.95294911	     31.53286414	      2.05984620	     -5.16124200	    -28.78162141	     -0.43226520	     15.30545412	      0.04588766	     -0.02180841	      0.00242960	     10.56964178	      2.26307871	     -3.31641329	     -8.89914788	      8.42950165	     -4.74812909	    -25.21082539	      4.25003230	     -0.14418323	    -11.11811923	    -14.58103756	     11.65008916	      0.04917448	     -0.02277744	     -0.00247155	     -2.04916433	     -0.51265654	      1.21141069	      0.31302825	     -0.32079204	      0.81780544	     -8.06354192
      1.80000000	      8.03613987	     -2.40356740	     86.93758187	      0.33264026	      0.41162115	      0.95213542	     31.23205580	      2.55534492	     -5.06580153	    -25.82367128	     -0.49742433	     14.87380170	      0.04644968	     -0.02193015	      0.00242960	     11.51421292	      2.42197863	     -3.05601695	    -12.05113166	     11.51743451	     -4.73952548	    -23.44432719	      3.79295322	     -0.42365625	    -11.22325805	    -14.28507438	     11.51399420	      0.04921965	     -0.02278961	     -0.00247155	     -1.69767735	     -0.68392344	      1.00743885	      2.50822992	     -1.79689224	     -0.85772646	     -9.72510454
      1.80500000	      8.19543989	     -2.27554974	     87.08481125	      0.33256918	      0.41175834	      0.95087634	     31.31311534	      2.42604668	     -5.36703685	    -23.68972456	     -0.50347936	     14.48939289	      0.04683881	     -0.02201819	      0.00242960	     11.56782007	      2.30459772	     -3.08892162	    -11.81597583	     11.65159348	     -4.64988503	    -23.36097363	      3.42390653	     -0.24584448	    -11.34154811	    -14.20680266	     11.47744289	      0.04923155	     -0.02279283	     -0.00247155	     -1.86960974	     -0.68333312	      1.11020634	      2.52000453	     -1.74289623	     -0.77923127	     -9.72945296
      1.81000000	      8.32141423	     -2.13269612	     87.40205113	      0.33251359	      0.41189097	      0.94938360	     31.63516325	      2.10148707	     -5.75966179	    -22.11884469	     -0.50677312	     14.15367194	      0.04711631	     -0.02208295	      0.00242960	     11.53009464	      2.27852782	     -3.18816232	    -11.77138101	     11.67464604	     -4.61363698	    -23.32108551	      3.05884230	      0.10099667	    -11.55393753	    -14.23095523	     11.48874509	      0.04922788	     -0.02279183	     -0.00247155	     -2.07039549	     -0.62199728	      1.14912291	      2.50796787	     -1.74411401	     -0.80740847	     -9.76148240
      1.81500000	      8.36307995	     -2.04160528	     87.17810052	      0.33261435	      0.41182115	      0.94864514	     31.04868357	      2.45659679	     -6.02283340	    -18.92940062	     -0.52193261	     13.29791113	      0.04765587	     -0.02221391	      0.00242960	     12.15925300	      2.19887782	     -3.21980667	    -11.47855692	     11.77276007	     -4.38774818	    -23.13608667	      2.50737740	     -0.12376428	    -11.50437482	    -14.06191936	     11.40916706	      0.04925352	     -0.02279878	     -0.00247155	     -2.17349820	     -0.63224766	      1.19428372	      2.64109698	     -1.64576519	     -0.66698394	     -9.80559051
      1.82000000	      8.51606270	     -1.94140746	     87.54112476	      0.33258896	      0.41184402	      0.94697713	     31.47150605	      2.12924515	     -6.37078088	    -17.54375691	     -0.52616567	     12.83963012	      0.04788020	     -0.02227048	      0.00242960	     12.00100155	      2.16776622	     -3.16708637	    -11.43780501	     11.78681539	     -4.36507359	    -23.09398386	      2.17303602	      0.25540663	    -11.66432315	    -14.10465375	     11.42938557	      0.04924705	     -0.02279703	     -0.00247155	     -2.38394382	     -0.55450660	      1.26429030	      2.67843359	     -1.63525851	     -0.70368137	     -9.85485858
      1.82500000	      8.68014013	     -1.80161358	     87.77690716	      0.33273797	      0.41184500	      0.94547204	     31.59847378	      1.94825177	     -6.78254005	    -15.60797627	     -0.53227454	     12.09707524	      0.04818350	     -0.02234916	      0.00242960	     11.85041165	      2.11712239	     -3.02581497	    -11.20832293	     11.92467619	     -4.25205172	    -23.04078746	      1.80942585	      0.49719119	    -11.76738905	    -14.06602383	     11.41110611	      0.04925290	     -0.02279861	     -0.00247155	     -2.56941270	     -0.51591523	      1.38457513	      2.78025894	     -1.59601249	     -0.71839237	     -9.91036216
      1.83000000	      9.17153544	     -1.87307576	     87.30671547	      0.33227668	      0.41160147	      0.94471478	     32.71823238	      2.47466640	     -7.55222388	    -15.31186570	     -1.17895871	     11.97215450	      0.04822887	     -0.02236117	      0.00242960	     10.14526322	      2.11731723	     -2.78472703	     -9.93002363	     11.12958641	     -6.02480879	    -19.54057430	      1.85468066	     -0.01618121	    -11.64713924	    -14.03210044	     11.39504366	      0.04925804	     -0.02280001	     -0.00247155	     -2.58967504	     -0.51713131	      1.03479063	      3.44655316	     -2.21639780	     -0.03349373	    -11.24440488
      1.83500000	      9.26766267	     -1.77082934	     87.41109297	      0.33244443	      0.41151273	      0.94335511	     32.66484660	      2.46860221	     -8.03555680	    -13.24227953	     -1.18500138	     11.00736942	      0.04853835	     -0.02244481	      0.00242960	      9.94807239	      1.98736877	     -2.66158096	     -9.45227899	     11.32822902	     -5.84310467	    -19.58367427	      1.42318547	      0.06716248	    -11.75726382	    -14.01816991	     11.38838264	      0.04926014	     -0.02280058	     -0.00247155	     -2.75463755	     -0.47529871	      1.12635720	      3.60401503	     -2.12711365	     -0.11726737	    -11.29526825
      1.84000000	      9.44629537	     -1.68646582	     87.75911697	      0.33253484	      0.41142559	      0.94163170	     33.16315325	      2.20577015	     -8.49266897	    -12.16116732	     -1.18679694	     10.43561164	      0.04869478	     -0.02248833	      0.00242960	      9.52897875	      1.95904894	     -2.46002897	     -9.31983951	     11.41022275	     -5.82362403	    -19.59509007	      1.11893179	      0.40836331	    -11.92371277	    -14.07595081	     11.41580877	      0.04925140	     -0.02279820	     -0.00247155	     -2.91748681	     -0.40244488	      1.19443626	      3.65144236	     -2.10546507	     -0.16921416	    -11.33707854
      1.84500000	      9.47542457	     -1.55199257	     87.64256021	      0.33285155	      0.41130027	      0.94056987	     32.59194754	      2.48369293	     -9.02313813	     -9.35302221	     -1.19701885	      8.71020007	      0.04908454	     -0.02260085	      0.00242960	      9.47148207	      1.75596202	     -2.46784037	     -8.23965294	     11.73767340	     -5.42831631	    -19.65543367	      0.63384772	      0.23077137	    -11.94197564	    -14.10329032	     11.42874108	      0.04924725	     -0.02279708	     -0.00247155	     -3.03163942	     -0.40852401	      1.23348839	      4.10493244	     -1.95580759	     -0.26538438	    -11.54435117
      1.85000000	      9.66127904	     -1.50569790	     87.96752034	      0.33294172	      0.41113068	      0.93881573	     33.16953460	      2.28282929	     -9.47296239	     -8.57715831	     -1.19802739	      8.16776069	      0.04918803	     -0.02263180	      0.00242960	      8.99211703	      1.77685140	     -2.26663859	     -8.13635779	     11.78634137	     -5.44046276	    -19.67230118	      0.35849054	      0.53731617	    -12.08578944	    -14.20927061	     11.47859731	      0.04923117	     -0.02279273	     -0.00247155	     -3.13480241	     -0.34071158	      1.28363737	      4.17045173	     -1.92691718	     -0.29737603	    -11.58855312
      1.85500000	      9.70591055	     -1.34175963	     87.85830086	      0.33330605	      0.41099348	      0.93761396	     32.72663185	      2.54428393	    -10.10799162	     -6.20833038	     -1.20955916	      6.32006044	      0.04949283	     -0.02272590	      0.00242960	      8.63418836	      1.63485350	     -2.27890219	     -6.43911001	     11.58108424	     -5.04364118	    -19.89384629	      0.02967197	      0.30661202	    -12.21180052	    -14.52747306	     11.62570422	      0.04918268	     -0.02277964	     -0.00247155	     -3.32605576	     -0.48250210	      1.31546396	      5.05768426	     -1.84052814	     -0.40123915	    -12.16405470
      1.86000000	      9.75763321	     -1.26519935	     87.98179599	      0.33364919	      0.41084430	      0.93619090	     32.93364823	      2.53063156	    -10.85141667	     -5.23060907	     -1.21219186	      5.46850689	      0.04961372	     -0.02276454	      0.00242960	      7.97291160	      1.55369970	     -2.07653253	     -5.49067696	     11.67216490	     -4.81583817	    -20.02593069	     -0.37166705	      0.37271911	    -12.32118462	    -14.69119963	     11.69990861	      0.04915760	     -0.02277290	     -0.00247155	     -3.41947802	     -0.49615306	      1.38490454	      5.41447587	     -1.81271357	     -0.35786134	    -12.38927840
      1.86500000	      9.93074291	     -1.22802456	     88.19804040	      0.33391914	      0.41062309	      0.93454498	     33.38460918	      2.46274121	    -11.34212656	     -4.58926075	     -1.21215998	      4.88026491	      0.04969146	     -0.02278981	      0.00242960	      7.35610778	      1.64454288	     -1.79169656	     -5.23471187	     11.79697068	     -4.79956172	    -20.06279652	     -0.64934376	      0.53907035	    -12.38485809	    -14.81247039	     11.75420942	      0.04913897	     -0.02276791	     -0.00247155	     -3.48352429	     -0.45680986	      1.48525934	      5.52916971	     -1.77128019	     -0.35603535	    -12.44508907
      1.87000000	     10.06826220	     -1.16807882	     88.35843652	      0.33426569	      0.41041990	      0.93301100	     33.73962868	      2.43925489	    -11.98470221	     -3.98915297	     -1.21174906	      4.30799251	      0.04976308	     -0.02281341	      0.00242960	      6.64806076	      1.74511487	     -1.51089177	     -4.88762132	     11.99028663	     -4.76612862	    -20.10417641	     -0.94277198	      0.63743232	    -12.41706142	    -14.99256863	     11.83385441	      0.04911122	     -0.02276050	     -0.00247155	     -3.51800258	     -0.40853873	      1.55311793	      5.67808008	     -1.70546779	     -0.34756566	    -12.51324339
      1.87500000	      9.90037848	     -1.08900037	     88.27992157	      0.33476116	      0.41024414	      0.93193366	     33.64705777	      2.60676424	    -12.85420271	     -3.34920972	     -1.20836036	      3.67391690	      0.04983826	     -0.02283852	      0.00242960	      5.92169310	      1.63157404	     -1.55450456	     -3.52836485	     12.50384108	     -4.46330879	    -20.24186506	     -1.46669534	      0.43434390	    -12.49249886	    -15.40000180	     12.00964680	      0.04904806	     -0.02274371	     -0.00247155	     -3.67917969	     -0.44610737	      1.65801248	      6.22069695	     -1.57524492	     -0.35494689	    -12.83862689
      1.88000000	     10.00482778	     -1.15663828	     88.40982151	      0.33497950	      0.40990917	      0.93048302	     34.07647204	      2.66383114	    -12.94775201	     -3.26539714	     -1.20800172	      3.58902501	      0.04984801	     -0.02284180	      0.00242960	      5.73031680	      1.62481712	     -1.54096815	     -3.51925784	     12.48332376	     -4.48366109	    -20.24879949	     -1.75323528	      0.52449888	    -12.40139938	    -15.63765520	     12.10941895	      0.04901098	     -0.02273391	     -0.00247155	     -3.64608475	     -0.43476535	      1.66476618	      6.26822868	     -1.55050016	     -0.34154427	    -12.85533780
      1.88500000	      9.83100017	     -0.99441966	     88.48099010	      0.33570428	      0.40981306	      0.92908534	     34.04457689	      2.59669333	    -13.81999197	     -3.29508041	     -1.13229544	      3.61915848	      0.04984456	     -0.02284064	      0.00242960	      4.20941794	      1.46574006	     -1.91587979	     -0.10934810	     10.59626443	     -4.08238078	    -21.33972257	     -2.13777856	      0.39104593	    -12.81044985	    -16.35756776	     12.39962739	      0.04889757	     -0.02270418	     -0.00247155	     -3.89526025	     -0.75187874	      1.65816987	      8.06910639	     -2.59461498	      0.30411704	    -15.22987951
      1.89000000	      9.92174329	     -1.02732368	     88.53965032	      0.33615927	      0.40951691	      0.92772601	     34.23237356	      2.68738747	    -13.79801836	     -3.25650776	     -1.13213425	      3.57999520	      0.04984904	     -0.02284215	      0.00242960	      4.13690228	      1.49160220	     -1.90005111	     -0.09715196	     10.61426810	     -4.07737475	    -21.34459243	     -2.45881983	      0.39895105	    -12.68980545	    -16.57855237	     12.48505581	      0.04886242	     -0.02269505	     -0.00247155	     -3.83011661	     -0.75157794	      1.71315206	      8.12114295	     -2.56213344	      0.33408852	    -15.22817816
      1.89500000	      9.90480058	     -0.98969034	     88.54652990	      0.33662391	      0.40920094	      0.92652050	     34.24960904	      2.77580490	    -13.65476027	     -3.33674646	     -1.13171362	      3.66133814	      0.04983971	     -0.02283901	      0.00242960	      4.07014923	      1.52343244	     -1.88656296	     -0.07721987	     10.64771998	     -4.05722071	    -21.35383689	     -2.81527007	      0.31446708	    -12.45319806	    -16.93662928	     12.62017576	      0.04880514	     -0.02268023	     -0.00247155	     -3.66610998	     -0.74357366	      1.79652927	      8.24515373	     -2.48315028	      0.40728062	    -15.22876017
      1.90000000	      9.86791462	     -0.95765431	     88.52813173	      0.33722216	      0.40885840	      0.92539077	     34.20080668	      2.88346695	    -13.46783197	     -3.53486289	     -1.13138657	      3.86043547	      0.04981657	     -0.02283124	      0.00242960	      4.18724513	      1.50888269	     -1.93508762	     -0.09026907	     10.64573266	     -4.02602368	    -21.35631589	     -3.18010137	      0.19668032	    -12.21615202	    -17.32600484	     12.76223624	      0.04874239	     -0.02266411	     -0.00247155	     -3.50216317	     -0.73730691	      1.87010402	      8.37287513	     -2.40238863	      0.47930737	    -15.23894510
      1.90500000	      9.69870688	     -0.91206525	     88.48840852	      0.33776715	      0.40850256	      0.92444538	     34.13478567	      2.98330057	    -13.20013462	     -4.10933483	     -1.13028460	      4.42432545	      0.04974882	     -0.02280869	      0.00242960	      4.59367665	      1.42255001	     -2.18562481	     -0.34998165	     10.46834880	     -4.00587284	    -21.35451702	     -3.56439609	      0.00450673	    -12.12010508	    -17.95824925	     12.98274038	      0.04863946	     -0.02263789	     -0.00247155	     -3.33761191	     -0.66784074	      1.86236577	      8.57575235	     -2.26780732	      0.57503266	    -15.32633952
      1.91000000	      9.69959832	     -0.92988213	     88.38987304	      0.33843579	      0.40799763	      0.92327022	     34.27860193	      3.16246836	    -12.78567041	     -4.89420318	     -1.12812861	      5.16295341	      0.04965465	     -0.02277780	      0.00242960	      5.04342931	      1.33784516	     -2.23218468	     -0.79433816	     10.12532218	     -4.03905076	    -21.34768425	     -3.76258518	     -0.26534882	    -12.05869984	    -18.62333607	     13.20152494	      0.04852981	     -0.02261027	     -0.00247155	     -3.29654643	     -0.65828330	      1.92826237	      8.89688027	     -2.07837139	      0.70709667	    -15.53279087
      1.91500000	      9.75668113	     -0.88292992	     88.22938622	      0.33932246	      0.40763237	      0.92225697	     34.16834974	      3.37985995	    -12.45014468	     -5.23969578	     -1.12781072	      5.47666659	      0.04961261	     -0.02276418	      0.00242960	      5.34989212	      1.29870339	     -2.17803147	     -0.80349774	     10.08330884	     -4.01195022	    -21.33938793	     -4.04849460	     -0.53670384	    -11.69908412	    -18.96981996	     13.31034900	      0.04847212	     -0.02259586	     -0.00247155	     -3.10937215	     -0.72934784	      2.06567677	      9.05412775	     -1.98993621	      0.80247355	    -15.55805608
      1.92000000	      9.66723347	     -0.83341766	     88.00041189	      0.34014384	      0.40725489	      0.92151334	     34.02509579	      3.65534496	    -12.07928921	     -5.89039772	     -1.12724807	      6.04903313	      0.04953246	     -0.02273848	      0.00242960	      6.03661363	      1.21936777	     -2.34730063	     -0.94193769	      9.90396733	     -4.02404706	    -21.31673322	     -4.37471923	     -0.89639275	    -11.34486257	    -19.51785961	     13.47553999	      0.04838007	     -0.02257304	     -0.00247155	     -2.78217069	     -0.78949415	      2.10198870	      9.23068211	     -1.88430424	      0.92594478	    -15.59832363
      1.92500000	      9.57575838	     -0.82754999	     87.76885812	      0.34103100	      0.40684919	      0.92080245	     33.95751359	      3.95060126	    -11.70954267	     -6.71698726	     -1.12622554	      6.74200590	      0.04942880	     -0.02270575	      0.00242960	      7.01035951	      1.14351243	     -2.55174523	     -1.11870403	      9.66232089	     -4.05545236	    -21.28306346	     -4.66232208	     -1.25767657	    -11.06322483	    -20.14294205	     13.65396803	      0.04827390	     -0.02254697	     -0.00247155	     -2.41524727	     -0.82606307	      2.09694602	      9.40858721	     -1.77514497	      1.05313170	    -15.65583874
      1.93000000	      9.69741194	     -0.91536775	     87.69800239	      0.34184915	      0.40643503	      0.91962898	     34.60076048	      4.06601360	    -11.45981574	     -8.38013107	     -1.12018091	      8.02527036	      0.04921403	     -0.02263965	      0.00242960	      8.84195191	      1.17257053	     -2.55687283	     -1.86154367	      8.84377694	     -4.43453485	    -21.20020276	     -4.52408687	     -1.54185684	    -11.37347137	    -21.17743207	     13.92722501	      0.04809542	     -0.02250374	     -0.00247155	     -2.16055881	     -0.77581127	      2.07259205	      9.72060229	     -1.59310205	      1.21377727	    -16.01009431
      1.93500000	      9.57186752	     -0.89568229	     87.43455332	      0.34279858	      0.40610500	      0.91909384	     34.59598611	      4.32667199	    -11.11081727	     -9.31673611	     -1.11778851	      8.68548356	      0.04908942	     -0.02260230	      0.00242960	     10.10843745	      1.18579967	     -2.52551114	     -1.87309338	      8.71524763	     -4.41072962	    -21.14877673	     -4.77635422	     -1.94033856	    -11.04477727	    -21.90217085	     14.10332616	      0.04796832	     -0.02247340	     -0.00247155	     -1.70718458	     -0.89525296	      2.10114929	      9.91311696	     -1.49124757	      1.38233517	    -16.11170499
      1.94000000	      9.54920887	     -0.96814676	     87.30529660	      0.34373506	      0.40566177	      0.91795119	     34.81719289	      4.51250159	    -10.72018768	    -10.17921932	     -0.98180582	      9.25561708	      0.04897233	     -0.02256782	      0.00242960	     13.30901977	      1.51670157	     -1.88217490	     -2.98131518	      8.31846066	     -6.93706461	    -19.76988697	     -4.45100945	     -2.41082938	    -11.61159705	    -23.54844941	     14.46117135	      0.04767341	     -0.02240437	     -0.00247155	     -1.49018191	     -1.44116424	      2.04984763	     10.72494801	     -2.38681487	      4.52134808	    -23.00110504
      1.94500000	      9.40665592	     -1.06656541	     86.99489268	      0.34470074	      0.40534993	      0.91785099	     34.68918416	      4.84195303	    -10.31914832	    -10.84809589	     -0.98080597	      9.67363615	      0.04887999	     -0.02254104	      0.00242960	     14.17319373	      1.39899318	     -1.88418535	     -2.86906896	      8.34802514	     -6.76534110	    -19.73151273	     -4.73680513	     -2.77613840	    -11.24134762	    -24.17363266	     14.58320555	      0.04755918	     -0.02237813	     -0.00247155	     -0.90929585	     -1.51902615	      2.04492393	     10.81734967	     -2.35294284	      4.64790087	    -22.94281510
      1.95000000	      9.20077466	     -1.18473662	     86.68481139	      0.34553863	      0.40498481	      0.91795706	     34.64119919	      5.17588268	    -10.01566517	    -11.79022213	     -0.97823678	     10.22802183	      0.04874763	     -0.02250324	      0.00242960	     15.24847182	      1.20110310	     -2.08358890	     -3.03082984	      8.15138948	     -6.63441293	    -19.67524598	     -4.85391242	     -3.21036709	    -11.14791399	    -25.18884384	     14.76705171	      0.04737110	     -0.02233552	     -0.00247155	      0.06693798	     -1.56672910	      1.88642933	     10.86585801	     -2.35347593	      4.80906732	    -22.88049715
      1.95500000	      9.13196579	     -1.40449712	     86.38221133	      0.34633247	      0.40449183	      0.91799941	     34.68226596	      5.58285276	     -9.72035299	    -12.70426094	     -0.97358227	     10.72896261	      0.04861665	     -0.02246648	      0.00242960	     15.74856067	      1.03319423	     -2.17609975	     -3.48138711	      7.76613453	     -6.64080285	    -19.63032819	     -4.71482539	     -3.63762333	    -11.10350969	    -26.36935693	     14.96107668	      0.04714839	     -0.02228599	     -0.00247155	      1.10519413	     -1.57150367	      1.84373867	     10.93268814	     -2.35315786	      4.97761748	    -22.87824307
      1.96000000	      8.98071670	     -1.60572149	     86.05097428	      0.34710431	      0.40397166	      0.91822257	     34.62395106	      6.00289364	     -9.40671351	    -13.72095041	     -0.96798567	     11.24527505	      0.04846794	     -0.02242550	      0.00242960	     15.83146013	      0.99967354	     -2.22058248	     -4.02926574	      7.36102029	     -6.72178229	    -19.59887506	     -4.55493522	     -4.11233537	    -11.08049945	    -27.71518327	     15.16054223	      0.04688930	     -0.02222961	     -0.00247155	      2.22410340	     -1.59375492	      1.83168617	     10.98171421	     -2.34597044	      5.16680656	    -22.93277155
      1.96500000	      8.81523956	     -1.79253672	     85.68473898	      0.34791477	      0.40350679	      0.91868122	     34.50765209	      6.43576410	     -9.12071159	    -14.70890678	     -0.96342368	     11.70786908	      0.04832040	     -0.02238558	      0.00242960	     15.75395330	      1.01092201	     -2.19011618	     -4.43124257	      7.08708523	     -6.80059121	    -19.58016024	     -4.38743182	     -4.58597530	    -10.90811268	    -29.03937559	     15.33905364	      0.04662906	     -0.02217428	     -0.00247155	      3.42843170	     -1.63791308	      1.68908004	     11.02388590	     -2.31262967	      5.38209544	    -22.97895960
      1.97000000	      8.57952370	     -1.95184484	     85.36735396	      0.34868820	      0.40302443	      0.91920609	     34.36833102	      6.81548337	     -8.84949720	    -15.83196430	     -0.95880979	     12.18954917	      0.04814901	     -0.02234008	      0.00242960	     15.57985396	      1.02362822	     -2.18128585	     -4.87471941	      6.80665813	     -6.89554662	    -19.55884868	     -4.11916765	     -5.05838679	    -10.84196342	    -30.64444213	     15.53885313	      0.04630668	     -0.02210747	     -0.00247155	      4.91524830	     -1.64307771	      1.48347087	     11.06549930	     -2.24029404	      5.65165943	    -23.05435321
      1.97500000	      8.65417692	     -2.14529505	     85.19851609	      0.34938607	      0.40245289	      0.91896411	     34.94415950	      7.01277345	     -8.76004673	    -17.73763049	     -0.94631714	     12.90720787	      0.04784917	     -0.02226257	      0.00242960	     15.07579744	      1.09666334	     -1.82464974	     -5.88290515	      6.34173974	     -6.73622195	    -19.37687085	     -3.29059498	     -5.55419227	    -11.15215009	    -32.64487849	     15.76981171	      0.04589434	     -0.02202477	     -0.00247155	      6.73007586	     -1.54340293	      1.80205765	     10.79344585	     -1.98013570	      6.19641977	    -24.09969941
      1.98000000	      8.42789031	     -2.27334975	     84.97076889	      0.35008661	      0.40189495	      0.91973386	     34.64565173	      7.37958590	     -8.22131540	    -18.48648519	     -0.91180673	     13.15758202	      0.04772823	     -0.02223201	      0.00242960	     14.77801462	      1.17040988	     -1.73162601	     -7.77783220	      6.41595208	     -3.32035165	    -17.35322081	     -2.90807008	     -5.88649496	    -10.82566235	    -34.09970754	     15.92607539	      0.04558728	     -0.02196511	     -0.00247155	      9.48872238	     -1.45140968	      1.96034777	      7.84008351	     -0.06886452	      8.31722480	    -31.92888004
      1.98500000	      8.04852611	     -2.38043229	     84.74170164	      0.35078289	      0.40123510	      0.92068866	     34.17354157	      7.76752500	     -7.64343781	    -19.24596428	     -0.91069367	     13.39463337	      0.04760375	     -0.02220096	      0.00242960	     14.78873653	      1.03047319	     -1.71697179	     -7.90184988	      6.27710629	     -3.36828489	    -17.31752441	     -2.69023523	     -6.21818212	    -10.51635983	    -35.71006034	     16.08795261	      0.04524047	     -0.02189967	     -0.00247155	     10.92129102	     -1.48132183	      1.65077105	      7.97628772	      0.00323268	      8.51916563	    -31.80989882
      1.99000000	      7.96337145	     -2.51997221	     84.49703141	      0.35143149	      0.40039176	      0.92119261	     34.03990730	      8.23251389	     -7.11180068	    -20.05708848	     -0.90929817	     13.63007421	      0.04746878	     -0.02216772	      0.00242960	     14.63116485	      0.87777802	     -1.91180836	     -8.42095032	      5.83662438	     -3.51722790	    -17.21650666	     -1.96386224	     -6.69639848	    -10.39371887	    -37.58054672	     16.26185932	      0.04482867	     -0.02182455	     -0.00247155	     12.83965385	     -1.49130389	      1.53084901	      8.07258314	      0.08393358	      8.77599694	    -31.57402039
      1.99500000	      7.60052523	     -2.60606343	     84.35647414	      0.35201774	      0.39957555	      0.92210876	     33.55221696	      8.54473831	     -6.59983947	    -20.75773075	     -0.90882256	     13.81955476	      0.04735051	     -0.02213895	      0.00242960	     14.56757281	      0.78354713	     -1.90843477	     -8.64205010	      5.64631126	     -3.56418188	    -17.17269135	     -1.63513610	     -6.91257267	     -9.94968782	    -39.26199873	     16.40575279	      0.04445041	     -0.02175798	     -0.00247155	     13.92338503	     -1.56301203	      1.40041892	      8.03130783	      0.02920468	      8.88069353	    -31.40435936
      2.00000000	      7.60443497	     -2.67864475	     84.18287541	      0.35258011	      0.39870508	      0.92248912	     33.45522944	      8.90328412	     -6.23867306	    -21.50099223	     -0.90842899	     14.00733290	      0.04722334	     -0.02210839	      0.00242960	     14.20814682	      0.77569512	     -1.95578809	     -9.30210719	      5.13082969	     -3.69348778	    -17.01643717	     -0.75108553	     -7.25167835	     -9.57880876	    -41.13674653	     16.55289504	      0.04401986	     -0.02168497	     -0.00247155	     15.43531603	     -1.78106164	      1.57022435	      7.57893699	     -0.30906072	      9.01287720	    -30.77536597
      2.00500000	      7.24826393	     -2.72814486	     84.13596775	      0.35316442	      0.39785801	      0.92340385	     32.88286906	      9.08931582	     -5.90394004	    -22.08301020	     -0.90800611	     14.14541436	      0.04712255	     -0.02208443	      0.00242960	     13.98161794	      0.73028982	     -1.88740724	     -9.50169395	      4.97592946	     -3.74606796	    -16.97371347	     -0.37913404	     -7.37824254	     -9.12694757	    -42.81590834	     16.67329676	      0.04362654	     -0.02162067	     -0.00247155	     16.26642243	     -1.89120822	      1.54034233	      7.40978320	     -0.48092969	      9.07308705	    -30.51261496
      2.01000000	      7.21335196	     -2.72450917	     83.98291845	      0.35374669	      0.39712383	      0.92382940	     32.65352869	      9.33613013	     -5.88798867	    -22.73390357	     -0.90614605	     14.29107176	      0.04700857	     -0.02205761	      0.00242960	     13.26211764	      0.73768175	     -1.84614394	    -10.01027184	      4.60196988	     -3.92572444	    -16.88130815	      0.49488673	     -7.72127414	     -8.77040679	    -44.67158875	     16.79441955	      0.04318370	     -0.02155074	     -0.00247155	     17.63900686	     -2.18047345	      1.68077676	      6.92557530	     -0.94066599	      9.22280752	    -29.79390721
      2.01500000	      7.10215468	     -2.67312089	     83.97802684	      0.35425139	      0.39647473	      0.92432811	     32.33752558	      9.38413691	     -5.86064294	    -23.35930249	     -0.90363970	     14.42282624	      0.04689781	     -0.02203182	      0.00242960	     12.69972530	      0.74571968	     -1.61349502	    -10.30641057	      4.33522251	     -3.98786252	    -16.74375873	      1.34842793	     -7.92773905	     -8.42829537	    -46.57769425	     16.90642432	      0.04272020	     -0.02148007	     -0.00247155	     18.85500001	     -2.27088479	      1.97329060	      6.36284178	     -1.46877301	      9.38826333	    -28.76639896
      2.02000000	      6.78621203	     -2.68767826	     84.13005767	      0.35472716	      0.39577435	      0.92525032	     31.68415703	      9.32173565	     -5.62917199	    -23.74319221	     -0.90281915	     14.49994800	      0.04682923	     -0.02201598	      0.00242960	     12.49443686	      0.67786353	     -1.44542637	    -10.35279093	      4.28222032	     -4.00742940	    -16.72092874	      1.84216738	     -7.93049649	     -8.16594556	    -48.22080017	     16.99339828	      0.04231388	     -0.02142003	     -0.00247155	     19.41841616	     -2.23010651	      1.98011806	      6.30477414	     -1.57402630	      9.41857701	    -28.54062807
      2.02500000	      6.60283220	     -2.57673062	     84.11490480	      0.35514519	      0.39518252	      0.92589924	     31.19162231	      9.36407040	     -5.64056086	    -24.20036839	     -0.90057978	     14.58826570	      0.04674696	     -0.02199712	      0.00242960	     11.90225606	      0.62228982	     -1.33912796	    -10.58732758	      4.10274142	     -4.14302516	    -16.69993942	      2.64421483	     -8.17677292	     -7.86391889	    -50.03083239	     17.07949341	      0.04185927	     -0.02135475	     -0.00247155	     20.18437600	     -2.23632631	      1.87697161	      6.13709070	     -1.78410814	      9.43289758	    -28.17958291
      2.03000000	      6.80701170	     -2.37766370	     84.08832014	      0.35559690	      0.39480458	      0.92609618	     31.09789978	      9.28536958	     -6.13959703	    -24.69429038	     -0.84271178	     14.67959282	      0.04665735	     -0.02197674	      0.00242960	     10.56202912	      0.55299261	     -1.24219994	     -9.89387236	      2.65499824	     -2.74366435	    -14.54883248	      4.00176079	     -8.48539311	     -7.45217319	    -52.12702494	     17.16721567	      0.04132396	     -0.02128019	     -0.00247155	     19.54147671	     -1.67135238	      2.31089883	      5.52136474	     -2.48588610	      9.08223824	    -15.65393206
      2.03500000	      6.60673602	     -2.41636123	     84.26338927	      0.35596459	      0.39429243	      0.92719563	     30.46797792	      9.15785140	     -6.05914247	    -24.89630894	     -0.84204114	     14.71577857	      0.04662049	     -0.02196841	      0.00242960	     10.37410220	      0.51217410	     -1.15115980	     -9.93759474	      2.61595675	     -2.77822161	    -14.53845059	      4.60153717	     -8.46892735	     -7.37250439	    -53.46136285	     17.21674715	      0.04097846	     -0.02123326	     -0.00247155	     19.63230084	     -1.56941600	      2.20708701	      5.49877301	     -2.53418865	      8.97939759	    -15.69398032
      2.04000000	      6.46300632	     -2.31361454	     84.34063590	      0.35621448	      0.39379931	      0.92823758	     29.88258462	      9.09610611	     -6.04135116	    -25.10766929	     -0.84087165	     14.75294094	      0.04658179	     -0.02195969	      0.00242960	      9.94908773	      0.47119100	     -1.03426029	    -10.04867002	      2.53742196	     -2.86797193	    -14.53454670	      5.41051834	     -8.61110042	     -7.20692835	    -54.91948869	     17.26559222	      0.04059684	     -0.02118241	     -0.00247155	     19.61868390	     -1.45959885	      2.01287555	      5.37848477	     -2.64875187	      8.80287502	    -15.75734960
      2.04500000	      6.71295189	     -2.03161663	     84.05080071	      0.35639614	      0.39357643	      0.92869342	     29.66099788	      9.30136055	     -6.41989169	    -25.26301375	     -0.83708227	     14.77981098	      0.04655326	     -0.02195328	      0.00242960	      8.83808935	      0.48324661	     -0.84527089	    -10.29553500	      2.35950053	     -3.09322986	    -14.51199272	      6.79339840	     -9.09210464	     -6.67492715	    -56.53345562	     17.31358042	      0.04016964	     -0.02112661	     -0.00247155	     19.18727366	     -1.43092388	      1.74911742	      5.01964110	     -2.92346018	      8.38376861	    -15.88875431
      2.05000000	      6.67619403	     -1.92768250	     84.16322183	      0.35647493	      0.39321575	      0.92983594	     29.14663916	      9.17201995	     -6.47652149	    -25.38229890	     -0.83552760	     14.80019478	      0.04653130	     -0.02194836	      0.00242960	      8.44382204	      0.45574767	     -0.69224892	    -10.28082276	      2.33388243	     -3.12654441	    -14.48813657	      7.70934299	     -9.13754780	     -6.49402346	    -57.72005903	     17.34502311	      0.03985246	     -0.02108588	     -0.00247155	     18.94182935	     -1.34067434	      1.58391267	      4.80861718	     -3.06186701	      8.12887738	    -15.96871923
      2.05500000	      6.80126940	     -1.79795574	     84.12478984	      0.35665561	      0.39290335	      0.93081092	     28.70557124	      9.16974832	     -6.69737567	    -25.35901637	     -0.83218865	     14.79623377	      0.04653559	     -0.02194932	      0.00242960	      7.73698437	      0.46180406	     -0.60784141	    -10.25152379	      2.29096807	     -3.17073594	    -14.42408901	      8.84267435	     -9.29715552	     -6.16056334	    -58.89975136	     17.37323489	      0.03953461	     -0.02104560	     -0.00247155	     18.45446902	     -1.35482315	      1.45368158	      4.39609155	     -3.29158903	      7.70870197	    -16.08223546
      2.06000000	      6.65020227	     -1.83135188	     84.34086678	      0.35682739	      0.39241699	      0.93230924	     28.05719120	      8.99415123	     -6.63543846	    -25.45581547	     -0.83183087	     14.81265100	      0.04651775	     -0.02194532	      0.00242960	      7.57976164	      0.41986930	     -0.55231881	    -10.23589172	      2.28163696	     -3.17253478	    -14.41511525	      9.54306154	     -9.24704133	     -6.19002400	    -59.72217543	     17.39119346	      0.03931157	     -0.02101764	     -0.00247155	     18.33707495	     -1.23327787	      1.32802269	      4.27334183	     -3.36676236	      7.56231799	    -16.13116553
      2.06500000	      6.72330719	     -1.66736476	     84.22327607	      0.35690684	      0.39207243	      0.93342655	     27.45027741	      9.14238722	     -6.62803270	    -25.21535705	     -0.82932635	     14.77161812	      0.04656202	     -0.02195524	      0.00242960	      6.73068758	      0.41461280	     -0.52622776	    -10.30011928	      2.20132294	     -3.25817626	    -14.37800681	     10.65116124	     -9.48505669	     -5.86757478	    -60.75056813	     17.41179518	      0.03903107	     -0.02098282	     -0.00247155	     17.70063619	     -1.18112238	      1.09574715	      3.78719393	     -3.63383695	      7.09567823	    -16.26086884
      2.07000000	      6.58817301	     -1.66369136	     84.43810097	      0.35706567	      0.39152456	      0.93491624	     26.78319754	      8.97571684	     -6.53737273	    -25.23959521	     -0.82885971	     14.77578475	      0.04655757	     -0.02195424	      0.00242960	      6.55577099	      0.38439887	     -0.49230963	    -10.27630071	      2.19553978	     -3.25413601	    -14.36638611	     11.39493631	     -9.45623252	     -5.92122451	    -61.42796393	     17.42422631	      0.03884526	     -0.02096003	     -0.00247155	     17.51663921	     -1.05288972	      0.99207995	      3.65665742	     -3.69792564	      6.92886762	    -16.31380665
      2.07500000	      6.46999963	     -1.70506786	     84.58277746	      0.35725683	      0.39097877	      0.93641969	     26.09291485	      8.88331227	     -6.45308090	    -25.20219028	     -0.82834587	     14.76933470	      0.04656444	     -0.02195579	      0.00242960	      6.25560257	      0.36353198	     -0.44854273	    -10.28542076	      2.18015959	     -3.27575500	    -14.36018518	     12.16111177	     -9.44675629	     -5.90930450	    -62.04059724	     17.43477446	      0.03867653	     -0.02093956	     -0.00247155	     17.23422950	     -0.94341611	      0.85801686	      3.47679261	     -3.79134647	      6.73185159	    -16.37747486
      2.08000000	      6.40432669	     -1.66233728	     84.64581680	      0.35746403	      0.39043542	      0.93783524	     25.35921166	      8.86407534	     -6.39132349	    -24.98996332	     -0.82738903	     14.73233244	      0.04660336	     -0.02196454	      0.00242960	      5.69326632	      0.36345070	     -0.36759040	    -10.29479377	      2.17063518	     -3.31749215	    -14.35217077	     13.00658742	     -9.50516399	     -5.79390684	    -62.62588715	     17.44423596	      0.03851470	     -0.02092019	     -0.00247155	     16.71244023	     -0.83279521	      0.65783865	      3.17416889	     -3.92758388	      6.43092644	    -16.46982586
      2.08500000	      6.33782548	     -1.57856481	     84.63547915	      0.35778042	      0.38996347	      0.93937121	     24.49177346	      8.89345489	     -6.41515012	    -24.55328923	     -0.82469103	     14.65394634	      0.04668301	     -0.02198256	      0.00242960	      4.92175341	      0.43862132	     -0.32831900	    -10.15013534	      2.25516089	     -3.28244525	    -14.30472629	     13.78987372	     -9.53845807	     -5.50707725	    -63.02472354	     17.45034853	      0.03840405	     -0.02090710	     -0.00247155	     15.95393041	     -0.72368223	      0.46886499	      2.77036353	     -3.96273351	      6.00384375	    -16.57796014
      2.09000000	      6.18863640	     -1.68956478	     84.84369235	      0.35797275	      0.38928832	      0.94093681	     23.81758791	      8.72127858	     -6.41552038	    -24.57276289	     -0.82425003	     14.65750288	      0.04667947	     -0.02198176	      0.00242960	      4.75867446	      0.42005925	     -0.28059750	    -10.09076865	      2.28229701	     -3.25957122	    -14.29510704	     14.45455026	     -9.44740951	     -5.57161623	    -63.29609173	     17.45435769	      0.03832860	     -0.02089826	     -0.00247155	     15.76665385	     -0.63113632	      0.37656620	      2.65788981	     -3.97764663	      5.87715076	    -16.60997876
      2.09500000	      5.93063856	     -1.59762307	     84.95029297	      0.35831511	      0.38892158	      0.94279802	     22.71618096	      8.55088282	     -6.67320321	    -24.10992843	     -0.81339872	     14.57108939	      0.04676328	     -0.02200085	      0.00242960	      3.72719198	      0.39815035	     -0.34912798	     -9.33198110	      2.58713961	     -2.84312603	    -14.07435398	     14.96373819	     -9.28207615	     -5.25631354	    -63.40885836	     17.45598875	      0.03829720	     -0.02089460	     -0.00247155	     15.13171297	     -0.48511728	      0.09206420	      2.02407854	     -3.34150832	      5.27247455	    -16.56364774
      2.10000000	      5.83200304	     -1.66734459	     85.19920383	      0.35840382	      0.38830722	      0.94419866	     22.08511550	      8.32160444	     -6.65113649	    -24.10058742	     -0.81296764	     14.56931083	      0.04676497	     -0.02200124	      0.00242960	      3.55689639	      0.33768723	     -0.28865246	     -9.31375943	      2.57170886	     -2.83646552	    -14.06558723	     15.70758253	     -9.18607844	     -5.39820279	    -63.55532822	     17.45807223	      0.03825638	     -0.02088986	     -0.00247155	     14.93961187	     -0.42745497	      0.02345179	      1.89802707	     -3.36967256	      5.15170454	    -16.58733958
      2.10500000	      5.78485743	     -1.73164728	     85.45334664	      0.35849649	      0.38770680	      0.94556022	     21.40123483	      8.09121760	     -6.65005290	    -23.90995795	     -0.81255690	     14.53260356	      0.04679929	     -0.02200910	      0.00242960	      3.23238400	      0.28750071	     -0.16149277	     -9.27556771	      2.57732137	     -2.83617086	    -14.05998739	     16.45322292	     -9.04348403	     -5.48962898	    -63.57716690	     17.45838029	      0.03825029	     -0.02088915	     -0.00247155	     14.60449763	     -0.38455127	     -0.07239804	      1.70626608	     -3.42382357	      4.99050194	    -16.62222817
      2.11000000	      5.76790135	     -1.80266485	     85.71318650	      0.35854393	      0.38719356	      0.94697329	     20.65870577	      7.83895979	     -6.66823101	    -23.52278549	     -0.81203069	     14.45601036	      0.04686866	     -0.02202507	      0.00242960	      2.75978344	      0.24732120	      0.03233139	     -9.19241860	      2.61379182	     -2.83048814	    -14.05421718	     17.18681547	     -8.82522088	     -5.54039829	    -63.45346962	     17.45662496	      0.03828477	     -0.02089315	     -0.00247155	     14.10922080	     -0.35029462	     -0.18669729	      1.44617307	     -3.48744468	      4.78310680	    -16.66865206
      2.11500000	      5.74180218	     -1.86726135	     85.94924962	      0.35865687	      0.38671269	      0.94838990	     19.92068070	      7.60815900	     -6.70200246	    -23.18506763	     -0.81143391	     14.38690485	      0.04692879	     -0.02203900	      0.00242960	      2.34895437	      0.22627547	      0.20697807	     -9.07371417	      2.67022857	     -2.80868312	    -14.04741840	     17.84910092	     -8.61786429	     -5.58263663	    -63.17471542	     17.45257839	      0.03836236	     -0.02090221	     -0.00247155	     13.62731285	     -0.31310917	     -0.28588573	      1.20865750	     -3.52495961	      4.59548906	    -16.70927766
      2.12000000	      5.60790186	     -1.92468880	     86.12777617	      0.35874495	      0.38625713	      0.95002112	     18.95622864	      7.41315164	     -6.83898336	    -22.62402409	     -0.80875834	     14.26710945	      0.04702790	     -0.02206213	      0.00242960	      1.73307944	      0.22626926	      0.40955502	     -8.71753671	      2.81178452	     -2.70118963	    -14.01022516	     18.32348454	     -8.31367098	     -5.38184072	    -62.71663058	     17.44565062	      0.03848955	     -0.02091720	     -0.00247155	     12.95661281	     -0.26351496	     -0.42689295	      0.82961941	     -3.42831638	      4.32714852	    -16.73642853
      2.12500000	      5.50791983	     -2.01844355	     86.23535611	      0.35859679	      0.38557459	      0.95125265	     18.44973028	      7.33256955	     -6.83894381	    -22.79981266	     -0.80857274	     14.30533183	      0.04699695	     -0.02205489	      0.00242960	      1.71816205	      0.21332082	      0.40244295	     -8.68888164	      2.81402420	     -2.69027510	    -14.00949105	     18.96365267	     -8.31111887	     -5.45024341	    -62.36523787	     17.44009530	      0.03858685	     -0.02092879	     -0.00247155	     12.85466456	     -0.23420171	     -0.43194003	      0.79644448	     -3.42651882	      4.29228311	    -16.74064381
      2.13000000	      5.54149354	     -2.09499990	     86.61380896	      0.35862643	      0.38511268	      0.95251328	     17.59707575	      6.93226829	     -6.98434852	    -22.09846477	     -0.80769113	     14.14900799	      0.04711986	     -0.02208379	      0.00242960	      1.18928456	      0.17380834	      0.59783835	     -8.50222714	      2.88824626	     -2.65208773	    -13.99715783	     19.65615016	     -7.94325658	     -5.58748503	    -61.89382388	     17.43230863	      0.03871702	     -0.02094445	     -0.00247155	     12.19845896	     -0.15578994	     -0.54833669	      0.51078102	     -3.39919247	      4.09116430	    -16.79089263
      2.13500000	      5.44998004	     -2.10951675	     86.83465950	      0.35859489	      0.38460089	      0.95383716	     16.74189021	      6.70377352	     -7.06730935	    -21.64237982	     -0.80594120	     14.04161229	      0.04719896	     -0.02210257	      0.00242960	      0.75972727	      0.14054949	      0.75130831	     -8.22669744	      2.97535802	     -2.57935761	    -13.97665767	     20.19136288	     -7.63880440	     -5.44561648	    -61.28374170	     17.42164483	      0.03888488	     -0.02096487	     -0.00247155	     11.61080191	     -0.05192966	     -0.68770804	      0.24387020	     -3.25890235	      3.94427108	    -16.81504760
      2.14000000	      5.32230835	     -2.24972242	     86.89507200	      0.35822129	      0.38392690	      0.95479429	     16.25901448	      6.66758574	     -7.05652969	    -21.87678852	     -0.80581325	     14.09736008	      0.04715838	     -0.02209292	      0.00242960	      0.77148335	      0.13384199	      0.72374951	     -8.20746544	      2.97393413	     -2.57177636	    -13.97762550	     20.85662626	     -7.65004511	     -5.47385886	    -60.87262579	     17.41407605	      0.03899763	     -0.02097870	     -0.00247155	     11.53433637	     -0.03885463	     -0.66849711	      0.23042552	     -3.25530206	      3.92526065	    -16.81553429
      2.14500000	      5.45111065	     -2.30232958	     87.25029417	      0.35832805	      0.38343283	      0.95584640	     15.49438607	      6.30332573	     -7.23815603	    -21.15665955	     -0.80489796	     13.92198426	      0.04728247	     -0.02212255	      0.00242960	      0.27625124	      0.09607445	      0.87456648	     -8.01164595	      3.03328894	     -2.54198633	    -13.96883174	     21.46204604	     -7.33230051	     -5.68221274	    -59.95416592	     17.39601445	      0.03924845	     -0.02100977	     -0.00247155	     10.85939662	      0.09967329	     -0.83566729	     -0.02139603	     -3.12219906	      3.79412831	    -16.85151920
      2.15000000	      5.14917506	     -2.21831436	     87.45135106	      0.35823723	      0.38315048	      0.95704926	     14.09422834	      6.07042181	     -7.48960628	    -20.06593102	     -0.65119758	     13.63258015	      0.04746730	     -0.02216736	      0.00242960	     -0.62159508	     -0.13150388	      0.12334038	     -3.47908610	     -0.79683852	     -0.80041751	    -12.26760186	     21.86205503	     -6.97734199	     -5.31637833	    -59.29835660	     17.38213056	      0.03942667	     -0.02103204	     -0.00247155	     10.78628102	      0.01242714	     -0.46857149	     -5.16270814	      3.96748169	      2.61313707	    -15.63777178
      2.15500000	      5.20734175	     -2.35013661	     87.59687244	      0.35800522	      0.38260373	      0.95769549	     13.62166788	      5.94056119	     -7.54484281	    -19.96380365	     -0.65059986	     13.60389601	      0.04748441	     -0.02217155	      0.00242960	     -0.77197866	     -0.12794651	      0.16414725	     -3.47453878	     -0.77833157	     -0.78600928	    -12.26116484	     22.49238880	     -6.90497719	     -5.48015304	    -58.43641851	     17.36250496	      0.03965974	     -0.02106139	     -0.00247155	     10.57462280	      0.00648520	     -0.48611853	     -5.20557636	      3.90975703	      2.52504051	    -15.66544604
      2.16000000	      5.26869862	     -2.47649712	     87.78655600	      0.35779748	      0.38209625	      0.95828266	     13.09757417	      5.75905693	     -7.58503741	    -19.73840122	     -0.64999064	     13.53969692	      0.04752206	     -0.02218079	      0.00242960	     -0.96796690	     -0.13064170	      0.27584124	     -3.42336711	     -0.73029025	     -0.75811225	    -12.25553526	     23.08546922	     -6.74622197	     -5.60562017	    -57.47501283	     17.33878728	      0.03991817	     -0.02109427	     -0.00247155	     10.31276054	      0.01332762	     -0.49334997	     -5.24185781	      3.86196613	      2.42589242	    -15.70178988
      2.16500000	      5.30961313	     -2.59832129	     87.95687144	      0.35755087	      0.38164142	      0.95882141	     12.56540826	      5.58767848	     -7.66213214	    -19.52379484	     -0.64927144	     13.47734861	      0.04755776	     -0.02218958	      0.00242960	     -1.16731240	     -0.12504460	      0.37394619	     -3.36240754	     -0.68048380	     -0.73260842	    -12.25126849	     23.63744557	     -6.59280243	     -5.70614641	    -56.45068031	     17.31128623	      0.04019168	     -0.02112946	     -0.00247155	     10.05197033	      0.04493934	     -0.51728932	     -5.26374377	      3.83887461	      2.33200474	    -15.73866607
      2.17000000	      5.34757332	     -2.72514296	     88.11453755	      0.35728905	      0.38121168	      0.95929090	     12.04315352	      5.42324193	     -7.76815910	    -19.32389710	     -0.64841211	     13.41803016	      0.04759087	     -0.02219777	      0.00242960	     -1.38792679	     -0.11110115	      0.46197611	     -3.29479639	     -0.63112230	     -0.71424733	    -12.24879745	     24.15702486	     -6.44382918	     -5.79312729	    -55.34857952	     17.27895732	      0.04048374	     -0.02116753	     -0.00247155	      9.77185188	      0.09706024	     -0.55226219	     -5.27526530	      3.83919438	      2.23803342	    -15.77980594
      2.17500000	      5.38853055	     -2.85171794	     88.25708629	      0.35701439	      0.38079833	      0.95965705	     11.52466903	      5.27183175	     -7.89202481	    -19.12044472	     -0.64743331	     13.35658609	      0.04762445	     -0.02220609	      0.00242960	     -1.62699916	     -0.09339717	      0.54629850	     -3.21870692	     -0.58116749	     -0.70332471	    -12.24806736	     24.65887425	     -6.31148515	     -5.87664933	    -54.18211892	     17.24156291	      0.04079034	     -0.02120807	     -0.00247155	      9.46678401	      0.15944036	     -0.59901320	     -5.28587681	      3.85476100	      2.14176475	    -15.82637072
      2.18000000	      5.39632041	     -2.97079239	     88.44403160	      0.35672951	      0.38043795	      0.95999595	     10.91383214	      5.05971596	     -8.02000689	    -18.82393360	     -0.64592136	     13.26494746	      0.04767315	     -0.02221822	      0.00242960	     -1.90730740	     -0.08316028	      0.67377315	     -3.07900524	     -0.49950612	     -0.68104509	    -12.24424734	     25.09816270	     -6.10135015	     -5.92213917	    -52.96159733	     17.19877164	      0.04110830	     -0.02125079	     -0.00247155	      9.09081298	      0.26563096	     -0.67937399	     -5.29031605	      3.89694699	      2.00650582	    -15.90117752
      2.18500000	      5.20076111	     -3.01418912	     88.56399127	      0.35657186	      0.38023892	      0.96059205	      9.98087742	      4.89080839	     -8.39013976	    -18.34935768	     -0.63163931	     13.11299387	      0.04775051	     -0.02223761	      0.00242960	     -2.31951694	     -0.17403462	      0.69165905	     -2.44953521	     -0.35770952	     -0.59116164	    -12.14853099	     25.20363444	     -5.84405349	     -5.78459278	    -51.49263124	     17.14197349	      0.04148694	     -0.02130264	     -0.00247155	      8.76056761	      0.54534604	     -0.98092869	     -5.11690977	      4.19787590	      1.38915513	    -16.25820201
      2.19000000	      5.31120109	     -3.17298328	     88.57125699	      0.35618532	      0.37982203	      0.96049790	      9.65675590	      4.88902876	     -8.52289228	    -18.36924596	     -0.63026891	     13.11953269	      0.04774728	     -0.02223680	      0.00242960	     -2.47858056	     -0.15478829	      0.66593231	     -2.44480259	     -0.37665692	     -0.61946622	    -12.14743536	     25.76487001	     -5.90010978	     -5.89172545	    -50.23314554	     17.08853815	      0.04180803	     -0.02134750	     -0.00247155	      8.52630639	      0.48250267	     -0.98189160	     -5.15933902	      4.20806064	      1.34276827	    -16.27647337
      2.19500000	      5.42360577	     -3.32728246	     88.62728479	      0.35583105	      0.37947676	      0.96041427	      9.27851481	      4.83349091	     -8.68197359	    -18.29011247	     -0.62879005	     13.09355881	      0.04776011	     -0.02224003	      0.00242960	     -2.67221732	     -0.13264586	      0.70399113	     -2.39314113	     -0.36268532	     -0.63475555	    -12.14695077	     26.23557536	     -5.85922703	     -5.94944374	    -48.81126323	     17.02257645	      0.04216637	     -0.02139863	     -0.00247155	      8.23244277	      0.43895449	     -0.99666166	     -5.20807850	      4.24544002	      1.30569394	    -16.29539090
      2.20000000	      5.51041267	     -3.46883925	     88.67001436	      0.35547790	      0.37916858	      0.96029085	      8.86396043	      4.78031809	     -8.89785525	    -18.18825986	     -0.62724891	     13.05989967	      0.04777661	     -0.02224419	      0.00242960	     -2.87401538	     -0.10431747	      0.75653776	     -2.32072491	     -0.33162244	     -0.64124167	    -12.14873796	     26.64238080	     -5.81503491	     -5.96947547	    -47.30362128	     16.94591514	      0.04254145	     -0.02145345	     -0.00247155	      7.94825277	      0.40834549	     -1.03804448	     -5.25986991	      4.30495865	      1.29269456	    -16.30353777
      2.20500000	      5.58417057	     -3.63109184	     88.67071870	      0.35507267	      0.37886019	      0.96012462	      8.44234186	      4.76242935	     -9.15237913	    -18.09562521	     -0.62576880	     13.02902381	      0.04779158	     -0.02224797	      0.00242960	     -3.07704601	     -0.07322318	      0.81583596	     -2.24275763	     -0.29472102	     -0.64504410	    -12.15401948	     27.02108650	     -5.81387993	     -5.96946694	    -45.75428582	     16.85954000	      0.04292148	     -0.02151046	     -0.00247155	      7.70942212	      0.38007216	     -1.09486779	     -5.30645993	      4.37791511	      1.30536562	    -16.29902531
      2.21000000	      5.40369773	     -3.62140201	     88.93111123	      0.35492353	      0.37883026	      0.96040116	      7.50941962	      4.40058291	     -9.69204583	    -17.59571918	     -0.61931434	     12.85785075	      0.04787190	     -0.02226836	      0.00242960	     -3.39311833	     -0.10199038	      1.07258316	     -1.74996309	     -0.09702790	     -0.54351448	    -12.15665534	     26.95849411	     -5.35693594	     -5.75940624	    -43.86157663	     16.74305538	      0.04337804	     -0.02158112	     -0.00247155	      7.53486706	      0.58656295	     -1.45212667	     -5.42972277	      4.70068376	      1.32067522	    -16.30722800
      2.21500000	      5.49882937	     -3.78174289	     88.75108147	      0.35450105	      0.37852185	      0.95986662	      7.20270205	      4.57664807	     -9.91133896	    -17.68960183	     -0.61748909	     12.89065823	      0.04785688	     -0.02226453	      0.00242960	     -3.58950641	     -0.07046399	      1.05288581	     -1.71036127	     -0.10424590	     -0.57371144	    -12.16688580	     27.45099882	     -5.61875994	     -5.84147646	    -42.42327758	     16.64611854	      0.04371917	     -0.02163561	     -0.00247155	      7.43155419	      0.53222295	     -1.48764323	     -5.48065746	      4.75864275	      1.34194222	    -16.29296796
      2.22000000	      5.59679186	     -3.89992264	     88.79625687	      0.35419140	      0.37840185	      0.95945787	      6.75026305	      4.49914159	    -10.09610966	    -17.51641441	     -0.61425292	     12.83002996	      0.04788457	     -0.02227159	      0.00242960	     -3.84687853	     -0.08237280	      1.21375045	     -1.46730777	     -0.02995515	     -0.55917643	    -12.18095068	     27.75277692	     -5.56418561	     -5.88591533	    -40.63527713	     16.51487964	      0.04413593	     -0.02170437	     -0.00247155	      7.36249489	      0.55950640	     -1.56386904	     -5.52260250	      4.93317089	      1.38707519	    -16.28701992
      2.22500000	      5.52109820	     -3.98406376	     88.92458262	      0.35405715	      0.37837360	      0.95928149	      6.01829109	      4.30426534	    -10.53889740	    -17.20081434	     -0.60526908	     12.71716159	      0.04793480	     -0.02228445	      0.00242960	     -4.15776184	     -0.12690114	      1.24487977	     -0.95366394	      0.03658824	     -0.54528329	    -12.20119993	     27.71287811	     -5.32938336	     -5.82325143	    -38.57379033	     16.34829772	      0.04460618	     -0.02178511	     -0.00247155	      7.45035699	      0.73515461	     -1.86186647	     -5.75917085	      5.26274964	      1.37073956	    -16.31784508
      2.23000000	      5.67844068	     -4.17158621	     88.69354076	      0.35364253	      0.37821472	      0.95839975	      5.76412621	      4.53168201	    -10.67084597	    -17.28815002	     -0.60262672	     12.74862923	      0.04792092	     -0.02228089	      0.00242960	     -4.39342977	     -0.10282799	      1.26539054	     -0.85722477	      0.03031187	     -0.58299263	    -12.21539501	     28.17918670	     -5.64103475	     -5.88084651	    -36.98877592	     16.20845082	      0.04495999	     -0.02184820	     -0.00247155	      7.32133583	      0.64851207	     -1.80728953	     -5.83066069	      5.34128139	      1.38927736	    -16.31117836
      2.23500000	      5.86130668	     -4.35955724	     88.56673332	      0.35331159	      0.37798825	      0.95750680	      5.46238233	      4.65122140	    -10.85047799	    -17.24445474	     -0.59995344	     12.73295455	      0.04792787	     -0.02228267	      0.00242960	     -4.64273716	     -0.09227537	      1.31196820	     -0.73566954	      0.03376266	     -0.61744006	    -12.22881737	     28.53224477	     -5.83864038	     -5.96761028	    -35.15978924	     16.03393460	      0.04535980	     -0.02192195	     -0.00247155	      7.22740889	      0.57319883	     -1.81224284	     -5.89416358	      5.45969799	      1.45089962	    -16.29034662
      2.24000000	      5.59833388	     -4.22161189	     88.88980282	      0.35328859	      0.37809806	      0.95691500	      3.23038204	      4.55189257	    -10.57532222	    -14.09214584	      1.21412330	     11.42352707	      0.04841286	     -0.02241051	      0.00242960	     -3.28784607	     -0.28967793	      0.48475445	      1.56774386	     -1.99555157	      1.42425777	    -10.27889954	     28.19372040	     -5.28582873	     -5.63879956	    -32.81228704	     15.78828586	      0.04585931	     -0.02201788	     -0.00247155	      8.20508342	      0.81764360	     -1.72805182	     -8.08404790	      8.45868989	     -0.56266851	    -16.87913185
      2.24500000	      5.77144638	     -4.31952687	     88.63178090	      0.35299999	      0.37800532	      0.95571189	      2.97443302	      4.81376519	    -10.74433342	    -14.17375739	      1.21422479	     11.46194396	      0.04840069	     -0.02240722	      0.00242960	     -3.50543057	     -0.20244616	      0.47209213	      1.53715862	     -1.99825061	      1.35491572	    -10.29816445	     28.68216127	     -5.65576052	     -5.81683683	    -31.23768135	     15.60932184	      0.04618560	     -0.02208287	     -0.00247155	      8.07604509	      0.65271580	     -1.66557117	     -8.11008813	      8.48862801	     -0.48702820	    -16.84596271
      2.25000000	      5.80865678	     -4.38723337	     88.71173206	      0.35285265	      0.37798387	      0.95507841	      2.38522144	      4.70846906	    -10.86803692	    -13.89969501	      1.21431506	     11.33179607	      0.04844147	     -0.02241829	      0.00242960	     -3.64479301	     -0.18522888	      0.56655905	      1.72072737	     -1.87671373	      1.26767517	    -10.33818501	     28.53213126	     -5.50042015	     -5.74675178	    -28.75653649	     15.30226115	      0.04668513	     -0.02218608	     -0.00247155	      8.21805948	      0.60380223	     -1.87247772	     -8.19400060	      8.68118496	     -0.21229548	    -16.74403864
      2.25500000	      5.98836100	     -4.48685312	     88.42560811	      0.35259348	      0.37787565	      0.95376511	      2.11396052	      4.99473859	    -11.04209094	    -13.95404422	      1.21446550	     11.35779531	      0.04843340	     -0.02241609	      0.00242960	     -3.86857561	     -0.12880761	      0.59151745	      1.72605258	     -1.86681992	      1.19545073	    -10.36207871	     28.99814387	     -5.88552886	     -5.90258586	    -27.15330994	     15.07975603	      0.04699813	     -0.02225314	     -0.00247155	      8.06231940	      0.48598116	     -1.79884970	     -8.24292059	      8.71806473	     -0.13944003	    -16.71751602
      2.26000000	      6.16730224	     -4.58704400	     88.29102724	      0.35241037	      0.37784921	      0.95259567	      1.77105781	      5.11150484	    -11.13750017	    -13.86708120	      1.21461354	     11.31605809	      0.04844631	     -0.02241960	      0.00242960	     -4.06059271	     -0.11637715	      0.69785780	      1.83827695	     -1.79543168	      1.14553334	    -10.39437253	     29.17200038	     -6.05108406	     -6.01621825	    -25.02773960	     14.73901531	      0.04740116	     -0.02234228	     -0.00247155	      8.00077126	      0.35306991	     -1.73943691	     -8.25626430	      8.84093736	      0.04446619	    -16.66222808
      2.26500000	      6.14656788	     -4.61310338	     88.31804852	      0.35233350	      0.37792405	      0.95185975	      1.13490681	      5.04279850	    -11.33657310	    -13.63988027	      1.21505323	     11.20560131	      0.04847992	     -0.02242877	      0.00242960	     -4.17262010	     -0.15033634	      0.68956741	      2.10715350	     -1.68353690	      1.02094551	    -10.47929243	     28.88004048	     -5.91673763	     -5.93234939	    -22.43184252	     14.22459597	      0.04787437	     -0.02245120	     -0.00247155	      8.31625816	      0.41590324	     -1.99707619	     -8.54182901	      8.97197492	      0.34875272	    -16.56736358
      2.27000000	      6.31634260	     -4.70823713	     88.14665815	      0.35217267	      0.37789409	      0.95058524	      0.80080162	      5.19910836	    -11.44997886	    -13.59451453	      1.21553981	     11.18330126	      0.04848661	     -0.02243060	      0.00242960	     -4.32940480	     -0.14765823	      0.68592133	      2.29341846	     -1.63191111	      0.90227928	    -10.55631977	     29.06650359	     -6.11570676	     -6.08432170	    -20.39335261	     13.72260732	      0.04823102	     -0.02253651	     -0.00247155	      8.33998106	      0.39279383	     -1.96102158	     -8.70095944	      9.08121691	      0.52827330	    -16.53535926
      2.27500000	      6.42404129	     -4.79334777	     87.99722423	      0.35205708	      0.37790593	      0.94937927	      0.38694107	      5.32016073	    -11.56208306	    -13.53674244	      1.21650763	     11.15478552	      0.04849512	     -0.02243293	      0.00242960	     -4.49833161	     -0.15213134	      0.65801060	      2.59464328	     -1.59288475	      0.68714150	    -10.70270698	     29.11564516	     -6.24604876	     -6.16641849	    -18.24971113	     13.08026199	      0.04859159	     -0.02262579	     -0.00247155	      8.48065662	      0.41255048	     -1.96573232	     -9.02993102	      9.19163783	      0.73595729	    -16.51949650
      2.28000000	      6.59386655	     -4.88492001	     87.68215359	      0.35188511	      0.37789362	      0.94780327	      0.12619028	      5.61409187	    -11.74674822	    -13.64778871	      1.21666836	     11.20947941	      0.04847875	     -0.02242845	      0.00242960	     -4.66289983	     -0.08926199	      0.63647772	      2.58017764	     -1.60327946	      0.62977452	    -10.72458285	     29.77260215	     -6.64869236	     -6.56362412	    -17.18500473	     12.71135950	      0.04876517	     -0.02266995	     -0.00247155	      8.23978072	      0.33618244	     -1.90654756	     -9.09507940	      9.18780843	      0.73590444	    -16.52387972
      2.28500000	      6.68267874	     -5.05510005	     87.66775142	      0.35196371	      0.37784335	      0.94679857	     -0.34916054	      5.58519704	    -11.62763814	    -13.51139240	      1.21752124	     11.14223588	      0.04849885	     -0.02243396	      0.00242960	     -4.76239238	     -0.10559950	      0.64594170	      2.95076078	     -1.50811684	      0.45490334	    -10.86315612	     29.46673413	     -6.63942202	     -6.90662373	    -14.56040918	     11.64071755	      0.04917764	     -0.02277829	     -0.00247155	      8.36879426	      0.21169195	     -1.88205253	     -9.10479857	      9.48072588	      1.11093250	    -16.46555427
      2.29000000	      6.86238633	     -5.14775342	     87.38263518	      0.35187097	      0.37787148	      0.94522884	     -0.61247587	      5.84072314	    -11.75866922	    -13.61195030	      1.21769311	     11.19188026	      0.04848404	     -0.02242990	      0.00242960	     -4.89925882	     -0.05436518	      0.65577955	      2.97100351	     -1.50235312	      0.40366942	    -10.88826499	     30.13014324	     -6.97521590	     -7.33222589	    -13.61000480	     11.19092348	      0.04932164	     -0.02281734	     -0.00247155	      8.07536243	      0.17810210	     -1.81818098	     -9.16598927	      9.48045592	      1.09373925	    -16.48153797
      2.29500000	      6.93739483	     -5.35942106	     87.36670656	      0.35203770	      0.37781980	      0.94412979	     -1.07100796	      5.79338620	    -11.59843922	    -13.56536068	      1.21846490	     11.16893150	      0.04849090	     -0.02243178	      0.00242960	     -4.96982258	     -0.06107510	      0.64945033	      3.29488647	     -1.41673626	      0.24074863	    -11.02007691	     29.93677476	     -6.99169055	     -7.91108057	    -11.39303318	      9.99914322	      0.04964660	     -0.02290809	     -0.00247155	      8.02766242	      0.11784937	     -1.73400157	     -9.02686888	      9.79716159	      1.37058765	    -16.46825661
      2.30000000	      7.13530903	     -5.44556381	     87.14653969	      0.35198047	      0.37789556	      0.94256934	     -1.31505620	      5.96708657	    -11.64684076	    -13.64294424	      1.21868846	     11.20710786	      0.04847946	     -0.02242865	      0.00242960	     -5.07775806	     -0.02698829	      0.69862280	      3.37622794	     -1.38273454	      0.19436978	    -11.05722055	     30.54548907	     -7.21964235	     -8.32210594	    -10.48040695	      9.44642464	      0.04977595	     -0.02294530	     -0.00247155	      7.61490165	      0.14224584	     -1.66499303	     -9.06152694	      9.82375708	      1.31841732	    -16.51689318
      2.30500000	      7.17921414	     -5.62771023	     87.12300053	      0.35219009	      0.37795110	      0.94141548	     -1.73980750	      5.89682847	    -11.56951610	    -13.73455919	      1.21956746	     11.25187463	      0.04846593	     -0.02242495	      0.00242960	     -5.19324156	     -0.03189777	      0.65764400	      3.70873858	     -1.29164383	      0.01481675	    -11.22293262	     30.48281359	     -7.21295353	     -8.90093865	     -8.75059325	      8.29160810	      0.05001413	     -0.02301562	     -0.00247155	      7.40512812	      0.20585341	     -1.71069206	     -8.81983796	     10.13690915	      1.38225805	    -16.61575641
      2.31000000	      7.32582043	     -5.66080055	     86.94763841	      0.35222020	      0.37818132	      0.93991468	     -2.01743891	      6.00966475	    -11.62502278	    -13.89394219	      1.21966996	     11.32897665	      0.04844232	     -0.02241852	      0.00242960	     -5.25004409	      0.00006788	      0.65715531	      3.73352676	     -1.27698073	     -0.00947599	    -11.24364355	     31.16703580	     -7.34824496	     -9.22129686	     -8.27016395	      7.94481690	      0.05007865	     -0.02303509	     -0.00247155	      7.07583984	      0.24420003	     -1.71202201	     -8.87879587	     10.10673241	      1.29622116	    -16.65646546
      2.31500000	      7.53665667	     -5.88034194	     86.84401452	      0.35244571	      0.37824100	      0.93840431	     -2.22663944	      6.01226006	    -11.52726945	    -14.03446007	      1.21993197	     11.39612931	      0.04842145	     -0.02241284	      0.00242960	     -5.33639164	      0.05546866	      0.75664587	      3.95505966	     -1.15339487	     -0.03719124	    -11.31034703	     31.54533211	     -7.47417754	     -9.71880784	     -7.28188284	      7.19425109	      0.05020917	     -0.02307507	     -0.00247155	      6.42892478	      0.38879709	     -1.46979169	     -8.66313695	     10.30276315	      1.20462818	    -16.76342392
      2.32000000	      7.59947141	     -5.88269851	     86.76142476	      0.35245243	      0.37845555	      0.93701110	     -2.54366878	      6.02288657	    -11.46704895	    -14.27764923	      1.21996263	     11.51053609	      0.04838517	     -0.02240302	      0.00242960	     -5.32249247	      0.06447470	      0.74854026	      3.97352423	     -1.13531869	     -0.03744238	    -11.32011888	     32.16727094	     -7.49034094	     -9.84785551	     -7.08400122	      7.03775035	      0.05023495	     -0.02308306	     -0.00247155	      6.30725994	      0.40337432	     -1.46350167	     -8.66526240	     10.28907978	      1.17659176	    -16.77311691
      2.32500000	      7.76063802	     -5.94993946	     86.61195706	      0.35271759	      0.37870038	      0.93554276	     -2.78012169	      6.08062368	    -11.43139010	    -14.50633548	      1.22002965	     11.61605157	      0.04835089	     -0.02239377	      0.00242960	     -5.35342208	      0.10788572	      0.75760658	      4.03312811	     -1.08444602	     -0.04255784	    -11.34116663	     32.70254469	     -7.58420478	    -10.10586767	     -6.71390828	      6.73949546	      0.05028283	     -0.02309800	     -0.00247155	      5.93569027	      0.46828751	     -1.41033450	     -8.63998243	     10.30906828	      1.09935411	    -16.82055692
      2.33000000	      7.90805287	     -6.11006344	     86.50321631	      0.35304979	      0.37880854	      0.93407765	     -3.02001627	      6.07689329	    -11.32924494	    -14.74568740	      1.22011076	     11.72436967	      0.04831485	     -0.02238409	      0.00242960	     -5.38975025	      0.17246643	      0.82273674	      4.17504651	     -0.97439756	     -0.03407251	    -11.37357428	     33.06430665	     -7.67560204	    -10.35990737	     -6.25175958	      6.35661739	      0.05034204	     -0.02311662	     -0.00247155	      5.34460853	      0.59773400	     -1.28954348	     -8.53757211	     10.39914865	      0.98590493	    -16.91157208
      2.33500000	      7.89762997	     -6.28576457	     86.44754122	      0.35342072	      0.37890986	      0.93284002	     -3.37668829	      5.97591836	    -11.15840638	    -15.08051369	      1.22020728	     11.87231204	      0.04826412	     -0.02237054	      0.00242960	     -5.41045897	      0.25283097	      0.88750379	      4.40629516	     -0.79888567	     -0.01361558	    -11.42315061	     33.17016962	     -7.70100506	    -10.56203496	     -5.82748692	      5.99474288	      0.05039582	     -0.02313370	     -0.00247155	      4.68787967	      0.78165748	     -1.21794861	     -8.34750044	     10.55958842	      0.85061620	    -17.03720016
      2.34000000	      7.99478784	     -6.39761258	     86.38703140	      0.35382956	      0.37906432	      0.93152292	     -3.70523380	      5.92534319	    -11.14382593	    -15.24920669	      1.22021082	     11.94528736	      0.04823843	     -0.02236371	      0.00242960	     -5.38546715	      0.25003545	      0.88732656	      4.41019411	     -0.79481203	     -0.01113730	    -11.42496789	     33.50889341	     -7.70767383	    -10.55866336	     -5.73971254	      5.91861640	      0.05040687	     -0.02313723	     -0.00247155	      4.66437367	      0.78571575	     -1.22194972	     -8.34275370	     10.56399502	      0.84886878	    -17.03816545
      2.34500000	      7.64321138	     -6.59785125	     86.38461314	      0.35431281	      0.37919994	      0.93068116	     -4.25610356	      5.65333521	    -10.96238469	    -15.94872925	      1.22039711	     12.23699596	      0.04813096	     -0.02233534	      0.00242960	     -5.48033719	      0.38980355	      0.87748549	      4.90408993	     -0.43398960	     -0.01419597	    -11.55309069	     33.18036143	     -7.65691345	    -10.62735064	     -5.59162978	      5.78920893	      0.05042547	     -0.02314318	     -0.00247155	      4.07729445	      1.02695803	     -1.50081950	     -8.00257208	     10.85689341	      0.64167543	    -17.22026490
      2.35000000	      7.79044307	     -6.68361597	     86.32457240	      0.35504350	      0.37938040	      0.92936080	     -4.55696683	      5.61321807	    -10.94362246	    -16.09775323	      1.22039894	     12.29691230	      0.04810787	     -0.02232929	      0.00242960	     -5.45988407	      0.38475544	      0.88142210	      4.91034408	     -0.42914709	     -0.01136003	    -11.55489266	     33.38103102	     -7.62468595	    -10.61243549	     -5.54464160	      5.74788728	      0.05043136	     -0.02314507	     -0.00247155	      4.07728874	      1.02680934	     -1.50132226	     -7.99563269	     10.86177609	      0.64420363	    -17.21909945
      2.35500000	      7.70521587	     -6.84086973	     86.40477843	      0.35563205	      0.37957767	      0.92834776	     -4.97442079	      5.34708515	    -10.59067975	    -16.47207545	      1.22040140	     12.44405564	      0.04804956	     -0.02231409	      0.00242960	     -5.35924469	      0.36004218	      1.04268187	      5.12509578	     -0.29552376	      0.03216233	    -11.58195457	     33.36754173	     -7.47994299	    -10.28448388	     -5.77195950	      5.94664488	      0.05040281	     -0.02313593	     -0.00247155	      4.29004413	      0.98972571	     -1.56362754	     -7.90754389	     10.91960815	      0.68532130	    -17.20091135
      2.36000000	      7.53700743	     -6.95389514	     86.42682871	      0.35628244	      0.37980819	      0.92749695	     -5.40253529	      5.12883226	    -10.34644162	    -17.00463490	      1.22042582	     12.64529445	      0.04796585	     -0.02229243	      0.00242960	     -5.25111424	      0.36791202	      1.07518238	      5.35920781	     -0.15196141	      0.04165797	    -11.62788832	     33.26487634	     -7.35218428	    -10.00149013	     -6.14136788	      6.26343582	      0.05035608	     -0.02312107	     -0.00247155	      4.57514464	      0.92285553	     -1.82170449	     -7.92798749	     10.92592090	      0.70469312	    -17.16798187
      2.36500000	      7.45321378	     -7.05383058	     86.47818331	      0.35703871	      0.38011601	      0.92652695	     -5.76767665	      4.88173472	    -10.13734212	    -17.50069911	      1.22043495	     12.82440998	      0.04788707	     -0.02227223	      0.00242960	     -5.13744049	      0.36907620	      1.10137582	      5.58201897	     -0.02346705	      0.04648421	    -11.67212104	     33.16878019	     -7.17443366	     -9.63788081	     -6.50943629	      6.57153988	      0.05030911	     -0.02310624	     -0.00247155	      4.77025394	      0.84633937	     -1.94904267	     -7.95821225	     10.92518876	      0.71546980	    -17.14328750
      2.37000000	      7.30869787	     -7.13269906	     86.53409767	      0.35782580	      0.38044098	      0.92564162	     -6.08778105	      4.58555115	    -10.04902463	    -18.20397039	      1.22044036	     13.06512429	      0.04777407	     -0.02224355	      0.00242960	     -4.99530108	      0.38739998	      1.04897572	      5.91077958	      0.15233395	      0.02640526	    -11.75596414	     33.03452752	     -6.98038759	     -9.20003611	     -7.07711462	      7.03227666	      0.05023584	     -0.02308334	     -0.00247155	      4.94017392	      0.75086140	     -2.13782480	     -8.08287271	     10.86685036	      0.65975345	    -17.13084809
      2.37500000	      7.33588352	     -7.20984419	     86.69423169	      0.35856073	      0.38089176	      0.92430871	     -5.97512616	      4.05590646	    -10.46959463	    -19.45482289	      1.21965506	     13.45696261	      0.04756920	     -0.02219240	      0.00242960	     -5.41145230	      0.00244544	      0.87012172	      7.38880957	      0.58475276	     -0.30863920	    -12.47434942	     33.32899248	     -6.75078972	     -8.99149717	     -8.25631257	      7.93465446	      0.05008050	     -0.02303565	     -0.00247155	      4.91081071	      0.65683094	     -1.91901691	     -8.02266155	     10.84017487	      0.00934885	    -17.30557509
      2.38000000	      7.36284793	     -7.29349924	     86.81156952	      0.35953842	      0.38122818	      0.92341811	     -6.22681057	      3.76769467	    -10.08601844	    -19.87472301	      1.21953839	     13.57867935	      0.04749931	     -0.02217520	      0.00242960	     -5.10855029	     -0.05883841	      0.89411729	      7.52905910	      0.64826360	     -0.23701347	    -12.50880301	     33.17844209	     -6.49895843	     -8.61168030	     -8.66675847	      8.23193276	      0.05002544	     -0.02301902	     -0.00247155	      5.26375547	      0.61413981	     -1.75196942	     -7.84779715	     10.86480257	      0.05866252	    -17.28008228
      2.38500000	      7.22116348	     -7.34433336	     86.89993400	      0.36048297	      0.38156645	      0.92276945	     -6.54094692	      3.46942551	     -9.82148313	    -20.50130940	      1.21940849	     13.75165301	      0.04739398	     -0.02214949	      0.00242960	     -4.62054821	     -0.07947611	      0.82635690	      7.69478656	      0.73075749	     -0.13493961	    -12.55827330	     33.00842541	     -6.26117532	     -8.28048015	     -9.33575972	      8.69843942	      0.04993458	     -0.02299187	     -0.00247155	      6.12753000	      0.60983043	     -1.70030758	     -7.53691623	     10.90395060	      0.16423882	    -17.20828237
      2.39000000	      7.10723239	     -7.39662456	     86.97370589	      0.36140458	      0.38184381	      0.92212461	     -6.77217522	      3.17869296	     -9.64266961	    -21.21577695	      1.21930394	     13.93684114	      0.04727235	     -0.02212012	      0.00242960	     -4.08308101	     -0.06105333	      0.72098584	      7.86091763	      0.82750585	     -0.01824263	    -12.61923987	     32.94344880	     -6.06833769	     -8.00116118	    -10.07893716	      9.19116685	      0.04983205	     -0.02296165	     -0.00247155	      7.38227775	      0.61342871	     -1.55894624	     -7.03312488	     10.99334063	      0.34628325	    -17.09118879
      2.39500000	      7.02811250	     -7.42550608	     87.05159951	      0.36224468	      0.38209841	      0.92151377	     -6.85363860	      2.88639335	     -9.50210394	    -22.11551905	      1.21922652	     14.15290458	      0.04711689	     -0.02208309	      0.00242960	     -3.44162867	     -0.00675231	      0.55056873	      8.02782841	      0.94375099	      0.12256401	    -12.70661684	     32.99244805	     -5.91157159	     -7.80236339	    -10.86715005	      9.68523669	      0.04972145	     -0.02292954	     -0.00247155	      8.95945194	      0.60277599	     -1.33156047	     -6.33635120	     11.09064364	      0.55735895	    -16.93889810
      2.40000000	      7.28908056	     -7.55641177	     87.33228999	      0.36301113	      0.38225335	      0.92051593	     -6.30537096	      2.32580647	     -9.48183991	    -23.47574426	      1.21900369	     14.44656104	      0.04687706	     -0.02202701	      0.00242960	     -2.77913257	      0.17151631	      0.42110042	      8.40448451	      1.25987782	      0.45900164	    -13.16910453	     33.43731172	     -5.71067263	     -7.96505507	    -11.72219419	     10.18932046	      0.04959931	     -0.02289464	     -0.00247155	     10.55893738	      0.53118998	     -0.88622537	     -4.90153384	     10.58384405	     -0.04448891	    -16.92201297
      2.40500000	      7.04405607	     -7.59696059	     87.45883834	      0.36387778	      0.38249186	      0.92026671	     -6.36831334	      1.94500136	     -9.37620393	    -24.59436888	      1.19464696	     14.66145776	      0.04667554	     -0.02198086	      0.00242960	     -1.79500447	      0.00442260	      0.25285241	      8.33138212	      1.19530779	      1.59452490	    -28.22846188	     33.29556688	     -5.55900501	     -8.05462356	    -12.62625243	     10.68755396	      0.04946772	     -0.02285767	     -0.00247155	     11.01152774	      0.21553585	     -1.23418499	      0.93798059	      5.95099933	     -2.27272910	    -15.63244533
      2.41000000	      6.96279120	     -7.56868981	     87.69099183	      0.36473199	      0.38272065	      0.92035772	     -6.51644717	      1.60205617	     -9.00588761	    -25.22932314	      1.19463152	     14.77401976	      0.04655945	     -0.02195467	      0.00242960	     -1.21624361	     -0.05995209	      0.19298240	      8.40627259	      1.24460346	      1.68426178	    -28.22331722	     33.07869870	     -5.27180566	     -7.61447845	    -13.10941525	     10.93970640	      0.04939635	     -0.02283787	     -0.00247155	     11.34840418	      0.21958300	     -1.02926248	      1.13714719	      6.04159225	     -2.18215216	    -15.61137737
      2.41500000	      6.98480937	     -7.56551764	     88.00098533	      0.36516720	      0.38305284	      0.92007774	     -5.82144089	      1.00039616	     -9.04952161	    -27.15672491	      1.19472444	     15.08024962	      0.04619961	     -0.02187521	      0.00242960	      0.29823587	      0.09071408	     -0.05413367	      8.33779665	      1.49965302	      1.95708771	    -28.33093380	     33.45189256	     -5.05274649	     -7.66910737	    -14.55092536	     11.63640182	      0.04917909	     -0.02277868	     -0.00247155	     11.70138137	      0.42492072	     -1.09905029	      1.28609685	      5.90164181	     -2.51181392	    -15.72772345
      2.42000000	      6.85824150	     -7.53886417	     88.29602240	      0.36587329	      0.38340005	      0.92032036	     -5.55189196	      0.48977626	     -8.92092523	    -28.56363705	      1.19480024	     15.27663279	      0.04592996	     -0.02181736	      0.00242960	      1.69139485	      0.09085729	     -0.27140273	      8.21577080	      1.66981515	      2.20129888	    -28.41906212	     33.45335820	     -4.81290935	     -7.65764605	    -15.69705623	     12.13404583	      0.04900169	     -0.02273146	     -0.00247155	     11.84284474	      0.55897456	     -1.22145848	      1.32789483	      5.88593741	     -2.70250727	    -15.76840464
      2.42500000	      6.50854804	     -7.50474836	     88.54318296	      0.36663243	      0.38387645	      0.92094356	     -5.53534079	      0.03694477	     -8.70335563	    -29.95693129	      1.19492957	     15.45500609	      0.04565719	     -0.02176025	      0.00242960	      2.98259745	      0.02915416	     -0.64450623	      8.13424073	      1.70147007	      2.35249278	    -28.43588126	     33.13005802	     -4.56206467	     -7.51425793	    -16.67461992	     12.52170129	      0.04884709	     -0.02269107	     -0.00247155	     12.17835798	      0.66430076	     -1.46143770	      1.30579050	      5.89736018	     -2.72478610	    -15.74247416
      2.43000000	      6.15544670	     -7.54232073	     88.82264113	      0.36730923	      0.38436452	      0.92157186	     -5.32842086	     -0.49826649	     -8.50545092	    -31.65086029	      1.19512121	     15.65740700	      0.04531803	     -0.02169117	      0.00242960	      4.59115611	      0.00304342	     -1.02967537	      8.07887676	      1.76197029	      2.54263590	    -28.44254155	     32.85339418	     -4.30909058	     -7.38197297	    -17.75462479	     12.91308293	      0.04867275	     -0.02264634	     -0.00247155	     12.46048352	      0.80771955	     -1.72647845	      1.22758232	      5.89936595	     -2.76439606	    -15.71629585
      2.43500000	      6.40063993	     -7.63882731	     89.18886576	      0.36803457	      0.38497158	      0.92132629	     -4.22982516	     -1.19232092	     -8.53223195	    -33.75163146	      1.19562153	     15.88959108	      0.04488613	     -0.02160621	      0.00242960	      6.85132116	      0.27916729	     -1.03196693	      7.69652826	      2.17525507	      2.96719506	    -28.68585612	     33.31572459	     -4.08951651	     -7.57568592	    -19.08585576	     13.34605265	      0.04845271	     -0.02259103	     -0.00247155	     12.37685083	      0.96041911	     -1.88097531	      0.88394481	      6.09257538	     -2.92964879	    -15.60555992
      2.44000000	      6.28124356	     -7.72582242	     89.46597100	      0.36859752	      0.38554167	      0.92181271	     -3.65078254	     -1.64356121	     -8.04560396	    -35.43533158	      1.19881242	     16.06114303	      0.04453110	     -0.02153881	      0.00242960	      9.34174536	      0.66240026	     -0.69719221	      3.46226863	      5.84817537	      3.82131323	    -31.95004545	     33.27297715	     -3.80379082	     -7.35955437	    -20.15290640	     13.65674257	      0.04827220	     -0.02254655	     -0.00247155	     12.22146380	      0.88812658	     -1.79415211	     -1.45990320	      8.45784229	     -3.01386186	    -14.10143221
      2.44500000	      5.89398006	     -7.69241858	     89.67073131	      0.36918910	      0.38622283	      0.92266826	     -3.42911554	     -2.03522515	     -7.69455915	    -37.16703994	      1.19911484	     16.22469378	      0.04415793	     -0.02147028	      0.00242960	     10.59293727	      0.66785839	     -1.02830911	      3.52300686	      5.88047814	      3.89117838	    -31.95431498	     32.80155965	     -3.43152184	     -6.93733871	    -20.89407362	     13.85499815	      0.04814465	     -0.02251559	     -0.00247155	     12.27806766	      0.85349326	     -1.70265745	     -1.46629797	      8.41835986	     -3.04327650	    -14.11251474
      2.45000000	      5.80049908	     -7.83021079	     90.09840009	      0.36961595	      0.38679501	      0.92312089	     -2.63810717	     -2.76186425	     -7.44348432	    -39.20464762	      1.19954337	     16.40103355	      0.04370860	     -0.02139082	      0.00242960	     12.46495565	      0.74094923	     -1.39540466	      3.61937016	      5.95950202	      3.97795100	    -31.97380321	     32.55473532	     -2.91224160	     -6.82934899	    -21.59769953	     14.03080787	      0.04802192	     -0.02248615	     -0.00247155	     11.93467096	      0.81101210	     -1.77932597	     -1.77181393	      8.19136323	     -3.24209455	    -14.16116599
      2.45500000	      6.02951368	     -7.93525320	     90.58763767	      0.36992202	      0.38746363	      0.92326008	     -1.49158047	     -3.44961679	     -7.00793851	    -41.19740406	      1.20028561	     16.55742786	      0.04325870	     -0.02131453	      0.00242960	     14.11491611	      0.78735013	     -1.36711888	      3.50708808	      5.99659921	      3.83781359	    -32.04678838	     32.60511255	     -2.33020310	     -6.68990137	    -22.19416210	     14.17092869	      0.04791664	     -0.02246116	     -0.00247155	     11.73298819	      0.59344191	     -1.63249697	     -2.19188386	      7.91134281	     -3.27914599	    -14.09108299
      2.46000000	      5.84920837	     -7.99654611	     90.93414046	      0.37015460	      0.38806252	      0.92390896	     -0.82237819	     -3.92037715	     -6.46064267	    -43.09645513	      1.20087510	     16.69239941	      0.04282063	     -0.02124316	      0.00242960	     15.17688592	      0.66320114	     -1.52489363	      3.16316083	      5.79648368	      3.67340688	    -32.05217702	     32.22506058	     -1.83274636	     -6.58269748	    -22.78103880	     14.30127563	      0.04781195	     -0.02243656	     -0.00247155	     11.43113858	      0.49462235	     -1.57490989	     -2.51487561	      7.71762209	     -3.32297534	    -14.05357402
      2.46500000	      5.79052602	     -8.12411659	     91.24618008	      0.37035606	      0.38858342	      0.92445969	     -0.01428277	     -4.33865357	     -5.90398639	    -44.92288325	      1.20155886	     16.80989144	      0.04239100	     -0.02117566	      0.00242960	     16.09816550	      0.45293263	     -1.47521781	      2.63412446	      5.45345474	      3.42610847	    -32.02196603	     31.90762994	     -1.43383161	     -6.57556840	    -23.25694174	     14.40178941	      0.04772626	     -0.02241660	     -0.00247155	     11.20092666	      0.39044162	     -1.49381459	     -2.86465481	      7.52742437	     -3.28709920	    -13.95098276
      2.47000000	      5.48759381	     -8.14705023	     91.26385019	      0.37045946	      0.38915779	      0.92539970	      0.47824148	     -4.45193251	     -5.49336451	    -46.59864018	      1.20200262	     16.90758800	      0.04198990	     -0.02111465	      0.00242960	     16.59879526	      0.34705611	     -1.57406886	      2.33429586	      5.24045515	      3.31384985	    -32.00419907	     31.34612726	     -1.25537683	     -6.38535414	    -23.67698668	     14.48684598	      0.04765003	     -0.02239897	     -0.00247155	     11.10788743	      0.33190593	     -1.41014706	     -2.96892653	      7.46618785	     -3.27438406	    -13.91748455
      2.47500000	      5.64755385	     -8.32967596	     91.61833360	      0.37044109	      0.38960679	      0.92572019	      1.63267853	     -4.76451683	     -4.80279040	    -48.34365121	      1.21145382	     16.99958740	      0.04156544	     -0.02105200	      0.00242960	     18.38781838	      0.50497039	     -0.63380495	     -0.69133796	      6.08314585	      0.84275674	    -30.45652117	     31.26049308	     -0.93761412	     -6.78555576	    -24.23475273	     14.59475822	      0.04754795	     -0.02237556	     -0.00247155	     10.17677912	      0.55000505	     -1.21962197	     -4.43794355	      7.15394523	     -1.44172198	    -11.64082300
      2.48000000	      5.38777737	     -8.38465308	     91.60379684	      0.37046143	      0.39014342	      0.92667403	      2.25136385	     -4.84969177	     -4.50780293	    -49.97823048	      1.21194761	     17.07712885	      0.04116172	     -0.02099407	      0.00242960	     18.70468765	      0.44381810	     -0.89404461	     -0.96460040	      5.90231138	      0.74114941	    -30.43775669	     30.67586299	     -0.81050023	     -6.73326674	    -24.55912469	     14.65500778	      0.04748814	     -0.02236195	     -0.00247155	     10.01630585	      0.49219096	     -1.19205142	     -4.52405560	      7.05647397	     -1.52602592	    -11.66407072
      2.48500000	      5.38156391	     -8.53240460	     91.81769978	      0.37040301	      0.39068319	      0.92728195	      3.29995255	     -5.09200859	     -4.01965487	    -51.77026675	      1.21266732	     17.15322570	      0.04071267	     -0.02093132	      0.00242960	     19.01115454	      0.39231178	     -1.17636798	     -1.43535898	      5.60362131	      0.52639667	    -30.38645810	     30.27715577	     -0.52590732	     -7.00632321	    -24.79346548	     14.69743989	      0.04744473	     -0.02235211	     -0.00247155	      9.67220595	      0.39164220	     -1.18012335	     -4.76712376	      6.78741143	     -1.71221738	    -11.68140810
      2.49000000	      5.37627931	     -8.69719455	     91.88305045	      0.37030356	      0.39118568	      0.92800280	      4.32994295	     -5.20252395	     -3.61840793	    -53.42050911	      1.21341681	     17.21535865	      0.04029328	     -0.02087420	      0.00242960	     19.10232781	      0.49111116	     -1.33999694	     -1.84530454	      5.39932828	      0.28532772	    -30.32993458	     29.87602702	     -0.38734097	     -7.12022934	    -24.99947867	     14.73401005	      0.04740642	     -0.02234347	     -0.00247155	      9.46848300	      0.22832255	     -1.03428748	     -4.94903187	      6.51498195	     -1.82588014	    -11.64763625
      2.49500000	      5.18690331	     -8.67770451	     91.65716494	      0.37040765	      0.39179993	      0.92916600	      5.01818754	     -5.04759879	     -3.53856404	    -54.76740861	      1.21382404	     17.26074715	      0.03994695	     -0.02082800	      0.00242960	     19.13244315	      0.57903871	     -1.41417372	     -2.00780373	      5.32946360	      0.18065006	    -30.32131354	     29.28776929	     -0.43869588	     -7.05711150	    -25.16453537	     14.76282019	      0.04737564	     -0.02233654	     -0.00247155	      9.41040631	      0.12906288	     -0.93562870	     -4.99854967	      6.43285246	     -1.84301425	    -11.62932049
      2.50000000	      5.02930768	     -8.74941005	     91.53261663	      0.37034960	      0.39245041	      0.93031025	      5.83547173	     -4.97051793	     -3.30167550	    -56.14367120	      1.21425786	     17.30259226	      0.03958958	     -0.02078115	      0.00242960	     19.06634033	      0.65252069	     -1.53121831	     -2.24105752	      5.21606148	      0.03406845	    -30.31356949	     28.71764759	     -0.41676321	     -7.03932418	    -25.33358556	     14.79190532	      0.04734402	     -0.02232944	     -0.00247155	      9.23191235	      0.02869256	     -0.85554249	     -5.11097278	      6.30253734	     -1.90556136	    -11.62032499
      2.50500000	      5.26959218	     -9.12669792	     91.78088569	      0.37014072	      0.39275760	      0.93094310	      7.22306214	     -5.02244866	     -2.41161192	    -57.66286001	      1.21515355	     17.34358119	      0.03919099	     -0.02072983	      0.00242960	     18.57222747	      0.78639388	     -1.67074605	     -2.84107455	      4.95785116	     -0.41040730	    -30.24413688	     28.43053230	     -0.19227256	     -7.41132011	    -25.36310562	     14.79693027	      0.04733849	     -0.02232821	     -0.00247155	      8.73561491	     -0.13472075	     -0.78063401	     -5.52360108	      5.82389528	     -2.10692097	    -11.53111172
      2.51000000	      5.23173522	     -9.25062016	     91.67213107	      0.37003317	      0.39326136	      0.93213942	      8.16149021	     -4.83017728	     -2.02486572	    -58.82556328	      1.21579120	     17.37155170	      0.03888317	     -0.02069080	      0.00242960	     18.35133456	      0.87364454	     -1.63242007	     -3.12859336	      4.86868288	     -0.67441819	    -30.17639139	     27.90445283	     -0.20438172	     -7.46609631	    -25.40642034	     14.80429059	      0.04733037	     -0.02232639	     -0.00247155	      8.56088390	     -0.22609010	     -0.66498135	     -5.69102891	      5.57471614	     -2.14189048	    -11.42547610
      2.51500000	      5.12344971	     -9.28348500	     91.45465283	      0.36997123	      0.39378066	      0.93354032	      8.97185056	     -4.58898077	     -1.87375475	    -59.82618532	      1.21619002	     17.39336804	      0.03861638	     -0.02065736	      0.00242960	     18.21104900	      0.91070815	     -1.56289775	     -3.26784060	      4.82435884	     -0.81310666	    -30.14377305	     27.29495772	     -0.28922139	     -7.44931331	    -25.42090617	     14.80674652	      0.04732765	     -0.02232578	     -0.00247155	      8.41712109	     -0.29250105	     -0.59066707	     -5.78107322	      5.45255403	     -2.15736416	    -11.37723465
      2.52000000	      5.34220447	     -9.44388471	     91.45397682	      0.36976604	      0.39404072	      0.93469593	     10.15828498	     -4.24480803	     -1.14774582	    -60.79959891	      1.21782413	     17.41269871	      0.03835524	     -0.02062498	      0.00242960	     17.69427128	      1.14715579	     -1.51057874	     -3.61206383	      4.99834831	     -1.45914891	    -29.88095698	     26.80001279	     -0.21498443	     -7.55679938	    -25.02873985	     14.73914524	      0.04740097	     -0.02234224	     -0.00247155	      8.17397506	     -0.32460943	     -0.44646887	     -6.09457030	      4.83714321	     -2.07379792	    -10.87440015
      2.52500000	      5.19666407	     -9.30325832	     91.18722354	      0.36967381	      0.39458688	      0.93624965	     10.85667348	     -3.94023908	     -1.18984238	    -61.53357853	      1.21807671	     17.42609384	      0.03815725	     -0.02060072	      0.00242960	     17.63116263	      1.13462442	     -1.37114627	     -3.62234457	      5.01184846	     -1.51143050	    -29.86169097	     26.18685676	     -0.30939887	     -7.49653570	    -25.06565163	     14.74561032	      0.04739409	     -0.02234069	     -0.00247155	      8.06439743	     -0.35896596	     -0.39195810	     -6.12195383	      4.79084208	     -2.07441515	    -10.85451154
      2.53000000	      5.18336327	     -9.44740841	     90.94507644	      0.36945360	      0.39493089	      0.93766474	     11.80123134	     -3.56998310	     -0.88512567	    -62.32506197	      1.21852454	     17.43944688	      0.03794269	     -0.02057480	      0.00242960	     17.28846235	      1.12238434	     -1.17301324	     -3.65526451	      5.05967610	     -1.64738687	    -29.82570076	     25.51961801	     -0.42863727	     -7.35183974	    -24.80752980	     14.69995725	      0.04744212	     -0.02235152	     -0.00247155	      7.61928079	     -0.43929817	     -0.28045363	     -6.24433325	      4.64960233	     -2.13312781	    -10.81206610
      2.53500000	      5.18567458	     -9.45977234	     90.73577133	      0.36939781	      0.39537232	      0.93906431	     12.67968721	     -3.19443782	     -0.65844939	    -62.94668386	      1.21894292	     17.44917320	      0.03777338	     -0.02055468	      0.00242960	     16.91994157	      1.13245369	     -1.02877462	     -3.66353720	      5.13314946	     -1.77097341	    -29.78824254	     24.90254460	     -0.51053689	     -7.32061792	    -24.59390312	     14.66136521	      0.04748171	     -0.02236049	     -0.00247155	      7.30994061	     -0.47909965	     -0.26219128	     -6.35717810	      4.51745718	     -2.15938793	    -10.74515811
      2.54000000	      5.09957860	     -9.37279785	     90.51983656	      0.36937789	      0.39598336	      0.94057651	     13.41403868	     -2.88236649	     -0.60547161	    -63.42182461	      1.21917796	     17.45617195	      0.03764349	     -0.02053946	      0.00242960	     16.71870638	      1.14000044	     -0.91449666	     -3.65013858	      5.17916040	     -1.82476551	    -29.77202948	     24.31365799	     -0.57517603	     -7.31109592	    -24.56637563	     14.65633469	      0.04748680	     -0.02236165	     -0.00247155	      7.17296374	     -0.50347160	     -0.25920828	     -6.41217522	      4.45799146	     -2.16397083	    -10.71392824
      2.54500000	      5.12574001	     -9.52909654	     90.29182655	      0.36922729	      0.39633414	      0.94194943	     14.34239721	     -2.45058983	     -0.25070656	    -63.91717950	      1.21960528	     17.46308582	      0.03750763	     -0.02052378	      0.00242960	     16.19406392	      1.17135666	     -0.75305943	     -3.59926049	      5.32162863	     -1.92774327	    -29.73893839	     23.65746062	     -0.70620805	     -7.27655601	    -24.23849122	     14.59548207	      0.04754726	     -0.02237541	     -0.00247155	      6.75203559	     -0.54079064	     -0.25662373	     -6.56116624	      4.31556037	     -2.20117261	    -10.64062582
      2.55000000	      5.09143511	     -9.55818132	     90.06966607	      0.36911074	      0.39674818	      0.94331174	     15.14449957	     -2.06090810	     -0.07406346	    -64.27440989	      1.21993817	     17.46782018	      0.03740935	     -0.02051259	      0.00242960	     15.80552790	      1.20715846	     -0.67296359	     -3.54298396	      5.45130822	     -1.99532870	    -29.71002638	     23.03424607	     -0.81270067	     -7.28046908	    -24.05565265	     14.56071272	      0.04758083	     -0.02238308	     -0.00247155	      6.49328713	     -0.55625571	     -0.26571065	     -6.65347834	      4.22171564	     -2.20339553	    -10.57040184
      2.55500000	      5.04327971	     -9.54518265	     89.83792916	      0.36893715	      0.39718883	      0.94470183	     15.92071223	     -1.67818573	      0.04391081	    -64.55579841	      1.22019960	     17.47141652	      0.03733176	     -0.02050386	      0.00242960	     15.47760061	      1.22966220	     -0.59176822	     -3.48682926	      5.55888160	     -2.04455726	    -29.68746623	     22.42507926	     -0.93038562	     -7.29994234	    -23.90502527	     14.53165286	      0.04760841	     -0.02238940	     -0.00247155	      6.26968113	     -0.57532087	     -0.26156158	     -6.72297004	      4.15277117	     -2.20324739	    -10.51890122
      2.56000000	      5.05691838	     -9.58858100	     89.59686802	      0.36867758	      0.39756846	      0.94599784	     16.74196474	     -1.20769933	      0.26459797	    -64.73637698	      1.22050896	     17.47366256	      0.03728189	     -0.02049829	      0.00242960	     15.02809657	      1.26279359	     -0.52872588	     -3.41122826	      5.70547785	     -2.10792875	    -29.65888968	     21.79351552	     -1.07160888	     -7.36271422	    -23.59288807	     14.47008198	      0.04766533	     -0.02240250	     -0.00247155	      5.94072597	     -0.60107750	     -0.23882792	     -6.80612329	      4.07090471	     -2.20347326	    -10.45082790
      2.56500000	      5.08601315	     -9.65845759	     89.37157729	      0.36844089	      0.39794341	      0.94732091	     17.54682628	     -0.76905577	      0.46136706	    -64.79444309	      1.22082217	     17.47437243	      0.03726584	     -0.02049651	      0.00242960	     14.56521660	      1.29801059	     -0.53067068	     -3.33849240	      5.85909925	     -2.17786868	    -29.62433231	     21.15624925	     -1.21673863	     -7.45479738	    -23.24815816	     14.39997521	      0.04772784	     -0.02241697	     -0.00247155	      5.62546476	     -0.62142981	     -0.19306956	     -6.85876214	      4.00331152	     -2.18067762	    -10.36885889
      2.57000000	      5.01579513	     -9.69718465	     89.27516039	      0.36832371	      0.39832630	      0.94887227	     18.16056905	     -0.37097503	      0.87635217	    -64.73965308	      1.22279349	     17.47370167	      0.03728099	     -0.02049819	      0.00242960	     13.60515835	      1.31379867	     -1.14473228	     -2.82189483	      6.87030320	     -2.42324470	    -29.29514954	     20.23610526	     -1.21080434	     -7.75312868	    -22.58635202	     14.25884480	      0.04784680	     -0.02244472	     -0.00247155	      5.23490560	     -0.50568679	     -0.16712779	     -6.68592720	      3.68442836	     -1.66158062	     -9.54127876
      2.57500000	      4.98434076	     -9.55252156	     89.07282406	      0.36804755	      0.39905858	      0.95002810	     18.89586358	     -0.11652694	      0.70708584	    -64.70320607	      1.22293168	     17.47325329	      0.03729106	     -0.02049932	      0.00242960	     13.48419449	      1.26296236	     -1.07015347	     -2.81494075	      6.88743328	     -2.45128945	    -29.26985524	     19.72776767	     -1.28467394	     -7.78879321	    -22.54110372	     14.24885965	      0.04785488	     -0.02244662	     -0.00247155	      5.08648057	     -0.52453926	     -0.13453649	     -6.70091401	      3.64467457	     -1.66009388	     -9.51900388
      2.58000000	      5.07902063	     -9.48080239	     88.83362215	      0.36787586	      0.39972173	      0.95114992	     19.70460868	      0.20806337	      0.55507838	    -64.51000227	      1.22311481	     17.47083919	      0.03734440	     -0.02050528	      0.00242960	     13.23561380	      1.21674267	     -1.01213110	     -2.82434065	      6.91076440	     -2.50046171	    -29.23739566	     19.17295209	     -1.42630648	     -7.87380537	    -22.18779256	     14.16947892	      0.04791777	     -0.02246143	     -0.00247155	      4.77972852	     -0.56960214	     -0.04061517	     -6.71552409	      3.60081778	     -1.65877452	     -9.49025389
      2.58500000	      5.21387429	     -9.40183477	     88.65315498	      0.36775030	      0.40032853	      0.95229309	     20.46084160	      0.55218658	      0.52709032	    -64.13148088	      1.22339991	     17.46594698	      0.03744869	     -0.02051706	      0.00242960	     12.88224409	      1.17171364	     -1.03206405	     -2.85768182	      6.94857969	     -2.57575369	    -29.18237354	     18.53202902	     -1.50431335	     -7.96953135	    -21.59670675	     14.03057444	      0.04802209	     -0.02248619	     -0.00247155	      4.43504027	     -0.61535891	      0.11628628	     -6.65571195	      3.57555124	     -1.59554386	     -9.41553801
      2.59000000	      5.22685218	     -9.31108141	     88.48736467	      0.36749680	      0.40099165	      0.95327968	     21.17268239	      0.72811147	      0.30644017	    -63.84131420	      1.22353130	     17.46204656	      0.03752846	     -0.02052617	      0.00242960	     12.68188251	      1.17320612	     -1.07010571	     -2.88908793	      6.95887723	     -2.62070655	    -29.15075497	     17.96981473	     -1.56410661	     -8.07400214	    -21.37534391	     13.97653726	      0.04806088	     -0.02249546	     -0.00247155	      4.28720738	     -0.62797968	      0.15211720	     -6.63308419	      3.55620506	     -1.56152243	     -9.37957436
      2.59500000	      5.27689312	     -9.23976794	     88.36312065	      0.36741833	      0.40158780	      0.95440854	     21.79718098	      0.98618043	      0.28729415	    -63.31799591	      1.22405457	     17.45467417	      0.03767191	     -0.02054278	      0.00242960	     12.27639814	      1.18461343	     -1.19810908	     -2.91076775	      7.08777376	     -2.70981831	    -29.04099036	     17.11012434	     -1.54979109	     -8.14317364	    -20.53735746	     13.76129830	      0.04820626	     -0.02253050	     -0.00247155	      3.97116026	     -0.65228803	      0.32665844	     -6.41636220	      3.53836455	     -1.37822823	     -9.20520558
      2.60000000	      5.32594389	     -9.09263077	     88.21534014	      0.36721607	      0.40228445	      0.95526203	     22.47258544	      1.09877330	     -0.04006424	    -62.82386663	      1.22425554	     17.44730328	      0.03780689	     -0.02055864	      0.00242960	     12.07140294	      1.20441407	     -1.28072615	     -2.94817897	      7.12796848	     -2.75928343	    -28.98424832	     16.54302648	     -1.59439425	     -8.23382029	    -20.23283750	     13.67878745	      0.04825853	     -0.02254322	     -0.00247155	      3.77382399	     -0.64529481	      0.36038475	     -6.35141065	      3.49283151	     -1.33590692	     -9.14349051
      2.60500000	      5.39980584	     -8.95166008	     88.09611211	      0.36699587	      0.40296000	      0.95602533	     23.14360750	      1.21857380	     -0.32591502	    -62.22693091	      1.22435550	     17.43785082	      0.03796935	     -0.02057800	      0.00242960	     11.86672024	      1.22112460	     -1.37103729	     -3.00784552	      7.13332976	     -2.80951775	    -28.94178357	     16.00330820	     -1.61629078	     -8.29710660	    -19.94489847	     13.59858253	      0.04830768	     -0.02255523	     -0.00247155	      3.56404044	     -0.64580908	      0.45456604	     -6.27604148	      3.47743536	     -1.31380345	     -9.11454987
      2.61000000	      5.47469048	     -8.78234809	     87.96831573	      0.36675526	      0.40361475	      0.95671439	     23.77798357	      1.38905520	     -0.55045837	    -61.56541526	      1.22447494	     17.42665135	      0.03814864	     -0.02059967	      0.00242960	     11.63328649	      1.25417662	     -1.50533640	     -3.09632226	      7.13236125	     -2.87728393	    -28.89145825	     15.41878089	     -1.64487283	     -8.33064034	    -19.54253417	     13.48278305	      0.04837591	     -0.02257201	     -0.00247155	      3.31536797	     -0.65057571	      0.60366885	     -6.14550343	      3.48059702	     -1.27886763	     -9.08080011
      2.61500000	      5.41917214	     -8.66944641	     87.81538154	      0.36652410	      0.40422366	      0.95756014	     24.26466674	      1.63698723	     -0.62620549	    -60.83846415	      1.22494647	     17.41343304	      0.03834478	     -0.02062369	      0.00242960	     11.36427158	      1.35057619	     -1.72610494	     -3.24138426	      7.20946970	     -3.01312081	    -28.75081868	     14.55730684	     -1.66270359	     -8.32812442	    -18.87917310	     13.28220989	      0.04848725	     -0.02259963	     -0.00247155	      3.05111800	     -0.60473447	      0.66010593	     -5.78365412	      3.44734359	     -1.14504326	     -8.93419653
      2.62000000	      5.48133194	     -8.49728066	     87.78772755	      0.36623943	      0.40480266	      0.95804973	     24.85757983	      1.64711975	     -0.90233097	    -60.05074995	      1.22494806	     17.39799029	      0.03855628	     -0.02064988	      0.00242960	     11.23747450	      1.35275607	     -1.80372072	     -3.31080737	      7.19096655	     -3.05620019	    -28.71235303	     14.14719202	     -1.61016726	     -8.42146652	    -18.84004530	     13.26999163	      0.04849377	     -0.02260126	     -0.00247155	      2.91502194	     -0.56939388	      0.65051832	     -5.73741392	      3.41926459	     -1.15079281	     -8.92662143
      2.62500000	      5.59588981	     -8.27768032	     87.70614398	      0.36598895	      0.40532940	      0.95846552	     25.45501882	      1.69151023	     -1.26475463	    -59.15269291	      1.22493109	     17.37890393	      0.03879613	     -0.02067985	      0.00242960	     11.09142706	      1.36809365	     -1.92242538	     -3.41365924	      7.15646170	     -3.10969853	    -28.67090783	     13.73043529	     -1.62358423	     -8.47376956	    -18.67875189	     13.21916064	      0.04852061	     -0.02260796	     -0.00247155	      2.70891474	     -0.54665740	      0.72355790	     -5.65136096	      3.42194958	     -1.14806472	     -8.92847286
      2.63000000	      5.72351592	     -8.01537372	     87.61382721	      0.36576429	      0.40572165	      0.95882465	     26.02358724	      1.74962067	     -1.67055028	    -58.17747022	      1.22489284	     17.35631178	      0.03905503	     -0.02071253	      0.00242960	     10.95567119	      1.38641327	     -2.06500387	     -3.54368810	      7.10755045	     -3.16549295	    -28.62676757	     13.30383955	     -1.65466184	     -8.49062803	    -18.47726642	     13.15460014	      0.04855401	     -0.02261634	     -0.00247155	      2.48624141	     -0.52805016	      0.83638374	     -5.53077302	      3.44961722	     -1.13271756	     -8.93438222
      2.63500000	      5.83659411	     -7.74857330	     87.55002677	      0.36556931	      0.40602003	      0.95910078	     26.55825101	      1.78074566	     -2.07814703	    -57.15404332	      1.22482528	     17.33041675	      0.03932494	     -0.02074698	      0.00242960	     10.83083750	      1.40200325	     -2.22271325	     -3.69100249	      7.04541821	     -3.21853606	    -28.58510460	     12.87610785	     -1.66088554	     -8.49693151	    -18.31541983	     13.10187412	      0.04858075	     -0.02262306	     -0.00247155	      2.28369208	     -0.51140022	      0.95686581	     -5.40134759	      3.48821045	     -1.11241086	     -8.94344017
      2.64000000	      5.94011326	     -7.49032598	     87.52269199	      0.36540083	      0.40630089	      0.95929388	     27.07136187	      1.76578980	     -2.46553456	    -56.08468691	      1.22472772	     17.30085599	      0.03960494	     -0.02078316	      0.00242960	     10.69978001	      1.41702599	     -2.38366850	     -3.84405529	      6.97716523	     -3.26809361	    -28.54895719	     12.45470865	     -1.63421670	     -8.50435919	    -18.18767783	     13.05971444	      0.04860180	     -0.02262837	     -0.00247155	      2.09969484	     -0.49801462	      1.08049741	     -5.27872251	      3.52947243	     -1.09450235	     -8.95602737
      2.64500000	      5.99431108	     -7.10324510	     87.24176289	      0.36537516	      0.40663565	      0.95960781	     27.43300391	      1.99879127	     -3.01568862	    -54.85340110	      1.22474644	     17.26349329	      0.03992473	     -0.02082506	      0.00242960	     10.51900419	      1.52002903	     -2.53438978	     -4.24702029	      6.88020913	     -3.37315974	    -28.43899243	     11.76759853	     -1.84670642	     -8.29412549	    -17.62775795	     12.86903416	      0.04869342	     -0.02265160	     -0.00247155	      1.75233294	     -0.51685496	      1.30653817	     -4.81874083	      3.67912761	     -0.94627266	     -8.93973695
      2.65000000	      6.05696127	     -6.92612372	     87.34463192	      0.36506403	      0.40697496	      0.95968187	     27.91484830	      1.87443873	     -3.25207305	    -53.70932713	      1.22461584	     17.22543564	      0.04021928	     -0.02086426	      0.00242960	     10.39636443	      1.51693424	     -2.59958363	     -4.37728074	      6.83532720	     -3.40502534	    -28.39962413	     11.39442675	     -1.68827573	     -8.39818379	    -17.65493800	     12.87850922	      0.04868900	     -0.02265047	     -0.00247155	      1.60480741	     -0.46780806	      1.26612828	     -4.75109914	      3.67464459	     -0.95431704	     -8.95283305
      2.65500000	      6.15105327	     -6.75361538	     87.38587255	      0.36469584	      0.40739921	      0.95969535	     28.39367405	      1.80014176	     -3.53585726	    -52.47369026	      1.22445848	     17.18054177	      0.04053452	     -0.02090690	      0.00242960	     10.23961710	      1.53990385	     -2.69643019	     -4.52253946	      6.78985603	     -3.44410599	    -28.36082941	     11.02695224	     -1.58939353	     -8.49289559	    -17.59049942	     12.85599824	      0.04869948	     -0.02265315	     -0.00247155	      1.41509738	     -0.43021051	      1.28438163	     -4.66336296	      3.68770138	     -0.96150137	     -8.97158761
      2.66000000	      6.26232465	     -6.56467327	     87.37074077	      0.36428371	      0.40779417	      0.95965623	     28.83333371	      1.82148475	     -3.80734175	    -51.12563254	      1.22426653	     17.12686151	      0.04087494	     -0.02095381	      0.00242960	     10.07611155	      1.59290021	     -2.80928150	     -4.68498203	      6.75203147	     -3.48611762	    -28.31570713	     10.63804496	     -1.55323197	     -8.60546586	    -17.44132001	     12.80338934	      0.04872371	     -0.02265933	     -0.00247155	      1.18832965	     -0.39578747	      1.31574379	     -4.55055182	      3.71379864	     -0.96485511	     -8.99236839
      2.66500000	      6.31148599	     -6.43796651	     87.04270889	      0.36388595	      0.40804316	      0.95984809	     29.04924146	      2.26412706	     -3.97844907	    -49.45836495	      1.22399062	     17.05333932	      0.04129075	     -0.02101242	      0.00242960	      9.99003558	      1.81371976	     -2.95119416	     -5.07931843	      6.74388406	     -3.56817522	    -28.18965787	     10.00402600	     -1.84075677	     -8.69506949	    -16.94558382	     12.62344886	      0.04880370	     -0.02267986	     -0.00247155	      0.83526451	     -0.38010515	      1.34582145	     -4.15871944	      3.81695855	     -0.88003446	     -8.99099841
      2.67000000	      6.34580237	     -6.36606265	     87.18069548	      0.36331459	      0.40839240	      0.95956423	     29.49719300	      2.12484324	     -4.15317669	    -48.19886810	      1.22377027	     16.99229345	      0.04160090	     -0.02105717	      0.00242960	      9.92905514	      1.82300703	     -3.04817702	     -5.19956802	      6.71719328	     -3.59045863	    -28.15001339	      9.63820506	     -1.62653066	     -8.89357015	    -17.01797935	     12.65020955	      0.04879207	     -0.02267687	     -0.00247155	      0.69220609	     -0.33041623	      1.26358378	     -4.13272025	      3.78985679	     -0.91095712	     -9.00479409
      2.67500000	      6.33260896	     -6.24546271	     86.92586343	      0.36295349	      0.40854352	      0.95971589	     29.52379938	      2.54278925	     -4.18163059	    -46.26551938	      1.22323326	     16.88891615	      0.04207015	     -0.02112671	      0.00242960	     10.12944287	      2.08418530	     -3.10401878	     -5.85181312	      6.77606867	     -3.70076368	    -27.92637989	      8.94297756	     -1.83927970	     -9.15993314	    -16.57298202	     12.48291631	      0.04886331	     -0.02269528	     -0.00247155	      0.35716665	     -0.39943408	      1.21561887	     -3.64271128	      3.77032351	     -0.80235373	     -8.93126738
      2.68000000	      6.42151424	     -6.08432299	     87.10801293	      0.36244637	      0.40874738	      0.95921954	     29.91636178	      2.35952896	     -4.37753704	    -44.83743716	      1.22293068	     16.80475308	      0.04241135	     -0.02117878	      0.00242960	     10.05455865	      2.09908809	     -3.17560183	     -5.99794389	      6.78679285	     -3.72430575	    -27.87072341	      8.61235745	     -1.59932379	     -9.37065679	    -16.60549781	     12.49541918	      0.04885813	     -0.02269393	     -0.00247155	      0.17581626	     -0.36901473	      1.17884287	     -3.59703937	      3.71504649	     -0.83981333	     -8.93659241
      2.68500000	      6.35825133	     -5.95835979	     86.93006440	      0.36209964	      0.40882351	      0.95921718	     29.83745643	      2.64905840	     -4.46522886	    -42.77747269	      1.22185628	     16.67065853	      0.04289484	     -0.02125506	      0.00242960	     10.39441557	      2.29624491	     -3.07705421	     -7.06733501	      7.17341420	     -3.90208820	    -27.43834049	      7.90437347	     -1.72067365	     -9.59270394	    -16.22860732	     12.34889592	      0.04891800	     -0.02270951	     -0.00247155	     -0.20116922	     -0.45317724	      1.07755029	     -2.84114342	      3.39661306	     -0.74259414	     -8.75934320
      2.69000000	      6.49546940	     -5.78532229	     87.17787116	      0.36156613	      0.40899551	      0.95848134	     30.23553257	      2.38320647	     -4.67708039	    -41.25975326	      1.22150305	     16.56209941	      0.04324448	     -0.02131216	      0.00242960	     10.27415956	      2.29744461	     -3.16612645	     -7.13209126	      7.23228729	     -3.90454048	    -27.39107191	      7.63547318	     -1.41776819	     -9.80704439	    -16.25922099	     12.36101874	      0.04891316	     -0.02270825	     -0.00247155	     -0.40485774	     -0.41224786	      1.07539109	     -2.82695614	      3.32565040	     -0.80386751	     -8.77473853
      2.69500000	      6.61983310	     -5.65919647	     86.98365182	      0.36122534	      0.40910622	      0.95813725	     30.25142930	      2.65452056	     -4.87477072	    -39.02089249	      1.22053430	     16.38585228	      0.04374958	     -0.02139793	      0.00242960	     10.38184728	      2.33882120	     -3.16669426	     -7.39630932	      7.55911038	     -3.90339920	    -27.18581814	      7.15933779	     -1.56022056	     -9.92484960	    -15.93222309	     12.23041839	      0.04896478	     -0.02272175	     -0.00247155	     -0.62280569	     -0.50942566	      1.10082021	     -2.53619221	      3.13336756	     -0.80676942	     -8.72126489
      2.70000000	      6.74286566	     -5.59320522	     87.03754275	      0.36071613	      0.40910044	      0.95750221	     30.40745488	      2.76664102	     -4.76385913	    -36.95761487	      1.21214292	     16.20558894	      0.04420348	     -0.02147852	      0.00242960	     11.13720612	      2.37960507	     -2.91440158	    -10.77102026	     11.57163187	     -5.15375469	    -24.61190044	      6.67787283	     -1.42428810	    -10.10758343	    -15.64915733	     12.11419705	      0.04900918	     -0.02273343	     -0.00247155	     -1.10541674	     -0.44305756	      0.64319085	      0.27397187	      0.19347249	     -0.82314594	     -7.92205947
      2.70500000	      6.84669983	     -5.50270582	     87.30815830	      0.36023200	      0.40934319	      0.95654584	     30.77834099	      2.47682775	     -5.04323366	    -35.44103816	      1.21173127	     16.06170145	      0.04452988	     -0.02153858	      0.00242960	     11.03534048	      2.34350174	     -3.02602071	    -10.75835449	     11.57733485	     -5.14753465	    -24.58217814	      6.36768771	     -1.08024066	    -10.33141094	    -15.71364141	     12.14089882	      0.04899909	     -0.02273077	     -0.00247155	     -1.29423890	     -0.38811675	      0.64187419	      0.23279178	      0.16960542	     -0.86792650	     -7.94981253
      2.71000000	      6.99845866	     -5.35222580	     87.09283687	      0.35995026	      0.40949381	      0.95616348	     30.55717986	      2.76820707	     -5.28984851	    -32.70223803	      1.21016595	     15.77615489	      0.04510341	     -0.02164854	      0.00242960	     11.28634971	      2.25949093	     -3.00869914	    -10.54974480	     11.67989786	     -5.06061254	    -24.43814974	      5.92269085	     -1.25479617	    -10.34527430	    -15.42236011	     12.01911920	      0.04904458	     -0.02274279	     -0.00247155	     -1.45887411	     -0.44332470	      0.70358153	      0.26131036	      0.21782281	     -0.75576356	     -7.96226348
      2.71500000	      7.11518608	     -5.28380686	     87.14411406	      0.35955001	      0.40967528	      0.95541727	     30.57128914	      2.77804293	     -5.47617759	    -30.45797852	      1.20844402	     15.51636766	      0.04555775	     -0.02173977	      0.00242960	     11.44683080	      2.20646959	     -3.00803954	    -10.45669680	     11.70871945	     -4.99746743	    -24.29460281	      5.51112100	     -1.14120745	    -10.46202028	    -15.27491611	     11.95633802	      0.04906751	     -0.02274886	     -0.00247155	     -1.63355078	     -0.41752650	      0.70375990	      0.27683182	      0.22564482	     -0.70186972	     -8.00395691
      2.72000000	      7.29602598	     -5.21587189	     87.43224257	      0.35908170	      0.40990393	      0.95426730	     30.80630408	      2.56230402	     -5.51968031	    -28.52361072	      1.20752848	     15.27130283	      0.04593771	     -0.02181900	      0.00242960	     11.32952896	      2.12145703	     -3.10297530	    -10.22792252	     11.84520022	     -4.88369944	    -24.24443602	      5.22727021	     -0.78759525	    -10.65338596	    -15.25269013	     11.94678459	      0.04907096	     -0.02274978	     -0.00247155	     -1.87237611	     -0.35976564	      0.75534926	      0.27172845	      0.20449369	     -0.75217899	     -8.05285273
      2.72500000	      7.38487360	     -5.20969461	     87.31612298	      0.35892926	      0.41000829	      0.95353152	     30.57365719	      2.78463169	     -5.73174283	    -25.87371975	      1.20511153	     14.88196635	      0.04644039	     -0.02192809	      0.00242960	     11.59919986	      2.04291449	     -3.05386711	    -10.01126737	     11.93327597	     -4.65691743	    -24.09946067	      4.71154424	     -0.86590031	    -10.87159187	    -15.01354858	     11.84305460	      0.04910798	     -0.02275963	     -0.00247155	     -1.98856566	     -0.38088527	      0.79089068	      0.36405651	      0.20978962	     -0.72180678	     -8.11318918
      2.73000000	      7.54467404	     -5.18657772	     87.56635886	      0.35868900	      0.41016489	      0.95231098	     30.68758621	      2.63201512	     -5.82050177	    -23.76906882	      1.20339650	     14.50513650	      0.04682460	     -0.02201491	      0.00242960	     11.59998738	      1.95940258	     -2.89851361	     -9.84594588	     12.01058536	     -4.49993375	    -24.01252664	      4.34340188	     -0.56370792	    -11.09697827	    -14.92603287	     11.80458046	      0.04912149	     -0.02276324	     -0.00247155	     -2.25659196	     -0.33991454	      0.91485993	      0.44032845	      0.19731096	     -0.77933892	     -8.18959204
      2.73500000	      7.66584463	     -5.13014910	     87.83067856	      0.35855742	      0.41032253	      0.95095255	     30.93906109	      2.42832699	     -6.12197539	    -22.03559826	      1.20216334	     14.13446381	      0.04713080	     -0.02208638	      0.00242960	     11.57953006	      1.92339456	     -2.95850382	     -9.75568088	     12.05524193	     -4.39441893	    -23.95643284	      3.94263037	     -0.25494850	    -11.44321101	    -14.87882563	     11.78369455	      0.04912876	     -0.02276518	     -0.00247155	     -2.47840657	     -0.28727185	      0.92411760	      0.44723290	      0.15969876	     -0.85545691	     -8.24881482
      2.74000000	      7.63208109	     -5.16198031	     87.62512369	      0.35852505	      0.41028245	      0.95034695	     30.25386783	      2.86933581	     -6.06386458	    -18.74714064	      1.19547214	     13.24086544	      0.04768572	     -0.02222136	      0.00242960	     12.29894044	      1.84565813	     -3.06335872	     -9.53086886	     12.04320275	     -3.91344064	    -23.65233694	      3.20591297	     -0.42498623	    -11.69690385	    -14.49615387	     11.61141159	      0.04918747	     -0.02278093	     -0.00247155	     -2.59345231	     -0.31804430	      1.01345665	      0.86063052	      0.11829401	     -0.91539511	     -8.43469956
      2.74500000	      7.81490191	     -5.10245107	     87.94728045	      0.35839175	      0.41037231	      0.94880911	     30.57456045	      2.63086586	     -6.35326894	    -17.06499730	      1.19324956	     12.66750765	      0.04795630	     -0.02228997	      0.00242960	     12.13076541	      1.82240663	     -2.96472284	     -9.34514931	     12.14243485	     -3.75932341	    -23.56945071	      2.85651088	     -0.05989971	    -11.93077589	    -14.41820923	     11.57562581	      0.04919936	     -0.02278413	     -0.00247155	     -2.81302082	     -0.27971732	      1.11935555	      0.99029212	      0.09525736	     -0.98498708	     -8.51915797
      2.75000000	      7.92490412	     -4.99359215	     88.27120060	      0.35826248	      0.41039083	      0.94729354	     30.92527504	      2.37485566	     -6.78895977	    -15.61894791	      1.19170372	     12.10163998	      0.04818182	     -0.02234872	      0.00242960	     11.97452724	      1.78632435	     -2.96782611	     -9.22733930	     12.20536604	     -3.65421505	    -23.51578825	      2.45823040	      0.29608305	    -12.19402005	    -14.39939883	     11.56696039	      0.04920223	     -0.02278491	     -0.00247155	     -3.00465707	     -0.23213754	      1.16507760	      1.05752772	      0.07233972	     -1.05070326	     -8.58284770
      2.75500000	      7.84632119	     -4.86414356	     88.15574947	      0.35830708	      0.41013522	      0.94655326	     30.18923825	      2.67706156	     -7.01985344	    -12.45297589	      1.17969102	     10.59475583	      0.04865291	     -0.02247659	      0.00242960	     12.45058443	      1.60273641	     -3.05742020	     -8.68324569	     12.27065261	     -2.92543444	    -23.10460264	      1.73390442	      0.19023451	    -12.22454711	    -14.14776439	     11.44971694	      0.04924051	     -0.02279525	     -0.00247155	     -3.11895208	     -0.29770301	      1.17490092	      1.73766494	     -0.05227368	     -1.15650649	     -8.87926831
      2.76000000	      8.00165605	     -4.68169433	     88.56507217	      0.35819955	      0.40991378	      0.94484760	     30.76601717	      2.34024620	     -7.53257617	    -11.47270612	      1.17830239	     10.04558255	      0.04879254	     -0.02251599	      0.00242960	     12.06333864	      1.60756252	     -3.01219490	     -8.67039899	     12.27595694	     -2.90554228	    -23.06854386	      1.42195482	      0.59380112	    -12.43972412	    -14.20534684	     11.47675918	      0.04923177	     -0.02279289	     -0.00247155	     -3.29601468	     -0.23333472	      1.21656618	      1.79257529	     -0.07611977	     -1.21730347	     -8.93829730
      2.76500000	      7.96146170	     -4.50291766	     88.58825464	      0.35834487	      0.40967763	      0.94381213	     30.40390686	      2.41801686	     -8.28998944	     -9.15834478	      1.16840531	      8.57688615	      0.04911067	     -0.02260862	      0.00242960	     11.76599661	      1.41323167	     -2.91132053	     -7.79504424	     12.66744568	     -2.26905693	    -22.80187343	      0.85424819	      0.60374662	    -12.39919584	    -14.18523753	     11.46733111	      0.04923482	     -0.02279371	     -0.00247155	     -3.43236374	     -0.29630359	      1.30924785	      2.34082484	     -0.13408100	     -1.25504207	     -9.17624430
      2.77000000	      8.11502837	     -4.40906125	     88.94122868	      0.35836342	      0.40944816	      0.94209046	     31.02997328	      2.19085171	     -8.77624982	     -8.40279518	      1.16702704	      8.04172329	      0.04921104	     -0.02263875	      0.00242960	     11.35601072	      1.39856166	     -2.86771132	     -7.77567255	     12.66069995	     -2.25806059	    -22.77251510	      0.52419843	      0.95828720	    -12.63243607	    -14.24192550	     11.49387214	      0.04922621	     -0.02279138	     -0.00247155	     -3.60163631	     -0.23190705	      1.33382930	      2.39325959	     -0.15232549	     -1.30883353	     -9.23549255
      2.77500000	      8.30758579	     -4.29993762	     89.25827718	      0.35851224	      0.40928858	      0.94042302	     31.44263683	      1.99434555	     -9.41739891	     -7.27558923	      1.16486818	      7.18925421	      0.04935759	     -0.02268358	      0.00242960	     10.69966709	      1.37759389	     -2.55919659	     -7.48710152	     12.83530036	     -2.14751527	    -22.73555892	      0.19768698	      1.26805185	    -12.83064603	    -14.22557941	     11.48623114	      0.04922869	     -0.02279206	     -0.00247155	     -3.78782034	     -0.18228917	      1.48280102	      2.57027231	     -0.12353739	     -1.34275804	     -9.31956257
      2.78000000	      8.40772790	     -4.17034762	     89.46226007	      0.35876297	      0.40923219	      0.93895530	     31.66163543	      1.89742414	    -10.22499778	     -6.05720966	      1.16200259	      6.19192340	      0.04951170	     -0.02273188	      0.00242960	     10.03594567	      1.32146725	     -2.22941111	     -6.97903724	     13.13128528	     -1.93785592	    -22.68693357	     -0.23124249	      1.46189304	    -13.06195434	    -14.20889974	     11.47842540	      0.04923123	     -0.02279274	     -0.00247155	     -3.92273924	     -0.15080659	      1.59006702	      2.81100144	     -0.07880846	     -1.36174669	     -9.42171715
      2.78500000	      8.39049307	     -4.27769806	     89.56377078	      0.35853644	      0.40888642	      0.93759601	     32.23718642	      1.99756630	    -10.44761851	     -5.76679030	      1.16139094	      5.94216118	      0.04954778	     -0.02274336	      0.00242960	      9.87885014	      1.28785915	     -2.16035763	     -6.88445948	     13.16529446	     -1.90179073	    -22.67374052	     -0.63727867	      1.58376846	    -12.97688776	    -14.43706639	     11.58430100	      0.04919649	     -0.02278336	     -0.00247155	     -3.90950161	     -0.14684969	      1.63329161	      2.89376378	     -0.04872345	     -1.34941727	     -9.44667182
      2.79000000	      8.17278200	     -3.99416784	     89.45845917	      0.35910583	      0.40904690	      0.93683058	     31.69630147	      2.11789911	    -12.03543836	     -3.99790822	      1.15275424	      4.31655263	      0.04976204	     -0.02281307	      0.00242960	      8.97004248	      0.91901642	     -1.81817504	     -5.27734600	     13.89185208	     -1.16340552	    -22.52098421	     -1.43804461	      1.41655370	    -13.27637453	    -14.38409850	     11.55989926	      0.04920457	     -0.02278554	     -0.00247155	     -4.06123981	     -0.16546096	      1.74073654	      3.68767552	      0.10308086	     -1.31804798	     -9.76851810
      2.79500000	      8.37742914	     -3.97372319	     89.65548093	      0.35913789	      0.40879017	      0.93528197	     32.30472336	      2.11221937	    -12.48407614	     -3.61789080	      1.15059132	      3.94316210	      0.04980684	     -0.02282798	      0.00242960	      8.45129995	      0.85628366	     -1.83237772	     -5.09689546	     13.88650754	     -1.10299037	    -22.48637150	     -1.68258099	      1.59502391	    -13.39244484	    -14.49400437	     11.61041272	      0.04918779	     -0.02278102	     -0.00247155	     -4.14711549	     -0.15670685	      1.75466363	      3.86078730	      0.11668674	     -1.32828301	     -9.86616436
      2.80000000	      8.37518632	     -3.89151185	     89.65866256	      0.35935754	      0.40864690	      0.93410366	     32.53359690	      2.21646005	    -13.27651386	     -3.15203372	      1.14543532	      3.47351774	      0.04986117	     -0.02284624	      0.00242960	      7.54720477	      0.81687863	     -1.69766426	     -4.34969634	     14.13334611	     -0.82670586	    -22.41673851	     -2.14238245	      1.54605302	    -13.49414089	    -14.63463765	     11.67438385	      0.04916627	     -0.02277523	     -0.00247155	     -4.19573378	     -0.18746519	      1.82998991	      4.35571191	      0.18151052	     -1.29600758	    -10.09078113
      2.80500000	      8.33738237	     -3.89189941	     89.56749138	      0.35970486	      0.40852991	      0.93306373	     32.89527410	      2.37560239	    -14.48809005	     -3.40904527	      0.86683932	      3.73427427	      0.04983128	     -0.02283617	      0.00242960	      5.17796761	      0.80722130	     -2.45216031	      1.92571922	      7.65696992	      2.50620566	    -18.54033824	     -2.62672941	      1.40027006	    -13.97304943	    -14.80930208	     11.75281898	      0.04913946	     -0.02276804	     -0.00247155	     -4.34079015	     -0.38749866	      1.30005355	      8.30730716	     -4.07368164	      0.52536656	    -15.07804689
      2.81000000	      8.42841278	     -3.92739599	     89.63443207	      0.35977048	      0.40836196	      0.93178834	     33.24685991	      2.48212608	    -14.60031977	     -3.30755504	      0.86626561	      3.63178493	      0.04984311	     -0.02284015	      0.00242960	      5.00456991	      0.85803198	     -2.45843443	      1.90761414	      7.68892027	      2.48382873	    -18.54313780	     -2.94782867	      1.45381128	    -13.94566745	    -14.99504616	     11.83494725	      0.04911084	     -0.02276039	     -0.00247155	     -4.32199962	     -0.38412013	      1.33493015	      8.32620411	     -4.03881629	      0.54137053	    -15.06484241
      2.81500000	      8.37380168	     -3.86004691	     89.61332123	      0.36017684	      0.40834369	      0.93066855	     33.35370210	      2.55782660	    -15.00382798	     -3.40757527	      0.86035737	      3.73282598	      0.04983145	     -0.02283623	      0.00242960	      4.07648847	      1.08975549	     -2.36498033	      2.00840427	      8.18607313	      2.44856894	    -18.56578467	     -3.37328839	      1.34557624	    -14.08549225	    -15.33413729	     11.98173874	      0.04905832	     -0.02274642	     -0.00247155	     -4.39351284	     -0.31077533	      1.47510039	      8.48799925	     -3.72988958	      0.63248640	    -14.96791341
      2.82000000	      8.51880319	     -3.80310239	     89.66491542	      0.36049971	      0.40823042	      0.92940058	     33.53720881	      2.62406190	    -14.99730315	     -3.37444014	      0.86030463	      3.69938736	      0.04983532	     -0.02283753	      0.00242960	      4.07219595	      1.09191981	     -2.36142377	      2.01371211	      8.19159056	      2.45023849	    -18.56534390	     -3.66728715	      1.35783320	    -14.06464224	    -15.47832728	     12.04275223	      0.04903586	     -0.02274048	     -0.00247155	     -4.37404725	     -0.31477073	      1.48510828	      8.49477559	     -3.72462635	      0.63595642	    -14.96833024
      2.82500000	      8.51667876	     -3.85429776	     89.62450070	      0.36072324	      0.40786381	      0.92834665	     33.56965263	      2.80538535	    -14.78393413	     -3.54491206	      0.85955952	      3.87048543	      0.04981540	     -0.02283085	      0.00242960	      4.19361394	      1.04688098	     -2.31157850	      2.06048771	      8.24994738	      2.48571010	    -18.56034062	     -4.01585012	      1.27281143	    -13.77755535	    -15.80065154	     12.17671351	      0.04898545	     -0.02272718	     -0.00247155	     -4.25803221	     -0.32980553	      1.63082555	      8.62975653	     -3.62669943	      0.69545073	    -14.96197439
      2.83000000	      8.44717195	     -3.70746090	     89.56011776	      0.36106715	      0.40762527	      0.92741151	     33.50536756	      2.89317185	    -14.48278854	     -3.85365666	      0.85849976	      4.17581121	      0.04977910	     -0.02281873	      0.00242960	      4.50818218	      0.93111412	     -2.35883084	      2.04677858	      8.26142904	      2.52425179	    -18.54627255	     -4.38878808	      1.09977063	    -13.52406380	    -16.22240265	     12.34644594	      0.04891898	     -0.02270977	     -0.00247155	     -4.10294762	     -0.32427739	      1.70242049	      8.76924761	     -3.51519572	      0.75497466	    -14.96426817
      2.83500000	      8.35949762	     -3.64665653	     89.48100669	      0.36139333	      0.40728305	      0.92657870	     33.40912589	      3.03929431	    -14.16906984	     -4.27035162	      0.85707578	      4.57882244	      0.04972965	     -0.02280236	      0.00242960	      4.97065120	      0.77094933	     -2.50460998	      1.92086375	      8.19149716	      2.53985619	    -18.52220949	     -4.72376791	      0.91927406	    -13.25858879	    -16.74297767	     12.54759566	      0.04883617	     -0.02268825	     -0.00247155	     -3.94554962	     -0.30417589	      1.73654404	      8.93116883	     -3.37800395	      0.81612744	    -14.98668757
      2.84000000	      8.32699829	     -3.57518210	     89.35516485	      0.36186676	      0.40693841	      0.92570801	     33.30960201	      3.22728205	    -13.79821291	     -4.70766621	      0.85568871	      4.99067681	      0.04967720	     -0.02278515	      0.00242960	      5.40164851	      0.62893715	     -2.61599640	      1.75929621	      8.08926692	      2.53618983	    -18.49638344	     -5.01477357	      0.67845094	    -12.98245450	    -17.24742020	     12.73394183	      0.04875509	     -0.02266736	     -0.00247155	     -3.79759707	     -0.29736694	      1.77833762	      9.09743783	     -3.23947355	      0.87966261	    -15.02194951
      2.84500000	      8.38139075	     -3.55018470	     89.18070157	      0.36227792	      0.40643942	      0.92442209	     33.49808412	      3.47967547	    -13.17887132	     -5.62385859	      0.83558439	      5.81749211	      0.04956544	     -0.02274901	      0.00242960	      5.97479932	      0.79209628	     -2.46750856	      0.32038341	      7.81871324	      2.17505779	    -18.26562783	     -4.70887933	      0.15321876	    -13.39372560	    -18.85136487	     13.27358650	      0.04849189	     -0.02260079	     -0.00247155	     -4.30372812	     -0.62556906	      1.72464458	      9.86913695	     -2.41897696	      1.06983547	    -15.76771122
      2.85000000	      8.40613647	     -3.46014613	     88.99543480	      0.36306909	      0.40613393	      0.92365118	     33.25397750	      3.72032732	    -12.76806511	     -5.93796134	      0.83463300	      6.08993354	      0.04952655	     -0.02273659	      0.00242960	      6.16540604	      0.73768698	     -2.43566992	      0.33216132	      7.84171996	      2.20300429	    -18.25057540	     -5.01411774	     -0.12077288	    -12.99570157	    -19.19527479	     13.37931934	      0.04843437	     -0.02258647	     -0.00247155	     -4.07079664	     -0.69588729	      1.83866505	     10.00106539	     -2.33420471	      1.16461169	    -15.77534139
      2.85500000	      8.28198268	     -3.35754959	     88.79530911	      0.36389352	      0.40582654	      0.92304503	     32.94554099	      3.95782369	    -12.24970008	     -6.53454831	      0.83300753	      6.59230571	      0.04945186	     -0.02271298	      0.00242960	      6.42864987	      0.63350180	     -2.55768082	      0.14619470	      7.73142379	      2.15978106	    -18.22047951	     -5.32555006	     -0.43367109	    -12.60801920	    -19.84012648	     13.56884072	      0.04832550	     -0.02255960	     -0.00247155	     -3.68534824	     -0.70261555	      1.76664537	     10.13517250	     -2.21931194	      1.28201011	    -15.81025513
      2.86000000	      8.24988743	     -3.26605248	     88.60882929	      0.36486877	      0.40547563	      0.92241988	     32.68866230	      4.19713926	    -11.69119517	     -7.10639675	      0.83175311	      7.05555546	      0.04937926	     -0.02269030	      0.00242960	      6.67414672	      0.56684702	     -2.55370267	      0.03965090	      7.66224033	      2.13242245	    -18.19441842	     -5.56359174	     -0.73417358	    -12.27408843	    -20.42821894	     13.73199614	      0.04822503	     -0.02253506	     -0.00247155	     -3.33630497	     -0.70253787	      1.75289903	     10.27452081	     -2.10529625	      1.39024141	    -15.84855136
      2.86500000	      8.08435086	     -3.25468019	     88.48462981	      0.36579715	      0.40498960	      0.92180884	     32.54793968	      4.40751124	    -11.04310697	     -8.12651739	      0.82788573	      7.83889477	      0.04924732	     -0.02264975	      0.00242960	      7.30071245	      0.59890744	     -2.83415789	     -0.37914927	      7.45017951	      1.95883586	    -18.11315313	     -5.71188320	     -1.06247107	    -12.45866240	    -21.48778688	     14.00413172	      0.04804120	     -0.02249075	     -0.00247155	     -2.83299736	     -0.63760270	      1.72094212	     10.51736251	     -1.89738451	      1.54057681	    -16.08710604
      2.87000000	      8.09554605	     -3.13224355	     88.27396821	      0.36698561	      0.40465276	      0.92126328	     32.41247821	      4.63558615	    -10.61651727	     -8.70902258	      0.82677236	      8.26205621	      0.04917057	     -0.02262655	      0.00242960	      7.95036340	      0.61315342	     -2.77017091	     -0.31343406	      7.49427378	      2.00329961	    -18.07314194	     -5.91072665	     -1.38833015	    -12.10684269	    -22.03977612	     14.13541780	      0.04794400	     -0.02246763	     -0.00247155	     -2.44102657	     -0.71452307	      1.84001247	     10.70018588	     -1.77114825	      1.67926176	    -16.14383759
      2.87500000	      7.97623249	     -3.05692568	     88.10568045	      0.36801198	      0.40430313	      0.92097453	     32.35302871	      4.80628897	    -10.29895295	     -9.46764677	      0.82500014	      8.78783449	      0.04906909	     -0.02259627	      0.00242960	      9.42914468	      0.67600291	     -3.09709289	     -0.30233397	      7.49172069	      2.04525176	    -17.98927860	     -6.03771894	     -1.70650245	    -12.00279383	    -22.96600983	     14.34088736	      0.04777873	     -0.02242880	     -0.00247155	     -1.71684120	     -0.77774760	      1.79612879	     10.86816452	     -1.64252725	      1.85391742	    -16.28159466
      2.88000000	      8.43154828	     -2.93889107	     87.85716232	      0.36873411	      0.40387473	      0.91979439	     33.03675075	      5.02294086	    -10.11836687	    -10.27109329	      0.81580132	      9.31424972	      0.04895973	     -0.02256415	      0.00242960	     11.58338467	      0.98420451	     -2.66289790	     -1.07643030	      7.03909578	      1.20770556	    -17.65781694	     -4.93957001	     -2.39881976	    -12.29647795	    -25.04372140	     14.74187968	      0.04739820	     -0.02234161	     -0.00247155	     -1.22102746	     -0.92254991	      1.89092651	     11.22043632	     -1.20544716	      2.28035364	    -17.67906074
      2.88500000	      8.34199336	     -2.91127478	     87.59734394	      0.36971363	      0.40352860	      0.91983758	     32.72449420	      5.32145714	     -9.63731619	    -10.30332976	      0.73707839	      9.33476888	      0.04895530	     -0.02256286	      0.00242960	     13.61119438	      1.07918523	     -2.38588713	     -2.01821490	      8.41131466	     -1.87261043	    -15.59176217	     -4.77400503	     -2.87218080	    -12.29917050	    -26.24861981	     14.94208747	      0.04717136	     -0.02229106	     -0.00247155	      0.15333561	     -1.24747313	      1.97107817	     10.08455912	     -0.96181675	      5.36414965	    -25.94053150
      2.89000000	      8.13223035	     -2.91171881	     87.38800869	      0.37067665	      0.40323789	      0.92015296	     32.42895207	      5.51046603	     -9.32500662	    -10.77251541	      0.73633437	      9.62742725	      0.04889049	     -0.02254407	      0.00242960	     14.22316551	      0.96120634	     -2.38626344	     -2.00882123	      8.34146101	     -1.79432871	    -15.55899858	     -4.88588197	     -3.16323540	    -11.97292884	    -27.20736751	     15.08766883	      0.04698770	     -0.02225087	     -0.00247155	      1.04295449	     -1.32843821	      1.87530853	     10.22334122	     -0.88241649	      5.54492446	    -25.86795446
      2.89500000	      8.00590739	     -2.94783140	     87.15963342	      0.37152165	      0.40294359	      0.92045206	     32.19445965	      5.75326887	     -9.20177955	    -11.26648239	      0.73533935	      9.92471105	      0.04882155	     -0.02252426	      0.00242960	     14.78954772	      0.79286685	     -2.50616733	     -2.34506882	      7.96249636	     -1.84521805	    -15.51721134	     -4.60547033	     -3.59700469	    -12.03566492	    -28.67374951	     15.29123841	      0.04670144	     -0.02218954	     -0.00247155	      2.45941706	     -1.35108281	      1.66421737	     10.35405802	     -0.76906853	      5.81332215	    -25.82800413
      2.90000000	      7.87696973	     -3.02601894	     86.84931504	      0.37224993	      0.40257940	      0.92090633	     31.90074257	      6.10234591	     -8.85858541	    -11.77616922	      0.73481472	     10.22005896	      0.04874963	     -0.02250380	      0.00242960	     14.96652813	      0.71081178	     -2.44525633	     -2.60059988	      7.69141680	     -1.91536673	    -15.49616594	     -4.36784305	     -4.04191328	    -11.86573686	    -29.99929939	     15.46024242	      0.04643716	     -0.02213428	     -0.00247155	      3.67467896	     -1.38638411	      1.51873621	     10.45400440	     -0.66874273	      6.04867825	    -25.83021370
      2.90500000	      7.73003286	     -3.12818752	     86.50869759	      0.37285027	      0.40222397	      0.92149545	     31.59535823	      6.49723043	     -8.56516344	    -12.36622463	      0.73437971	     10.54780316	      0.04866538	     -0.02248008	      0.00242960	     14.94179666	      0.67162669	     -2.43623418	     -2.98096950	      7.35788285	     -2.05296090	    -15.47707847	     -3.94837370	     -4.56777247	    -11.87969830	    -31.63367001	     15.65542178	      0.04610421	     -0.02206649	     -0.00247155	      5.25812510	     -1.39542587	      1.25630645	     10.52244740	     -0.54964809	      6.34332026	    -25.86309318
      2.91000000	      7.58791734	     -3.23116892	     86.16319387	      0.37339164	      0.40175084	      0.92217451	     31.32477057	      6.90818074	     -8.17529020	    -13.03491133	      0.73403858	     10.90144342	      0.04856863	     -0.02245316	      0.00242960	     14.82228123	      0.64297098	     -2.32181713	     -3.30367924	      7.09225206	     -2.16845514	    -15.45919076	     -3.48294285	     -5.10882367	    -11.83280365	    -33.27578492	     15.83876594	      0.04576191	     -0.02199884	     -0.00247155	      6.84502063	     -1.39051614	      1.05458345	     10.58692686	     -0.40948259	      6.65166228	    -25.93120072
      2.91500000	      7.43904825	     -3.32740850	     85.86364740	      0.37384024	      0.40117046	      0.92285409	     31.10030006	      7.29067722	     -7.78304331	    -13.79406455	      0.73368880	     11.28077842	      0.04845713	     -0.02242255	      0.00242960	     14.65854062	      0.59454296	     -2.20833412	     -3.64085144	      6.83430041	     -2.26353969	    -15.43829388	     -2.91206230	     -5.64363068	    -11.80789018	    -35.06629121	     16.02461177	      0.04537998	     -0.02192575	     -0.00247155	      8.55290865	     -1.36888702	      0.87094411	     10.63342211	     -0.24690111	      6.99275392	    -26.02558940
      2.92000000	      7.67664887	     -3.40146501	     85.68215373	      0.37421570	      0.40049990	      0.92299303	     31.55405002	      7.53606579	     -7.58458867	    -15.07137380	      0.71133123	     11.86832920	      0.04826551	     -0.02237091	      0.00242960	     14.24121827	      0.83435679	     -1.61082619	     -5.36849163	      6.10061526	     -0.30424566	    -14.34636251	     -1.75418266	     -6.14682344	    -11.71866549	    -36.92182345	     16.20233131	      0.04497480	     -0.02185088	     -0.00247155	     11.29490896	     -1.18190371	      1.72380074	      6.65783388	      2.13359286	      9.89434902	    -32.36098244
      2.92500000	      7.33532269	     -3.42352988	     85.45568905	      0.37465278	      0.39977613	      0.92401182	     31.08887783	      7.85682644	     -7.05398426	    -15.75779644	      0.71076460	     12.15909357	      0.04816045	     -0.02234309	      0.00242960	     14.20231914	      0.68889521	     -1.55295217	     -5.41719709	      6.03213499	     -0.29913352	    -14.32674773	     -1.40209915	     -6.54209725	    -11.42039141	    -38.61012298	     16.35133304	      0.04459795	     -0.02178367	     -0.00247155	     12.66436049	     -1.17908836	      1.46727107	      6.84818411	      2.22718579	     10.06477797	    -32.26378494
