i,wall_type,height_band,start_position,rotation,landing_position,cause,landing_surface,posture,height_m,mass_kg,on_pad,rotation_free,ligament_dominant,upper_limb_mechanism,weight_exact,peak_force_kn,peak_primary_g,hic,n_fractured_sites,worst_site,worst_utilization,fractured
0,steep,middle,vertical,front_transverse,on_buttocks,dyno,pads,butt-impact,2.208,86.2,1,0,0,0,0,30.002,57.8,0.0,0,tibia_distal,0.355,
1,vertical,top,leaning_forward,without,on_feet_leaning,foot_slip,pads,feet-first-stiff,3.279,65.4,1,1,1,0,0,40.904,67.8,0.0,0,tibia_distal,0.517,
2,vertical,middle,leaning_backward,multiple,on_feet_leaning,foot_slip,pads,toe-point,2.14,70.7,1,0,1,1,0,27.159,38.8,0.0,0,tibia_distal,0.371,
3,vertical,top,vertical,longitudinal,back_or_front_to_pad,missed_hold,pads,flat-flop,3.177,67.8,1,0,0,0,0,53.961,104.0,0.0,0,calcaneus,0.2,
4,steep,top,leaning_backward,longitudinal,on_feet_leaning,foot_slip,pads,one-leg-awkward,3.481,52.7,1,0,1,1,0,38.178,74.0,0.0,0,tibia_distal,0.498,
5,roof_overhang,top,vertical,without,on_feet_leaning,route_finish,pads,one-leg-awkward,3.013,78.4,1,1,1,0,0,42.228,55.7,0.0,0,tibia_distal,0.561,
6,slab,middle,leaning_forward,multiple,on_feet_leaning,missed_hold,pads,one-leg-awkward,2.467,62.5,1,0,1,0,0,34.884,58.3,0.0,0,tibia_distal,0.467,
7,steep,top,leaning_backward,longitudinal,head_first,foot_slip,bump_into_someone,head-first,3.967,70.7,1,0,0,1,0,17.855,64.4,0.0,0,tibia_distal,0.251,
8,roof_overhang,middle,leaning_forward,antero_posterior,standing_on_feet,route_finish,pads,feet-first-stiff,2.471,79.0,1,0,0,0,0,39.539,53.9,0.0,0,tibia_distal,0.499,
9,vertical,top,leaning_forward,longitudinal,on_feet_leaning,missed_hold,pads,toe-point,3.026,58.7,1,0,1,0,0,29.115,49.8,0.0,0,tibia_distal,0.393,
10,vertical,top,leaning_forward,front_transverse,on_feet_leaning,downclimbing_trouble,pads,feet-first-stiff,3.284,74.8,1,0,1,0,0,43.209,63.4,0.0,0,tibia_distal,0.553,
11,vertical,top,vertical,front_transverse,standing_on_feet,downclimbing_trouble,between_2_pads,controlled-drop,3.361,51.3,0,0,0,0,0,30.624,51.5,0.0,0,tibia_distal,0.309,
12,steep,top,vertical,longitudinal,on_feet_leaning,foot_slip,pads,one-leg-awkward,3.841,53.5,1,0,1,0,0,40.068,76.8,0.0,0,tibia_distal,0.524,
13,steep,bottom,leaning_backward,without,standing_on_feet,dyno,pads,feet-first-stiff,1.187,61.6,1,1,0,1,0,20.308,34.5,0.0,0,tibia_distal,0.251,
14,vertical,middle,vertical,multiple,head_first,missed_hold,pads,head-first,2.46,66.6,1,0,0,0,0,13.265,32.0,0.0,0,tibia_distal,0.188,
15,steep,top,leaning_backward,antero_posterior,standing_on_feet,balance_loss,pads,controlled-drop,4.2,70.3,1,0,0,1,0,35.077,47.3,0.0,0,tibia_distal,0.39,
16,steep,bottom,leaning_forward,without,standing_on_feet,foot_slip,pads,feet-first-stiff,0.814,68.8,1,1,0,0,1,16.832,24.8,0.0,0,tibia_distal,0.204,
17,vertical,middle,leaning_forward,antero_posterior,on_feet_leaning,dyno,pads,one-leg-awkward,2.172,60.6,1,0,1,0,0,31.18,53.8,0.0,0,tibia_distal,0.419,
18,vertical,top,vertical,without,head_first,dyno,pads,head-first,3.362,69.8,1,1,0,0,1,16.155,51.3,0.0,0,tibia_distal,0.228,
19,slab,bottom,vertical,multiple,standing_on_feet,foot_slip,pads,feet-first-stiff,1.332,85.6,1,0,0,0,0,28.567,36.0,0.0,0,tibia_distal,0.363,
20,steep,top,vertical,longitudinal,standing_on_feet,foot_slip,pads,feet-first-stiff,3.219,66.2,1,0,0,0,0,40.803,66.8,0.0,0,tibia_distal,0.516,
21,steep,middle,leaning_backward,antero_posterior,back_or_front_to_pad,dyno,between_pads_and_wall,flat-flop,2.779,76.0,0,0,0,1,0,143.587,186.9,0.0,0,calcaneus,0.532,
22,steep,middle,vertical,back_transverse,on_feet_leaning,dyno,pads,toe-point,1.822,69.1,1,0,1,0,0,24.546,36.8,0.0,0,tibia_distal,0.344,
23,vertical,bottom,vertical,without,on_feet_leaning,foot_slip,between_pads_and_wall,feet-first-stiff,1.232,75.4,0,1,1,0,0,36.505,48.2,0.0,0,tibia_distal,0.426,
24,steep,top,vertical,antero_posterior,standing_on_feet,foot_slip,pads,feet-first-stiff,3.034,51.8,1,0,0,0,0,34.667,74.4,0.0,0,tibia_distal,0.448,
25,corner,middle,vertical,antero_posterior,head_first,missed_hold,pads,head-first,1.845,58.5,1,0,0,0,0,10.569,21.5,0.0,0,tibia_distal,0.148,
26,vertical,middle,leaning_backward,antero_posterior,standing_on_feet,route_finish,pads,feet-first-stiff,1.904,74.8,1,0,0,1,0,33.012,48.4,0.0,0,tibia_distal,0.425,
27,vertical,top,vertical,without,head_first,dyno,pads,head-first,3.769,62.2,1,1,0,0,1,16.03,57.3,0.0,0,tibia_distal,0.226,
28,vertical,top,vertical,without,standing_on_feet,other,between_pads_and_wall,feet-first-stiff,3.289,81.2,0,1,0,0,1,47.194,64.9,0.0,0,tibia_distal,0.614,
29,roof_overhang,top,vertical,without,on_feet_leaning,missed_hold,pads,feet-first-stiff,3.27,82.6,1,1,1,0,0,44.825,60.1,0.0,0,tibia_distal,0.58,
30,vertical,middle,vertical,longitudinal,head_first,foot_slip,pads,head-first,2.893,71.5,1,0,0,0,0,15.098,42.0,0.0,0,tibia_distal,0.214,
31,vertical,top,vertical,without,on_feet_leaning,route_finish,pads,toe-point,4.275,62.7,1,1,1,0,0,35.915,57.8,0.0,0,tibia_distal,0.485,
32,vertical,bottom,leaning_backward,longitudinal,standing_on_feet,route_finish,pads,feet-first-stiff,1.094,52.9,1,0,0,1,0,16.824,32.7,0.0,0,tibia_distal,0.205,
33,vertical,top,leaning_backward,multiple,on_buttocks,foot_slip,pads,butt-impact,3.561,87.9,1,0,0,1,0,46.304,79.5,0.0,0,tibia_distal,0.496,
34,steep,top,vertical,multiple,on_feet_leaning,foot_slip,pads,one-leg-awkward,3.586,60.2,1,0,1,0,0,40.873,69.8,0.0,0,tibia_distal,0.537,
35,vertical,top,leaning_forward,longitudinal,on_feet_leaning,foot_slip,pads,one-leg-awkward,4.068,55.6,1,0,1,0,0,41.486,77.0,0.0,0,tibia_distal,0.547,
36,steep,top,leaning_backward,longitudinal,head_first,foot_slip,pads,head-first,3.267,72.0,1,0,0,1,0,16.207,50.0,0.0,0,tibia_distal,0.229,
37,vertical,middle,vertical,without,head_first,foot_slip,pads,head-first,1.567,60.4,1,1,0,0,1,9.883,19.7,0.0,0,tibia_distal,0.137,
38,vertical,top,vertical,multiple,standing_on_feet,foot_slip,pads,feet-first-stiff,3.152,73.6,1,0,0,0,0,42.28,62.6,0.0,0,tibia_distal,0.538,
39,steep,bottom,vertical,without,on_feet_leaning,dyno,pads,feet-first-stiff,0.683,79.0,1,1,1,0,0,16.656,21.2,0.0,0,tibia_distal,0.201,
40,steep,top,vertical,longitudinal,back_or_front_to_pad,balance_loss,pads,flat-flop,3.149,63.4,1,0,0,0,0,50.334,103.6,0.0,0,calcaneus,0.186,
41,vertical,top,leaning_backward,without,standing_on_feet,foot_slip,between_pads_and_wall,feet-first-stiff,3.993,43.3,0,1,0,1,0,42.296,104.3,0.0,0,tibia_distal,0.524,
42,vertical,top,vertical,longitudinal,standing_on_feet,foot_slip,pads,feet-first-stiff,3.248,60.2,1,0,0,0,0,39.294,70.7,0.0,0,tibia_distal,0.495,
43,steep,top,vertical,without,back_or_front_to_pad,missed_hold,pads,flat-flop,4.217,55.6,1,1,0,0,1,57.99,135.6,0.0,0,calcaneus,0.215,
44,roof_overhang,middle,leaning_backward,multiple,back_or_front_to_pad,foot_slip,pads,flat-flop,1.76,61.2,1,0,0,1,0,29.96,63.2,0.0,0,calcaneus,0.111,
45,corner,bottom,vertical,multiple,on_feet_leaning,foot_slip,pads,toe-point,0.774,90.2,1,0,1,0,0,19.612,21.5,0.0,0,tibia_distal,0.268,
46,vertical,top,leaning_backward,longitudinal,standing_on_feet,hands_let_go,pads,controlled-drop,4.364,61.4,1,0,0,1,0,32.005,51.3,0.0,0,tibia_distal,0.369,
47,corner,top,leaning_forward,back_transverse,on_feet_leaning,foot_slip,pads,one-leg-awkward,3.901,54.3,1,0,1,0,0,40.53,76.7,0.0,0,tibia_distal,0.531,
48,steep,bottom,leaning_backward,front_transverse,on_feet_leaning,hands_let_go,pads,one-leg-awkward,1.181,46.4,1,0,1,1,0,15.985,35.0,0.0,0,tibia_distal,0.21,
49,slab,bottom,vertical,back_transverse,on_feet_leaning,dyno,pads,toe-point,1.055,65.6,1,0,1,0,0,18.98,29.0,0.0,0,tibia_distal,0.259,
50,vertical,middle,vertical,without,on_feet_leaning,foot_slip,pads,feet-first-stiff,1.71,65.9,1,1,1,0,0,27.812,45.8,0.0,0,tibia_distal,0.354,
51,slab,bottom,vertical,longitudinal,on_feet_leaning,dyno,pads,one-leg-awkward,1.109,70.2,1,0,1,0,0,21.618,31.3,0.0,0,tibia_distal,0.286,
52,steep,bottom,leaning_forward,without,standing_on_feet,dyno,pads,feet-first-stiff,1.169,85.0,1,1,0,0,1,25.961,32.6,0.0,0,tibia_distal,0.328,
53,vertical,middle,leaning_backward,without,on_feet_leaning,foot_slip,pads,toe-point,1.782,66.5,1,1,1,1,0,23.66,37.2,0.0,0,tibia_distal,0.335,
54,vertical,top,vertical,longitudinal,head_first,foot_slip,pads,head-first,4.359,56.2,1,0,0,0,0,16.339,67.2,0.0,0,tibia_distal,0.23,
55,steep,bottom,leaning_backward,antero_posterior,on_feet_leaning,foot_slip,pads,feet-first-stiff,1.076,66.3,1,0,1,1,0,20.07,31.5,0.0,0,tibia_distal,0.248,
56,vertical,middle,leaning_backward,longitudinal,standing_on_feet,dyno,pads,controlled-drop,1.769,85.4,1,0,0,1,0,21.297,26.6,0.0,0,tibia_distal,0.271,
57,steep,top,leaning_backward,longitudinal,on_feet_leaning,dyno,pads,one-leg-awkward,3.714,57.0,1,0,1,1,0,40.574,73.0,0.0,0,tibia_distal,0.532,
58,vertical,middle,vertical,back_transverse,on_feet_leaning,foot_slip,pads,one-leg-awkward,1.967,88.1,1,0,1,0,0,37.767,43.4,0.0,0,tibia_distal,0.493,
59,steep,bottom,vertical,multiple,on_feet_leaning,foot_slip,pads,one-leg-awkward,1.377,74.7,1,0,1,0,0,26.532,36.6,0.0,0,tibia_distal,0.354,
60,steep,bottom,vertical,without,on_feet_leaning,balance_loss,pads,one-leg-awkward,0.609,72.6,1,1,1,0,0,14.313,19.6,0.0,0,tibia_distal,0.189,
61,vertical,bottom,leaning_backward,longitudinal,head_first,dyno,pads,head-first,0.899,67.0,1,0,0,1,0,7.872,15.0,0.0,0,tibia_distal,0.108,
62,steep,top,leaning_backward,multiple,head_first,foot_slip,pads,head-first,3.877,59.7,1,0,0,1,0,15.89,58.7,0.0,0,tibia_distal,0.224,
63,roof_overhang,bottom,leaning_forward,without,back_or_front_to_pad,dyno,pads,flat-flop,0.952,74.0,1,1,0,0,1,22.475,39.7,0.0,0,calcaneus,0.083,
64,vertical,top,vertical,antero_posterior,standing_on_feet,downclimbing_trouble,pads,feet-first-stiff,3.006,76.0,1,0,0,0,0,42.05,60.2,0.0,0,tibia_distal,0.535,
65,vertical,top,leaning_backward,without,on_feet_leaning,downclimbing_trouble,pads,toe-point,3.467,50.2,1,1,1,1,0,28.56,57.7,0.0,0,tibia_distal,0.388,
66,slab,middle,vertical,back_transverse,standing_on_feet,missed_hold,pads,feet-first-stiff,2.811,56.5,1,0,0,0,0,35.072,68.9,0.0,0,tibia_distal,0.454,
67,vertical,top,vertical,longitudinal,on_feet_leaning,hands_let_go,pads,one-leg-awkward,4.162,68.9,1,0,1,0,0,44.43,68.4,0.0,0,tibia_distal,0.603,
68,vertical,top,vertical,front_transverse,on_feet_leaning,route_finish,pads,toe-point,3.181,57.6,1,0,1,0,0,29.557,51.4,0.0,0,tibia_distal,0.398,
69,vertical,middle,vertical,longitudinal,on_feet_leaning,dyno,pads,feet-first-stiff,2.457,61.4,1,0,1,0,0,33.996,61.2,0.0,0,tibia_distal,0.439,
70,steep,middle,vertical,longitudinal,on_feet_leaning,foot_slip,pads,feet-first-stiff,2.77,83.1,1,0,1,0,0,42.229,55.4,0.0,0,tibia_distal,0.538,
71,vertical,bottom,vertical,without,standing_on_feet,dyno,pads,controlled-drop,1.299,48.2,1,1,0,0,1,11.106,26.4,0.0,0,tibia_distal,0.151,
72,steep,top,vertical,longitudinal,standing_on_feet,dyno,pads,feet-first-stiff,4.393,65.3,1,0,0,0,0,45.73,78.0,0.0,0,tibia_distal,0.593,
73,slab,top,vertical,multiple,standing_on_feet,route_finish,pads,feet-first-stiff,3.284,60.0,1,0,0,0,0,39.423,71.1,0.0,0,tibia_distal,0.497,
74,corner,middle,leaning_forward,without,on_feet_leaning,missed_hold,pads,one-leg-awkward,1.839,55.7,1,1,1,0,0,25.901,48.2,0.0,0,tibia_distal,0.345,
75,slab,top,vertical,antero_posterior,standing_on_feet,foot_slip,pads,controlled-drop,3.211,65.6,1,0,0,0,0,26.631,41.9,0.0,0,tibia_distal,0.324,
76,corner,middle,leaning_forward,antero_posterior,on_buttocks,missed_hold,pads,butt-impact,2.669,55.2,1,0,0,0,0,23.954,71.4,0.0,0,tibia_distal,0.28,
77,vertical,top,vertical,longitudinal,on_feet_leaning,foot_slip,pads,one-leg-awkward,4.425,74.4,1,0,1,0,0,46.023,66.8,0.0,0,tibia_distal,0.636,
78,steep,bottom,vertical,longitudinal,on_feet_leaning,other,between_pads_and_wall,feet-first-stiff,1.092,66.8,0,0,1,0,0,31.652,47.2,0.0,0,tibia_distal,0.37,
79,corner,top,leaning_backward,longitudinal,standing_on_feet,foot_slip,pads,controlled-drop,3.016,80.1,1,0,0,1,0,30.328,37.3,0.0,0,tibia_distal,0.352,
80,steep,bottom,vertical,multiple,on_feet_leaning,missed_hold,pads,toe-point,1.332,62.5,1,0,1,0,0,20.637,33.6,0.0,0,tibia_distal,0.285,
81,vertical,top,vertical,without,standing_on_feet,missed_hold,pads,feet-first-stiff,3.565,60.5,1,1,0,0,1,40.938,73.5,0.0,0,tibia_distal,0.518,
82,corner,top,leaning_forward,multiple,standing_on_feet,foot_slip,pads,feet-first-stiff,3.309,78.7,1,0,0,0,0,44.201,62.0,0.0,0,tibia_distal,0.569,
83,steep,top,leaning_backward,multiple,on_feet_leaning,other,pads,feet-first-stiff,3.772,75.4,1,0,1,1,0,45.64,67.4,0.0,0,tibia_distal,0.592,
84,vertical,top,vertical,without,on_feet_leaning,foot_slip,pads,toe-point,4.326,55.8,1,1,1,0,0,33.915,61.1,0.0,0,tibia_distal,0.456,
85,steep,middle,vertical,longitudinal,on_buttocks,foot_slip,pads,butt-impact,1.896,82.7,1,0,0,0,0,25.404,52.1,0.0,0,tibia_distal,0.307,
86,steep,bottom,leaning_backward,without,on_feet_leaning,missed_hold,pads,one-leg-awkward,0.893,63.6,1,1,1,1,0,16.943,26.8,0.0,0,tibia_distal,0.223,
87,steep,top,vertical,longitudinal,on_feet_leaning,missed_hold,pads,feet-first-stiff,3.335,60.7,1,0,1,0,0,39.892,71.1,0.0,0,tibia_distal,0.503,
88,vertical,bottom,vertical,without,on_feet_leaning,foot_slip,pads,feet-first-stiff,0.653,74.9,1,1,1,0,0,15.37,20.5,0.0,0,tibia_distal,0.185,
89,vertical,middle,leaning_backward,without,on_buttocks,foot_slip,pads,butt-impact,2.107,86.6,1,1,0,1,0,28.947,55.9,0.0,0,tibia_distal,0.345,
90,vertical,top,leaning_forward,longitudinal,standing_on_feet,dyno,pads,feet-first-stiff,3.827,71.0,1,0,0,0,0,44.85,70.0,0.0,0,tibia_distal,0.579,
91,vertical,middle,vertical,without,back_or_front_to_pad,missed_hold,pads,flat-flop,2.112,54.7,1,1,0,0,1,31.54,74.4,0.0,0,calcaneus,0.117,
92,vertical,middle,leaning_backward,without,standing_on_feet,dyno,pads,controlled-drop,2.041,66.1,1,1,0,1,0,19.133,31.7,0.0,0,tibia_distal,0.248,
93,steep,bottom,vertical,front_transverse,on_feet_leaning,foot_slip,between_pads_and_wall,toe-point,1.375,56.9,0,0,1,0,0,21.465,39.7,0.0,0,tibia_distal,0.305,
94,vertical,bottom,vertical,longitudinal,on_feet_leaning,dyno,pads,one-leg-awkward,1.206,50.4,1,0,1,0,0,17.437,35.1,0.0,0,tibia_distal,0.23,
95,roof_overhang,top,vertical,without,on_feet_leaning,missed_hold,pads,toe-point,3.558,59.9,1,1,1,0,0,31.98,53.1,0.0,0,tibia_distal,0.427,
96,corner,middle,vertical,antero_posterior,standing_on_feet,missed_hold,pads,feet-first-stiff,2.927,72.7,1,0,0,0,0,40.865,60.9,0.0,0,tibia_distal,0.517,
97,corner,bottom,leaning_backward,without,standing_on_feet,foot_slip,pads,feet-first-stiff,0.51,79.2,1,1,0,1,0,13.445,16.7,0.0,0,tibia_distal,0.161,
98,slab,top,vertical,longitudinal,on_buttocks,dyno,pads,butt-impact,4.263,94.4,1,0,0,0,0,57.756,87.0,0.0,0,tibia_distal,0.582,
99,steep,top,leaning_backward,longitudinal,on_feet_leaning,foot_slip,pads,toe-point,3.146,60.3,1,0,1,1,0,30.146,49.8,0.0,0,tibia_distal,0.403,
100,vertical,bottom,leaning_forward,longitudinal,standing_on_feet,balance_loss,pads,feet-first-stiff,0.826,72.4,1,0,0,0,0,17.779,25.0,0.0,0,tibia_distal,0.216,
101,steep,middle,vertical,longitudinal,standing_on_feet,dyno,pads,controlled-drop,2.244,77.1,1,0,0,0,0,23.247,31.9,0.0,0,tibia_distal,0.292,
102,roof_overhang,top,vertical,antero_posterior,standing_on_feet,missed_hold,pads,feet-first-stiff,3.855,69.4,1,0,0,0,0,44.583,71.1,0.0,0,tibia_distal,0.574,
103,vertical,top,leaning_backward,longitudinal,on_feet_leaning,missed_hold,pads,one-leg-awkward,3.112,55.4,1,0,1,1,0,37.097,68.4,0.0,0,tibia_distal,0.485,
104,steep,middle,vertical,antero_posterior,head_first,foot_slip,pads,head-first,2.957,76.1,1,0,0,0,0,15.866,44.6,0.0,0,tibia_distal,0.225,
105,vertical,bottom,vertical,longitudinal,on_feet_leaning,hands_let_go,pads,toe-point,1.02,75.9,1,0,1,0,0,20.251,26.8,0.0,0,tibia_distal,0.278,
106,slab,top,leaning_backward,longitudinal,on_feet_leaning,foot_slip,pads,feet-first-stiff,3.659,83.8,1,0,1,1,0,46.938,62.8,0.0,0,tibia_distal,0.615,
107,slab,top,vertical,multiple,on_feet_leaning,foot_slip,pads,toe-point,3.103,69.3,1,0,1,0,0,32.371,46.3,0.0,0,tibia_distal,0.432,
108,corner,bottom,vertical,multiple,on_feet_leaning,dyno,pads,feet-first-stiff,1.403,77.7,1,0,1,0,0,27.489,38.1,0.0,0,tibia_distal,0.349,
109,corner,top,leaning_backward,without,on_feet_leaning,foot_slip,pads,one-leg-awkward,3.396,57.2,1,1,1,1,0,39.239,70.0,0.0,0,tibia_distal,0.512,
110,vertical,bottom,leaning_backward,antero_posterior,on_feet_leaning,foot_slip,pads,one-leg-awkward,0.644,45.4,1,0,1,1,0,9.776,21.4,0.0,0,tibia_distal,0.128,
111,vertical,top,leaning_backward,without,on_feet_leaning,missed_hold,pads,feet-first-stiff,4.335,68.3,1,1,1,1,0,46.276,75.7,0.0,0,tibia_distal,0.602,
112,slab,middle,vertical,multiple,standing_on_feet,downclimbing_trouble,pads,controlled-drop,2.278,73.3,1,0,0,0,0,22.504,32.8,0.0,0,tibia_distal,0.285,
113,vertical,top,leaning_backward,longitudinal,head_first,foot_slip,pads,head-first,4.412,55.4,1,0,0,1,0,16.303,67.9,0.0,0,tibia_distal,0.229,
114,vertical,bottom,vertical,back_transverse,back_or_front_to_pad,foot_slip,pads,flat-flop,0.978,76.2,1,0,0,0,0,23.299,39.9,0.0,0,calcaneus,0.086,
115,slab,middle,leaning_backward,without,on_feet_leaning,dyno,pads,one-leg-awkward,2.036,67.1,1,1,1,1,0,32.181,50.2,0.0,0,tibia_distal,0.433,
116,vertical,middle,vertical,multiple,standing_on_feet,foot_slip,pads,feet-first-stiff,2.504,69.2,1,0,0,0,0,37.357,59.1,0.0,0,tibia_distal,0.477,
117,slab,middle,leaning_backward,longitudinal,standing_on_feet,other,pads,controlled-drop,2.951,78.5,1,0,0,1,0,29.275,37.2,0.0,0,tibia_distal,0.344,
118,slab,top,vertical,longitudinal,standing_on_feet,dyno,pads,controlled-drop,3.842,60.0,1,0,0,0,0,28.319,48.2,0.0,0,tibia_distal,0.339,
119,vertical,middle,leaning_backward,longitudinal,back_or_front_to_pad,dyno,pads,flat-flop,2.927,79.6,1,0,0,1,0,58.172,95.9,0.0,0,calcaneus,0.215,
120,slab,top,leaning_forward,longitudinal,on_feet_leaning,foot_slip,pads,toe-point,3.647,53.8,1,0,1,0,0,30.48,56.6,0.0,0,tibia_distal,0.408,
121,vertical,middle,vertical,back_transverse,standing_on_feet,foot_slip,pads,controlled-drop,2.847,54.8,1,0,0,0,0,20.753,41.7,0.0,0,tibia_distal,0.269,
122,steep,middle,leaning_backward,longitudinal,on_feet_leaning,foot_slip,pads,one-leg-awkward,2.509,61.4,1,0,1,1,0,34.839,59.3,0.0,0,tibia_distal,0.467,
123,vertical,top,vertical,longitudinal,head_first,foot_slip,between_2_pads,head-first,3.153,66.2,0,0,0,0,0,18.343,218.4,0.0,0,tibia_distal,0.227,
124,vertical,top,leaning_backward,antero_posterior,head_first,foot_slip,between_2_pads,head-first,4.143,62.0,0,0,0,1,0,20.108,259.0,0.0,0,tibia_distal,0.249,
125,vertical,top,vertical,without,standing_on_feet,missed_hold,pads,feet-first-stiff,4.015,53.9,1,1,0,0,1,40.936,82.5,0.0,0,tibia_distal,0.517,
126,steep,middle,vertical,without,standing_on_feet,downclimbing_trouble,pads,controlled-drop,2.472,50.1,1,1,0,0,1,17.56,39.3,0.0,0,tibia_distal,0.232,
127,steep,top,vertical,longitudinal,standing_on_feet,downclimbing_trouble,pads,controlled-drop,3.106,72.7,1,0,0,0,0,28.447,39.5,0.0,0,tibia_distal,0.338,
128,vertical,top,vertical,longitudinal,on_feet_leaning,missed_hold,pads,toe-point,3.432,83.3,1,0,1,0,0,37.567,45.4,0.0,0,tibia_distal,0.509,
129,vertical,bottom,vertical,front_transverse,standing_on_feet,other,pads,feet-first-stiff,1.272,84.2,1,0,0,0,0,27.338,34.8,0.0,0,tibia_distal,0.347,
130,vertical,top,vertical,without,on_feet_leaning,balance_loss,pads,one-leg-awkward,3.778,64.8,1,1,1,0,0,42.562,68.3,0.0,0,tibia_distal,0.567,
131,corner,top,leaning_forward,back_transverse,standing_on_feet,foot_slip,pads,controlled-drop,3.537,52.1,1,0,0,0,0,23.41,48.6,0.0,0,tibia_distal,0.297,
132,steep,top,vertical,without,standing_on_feet,missed_hold,pads,feet-first-stiff,4.223,63.6,1,1,0,0,1,44.619,77.6,0.0,0,tibia_distal,0.574,
133,steep,top,leaning_backward,without,on_feet_leaning,dyno,pads,one-leg-awkward,3.832,44.4,1,1,1,1,0,36.592,84.7,0.0,0,tibia_distal,0.479,
134,vertical,top,vertical,without,standing_on_feet,missed_hold,pads,feet-first-stiff,3.458,63.7,1,1,0,0,1,41.33,70.5,0.0,0,tibia_distal,0.523,
135,slab,top,vertical,antero_posterior,on_feet_leaning,dyno,pads,toe-point,3.486,77.3,1,0,1,0,0,36.368,47.3,0.0,0,tibia_distal,0.491,
136,steep,top,leaning_backward,multiple,standing_on_feet,foot_slip,pads,controlled-drop,3.82,65.6,1,0,0,1,0,30.571,46.3,0.0,0,tibia_distal,0.356,
137,slab,middle,vertical,without,on_feet_leaning,route_finish,pads,one-leg-awkward,1.869,59.7,1,1,1,0,0,27.668,48.2,0.0,0,tibia_distal,0.37,
138,steep,bottom,vertical,without,on_feet_leaning,dyno,pads,one-leg-awkward,0.923,47.9,1,1,1,0,0,13.575,28.6,0.0,0,tibia_distal,0.179,
139,vertical,middle,leaning_backward,without,head_first,missed_hold,pads,head-first,1.786,83.9,1,1,0,1,0,12.857,22.2,0.0,0,tibia_distal,0.183,
140,vertical,top,leaning_backward,longitudinal,on_feet_leaning,foot_slip,pads,one-leg-awkward,3.064,57.4,1,0,1,1,0,37.516,66.6,0.0,0,tibia_distal,0.49,
141,roof_overhang,bottom,leaning_backward,without,standing_on_feet,dyno,pads,controlled-drop,0.719,78.1,1,1,0,1,0,10.94,15.7,0.0,0,tibia_distal,0.149,
142,vertical,middle,vertical,multiple,on_feet_leaning,missed_hold,pads,toe-point,1.785,57.0,1,0,1,0,0,22.07,40.5,0.0,0,tibia_distal,0.311,
143,vertical,top,vertical,without,standing_on_feet,foot_slip,bump_into_someone,controlled-drop,3.343,71.2,1,1,0,0,1,29.596,41.5,0.0,0,tibia_distal,0.348,
144,vertical,top,vertical,longitudinal,standing_on_feet,dyno,pads,controlled-drop,4.082,93.5,1,0,0,0,0,44.295,41.0,0.0,0,tibia_distal,0.451,
145,vertical,bottom,vertical,longitudinal,standing_on_feet,dyno,pads,controlled-drop,0.837,67.2,1,0,0,0,0,10.742,18.0,0.0,0,tibia_distal,0.147,
146,vertical,bottom,leaning_forward,without,on_feet_leaning,foot_slip,pads,one-leg-awkward,1.132,52.7,1,1,1,0,0,17.278,33.2,0.0,0,tibia_distal,0.228,
147,steep,bottom,leaning_forward,longitudinal,on_feet_leaning,missed_hold,pads,feet-first-stiff,1.459,45.2,1,0,1,0,0,18.367,42.5,0.0,0,tibia_distal,0.226,
148,slab,bottom,vertical,without,standing_on_feet,missed_hold,pads,feet-first-stiff,0.989,87.1,1,1,0,0,1,23.531,28.4,0.0,0,tibia_distal,0.295,
149,roof_overhang,middle,vertical,without,head_first,other,pads,head-first,1.859,65.3,1,1,0,0,1,11.329,20.7,0.0,0,tibia_distal,0.159,
150,vertical,middle,vertical,longitudinal,on_feet_leaning,hands_let_go,pads,one-leg-awkward,2.866,78.4,1,0,1,0,0,41.597,54.6,0.0,0,tibia_distal,0.55,
151,steep,bottom,leaning_forward,longitudinal,standing_on_feet,foot_slip,pads,feet-first-stiff,0.992,60.3,1,0,0,0,0,17.456,29.7,0.0,0,tibia_distal,0.213,
152,slab,bottom,leaning_backward,longitudinal,standing_on_feet,missed_hold,pads,controlled-drop,0.833,66.6,1,0,0,1,0,10.631,18.0,0.0,0,tibia_distal,0.145,
153,slab,top,vertical,longitudinal,on_feet_leaning,balance_loss,pads,one-leg-awkward,4.149,85.9,1,0,1,0,0,48.327,59.6,0.0,0,tibia_distal,0.657,
154,steep,top,vertical,longitudinal,on_feet_leaning,foot_slip,pads,one-leg-awkward,3.59,64.9,1,0,1,0,0,41.932,66.9,0.0,0,tibia_distal,0.555,
155,steep,bottom,vertical,longitudinal,standing_on_feet,dyno,pads,feet-first-stiff,1.216,68.6,1,0,0,0,0,22.509,34.7,0.0,0,tibia_distal,0.281,
156,slab,top,vertical,multiple,standing_on_feet,dyno,pads,feet-first-stiff,3.302,54.4,1,0,0,0,0,37.754,75.8,0.0,0,tibia_distal,0.48,
157,vertical,top,vertical,antero_posterior,head_first,foot_slip,pads,head-first,3.404,71.0,1,0,0,0,0,16.441,52.6,0.0,0,tibia_distal,0.232,
158,vertical,middle,vertical,multiple,on_feet_leaning,other,pads,one-leg-awkward,2.582,49.0,1,0,1,0,0,29.996,64.1,0.0,0,tibia_distal,0.403,
159,vertical,middle,vertical,without,on_feet_leaning,dyno,pads,one-leg-awkward,1.535,85.0,1,1,1,0,0,31.674,38.8,0.0,0,tibia_distal,0.426,
160,slab,top,vertical,without,on_feet_leaning,foot_slip,between_pads_and_wall,toe-point,4.052,79.6,0,1,1,0,0,40.173,52.2,0.0,0,tibia_distal,0.558,
161,steep,bottom,leaning_backward,longitudinal,back_or_front_to_pad,dyno,pads,flat-flop,0.675,77.0,1,0,0,1,0,18.906,32.8,0.0,0,calcaneus,0.07,
162,vertical,bottom,vertical,multiple,back_or_front_to_pad,dyno,pads,flat-flop,0.75,54.3,1,0,0,0,0,16.545,41.1,0.0,0,calcaneus,0.061,
163,vertical,top,vertical,back_transverse,standing_on_feet,foot_slip,between_2_pads,controlled-drop,3.216,71.3,0,0,0,0,0,37.058,42.9,0.0,0,tibia_distal,0.359,
164,steep,top,leaning_forward,without,on_feet_leaning,dyno,pads,feet-first-stiff,3.841,104.3,1,1,1,0,0,51.645,57.1,0.0,0,tibia_distal,0.695,
165,roof_overhang,top,vertical,longitudinal,standing_on_feet,missed_hold,pads,controlled-drop,3.025,64.9,1,0,0,0,0,25.144,40.7,0.0,0,tibia_distal,0.311,
166,steep,top,vertical,without,standing_on_feet,route_finish,pads,feet-first-stiff,3.434,73.2,1,1,0,0,1,43.58,65.4,0.0,0,tibia_distal,0.559,
167,vertical,bottom,vertical,back_transverse,head_first,foot_slip,pads,head-first,1.447,75.8,1,0,0,0,0,10.913,17.2,0.0,0,tibia_distal,0.153,
168,vertical,top,vertical,without,standing_on_feet,missed_hold,pads,feet-first-stiff,3.802,71.7,1,1,0,0,1,44.898,69.4,0.0,0,tibia_distal,0.58,
169,vertical,top,vertical,longitudinal,on_feet_leaning,foot_slip,pads,toe-point,4.161,76.7,1,0,1,0,0,39.464,52.2,0.0,0,tibia_distal,0.537,
170,steep,middle,vertical,without,standing_on_feet,missed_hold,pads,feet-first-stiff,1.988,69.9,1,1,0,0,1,32.316,50.7,0.0,0,tibia_distal,0.415,
171,steep,middle,vertical,antero_posterior,on_feet_leaning,route_finish,pads,feet-first-stiff,2.533,59.8,1,0,1,0,0,34.01,62.9,0.0,0,tibia_distal,0.439,
172,vertical,bottom,vertical,longitudinal,on_feet_leaning,dyno,pads,feet-first-stiff,0.722,63.7,1,0,1,0,0,14.395,22.7,0.0,0,tibia_distal,0.173,
173,vertical,middle,vertical,without,standing_on_feet,dyno,pads,controlled-drop,2.534,73.2,1,1,0,0,1,24.374,35.0,0.0,0,tibia_distal,0.303,
174,steep,middle,leaning_backward,longitudinal,on_buttocks,missed_hold,pads,butt-impact,2.972,57.5,1,0,0,1,0,27.194,77.3,0.0,0,tibia_distal,0.315,
175,corner,top,vertical,longitudinal,standing_on_feet,route_finish,pads,controlled-drop,4.398,59.0,1,0,0,0,0,31.096,52.3,0.0,0,tibia_distal,0.362,
176,vertical,top,vertical,longitudinal,standing_on_feet,missed_hold,pads,feet-first-stiff,4.477,54.3,1,0,0,0,0,42.881,86.6,0.0,0,tibia_distal,0.546,
177,steep,top,vertical,longitudinal,on_feet_leaning,other,pads,toe-point,3.896,74.2,1,0,1,0,0,37.556,51.1,0.0,0,tibia_distal,0.509,
178,steep,top,leaning_backward,longitudinal,on_feet_leaning,foot_slip,pads,feet-first-stiff,3.094,58.7,1,0,1,1,0,38.027,70.5,0.0,0,tibia_distal,0.482,
179,vertical,top,vertical,without,standing_on_feet,dyno,pads,feet-first-stiff,4.002,82.8,1,1,0,0,1,48.236,65.9,0.0,0,tibia_distal,0.636,
180,vertical,bottom,vertical,longitudinal,standing_on_feet,missed_hold,pads,feet-first-stiff,1.172,72.3,1,0,0,0,0,22.885,33.5,0.0,0,tibia_distal,0.286,
181,corner,bottom,vertical,antero_posterior,head_first,missed_hold,pads,head-first,1.47,81.1,1,0,0,0,0,11.453,16.9,0.0,0,tibia_distal,0.161,
182,corner,middle,vertical,without,standing_on_feet,dyno,pads,feet-first-stiff,2.922,69.3,1,1,0,0,1,40.018,62.4,0.0,0,tibia_distal,0.505,
183,vertical,top,leaning_forward,front_transverse,standing_on_feet,foot_slip,pads,controlled-drop,3.851,66.2,1,0,0,0,0,31.012,46.3,0.0,0,tibia_distal,0.36,
184,steep,top,vertical,antero_posterior,on_feet_leaning,dyno,pads,toe-point,3.878,40.5,1,0,1,0,0,26.758,68.5,0.0,0,tibia_distal,0.371,
185,vertical,bottom,vertical,without,on_feet_leaning,dyno,pads,toe-point,0.884,77.6,1,1,1,0,0,19.179,24.6,0.0,0,tibia_distal,0.261,
186,roof_overhang,middle,leaning_backward,longitudinal,on_feet_leaning,downclimbing_trouble,pads,one-leg-awkward,1.915,63.8,1,0,1,1,0,29.661,48.5,0.0,0,tibia_distal,0.398,
187,steep,bottom,vertical,longitudinal,standing_on_feet,other,pads,feet-first-stiff,1.425,93.8,1,0,0,0,0,32.095,37.2,0.0,0,tibia_distal,0.411,
188,vertical,middle,leaning_backward,longitudinal,head_first,missed_hold,pads,head-first,2.741,59.8,1,0,0,1,0,13.176,35.6,0.0,0,tibia_distal,0.186,
189,corner,middle,vertical,longitudinal,on_feet_leaning,dyno,pads,one-leg-awkward,1.992,100.2,1,0,1,0,0,40.233,40.8,0.0,0,tibia_distal,0.528,
190,slab,bottom,leaning_forward,without,standing_on_feet,foot_slip,pads,feet-first-stiff,1.358,62.7,1,1,0,0,1,22.692,38.5,0.0,0,tibia_distal,0.284,
191,vertical,top,leaning_backward,multiple,standing_on_feet,hands_let_go,pads,feet-first-stiff,3.35,55.0,1,0,0,1,0,38.218,75.6,0.0,0,tibia_distal,0.484,
192,vertical,bottom,vertical,without,on_feet_leaning,foot_slip,pads,feet-first-stiff,1.106,71.0,1,1,1,0,0,21.633,32.0,0.0,0,tibia_distal,0.269,
193,roof_overhang,bottom,vertical,antero_posterior,on_feet_leaning,dyno,pads,one-leg-awkward,1.025,58.2,1,0,1,0,0,17.433,30.3,0.0,0,tibia_distal,0.23,
194,steep,bottom,vertical,antero_posterior,on_feet_leaning,foot_slip,between_2_pads,one-leg-awkward,0.543,61.7,0,0,1,0,0,16.851,29.4,0.0,0,tibia_distal,0.237,
195,vertical,middle,vertical,without,on_feet_leaning,missed_hold,pads,feet-first-stiff,2.181,50.4,1,1,1,0,0,26.888,58.1,0.0,0,tibia_distal,0.342,
196,slab,top,leaning_forward,without,standing_on_feet,route_finish,pads,controlled-drop,4.349,58.9,1,1,0,0,1,30.748,52.1,0.0,0,tibia_distal,0.359,
197,steep,bottom,vertical,without,on_feet_leaning,dyno,pads,toe-point,1.213,68.3,1,1,1,0,0,20.681,30.7,0.0,0,tibia_distal,0.285,
198,corner,top,vertical,without,standing_on_feet,foot_slip,pads,feet-first-stiff,4.269,57.5,1,1,0,0,1,43.076,82.2,0.0,0,tibia_distal,0.55,
199,roof_overhang,middle,vertical,without,back_or_front_to_pad,missed_hold,pads,flat-flop,1.581,81.1,1,1,0,0,1,34.751,56.0,0.0,0,calcaneus,0.129,
200,steep,top,vertical,front_transverse,on_feet_leaning,foot_slip,pads,one-leg-awkward,3.56,74.8,1,0,1,0,0,43.612,61.2,0.0,0,tibia_distal,0.587,
201,steep,top,leaning_backward,multiple,on_buttocks,foot_slip,between_pads_and_wall,butt-impact,4.006,59.8,0,0,0,1,0,74.84,103.5,0.0,0,tibia_distal,0.319,
202,vertical,top,vertical,longitudinal,on_feet_leaning,missed_hold,pads,feet-first-stiff,3.032,53.8,1,0,1,0,0,35.649,73.7,0.0,0,tibia_distal,0.462,
203,steep,middle,vertical,longitudinal,on_feet_leaning,missed_hold,between_pads_and_wall,one-leg-awkward,2.355,48.1,0,0,1,0,0,33.478,76.3,0.0,0,tibia_distal,0.469,
204,slab,bottom,vertical,antero_posterior,on_feet_leaning,route_finish,pads,feet-first-stiff,1.246,75.9,1,0,1,0,0,24.833,34.9,0.0,0,tibia_distal,0.313,
205,vertical,top,leaning_forward,without,standing_on_feet,route_finish,pads,feet-first-stiff,3.26,70.7,1,1,0,0,1,42.139,65.0,0.0,0,tibia_distal,0.536,
206,vertical,top,leaning_forward,antero_posterior,on_feet_leaning,downclimbing_trouble,pads,toe-point,3.391,72.1,1,0,1,0,0,34.548,47.9,0.0,0,tibia_distal,0.464,
207,vertical,top,leaning_forward,antero_posterior,head_first,balance_loss,pads,head-first,3.639,57.7,1,0,0,0,0,15.04,53.0,0.0,0,tibia_distal,0.212,
208,roof_overhang,top,vertical,longitudinal,standing_on_feet,foot_slip,pads,feet-first-stiff,3.783,56.3,1,0,0,0,0,40.686,78.4,0.0,0,tibia_distal,0.514,
209,slab,top,vertical,longitudinal,on_feet_leaning,foot_slip,pads,toe-point,4.451,82.3,1,0,1,0,0,42.325,52.5,0.0,0,tibia_distal,0.58,
210,vertical,top,vertical,multiple,on_feet_leaning,missed_hold,pads,feet-first-stiff,3.09,57.5,1,0,1,0,0,37.594,71.5,0.0,0,tibia_distal,0.479,
211,vertical,top,leaning_backward,longitudinal,standing_on_feet,dyno,pads,feet-first-stiff,3.578,63.8,1,0,0,1,0,41.929,71.6,0.0,0,tibia_distal,0.532,
212,vertical,bottom,vertical,longitudinal,on_feet_leaning,foot_slip,pads,one-leg-awkward,0.956,80.6,1,0,1,0,0,21.782,27.3,0.0,0,tibia_distal,0.288,
213,vertical,middle,vertical,front_transverse,standing_on_feet,hands_let_go,pads,controlled-drop,2.798,77.4,1,0,0,0,0,27.71,36.3,0.0,0,tibia_distal,0.331,
214,vertical,bottom,leaning_backward,longitudinal,on_buttocks,hands_let_go,pads,butt-impact,1.017,51.9,1,0,0,1,0,11.01,30.6,0.0,0,tibia_distal,0.115,
215,steep,top,vertical,front_transverse,standing_on_feet,foot_slip,pads,feet-first-stiff,3.158,81.8,1,0,0,0,0,44.099,59.4,0.0,0,tibia_distal,0.568,
216,roof_overhang,top,vertical,without,standing_on_feet,missed_hold,pads,feet-first-stiff,3.992,63.2,1,1,0,0,1,43.568,75.8,0.0,0,tibia_distal,0.558,
217,steep,top,leaning_backward,without,standing_on_feet,missed_hold,pads,feet-first-stiff,4.068,52.4,1,1,0,1,0,40.664,84.2,0.0,0,tibia_distal,0.513,
218,slab,top,vertical,multiple,standing_on_feet,missed_hold,pads,controlled-drop,3.855,80.8,1,0,0,0,0,37.154,42.5,0.0,0,tibia_distal,0.404,
219,vertical,top,vertical,multiple,on_feet_leaning,dyno,pads,toe-point,3.597,58.8,1,0,1,0,0,31.822,53.9,0.0,0,tibia_distal,0.425,
220,vertical,top,leaning_forward,without,head_first,foot_slip,pads,head-first,4.154,59.7,1,1,0,0,1,16.511,64.4,0.0,0,tibia_distal,0.233,
221,steep,top,leaning_forward,longitudinal,standing_on_feet,other,pads,controlled-drop,3.388,61.2,1,0,0,0,0,26.119,44.5,0.0,0,tibia_distal,0.32,
222,vertical,middle,leaning_backward,longitudinal,standing_on_feet,foot_slip,pads,controlled-drop,2.201,75.4,1,0,0,1,0,22.464,31.8,0.0,0,tibia_distal,0.284,
223,slab,middle,vertical,longitudinal,standing_on_feet,dyno,pads,feet-first-stiff,2.0,67.2,1,0,0,0,0,31.494,51.4,0.0,0,tibia_distal,0.404,
224,vertical,top,leaning_forward,without,on_feet_leaning,foot_slip,pads,one-leg-awkward,4.15,93.2,1,1,1,0,0,50.775,56.7,0.0,0,tibia_distal,0.677,
225,steep,bottom,vertical,longitudinal,on_feet_leaning,balance_loss,pads,feet-first-stiff,1.29,77.2,1,0,1,0,0,25.781,35.7,0.0,0,tibia_distal,0.326,
226,steep,top,vertical,longitudinal,head_first,route_finish,pads,head-first,4.3,56.1,1,0,0,0,0,16.201,65.9,0.0,0,tibia_distal,0.228,
227,steep,middle,vertical,longitudinal,on_feet_leaning,dyno,pads,toe-point,2.904,83.1,1,0,1,0,0,34.614,41.4,0.0,0,tibia_distal,0.465,
228,steep,middle,leaning_backward,back_transverse,on_feet_leaning,foot_slip,pads,feet-first-stiff,1.757,43.7,1,0,1,1,0,20.556,49.9,0.0,0,tibia_distal,0.256,
229,vertical,bottom,leaning_backward,multiple,head_first,dyno,pads,head-first,1.454,62.9,1,0,0,1,0,9.754,18.8,0.0,0,tibia_distal,0.136,
230,vertical,top,vertical,longitudinal,standing_on_feet,foot_slip,pads,feet-first-stiff,3.535,74.0,1,0,0,0,0,44.257,66.0,0.0,0,tibia_distal,0.57,
231,slab,top,leaning_backward,antero_posterior,head_first,foot_slip,pads,head-first,3.891,82.5,1,0,0,1,0,19.806,66.0,0.0,0,tibia_distal,0.272,
232,corner,top,leaning_backward,longitudinal,on_buttocks,dyno,pads,butt-impact,4.446,68.6,1,0,0,1,0,45.171,98.5,0.0,0,tibia_distal,0.479,
233,roof_overhang,bottom,leaning_forward,antero_posterior,head_first,dyno,between_pads_and_wall,head-first,1.065,92.0,0,0,0,0,0,13.461,108.0,0.0,0,tibia_distal,0.164,
234,corner,middle,vertical,without,on_feet_leaning,other,pads,one-leg-awkward,2.467,62.1,1,1,1,0,0,34.737,58.6,0.0,0,tibia_distal,0.466,
235,vertical,bottom,vertical,without,standing_on_feet,route_finish,pads,controlled-drop,0.69,73.8,1,1,0,0,1,10.214,15.5,0.0,0,tibia_distal,0.139,
236,vertical,top,leaning_backward,longitudinal,on_buttocks,hands_let_go,pads,butt-impact,3.11,86.1,1,0,0,1,0,40.352,73.2,0.0,0,tibia_distal,0.448,
237,slab,bottom,vertical,longitudinal,on_buttocks,route_finish,pads,butt-impact,1.093,63.8,1,0,0,0,0,13.34,29.8,0.0,0,tibia_distal,0.138,
238,steep,top,vertical,longitudinal,on_feet_leaning,dyno,pads,one-leg-awkward,4.121,66.5,1,0,1,0,0,43.911,69.6,0.0,0,tibia_distal,0.592,
239,vertical,middle,vertical,without,back_or_front_to_pad,other,pads,flat-flop,2.609,70.1,1,1,0,0,1,46.72,87.3,0.0,0,calcaneus,0.173,
240,roof_overhang,bottom,vertical,multiple,on_buttocks,balance_loss,pads,butt-impact,1.153,60.0,1,0,0,0,0,13.246,31.5,0.0,0,tibia_distal,0.136,
241,corner,top,vertical,without,on_feet_leaning,dyno,pads,feet-first-stiff,3.432,57.7,1,1,1,0,0,39.487,74.1,0.0,0,tibia_distal,0.498,
242,steep,bottom,vertical,longitudinal,on_feet_leaning,missed_hold,pads,toe-point,1.323,75.7,1,0,1,0,0,22.125,30.4,0.0,0,tibia_distal,0.314,
243,slab,top,leaning_backward,antero_posterior,back_or_front_to_pad,dyno,pads,flat-flop,3.278,65.2,1,0,0,1,0,53.505,107.2,0.0,0,calcaneus,0.198,
244,steep,bottom,leaning_backward,longitudinal,on_feet_leaning,missed_hold,pads,feet-first-stiff,0.788,55.5,1,0,1,1,0,13.646,24.7,0.0,0,tibia_distal,0.164,
245,steep,top,vertical,without,standing_on_feet,downclimbing_trouble,pads,controlled-drop,3.844,64.9,1,1,0,0,1,30.427,46.7,0.0,0,tibia_distal,0.355,
246,steep,top,leaning_forward,longitudinal,standing_on_feet,other,pads,feet-first-stiff,3.842,67.0,1,0,0,0,0,43.92,72.3,0.0,0,tibia_distal,0.564,
247,slab,middle,vertical,without,head_first,missed_hold,pads,head-first,1.681,59.6,1,1,0,0,1,10.179,20.5,0.0,0,tibia_distal,0.142,
248,vertical,top,vertical,antero_posterior,standing_on_feet,route_finish,pads,feet-first-stiff,4.159,63.3,1,0,0,0,0,44.27,77.3,0.0,0,tibia_distal,0.569,
249,slab,middle,vertical,multiple,head_first,missed_hold,pads,head-first,1.687,78.6,1,0,0,0,0,12.028,19.4,0.0,0,tibia_distal,0.17,
250,steep,middle,vertical,without,standing_on_feet,dyno,pads,feet-first-stiff,2.513,58.4,1,1,0,0,1,33.25,62.9,0.0,0,tibia_distal,0.429,
251,steep,bottom,vertical,antero_posterior,on_feet_leaning,dyno,pads,toe-point,1.327,44.1,1,0,1,0,0,16.287,37.6,0.0,0,tibia_distal,0.224,
252,corner,middle,vertical,front_transverse,standing_on_feet,route_finish,pads,controlled-drop,1.648,74.1,1,0,0,0,0,18.146,26.7,0.0,0,tibia_distal,0.236,
253,steep,top,leaning_backward,without,on_feet_leaning,foot_slip,pads,toe-point,3.787,56.4,1,1,1,1,0,31.899,56.4,0.0,0,tibia_distal,0.427,
254,steep,middle,vertical,longitudinal,standing_on_feet,route_finish,pads,feet-first-stiff,2.209,52.1,1,0,0,0,0,27.818,58.3,0.0,0,tibia_distal,0.355,
255,roof_overhang,top,vertical,longitudinal,on_feet_leaning,dyno,pads,toe-point,3.32,56.8,1,0,1,0,0,29.951,52.7,0.0,0,tibia_distal,0.402,
256,vertical,top,vertical,without,standing_on_feet,foot_slip,pads,feet-first-stiff,4.053,56.9,1,1,0,0,1,42.034,80.6,0.0,0,tibia_distal,0.534,
257,steep,top,vertical,without,on_feet_leaning,dyno,between_pads_and_wall,feet-first-stiff,3.536,86.5,0,1,1,0,0,50.587,64.0,0.0,0,tibia_distal,0.647,
258,slab,top,vertical,longitudinal,on_feet_leaning,route_finish,pads,one-leg-awkward,3.775,66.4,1,0,1,0,0,42.852,67.3,0.0,0,tibia_distal,0.572,
259,roof_overhang,bottom,vertical,without,on_feet_leaning,foot_slip,pads,one-leg-awkward,0.815,84.4,1,1,1,0,0,20.176,24.0,0.0,0,tibia_distal,0.266,
260,steep,middle,vertical,longitudinal,head_first,missed_hold,pads,head-first,2.749,64.1,1,0,0,0,0,13.753,37.1,0.0,0,tibia_distal,0.195,
261,vertical,top,vertical,back_transverse,head_first,foot_slip,pads,head-first,3.783,79.3,1,0,0,0,0,18.901,62.9,0.0,0,tibia_distal,0.262,
262,steep,middle,leaning_backward,back_transverse,on_feet_leaning,dyno,pads,one-leg-awkward,2.138,93.2,1,0,1,1,0,40.124,43.8,0.0,0,tibia_distal,0.526,
263,vertical,bottom,vertical,antero_posterior,on_feet_leaning,dyno,pads,toe-point,1.107,84.5,1,0,1,0,0,21.743,26.5,0.0,0,tibia_distal,0.306,
264,vertical,top,vertical,without,on_feet_leaning,dyno,pads,one-leg-awkward,3.914,75.0,1,1,1,0,0,44.71,63.5,0.0,0,tibia_distal,0.609,
265,slab,top,vertical,without,on_feet_leaning,route_finish,pads,one-leg-awkward,4.247,79.0,1,1,1,0,0,46.489,63.4,0.0,0,tibia_distal,0.641,
266,slab,middle,vertical,without,on_feet_leaning,foot_slip,pads,toe-point,2.043,68.9,1,1,1,0,0,26.081,38.7,0.0,0,tibia_distal,0.36,
267,vertical,middle,vertical,longitudinal,on_buttocks,dyno,pads,butt-impact,2.292,56.8,1,0,0,0,0,21.602,62.8,0.0,0,tibia_distal,0.254,
268,vertical,top,leaning_forward,without,standing_on_feet,dyno,pads,controlled-drop,4.115,57.4,1,1,0,0,1,28.77,51.0,0.0,0,tibia_distal,0.343,
269,slab,top,leaning_backward,longitudinal,standing_on_feet,dyno,pads,feet-first-stiff,3.794,58.5,1,0,0,1,0,41.41,77.0,0.0,0,tibia_distal,0.524,
270,vertical,middle,vertical,antero_posterior,head_first,foot_slip,pads,head-first,2.433,69.4,1,0,0,0,0,13.513,32.2,0.0,0,tibia_distal,0.192,
271,steep,top,vertical,without,on_feet_leaning,dyno,pads,one-leg-awkward,3.863,60.0,1,1,1,0,0,41.835,72.1,0.0,0,tibia_distal,0.553,
272,steep,top,vertical,without,back_or_front_to_pad,dyno,pads,flat-flop,3.74,75.5,1,1,0,0,1,69.069,120.4,0.0,0,calcaneus,0.256,
273,steep,top,vertical,longitudinal,back_or_front_to_pad,foot_slip,pads,flat-flop,3.652,59.5,1,0,0,0,0,54.218,118.7,0.0,0,calcaneus,0.201,
274,slab,top,vertical,longitudinal,on_buttocks,foot_slip,pads,butt-impact,3.762,41.3,1,0,0,0,0,25.051,96.8,0.0,0,tibia_distal,0.283,
275,vertical,top,vertical,longitudinal,on_feet_leaning,foot_slip,pads,one-leg-awkward,3.319,74.6,1,0,1,0,0,42.765,59.7,0.0,0,tibia_distal,0.571,
276,steep,bottom,vertical,antero_posterior,on_feet_leaning,missed_hold,pads,one-leg-awkward,1.231,41.9,1,0,1,0,0,15.137,36.7,0.0,0,tibia_distal,0.199,
277,steep,top,leaning_backward,without,standing_on_feet,dyno,pads,controlled-drop,3.533,94.0,1,1,0,1,0,39.754,37.9,0.0,0,tibia_distal,0.42,
278,steep,bottom,leaning_backward,longitudinal,standing_on_feet,foot_slip,pads,controlled-drop,0.535,55.7,1,0,0,1,0,7.037,13.7,0.0,0,tibia_distal,0.094,
279,steep,bottom,vertical,longitudinal,on_feet_leaning,dyno,pads,feet-first-stiff,1.114,55.5,1,0,1,0,0,17.747,33.0,0.0,0,tibia_distal,0.217,
280,vertical,top,leaning_backward,without,on_feet_leaning,route_finish,pads,one-leg-awkward,4.095,50.8,1,1,1,1,0,40.232,81.2,0.0,0,tibia_distal,0.527,
281,vertical,middle,vertical,without,standing_on_feet,missed_hold,pads,controlled-drop,2.247,67.4,1,1,0,0,1,20.757,33.5,0.0,0,tibia_distal,0.267,
282,vertical,middle,vertical,longitudinal,on_feet_leaning,missed_hold,pads,feet-first-stiff,2.473,58.7,1,0,1,0,0,33.015,62.1,0.0,0,tibia_distal,0.425,
283,vertical,middle,vertical,antero_posterior,standing_on_feet,foot_slip,pads,feet-first-stiff,2.401,63.6,1,0,0,0,0,34.328,59.7,0.0,0,tibia_distal,0.443,
284,steep,top,leaning_forward,longitudinal,standing_on_feet,missed_hold,pads,feet-first-stiff,3.041,72.7,1,0,0,0,0,41.486,62.0,0.0,0,tibia_distal,0.526,
285,vertical,middle,vertical,without,on_feet_leaning,other,pads,toe-point,2.898,57.9,1,1,1,0,0,28.275,49.3,0.0,0,tibia_distal,0.384,
286,vertical,top,leaning_backward,longitudinal,on_feet_leaning,foot_slip,between_pads_and_wall,feet-first-stiff,3.743,78.4,0,0,1,1,0,49.238,69.6,0.0,0,tibia_distal,0.636,
287,steep,middle,leaning_backward,antero_posterior,on_feet_leaning,other,pads,feet-first-stiff,2.786,51.5,1,0,1,1,0,32.541,69.8,0.0,0,tibia_distal,0.419,
288,steep,top,vertical,longitudinal,on_feet_leaning,dyno,pads,toe-point,4.171,94.4,1,0,1,0,0,43.771,47.6,0.0,0,tibia_distal,0.605,
289,vertical,bottom,leaning_backward,back_transverse,on_feet_leaning,foot_slip,pads,one-leg-awkward,0.947,52.4,1,0,1,1,0,14.975,28.9,0.0,0,tibia_distal,0.197,
290,slab,top,vertical,longitudinal,on_feet_leaning,foot_slip,pads,feet-first-stiff,4.164,71.1,1,0,1,0,0,46.294,72.7,0.0,0,tibia_distal,0.603,
291,slab,middle,vertical,without,on_feet_leaning,dyno,pads,one-leg-awkward,2.759,63.0,1,1,1,0,0,37.384,60.5,0.0,0,tibia_distal,0.488,
292,steep,top,vertical,without,back_or_front_to_pad,dyno,pads,flat-flop,3.219,57.5,1,1,0,0,1,46.909,106.7,0.0,0,calcaneus,0.174,
293,slab,top,vertical,longitudinal,standing_on_feet,missed_hold,pads,controlled-drop,4.318,66.4,1,0,0,0,0,34.068,49.3,0.0,0,tibia_distal,0.383,
294,vertical,middle,vertical,without,on_feet_leaning,missed_hold,between_2_pads,one-leg-awkward,2.616,80.3,0,1,1,0,0,44.535,55.9,0.0,0,tibia_distal,0.577,
295,slab,top,leaning_forward,antero_posterior,on_feet_leaning,missed_hold,pads,one-leg-awkward,3.121,80.9,1,0,1,0,0,43.027,55.5,0.0,0,tibia_distal,0.576,
296,steep,top,vertical,longitudinal,on_feet_leaning,missed_hold,pads,feet-first-stiff,4.364,82.7,1,0,1,0,0,49.726,68.5,0.0,0,tibia_distal,0.661,
297,corner,top,leaning_backward,longitudinal,head_first,foot_slip,pads,head-first,3.633,84.2,1,0,0,1,0,19.296,60.9,0.0,0,tibia_distal,0.265,
298,corner,top,vertical,longitudinal,standing_on_feet,foot_slip,pads,feet-first-stiff,3.444,56.1,1,0,0,0,0,39.036,75.4,0.0,0,tibia_distal,0.492,
299,vertical,bottom,vertical,without,on_feet_leaning,missed_hold,pads,one-leg-awkward,0.709,66.8,1,1,1,0,0,14.891,22.3,0.0,0,tibia_distal,0.196,
300,vertical,middle,vertical,antero_posterior,on_feet_leaning,dyno,pads,one-leg-awkward,1.741,69.5,1,0,1,0,0,29.596,44.4,0.0,0,tibia_distal,0.397,
301,vertical,top,vertical,antero_posterior,on_feet_leaning,foot_slip,pads,toe-point,3.779,66.0,1,0,1,0,0,34.762,52.8,0.0,0,tibia_distal,0.468,
302,steep,top,leaning_backward,without,head_first,dyno,pads,head-first,4.203,75.4,1,1,0,1,0,19.39,70.8,0.0,0,tibia_distal,0.268,
303,roof_overhang,top,vertical,without,on_feet_leaning,other,pads,feet-first-stiff,3.07,62.9,1,1,1,0,0,39.143,67.3,0.0,0,tibia_distal,0.494,
304,slab,middle,leaning_backward,multiple,on_feet_leaning,foot_slip,pads,one-leg-awkward,2.25,99.1,1,0,1,1,0,41.692,43.2,0.0,0,tibia_distal,0.552,
305,roof_overhang,middle,leaning_backward,without,head_first,missed_hold,pads,head-first,1.599,83.3,1,1,0,1,0,12.116,18.5,0.0,0,tibia_distal,0.172,
306,slab,top,leaning_backward,longitudinal,standing_on_feet,dyno,pads,feet-first-stiff,4.231,55.6,1,0,0,1,0,42.349,83.2,0.0,0,tibia_distal,0.538,
307,steep,bottom,vertical,back_transverse,on_feet_leaning,foot_slip,pads,feet-first-stiff,0.903,57.9,1,0,1,0,0,15.71,27.5,0.0,0,tibia_distal,0.19,
308,slab,middle,vertical,without,on_feet_leaning,foot_slip,between_pads_and_wall,one-leg-awkward,1.64,50.6,0,1,1,0,0,28.044,61.2,0.0,0,tibia_distal,0.397,
309,vertical,top,leaning_forward,longitudinal,standing_on_feet,foot_slip,pads,controlled-drop,4.177,65.9,1,0,0,0,0,32.938,48.5,0.0,0,tibia_distal,0.375,
310,roof_overhang,middle,vertical,multiple,standing_on_feet,other,pads,feet-first-stiff,1.991,66.9,1,0,0,0,0,31.289,51.3,0.0,0,tibia_distal,0.402,
311,steep,middle,leaning_backward,without,head_first,foot_slip,pads,head-first,1.715,60.9,1,1,0,1,0,10.419,20.5,0.0,0,tibia_distal,0.145,
312,vertical,middle,vertical,antero_posterior,head_first,foot_slip,pads,head-first,2.673,54.3,1,0,0,0,0,12.283,32.6,0.0,0,tibia_distal,0.173,
313,steep,top,vertical,back_transverse,on_feet_leaning,other,pads,one-leg-awkward,3.721,70.4,1,0,1,0,0,43.394,64.7,0.0,0,tibia_distal,0.583,
314,vertical,middle,vertical,longitudinal,on_feet_leaning,missed_hold,pads,one-leg-awkward,2.386,68.8,1,0,1,0,0,36.379,54.1,0.0,0,tibia_distal,0.477,
315,vertical,top,vertical,without,standing_on_feet,other,pads,controlled-drop,3.319,62.0,1,1,0,0,1,25.986,43.7,0.0,0,tibia_distal,0.319,
316,steep,top,vertical,front_transverse,on_feet_leaning,downclimbing_trouble,pads,feet-first-stiff,3.176,71.7,1,0,1,0,0,41.953,63.7,0.0,0,tibia_distal,0.533,
317,steep,top,leaning_forward,longitudinal,on_feet_leaning,missed_hold,pads,toe-point,4.454,70.9,1,0,1,0,0,39.143,56.0,0.0,0,tibia_distal,0.533,
318,vertical,middle,vertical,without,standing_on_feet,dyno,pads,controlled-drop,2.777,55.4,1,1,0,0,1,20.564,40.9,0.0,0,tibia_distal,0.267,
319,corner,top,leaning_backward,front_transverse,on_feet_leaning,dyno,pads,toe-point,4.389,55.4,1,0,1,1,0,34.04,61.8,0.0,0,tibia_distal,0.458,
320,vertical,middle,vertical,without,standing_on_feet,foot_slip,pads,feet-first-stiff,1.743,58.4,1,1,0,0,1,25.652,47.5,0.0,0,tibia_distal,0.325,
321,vertical,bottom,vertical,longitudinal,standing_on_feet,dyno,between_2_pads,controlled-drop,0.905,54.4,0,0,0,0,0,16.0,25.7,0.0,0,tibia_distal,0.167,
322,corner,middle,leaning_backward,back_transverse,back_or_front_to_pad,missed_hold,pads,flat-flop,2.722,56.0,1,0,0,1,0,39.634,93.2,0.0,0,calcaneus,0.147,
323,steep,top,leaning_forward,longitudinal,on_feet_leaning,foot_slip,pads,one-leg-awkward,3.156,86.5,1,0,1,0,0,43.948,53.5,0.0,0,tibia_distal,0.595,
324,steep,top,vertical,antero_posterior,head_first,foot_slip,pads,head-first,4.305,69.7,1,0,0,0,0,18.535,71.2,0.0,0,tibia_distal,0.259,
325,vertical,top,vertical,longitudinal,on_feet_leaning,foot_slip,pads,toe-point,4.176,44.9,1,0,1,0,0,29.494,66.5,0.0,0,tibia_distal,0.399,
326,steep,top,leaning_backward,longitudinal,standing_on_feet,dyno,pads,feet-first-stiff,3.163,77.2,1,0,0,1,0,43.144,61.2,0.0,0,tibia_distal,0.552,
327,vertical,bottom,vertical,without,on_feet_leaning,missed_hold,pads,one-leg-awkward,0.97,78.3,1,1,1,0,0,21.488,27.7,0.0,0,tibia_distal,0.284,
328,roof_overhang,middle,leaning_backward,without,head_first,foot_slip,pads,head-first,2.56,79.1,1,1,0,1,0,15.017,37.0,0.0,0,tibia_distal,0.213,
329,vertical,top,vertical,longitudinal,on_feet_leaning,foot_slip,pads,one-leg-awkward,4.444,80.1,1,0,1,0,0,48.076,63.9,0.0,0,tibia_distal,0.655,
330,vertical,middle,vertical,longitudinal,standing_on_feet,foot_slip,pads,feet-first-stiff,2.79,58.4,1,0,0,0,0,35.736,68.0,0.0,0,tibia_distal,0.462,
331,steep,top,leaning_forward,longitudinal,on_feet_leaning,missed_hold,pads,one-leg-awkward,3.796,61.1,1,0,1,0,0,41.854,70.9,0.0,0,tibia_distal,0.554,
332,slab,top,vertical,longitudinal,standing_on_feet,dyno,pads,controlled-drop,3.961,97.8,1,0,0,0,0,45.063,39.5,0.0,0,tibia_distal,0.456,
333,vertical,top,vertical,longitudinal,head_first,other,pads,head-first,4.059,58.2,1,0,0,0,0,16.046,61.8,0.0,0,tibia_distal,0.226,
334,vertical,bottom,vertical,longitudinal,standing_on_feet,dyno,pads,feet-first-stiff,0.769,94.4,1,0,0,0,0,21.09,23.0,0.0,0,tibia_distal,0.26,
335,vertical,bottom,vertical,without,on_feet_leaning,foot_slip,pads,one-leg-awkward,0.594,77.4,1,1,1,0,0,14.874,19.1,0.0,0,tibia_distal,0.196,
336,corner,top,leaning_backward,without,on_feet_leaning,missed_hold,pads,one-leg-awkward,3.858,74.8,1,1,1,1,0,44.518,63.2,0.0,0,tibia_distal,0.606,
337,steep,bottom,leaning_backward,without,head_first,foot_slip,pads,head-first,1.216,68.5,1,1,0,1,0,9.374,16.7,0.0,0,tibia_distal,0.13,
338,vertical,top,vertical,longitudinal,on_feet_leaning,dyno,pads,feet-first-stiff,3.213,65.5,1,0,1,0,0,40.589,67.2,0.0,0,tibia_distal,0.513,
339,roof_overhang,top,leaning_backward,longitudinal,on_feet_leaning,foot_slip,pads,toe-point,4.26,57.6,1,0,1,1,0,34.235,59.8,0.0,0,tibia_distal,0.461,
340,vertical,middle,vertical,without,standing_on_feet,foot_slip,pads,feet-first-stiff,2.459,89.5,1,1,0,0,1,41.584,50.4,0.0,0,tibia_distal,0.528,
341,vertical,top,vertical,without,head_first,dyno,pads,head-first,3.644,65.9,1,1,0,0,1,16.311,56.0,0.0,0,tibia_distal,0.23,
342,slab,bottom,vertical,longitudinal,standing_on_feet,dyno,pads,feet-first-stiff,1.306,63.1,1,0,0,0,0,22.168,37.2,0.0,0,tibia_distal,0.277,
343,steep,middle,vertical,without,standing_on_feet,foot_slip,pads,controlled-drop,2.405,54.4,1,1,0,0,1,18.392,37.6,0.0,0,tibia_distal,0.241,
344,vertical,top,vertical,multiple,head_first,missed_hold,pads,head-first,4.049,65.0,1,0,0,0,0,17.135,64.2,0.0,0,tibia_distal,0.241,
345,steep,top,leaning_backward,longitudinal,head_first,foot_slip,pads,head-first,3.65,65.9,1,0,0,1,0,16.312,56.1,0.0,0,tibia_distal,0.23,
346,corner,top,leaning_backward,without,on_feet_leaning,foot_slip,pads,toe-point,3.995,62.3,1,1,1,1,0,34.623,55.8,0.0,0,tibia_distal,0.466,
347,steep,middle,vertical,back_transverse,on_feet_leaning,missed_hold,pads,toe-point,2.985,63.3,1,0,1,0,0,30.159,47.4,0.0,0,tibia_distal,0.403,
348,vertical,top,vertical,multiple,on_feet_leaning,dyno,pads,toe-point,3.946,75.1,1,0,1,0,0,38.046,51.2,0.0,0,tibia_distal,0.516,
349,vertical,middle,vertical,front_transverse,on_feet_leaning,dyno,pads,feet-first-stiff,1.954,60.3,1,0,1,0,0,28.524,51.6,0.0,0,tibia_distal,0.364,
350,steep,top,leaning_backward,multiple,on_buttocks,foot_slip,pads,butt-impact,4.057,61.8,1,0,0,1,0,37.982,95.3,0.0,0,tibia_distal,0.417,
351,vertical,top,vertical,without,head_first,balance_loss,pads,head-first,4.141,103.3,1,1,0,0,1,29.255,75.8,0.0,0,tibia_distal,0.358,
352,roof_overhang,middle,vertical,longitudinal,standing_on_feet,hands_let_go,pads,controlled-drop,2.102,85.8,1,0,0,0,0,24.288,29.5,0.0,0,tibia_distal,0.301,
353,vertical,middle,vertical,without,standing_on_feet,foot_slip,between_pads_and_wall,feet-first-stiff,2.872,77.9,0,1,0,0,1,44.478,63.3,0.0,0,tibia_distal,0.576,
354,vertical,top,vertical,longitudinal,on_feet_leaning,hands_let_go,pads,one-leg-awkward,3.271,59.7,1,0,1,0,0,39.373,67.3,0.0,0,tibia_distal,0.514,
355,roof_overhang,middle,vertical,longitudinal,standing_on_feet,route_finish,pads,controlled-drop,2.715,55.8,1,0,0,0,0,20.347,40.3,0.0,0,tibia_distal,0.264,
356,vertical,middle,leaning_backward,without,standing_on_feet,missed_hold,pads,controlled-drop,1.702,51.4,1,1,0,1,0,13.815,30.8,0.0,0,tibia_distal,0.188,
357,roof_overhang,middle,vertical,without,back_or_front_to_pad,foot_slip,pads,flat-flop,2.986,65.2,1,1,0,0,1,49.259,98.7,0.0,0,calcaneus,0.182,
358,vertical,top,vertical,without,standing_on_feet,hands_let_go,pads,feet-first-stiff,3.208,61.4,1,1,0,0,1,39.436,69.5,0.0,0,tibia_distal,0.497,
359,vertical,middle,vertical,without,on_feet_leaning,dyno,pads,one-leg-awkward,2.408,83.1,1,1,1,0,0,40.052,49.1,0.0,0,tibia_distal,0.525,
360,slab,middle,vertical,multiple,head_first,dyno,pads,head-first,1.595,65.7,1,0,0,0,0,10.509,19.2,0.0,0,tibia_distal,0.147,
361,vertical,top,vertical,antero_posterior,standing_on_feet,balance_loss,pads,feet-first-stiff,4.285,58.5,1,0,0,0,0,43.421,81.6,0.0,0,tibia_distal,0.555,
362,steep,middle,vertical,front_transverse,standing_on_feet,route_finish,pads,feet-first-stiff,2.337,68.6,1,0,0,0,0,35.648,57.5,0.0,0,tibia_distal,0.461,
363,steep,bottom,vertical,front_transverse,standing_on_feet,balance_loss,pads,controlled-drop,0.791,59.8,1,0,0,0,0,9.524,17.8,0.0,0,tibia_distal,0.129,
364,roof_overhang,top,leaning_forward,without,on_feet_leaning,foot_slip,pads,one-leg-awkward,3.905,77.1,1,1,1,0,0,45.005,62.3,0.0,0,tibia_distal,0.616,
365,steep,bottom,leaning_backward,without,back_or_front_to_pad,route_finish,pads,flat-flop,0.94,81.5,1,1,0,1,0,23.809,38.0,0.0,0,calcaneus,0.088,
366,steep,middle,vertical,without,on_feet_leaning,hands_let_go,pads,toe-point,1.645,55.3,1,1,1,0,0,21.231,39.5,0.0,0,tibia_distal,0.295,
367,vertical,top,vertical,longitudinal,on_feet_leaning,dyno,between_pads_and_wall,one-leg-awkward,3.123,67.3,0,0,1,0,0,44.45,66.8,0.0,0,tibia_distal,0.575,
368,steep,top,vertical,longitudinal,head_first,foot_slip,bump_into_someone,head-first,3.732,57.6,1,0,0,0,0,15.226,54.9,0.0,0,tibia_distal,0.215,
369,vertical,middle,vertical,without,back_or_front_to_pad,dyno,pads,flat-flop,2.492,51.5,1,1,0,0,1,34.244,86.3,0.0,0,calcaneus,0.127,
370,steep,middle,leaning_forward,antero_posterior,head_first,dyno,pads,head-first,2.214,63.2,1,0,0,0,0,12.172,26.3,0.0,0,tibia_distal,0.172,
371,steep,top,vertical,back_transverse,on_buttocks,missed_hold,between_pads_and_wall,butt-impact,3.493,66.8,0,0,0,0,0,73.685,91.9,0.0,0,tibia_distal,0.305,
372,vertical,middle,vertical,without,standing_on_feet,dyno,pads,feet-first-stiff,2.119,75.2,1,1,0,0,1,35.664,52.4,0.0,0,tibia_distal,0.461,
373,vertical,bottom,leaning_backward,longitudinal,head_first,foot_slip,between_pads_and_wall,head-first,0.7,57.1,0,0,0,1,0,7.992,106.0,0.0,0,tibia_distal,0.101,
374,vertical,middle,leaning_forward,without,standing_on_feet,other,pads,controlled-drop,1.94,58.0,1,1,0,0,1,16.653,32.1,0.0,0,tibia_distal,0.221,
375,steep,middle,leaning_backward,without,on_feet_leaning,foot_slip,pads,feet-first-stiff,2.39,48.6,1,1,1,1,0,27.926,62.8,0.0,0,tibia_distal,0.356,
376,corner,top,leaning_forward,multiple,on_feet_leaning,missed_hold,pads,one-leg-awkward,4.27,45.6,1,0,1,0,0,39.125,87.7,0.0,0,tibia_distal,0.51,
377,steep,top,vertical,multiple,head_first,dyno,pads,head-first,4.454,75.1,1,0,0,0,0,20.002,76.1,0.0,0,tibia_distal,0.276,
378,roof_overhang,top,vertical,without,on_feet_leaning,foot_slip,pads,feet-first-stiff,3.465,58.1,1,1,1,0,0,39.764,74.1,0.0,0,tibia_distal,0.501,
379,vertical,bottom,vertical,longitudinal,on_feet_leaning,balance_loss,pads,feet-first-stiff,0.671,69.8,1,0,1,0,0,14.76,21.1,0.0,0,tibia_distal,0.177,
380,steep,bottom,leaning_backward,longitudinal,on_feet_leaning,missed_hold,pads,one-leg-awkward,0.867,60.8,1,0,1,1,0,15.94,26.4,0.0,0,tibia_distal,0.21,
381,vertical,middle,vertical,longitudinal,head_first,dyno,pads,head-first,2.024,72.7,1,0,0,0,0,12.607,24.8,0.0,0,tibia_distal,0.179,
382,steep,middle,leaning_forward,longitudinal,standing_on_feet,dyno,pads,controlled-drop,2.545,64.2,1,0,0,0,0,21.812,36.8,0.0,0,tibia_distal,0.279,
383,vertical,top,vertical,longitudinal,head_first,dyno,pads,head-first,4.036,55.6,1,0,0,0,0,15.555,60.3,0.0,0,tibia_distal,0.219,
384,vertical,middle,vertical,antero_posterior,on_buttocks,balance_loss,pads,butt-impact,1.869,50.9,1,0,0,0,0,16.73,51.4,0.0,0,tibia_distal,0.187,
385,vertical,middle,leaning_backward,without,on_feet_leaning,foot_slip,pads,feet-first-stiff,1.596,54.9,1,1,1,1,0,22.947,44.7,0.0,0,tibia_distal,0.288,
386,steep,bottom,leaning_backward,antero_posterior,standing_on_feet,other,pads,controlled-drop,1.365,75.8,1,0,0,1,0,16.167,23.6,0.0,0,tibia_distal,0.214,
387,slab,middle,vertical,without,head_first,foot_slip,pads,head-first,2.901,72.9,1,1,0,0,1,15.298,42.6,0.0,0,tibia_distal,0.217,
388,vertical,bottom,leaning_backward,antero_posterior,on_buttocks,balance_loss,pads,butt-impact,0.881,72.2,1,0,0,1,0,12.58,25.1,0.0,0,tibia_distal,0.132,
389,vertical,top,vertical,longitudinal,standing_on_feet,missed_hold,pads,feet-first-stiff,3.353,53.0,1,0,0,0,0,37.499,77.7,0.0,0,tibia_distal,0.479,
390,steep,bottom,vertical,without,standing_on_feet,dyno,pads,feet-first-stiff,0.562,55.0,1,1,0,0,1,10.437,19.0,0.0,0,tibia_distal,0.126,
391,vertical,bottom,vertical,without,back_or_front_to_pad,foot_slip,pads,flat-flop,1.042,63.7,1,1,0,0,1,21.527,44.4,0.0,0,calcaneus,0.08,
392,vertical,top,leaning_backward,without,on_buttocks,foot_slip,pads,butt-impact,3.563,60.7,1,1,0,1,0,33.377,87.4,0.0,0,tibia_distal,0.376,
393,vertical,middle,vertical,antero_posterior,back_or_front_to_pad,foot_slip,pads,flat-flop,2.117,62.4,1,0,0,0,0,35.284,73.7,0.0,0,calcaneus,0.131,
394,vertical,top,vertical,multiple,on_feet_leaning,dyno,pads,toe-point,3.699,79.6,1,0,1,0,0,38.017,48.2,0.0,0,tibia_distal,0.516,
395,vertical,top,leaning_forward,multiple,on_feet_leaning,foot_slip,pads,one-leg-awkward,3.976,68.5,1,0,1,0,0,43.849,67.4,0.0,0,tibia_distal,0.591,
396,vertical,top,leaning_backward,longitudinal,on_feet_leaning,foot_slip,pads,feet-first-stiff,3.451,64.1,1,0,1,1,0,41.411,70.2,0.0,0,tibia_distal,0.525,
397,vertical,top,vertical,longitudinal,on_feet_leaning,downclimbing_trouble,pads,one-leg-awkward,4.087,58.1,1,0,1,0,0,42.132,75.2,0.0,0,tibia_distal,0.558,
398,corner,top,leaning_backward,longitudinal,standing_on_feet,missed_hold,pads,controlled-drop,4.414,68.9,1,0,0,1,0,35.837,49.0,0.0,0,tibia_distal,0.396,
399,slab,bottom,vertical,without,standing_on_feet,hands_let_go,pads,feet-first-stiff,1.468,50.4,1,1,0,0,1,20.175,42.2,0.0,0,tibia_distal,0.25,
400,corner,top,vertical,longitudinal,on_feet_leaning,foot_slip,pads,feet-first-stiff,3.438,82.1,1,0,1,0,0,45.556,61.7,0.0,0,tibia_distal,0.591,
401,steep,middle,vertical,longitudinal,standing_on_feet,route_finish,pads,feet-first-stiff,1.937,66.8,1,0,0,0,0,30.68,50.2,0.0,0,tibia_distal,0.393,
402,roof_overhang,middle,vertical,longitudinal,back_or_front_to_pad,foot_slip,pads,flat-flop,2.176,61.0,1,0,0,0,0,35.387,75.7,0.0,0,calcaneus,0.131,
403,vertical,top,leaning_backward,without,on_feet_leaning,dyno,pads,one-leg-awkward,3.548,55.7,1,1,1,1,0,39.496,72.5,0.0,0,tibia_distal,0.516,
404,steep,middle,leaning_backward,without,on_feet_leaning,hands_let_go,pads,feet-first-stiff,2.791,72.7,1,1,1,1,0,40.09,59.5,0.0,0,tibia_distal,0.506,
405,corner,middle,vertical,longitudinal,on_buttocks,foot_slip,pads,butt-impact,2.491,91.0,1,0,0,0,0,34.955,62.2,0.0,0,tibia_distal,0.403,
406,steep,top,leaning_backward,front_transverse,standing_on_feet,dyno,pads,feet-first-stiff,4.308,86.0,1,0,0,1,0,50.192,66.7,0.0,0,tibia_distal,0.669,
407,steep,top,vertical,without,head_first,dyno,pads,head-first,4.062,68.8,1,1,0,0,1,17.79,65.8,0.0,0,tibia_distal,0.25,
408,steep,middle,vertical,multiple,standing_on_feet,dyno,pads,feet-first-stiff,1.525,74.2,1,0,0,0,0,28.133,41.0,0.0,0,tibia_distal,0.358,
409,vertical,top,leaning_backward,antero_posterior,head_first,foot_slip,pads,head-first,3.547,64.3,1,0,0,1,0,15.822,53.5,0.0,0,tibia_distal,0.223,
410,steep,top,vertical,antero_posterior,standing_on_feet,downclimbing_trouble,pads,feet-first-stiff,3.242,66.0,1,0,0,0,0,40.879,67.1,0.0,0,tibia_distal,0.517,
411,vertical,middle,vertical,without,on_feet_leaning,hands_let_go,pads,feet-first-stiff,1.813,77.1,1,1,1,0,0,32.637,46.4,0.0,0,tibia_distal,0.42,
412,vertical,top,leaning_backward,antero_posterior,standing_on_feet,dyno,pads,feet-first-stiff,4.044,78.6,1,0,0,1,0,47.523,68.0,0.0,0,tibia_distal,0.624,
413,vertical,top,vertical,longitudinal,standing_on_feet,missed_hold,pads,controlled-drop,3.798,71.8,1,0,0,0,0,33.009,44.4,0.0,0,tibia_distal,0.374,
414,steep,middle,vertical,without,standing_on_feet,foot_slip,pads,controlled-drop,2.489,65.2,1,1,0,0,1,21.755,36.1,0.0,0,tibia_distal,0.278,
415,vertical,top,vertical,without,standing_on_feet,dyno,pads,feet-first-stiff,3.708,76.0,1,1,0,0,1,45.489,66.5,0.0,0,tibia_distal,0.59,
416,steep,top,leaning_backward,multiple,on_feet_leaning,route_finish,pads,toe-point,3.957,61.8,1,0,1,1,0,34.316,55.7,0.0,0,tibia_distal,0.462,
417,vertical,middle,vertical,longitudinal,standing_on_feet,route_finish,pads,feet-first-stiff,1.542,78.5,1,0,0,0,0,29.588,40.9,0.0,0,tibia_distal,0.378,
418,vertical,middle,vertical,longitudinal,standing_on_feet,foot_slip,between_pads_and_wall,feet-first-stiff,2.22,63.9,0,0,0,0,0,42.022,66.7,0.0,0,tibia_distal,0.497,
419,vertical,top,vertical,multiple,standing_on_feet,missed_hold,pads,feet-first-stiff,4.066,71.3,1,0,0,0,0,45.933,71.8,0.0,0,tibia_distal,0.597,
420,corner,top,vertical,longitudinal,on_feet_leaning,dyno,pads,one-leg-awkward,3.723,68.4,1,0,1,0,0,43.052,65.8,0.0,0,tibia_distal,0.576,
421,vertical,middle,vertical,without,standing_on_feet,route_finish,pads,controlled-drop,2.55,56.3,1,1,0,0,1,19.617,38.6,0.0,0,tibia_distal,0.256,
422,steep,top,leaning_backward,antero_posterior,on_feet_leaning,missed_hold,between_2_pads,toe-point,3.353,68.7,0,0,1,1,0,35.033,51.2,0.0,0,tibia_distal,0.472,
423,steep,middle,leaning_backward,multiple,head_first,foot_slip,pads,head-first,2.372,59.8,1,0,0,1,0,12.211,28.5,0.0,0,tibia_distal,0.172,
424,steep,top,leaning_backward,longitudinal,on_feet_leaning,dyno,pads,toe-point,4.368,62.4,1,0,1,1,0,36.204,58.6,0.0,0,tibia_distal,0.489,
425,steep,bottom,vertical,without,standing_on_feet,dyno,pads,feet-first-stiff,1.308,56.0,1,1,0,0,1,20.175,37.8,0.0,0,tibia_distal,0.25,
426,vertical,top,vertical,longitudinal,on_feet_leaning,downclimbing_trouble,pads,toe-point,3.4,67.6,1,0,1,0,0,33.417,49.3,0.0,0,tibia_distal,0.448,
427,steep,top,vertical,multiple,head_first,missed_hold,pads,head-first,3.69,64.0,1,0,0,0,0,16.133,56.3,0.0,0,tibia_distal,0.228,
428,vertical,middle,vertical,back_transverse,on_feet_leaning,balance_loss,pads,one-leg-awkward,1.704,65.1,1,0,1,0,0,27.731,44.2,0.0,0,tibia_distal,0.371,
429,vertical,top,leaning_forward,longitudinal,standing_on_feet,foot_slip,pads,feet-first-stiff,3.432,79.5,1,0,0,0,0,44.973,62.7,0.0,0,tibia_distal,0.582,
430,vertical,middle,vertical,multiple,standing_on_feet,balance_loss,pads,feet-first-stiff,1.88,53.3,1,0,0,0,0,25.24,51.2,0.0,0,tibia_distal,0.32,
431,vertical,top,leaning_backward,longitudinal,on_feet_leaning,dyno,pads,one-leg-awkward,4.038,82.7,1,0,1,1,0,46.467,60.5,0.0,0,tibia_distal,0.641,
432,steep,middle,vertical,without,on_feet_leaning,missed_hold,pads,one-leg-awkward,2.893,80.3,1,1,1,0,0,42.027,54.1,0.0,0,tibia_distal,0.558,
433,slab,middle,vertical,back_transverse,head_first,route_finish,pads,head-first,1.963,90.1,1,0,0,0,0,14.136,26.7,0.0,0,tibia_distal,0.201,
434,steep,top,leaning_backward,antero_posterior,standing_on_feet,foot_slip,pads,feet-first-stiff,4.072,64.0,1,0,0,1,0,44.124,76.0,0.0,0,tibia_distal,0.567,
435,roof_overhang,middle,leaning_backward,back_transverse,head_first,foot_slip,pads,head-first,1.518,79.9,1,0,0,1,0,11.529,17.3,0.0,0,tibia_distal,0.162,
436,steep,top,leaning_backward,longitudinal,standing_on_feet,other,pads,feet-first-stiff,3.136,68.7,1,0,0,1,0,41.01,64.8,0.0,0,tibia_distal,0.519,
437,slab,bottom,vertical,without,on_feet_leaning,hands_let_go,pads,feet-first-stiff,0.665,71.1,1,1,1,0,0,14.892,20.9,0.0,0,tibia_distal,0.179,
438,steep,top,leaning_backward,front_transverse,head_first,dyno,pads,head-first,4.024,65.4,1,0,0,1,0,17.148,63.8,0.0,0,tibia_distal,0.241,
439,vertical,top,leaning_backward,front_transverse,on_feet_leaning,hands_let_go,pads,toe-point,3.19,61.6,1,0,1,1,0,30.723,49.4,0.0,0,tibia_distal,0.409,
440,vertical,middle,vertical,without,standing_on_feet,foot_slip,pads,feet-first-stiff,2.621,85.8,1,1,0,0,1,41.894,53.1,0.0,0,tibia_distal,0.533,
441,vertical,bottom,vertical,without,on_feet_leaning,dyno,pads,one-leg-awkward,0.963,60.8,1,1,1,0,0,17.263,28.7,0.0,0,tibia_distal,0.227,
442,steep,top,vertical,without,on_feet_leaning,foot_slip,pads,one-leg-awkward,3.128,65.2,1,1,1,0,0,40.108,62.9,0.0,0,tibia_distal,0.525,
443,slab,top,vertical,longitudinal,standing_on_feet,balance_loss,pads,feet-first-stiff,4.258,50.9,1,0,0,0,0,40.913,87.4,0.0,0,tibia_distal,0.517,
444,vertical,top,vertical,longitudinal,head_first,foot_slip,pads,head-first,3.152,69.7,1,0,0,0,0,15.571,46.9,0.0,0,tibia_distal,0.22,
445,vertical,top,leaning_forward,without,on_feet_leaning,foot_slip,pads,toe-point,3.17,90.0,1,1,1,0,0,37.68,42.1,0.0,0,tibia_distal,0.51,
446,roof_overhang,top,leaning_backward,longitudinal,on_feet_leaning,missed_hold,pads,one-leg-awkward,3.472,65.6,1,0,1,1,0,41.653,65.5,0.0,0,tibia_distal,0.55,
447,slab,top,vertical,without,on_feet_leaning,missed_hold,pads,feet-first-stiff,3.443,70.0,1,1,1,0,0,42.866,67.0,0.0,0,tibia_distal,0.547,
448,slab,middle,vertical,longitudinal,on_feet_leaning,dyno,pads,feet-first-stiff,2.043,61.1,1,0,1,0,0,29.766,53.3,0.0,0,tibia_distal,0.381,
449,steep,middle,vertical,longitudinal,on_feet_leaning,dyno,pads,feet-first-stiff,1.889,61.5,1,0,1,0,0,28.276,50.1,0.0,0,tibia_distal,0.361,
450,steep,middle,vertical,antero_posterior,standing_on_feet,foot_slip,pads,feet-first-stiff,2.827,76.4,1,0,0,0,0,41.132,58.4,0.0,0,tibia_distal,0.521,
451,steep,top,vertical,front_transverse,on_feet_leaning,missed_hold,pads,toe-point,3.89,81.7,1,0,1,0,0,39.501,49.0,0.0,0,tibia_distal,0.538,
452,vertical,middle,leaning_backward,longitudinal,on_feet_leaning,other,pads,one-leg-awkward,1.835,57.7,1,0,1,1,0,26.585,47.8,0.0,0,tibia_distal,0.355,
453,roof_overhang,bottom,vertical,multiple,head_first,dyno,pads,head-first,0.572,65.0,1,0,0,0,0,6.015,12.7,0.0,0,tibia_distal,0.082,
454,vertical,middle,vertical,longitudinal,back_or_front_to_pad,foot_slip,pads,flat-flop,1.77,46.3,1,0,0,0,0,24.409,68.0,0.0,0,calcaneus,0.09,
455,vertical,top,vertical,antero_posterior,standing_on_feet,hands_let_go,pads,feet-first-stiff,4.331,52.2,1,0,0,0,0,41.65,87.0,0.0,0,tibia_distal,0.527,
456,vertical,middle,vertical,longitudinal,on_feet_leaning,foot_slip,pads,toe-point,2.188,93.7,1,0,1,0,0,32.189,33.7,0.0,0,tibia_distal,0.428,
457,slab,top,vertical,longitudinal,standing_on_feet,foot_slip,pads,controlled-drop,3.186,75.8,1,0,0,0,0,30.167,39.3,0.0,0,tibia_distal,0.352,
458,corner,middle,vertical,front_transverse,head_first,other,pads,head-first,1.849,62.8,1,0,0,0,0,11.045,20.9,0.0,0,tibia_distal,0.155,
459,vertical,top,vertical,longitudinal,standing_on_feet,dyno,pads,feet-first-stiff,3.946,90.3,1,0,0,0,0,49.519,62.5,0.0,0,tibia_distal,0.658,
460,steep,bottom,vertical,front_transverse,standing_on_feet,missed_hold,between_pads_and_wall,feet-first-stiff,1.186,78.8,0,0,0,0,0,36.702,46.3,0.0,0,tibia_distal,0.428,
461,vertical,middle,leaning_backward,without,on_feet_leaning,balance_loss,pads,one-leg-awkward,2.346,59.6,1,1,1,1,0,32.512,57.2,0.0,0,tibia_distal,0.438,
462,roof_overhang,top,vertical,without,on_feet_leaning,route_finish,pads,toe-point,3.211,66.8,1,1,1,0,0,32.263,48.0,0.0,0,tibia_distal,0.431,
463,vertical,bottom,leaning_backward,without,on_feet_leaning,foot_slip,between_pads_and_wall,toe-point,1.136,64.9,0,1,1,1,0,21.206,34.0,0.0,0,tibia_distal,0.299,
464,vertical,middle,vertical,longitudinal,on_feet_leaning,foot_slip,pads,one-leg-awkward,2.971,71.8,1,0,1,0,0,40.825,58.3,0.0,0,tibia_distal,0.537,
465,roof_overhang,top,vertical,without,on_buttocks,dyno,pads,butt-impact,4.031,56.2,1,1,0,0,1,34.737,97.0,0.0,0,tibia_distal,0.386,
466,vertical,middle,vertical,multiple,standing_on_feet,dyno,pads,controlled-drop,2.217,50.8,1,0,0,0,0,16.424,36.5,0.0,0,tibia_distal,0.219,
467,vertical,top,leaning_backward,multiple,on_feet_leaning,dyno,pads,toe-point,3.708,50.3,1,0,1,1,0,29.585,59.3,0.0,0,tibia_distal,0.399,
468,steep,top,vertical,multiple,on_feet_leaning,other,pads,toe-point,4.034,69.7,1,0,1,0,0,36.968,53.5,0.0,0,tibia_distal,0.5,
469,vertical,top,vertical,without,on_feet_leaning,dyno,pads,one-leg-awkward,3.181,63.4,1,1,1,0,0,39.922,64.3,0.0,0,tibia_distal,0.522,
470,vertical,middle,vertical,longitudinal,head_first,foot_slip,pads,head-first,2.134,75.9,1,0,0,0,0,13.292,27.6,0.0,0,tibia_distal,0.189,
471,vertical,bottom,leaning_forward,multiple,on_feet_leaning,other,pads,one-leg-awkward,0.714,63.4,1,0,1,0,0,14.282,22.5,0.0,0,tibia_distal,0.188,
472,vertical,bottom,vertical,without,back_or_front_to_pad,other,pads,flat-flop,1.041,49.0,1,1,0,0,1,18.44,50.0,0.0,0,calcaneus,0.068,
473,vertical,top,vertical,without,on_feet_leaning,dyno,pads,feet-first-stiff,4.403,74.2,1,1,1,0,0,47.973,73.0,0.0,0,tibia_distal,0.631,
474,vertical,top,vertical,without,on_feet_leaning,dyno,pads,toe-point,3.411,91.1,1,1,1,0,0,39.278,43.5,0.0,0,tibia_distal,0.534,
475,steep,middle,leaning_backward,antero_posterior,on_feet_leaning,route_finish,pads,toe-point,1.758,95.7,1,0,1,1,0,29.281,30.0,0.0,0,tibia_distal,0.39,
476,vertical,top,vertical,back_transverse,head_first,dyno,between_2_pads,head-first,3.727,57.7,0,0,0,0,0,18.173,252.1,0.0,0,tibia_distal,0.227,
477,steep,middle,vertical,longitudinal,standing_on_feet,other,pads,controlled-drop,2.809,50.0,1,0,0,0,0,19.1,42.7,0.0,0,tibia_distal,0.251,
478,roof_overhang,bottom,vertical,without,head_first,missed_hold,pads,head-first,0.726,69.8,1,1,0,0,1,7.222,13.5,0.0,0,tibia_distal,0.099,
479,steep,top,leaning_backward,multiple,back_or_front_to_pad,balance_loss,pads,flat-flop,3.972,65.6,1,0,0,1,0,63.974,127.8,0.0,0,calcaneus,0.237,
480,steep,middle,vertical,multiple,on_feet_leaning,dyno,pads,one-leg-awkward,2.23,85.9,1,0,1,0,0,39.431,46.6,0.0,0,tibia_distal,0.516,
481,vertical,top,vertical,longitudinal,on_feet_leaning,dyno,pads,one-leg-awkward,4.438,69.4,1,0,1,0,0,45.252,69.8,0.0,0,tibia_distal,0.62,
482,vertical,top,leaning_backward,without,standing_on_feet,dyno,pads,feet-first-stiff,3.554,68.6,1,1,0,1,0,43.034,68.8,0.0,0,tibia_distal,0.55,
483,vertical,middle,leaning_backward,longitudinal,standing_on_feet,foot_slip,pads,feet-first-stiff,2.31,62.9,1,0,0,1,0,33.123,58.1,0.0,0,tibia_distal,0.427,
484,steep,top,vertical,without,on_feet_leaning,other,pads,toe-point,3.083,76.1,1,1,1,0,0,33.954,44.4,0.0,0,tibia_distal,0.455,
485,vertical,bottom,vertical,longitudinal,back_or_front_to_pad,dyno,pads,flat-flop,1.492,83.0,1,0,0,0,0,33.804,53.1,0.0,0,calcaneus,0.125,
486,steep,middle,vertical,without,on_feet_leaning,route_finish,pads,one-leg-awkward,2.31,63.4,1,1,1,0,0,33.691,55.8,0.0,0,tibia_distal,0.454,
487,corner,top,vertical,multiple,head_first,missed_hold,pads,head-first,4.028,66.1,1,0,0,0,0,17.271,64.1,0.0,0,tibia_distal,0.243,
488,vertical,top,vertical,longitudinal,head_first,dyno,pads,head-first,4.044,89.0,1,0,0,0,0,21.462,70.9,0.0,0,tibia_distal,0.289,
489,slab,top,vertical,without,on_feet_leaning,foot_slip,pads,one-leg-awkward,3.482,50.2,1,1,1,0,0,37.254,75.9,0.0,0,tibia_distal,0.487,
490,vertical,top,vertical,longitudinal,on_buttocks,downclimbing_trouble,pads,butt-impact,3.376,63.8,1,0,0,0,0,33.265,83.3,0.0,0,tibia_distal,0.377,
491,slab,bottom,vertical,longitudinal,standing_on_feet,other,pads,controlled-drop,1.138,48.6,1,0,0,0,0,10.283,24.0,0.0,0,tibia_distal,0.14,
492,vertical,middle,leaning_forward,without,standing_on_feet,route_finish,pads,feet-first-stiff,2.575,61.1,1,1,0,0,1,34.972,63.4,0.0,0,tibia_distal,0.452,
493,slab,middle,vertical,antero_posterior,on_buttocks,foot_slip,pads,butt-impact,1.914,51.9,1,0,0,0,0,17.333,52.9,0.0,0,tibia_distal,0.196,
494,steep,bottom,vertical,longitudinal,on_buttocks,balance_loss,pads,butt-impact,1.295,55.5,1,0,0,0,0,13.58,34.7,0.0,0,tibia_distal,0.139,
495,roof_overhang,top,vertical,front_transverse,on_feet_leaning,missed_hold,pads,one-leg-awkward,3.663,70.1,1,0,1,0,0,43.166,64.4,0.0,0,tibia_distal,0.578,
496,slab,middle,leaning_forward,without,standing_on_feet,missed_hold,pads,feet-first-stiff,2.517,76.8,1,1,0,0,1,39.353,55.2,0.0,0,tibia_distal,0.496,
497,vertical,bottom,leaning_backward,back_transverse,standing_on_feet,dyno,pads,feet-first-stiff,1.175,72.8,1,0,0,1,0,23.033,33.5,0.0,0,tibia_distal,0.288,
498,corner,middle,vertical,without,standing_on_feet,balance_loss,pads,feet-first-stiff,2.15,56.8,1,1,0,0,1,29.184,56.2,0.0,0,tibia_distal,0.373,
499,vertical,middle,vertical,without,standing_on_feet,balance_loss,pads,feet-first-stiff,2.071,62.1,1,1,0,0,1,30.404,53.6,0.0,0,tibia_distal,0.39,
500,roof_overhang,middle,vertical,longitudinal,standing_on_feet,foot_slip,pads,feet-first-stiff,2.788,47.5,1,0,0,0,0,30.646,71.1,0.0,0,tibia_distal,0.394,
501,vertical,middle,vertical,back_transverse,on_feet_leaning,foot_slip,pads,toe-point,2.754,71.2,1,0,1,0,0,30.947,42.9,0.0,0,tibia_distal,0.411,
502,steep,bottom,leaning_forward,longitudinal,standing_on_feet,dyno,pads,feet-first-stiff,1.083,63.7,1,0,0,0,0,19.524,31.8,0.0,0,tibia_distal,0.24,
503,vertical,middle,leaning_backward,antero_posterior,on_feet_leaning,foot_slip,pads,toe-point,2.045,71.9,1,0,1,1,0,26.771,37.7,0.0,0,tibia_distal,0.366,
504,steep,top,vertical,longitudinal,standing_on_feet,route_finish,pads,feet-first-stiff,3.348,78.9,1,0,0,0,0,44.445,62.2,0.0,0,tibia_distal,0.573,
505,slab,middle,vertical,without,standing_on_feet,foot_slip,pads,controlled-drop,2.261,87.4,1,1,0,0,1,26.16,30.6,0.0,0,tibia_distal,0.317,
506,steep,middle,leaning_backward,longitudinal,standing_on_feet,other,pads,feet-first-stiff,2.235,60.5,1,0,0,1,0,31.473,57.1,0.0,0,tibia_distal,0.404,
507,vertical,middle,vertical,longitudinal,on_feet_leaning,dyno,pads,toe-point,1.621,72.6,1,0,1,0,0,23.73,34.0,0.0,0,tibia_distal,0.335,
508,vertical,top,vertical,antero_posterior,on_feet_leaning,missed_hold,pads,feet-first-stiff,4.061,61.2,1,0,1,0,0,43.299,77.7,0.0,0,tibia_distal,0.553,
509,slab,bottom,leaning_forward,multiple,back_or_front_to_pad,foot_slip,pads,flat-flop,0.77,102.4,1,0,0,0,0,24.537,31.1,0.0,0,calcaneus,0.091,
510,vertical,top,vertical,without,standing_on_feet,other,pads,controlled-drop,3.903,84.4,1,1,0,0,1,39.005,42.0,0.0,0,tibia_distal,0.417,
511,slab,middle,vertical,longitudinal,head_first,missed_hold,pads,head-first,2.964,76.6,1,0,0,0,0,15.946,44.8,0.0,0,tibia_distal,0.226,
512,corner,middle,vertical,back_transverse,standing_on_feet,foot_slip,pads,feet-first-stiff,2.763,56.9,1,0,0,0,0,34.832,67.9,0.0,0,tibia_distal,0.45,
513,corner,bottom,vertical,without,standing_on_feet,foot_slip,pads,controlled-drop,1.439,62.4,1,1,0,0,1,14.341,26.0,0.0,0,tibia_distal,0.194,
514,vertical,top,vertical,without,standing_on_feet,missed_hold,pads,feet-first-stiff,3.167,97.4,1,1,0,0,1,47.12,54.3,0.0,0,tibia_distal,0.619,
515,steep,bottom,vertical,longitudinal,on_feet_leaning,foot_slip,pads,one-leg-awkward,1.285,86.4,1,0,1,0,0,28.34,33.8,0.0,0,tibia_distal,0.379,
516,vertical,top,vertical,longitudinal,standing_on_feet,foot_slip,pads,controlled-drop,3.299,86.0,1,0,0,0,0,34.752,38.0,0.0,0,tibia_distal,0.385,
517,slab,top,leaning_forward,without,on_buttocks,foot_slip,pads,butt-impact,3.584,70.7,1,1,0,0,1,38.345,84.8,0.0,0,tibia_distal,0.425,
518,vertical,top,leaning_backward,longitudinal,on_feet_leaning,missed_hold,pads,toe-point,3.346,53.0,1,0,1,1,0,28.927,55.1,0.0,0,tibia_distal,0.392,
519,vertical,middle,leaning_backward,multiple,on_feet_leaning,foot_slip,pads,feet-first-stiff,2.811,70.5,1,0,1,1,0,39.676,60.7,0.0,0,tibia_distal,0.5,
520,steep,middle,vertical,back_transverse,standing_on_feet,foot_slip,pads,feet-first-stiff,1.833,70.5,1,0,0,0,0,30.744,47.6,0.0,0,tibia_distal,0.394,
521,vertical,middle,vertical,longitudinal,standing_on_feet,foot_slip,pads,controlled-drop,1.949,83.9,1,0,0,0,0,22.51,28.4,0.0,0,tibia_distal,0.284,
522,vertical,top,vertical,longitudinal,on_buttocks,foot_slip,pads,butt-impact,3.853,59.7,1,0,0,0,0,35.228,92.7,0.0,0,tibia_distal,0.392,
523,roof_overhang,top,vertical,longitudinal,standing_on_feet,missed_hold,pads,feet-first-stiff,3.009,70.6,1,0,0,0,0,40.807,62.6,0.0,0,tibia_distal,0.516,
524,vertical,bottom,vertical,longitudinal,on_feet_leaning,downclimbing_trouble,pads,one-leg-awkward,0.547,77.2,1,0,1,0,0,13.975,17.9,0.0,0,tibia_distal,0.184,
525,slab,bottom,leaning_backward,multiple,on_feet_leaning,dyno,pads,one-leg-awkward,1.45,80.4,1,0,1,1,0,29.169,37.6,0.0,0,tibia_distal,0.391,
526,vertical,middle,vertical,longitudinal,back_or_front_to_pad,foot_slip,pads,flat-flop,1.674,94.3,1,0,0,0,0,41.572,58.5,0.0,0,calcaneus,0.154,
527,slab,middle,leaning_backward,longitudinal,on_feet_leaning,missed_hold,pads,one-leg-awkward,2.65,80.3,1,0,1,1,0,40.889,52.2,0.0,0,tibia_distal,0.538,
528,vertical,middle,vertical,without,head_first,dyno,pads,head-first,2.533,56.4,1,1,0,0,1,12.213,30.6,0.0,0,tibia_distal,0.172,
529,steep,top,vertical,without,head_first,missed_hold,pads,head-first,3.512,74.6,1,1,0,0,1,17.28,55.9,0.0,0,tibia_distal,0.243,
530,vertical,bottom,leaning_backward,multiple,standing_on_feet,dyno,pads,controlled-drop,0.539,73.9,1,0,0,1,0,8.802,13.1,0.0,0,tibia_distal,0.12,
531,steep,top,vertical,without,on_feet_leaning,dyno,pads,toe-point,3.886,89.2,1,1,1,0,0,41.344,47.1,0.0,0,tibia_distal,0.565,
532,vertical,top,leaning_backward,longitudinal,on_feet_leaning,hands_let_go,pads,one-leg-awkward,4.339,44.5,1,0,1,1,0,38.974,89.5,0.0,0,tibia_distal,0.508,
533,vertical,top,vertical,longitudinal,standing_on_feet,hands_let_go,pads,feet-first-stiff,3.839,93.4,1,0,0,0,0,49.625,60.6,0.0,0,tibia_distal,0.661,
534,steep,top,vertical,multiple,standing_on_feet,foot_slip,pads,feet-first-stiff,3.15,81.3,1,0,0,0,0,43.961,59.5,0.0,0,tibia_distal,0.565,
535,roof_overhang,top,vertical,antero_posterior,head_first,dyno,pads,head-first,3.561,76.7,1,0,0,0,0,17.794,57.5,0.0,0,tibia_distal,0.249,
536,vertical,middle,vertical,without,on_feet_leaning,dyno,between_2_pads,feet-first-stiff,2.797,69.8,0,1,1,0,0,43.326,67.3,0.0,0,tibia_distal,0.548,
537,steep,bottom,leaning_backward,front_transverse,head_first,foot_slip,pads,head-first,1.382,69.2,1,0,0,1,0,10.084,17.5,0.0,0,tibia_distal,0.14,
538,steep,top,leaning_backward,without,on_buttocks,missed_hold,pads,butt-impact,4.215,83.6,1,1,0,1,0,51.345,89.8,0.0,0,tibia_distal,0.532,
539,vertical,top,vertical,multiple,standing_on_feet,foot_slip,pads,feet-first-stiff,4.493,70.3,1,0,0,0,0,47.377,75.8,0.0,0,tibia_distal,0.62,
540,vertical,top,vertical,longitudinal,back_or_front_to_pad,hands_let_go,pads,flat-flop,3.105,74.0,1,0,0,0,0,57.314,101.5,0.0,0,calcaneus,0.212,
541,corner,top,vertical,longitudinal,on_feet_leaning,missed_hold,pads,one-leg-awkward,4.063,64.4,1,0,1,0,0,43.353,70.6,0.0,0,tibia_distal,0.581,
542,steep,top,leaning_forward,back_transverse,standing_on_feet,foot_slip,pads,feet-first-stiff,3.718,71.6,1,0,0,0,0,44.518,68.7,0.0,0,tibia_distal,0.574,
543,roof_overhang,top,vertical,longitudinal,back_or_front_to_pad,route_finish,pads,flat-flop,4.244,71.2,1,0,0,0,0,73.322,135.4,0.0,0,calcaneus,0.272,
544,vertical,top,leaning_backward,longitudinal,back_or_front_to_pad,foot_slip,pads,flat-flop,3.937,61.2,1,0,0,1,0,59.502,127.0,0.0,0,calcaneus,0.22,
545,vertical,top,leaning_backward,front_transverse,on_feet_leaning,missed_hold,pads,one-leg-awkward,4.019,53.9,1,0,1,1,0,40.848,78.0,0.0,0,tibia_distal,0.536,
546,vertical,bottom,vertical,multiple,on_feet_leaning,foot_slip,pads,toe-point,1.471,56.2,1,0,1,0,0,20.488,37.0,0.0,0,tibia_distal,0.282,
547,steep,bottom,vertical,multiple,head_first,dyno,bump_into_someone,head-first,1.281,73.6,1,0,0,0,0,10.084,16.5,0.0,0,tibia_distal,0.14,
548,vertical,top,leaning_backward,longitudinal,on_feet_leaning,foot_slip,pads,one-leg-awkward,4.408,57.1,1,0,1,1,0,42.867,78.3,0.0,0,tibia_distal,0.572,
549,vertical,top,leaning_backward,multiple,on_feet_leaning,dyno,pads,one-leg-awkward,3.601,89.3,1,0,1,1,0,45.76,55.2,0.0,0,tibia_distal,0.633,
550,slab,top,leaning_backward,without,on_feet_leaning,missed_hold,pads,feet-first-stiff,4.381,72.5,1,1,1,1,0,47.471,73.7,0.0,0,tibia_distal,0.622,
551,vertical,middle,leaning_backward,multiple,head_first,missed_hold,pads,head-first,1.992,41.5,1,0,0,1,0,8.871,26.0,0.0,0,tibia_distal,0.123,
552,steep,middle,leaning_backward,longitudinal,standing_on_feet,foot_slip,pads,feet-first-stiff,1.558,59.9,1,0,0,1,0,24.146,43.3,0.0,0,tibia_distal,0.304,
553,vertical,top,vertical,without,standing_on_feet,foot_slip,pads,controlled-drop,3.797,58.8,1,1,0,0,1,27.564,48.3,0.0,0,tibia_distal,0.333,
554,roof_overhang,top,leaning_backward,longitudinal,on_feet_leaning,other,pads,one-leg-awkward,3.406,46.6,1,0,1,1,0,35.149,78.7,0.0,0,tibia_distal,0.468,
555,steep,top,vertical,antero_posterior,head_first,foot_slip,pads,head-first,3.858,52.8,1,0,0,0,0,14.718,55.4,0.0,0,tibia_distal,0.207,
556,vertical,top,vertical,without,head_first,foot_slip,pads,head-first,4.066,62.4,1,1,0,0,1,16.751,63.6,0.0,0,tibia_distal,0.236,
557,steep,middle,vertical,without,on_feet_leaning,hands_let_go,pads,toe-point,2.846,60.4,1,1,1,0,0,28.675,47.8,0.0,0,tibia_distal,0.388,
558,slab,top,vertical,without,on_feet_leaning,dyno,pads,one-leg-awkward,4.208,81.2,1,1,1,0,0,47.05,62.1,0.0,0,tibia_distal,0.646,
559,steep,top,vertical,longitudinal,on_feet_leaning,dyno,pads,feet-first-stiff,3.692,74.9,1,0,1,0,0,45.164,66.9,0.0,0,tibia_distal,0.584,
560,corner,middle,vertical,without,standing_on_feet,missed_hold,pads,controlled-drop,2.616,80.4,1,1,0,0,1,27.21,34.4,0.0,0,tibia_distal,0.327,
561,corner,middle,vertical,longitudinal,on_buttocks,route_finish,pads,butt-impact,2.746,80.5,1,0,0,0,0,34.115,68.5,0.0,0,tibia_distal,0.392,
562,slab,top,vertical,longitudinal,on_feet_leaning,dyno,pads,feet-first-stiff,3.158,89.1,1,0,1,0,0,45.543,56.8,0.0,0,tibia_distal,0.592,
563,vertical,middle,vertical,without,on_feet_leaning,dyno,pads,feet-first-stiff,2.511,72.8,1,1,1,0,0,38.361,57.0,0.0,0,tibia_distal,0.485,
564,vertical,middle,vertical,without,standing_on_feet,dyno,pads,controlled-drop,1.966,80.4,1,1,0,0,1,21.834,29.0,0.0,0,tibia_distal,0.277,
565,vertical,middle,vertical,without,standing_on_feet,foot_slip,pads,feet-first-stiff,1.92,62.2,1,1,0,0,1,28.847,50.6,0.0,0,tibia_distal,0.368,
566,vertical,middle,vertical,antero_posterior,on_feet_leaning,dyno,pads,feet-first-stiff,1.604,89.8,1,0,1,0,0,33.672,41.0,0.0,0,tibia_distal,0.433,
567,vertical,middle,vertical,without,back_or_front_to_pad,other,between_pads_and_wall,flat-flop,2.848,54.3,0,1,0,0,1,119.088,221.4,0.0,0,calcaneus,0.441,
568,slab,top,leaning_backward,longitudinal,standing_on_feet,dyno,pads,feet-first-stiff,4.325,67.7,1,0,0,1,0,46.092,76.0,0.0,0,tibia_distal,0.599,
569,corner,middle,vertical,antero_posterior,on_feet_leaning,foot_slip,pads,toe-point,2.993,77.5,1,0,1,0,0,33.82,43.4,0.0,0,tibia_distal,0.453,
570,vertical,top,vertical,longitudinal,standing_on_feet,missed_hold,pads,feet-first-stiff,3.951,68.2,1,0,0,0,0,44.708,72.5,0.0,0,tibia_distal,0.576,
571,roof_overhang,top,vertical,without,back_or_front_to_pad,downclimbing_trouble,pads,flat-flop,3.957,70.1,1,1,0,0,1,67.806,127.0,0.0,0,calcaneus,0.251,
572,vertical,top,leaning_backward,multiple,standing_on_feet,route_finish,pads,feet-first-stiff,3.476,84.0,1,0,0,1,0,46.114,61.3,0.0,0,tibia_distal,0.601,
573,vertical,top,leaning_forward,longitudinal,standing_on_feet,dyno,bump_into_someone,feet-first-stiff,3.332,57.3,1,0,0,0,0,38.854,73.5,0.0,0,tibia_distal,0.49,
574,steep,middle,vertical,without,standing_on_feet,foot_slip,pads,controlled-drop,2.028,54.1,1,1,0,0,1,16.22,33.8,0.0,0,tibia_distal,0.216,
575,steep,top,vertical,front_transverse,standing_on_feet,other,pads,controlled-drop,3.488,70.9,1,0,0,0,0,30.517,42.6,0.0,0,tibia_distal,0.355,
576,vertical,top,leaning_forward,without,on_feet_leaning,dyno,pads,toe-point,3.438,58.2,1,1,1,0,0,30.909,52.8,0.0,0,tibia_distal,0.412,
577,vertical,top,vertical,longitudinal,standing_on_feet,foot_slip,pads,feet-first-stiff,4.237,48.1,1,0,0,0,0,39.836,89.9,0.0,0,tibia_distal,0.502,
578,vertical,middle,vertical,antero_posterior,on_feet_leaning,dyno,pads,toe-point,1.96,67.4,1,0,1,0,0,25.154,38.5,0.0,0,tibia_distal,0.35,
579,vertical,top,leaning_backward,without,on_feet_leaning,dyno,pads,one-leg-awkward,3.009,63.1,1,1,1,1,0,38.94,62.9,0.0,0,tibia_distal,0.508,
580,vertical,middle,vertical,multiple,standing_on_feet,other,pads,feet-first-stiff,2.224,64.0,1,0,0,0,0,32.682,56.2,0.0,0,tibia_distal,0.421,
581,slab,top,leaning_forward,without,standing_on_feet,dyno,pads,feet-first-stiff,4.127,66.6,1,1,0,0,1,45.02,75.0,0.0,0,tibia_distal,0.581,
582,vertical,bottom,vertical,multiple,standing_on_feet,missed_hold,pads,feet-first-stiff,0.936,64.4,1,0,0,0,0,17.677,28.1,0.0,0,tibia_distal,0.215,
583,steep,middle,leaning_backward,without,back_or_front_to_pad,missed_hold,bump_into_someone,flat-flop,2.387,40.0,1,1,0,1,0,27.079,86.6,0.0,0,calcaneus,0.1,
584,corner,top,vertical,without,standing_on_feet,other,pads,controlled-drop,4.02,62.1,1,1,0,0,1,30.303,48.7,0.0,0,tibia_distal,0.355,
585,slab,middle,vertical,antero_posterior,standing_on_feet,missed_hold,pads,feet-first-stiff,2.805,66.7,1,0,0,0,0,38.662,62.7,0.0,0,tibia_distal,0.488,
586,slab,top,vertical,multiple,head_first,dyno,pads,head-first,3.136,70.5,1,0,0,0,0,15.64,46.8,0.0,0,tibia_distal,0.221,
587,vertical,top,vertical,antero_posterior,standing_on_feet,foot_slip,pads,controlled-drop,3.134,83.2,1,0,0,0,0,32.377,37.5,0.0,0,tibia_distal,0.368,
588,slab,bottom,vertical,multiple,standing_on_feet,foot_slip,pads,controlled-drop,1.498,65.6,1,0,0,0,0,15.302,26.3,0.0,0,tibia_distal,0.205,
589,slab,bottom,leaning_forward,antero_posterior,head_first,missed_hold,pads,head-first,0.613,50.9,1,0,0,0,0,5.212,14.8,0.0,0,tibia_distal,0.072,
590,steep,top,vertical,antero_posterior,on_feet_leaning,missed_hold,pads,one-leg-awkward,4.032,74.8,1,0,1,0,0,45.021,64.3,0.0,0,tibia_distal,0.616,
591,steep,bottom,vertical,front_transverse,standing_on_feet,dyno,pads,feet-first-stiff,1.235,71.8,1,0,0,0,0,23.609,34.9,0.0,0,tibia_distal,0.296,
592,steep,top,vertical,without,standing_on_feet,missed_hold,pads,controlled-drop,4.085,79.9,1,1,0,0,1,38.488,44.1,0.0,0,tibia_distal,0.414,
593,slab,middle,leaning_backward,without,on_feet_leaning,hands_let_go,pads,one-leg-awkward,2.615,56.0,1,1,1,1,0,33.492,62.9,0.0,0,tibia_distal,0.451,
594,steep,middle,leaning_backward,longitudinal,standing_on_feet,dyno,pads,feet-first-stiff,1.583,62.4,1,0,0,1,0,25.224,43.5,0.0,0,tibia_distal,0.319,
595,steep,top,vertical,longitudinal,on_feet_leaning,dyno,pads,toe-point,3.795,82.7,1,0,1,0,0,39.276,48.1,0.0,0,tibia_distal,0.534,
596,slab,top,leaning_backward,without,standing_on_feet,foot_slip,pads,controlled-drop,3.41,72.0,1,1,0,1,0,30.381,41.8,0.0,0,tibia_distal,0.354,
597,vertical,middle,vertical,longitudinal,head_first,foot_slip,pads,head-first,2.975,67.1,1,0,0,0,0,14.742,42.5,0.0,0,tibia_distal,0.209,
598,vertical,top,vertical,without,back_or_front_to_pad,foot_slip,pads,flat-flop,3.181,63.8,1,1,0,0,1,51.086,104.5,0.0,0,calcaneus,0.189,
599,vertical,bottom,vertical,without,on_feet_leaning,missed_hold,pads,feet-first-stiff,0.736,66.3,1,1,1,0,0,15.118,22.9,0.0,0,tibia_distal,0.182,
600,steep,bottom,vertical,front_transverse,head_first,dyno,pads,head-first,1.467,59.4,1,0,0,0,0,9.444,19.4,0.0,0,tibia_distal,0.131,
601,vertical,top,leaning_backward,longitudinal,standing_on_feet,dyno,pads,feet-first-stiff,4.105,54.4,1,0,0,1,0,41.468,83.0,0.0,0,tibia_distal,0.525,
602,vertical,bottom,vertical,antero_posterior,head_first,foot_slip,pads,head-first,0.934,77.6,1,0,0,0,0,8.877,14.1,0.0,0,tibia_distal,0.122,
603,steep,middle,vertical,without,head_first,missed_hold,pads,head-first,1.527,62.2,1,1,0,0,1,9.929,19.3,0.0,0,tibia_distal,0.138,
604,steep,top,leaning_backward,multiple,on_feet_leaning,foot_slip,pads,one-leg-awkward,4.437,64.5,1,0,1,1,0,44.402,73.0,0.0,0,tibia_distal,0.602,
605,vertical,top,vertical,without,standing_on_feet,other,between_pads_and_wall,controlled-drop,4.378,48.3,0,1,0,0,1,33.948,60.6,0.0,0,tibia_distal,0.342,
606,vertical,middle,leaning_backward,longitudinal,standing_on_feet,other,pads,feet-first-stiff,1.828,60.2,1,0,0,1,0,27.199,49.0,0.0,0,tibia_distal,0.346,
607,steep,top,vertical,longitudinal,on_feet_leaning,dyno,pads,feet-first-stiff,3.339,56.1,1,0,1,0,0,38.518,74.5,0.0,0,tibia_distal,0.487,
608,vertical,top,leaning_backward,without,back_or_front_to_pad,dyno,pads,flat-flop,4.173,67.5,1,1,0,1,0,68.741,133.6,0.0,0,calcaneus,0.255,
609,corner,top,leaning_backward,without,on_feet_leaning,dyno,pads,one-leg-awkward,3.441,96.4,1,1,1,1,0,46.738,51.7,0.0,0,tibia_distal,0.641,
610,steep,middle,leaning_backward,without,on_buttocks,balance_loss,pads,butt-impact,2.949,66.3,1,1,0,1,0,30.563,75.0,0.0,0,tibia_distal,0.353,
611,vertical,top,leaning_backward,longitudinal,back_or_front_to_pad,foot_slip,pads,flat-flop,4.482,97.1,1,0,0,1,0,102.392,139.6,0.0,0,calcaneus,0.379,
612,steep,bottom,leaning_backward,longitudinal,standing_on_feet,route_finish,pads,controlled-drop,1.468,96.3,1,0,0,1,0,20.648,22.8,0.0,0,tibia_distal,0.263,
613,vertical,top,vertical,longitudinal,on_feet_leaning,dyno,pads,one-leg-awkward,4.289,68.9,1,0,1,0,0,44.779,69.2,0.0,0,tibia_distal,0.61,
614,steep,top,vertical,antero_posterior,head_first,missed_hold,pads,head-first,4.307,54.4,1,0,0,0,0,15.91,65.3,0.0,0,tibia_distal,0.224,
615,roof_overhang,bottom,vertical,back_transverse,on_buttocks,foot_slip,pads,butt-impact,1.396,90.0,1,0,0,0,0,21.202,40.5,0.0,0,tibia_distal,0.262,
616,roof_overhang,middle,leaning_backward,longitudinal,on_feet_leaning,missed_hold,pads,one-leg-awkward,2.377,72.7,1,0,1,1,0,37.455,52.4,0.0,0,tibia_distal,0.489,
617,steep,middle,vertical,longitudinal,on_feet_leaning,downclimbing_trouble,pads,one-leg-awkward,2.758,63.3,1,0,1,0,0,37.471,60.3,0.0,0,tibia_distal,0.489,
618,vertical,top,leaning_forward,longitudinal,head_first,foot_slip,pads,head-first,3.997,73.7,1,0,0,0,0,18.491,65.9,0.0,0,tibia_distal,0.258,
619,vertical,bottom,vertical,antero_posterior,head_first,dyno,pads,head-first,0.831,49.7,1,0,0,0,0,6.095,17.0,0.0,0,tibia_distal,0.084,
620,vertical,middle,vertical,longitudinal,head_first,missed_hold,pads,head-first,1.633,74.0,1,0,0,0,0,11.43,18.5,0.0,0,tibia_distal,0.161,
621,vertical,middle,vertical,without,on_feet_leaning,balance_loss,pads,one-leg-awkward,1.908,70.5,1,1,1,0,0,31.943,47.4,0.0,0,tibia_distal,0.43,
622,steep,middle,vertical,back_transverse,on_feet_leaning,other,between_pads_and_wall,toe-point,2.023,63.0,0,0,1,0,0,27.236,43.3,0.0,0,tibia_distal,0.367,
623,steep,bottom,leaning_forward,without,standing_on_feet,downclimbing_trouble,pads,feet-first-stiff,0.69,86.9,1,1,0,0,1,18.202,21.2,0.0,0,tibia_distal,0.221,
624,corner,bottom,leaning_backward,longitudinal,on_feet_leaning,dyno,pads,one-leg-awkward,0.609,48.6,1,0,1,1,0,9.963,20.3,0.0,0,tibia_distal,0.131,
625,vertical,top,leaning_backward,longitudinal,standing_on_feet,dyno,pads,feet-first-stiff,3.997,62.6,1,0,0,1,0,43.437,76.2,0.0,0,tibia_distal,0.556,
626,vertical,top,leaning_backward,without,on_feet_leaning,missed_hold,pads,one-leg-awkward,4.098,82.8,1,1,1,1,0,46.922,60.7,0.0,0,tibia_distal,0.645,
627,steep,top,vertical,multiple,on_feet_leaning,downclimbing_trouble,pads,toe-point,3.219,74.1,1,0,1,0,0,34.194,46.0,0.0,0,tibia_distal,0.459,
628,steep,top,vertical,antero_posterior,standing_on_feet,foot_slip,pads,feet-first-stiff,4.133,64.6,1,0,0,0,0,44.526,76.2,0.0,0,tibia_distal,0.573,
629,vertical,top,vertical,without,on_feet_leaning,balance_loss,pads,one-leg-awkward,3.554,86.8,1,1,1,0,0,45.302,55.9,0.0,0,tibia_distal,0.623,
630,steep,middle,vertical,longitudinal,back_or_front_to_pad,hands_let_go,pads,flat-flop,2.629,41.1,1,0,0,0,0,29.746,92.6,0.0,0,calcaneus,0.11,
631,vertical,middle,leaning_forward,antero_posterior,on_feet_leaning,missed_hold,pads,one-leg-awkward,1.994,76.7,1,0,1,0,0,35.087,47.3,0.0,0,tibia_distal,0.468,
632,vertical,bottom,leaning_forward,longitudinal,standing_on_feet,missed_hold,pads,controlled-drop,0.502,75.5,1,0,0,0,0,8.563,12.4,0.0,0,tibia_distal,0.116,
633,steep,middle,leaning_backward,antero_posterior,back_or_front_to_pad,balance_loss,pads,flat-flop,2.935,62.1,1,0,0,1,0,46.404,97.8,0.0,0,calcaneus,0.172,
634,steep,top,leaning_backward,longitudinal,on_feet_leaning,missed_hold,pads,one-leg-awkward,4.236,70.1,1,0,1,1,0,44.837,68.2,0.0,0,tibia_distal,0.611,
635,vertical,middle,vertical,longitudinal,standing_on_feet,foot_slip,pads,feet-first-stiff,2.076,49.1,1,0,0,0,0,25.435,56.2,0.0,0,tibia_distal,0.322,
636,steep,top,vertical,antero_posterior,standing_on_feet,foot_slip,pads,controlled-drop,3.099,59.6,1,0,0,0,0,23.777,42.7,0.0,0,tibia_distal,0.299,
637,steep,top,vertical,longitudinal,standing_on_feet,foot_slip,pads,controlled-drop,3.438,81.1,1,0,0,0,0,34.045,39.9,0.0,0,tibia_distal,0.381,
638,steep,bottom,leaning_backward,without,head_first,missed_hold,pads,head-first,1.492,93.2,1,1,0,1,0,12.492,17.8,0.0,0,tibia_distal,0.178,
639,vertical,top,vertical,without,on_feet_leaning,foot_slip,pads,one-leg-awkward,3.219,65.1,1,1,1,0,0,40.517,63.7,0.0,0,tibia_distal,0.532,
640,roof_overhang,top,vertical,antero_posterior,on_buttocks,balance_loss,pads,butt-impact,3.113,55.8,1,0,0,0,0,27.575,80.4,0.0,0,tibia_distal,0.318,
641,vertical,bottom,vertical,longitudinal,on_feet_leaning,foot_slip,pads,one-leg-awkward,0.597,67.7,1,0,1,0,0,13.256,19.5,0.0,0,tibia_distal,0.175,
642,vertical,middle,vertical,without,back_or_front_to_pad,missed_hold,pads,flat-flop,2.84,74.1,1,1,0,0,1,52.956,93.6,0.0,0,calcaneus,0.196,
643,vertical,top,leaning_forward,multiple,standing_on_feet,dyno,pads,feet-first-stiff,3.595,64.3,1,0,0,0,0,42.128,71.5,0.0,0,tibia_distal,0.535,
644,corner,top,vertical,without,standing_on_feet,dyno,pads,feet-first-stiff,4.351,81.2,1,1,0,0,1,49.341,69.1,0.0,0,tibia_distal,0.654,
645,steep,top,vertical,longitudinal,on_feet_leaning,dyno,pads,one-leg-awkward,4.419,77.9,1,0,1,0,0,47.123,64.9,0.0,0,tibia_distal,0.647,
646,vertical,middle,vertical,without,on_buttocks,foot_slip,pads,butt-impact,2.877,64.8,1,1,0,0,1,29.33,74.0,0.0,0,tibia_distal,0.34,
647,vertical,middle,vertical,without,on_feet_leaning,dyno,pads,feet-first-stiff,1.927,76.9,1,1,1,0,0,33.998,48.6,0.0,0,tibia_distal,0.438,
648,vertical,top,leaning_backward,without,head_first,dyno,pads,head-first,3.065,61.9,1,1,0,1,0,14.279,42.8,0.0,0,tibia_distal,0.202,
649,steep,middle,vertical,without,on_feet_leaning,foot_slip,pads,feet-first-stiff,2.997,55.9,1,1,1,0,0,36.377,72.4,0.0,0,tibia_distal,0.471,
650,vertical,bottom,vertical,multiple,standing_on_feet,other,pads,feet-first-stiff,1.234,41.7,1,0,0,0,0,15.077,37.1,0.0,0,tibia_distal,0.183,
651,vertical,bottom,leaning_backward,without,on_feet_leaning,missed_hold,pads,toe-point,1.327,65.4,1,1,1,1,0,20.998,32.8,0.0,0,tibia_distal,0.291,
652,vertical,middle,leaning_backward,front_transverse,on_feet_leaning,foot_slip,pads,toe-point,2.123,52.5,1,0,1,1,0,22.709,45.7,0.0,0,tibia_distal,0.323,
653,roof_overhang,middle,vertical,without,standing_on_feet,dyno,pads,feet-first-stiff,2.805,55.7,1,1,0,0,1,34.661,69.0,0.0,0,tibia_distal,0.448,
654,vertical,middle,leaning_backward,without,standing_on_feet,dyno,pads,feet-first-stiff,2.432,52.2,1,1,0,1,0,29.831,62.8,0.0,0,tibia_distal,0.382,
655,vertical,middle,leaning_backward,longitudinal,on_buttocks,dyno,pads,butt-impact,2.104,81.4,1,0,0,1,0,27.38,56.4,0.0,0,tibia_distal,0.328,
656,steep,top,vertical,back_transverse,head_first,dyno,pads,head-first,3.4,42.9,1,0,0,0,0,12.15,41.9,0.0,0,tibia_distal,0.17,
657,vertical,top,leaning_backward,without,on_buttocks,dyno,pads,butt-impact,4.108,86.0,1,1,0,1,0,51.488,87.6,0.0,0,tibia_distal,0.534,
658,steep,top,leaning_backward,back_transverse,on_buttocks,dyno,between_pads_and_wall,butt-impact,3.575,73.0,0,0,0,1,0,78.719,90.3,0.0,0,tibia_distal,0.33,
659,vertical,top,vertical,without,on_feet_leaning,balance_loss,pads,toe-point,3.216,61.3,1,1,1,0,0,30.772,49.7,0.0,0,tibia_distal,0.41,
660,slab,top,leaning_backward,longitudinal,back_or_front_to_pad,dyno,pads,flat-flop,3.763,60.7,1,0,0,1,0,56.714,121.9,0.0,0,calcaneus,0.21,
661,vertical,middle,vertical,without,on_feet_leaning,foot_slip,pads,toe-point,1.989,81.6,1,1,1,0,0,28.439,34.6,0.0,0,tibia_distal,0.383,
662,vertical,middle,vertical,back_transverse,head_first,other,pads,head-first,2.922,67.5,1,0,0,0,0,14.656,41.5,0.0,0,tibia_distal,0.208,
663,slab,top,vertical,antero_posterior,back_or_front_to_pad,route_finish,pads,flat-flop,4.009,69.4,1,0,0,0,0,68.025,128.6,0.0,0,calcaneus,0.252,
664,corner,middle,vertical,without,head_first,missed_hold,between_pads_and_wall,head-first,2.698,60.9,0,1,0,0,1,16.05,208.0,0.0,0,tibia_distal,0.2,
665,vertical,top,vertical,longitudinal,standing_on_feet,missed_hold,pads,controlled-drop,3.876,85.7,1,0,0,0,0,39.339,41.5,0.0,0,tibia_distal,0.419,
666,steep,bottom,leaning_forward,front_transverse,standing_on_feet,missed_hold,pads,feet-first-stiff,1.044,73.7,1,0,0,0,0,21.382,30.4,0.0,0,tibia_distal,0.266,
667,vertical,top,vertical,multiple,head_first,missed_hold,pads,head-first,4.148,55.8,1,0,0,0,0,15.834,62.7,0.0,0,tibia_distal,0.223,
668,vertical,top,vertical,multiple,on_feet_leaning,route_finish,pads,one-leg-awkward,4.239,73.6,1,0,1,0,0,45.407,66.1,0.0,0,tibia_distal,0.623,
669,vertical,middle,vertical,longitudinal,standing_on_feet,foot_slip,pads,feet-first-stiff,2.649,88.5,1,0,0,0,0,42.579,52.5,0.0,0,tibia_distal,0.544,
670,slab,bottom,leaning_backward,longitudinal,on_feet_leaning,foot_slip,pads,one-leg-awkward,1.229,95.4,1,0,1,1,0,29.711,32.1,0.0,0,tibia_distal,0.399,
671,vertical,bottom,leaning_forward,multiple,on_buttocks,foot_slip,bump_into_someone,butt-impact,1.327,72.5,1,0,0,0,0,17.015,38.5,0.0,0,tibia_distal,0.201,
672,vertical,bottom,vertical,longitudinal,on_feet_leaning,balance_loss,pads,one-leg-awkward,0.594,88.3,1,0,1,0,0,16.722,18.8,0.0,0,tibia_distal,0.22,
673,vertical,top,vertical,antero_posterior,on_feet_leaning,foot_slip,bump_into_someone,one-leg-awkward,4.402,43.9,1,0,1,0,0,38.977,90.8,0.0,0,tibia_distal,0.508,
674,vertical,top,vertical,without,on_feet_leaning,other,pads,feet-first-stiff,3.34,83.2,1,1,1,0,0,45.312,60.4,0.0,0,tibia_distal,0.588,
675,steep,middle,vertical,without,on_buttocks,missed_hold,pads,butt-impact,2.215,64.9,1,1,0,0,1,23.487,60.5,0.0,0,tibia_distal,0.28,
676,steep,middle,vertical,without,on_feet_leaning,dyno,pads,one-leg-awkward,2.172,56.0,1,1,1,0,0,29.329,54.7,0.0,0,tibia_distal,0.393,
677,steep,middle,leaning_backward,without,on_feet_leaning,missed_hold,pads,feet-first-stiff,1.627,85.5,1,1,1,1,0,32.749,41.9,0.0,0,tibia_distal,0.421,
678,vertical,top,leaning_backward,longitudinal,standing_on_feet,foot_slip,pads,feet-first-stiff,4.199,71.0,1,0,0,1,0,46.411,73.1,0.0,0,tibia_distal,0.604,
679,vertical,middle,leaning_backward,without,standing_on_feet,foot_slip,pads,controlled-drop,2.51,52.3,1,1,0,1,0,18.351,39.1,0.0,0,tibia_distal,0.241,
680,vertical,middle,vertical,without,on_buttocks,foot_slip,pads,butt-impact,2.403,65.4,1,1,0,0,1,25.35,64.5,0.0,0,tibia_distal,0.3,
681,vertical,middle,vertical,longitudinal,on_feet_leaning,other,pads,feet-first-stiff,2.192,61.7,1,0,1,0,0,31.494,56.1,0.0,0,tibia_distal,0.405,
682,vertical,top,vertical,without,standing_on_feet,dyno,pads,controlled-drop,3.435,67.0,1,1,0,0,1,28.647,43.2,0.0,0,tibia_distal,0.34,
683,steep,top,vertical,back_transverse,on_feet_leaning,dyno,pads,toe-point,4.474,60.4,1,0,1,0,0,35.995,60.2,0.0,0,tibia_distal,0.487,
684,steep,middle,leaning_backward,longitudinal,standing_on_feet,balance_loss,between_2_pads,feet-first-stiff,2.102,50.4,0,0,0,1,0,38.624,77.5,0.0,0,tibia_distal,0.455,
685,steep,middle,vertical,antero_posterior,on_feet_leaning,route_finish,pads,toe-point,2.831,58.5,1,0,1,0,0,28.083,48.6,0.0,0,tibia_distal,0.382,
686,steep,bottom,vertical,antero_posterior,standing_on_feet,missed_hold,pads,controlled-drop,1.109,70.7,1,0,0,0,0,13.317,21.2,0.0,0,tibia_distal,0.181,
687,vertical,top,vertical,without,on_feet_leaning,foot_slip,pads,toe-point,4.137,92.2,1,1,1,0,0,43.225,48.0,0.0,0,tibia_distal,0.595,
688,vertical,top,leaning_forward,longitudinal,standing_on_feet,missed_hold,pads,controlled-drop,3.292,60.1,1,0,0,0,0,25.12,44.1,0.0,0,tibia_distal,0.311,
689,vertical,bottom,vertical,without,standing_on_feet,dyno,pads,feet-first-stiff,0.7,76.5,1,1,0,0,1,16.491,21.7,0.0,0,tibia_distal,0.199,
690,vertical,top,vertical,longitudinal,head_first,missed_hold,pads,head-first,4.324,52.6,1,0,0,0,0,15.632,64.8,0.0,0,tibia_distal,0.22,
691,steep,top,leaning_backward,without,standing_on_feet,missed_hold,pads,controlled-drop,3.905,61.8,1,1,0,1,0,29.461,48.1,0.0,0,tibia_distal,0.348,
692,vertical,middle,vertical,without,on_feet_leaning,foot_slip,pads,one-leg-awkward,1.86,57.5,1,1,1,0,0,26.79,48.3,0.0,0,tibia_distal,0.358,
693,steep,middle,vertical,front_transverse,on_feet_leaning,downclimbing_trouble,pads,feet-first-stiff,2.98,42.7,1,0,1,0,0,29.614,76.5,0.0,0,tibia_distal,0.38,
694,steep,middle,leaning_forward,multiple,standing_on_feet,hands_let_go,pads,feet-first-stiff,2.762,71.6,1,0,0,0,0,39.635,59.8,0.0,0,tibia_distal,0.5,
695,vertical,bottom,leaning_forward,multiple,on_feet_leaning,dyno,pads,one-leg-awkward,0.603,75.5,1,0,1,0,0,14.714,19.4,0.0,0,tibia_distal,0.194,
696,steep,middle,leaning_forward,longitudinal,standing_on_feet,foot_slip,pads,feet-first-stiff,2.831,60.2,1,0,0,0,0,36.857,67.7,0.0,0,tibia_distal,0.475,
697,vertical,top,vertical,longitudinal,standing_on_feet,dyno,pads,feet-first-stiff,4.272,83.0,1,0,0,0,0,49.415,67.8,0.0,0,tibia_distal,0.656,
698,vertical,top,leaning_backward,without,standing_on_feet,foot_slip,pads,feet-first-stiff,3.988,69.3,1,1,0,1,0,45.133,72.2,0.0,0,tibia_distal,0.583,
699,vertical,middle,leaning_backward,back_transverse,standing_on_feet,foot_slip,pads,controlled-drop,2.368,65.2,1,0,0,1,0,20.984,35.0,0.0,0,tibia_distal,0.27,
700,vertical,top,leaning_backward,longitudinal,standing_on_feet,dyno,pads,feet-first-stiff,4.423,64.3,1,0,0,1,0,45.593,78.9,0.0,0,tibia_distal,0.59,
701,steep,middle,vertical,longitudinal,standing_on_feet,dyno,pads,controlled-drop,1.582,64.0,1,0,0,0,0,15.577,27.4,0.0,0,tibia_distal,0.209,
702,steep,top,vertical,antero_posterior,on_feet_leaning,route_finish,pads,one-leg-awkward,3.573,84.2,1,0,1,0,0,45.017,57.1,0.0,0,tibia_distal,0.617,
703,vertical,bottom,vertical,longitudinal,head_first,downclimbing_trouble,pads,head-first,1.062,76.0,1,0,0,0,0,9.358,15.0,0.0,0,tibia_distal,0.129,
704,roof_overhang,top,vertical,without,standing_on_feet,missed_hold,pads,controlled-drop,3.439,67.0,1,1,0,0,1,28.644,43.3,0.0,0,tibia_distal,0.34,
705,vertical,bottom,vertical,antero_posterior,standing_on_feet,missed_hold,pads,feet-first-stiff,1.43,53.1,1,0,0,0,0,20.618,41.0,0.0,0,tibia_distal,0.256,
706,vertical,middle,vertical,antero_posterior,on_buttocks,foot_slip,pads,butt-impact,1.734,65.9,1,0,0,0,0,19.437,49.2,0.0,0,tibia_distal,0.231,
707,vertical,top,leaning_backward,back_transverse,on_feet_leaning,foot_slip,pads,feet-first-stiff,3.414,65.9,1,0,1,1,0,41.686,68.9,0.0,0,tibia_distal,0.529,
708,vertical,middle,leaning_backward,front_transverse,on_feet_leaning,foot_slip,pads,toe-point,1.817,92.0,1,0,1,1,0,29.103,31.1,0.0,0,tibia_distal,0.389,
709,roof_overhang,bottom,vertical,without,on_feet_leaning,foot_slip,pads,one-leg-awkward,0.508,76.7,1,1,1,0,0,13.159,17.0,0.0,0,tibia_distal,0.174,
710,roof_overhang,middle,vertical,longitudinal,standing_on_feet,missed_hold,pads,controlled-drop,2.745,87.3,1,0,0,0,0,30.43,34.1,0.0,0,tibia_distal,0.352,
711,slab,middle,vertical,longitudinal,standing_on_feet,hands_let_go,pads,feet-first-stiff,1.634,67.6,1,0,0,0,0,27.46,44.0,0.0,0,tibia_distal,0.349,
712,corner,bottom,vertical,antero_posterior,on_feet_leaning,missed_hold,pads,one-leg-awkward,0.817,64.3,1,0,1,0,0,16.015,25.0,0.0,0,tibia_distal,0.211,
713,roof_overhang,bottom,vertical,without,on_feet_leaning,missed_hold,pads,one-leg-awkward,1.316,46.6,1,1,1,0,0,17.453,38.1,0.0,0,tibia_distal,0.23,
714,vertical,bottom,vertical,antero_posterior,head_first,missed_hold,pads,head-first,0.676,59.2,1,0,0,0,0,6.161,14.3,0.0,0,tibia_distal,0.085,
715,slab,top,vertical,longitudinal,standing_on_feet,dyno,bump_into_someone,feet-first-stiff,3.952,65.4,1,0,0,0,0,43.979,74.2,0.0,0,tibia_distal,0.564,
716,vertical,bottom,vertical,longitudinal,head_first,missed_hold,bump_into_someone,head-first,0.768,70.7,1,0,0,0,0,7.512,13.7,0.0,0,tibia_distal,0.103,
717,vertical,middle,leaning_backward,without,on_feet_leaning,dyno,pads,feet-first-stiff,2.383,57.5,1,1,1,1,0,31.652,60.6,0.0,0,tibia_distal,0.407,
718,vertical,bottom,vertical,longitudinal,standing_on_feet,foot_slip,pads,controlled-drop,1.055,49.2,1,0,0,0,0,9.897,22.8,0.0,0,tibia_distal,0.134,
719,roof_overhang,middle,leaning_forward,longitudinal,head_first,missed_hold,pads,head-first,2.735,48.5,1,0,0,0,0,11.635,31.8,0.0,0,tibia_distal,0.163,
720,steep,middle,leaning_backward,multiple,back_or_front_to_pad,balance_loss,pads,flat-flop,1.964,65.0,1,0,0,1,0,34.318,68.8,0.0,0,calcaneus,0.127,
721,slab,top,vertical,antero_posterior,back_or_front_to_pad,foot_slip,pads,flat-flop,4.229,40.0,1,0,0,0,0,43.046,140.9,0.0,0,calcaneus,0.159,
722,vertical,bottom,vertical,without,on_feet_leaning,missed_hold,pads,toe-point,1.061,57.1,1,1,1,0,0,17.092,30.3,0.0,0,tibia_distal,0.235,
723,steep,top,vertical,without,standing_on_feet,foot_slip,pads,controlled-drop,3.807,64.8,1,1,0,0,1,30.154,46.4,0.0,0,tibia_distal,0.353,
724,vertical,bottom,vertical,antero_posterior,standing_on_feet,other,pads,feet-first-stiff,1.208,67.1,1,0,0,0,0,22.01,34.6,0.0,0,tibia_distal,0.275,
725,vertical,top,vertical,front_transverse,standing_on_feet,missed_hold,pads,controlled-drop,4.042,92.8,1,0,0,0,0,43.65,41.0,0.0,0,tibia_distal,0.447,
726,vertical,middle,vertical,multiple,on_feet_leaning,other,pads,one-leg-awkward,1.606,58.2,1,0,1,0,0,24.32,43.1,0.0,0,tibia_distal,0.323,
727,corner,top,vertical,multiple,standing_on_feet,missed_hold,pads,controlled-drop,3.005,64.5,1,0,0,0,0,24.881,40.6,0.0,0,tibia_distal,0.308,
728,vertical,middle,vertical,longitudinal,on_feet_leaning,foot_slip,pads,toe-point,2.34,75.3,1,0,1,0,0,29.46,38.7,0.0,0,tibia_distal,0.394,
729,vertical,bottom,leaning_backward,longitudinal,on_feet_leaning,foot_slip,pads,toe-point,0.691,66.2,1,0,1,1,0,14.294,21.5,0.0,0,tibia_distal,0.196,
730,vertical,top,leaning_backward,back_transverse,on_buttocks,dyno,pads,butt-impact,4.214,89.9,1,0,0,1,0,54.765,87.8,0.0,0,tibia_distal,0.559,
731,vertical,top,vertical,longitudinal,standing_on_feet,dyno,pads,feet-first-stiff,3.984,81.4,1,0,0,0,0,47.872,66.3,0.0,0,tibia_distal,0.63,
732,steep,bottom,leaning_backward,longitudinal,on_feet_leaning,foot_slip,pads,feet-first-stiff,1.133,68.1,1,0,1,1,0,21.263,32.8,0.0,0,tibia_distal,0.264,
733,steep,top,vertical,longitudinal,standing_on_feet,missed_hold,pads,controlled-drop,3.907,62.0,1,0,0,0,0,29.575,48.0,0.0,0,tibia_distal,0.349,
734,roof_overhang,top,leaning_backward,longitudinal,on_feet_leaning,foot_slip,pads,one-leg-awkward,3.251,84.9,1,0,1,1,0,44.055,54.8,0.0,0,tibia_distal,0.597,
735,vertical,middle,leaning_forward,back_transverse,on_feet_leaning,dyno,between_pads_and_wall,feet-first-stiff,1.846,60.1,0,0,1,0,0,39.984,66.9,0.0,0,tibia_distal,0.469,
736,vertical,top,vertical,longitudinal,on_feet_leaning,missed_hold,pads,feet-first-stiff,3.4,55.6,1,0,1,0,0,38.655,75.5,0.0,0,tibia_distal,0.488,
737,steep,middle,vertical,antero_posterior,standing_on_feet,hands_let_go,pads,feet-first-stiff,1.706,78.0,1,0,0,0,0,31.579,44.2,0.0,0,tibia_distal,0.405,
738,vertical,middle,vertical,without,standing_on_feet,dyno,pads,feet-first-stiff,2.1,91.4,1,1,0,0,1,39.43,46.3,0.0,0,tibia_distal,0.497,
739,slab,middle,leaning_forward,back_transverse,back_or_front_to_pad,foot_slip,pads,flat-flop,2.894,58.6,1,0,0,0,0,43.475,97.6,0.0,0,calcaneus,0.161,
740,steep,middle,vertical,antero_posterior,back_or_front_to_pad,dyno,pads,flat-flop,1.841,83.7,1,0,0,0,0,40.521,64.3,0.0,0,calcaneus,0.15,
741,vertical,top,vertical,without,on_feet_leaning,dyno,pads,one-leg-awkward,3.226,57.3,1,1,1,0,0,38.413,68.3,0.0,0,tibia_distal,0.501,
742,roof_overhang,middle,vertical,longitudinal,on_feet_leaning,missed_hold,pads,feet-first-stiff,2.026,80.7,1,0,1,0,0,36.444,49.8,0.0,0,tibia_distal,0.471,
743,roof_overhang,top,leaning_backward,without,head_first,hands_let_go,pads,head-first,3.9,62.6,1,1,0,1,0,16.4,60.2,0.0,0,tibia_distal,0.231,
744,vertical,top,vertical,multiple,on_feet_leaning,foot_slip,pads,one-leg-awkward,3.015,74.9,1,0,1,0,0,41.629,57.3,0.0,0,tibia_distal,0.55,
745,vertical,top,vertical,without,standing_on_feet,balance_loss,pads,controlled-drop,4.383,67.3,1,1,0,0,1,34.897,49.4,0.0,0,tibia_distal,0.39,
746,roof_overhang,middle,vertical,multiple,standing_on_feet,dyno,pads,controlled-drop,2.526,86.6,1,0,0,0,0,28.287,32.7,0.0,0,tibia_distal,0.335,
747,steep,top,vertical,antero_posterior,on_feet_leaning,dyno,pads,one-leg-awkward,3.928,70.7,1,0,1,0,0,44.077,65.8,0.0,0,tibia_distal,0.596,
748,steep,middle,leaning_backward,longitudinal,standing_on_feet,other,pads,controlled-drop,2.01,63.6,1,0,0,1,0,18.389,31.8,0.0,0,tibia_distal,0.24,
749,steep,bottom,vertical,antero_posterior,on_feet_leaning,missed_hold,pads,toe-point,1.215,60.0,1,0,1,0,0,19.418,32.4,0.0,0,tibia_distal,0.264,
750,slab,top,vertical,longitudinal,standing_on_feet,missed_hold,pads,feet-first-stiff,3.475,81.6,1,0,0,0,0,45.623,62.2,0.0,0,tibia_distal,0.593,
751,vertical,middle,leaning_backward,without,on_feet_leaning,dyno,pads,one-leg-awkward,2.681,83.9,1,1,1,1,0,41.663,51.1,0.0,0,tibia_distal,0.551,
752,steep,middle,vertical,longitudinal,standing_on_feet,foot_slip,pads,controlled-drop,1.507,61.4,1,0,0,0,0,14.591,27.0,0.0,0,tibia_distal,0.197,
753,steep,top,vertical,longitudinal,standing_on_feet,dyno,pads,controlled-drop,4.066,61.7,1,0,0,0,0,30.413,49.2,0.0,0,tibia_distal,0.356,
754,slab,top,vertical,longitudinal,standing_on_feet,missed_hold,pads,controlled-drop,4.214,72.8,1,0,0,0,0,36.277,46.7,0.0,0,tibia_distal,0.399,
755,steep,bottom,vertical,longitudinal,on_feet_leaning,missed_hold,pads,one-leg-awkward,1.053,95.6,1,0,1,0,0,26.75,28.6,0.0,0,tibia_distal,0.357,
756,vertical,middle,vertical,antero_posterior,standing_on_feet,hands_let_go,pads,controlled-drop,2.414,73.5,1,0,0,0,0,23.578,33.9,0.0,0,tibia_distal,0.295,
757,steep,top,leaning_backward,antero_posterior,standing_on_feet,missed_hold,pads,feet-first-stiff,4.461,68.6,1,0,0,1,0,46.833,76.5,0.0,0,tibia_distal,0.611,
758,vertical,top,leaning_backward,antero_posterior,standing_on_feet,missed_hold,pads,controlled-drop,3.72,87.7,1,0,0,1,0,38.886,40.2,0.0,0,tibia_distal,0.415,
759,slab,top,leaning_forward,back_transverse,standing_on_feet,foot_slip,pads,feet-first-stiff,4.363,93.4,1,0,0,0,0,51.94,64.1,0.0,0,tibia_distal,0.699,
760,vertical,middle,vertical,without,on_feet_leaning,balance_loss,pads,one-leg-awkward,2.028,74.8,1,1,1,0,0,34.833,48.5,0.0,0,tibia_distal,0.467,
761,vertical,middle,vertical,without,on_feet_leaning,balance_loss,pads,one-leg-awkward,2.705,57.2,1,1,1,0,0,34.833,63.7,0.0,0,tibia_distal,0.467,
762,steep,top,leaning_backward,without,back_or_front_to_pad,route_finish,pads,flat-flop,3.975,82.3,1,1,0,1,0,79.026,127.0,0.0,0,calcaneus,0.293,
763,slab,middle,vertical,longitudinal,standing_on_feet,dyno,pads,controlled-drop,1.572,57.0,1,0,0,0,0,14.184,28.4,0.0,0,tibia_distal,0.192,
764,steep,bottom,vertical,without,head_first,foot_slip,pads,head-first,0.672,79.4,1,1,0,0,1,7.609,12.2,0.0,0,tibia_distal,0.104,
765,vertical,middle,leaning_backward,back_transverse,standing_on_feet,missed_hold,pads,controlled-drop,1.886,71.9,1,0,0,1,0,19.389,29.4,0.0,0,tibia_distal,0.251,
766,vertical,middle,vertical,longitudinal,on_feet_leaning,balance_loss,pads,one-leg-awkward,2.773,56.1,1,0,1,0,0,34.961,65.0,0.0,0,tibia_distal,0.467,
767,vertical,middle,leaning_forward,longitudinal,on_feet_leaning,foot_slip,pads,one-leg-awkward,1.638,96.2,1,0,1,0,0,36.152,38.2,0.0,0,tibia_distal,0.476,
768,vertical,top,vertical,without,head_first,foot_slip,pads,head-first,4.304,75.2,1,1,0,0,1,19.619,72.9,0.0,0,tibia_distal,0.271,
769,slab,bottom,leaning_forward,without,on_feet_leaning,other,pads,one-leg-awkward,0.617,69.4,1,1,1,0,0,13.885,19.9,0.0,0,tibia_distal,0.183,
770,corner,top,leaning_backward,multiple,on_buttocks,foot_slip,pads,butt-impact,4.013,66.9,1,0,0,1,0,40.367,92.7,0.0,0,tibia_distal,0.44,
771,vertical,top,leaning_backward,antero_posterior,on_feet_leaning,dyno,pads,one-leg-awkward,4.449,59.1,1,0,1,1,0,43.395,77.1,0.0,0,tibia_distal,0.582,
772,vertical,middle,vertical,without,on_feet_leaning,missed_hold,pads,feet-first-stiff,2.551,70.3,1,1,1,0,0,37.991,58.7,0.0,0,tibia_distal,0.482,
773,steep,bottom,leaning_backward,longitudinal,standing_on_feet,missed_hold,pads,controlled-drop,0.797,67.4,1,0,0,1,0,10.445,17.4,0.0,0,tibia_distal,0.143,
774,steep,top,leaning_backward,without,back_or_front_to_pad,dyno,pads,flat-flop,4.03,51.4,1,1,0,1,0,51.789,130.8,0.0,0,calcaneus,0.192,
775,roof_overhang,top,vertical,without,on_feet_leaning,foot_slip,pads,one-leg-awkward,3.631,68.4,1,1,1,0,0,42.754,65.1,0.0,0,tibia_distal,0.57,
776,steep,top,vertical,without,on_feet_leaning,dyno,pads,one-leg-awkward,4.04,63.7,1,1,1,0,0,43.147,70.9,0.0,0,tibia_distal,0.577,
777,steep,middle,leaning_forward,without,head_first,hands_let_go,pads,head-first,2.591,55.1,1,1,0,0,1,12.184,31.3,0.0,0,tibia_distal,0.171,
778,steep,middle,vertical,front_transverse,standing_on_feet,missed_hold,pads,feet-first-stiff,2.42,84.1,1,0,0,0,0,40.273,51.7,0.0,0,tibia_distal,0.509,
779,vertical,top,vertical,longitudinal,standing_on_feet,dyno,pads,controlled-drop,3.841,75.1,1,0,0,0,0,34.673,43.8,0.0,0,tibia_distal,0.386,
780,vertical,top,leaning_backward,without,back_or_front_to_pad,missed_hold,pads,flat-flop,3.848,80.8,1,1,0,1,0,75.422,123.4,0.0,0,calcaneus,0.279,
781,roof_overhang,middle,vertical,longitudinal,head_first,hands_let_go,pads,head-first,2.164,87.7,1,0,0,0,0,14.653,30.4,0.0,0,tibia_distal,0.208,
782,corner,middle,vertical,longitudinal,on_feet_leaning,foot_slip,pads,toe-point,2.327,79.7,1,0,1,0,0,30.309,37.4,0.0,0,tibia_distal,0.403,
783,vertical,bottom,vertical,longitudinal,on_feet_leaning,foot_slip,pads,one-leg-awkward,1.298,57.0,1,0,1,0,0,20.432,36.5,0.0,0,tibia_distal,0.27,
784,corner,middle,leaning_backward,longitudinal,standing_on_feet,other,pads,controlled-drop,2.923,61.6,1,0,0,1,0,23.397,40.7,0.0,0,tibia_distal,0.295,
785,slab,bottom,vertical,without,on_feet_leaning,missed_hold,pads,one-leg-awkward,0.633,60.7,1,1,1,0,0,12.543,20.6,0.0,0,tibia_distal,0.165,
786,slab,middle,vertical,longitudinal,standing_on_feet,dyno,pads,feet-first-stiff,2.367,70.4,1,0,0,0,0,36.65,57.5,0.0,0,tibia_distal,0.473,
787,steep,top,leaning_backward,without,on_feet_leaning,foot_slip,between_pads_and_wall,one-leg-awkward,3.397,70.2,0,1,1,1,0,45.503,66.7,0.0,0,tibia_distal,0.599,
788,vertical,top,leaning_forward,longitudinal,on_feet_leaning,foot_slip,pads,toe-point,3.991,62.8,1,0,1,0,0,34.77,55.6,0.0,0,tibia_distal,0.468,
789,vertical,top,vertical,multiple,on_feet_leaning,foot_slip,pads,toe-point,4.156,98.7,1,0,1,0,0,44.564,46.5,0.0,0,tibia_distal,0.618,
790,vertical,top,leaning_backward,longitudinal,on_feet_leaning,foot_slip,pads,feet-first-stiff,4.267,55.9,1,0,1,1,0,42.582,83.4,0.0,0,tibia_distal,0.542,
791,vertical,top,vertical,without,standing_on_feet,downclimbing_trouble,pads,feet-first-stiff,3.109,66.9,1,1,0,0,1,40.417,65.4,0.0,0,tibia_distal,0.51,
792,slab,top,leaning_backward,without,on_feet_leaning,balance_loss,pads,toe-point,3.178,65.4,1,1,1,1,0,31.715,48.1,0.0,0,tibia_distal,0.423,
793,vertical,top,vertical,longitudinal,on_feet_leaning,foot_slip,pads,one-leg-awkward,3.116,59.9,1,0,1,0,0,38.618,65.7,0.0,0,tibia_distal,0.504,
794,steep,top,vertical,longitudinal,on_feet_leaning,dyno,pads,one-leg-awkward,4.278,58.8,1,0,1,0,0,42.85,76.1,0.0,0,tibia_distal,0.571,
795,vertical,bottom,vertical,longitudinal,on_feet_leaning,other,pads,one-leg-awkward,0.602,91.7,1,0,1,0,0,17.447,18.9,0.0,0,tibia_distal,0.23,
796,roof_overhang,top,vertical,back_transverse,on_feet_leaning,foot_slip,pads,toe-point,4.179,69.1,1,0,1,0,0,37.433,54.7,0.0,0,tibia_distal,0.507,
797,corner,bottom,leaning_backward,without,standing_on_feet,foot_slip,pads,controlled-drop,1.065,49.4,1,1,0,1,0,9.988,22.9,0.0,0,tibia_distal,0.136,
798,corner,bottom,leaning_backward,antero_posterior,on_feet_leaning,foot_slip,pads,toe-point,0.765,74.9,1,0,1,1,0,16.962,22.7,0.0,0,tibia_distal,0.233,
799,roof_overhang,bottom,vertical,multiple,on_feet_leaning,downclimbing_trouble,pads,feet-first-stiff,1.417,55.2,1,0,1,0,0,21.145,40.5,0.0,0,tibia_distal,0.263,
800,vertical,bottom,leaning_backward,longitudinal,on_feet_leaning,other,pads,feet-first-stiff,0.863,46.6,1,0,1,1,0,12.572,27.2,0.0,0,tibia_distal,0.151,
801,vertical,middle,leaning_backward,longitudinal,head_first,downclimbing_trouble,pads,head-first,2.066,95.5,1,0,0,1,0,15.201,29.7,0.0,0,tibia_distal,0.214,
802,vertical,middle,vertical,longitudinal,standing_on_feet,dyno,pads,feet-first-stiff,2.763,63.1,1,0,0,0,0,37.359,64.9,0.0,0,tibia_distal,0.478,
803,steep,top,vertical,longitudinal,on_feet_leaning,missed_hold,pads,toe-point,3.664,78.6,1,0,1,0,0,37.594,48.2,0.0,0,tibia_distal,0.509,
804,vertical,bottom,vertical,without,on_feet_leaning,dyno,pads,one-leg-awkward,1.062,48.5,1,1,1,0,0,15.311,32.0,0.0,0,tibia_distal,0.202,
805,steep,top,vertical,multiple,on_feet_leaning,foot_slip,pads,toe-point,3.184,59.1,1,0,1,0,0,29.993,50.6,0.0,0,tibia_distal,0.402,
806,vertical,top,vertical,longitudinal,standing_on_feet,missed_hold,pads,feet-first-stiff,3.975,46.4,1,0,0,0,0,38.083,89.6,0.0,0,tibia_distal,0.483,
807,steep,bottom,leaning_backward,without,on_feet_leaning,dyno,pads,toe-point,0.615,75.5,1,1,1,1,0,14.729,19.3,0.0,0,tibia_distal,0.202,
808,steep,bottom,vertical,back_transverse,on_feet_leaning,foot_slip,pads,toe-point,0.87,75.0,1,0,1,0,0,18.533,24.8,0.0,0,tibia_distal,0.255,
809,vertical,top,leaning_forward,without,standing_on_feet,other,pads,controlled-drop,3.746,43.4,1,1,0,0,1,20.899,53.8,0.0,0,tibia_distal,0.273,
810,vertical,top,vertical,without,on_feet_leaning,dyno,pads,toe-point,4.198,83.2,1,1,1,0,0,41.387,50.6,0.0,0,tibia_distal,0.566,
811,vertical,middle,vertical,back_transverse,head_first,foot_slip,pads,head-first,1.842,81.5,1,0,0,0,0,12.843,22.9,0.0,0,tibia_distal,0.183,
812,vertical,middle,vertical,without,standing_on_feet,route_finish,pads,feet-first-stiff,1.658,69.7,1,1,0,0,1,28.425,44.2,0.0,0,tibia_distal,0.362,
813,slab,bottom,vertical,longitudinal,on_feet_leaning,missed_hold,pads,one-leg-awkward,0.626,69.3,1,0,1,0,0,14.008,20.1,0.0,0,tibia_distal,0.185,
814,vertical,top,vertical,longitudinal,on_feet_leaning,other,pads,feet-first-stiff,4.295,79.5,1,0,1,0,0,48.751,69.5,0.0,0,tibia_distal,0.644,
815,slab,bottom,vertical,longitudinal,head_first,dyno,between_2_pads,head-first,1.112,45.3,0,0,0,0,0,8.542,147.8,0.0,0,tibia_distal,0.109,
816,roof_overhang,middle,leaning_forward,without,on_buttocks,foot_slip,pads,butt-impact,2.104,86.5,1,1,0,0,1,28.869,55.8,0.0,0,tibia_distal,0.344,
817,steep,middle,leaning_forward,without,standing_on_feet,balance_loss,pads,feet-first-stiff,1.895,61.3,1,1,0,0,1,28.262,50.2,0.0,0,tibia_distal,0.36,
818,steep,top,vertical,antero_posterior,on_feet_leaning,dyno,between_2_pads,one-leg-awkward,3.989,92.2,0,0,1,0,0,49.755,58.1,0.0,0,tibia_distal,0.687,
819,roof_overhang,bottom,vertical,without,on_feet_leaning,foot_slip,pads,toe-point,0.851,86.8,1,1,1,0,0,20.036,23.0,0.0,0,tibia_distal,0.274,
820,vertical,top,leaning_forward,without,standing_on_feet,other,pads,feet-first-stiff,3.588,88.2,1,1,0,0,1,47.477,60.6,0.0,0,tibia_distal,0.624,
821,vertical,middle,vertical,back_transverse,standing_on_feet,other,pads,feet-first-stiff,1.671,85.4,1,0,0,0,0,33.344,42.7,0.0,0,tibia_distal,0.429,
822,roof_overhang,top,vertical,without,standing_on_feet,other,pads,feet-first-stiff,4.323,63.8,1,1,0,0,1,45.072,78.3,0.0,0,tibia_distal,0.582,
823,vertical,top,leaning_backward,front_transverse,on_feet_leaning,missed_hold,pads,one-leg-awkward,3.732,94.3,1,0,1,1,0,48.245,54.1,0.0,0,tibia_distal,0.655,
824,vertical,top,vertical,without,on_buttocks,missed_hold,pads,butt-impact,3.615,81.9,1,1,0,0,1,44.049,81.9,0.0,0,tibia_distal,0.476,
825,steep,top,leaning_backward,multiple,standing_on_feet,other,pads,feet-first-stiff,3.13,60.8,1,0,0,1,0,38.86,69.2,0.0,0,tibia_distal,0.49,
826,steep,top,vertical,multiple,head_first,foot_slip,pads,head-first,3.921,51.3,1,0,0,0,0,14.597,56.0,0.0,0,tibia_distal,0.206,
827,slab,middle,leaning_forward,antero_posterior,standing_on_feet,dyno,between_2_pads,controlled-drop,2.617,67.5,0,0,0,0,0,32.029,39.7,0.0,0,tibia_distal,0.316,
828,steep,top,vertical,front_transverse,standing_on_feet,foot_slip,pads,controlled-drop,3.373,48.7,1,0,0,0,0,21.292,48.4,0.0,0,tibia_distal,0.276,
829,vertical,top,leaning_backward,longitudinal,head_first,missed_hold,pads,head-first,3.296,86.1,1,0,0,1,0,18.516,54.1,0.0,0,tibia_distal,0.256,
830,steep,bottom,vertical,antero_posterior,standing_on_feet,foot_slip,pads,controlled-drop,1.117,68.1,1,0,0,0,0,12.995,21.6,0.0,0,tibia_distal,0.177,
831,vertical,top,leaning_backward,front_transverse,standing_on_feet,missed_hold,pads,controlled-drop,3.249,82.4,1,0,0,1,0,33.023,38.4,0.0,0,tibia_distal,0.373,
832,vertical,top,leaning_forward,longitudinal,on_feet_leaning,balance_loss,pads,feet-first-stiff,4.044,73.7,1,0,1,0,0,46.414,70.4,0.0,0,tibia_distal,0.605,
833,steep,bottom,leaning_backward,multiple,on_feet_leaning,dyno,pads,toe-point,1.021,60.2,1,0,1,1,0,17.35,29.1,0.0,0,tibia_distal,0.239,
834,vertical,bottom,vertical,antero_posterior,on_feet_leaning,balance_loss,pads,toe-point,0.503,77.0,1,0,1,0,0,13.068,16.6,0.0,0,tibia_distal,0.179,
835,vertical,middle,leaning_backward,without,head_first,hands_let_go,pads,head-first,1.819,72.7,1,1,0,1,0,11.938,20.8,0.0,0,tibia_distal,0.169,
836,steep,top,vertical,antero_posterior,on_feet_leaning,foot_slip,pads,one-leg-awkward,4.239,66.9,1,0,1,0,0,44.3,70.1,0.0,0,tibia_distal,0.6,
837,vertical,bottom,leaning_backward,longitudinal,standing_on_feet,balance_loss,pads,feet-first-stiff,0.711,82.1,1,0,0,1,0,17.718,21.8,0.0,0,tibia_distal,0.215,
838,slab,middle,vertical,without,head_first,missed_hold,pads,head-first,2.614,54.9,1,1,0,0,1,12.216,31.7,0.0,0,tibia_distal,0.172,
839,steep,top,vertical,longitudinal,standing_on_feet,foot_slip,pads,controlled-drop,4.067,57.0,1,0,0,0,0,28.314,50.8,0.0,0,tibia_distal,0.339,
840,vertical,middle,vertical,back_transverse,standing_on_feet,missed_hold,pads,feet-first-stiff,1.949,71.9,1,0,0,0,0,32.544,49.7,0.0,0,tibia_distal,0.418,
841,vertical,bottom,leaning_backward,longitudinal,on_feet_leaning,foot_slip,pads,feet-first-stiff,1.243,65.8,1,0,1,1,0,22.119,35.6,0.0,0,tibia_distal,0.276,
842,steep,bottom,leaning_backward,back_transverse,head_first,other,pads,head-first,1.218,82.0,1,0,0,1,0,10.52,15.3,0.0,0,tibia_distal,0.147,
843,roof_overhang,bottom,leaning_forward,antero_posterior,on_feet_leaning,missed_hold,pads,feet-first-stiff,0.51,74.1,1,0,1,0,0,12.681,16.9,0.0,0,tibia_distal,0.153,
844,steep,middle,leaning_backward,without,standing_on_feet,balance_loss,pads,feet-first-stiff,2.084,58.0,1,1,0,1,0,28.977,54.6,0.0,0,tibia_distal,0.37,
845,vertical,bottom,vertical,front_transverse,back_or_front_to_pad,missed_hold,pads,flat-flop,1.015,83.7,1,0,0,0,0,25.552,39.6,0.0,0,calcaneus,0.095,
846,steep,top,vertical,multiple,standing_on_feet,dyno,pads,controlled-drop,3.441,74.6,1,0,0,0,0,31.609,41.3,0.0,0,tibia_distal,0.363,
847,slab,top,vertical,longitudinal,on_feet_leaning,foot_slip,pads,one-leg-awkward,3.023,65.2,1,0,1,0,0,39.584,61.9,0.0,0,tibia_distal,0.517,
848,vertical,top,vertical,front_transverse,standing_on_feet,missed_hold,pads,controlled-drop,3.23,78.6,1,0,0,0,0,31.501,39.0,0.0,0,tibia_distal,0.362,
849,steep,bottom,vertical,without,standing_on_feet,dyno,pads,feet-first-stiff,0.915,72.7,1,1,0,0,1,19.234,27.2,0.0,0,tibia_distal,0.236,
850,vertical,top,vertical,front_transverse,head_first,missed_hold,pads,head-first,4.251,52.9,1,0,0,0,0,15.542,63.5,0.0,0,tibia_distal,0.219,
851,roof_overhang,middle,vertical,without,on_feet_leaning,foot_slip,between_pads_and_wall,one-leg-awkward,1.894,69.1,0,1,1,0,0,36.577,55.0,0.0,0,tibia_distal,0.487,
852,vertical,top,leaning_forward,back_transverse,on_feet_leaning,foot_slip,pads,one-leg-awkward,4.024,55.9,1,0,1,0,0,41.408,76.4,0.0,0,tibia_distal,0.546,
853,slab,top,leaning_backward,longitudinal,back_or_front_to_pad,other,pads,flat-flop,3.707,64.1,1,0,0,1,0,58.842,120.0,0.0,0,calcaneus,0.218,
854,vertical,top,vertical,without,standing_on_feet,route_finish,pads,feet-first-stiff,4.061,79.0,1,1,0,0,1,47.682,68.0,0.0,0,tibia_distal,0.626,
855,slab,top,leaning_backward,without,standing_on_feet,foot_slip,pads,controlled-drop,3.687,52.6,1,1,0,1,0,24.393,49.6,0.0,0,tibia_distal,0.306,
856,steep,bottom,leaning_backward,antero_posterior,back_or_front_to_pad,dyno,pads,flat-flop,1.205,77.0,1,0,0,1,0,27.05,45.5,0.0,0,calcaneus,0.1,
857,vertical,bottom,vertical,antero_posterior,on_feet_leaning,dyno,pads,toe-point,0.909,66.1,1,0,1,0,0,17.273,26.3,0.0,0,tibia_distal,0.238,
858,roof_overhang,middle,leaning_backward,without,standing_on_feet,missed_hold,pads,feet-first-stiff,1.713,66.3,1,1,0,1,0,27.986,45.8,0.0,0,tibia_distal,0.356,
859,vertical,top,vertical,without,standing_on_feet,foot_slip,pads,feet-first-stiff,4.5,98.2,1,1,0,0,1,53.508,63.2,0.0,0,tibia_distal,0.725,
860,vertical,middle,vertical,without,on_feet_leaning,missed_hold,pads,toe-point,2.721,73.7,1,1,1,0,0,31.355,42.0,0.0,0,tibia_distal,0.417,
861,steep,middle,vertical,without,standing_on_feet,missed_hold,between_2_pads,feet-first-stiff,1.764,72.8,0,1,0,0,1,41.869,57.2,0.0,0,tibia_distal,0.487,
862,vertical,bottom,vertical,back_transverse,back_or_front_to_pad,missed_hold,pads,flat-flop,1.109,67.7,1,0,0,0,0,23.308,44.8,0.0,0,calcaneus,0.086,
863,vertical,top,leaning_backward,longitudinal,on_feet_leaning,hands_let_go,pads,one-leg-awkward,3.115,82.1,1,0,1,1,0,43.187,55.0,0.0,0,tibia_distal,0.579,
864,steep,bottom,vertical,longitudinal,head_first,dyno,pads,head-first,0.998,91.7,1,0,0,0,0,10.235,13.3,0.0,0,tibia_distal,0.142,
865,slab,middle,vertical,front_transverse,on_feet_leaning,missed_hold,pads,one-leg-awkward,2.489,80.8,1,0,1,0,0,40.107,50.6,0.0,0,tibia_distal,0.526,
866,vertical,middle,leaning_backward,back_transverse,on_feet_leaning,foot_slip,pads,one-leg-awkward,1.724,84.0,1,0,1,1,0,33.989,42.3,0.0,0,tibia_distal,0.459,
867,roof_overhang,bottom,vertical,without,standing_on_feet,downclimbing_trouble,pads,controlled-drop,1.268,58.4,1,1,0,0,1,12.565,24.5,0.0,0,tibia_distal,0.171,
868,vertical,top,vertical,multiple,on_buttocks,dyno,pads,butt-impact,3.864,74.0,1,0,0,0,0,42.658,88.1,0.0,0,tibia_distal,0.461,
869,vertical,bottom,vertical,without,standing_on_feet,dyno,pads,feet-first-stiff,1.41,60.9,1,1,0,0,1,22.774,39.8,0.0,0,tibia_distal,0.286,
870,steep,top,leaning_forward,longitudinal,on_feet_leaning,foot_slip,pads,one-leg-awkward,3.151,73.0,1,0,1,0,0,41.851,59.2,0.0,0,tibia_distal,0.554,
871,steep,middle,leaning_forward,without,on_feet_leaning,foot_slip,pads,one-leg-awkward,1.739,52.5,1,1,1,0,0,23.728,46.6,0.0,0,tibia_distal,0.315,
872,vertical,bottom,leaning_backward,longitudinal,on_buttocks,foot_slip,bump_into_someone,butt-impact,1.11,68.7,1,0,0,1,0,14.256,30.9,0.0,0,tibia_distal,0.154,
873,vertical,bottom,leaning_backward,longitudinal,standing_on_feet,dyno,pads,feet-first-stiff,1.241,40.4,1,0,0,1,0,14.741,37.4,0.0,0,tibia_distal,0.178,
874,vertical,top,vertical,without,on_feet_leaning,dyno,pads,toe-point,3.288,70.7,1,1,1,0,0,33.667,47.5,0.0,0,tibia_distal,0.451,
875,steep,middle,leaning_backward,without,standing_on_feet,downclimbing_trouble,pads,feet-first-stiff,1.878,70.4,1,1,0,1,0,31.213,48.5,0.0,0,tibia_distal,0.4,
876,steep,top,vertical,multiple,standing_on_feet,dyno,pads,feet-first-stiff,4.145,63.4,1,0,0,0,0,44.237,77.1,0.0,0,tibia_distal,0.568,
877,steep,top,vertical,back_transverse,on_feet_leaning,foot_slip,pads,toe-point,3.287,73.9,1,0,1,0,0,34.505,46.6,0.0,0,tibia_distal,0.464,
878,vertical,top,leaning_backward,multiple,on_feet_leaning,dyno,pads,feet-first-stiff,3.605,73.1,1,0,1,1,0,44.36,67.0,0.0,0,tibia_distal,0.571,
879,vertical,top,leaning_backward,longitudinal,standing_on_feet,foot_slip,pads,feet-first-stiff,3.388,99.3,1,0,0,1,0,48.574,55.4,0.0,0,tibia_distal,0.644,
880,vertical,top,vertical,without,on_feet_leaning,missed_hold,between_2_pads,one-leg-awkward,3.02,81.8,0,1,1,0,0,45.796,57.8,0.0,0,tibia_distal,0.607,
881,vertical,middle,vertical,longitudinal,standing_on_feet,hands_let_go,pads,feet-first-stiff,1.84,65.5,1,0,0,0,0,29.126,48.5,0.0,0,tibia_distal,0.372,
882,vertical,top,leaning_forward,without,standing_on_feet,foot_slip,between_pads_and_wall,controlled-drop,3.692,89.9,0,1,0,0,1,46.385,41.1,0.0,0,tibia_distal,0.435,
883,vertical,top,leaning_forward,longitudinal,standing_on_feet,dyno,pads,feet-first-stiff,3.442,81.8,1,0,0,0,0,45.505,61.9,0.0,0,tibia_distal,0.591,
884,vertical,middle,vertical,multiple,head_first,downclimbing_trouble,pads,head-first,1.819,75.0,1,0,0,0,0,12.156,21.3,0.0,0,tibia_distal,0.172,
885,vertical,middle,leaning_backward,longitudinal,head_first,foot_slip,between_pads_and_wall,head-first,2.575,64.4,0,0,0,1,0,16.288,198.5,0.0,0,tibia_distal,0.202,
886,corner,middle,leaning_backward,without,on_feet_leaning,foot_slip,pads,toe-point,2.823,78.9,1,1,1,1,0,33.174,41.7,0.0,0,tibia_distal,0.443,
887,vertical,top,leaning_backward,antero_posterior,head_first,dyno,pads,head-first,4.27,80.9,1,0,0,1,0,20.635,73.8,0.0,0,tibia_distal,0.282,
888,slab,top,vertical,without,on_feet_leaning,dyno,pads,feet-first-stiff,3.847,66.9,1,1,1,0,0,43.929,72.3,0.0,0,tibia_distal,0.564,
889,corner,bottom,vertical,antero_posterior,back_or_front_to_pad,dyno,pads,flat-flop,0.982,70.5,1,0,0,0,0,22.178,41.2,0.0,0,calcaneus,0.082,
890,steep,top,leaning_backward,back_transverse,standing_on_feet,dyno,bump_into_someone,feet-first-stiff,3.119,70.1,1,0,0,1,0,41.261,63.9,0.0,0,tibia_distal,0.523,
891,vertical,middle,vertical,longitudinal,on_feet_leaning,dyno,pads,one-leg-awkward,2.336,47.5,1,0,1,0,0,27.223,59.7,0.0,0,tibia_distal,0.364,
892,vertical,middle,vertical,multiple,back_or_front_to_pad,missed_hold,pads,flat-flop,2.332,54.3,1,0,0,0,0,33.936,81.0,0.0,0,calcaneus,0.126,
893,steep,bottom,vertical,without,standing_on_feet,foot_slip,pads,feet-first-stiff,0.612,73.0,1,1,0,0,1,14.321,19.5,0.0,0,tibia_distal,0.172,
894,vertical,top,vertical,without,standing_on_feet,foot_slip,pads,feet-first-stiff,3.762,95.4,1,1,0,0,1,49.665,59.4,0.0,0,tibia_distal,0.662,
895,vertical,top,leaning_forward,longitudinal,standing_on_feet,foot_slip,pads,controlled-drop,3.668,76.3,1,0,0,0,0,33.914,42.4,0.0,0,tibia_distal,0.381,
896,steep,top,vertical,antero_posterior,standing_on_feet,other,pads,controlled-drop,4.019,66.8,1,0,0,0,0,32.326,47.2,0.0,0,tibia_distal,0.37,
897,vertical,top,leaning_backward,back_transverse,head_first,foot_slip,pads,head-first,3.936,71.8,1,0,0,1,0,17.977,64.1,0.0,0,tibia_distal,0.252,
898,steep,bottom,leaning_backward,antero_posterior,on_feet_leaning,route_finish,pads,toe-point,0.516,86.8,1,0,1,1,0,14.714,16.6,0.0,0,tibia_distal,0.202,
899,vertical,middle,leaning_backward,longitudinal,back_or_front_to_pad,foot_slip,pads,flat-flop,2.505,58.4,1,0,0,1,0,38.313,86.2,0.0,0,calcaneus,0.142,
900,vertical,top,leaning_forward,without,on_feet_leaning,foot_slip,pads,one-leg-awkward,3.917,63.1,1,1,1,0,0,42.654,70.5,0.0,0,tibia_distal,0.568,
901,corner,bottom,leaning_backward,back_transverse,standing_on_feet,downclimbing_trouble,pads,feet-first-stiff,1.265,67.2,1,0,0,1,0,22.781,35.9,0.0,0,tibia_distal,0.285,
902,vertical,middle,leaning_forward,longitudinal,on_feet_leaning,missed_hold,pads,feet-first-stiff,2.622,66.8,1,0,1,0,0,37.526,61.3,0.0,0,tibia_distal,0.479,
903,roof_overhang,middle,leaning_forward,longitudinal,standing_on_feet,foot_slip,between_pads_and_wall,feet-first-stiff,1.952,60.9,0,0,0,0,0,41.17,67.6,0.0,0,tibia_distal,0.48,
904,vertical,top,vertical,without,head_first,dyno,pads,head-first,4.289,70.2,1,1,0,0,1,18.593,71.0,0.0,0,tibia_distal,0.26,
905,steep,top,vertical,without,on_feet_leaning,hands_let_go,pads,one-leg-awkward,3.988,77.9,1,1,1,0,0,45.364,62.4,0.0,0,tibia_distal,0.623,
906,steep,middle,leaning_backward,without,head_first,other,pads,head-first,2.229,58.4,1,1,0,1,0,11.648,25.3,0.0,0,tibia_distal,0.164,
907,vertical,top,leaning_backward,without,on_feet_leaning,route_finish,pads,toe-point,4.271,65.3,1,1,1,1,0,36.708,56.8,0.0,0,tibia_distal,0.497,
908,steep,middle,vertical,longitudinal,on_feet_leaning,dyno,pads,toe-point,2.765,73.0,1,0,1,0,0,31.438,42.5,0.0,0,tibia_distal,0.418,
909,steep,bottom,leaning_backward,longitudinal,standing_on_feet,dyno,pads,controlled-drop,1.447,49.7,1,0,0,1,0,12.141,28.1,0.0,0,tibia_distal,0.166,
910,vertical,top,leaning_backward,longitudinal,standing_on_feet,other,pads,controlled-drop,3.364,75.4,1,0,0,1,0,31.337,40.7,0.0,0,tibia_distal,0.361,
911,vertical,middle,vertical,without,on_feet_leaning,route_finish,pads,one-leg-awkward,1.506,76.4,1,1,1,0,0,28.783,39.0,0.0,0,tibia_distal,0.386,
912,vertical,middle,vertical,longitudinal,on_feet_leaning,foot_slip,pads,toe-point,2.111,67.7,1,0,1,0,0,26.266,39.6,0.0,0,tibia_distal,0.362,
913,vertical,middle,leaning_backward,without,on_buttocks,dyno,pads,butt-impact,2.587,84.7,1,1,0,1,0,33.889,64.9,0.0,0,tibia_distal,0.391,
914,slab,middle,vertical,longitudinal,standing_on_feet,missed_hold,pads,controlled-drop,2.65,60.5,1,0,0,0,0,21.378,38.6,0.0,0,tibia_distal,0.275,
915,vertical,bottom,vertical,without,on_feet_leaning,missed_hold,pads,one-leg-awkward,0.758,69.5,1,1,1,0,0,16.198,23.3,0.0,0,tibia_distal,0.213,
916,steep,bottom,vertical,antero_posterior,head_first,missed_hold,pads,head-first,1.027,58.1,1,0,0,0,0,7.673,17.0,0.0,0,tibia_distal,0.106,
917,vertical,top,vertical,without,standing_on_feet,foot_slip,pads,feet-first-stiff,3.088,85.4,1,1,0,0,1,44.456,57.5,0.0,0,tibia_distal,0.574,
918,vertical,middle,vertical,without,standing_on_feet,foot_slip,pads,controlled-drop,2.029,59.1,1,1,0,0,1,17.465,32.8,0.0,0,tibia_distal,0.229,
919,vertical,top,vertical,multiple,standing_on_feet,foot_slip,pads,controlled-drop,3.874,56.7,1,0,0,0,0,27.099,49.6,0.0,0,tibia_distal,0.329,
920,vertical,middle,vertical,longitudinal,standing_on_feet,foot_slip,pads,feet-first-stiff,2.408,62.8,1,0,0,0,0,34.088,59.9,0.0,0,tibia_distal,0.44,
921,vertical,bottom,vertical,longitudinal,head_first,route_finish,pads,head-first,1.389,63.2,1,0,0,0,0,9.547,18.4,0.0,0,tibia_distal,0.132,
922,vertical,bottom,leaning_forward,antero_posterior,standing_on_feet,route_finish,pads,controlled-drop,0.682,82.7,1,0,0,0,0,11.048,14.9,0.0,0,tibia_distal,0.151,
923,vertical,bottom,vertical,antero_posterior,on_feet_leaning,foot_slip,pads,feet-first-stiff,0.552,60.6,1,0,1,0,0,11.236,18.5,0.0,0,tibia_distal,0.136,
924,vertical,top,leaning_forward,longitudinal,standing_on_feet,missed_hold,pads,controlled-drop,3.837,47.4,1,0,0,0,0,22.943,52.9,0.0,0,tibia_distal,0.293,
925,slab,top,leaning_backward,without,standing_on_feet,foot_slip,pads,controlled-drop,3.285,107.2,1,1,0,1,0,42.231,34.4,0.0,0,tibia_distal,0.436,
926,vertical,top,vertical,antero_posterior,on_feet_leaning,foot_slip,pads,feet-first-stiff,3.885,62.2,1,0,1,0,0,42.846,75.5,0.0,0,tibia_distal,0.546,
927,steep,top,leaning_backward,multiple,on_feet_leaning,missed_hold,pads,one-leg-awkward,3.167,56.4,1,0,1,1,0,37.78,68.3,0.0,0,tibia_distal,0.493,
928,roof_overhang,top,vertical,antero_posterior,on_feet_leaning,foot_slip,pads,one-leg-awkward,4.383,69.5,1,0,1,0,0,45.129,69.4,0.0,0,tibia_distal,0.617,
929,steep,middle,vertical,longitudinal,head_first,other,pads,head-first,2.161,71.2,1,0,0,0,0,12.882,27.2,0.0,0,tibia_distal,0.183,
930,steep,top,vertical,longitudinal,on_buttocks,foot_slip,pads,butt-impact,3.572,71.5,1,0,0,0,0,38.636,84.3,0.0,0,tibia_distal,0.427,
931,steep,top,vertical,longitudinal,standing_on_feet,missed_hold,pads,controlled-drop,3.159,70.1,1,0,0,0,0,27.891,40.5,0.0,0,tibia_distal,0.334,
932,slab,top,leaning_backward,longitudinal,standing_on_feet,foot_slip,pads,feet-first-stiff,3.285,67.9,1,0,0,1,0,41.574,66.6,0.0,0,tibia_distal,0.527,
933,vertical,top,vertical,antero_posterior,standing_on_feet,dyno,pads,controlled-drop,3.421,67.0,1,0,0,0,0,28.554,43.1,0.0,0,tibia_distal,0.34,
934,roof_overhang,top,leaning_backward,longitudinal,standing_on_feet,hands_let_go,pads,controlled-drop,3.33,61.3,1,0,0,1,0,25.784,44.0,0.0,0,tibia_distal,0.317,
935,vertical,middle,leaning_backward,longitudinal,on_feet_leaning,foot_slip,pads,one-leg-awkward,2.891,76.1,1,0,1,1,0,41.306,55.8,0.0,0,tibia_distal,0.545,
936,vertical,top,leaning_backward,longitudinal,on_buttocks,dyno,pads,butt-impact,3.045,64.6,1,0,0,1,0,30.736,77.2,0.0,0,tibia_distal,0.354,
937,roof_overhang,middle,leaning_forward,longitudinal,head_first,foot_slip,pads,head-first,2.079,85.4,1,0,0,0,0,14.057,28.3,0.0,0,tibia_distal,0.2,
938,vertical,bottom,vertical,multiple,head_first,balance_loss,pads,head-first,0.634,58.9,1,0,0,0,0,5.926,14.0,0.0,0,tibia_distal,0.081,
939,steep,top,vertical,back_transverse,on_feet_leaning,missed_hold,pads,one-leg-awkward,4.334,74.0,1,0,1,0,0,45.719,66.5,0.0,0,tibia_distal,0.63,
940,vertical,middle,vertical,back_transverse,standing_on_feet,balance_loss,pads,feet-first-stiff,2.863,56.2,1,0,0,0,0,35.374,69.9,0.0,0,tibia_distal,0.458,
941,steep,middle,leaning_forward,without,on_feet_leaning,dyno,bump_into_someone,one-leg-awkward,2.264,68.4,1,1,1,0,0,35.157,53.2,0.0,0,tibia_distal,0.468,
942,vertical,top,leaning_forward,multiple,standing_on_feet,missed_hold,pads,feet-first-stiff,3.383,68.8,1,0,0,0,0,42.273,67.1,0.0,0,tibia_distal,0.538,
943,steep,top,vertical,longitudinal,on_feet_leaning,hands_let_go,pads,feet-first-stiff,3.436,64.2,1,0,1,0,0,41.34,70.0,0.0,0,tibia_distal,0.524,
944,steep,middle,vertical,back_transverse,standing_on_feet,foot_slip,pads,controlled-drop,1.75,95.2,1,0,0,0,0,23.174,25.5,0.0,0,tibia_distal,0.29,
945,vertical,bottom,vertical,longitudinal,on_buttocks,balance_loss,pads,butt-impact,0.999,61.9,1,0,0,0,0,12.274,28.5,0.0,0,tibia_distal,0.128,
946,steep,top,vertical,back_transverse,standing_on_feet,dyno,pads,feet-first-stiff,3.01,56.0,1,0,0,0,0,36.528,72.5,0.0,0,tibia_distal,0.473,
947,vertical,middle,vertical,longitudinal,on_feet_leaning,foot_slip,pads,toe-point,2.074,72.0,1,0,1,0,0,27.013,37.9,0.0,0,tibia_distal,0.369,
948,vertical,bottom,leaning_backward,back_transverse,on_feet_leaning,hands_let_go,pads,feet-first-stiff,1.384,64.8,1,0,1,1,0,23.602,38.9,0.0,0,tibia_distal,0.297,
949,steep,top,vertical,antero_posterior,on_feet_leaning,foot_slip,pads,toe-point,4.132,73.6,1,0,1,0,0,38.495,52.9,0.0,0,tibia_distal,0.523,
950,steep,top,vertical,multiple,head_first,foot_slip,pads,head-first,3.457,53.9,1,0,0,0,0,14.04,47.8,0.0,0,tibia_distal,0.198,
951,steep,middle,vertical,antero_posterior,standing_on_feet,route_finish,pads,controlled-drop,2.211,93.4,1,0,0,0,0,27.281,29.4,0.0,0,tibia_distal,0.326,
952,vertical,top,leaning_backward,longitudinal,standing_on_feet,downclimbing_trouble,pads,feet-first-stiff,3.556,58.1,1,0,0,1,0,40.195,75.0,0.0,0,tibia_distal,0.507,
953,vertical,bottom,vertical,multiple,head_first,foot_slip,pads,head-first,1.096,63.2,1,0,0,0,0,8.417,16.7,0.0,0,tibia_distal,0.116,
954,steep,middle,leaning_backward,longitudinal,back_or_front_to_pad,other,pads,flat-flop,1.763,65.5,1,0,0,1,0,31.681,62.7,0.0,0,calcaneus,0.117,
955,vertical,top,leaning_backward,longitudinal,on_feet_leaning,foot_slip,pads,feet-first-stiff,3.423,83.4,1,0,1,1,0,45.756,61.1,0.0,0,tibia_distal,0.595,
956,vertical,middle,vertical,without,on_feet_leaning,missed_hold,pads,toe-point,2.447,77.0,1,1,1,0,0,30.492,38.9,0.0,0,tibia_distal,0.405,
957,steep,middle,vertical,back_transverse,head_first,missed_hold,pads,head-first,2.138,77.0,1,0,0,0,0,13.417,27.9,0.0,0,tibia_distal,0.191,
958,vertical,bottom,leaning_backward,without,on_feet_leaning,missed_hold,pads,one-leg-awkward,1.296,81.0,1,1,1,1,0,27.125,34.5,0.0,0,tibia_distal,0.362,
959,steep,middle,vertical,longitudinal,standing_on_feet,balance_loss,pads,feet-first-stiff,2.936,78.9,1,0,0,0,0,42.298,58.5,0.0,0,tibia_distal,0.539,
960,vertical,bottom,leaning_backward,longitudinal,on_feet_leaning,foot_slip,pads,feet-first-stiff,1.345,54.6,1,0,1,1,0,20.173,38.8,0.0,0,tibia_distal,0.25,
961,steep,top,vertical,without,on_feet_leaning,other,pads,toe-point,4.488,63.3,1,1,1,0,0,37.002,59.1,0.0,0,tibia_distal,0.501,
962,vertical,middle,leaning_backward,without,on_feet_leaning,missed_hold,pads,one-leg-awkward,2.726,78.5,1,1,1,1,0,40.955,53.5,0.0,0,tibia_distal,0.539,
963,roof_overhang,top,vertical,without,standing_on_feet,route_finish,pads,controlled-drop,3.045,64.5,1,1,0,0,1,25.159,40.9,0.0,0,tibia_distal,0.311,
964,steep,bottom,leaning_forward,front_transverse,on_feet_leaning,missed_hold,pads,toe-point,0.908,54.0,1,0,1,0,0,14.634,27.2,0.0,0,tibia_distal,0.201,
965,slab,middle,vertical,longitudinal,back_or_front_to_pad,hands_let_go,pads,flat-flop,2.393,48.5,1,0,0,0,0,31.551,83.8,0.0,0,calcaneus,0.117,
966,steep,middle,leaning_backward,longitudinal,standing_on_feet,missed_hold,pads,feet-first-stiff,2.906,88.4,1,0,0,1,0,44.054,54.9,0.0,0,tibia_distal,0.567,
967,steep,bottom,vertical,longitudinal,on_feet_leaning,foot_slip,pads,one-leg-awkward,0.772,69.1,1,0,1,0,0,16.347,23.7,0.0,0,tibia_distal,0.215,
968,steep,middle,leaning_backward,longitudinal,standing_on_feet,missed_hold,pads,feet-first-stiff,1.741,56.5,1,0,0,1,0,24.974,47.7,0.0,0,tibia_distal,0.316,
969,steep,middle,vertical,longitudinal,standing_on_feet,route_finish,pads,feet-first-stiff,2.496,103.8,1,0,0,0,0,44.324,47.0,0.0,0,tibia_distal,0.573,
970,slab,bottom,leaning_backward,without,back_or_front_to_pad,missed_hold,pads,flat-flop,0.983,66.6,1,1,0,1,0,21.383,42.2,0.0,0,calcaneus,0.079,
971,vertical,top,vertical,longitudinal,on_feet_leaning,dyno,pads,toe-point,4.096,72.1,1,0,1,0,0,37.917,53.2,0.0,0,tibia_distal,0.515,
972,vertical,middle,leaning_forward,longitudinal,head_first,balance_loss,pads,head-first,2.024,66.5,1,0,0,0,0,11.969,23.5,0.0,0,tibia_distal,0.169,
973,roof_overhang,top,vertical,antero_posterior,standing_on_feet,foot_slip,between_pads_and_wall,feet-first-stiff,3.719,61.3,0,0,0,0,0,44.3,81.1,0.0,0,tibia_distal,0.578,
974,vertical,top,vertical,without,standing_on_feet,route_finish,pads,feet-first-stiff,3.82,67.9,1,1,0,0,1,44.074,71.5,0.0,0,tibia_distal,0.566,
975,steep,top,vertical,without,standing_on_feet,missed_hold,pads,controlled-drop,3.381,67.1,1,1,0,0,1,28.32,42.8,0.0,0,tibia_distal,0.338,
976,roof_overhang,middle,vertical,without,head_first,dyno,pads,head-first,2.682,63.1,1,1,0,0,1,13.455,35.5,0.0,0,tibia_distal,0.19,
977,corner,top,vertical,front_transverse,on_feet_leaning,missed_hold,pads,toe-point,3.319,85.1,1,0,1,0,0,37.387,44.2,0.0,0,tibia_distal,0.506,
978,roof_overhang,top,vertical,without,head_first,foot_slip,pads,head-first,4.34,87.6,1,1,0,0,1,23.029,77.0,0.0,0,tibia_distal,0.302,
979,vertical,top,leaning_backward,multiple,standing_on_feet,dyno,pads,feet-first-stiff,3.748,58.4,1,0,0,1,0,41.155,76.6,0.0,0,tibia_distal,0.521,
980,steep,middle,vertical,back_transverse,on_feet_leaning,foot_slip,pads,toe-point,2.544,66.9,1,0,1,0,0,28.733,43.0,0.0,0,tibia_distal,0.388,
981,vertical,middle,vertical,without,head_first,hands_let_go,pads,head-first,2.052,58.2,1,1,0,0,1,11.138,22.7,0.0,0,tibia_distal,0.156,
982,steep,middle,vertical,without,head_first,hands_let_go,between_pads_and_wall,head-first,2.257,73.9,0,1,0,0,1,16.745,175.1,0.0,0,tibia_distal,0.206,
983,vertical,middle,vertical,antero_posterior,standing_on_feet,missed_hold,pads,feet-first-stiff,1.916,76.5,1,0,0,0,0,33.711,48.4,0.0,0,tibia_distal,0.434,
984,corner,bottom,vertical,without,on_feet_leaning,other,pads,one-leg-awkward,1.305,77.2,1,1,1,0,0,26.219,34.9,0.0,0,tibia_distal,0.35,
985,vertical,bottom,vertical,longitudinal,standing_on_feet,foot_slip,pads,feet-first-stiff,0.645,90.9,1,0,0,0,0,18.021,19.9,0.0,0,tibia_distal,0.219,
986,vertical,middle,leaning_forward,longitudinal,on_feet_leaning,route_finish,pads,one-leg-awkward,2.022,68.4,1,0,1,0,0,32.495,49.8,0.0,0,tibia_distal,0.438,
987,steep,top,vertical,longitudinal,back_or_front_to_pad,foot_slip,pads,flat-flop,4.164,69.9,1,0,0,0,0,70.878,133.2,0.0,0,calcaneus,0.263,
988,steep,top,vertical,multiple,on_feet_leaning,missed_hold,pads,one-leg-awkward,3.162,71.9,1,0,1,0,0,41.684,59.8,0.0,0,tibia_distal,0.551,
989,vertical,top,vertical,antero_posterior,on_feet_leaning,dyno,pads,toe-point,4.033,50.3,1,0,1,0,0,30.901,61.3,0.0,0,tibia_distal,0.413,
990,steep,top,vertical,multiple,back_or_front_to_pad,missed_hold,pads,flat-flop,4.381,59.2,1,0,0,0,0,63.593,140.2,0.0,0,calcaneus,0.236,
991,roof_overhang,top,leaning_backward,back_transverse,standing_on_feet,dyno,pads,feet-first-stiff,3.648,63.8,1,0,0,1,0,42.233,72.3,0.0,0,tibia_distal,0.537,
992,vertical,top,vertical,without,standing_on_feet,missed_hold,pads,controlled-drop,3.756,69.2,1,1,0,0,1,31.664,44.8,0.0,0,tibia_distal,0.364,
993,steep,bottom,leaning_backward,antero_posterior,on_feet_leaning,foot_slip,pads,feet-first-stiff,1.091,52.3,1,0,1,1,0,16.627,32.6,0.0,0,tibia_distal,0.202,
994,vertical,top,vertical,longitudinal,head_first,foot_slip,pads,head-first,4.163,77.7,1,0,0,0,0,19.716,70.6,0.0,0,tibia_distal,0.272,
995,slab,middle,vertical,without,on_feet_leaning,dyno,pads,toe-point,2.787,71.1,1,1,1,0,0,31.105,43.2,0.0,0,tibia_distal,0.414,
996,steep,bottom,leaning_backward,antero_posterior,head_first,foot_slip,pads,head-first,1.019,80.5,1,0,0,1,0,9.51,14.3,0.0,0,tibia_distal,0.132,
997,vertical,top,leaning_backward,antero_posterior,on_feet_leaning,route_finish,pads,toe-point,3.418,59.9,1,0,1,1,0,31.333,52.0,0.0,0,tibia_distal,0.418,
998,vertical,top,vertical,without,on_feet_leaning,hands_let_go,pads,toe-point,4.048,67.5,1,1,1,0,0,36.39,54.3,0.0,0,tibia_distal,0.492,
999,steep,top,vertical,longitudinal,standing_on_feet,missed_hold,pads,controlled-drop,4.374,88.5,1,0,0,0,0,44.537,43.6,0.0,0,tibia_distal,0.454,
