v 0.01253837533 -0.4728890061 -0.004596269224
vn -0.7989863753 0.5930193663 -0.09974360466
v -0.007283708081 -0.4461979866 0.01192550827
vn 0.9405572414 -0.04535258561 -0.3365936279
v -0.0132805733 -0.4568819702 0.03067887388
vn 0.8123078346 0.1673655957 0.558699131
v 0.01423454471 -0.4790030122 0.02631854825
vn 0.6533079147 0.5946503282 0.4685933292
v 0.009582289495 -0.4782429934 0.004545117263
vn 0.1569644958 0.7283634543 0.6669698358
v -0.01666061208 -0.4730190039 0.01993340254
vn 0.8254293203 0.5634512305 -0.03448402509
v -0.008650085889 -0.4461149871 0.01503146719
vn 0.3288806677 -0.9442193508 0.01694943942
v 0.01970992051 -0.4735639989 -0.003121237038
vn -0.2317970544 0.9178482294 0.3222184479
v 0.03027069382 -0.4727140069 0.004597357474
vn -0.3422305882 0.7743176222 0.5322691202
v 0.02682101168 -0.4693239927 -0.006064236164
vn -0.6424207091 0.7656267881 0.03333612159
v -0.002246370306 -0.4828670025 0.02021439001
vn 0.2139562517 0.9620245099 -0.1695039421
v 0.01353794336 -0.4731430113 -0.004984330852
vn 0.2161154598 0.9762047529 -0.01784289815
v 0.02270179428 -0.4727270007 -0.002588815289
vn -0.3072313666 0.8421879411 0.443089515
v 0.03722739592 -0.4635579884 0.006256786641
vn 0.02925499901 0.4120492339 0.9106917977
v 0.02444882691 -0.4724349976 -0.001181732747
vn -0.5042126179 0.838706553 0.2057692707
v -0.01701038145 -0.4622370005 0.02836660668
vn 0.8670328856 -0.0343625024 -0.4970646203
v 0.02930921689 -0.4746789932 0.01230516098
vn 0.3110761344 0.4572164416 0.8331775069
v -0.01663782261 -0.4575000107 0.02729469724
vn 0.8235602975 -0.3444239497 -0.450688988
v 0.03300600499 -0.4712040126 0.00543293776
vn -0.7268045545 0.645629704 0.2343447208
v 0.008258938789 -0.4821540117 0.02216646448
vn -0.2062862813 0.8583180308 -0.4698256254
v -0.01297078095 -0.4516380131 0.01087591145
vn 0.692284584 -0.480638504 0.538264513
v 0.03063979931 -0.4736939967 0.006911974866
vn -0.6094021797 0.7914083004 0.04797847942
v -0.009963030927 -0.4472429752 0.01902352273
vn 0.846198082 0.2348029613 0.4783475101
v -0.005501186941 -0.4796220064 0.02674120292
vn 0.2992553711 0.9004865289 -0.3155475557
v 0.0109499339 -0.4746659994 -1.450451509e-05
vn 0.3441326618 0.6747519374 0.6529031992
v 0.03305184841 -0.4627639949 -0.004420418292
vn -0.8867771029 0.4382033348 0.146983698
v 0.02966621891 -0.4681600034 -0.002108719433
vn -0.5389527082 0.6941959858 0.4770973325
v 0.01436615176 -0.4733220041 -0.004785449244
vn 0.2248677164 0.9576252699 0.1799677312
v 0.03127999976 -0.4687159956 0.0002036543883
vn -0.587110877 0.6142717004 0.5272297263
v 0.01653472148 -0.4796580076 0.007947259583
vn -0.3610351086 0.8707756996 0.3337713182
v -0.01634092815 -0.4603570104 0.02900475822
vn 0.7654406428 -0.188841328 -0.6151744127
v -0.01520294882 -0.4699150026 0.0283808969
vn 0.7385967374 0.3332972527 -0.5859929919
v -0.007904899307 -0.480450958 0.01946882904
vn 0.4552423656 0.8882287145 0.06167762727
v 0.02703614533 -0.4754179716 0.01236840896
vn -0.3356366158 0.8771067262 0.3435575962
v 0.0332416743 -0.4701460004 0.009397203103
vn 0.1961874515 0.3301713467 0.9233078361
v 0.02140687406 -0.4737910032 -0.001487604342
vn -0.2687496245 0.8505546451 0.4520292878
v 0.03592266142 -0.4578619897 -0.002153922105
vn -0.8868436813 0.2179690003 0.407428205
v 0.01220891997 -0.4809730053 0.02447658032
vn -0.2319159508 0.9554821253 -0.1823976934
v 0.02819519676 -0.4749790132 0.01228845771
vn -0.2885478139 0.8526967764 0.4354863167
v -0.004649992567 -0.4817489982 0.01778837107
vn 0.3289302289 0.9401804805 0.08868822455
v 0.03604547679 -0.4537670016 -0.007059476338
vn -0.9949547648 0.09824164212 -0.02033634298
v 0.03544088826 -0.4568260014 -0.007146346383
vn -0.9556773901 0.2820701599 -0.08436296135
v -0.000533677463 -0.4805350006 0.02670586854
vn 0.1238997504 0.9403071404 -0.3169721365
v -0.008916476741 -0.4778769612 0.02717906609
vn 0.5079825521 0.7843055725 -0.3561159074
v 0.004708447028 -0.482044965 0.02373266406
vn -0.09992597997 0.9090306759 -0.404571414
v 4.9534563e-05 -0.4801270068 0.01007295772
vn 0.3058224618 0.6779742241 0.668448627
v 0.01473658159 -0.481279999 0.01036443934
vn -0.3725205958 0.9155164361 0.1518488377
v 0.02350177802 -0.4738650024 0.0006676771445
vn -0.4458016157 0.7994450927 0.4026767015
v 0.02953482792 -0.4716840088 0.002558454406
vn -0.5113623142 0.76533252 0.3908641338
v -0.01662677526 -0.455709964 0.02555919252
vn 0.7329128981 -0.4672758281 -0.4944612682
v 0.01145676244 -0.473672986 -0.001510451315
vn 0.4290537834 0.7134043574 0.5540460944
v 0.01680491492 -0.4755659997 -5.120669448e-05
vn -0.08771017194 0.8503211737 0.5189034939
v 0.03552101552 -0.4574579895 -0.004098367877
vn -0.9512480497 0.2557953298 0.1723249406
v 0.01259039529 -0.4729380012 -0.005431052763
vn -0.8941978812 0.4389879704 -0.08774805069
v -0.005434913095 -0.4815839827 0.01918660104
vn 0.3502319753 0.9015821218 0.2539434135
v 0.03317274526 -0.4701139927 0.0088157719
vn -0.7587094903 0.5547996759 -0.3414048851
v 0.01168969087 -0.4729979932 -0.002692772076
vn -0.06211005896 0.9752818942 0.2120557129
v -0.01638897695 -0.4649449885 0.02890922502
vn 0.8107078671 0.1753197312 -0.5585836768
v 0.02009007521 -0.4729970098 -0.005785691086
vn -0.2616138458 0.9642320275 -0.04260075465
v 0.03727848828 -0.4636740088 0.005837171338
vn -0.9712756276 0.2359481603 0.03085592389
v -0.01495022047 -0.4508810043 0.02129633166
vn 0.5413383245 -0.7612867951 -0.3569246829
v 0.03093918599 -0.4730660021 0.00825294666
vn -0.6853872538 0.6981520057 -0.206949532
v 0.03012244403 -0.4739930034 0.01166816708
vn 0.320754081 0.3188359141 0.8918858767
v 0.01835674793 -0.4733850062 -0.005288426764
vn -0.1604767293 0.9868432283 0.01968784258
v -0.01643147878 -0.4638960063 0.01174357347
vn 0.6758213043 0.08731104434 0.7318758965
v 0.03608647361 -0.4597310126 -0.001021270873
vn -0.8424216509 0.2500175834 0.4773017764
v 0.008782089688 -0.4829569757 0.01532943361
vn -0.02566097677 0.9754120111 0.2188902944
v 0.009543097578 -0.4825820029 0.01341420226
vn -0.1874487549 0.9821172953 -0.01756547578
v -0.01318737678 -0.4484309852 0.01529130805
vn 0.6057488918 -0.7951005101 0.02972264402
v -0.01686326042 -0.4572750032 0.01246847585
vn 0.6931164861 -0.1581392586 0.7032648921
v -0.01165443659 -0.4475319982 0.01432157215
vn 0.5337556005 -0.7792752981 0.3283823431
v 0.01813758723 -0.4736919999 -0.003520390484
vn -0.09077848494 0.936291337 0.3392900825
v -0.01249822509 -0.4769729972 0.02104556374
vn 0.656319499 0.6925891638 -0.2992740273
v 0.022948917 -0.4749290049 0.002228214871
vn -0.3115645051 0.7605404854 0.5696540475
v 0.03742581606 -0.4624919891 0.005764727946
vn -0.0310025271 0.4460895658 0.894451201
v 0.01564675197 -0.4802280068 0.02100294083
vn -0.3246400356 0.9345121384 -0.1459311545
v 0.03579187766 -0.4553869963 -0.006434070878
vn -0.9794842601 0.1989445984 0.03211963177
v -0.01984465308 -0.4624480009 0.01664166152
vn 0.9730591178 -0.01432538778 0.2301101536
v -0.01271039061 -0.4507029951 0.01138126757
vn 0.6059206724 -0.5053294897 0.6144120693
v 0.02998242341 -0.4741309881 0.006817457266
vn -0.4873108864 0.8267736435 0.2810220718
v 0.01619583555 -0.479155004 0.006107812747
vn -0.2568240166 0.9077134132 0.3318098187
v 0.03654857352 -0.4643419981 0.004024565686
vn -0.8846716881 0.3072476387 0.3506492078
v 0.01583442651 -0.4807670116 0.01041865163
vn -0.4653077722 0.8849802613 -0.01728104055
v 0.03023516387 -0.4731729925 0.01094032824
vn -0.2497020066 0.6801202893 0.6892643571
v 0.03702769801 -0.4608129859 0.003546254477
vn -0.9603447914 0.06220474467 0.2717875242
v 0.006084923632 -0.481458962 0.02495911904
vn -0.001678247936 0.9885540009 -0.1508583128
v -0.01231810357 -0.4737269878 0.02907306328
vn 0.6512431502 0.5637245774 -0.5080323815
v -0.01761057973 -0.4600999951 0.02682217211
vn 0.8346797228 -0.1565957516 -0.5280033946
v 0.01986014284 -0.473183006 -0.004282122478
vn -0.2387324274 0.9427524209 0.2328620106
v 0.03184412047 -0.464812994 -0.005796688143
vn -0.7788501978 0.6245387197 0.05782523751
v 0.004379792139 -0.4818269908 0.01067809295
vn 0.1266859025 0.905590713 0.4047914445
v 0.01319629792 -0.4734289944 -0.003363187192
vn 0.3406233788 0.8695816994 0.3574960828
v -0.01789340936 -0.4538420141 0.02000405639
vn 0.8734109402 -0.4762412012 -0.1017236859
v -0.006344814785 -0.4790810049 0.02729420923
vn 0.3002056181 0.8212326169 -0.4852355421
v 0.01769924536 -0.4795309901 0.008911992423
vn -0.4177126586 0.8563985229 0.303475976
v -0.01651948318 -0.4626980126 0.02914827317
vn 0.8070179224 0.007055734284 -0.5904847383
v 0.03646830097 -0.460875988 0.0007884966326
vn -0.9565139413 0.1888054907 0.2223366499
v 0.03604622558 -0.4522359669 -0.006730293855
vn -0.1117739975 0.9552649856 0.2738162875
v -0.014867872 -0.4498429894 0.01820339635
vn 0.6405037045 -0.7536695004 -0.14743568
v -0.01094474643 -0.4479339719 0.0199303925
vn 0.5426881313 -0.8291054368 -0.1344386637
v 0.0187155623 -0.4794729948 0.01771691255
vn -0.4494663775 0.8904219866 -0.07161459327
v -0.01586539857 -0.4553229809 0.02652236447
vn 0.7717088461 -0.4946710169 -0.3997074068
v 0.0156334471 -0.4742769599 -0.002430840395
vn 0.02026393265 0.9119776487 0.4097391665
v -0.01903279126 -0.4659839869 0.02259983495
vn 0.9555257559 0.1838465631 -0.2305883765
v 0.02521541715 -0.4746330082 0.004302801099
vn -0.4697813988 0.8762934804 0.1068418175
v 0.03168553859 -0.4692650139 0.001380855101
vn -0.5518621802 0.6521266103 0.5197874308
v 0.009534926154 -0.4831689894 0.016149275
vn -0.04792010412 0.9777081609 0.204426989
v -0.007320923265 -0.4801339805 0.01469369512
vn 0.4085305631 0.8015102744 0.4366738498
v -0.006036028732 -0.4814240038 0.02142897062
vn 0.3688028455 0.8800457716 -0.2991720736
v 0.008326034993 -0.481445998 0.02383436076
vn -0.1017635837 0.9943757653 -0.02934366278
v 0.0206297636 -0.4774799943 0.007399506867
vn -0.430567801 0.8663793802 0.2529784441
v 0.03475776687 -0.468840003 0.006045783404
vn -0.8248146772 0.56423527 0.03632240742
v -0.01945656165 -0.4622620046 0.02220044471
vn 0.9800530076 0.0009753971244 -0.1987339109
v 0.01710066758 -0.4735110104 -0.005690737162
vn -0.1062461212 0.9941730499 0.01821390167
v -0.0009752034675 -0.4808589816 0.02581669018
vn 0.08153350651 0.89221102 -0.4441979527
v 0.01306900103 -0.4824329615 0.01504578628
vn -0.2256592214 0.9593508244 0.1694813073
v -0.01623637602 -0.4512850046 0.01803769916
vn 0.7817803621 -0.6194597483 0.07133796811
v -0.01439892314 -0.455024004 0.02852099948
vn 0.8624365926 0.504262507 0.0438462086
v -0.01886344515 -0.4651310146 0.02413284779
vn 0.9637560844 0.1557313353 -0.2166148126
v 0.008777854033 -0.4826290011 0.02066789381
vn -0.09906997532 0.9760147929 -0.1938562691
v 0.0213130042 -0.4727729857 -0.00419083843
vn -0.3238321841 0.926799953 0.1901960224
v 0.01465002168 -0.4816209972 0.01352827903
vn -0.2253012359 0.9124296308 0.3416306376
v 0.02353544533 -0.471706003 -0.004587828647
vn -0.4514574111 0.8780069947 0.1590281576
v -0.009098855779 -0.4797959924 0.01806797087
vn 0.4781110585 0.8781432509 -0.01656002179
v 0.01424893644 -0.4735769928 -0.003720576642
vn 0.2299829274 0.9036056399 0.3613927662
v 0.01727418974 -0.4797259867 0.02278048545
vn 0.2154635489 0.8890756369 0.4038811922
v -0.01741028205 -0.4639610052 0.02736167051
vn 0.8555006981 0.09257204831 -0.5094594955
v 0.01277935505 -0.4738540053 -0.002279639477
vn 0.34136042 0.8062777519 0.4831037521
v -0.003318204312 -0.4822680056 0.01877931878
vn 0.31966573 0.8996802568 0.297303319
v -0.01520170085 -0.4761489928 0.02480820939
vn -0.7441657782 -0.651017189 0.149646014
v -0.02026925236 -0.4622829854 0.02680237219
vn -0.8537688851 -0.01849054359 0.5203236938
v -0.01899825968 -0.4696309865 0.02666188404
vn -0.8409608603 -0.3513993919 0.4114647508
v 0.03557039425 -0.4711610079 0.005299724173
vn 0.8134702444 -0.5802149177 -0.04020973295
v -0.019820977 -0.4558959603 0.02480936237
vn -0.864369154 0.3877438605 0.3201884031
v -0.01775731146 -0.4728359878 0.01325902436
vn -0.6696490645 -0.3697457314 -0.6440948844
v 0.02202279307 -0.4755749702 -0.002149746288
vn 0.2653436661 -0.8447592258 -0.4647307098
v 0.03089730628 -0.4695929885 -0.002766703954
vn 0.5330187678 -0.6835185885 -0.4986915886
v -0.01720720902 -0.4743529856 0.01384243462
vn -0.750623405 -0.5615913868 -0.3481086791
v -0.009154840373 -0.4820710123 0.0215349067
vn -0.5327519178 -0.8321524858 0.1539403945
v -0.005272404291 -0.483627975 0.01750284992
vn -0.3279859722 -0.9400287867 -0.09365419298
v 0.01947873645 -0.4813140035 0.01788374968
vn 0.4481020272 -0.8909482956 0.07359167933
v -0.008183917962 -0.4817749858 0.0139414575
vn -0.4088075161 -0.8072447181 -0.4257138968
v 0.03802328929 -0.4540649951 -0.007086902857
vn 0.9946274757 -0.1018375158 0.01858146489
v 0.03775516525 -0.4557619989 -0.006476955488
vn 0.9796206951 -0.1987407953 -0.02907565609
v -0.0184367951 -0.4736889899 0.02103563212
vn -0.7513449192 -0.5630717278 0.3441380858
v 0.0325076133 -0.4701119959 -0.0005354782334
vn 0.5954779387 -0.6077054143 -0.5254523754
v 0.004839089699 -0.4839699864 0.02425998822
vn 0.08873469383 -0.915316999 0.3928370476
v -0.01652901433 -0.4765149951 0.01869590767
vn -0.7539892793 -0.6555367112 0.04209336266
v 0.01636671275 -0.4826329947 0.00993599277
vn 0.4611420333 -0.8872070909 -0.01454817317
v 0.0152123915 -0.4831479788 0.009831995703
vn 0.3436594903 -0.9224351645 -0.1761009693
v -0.0202033259 -0.4708769917 0.01823126338
vn -0.9004076719 -0.433997333 -0.0302045662
v 0.009495479055 -0.4799320102 0.003477897495
vn -0.1380012333 -0.7420011759 -0.6560410857
v 0.01468012203 -0.4807859957 0.02710981108
vn 0.4618801475 0.2632136345 0.8469859958
v 0.01358105801 -0.4843659699 0.01498770248
vn 0.2306894511 -0.9592775702 -0.1629996896
v 0.03185908496 -0.4752550125 0.006632807199
vn 0.6057158709 -0.793045938 -0.06470238417
v 1.182804226e-05 -0.4829919636 0.01031990629
vn -0.2547834516 -0.8161339164 -0.5186625123
v -0.01366023999 -0.4749189615 0.02995570377
vn -0.6590864062 -0.5613846779 0.5004521608
v 0.009058813564 -0.4845770001 0.02102681249
vn 0.09893830866 -0.9761530757 0.1932262033
v 0.01278377324 -0.4750680029 -0.004412539769
vn -0.3326250315 -0.8887979388 -0.3152757883
v 0.01904609241 -0.4789679945 0.002097621094
vn 0.2738033831 -0.8713607192 -0.4071390331
v 0.0345938541 -0.4715200067 0.008737985976
vn 0.7541065812 -0.5515804291 0.3564860821
v -0.01872949116 -0.4518150091 0.02140670083
vn -0.8115317822 0.5434622169 0.2146276683
v -0.01821720973 -0.462695986 0.03020491451
vn -0.808878243 -0.005582299549 0.5879496932
v 0.02525874041 -0.4741280079 -0.001872848021
vn 0.5009693503 -0.8420650959 -0.1998901665
v -0.01300879288 -0.4759530127 0.0111968834
vn -0.5054641366 -0.4358072877 -0.744699955
v 0.02215693891 -0.4759140015 -0.0008999618585
vn 0.3648684323 -0.8885145187 -0.2782319486
v -0.007075166795 -0.4807749987 0.02806483209
vn -0.3033297956 -0.8248640895 0.4770642519
v -0.01286736596 -0.4798449874 0.01638780721
vn -0.6011248231 -0.780418992 -0.1720325947
v -0.0007253304357 -0.4824010134 0.02739823423
vn -0.1156160831 -0.9404195547 0.3197561204
v -0.00118675956 -0.4827469587 0.02644140646
vn -0.09131850302 -0.8931945562 0.4403003454
v 0.0009848660557 -0.484732002 0.02218395658
vn -0.02176565304 -0.9523487091 0.3042337596
v -0.01824612357 -0.4548720121 0.02638016641
vn -0.7431085706 0.4666722417 0.4795901179
v -0.01280930545 -0.4783810079 0.02544301189
vn -0.6347927451 -0.7409153581 0.2192775309
v 0.01699080504 -0.4773619771 -0.0009118375019
vn 0.09108864516 -0.8442559242 -0.5281427503
v 0.01048717927 -0.4762659967 -0.001121454057
vn -0.3287437856 -0.6904609203 -0.6443533301
v -0.01091249101 -0.4460879862 0.01102708001
vn -0.4660405219 0.7021530867 -0.5383189917
v 0.008577204309 -0.484070003 0.02264460362
vn 0.2044322342 -0.8636472821 0.4607828557
v -0.0191809833 -0.4640470147 0.02828797698
vn -0.8609340191 -0.07979252934 0.502419889
v 0.03036344051 -0.4763749838 0.01218592469
vn 0.6944951415 -0.1158390567 0.7101110816
v 0.02921169065 -0.4766989946 0.01219206676
vn 0.300694406 -0.8505648375 -0.4314190447
v 0.009788255207 -0.4845350087 0.01305966265
vn 0.1694047153 -0.9854990244 -0.009683459997
v 0.03838935494 -0.4650039971 0.003610685468
vn 0.8863691688 -0.3079094589 -0.3457477689
v -0.02206209861 -0.4613809884 0.01896573976
vn -0.9945774078 0.06884924322 0.07794605196
v 0.02600352466 -0.4763329923 0.003605001373
vn 0.467926532 -0.8767709136 -0.1109845638
v 0.0155356694 -0.4836800098 0.01567289978
vn 0.4015848637 -0.9022152424 0.157280758
v -0.01656707004 -0.4531289935 0.01073285844
vn -0.6750090122 0.3101352751 -0.6694617271
v 0.006253495347 -0.4833509922 0.02558567375
vn -0.0002938029065 -0.9853488207 0.1705508232
v 0.009807002731 -0.4851480126 0.0160546992
vn 0.05678539351 -0.977076292 -0.2051762789
v 0.008961607702 -0.4849379957 0.01512292121
vn 0.03614392877 -0.9777040482 -0.2068536133
v -0.01872607321 -0.4621360004 0.02938967571
vn -0.8665998578 0.03671565652 0.4976510704
v -0.01824616268 -0.4568299949 0.02827608585
vn -0.8230950832 0.3443499207 0.4515945315
v 0.003887090134 -0.4852940142 0.02007031068
vn 0.06416045874 -0.9603806138 0.2712057233
v -0.01483079325 -0.4781049788 0.01955020241
vn -0.6606774926 -0.7414112091 0.117535919
v -0.02081854828 -0.46736601 0.01476042625
vn -0.9235567451 -0.2297863364 -0.3069873452
v 0.01083813142 -0.4844039679 0.01189178973
vn 0.186849311 -0.9813673496 0.04478223249
v 0.01389906742 -0.4836439788 0.01117075235
vn 0.3558619022 -0.9259998798 0.1260416508
v 0.00465671625 -0.483488977 0.02529681101
vn 0.05730282143 -0.9024301171 0.4270085096
v 0.003021586919 -0.4833349884 0.02572510578
vn 0.002143172547 -0.8885498047 0.4587751329
v -0.01110269781 -0.4781109989 0.01148037333
vn -0.4548381865 -0.5701776147 -0.6841196418
v 0.037046507 -0.4613189995 -0.002291997429
vn 0.7949231267 -0.3293761313 -0.5095179677
v 0.03125056997 -0.4756380022 0.01152122766
vn 0.6063842773 -0.001955751795 0.7951693535
v 0.01827225462 -0.4813599885 0.008342559449
vn 0.4147996008 -0.8594296575 -0.2988677323
v 0.01708592288 -0.4814699888 0.00730711082
vn 0.35280177 -0.8742647767 -0.3334546089
v -0.0180941727 -0.4652209878 0.02991660684
vn -0.8177790642 -0.1684302986 0.55033499
v 0.01838476397 -0.4756169915 -0.004003928974
vn 0.0942806229 -0.9295467734 -0.356446296
v -0.0140844062 -0.4496040046 0.01042901538
vn -0.6081860662 0.5005108118 -0.6161158085
v -0.01438022498 -0.4506689906 0.009840521961
vn -0.6954587102 0.4823581278 -0.532604754
v 0.03837967664 -0.461273998 0.0003568039392
vn 0.9560295939 -0.1902208328 -0.2232117057
v 0.01304294076 -0.4841609895 0.01819450036
vn 0.2747546136 -0.9506435394 0.144176349
v -0.01934049092 -0.4597330093 0.02775575221
vn -0.839472115 0.1588078737 0.5196793079
v 0.008659052663 -0.4833299816 0.02441701479
vn 0.1025545076 -0.9935937524 0.04747680202
v -0.01623175852 -0.4483839869 0.0183069706
vn -0.6471123099 0.7501763105 0.1359455734
v 0.0393108651 -0.4630729854 0.005439266097
vn 0.5337163806 0.3062136471 0.7882766128
v 0.03912777081 -0.464372009 0.00553561002
vn 0.9692678452 -0.2443349808 -0.02864032239
v 0.03906837851 -0.4642969966 0.005996989086
vn 0.4508285522 0.2438703328 0.8586506248
v -0.006065270863 -0.4834789932 0.01909193024
vn -0.344457984 -0.9112785459 -0.225654915
v -0.02210741863 -0.4620040059 0.01801187359
vn -0.9950550199 0.07202392817 -0.06839659065
v -0.009424949065 -0.4443609715 0.0138267586
vn -0.2946977019 0.9492436647 -0.1099535227
v -0.01948457025 -0.47003299 0.01381850895
vn -0.7572673559 -0.2776351869 -0.5911555886
v 0.03399672359 -0.4731639922 0.005617878865
vn 0.7224484682 -0.6821001768 -0.1131705642
v -0.01379786059 -0.4718840122 0.03222152218
vn -0.08970312774 -0.1116499826 0.9896906614
v 0.007788162213 -0.4852479994 0.01852303185
vn 0.1364078969 -0.9653915763 0.2222880423
v -0.007073905785 -0.4795399904 0.01026523486
vn -0.3885206282 -0.6281217337 -0.6741771102
v 0.03679440543 -0.4599640071 -0.003994671162
vn 0.8468036056 -0.3942477405 -0.3570607007
v -0.01963354275 -0.4528709948 0.02017395012
vn -0.8728083372 0.4775887728 0.1005714834
v -0.02040781826 -0.4603489935 0.0264008604
vn -0.8856847286 0.06940181553 0.4590707123
v 0.03473960236 -0.4722940028 0.005858124234
vn 0.7844815254 -0.619276762 0.03293893486
v -0.0196913965 -0.4684990048 0.02594895102
vn -0.914578855 -0.287745446 0.2841619849
v -0.00676906947 -0.4832389951 0.02183634043
vn -0.3625140488 -0.8822392821 0.3003954291
v -0.01480837725 -0.4562509954 0.03180484474
vn 0.4758507609 0.6127989888 0.6309068799
v -0.006164515391 -0.4813719988 0.02744788863
vn -0.301430285 -0.8982730508 0.319758147
v -0.003820996964 -0.4842019677 0.01870062202
vn -0.3152472079 -0.9134491086 -0.2573518455
v 0.03342102468 -0.4660390019 -0.005897635128
vn 0.7855448723 -0.6169831157 -0.04744562134
v -0.01843822747 -0.4569270015 0.0112868594
vn -0.7061992288 0.1690584123 -0.6875331998
v 0.03784178197 -0.4582670033 -0.002545353724
vn 0.8821822405 -0.2154810429 -0.4187151492
v -0.005929710343 -0.4819409847 0.01226784009
vn -0.3601443768 -0.8127291799 -0.4580035806
v -0.02127552778 -0.4682860076 0.01818886213
vn -0.9497752786 -0.3128966391 0.004756651819
v -0.0144776646 -0.4771589935 0.01354628429
vn -0.6197407246 -0.7098303437 -0.334757179
v 0.036754556 -0.4590489864 -0.005862814374
vn 0.9281668663 -0.3717319071 -0.0179348886
v -0.01594456844 -0.4542739987 0.02954537421
vn 0.1628962159 0.8151289225 0.5559043288
v -0.01841505244 -0.4525769949 0.01291937847
vn -0.7800002098 0.3624029756 -0.5101605058
v -0.02087672241 -0.4637329876 0.02504159883
vn -0.9680354595 -0.07102728635 0.2405462116
v -0.0207703691 -0.465388 0.02467873693
vn -0.9652881622 -0.1452121139 0.2170995027
v -0.01743451692 -0.454448998 0.02740093134
vn -0.7729870081 0.4876347184 0.405836761
v 0.0002562845184 -0.4852469862 0.02023232915
vn -0.06942002475 -0.9744878411 0.2134345174
v 0.02437026985 -0.4735150039 -0.00476191286
vn 0.4417579472 -0.8780714273 -0.1839578301
v 0.03280830756 -0.4679279923 -0.002801210154
vn 0.6711755991 -0.5952442884 -0.4418229163
v 0.02013688721 -0.4754590094 -0.003595172195
vn 0.2334440798 -0.9126018882 -0.3356510401
v 0.02035228349 -0.4751009941 -0.004567939788
vn 0.2380577475 -0.946064949 -0.2197490185
v -0.02094956674 -0.460202992 0.02461813018
vn -0.9748357534 0.09593046457 0.2012278289
v 0.01665778644 -0.4809449911 0.005345829297
vn 0.2545177937 -0.9074598551 -0.3342713714
v 0.03240353987 -0.467456013 -0.00406743167
vn 0.7210379839 -0.6409623623 -0.263194859
v -0.02036624774 -0.4700109959 0.02146976627
vn -0.8802487254 -0.36308375 0.305503428
v -0.01550427731 -0.4477649927 0.01627964713
vn -0.6493017077 0.760291338 -0.01908772811
v -0.01444350369 -0.4468890131 0.0150830932
vn -0.614194572 0.7882406116 -0.03797031939
v -0.0004501869262 -0.485134989 0.01888767816
vn -0.1852583289 -0.9457548261 -0.2668842375
v 0.0219392404 -0.4746589959 -0.004413449671
vn 0.3223928213 -0.9253909588 -0.1992847919
v -0.01952066272 -0.470393002 0.02342304587
vn -0.885664165 -0.4153544605 0.2075564116
v -0.01901857927 -0.4717920125 0.01446833368
vn -0.8652019501 -0.463598758 -0.1910543889
v 0.01379324496 -0.4835479856 0.01183778141
vn 0.3322405219 -0.9336247444 0.1340189576
v 0.03895266354 -0.4611920118 0.003160008462
vn 0.960811615 -0.06795001775 -0.2687449753
v -0.02135941945 -0.4615190029 0.01465152763
vn -0.9567423463 0.03957969695 -0.2882317007
v 0.01423026901 -0.4761520028 -0.002960791346
vn -0.07996046543 -0.9047499895 -0.4183704257
v -0.002654992277 -0.4848099947 0.02045277879
vn -0.2080343515 -0.9649047256 0.1602517813
v 0.006131201982 -0.4839299619 0.0101783881
vn -0.06359091401 -0.9536066651 -0.2942626178
v -0.01997825131 -0.4555250108 0.01364004891
vn -0.8912647963 0.2728952169 -0.3621812165
v -0.01900216751 -0.4544200003 0.01265696809
vn -0.7388685346 0.2569265068 -0.622946322
v 0.01067765243 -0.4831840098 0.02497513779
vn 0.1025877744 -0.9944110513 -0.02494906634
v 0.0321889706 -0.4746209979 0.008118798025
vn 0.6817227602 -0.7049177885 0.1958188117
v 0.03737497702 -0.457336992 -0.00711910706
vn 0.9603599906 -0.2682523727 0.07582487166
v -0.008752835914 -0.4822610021 0.01938938722
vn -0.4529601634 -0.8896669745 -0.05761753395
v -0.01003532019 -0.4815590084 0.01793974638
vn -0.4650838375 -0.8852664232 -0.0006475364789
v -0.02154317498 -0.458750993 0.02083881013
vn -0.9676536918 0.1527452767 0.2007863969
v -0.02142028324 -0.4622280002 0.02257848531
vn -0.9789226651 0.02140316926 0.2031066567
v 0.01150232274 -0.4781840146 0.0003348612227
vn -0.1283203214 -0.7983779907 -0.5883251429
v 0.01132499333 -0.4785020053 0.0008886107244
vn -0.1171923503 -0.8111261725 -0.5730098486
v -0.005111550912 -0.4841380119 0.02036824264
vn -0.3313454986 -0.9426092505 -0.04120698571
v -0.004381961655 -0.4843389988 0.02077816427
vn -0.2716420293 -0.9471856952 0.1704401821
v 0.0379656665 -0.4602380097 -0.001479978906
vn 0.8414705396 -0.2444903702 -0.4818212986
v -0.01108907722 -0.4456189871 0.01932860911
vn 0.6207185388 0.5974138379 0.5077452064
v 0.01266288757 -0.4803349674 0.003321449272
vn -0.08815871924 -0.7295595407 -0.6782115698
v 0.006761898752 -0.4836649895 0.02423183993
vn 0.1671334207 -0.9166765809 0.3630019724
v 0.02831180207 -0.4730849862 -0.0003500386956
vn 0.3077510595 -0.6840681434 -0.6613169312
v -0.01213000622 -0.4463669956 0.02030566894
vn -0.5436301231 0.8281649947 0.1364149749
v 0.01236491464 -0.4748910069 -0.00506589748
vn -0.7998097539 -0.598664999 0.04364100099
v -0.02064748295 -0.4599669874 0.02574408613
vn -0.9446588755 0.09895858169 0.3127726912
v 0.03464691713 -0.4715670049 0.009314916097
vn 0.4174140692 0.1232932806 0.900313437
v -0.02061029896 -0.456348002 0.02230256423
vn -0.9359209538 0.275144726 0.2198804319
v -0.01814015396 -0.4732089937 0.01424357854
vn -0.8244737983 -0.5402413011 -0.1684703976
v -0.01145329513 -0.4786559939 0.01226484124
vn -0.4806888402 -0.6372115612 -0.6024115682
v -0.008547895588 -0.4448189735 0.01101270225
vn 0.4519372582 0.390702635 -0.8019377589
v -0.0214418564 -0.4663250148 0.01617369987
vn -0.9539639354 -0.1962830573 -0.2267725021
v -0.01792251132 -0.4597719908 0.01034045871
vn -0.6796494126 0.05346483365 -0.7315860987
v -0.02142939903 -0.4589030147 0.01644822396
vn -0.9628421068 0.2048584521 -0.1759776622
v 0.03803653643 -0.4524399936 -0.006709306035
vn 0.2225988805 0.9241943359 0.3103459477
v 0.01522488613 -0.480084002 0.007889447734
vn -0.2665247023 0.8898310065 0.3703584969
v 0.01570746116 -0.4819000065 0.007204140071
vn 0.2658849359 -0.8905757666 -0.3690257072
v 0.02593501285 -0.4701370001 -0.005018314812
vn -0.5946933627 0.7921094894 0.1374859512
v -0.01433539297 -0.4590129852 0.009942968376
vn 0.6017357707 0.005615063012 0.7986754775
v 0.02736418135 -0.4731839895 -0.0008908117888
vn 0.53151685 -0.7697252035 -0.3535716236
v 0.027018914 -0.4718160033 -0.005094601307
vn 0.5920510292 -0.7911489606 -0.1534891278
v 0.03849794716 -0.4552679956 -0.001705512055
vn 0.4800949693 0.740652144 0.4700460434
v 0.03367681056 -0.4694370031 0.008821470663
vn -0.7492157221 0.6614300013 0.03444107622
v 0.03512457013 -0.4708150029 0.008755521849
vn 0.7473458648 -0.6636499166 -0.03229463473
v 0.02639697678 -0.4716080129 -0.000128559288
vn -0.5127516389 0.7655504942 0.3886105716
v 0.03854285553 -0.4657509923 0.006647937931
vn 0.4023741186 0.1978739947 0.8938349485
v 0.01529918239 -0.4778439999 -0.0003722506808
vn 0.0295338966 -0.8384077549 -0.5442427397
v 0.01239711884 -0.484477967 0.01448558923
vn 0.1507643461 -0.9466429353 -0.2848460972
v 0.03596905246 -0.4530560076 -0.004381557927
vn -0.7619443536 0.5697436333 0.3079497516
v -0.01400229707 -0.4505580068 0.009367058054
vn 0.3660396338 -0.07737042755 -0.9273774028
v -0.01381514408 -0.4577749968 0.03081729822
vn 0.8898842931 -0.3800337315 0.2523494959
v -0.01452576369 -0.4498369992 0.01910448447
vn 0.5708590746 -0.7896360159 -0.2249330133
v -0.01534894481 -0.4571610093 0.03194307908
vn -0.01691980287 0.1168663204 0.9930034876
v 0.0003177832405 -0.4802899957 0.007178907748
vn -0.3083661795 -0.6768941879 -0.6683745384
v 0.02915149927 -0.4747540057 0.007958135568
vn -0.5917779803 0.781475842 -0.1977228969
v 0.01448518876 -0.4767369926 0.001413270598
vn -0.004064329434 0.816544354 0.5772684216
v -0.01587955095 -0.4483830035 0.01933343895
vn -0.5814110041 0.7830322981 0.2209564
v -0.01689447835 -0.4521229565 0.02535276301
vn -0.6961839795 0.584497571 0.4167618155
v -0.01712770201 -0.4701919854 0.01434114948
vn 0.6439636946 0.2480667979 0.7237221003
v 0.01636522636 -0.4804260135 0.009726841934
vn -0.4626939595 0.8740314841 0.1482675821
v 0.01516034361 -0.4806810021 0.003859478515
vn 0.1427668333 -0.9010140896 -0.4096232951
v 0.0235544648 -0.4774309993 0.009734712541
vn -0.2102469951 0.8783397675 0.4293197691
v -0.01539908536 -0.4532540143 0.02465698682
vn 0.6941260695 -0.5843013525 -0.42045331
v -0.0109183155 -0.4788300097 0.01705882512
vn 0.5242125988 0.8515705466 -0.005367044359
v -0.01262453012 -0.451582998 0.01039145887
vn 0.604059577 -0.2853942811 -0.7440847754
v -0.01224062219 -0.4710870087 0.03124253452
vn 0.8436248899 0.468952328 0.2614971995
v 0.01538137998 -0.4754630029 -0.0005057554808
vn 0.03105964325 0.8228145242 0.5674606562
v -0.007912754081 -0.4803779721 0.01734455302
vn 0.4188212156 0.9075959921 0.02929616719
v 0.01641136967 -0.4816910028 0.02481660433
vn 0.7344680429 -0.1635304093 0.6586459279
v 0.02237525396 -0.4790799916 0.007700008806
vn 0.3553444147 -0.8805885911 -0.3135187924
v -0.01422646269 -0.4587779939 0.03094955161
vn 0.9240856767 -0.2632333934 0.2770808935
v 0.005359317642 -0.4821119905 0.02894946001
vn 0.1874402016 0.2200241834 0.9573168159
v 0.0009727412253 -0.4829330146 0.01756334677
vn 0.1004079506 0.9947049618 0.02191535756
v 0.0008218850708 -0.4763090014 0.006252157968
vn 0.3794457316 0.5732514262 0.7262256742
v 0.03655378148 -0.455035001 -0.001280847937
vn -0.1555112302 0.810954392 0.5640649199
v -0.01082156226 -0.4469639957 0.01465967484
vn 0.4517688453 -0.8920702338 -0.0107501084
v 0.03511604294 -0.4683679938 0.0006473209942
vn 0.6505350471 -0.5381227136 -0.5359366536
v -0.01580524072 -0.4582760036 0.03207392618
vn -0.08551555872 0.1211639941 0.9889420271
v 0.02167986333 -0.477286011 0.008247619495
vn -0.3599663079 0.8792216778 0.3120793104
v 0.02842215821 -0.4687390029 -0.003892326728
vn -0.6291105151 0.727381289 0.2741102278
v 0.01154502574 -0.4815100133 0.02773849294
vn 0.1587096602 0.2329732925 0.9594449997
v 0.005230178591 -0.4802820086 0.028149046
vn 0.142411083 0.5608624816 0.8155687451
v -0.01466740295 -0.4629130065 0.03126197308
vn 0.9541034698 0.0769893676 0.289411813
v 0.01118112449 -0.4797189832 0.02692676522
vn 0.0448304899 0.6390982866 0.7678174376
v -0.01899060979 -0.4656290114 0.02827890217
vn -0.8395748734 -0.1440037787 0.523810029
v 0.01194666419 -0.4825339615 0.01462163404
vn -0.1385665834 0.9405094981 0.3102277219
v 0.01701750979 -0.4817159772 0.02414714918
vn 0.6651216149 -0.4595028162 0.5886173248
v 0.005450828001 -0.4799880087 0.007707003038
vn 0.2334188223 0.7169761658 0.6568567753
v 9.86027153e-05 -0.477522999 0.004836947657
vn -0.3788163066 -0.5873161554 -0.7152327895
v -0.01806950383 -0.4638189971 0.01358145475
vn 0.7510345578 0.122684136 0.6487647295
v 0.009222446941 -0.4741039872 0.0004559281806
vn -0.2746071219 0.9225614071 -0.271056056
v -0.01394482236 -0.4547089636 0.01005918812
vn 0.9797183275 -0.1784666479 -0.09111346304
v -0.01328802388 -0.460469991 0.009337287396
vn 0.8932057023 0.390373379 -0.2231416106
v -0.008222990669 -0.4443050027 0.01233746391
vn 0.536211431 0.8402748108 -0.08009707928
v -0.01686052047 -0.4552539587 0.01302282885
vn 0.6889442205 -0.2192195505 0.6908680201
v 0.01651391946 -0.4798650146 0.02358020097
vn 0.35330984 0.8393192887 0.4131771028
v -0.01543090213 -0.4542070031 0.008818307891
vn -0.06630472094 0.1555294544 -0.9856035113
v -0.01269536931 -0.4486260116 0.0136608379
vn 0.5672075748 -0.7543421388 0.3305199742
v 0.03481131792 -0.4686029851 0.007474144455
vn -0.7989447713 0.4701989889 -0.3749668896
v 0.03379926458 -0.4733870029 0.006368090399
vn 0.7505655289 -0.6506103873 0.115574725
v -0.015995441 -0.4530009925 0.02803105116
vn 0.06546081603 0.6786984205 0.7314939499
v -0.008876875974 -0.4796630144 0.01540658996
vn 0.4602544606 0.7916177511 0.4018795788
v 0.0305071827 -0.4727570117 0.01055861637
vn -0.5133072734 0.7731731534 0.3724498451
v -0.01947208866 -0.4615490139 0.01531261764
vn 0.9665102363 -0.06774717569 0.2475243807
v -0.01633938774 -0.4629319906 0.0323594436
vn -0.06394570321 0.02423849143 0.997658968
v 0.0257860329 -0.4763529897 0.01135699172
vn -0.5429509878 0.7755003572 -0.3221854866
v -0.0145392511 -0.4606209993 0.007783569396
vn 0.3649379611 0.3338105679 -0.8691322207
v 0.01592713408 -0.4798719883 0.0241421964
vn 0.3812055886 0.8967789412 0.2246550024
v -0.01140656602 -0.4478869736 0.01326978114
vn 0.5003259778 -0.7988545299 0.3339242041
v 0.02577692829 -0.4751609862 0.006318259053
vn -0.2063723058 0.8722156286 0.4434527457
v 0.007411830127 -0.4792670012 0.003048806451
vn -0.2252545506 -0.7702202797 -0.5966750383
v 0.00395166548 -0.4820179641 0.01141411997
vn 0.1124606505 0.9571893215 0.2667231858
v 0.01136029605 -0.4779660106 0.003898171242
vn 0.1054418907 0.747118175 0.6562746167
v 0.01130809356 -0.4845770001 0.01845160499
vn 0.2216349393 -0.9618305564 0.1604991406
v -0.007682324853 -0.445868969 0.01421920862
vn 0.8845949769 0.2437699139 0.3975776434
v 0.02315887436 -0.4744279981 0.001558430959
vn -0.4708897173 0.8020734191 0.3673433661
v 0.01733062789 -0.4804140031 0.01589490101
vn -0.5085476041 0.8395659924 -0.1910714656
v 0.02089207433 -0.4808180034 0.01458716579
vn 0.5303964019 -0.8122683167 0.242693007
v 0.001397424494 -0.4776569903 0.006982435007
vn 0.3248102367 0.6428425312 0.6937230825
v 0.01935022324 -0.4764530063 0.002098094206
vn -0.1187365726 0.7362850904 0.666172564
v 0.0008406045963 -0.4817349613 0.02980116196
vn 0.1480338871 -0.1736685783 0.9736145139
v 0.0007485507522 -0.4849100113 0.01737326756
vn -0.1032059938 -0.9941260219 -0.03258858994
v 0.001082694042 -0.4799049795 0.02903133631
vn 0.2849707305 0.7467702031 0.6009376049
v -0.001433718717 -0.4757780135 0.007039300632
vn 0.3866084814 0.5268916488 0.7569141984
v 0.03676173836 -0.464861989 0.006816554815
vn -0.004331556149 0.4169218838 0.9089320302
v 0.009998292662 -0.4771350026 0.002785217483
vn 0.1765424162 0.7735961676 0.6085899472
v 0.02152772993 -0.4785209596 0.01094719116
vn -0.2495123893 0.8805325031 0.4029963911
v -0.002217754722 -0.4769429862 0.005615197122
vn -0.3851951659 -0.5347682834 -0.7520954609
v 0.01580850966 -0.4806189835 0.00951641053
vn -0.3410972953 0.8728072643 0.3490847051
v -0.01957834698 -0.4654819965 0.02087501436
vn 0.9710659385 0.1357799321 -0.1964554489
v 0.03300647065 -0.4684489965 -0.001743531553
vn 0.6331381202 -0.5699081421 -0.5237755775
v -0.01253490895 -0.4463190138 0.01274939347
vn -0.5059278011 0.8007582426 -0.3206607103
v 0.03557371721 -0.4675660133 0.007055679336
vn -0.8451600075 0.4454103708 -0.2954897881
v -0.01302275155 -0.4508970082 0.02494011261
vn 0.7705942392 0.02726201154 0.6367427111
v -0.0021423453 -0.4844549894 0.01677896641
vn -0.2055427134 -0.9764217734 -0.06597533077
v 0.02908052504 -0.470250994 -0.005178447813
vn 0.5747871399 -0.737370491 -0.3548302948
v 0.02207486704 -0.4761500061 -0.0004492976004
vn 0.2849638462 -0.8499812484 -0.4430885315
v -0.01965190656 -0.4640699923 0.01238160022
vn -0.7572870255 -0.1195266247 -0.6420511603
v -0.01838152669 -0.4683400095 0.01499042381
vn 0.8195516467 0.2480372488 0.5165390372
v -0.01923059486 -0.4656170011 0.0122496523
vn -0.7312828898 -0.1698172092 -0.6605962515
v -0.01391235553 -0.4471299648 0.01312768832
vn -0.5691651702 0.7559481263 -0.3234090805
v 0.03549689054 -0.4670140147 0.007787641603
vn -0.1500727683 0.5199255347 0.8409254551
v 0.01436597575 -0.4824970067 0.02431566268
vn 0.2549208999 -0.9650946259 0.06006387994
v 0.0108824065 -0.4826340079 0.01824224927
vn -0.2161928564 0.9635357857 -0.1576687098
v 0.02895969711 -0.4747309983 0.007081741467
vn -0.3159511685 0.8563755155 0.4084064066
v 0.02242285199 -0.4782240093 0.01192054152
vn -0.4390851259 0.8983414769 0.01366907172
v 0.0007467131363 -0.479061991 0.005710551515
vn -0.3257414401 -0.642509222 -0.6935952306
v 0.02946913615 -0.476888001 0.01292043366
vn 0.671646297 -0.1452586949 0.7264924049
v 0.03792147338 -0.4528069794 -0.005681394134
vn 0.7604287267 0.579570055 0.2929960191
v 0.0113546066 -0.479678005 0.002860488603
vn -0.1020147353 -0.7411845922 -0.6635046005
v 0.0261040926 -0.476094991 0.01492462493
vn 0.2751640379 0.6702362895 0.6892517805
v 0.009734465741 -0.4787389934 0.001619437477
vn -0.1826109588 -0.777343154 -0.6019890308
v -0.008767488413 -0.4821699858 0.01709781587
vn -0.4176276028 -0.9078957438 -0.03622818738
v -0.006205587648 -0.4810790122 0.01701255143
vn 0.3599258661 0.9303787351 0.06963345408
v -0.002492523519 -0.4800229967 0.01119134855
vn 0.3406762481 0.6576395631 0.6719002128
v 0.03126782551 -0.4679769874 -0.006245852914
vn 0.6308706999 -0.7232179046 -0.2809947431
v 0.03643520549 -0.469765991 0.007406678982
vn 0.8035417795 -0.4759014845 0.3575449884
v 0.002680200385 -0.4811069667 0.02582851984
vn 0.06982950866 0.9656054378 -0.2504594624
v 0.02654400468 -0.4758369923 0.002217156114
vn 0.4674659669 -0.8603879809 -0.2029977888
v 0.03591294587 -0.4698849916 0.008530956693
vn 0.3720605075 0.1653495282 0.913362205
v -0.001673513791 -0.4825339615 0.01708070561
vn 0.2100889683 0.9761257172 0.0551472567
v 0.003724212991 -0.4838910103 0.01075071469
vn -0.1084362194 -0.9593710303 -0.2604781389
v 0.03125116974 -0.468829006 -0.00365611678
vn 0.7236193419 -0.6741653681 -0.1479059309
v -0.01287143305 -0.4763779938 0.01500900835
vn 0.6338668466 0.6973036528 0.3346347511
v 0.03656111285 -0.4562430084 0.0005392667954
vn -0.2052970976 0.8072190881 0.5533989668
v -0.01927414536 -0.467031002 0.01669845916
vn 0.9377036691 0.2686077356 0.2203673422
v -0.0197232198 -0.4642849863 0.02080446668
vn 0.9756223559 0.05932063609 -0.2112868428
v -0.007378634997 -0.4458779991 0.01349531766
vn 0.93388623 0.2854402065 0.2153610289
v 0.01808823645 -0.4822610021 0.01601554826
vn 0.501331687 -0.8475052118 0.1743601114
v -0.01771793328 -0.465249002 0.01350437198
vn 0.7208436728 0.1681474894 0.6723918319
v -0.01308180764 -0.4485469759 0.01036120765
vn -0.5728949904 0.5679893494 -0.5909141302
v 0.02330048196 -0.4732550085 -0.0005141686997
vn -0.4175987244 0.8644992113 0.2797364295
v -0.01070288196 -0.4759800136 0.0317886807
vn -0.1526447386 -0.3246326745 0.9334415793
v 0.007814460434 -0.478363961 0.005154367536
vn 0.2041057944 0.7345275283 0.6471554041
v 0.004300567321 -0.4736579955 0.003040920943
vn 0.1760958135 0.9687620997 -0.174614653
v 0.028186379 -0.4683879912 -0.005059231073
vn -0.5877842307 0.7441716194 0.3173615038
v 0.008565468714 -0.4814629555 0.02501238883
vn -0.0595994629 0.9973415732 -0.04192467406
v 0.02034121379 -0.4750860035 0.0008613551618
vn -0.1765684038 0.7609151602 0.6243650317
v -0.01391833648 -0.4641450047 0.01004400291
vn 0.5083918571 0.09587009251 0.8557725549
v 0.004000966437 -0.4755659997 0.001770976814
vn -0.4255551994 -0.4410381019 -0.7901823521
v 0.01532866247 -0.4772439897 -0.001414838596
vn -0.008941235952 -0.834163487 -0.5514447689
v -0.01634475961 -0.4615310133 0.01152916811
vn 0.6328679919 -0.003284600098 0.7742527723
v -0.01192852762 -0.4745259881 0.009695790708
vn -0.5286281109 -0.4009940326 -0.7481684685
v -0.009270718321 -0.4796940088 0.01960236207
vn 0.5092126727 0.8603839874 0.0210201852
v -0.006224004552 -0.4782899916 0.008675931953
vn -0.396265775 -0.5918781161 -0.701892972
v -0.01906538568 -0.4583640099 0.02210458368
vn 0.955637157 -0.2053918391 -0.2111203074
v 0.0240308661 -0.4749639928 -0.00125378347
vn 0.4337251186 -0.8685119152 -0.2399367094
v 0.02171430737 -0.4765899777 0.004894067999
vn -0.4663473964 0.8815738559 0.07312776148
v -0.004261921626 -0.480208993 0.01236481778
vn 0.3535933495 0.7291175723 0.5859686732
v -0.01877954043 -0.4525850117 0.01379644964
vn -0.8684368134 0.4627649188 -0.1779497266
v -0.02015899494 -0.4629360139 0.01863884553
vn 0.9973297119 -0.02088432014 -0.06998084486
v 0.01690003835 -0.4822779596 0.009195239283
vn 0.4555192888 -0.876009047 -0.1584623307
v -0.01123285852 -0.4783489704 0.01597950235
vn 0.5695261955 0.7509032488 0.3343414664
v -0.01420550235 -0.4777140021 0.01434815023
vn -0.635165453 -0.6947497129 -0.3374725878
v 0.02503672428 -0.4734070003 0.00139982847
vn -0.2884329557 0.7131009102 0.6389784813
v -0.01664153486 -0.4715340137 0.0227893889
vn 0.80421561 0.5658977628 -0.1816507578
v 0.01433786564 -0.4782809913 0.003797838697
vn 0.05267809331 0.7168539166 0.695230484
v -0.009278298356 -0.4749149978 0.0307965558
vn 0.5678646564 0.5005645156 0.6534255147
v 0.0198969692 -0.4781799912 0.001247706939
vn 0.1315627992 -0.736702621 -0.6632952094
v -0.01914969087 -0.4578320086 0.01687841676
vn 0.9543583989 -0.2606355548 0.1458395123
v 0.03618109226 -0.4656189978 0.004323266447
vn -0.8639804125 0.3789622486 0.3315500319
v 0.02677739039 -0.4780899882 0.01132884901
vn 0.5462081432 -0.775537014 0.3165421784
v 0.01130329259 -0.4822009802 0.01105886605
vn -0.04143086448 0.9399365187 0.3388256133
v 0.02700527944 -0.4778810143 0.01493269298
vn 0.6551386714 -0.1416724622 0.7421066165
v -0.005366581492 -0.477019012 0.009960253723
vn 0.3922129869 0.5888581872 0.7066929936
v 0.03394938633 -0.472122997 0.0093532186
vn 0.6942192316 -0.7047931552 -0.1460350305
v -0.006934138481 -0.4829159975 0.01669771224
vn -0.3593695462 -0.9297010899 -0.08068086952
v -0.01233029552 -0.4775739908 0.01626547053
vn 0.6283848882 0.6878169179 0.3633735776
v 0.01213889569 -0.4810339808 0.02386610024
vn -0.1739792824 0.9846259952 0.01558354869
v -0.003421974368 -0.4715909958 0.004029929172
vn 0.1233068332 0.6529718637 -0.7472771406
v -0.02013293095 -0.4689469934 0.01423752028
vn -0.8382260203 -0.258163929 -0.4803421199
v -0.01841288619 -0.4621819854 0.02604880929
vn 0.8367089629 0.01020283811 -0.5475527048
v -0.01656231657 -0.4753729999 0.01472294144
vn -0.7607910633 -0.602076292 -0.2422832102
v 0.008891589008 -0.4833270013 0.02565584891
vn 0.06439178437 -0.9964072108 0.05501248315
v 0.0357382372 -0.4617820084 -0.000376801152
vn -0.807628274 0.3367044628 0.4841143191
v 0.02728328295 -0.4730849862 0.002380256308
vn -0.4966216385 0.8230778575 0.2755172551
v 0.02094152756 -0.4768039882 2.563826638e-05
vn 0.177913323 -0.7509530187 -0.6359374523
v 0.0372537002 -0.4686459899 0.006953945849
vn 0.8493338823 -0.4519011378 0.272795409
v 0.03477049991 -0.4677520096 0.003646015655
vn -0.770976603 0.4708551764 0.4288245142
v -0.0198905468 -0.4606170058 0.01981677487
vn 0.9882366657 -0.09735002369 -0.117946133
v 0.004861954134 -0.4831149876 0.01546542719
vn 0.01062363759 0.9932931066 0.1151345447
v -0.01535529085 -0.4649469852 0.0302520562
vn 0.7833778262 0.1980072707 -0.5891624093
v 0.02729541808 -0.475165993 0.01133598108
vn -0.5962473154 0.7358976007 -0.3208486736
v 0.01630970836 -0.4824669957 0.008939735591
vn 0.3401500285 -0.8744962215 -0.3457662165
v 0.01689179428 -0.4768539965 -0.001876388676
vn 0.09448424727 -0.8704981804 -0.4830172658
v 0.03805568069 -0.4565799832 -0.00282782875
vn 0.9157624841 -0.1576025039 -0.3695139289
v 0.03258896619 -0.4706580043 0.009441896342
vn -0.691311717 0.7066172957 0.1509308517
v -0.008034643717 -0.473228991 0.009085751139
vn 0.4425519705 0.3991374671 0.8030174375
v 0.02835167944 -0.4768610001 0.01127984282
vn 0.5938156247 -0.7428232431 0.3091871738
v 0.01663296483 -0.4804539979 0.01847442798
vn -0.446033448 0.8848338127 -0.1346227527
v -0.01396695245 -0.4491260052 0.01802735962
vn 0.551620245 -0.8068174124 -0.2115675062
v 0.03004178032 -0.4765399992 0.007898828946
vn 0.5821858644 -0.7954759598 0.1681595743
v 0.01255690306 -0.4829060137 0.02445039712
vn 0.1767362505 -0.9842447639 0.005152611528
v 0.003700956469 -0.4747439921 0.001445475151
vn -0.1404434294 0.6605188251 -0.7375571728
v 0.01449428871 -0.4800199866 0.002823233372
vn -0.02942011692 -0.7202361822 -0.6931048036
v 0.01218324993 -0.4729320109 -0.003473781282
vn -0.648019135 0.6285747886 -0.4300754368
v -0.02152465284 -0.4658589959 0.02114353329
vn -0.9747327566 -0.1342752725 0.1785112023
v 0.007437731139 -0.4830849767 0.01583381742
vn -0.01768164895 0.9883686304 0.1510456353
v 0.01504059881 -0.4832229912 0.01958538406
vn 0.4073462486 -0.8809677362 0.2407589853
v 0.0224431958 -0.4783199728 0.004202425014
vn 0.4644205868 -0.8807627559 -0.09257709235
v -0.01242472231 -0.4484969974 0.009726357646
vn 0.2354443073 -0.04104409739 -0.9710207582
v -0.001977736829 -0.484158963 0.01515630074
vn -0.2291390449 -0.9556722045 -0.1848942935
v -0.01576520316 -0.4732840061 0.01473176572
vn 0.7795056105 0.6067604423 0.1556044221
v 0.03842619807 -0.4545580149 -0.002742252313
vn 0.8039793968 0.5564507842 0.20971331
v -0.01951863244 -0.4670960009 0.01886189356
vn 0.9527645707 0.2927163541 -0.080974482
v 0.01875209808 -0.4806989729 0.007198943757
vn 0.4227806032 -0.8616504073 -0.2807404101
v 0.02629267052 -0.4761720002 0.0107984934
vn -0.5221431255 0.8469206095 -0.1004594564
v 0.007040531375 -0.475436002 1.766929927e-06
vn -0.4292871356 0.2443098277 -0.8694971204
v -0.01511796378 -0.464448005 0.008471882902
vn -0.5086208582 -0.09499364346 -0.8557342291
v 0.01974093728 -0.4765479863 0.002402406419
vn -0.3502202332 0.8479457498 0.3979117572
v 0.01760368049 -0.4797370136 0.01946213283
vn -0.3974347413 0.8952365518 -0.2014873773
v -0.02169391699 -0.4644899964 0.02108523808
vn -0.9749567509 -0.07356647402 0.2098744959
v -0.01860403083 -0.4708229899 0.01317261439
vn -0.6635805368 -0.2706686854 -0.6974233389
v -0.01006561425 -0.4486770034 0.01078732964
vn 0.6655023098 -0.5921963453 -0.4543239176
v 0.02990006655 -0.4665229917 -0.006114382297
vn -0.6215859056 0.7291663885 0.2862645686
v -0.01127642579 -0.4660060108 0.008867695928
vn 0.4407280982 0.145885244 0.8857066035
v -0.01024548989 -0.4814409912 0.01964402758
vn -0.4980103672 -0.8670346737 -0.01538123284
v -0.003150044009 -0.4821870029 0.01739588007
vn 0.2665495574 0.9597898126 0.08806132525
v 0.008946094662 -0.4829929769 0.007752860896
vn -0.01731087826 -0.8861404657 -0.4630932808
v -0.01261318941 -0.4502750039 0.02441461571
vn 0.7411646843 0.1078876629 0.6625972986
v -0.01637802459 -0.4484689832 0.01770312898
vn -0.6883147359 0.725269258 -0.01439968124
v -0.01597246155 -0.4509600103 0.01849414036
vn 0.7392506003 -0.6651226282 -0.1054534242
v -0.01594508439 -0.4713549912 0.01376169827
vn 0.6025071144 0.2831284106 0.7462060452
v 0.02730289102 -0.4778969884 0.0107429279
vn 0.5220719576 -0.8479450345 0.09181586653
v 0.008824406192 -0.4809420109 0.02633508667
vn -0.2026211172 0.788549006 -0.5806334019
v 0.01730550453 -0.4823220074 0.01872448996
vn 0.4408487678 -0.8864993453 0.1406103522
v 0.005799962208 -0.4798080027 0.004368254449
vn -0.2353591323 -0.7323645353 -0.6389430761
v 0.03869819269 -0.4584389925 0.00150127802
vn 0.9962085485 0.08675798029 0.006452510133
v -0.01950457878 -0.4533309937 0.01590589993
vn -0.9007636905 0.4154150188 -0.1267088801
v -0.0150880646 -0.4600589871 0.03037744761
vn 0.7492795587 -0.206241712 -0.6293206215
v 0.03612309694 -0.4562210143 -0.002453827532
vn -0.9197528362 0.1599859744 0.3584120572
v -0.02171335928 -0.4602720141 0.02093855664
vn -0.9763647318 0.08107431978 0.2003468722
v -0.02098625898 -0.4579330087 0.02245594002
vn -0.9586628079 0.1951032877 0.2071238905
v 0.03239254653 -0.4681079984 0.0008135943208
vn -0.5963841081 0.5972634554 0.5362856388
v 0.004881327506 -0.4834859967 0.01783017814
vn 0.07292243838 0.9654877186 0.2500315607
v 0.01050838083 -0.483141005 0.02388934232
vn 0.1225628108 -0.9922082424 -0.02238642983
v -0.0201394707 -0.4547590017 0.01608521305
vn -0.9262382388 0.3514329791 -0.136299625
v 0.006299973 -0.4767839909 0.003765532514
vn 0.2863208354 0.7389850616 0.6098536253
v -0.005877440795 -0.479065001 0.03098254837
vn 0.0367108956 -0.2514541447 0.9671727419
v 0.02873120271 -0.4689149857 -0.002186872531
vn -0.6271406412 0.7203756571 0.2962322533
v -0.01475151535 -0.4565880001 0.01045425888
vn 0.7043091655 -0.1223163605 0.6992762685
v 0.01327555813 -0.4816280007 0.01018186007
vn -0.1556344181 0.9040682316 0.3980433643
v 0.01825801283 -0.4816039801 0.01975064911
vn 0.3902046382 -0.8994578719 0.1967636198
v -0.006271181162 -0.4811499715 0.01799398474
vn 0.3707099557 0.9271335602 0.05474915728
v -0.02113543823 -0.4675959945 0.01622927375
vn -0.9369927049 -0.2688816786 -0.2230409831
v 0.02849346027 -0.4751439989 0.01299109031
vn 0.2610207796 0.665081203 0.699667871
v -0.006599102635 -0.4796710014 0.01323346142
vn 0.4000319242 0.7711427212 0.4952912033
v -0.01943289675 -0.4610800147 0.02792797051
vn -0.8649743795 0.07266753912 0.4965266883
v -0.01791705936 -0.4697000086 0.01504691504
vn 0.8856019378 0.4072408974 0.2233025581
v -0.01567467488 -0.4663870037 0.01156905014
vn 0.683832705 0.233779788 0.6911727786
v 0.01193945203 -0.4766910076 -0.00130031805
vn -0.2392920554 -0.7158151269 -0.6560091972
v 0.03421592712 -0.4607349932 -0.003537738929
vn -0.8038893342 0.4321573973 0.4086587429
v 0.02150261216 -0.4740619957 -0.0008032920305
vn -0.3607267439 0.8913535476 0.2745269537
v -0.01881247759 -0.4580760002 0.01462882757
vn 0.9487497807 -0.2328819335 0.2136349231
v -0.01767303422 -0.461270988 0.02699631639
vn 0.8499291539 -0.06945941597 -0.5222985744
v 0.01229447313 -0.4750150144 -0.0002677626617
vn 0.2613717616 0.74224931 0.6170500517
v 0.03142855689 -0.4674330056 -0.001032318571
vn -0.6292725801 0.5764118433 0.5213111639
v -0.005105402321 -0.4774479866 0.03009415604
vn 0.4608216584 0.850917697 0.2521556616
v -0.01779043674 -0.4615939856 0.01014747936
vn -0.6348733306 0.003280477365 -0.7726092935
v -0.0192262996 -0.4716629982 0.0221956186
vn -0.8192210793 -0.467315942 0.3324044049
v -0.01522363629 -0.4475769699 0.01819031127
vn -0.5638613105 0.8021321893 0.1965818703
v -0.0112606762 -0.4776690006 0.01481707674
vn 0.5854021907 0.7171306014 0.3781903386
v -0.01235021371 -0.466444999 0.007238469552
vn -0.4441047013 -0.1447997987 -0.8841968179
v -0.001554931281 -0.4790259898 0.006819418631
vn -0.3380250037 -0.6537546515 -0.677011013
v 0.03227121755 -0.4711160064 0.009782168083
vn -0.497362107 0.7227404118 0.4798721075
v 0.004044018686 -0.4835429788 0.01850143261
vn -0.0007114198525 0.9997346997 -0.02302275226
v -0.007246954832 -0.4677189887 0.007245379966
vn 0.6412171125 0.5781462789 0.5045666099
v 0.03647546098 -0.4542300105 -0.002427842002
vn -0.4152771235 0.7083032727 0.5708339214
v -0.004999281373 -0.4817819893 0.01136937551
vn -0.3511671126 -0.7317208648 -0.5841799974
v -0.01737286523 -0.4539000094 0.02214630507
vn 0.8095842004 -0.5037100911 -0.3014125824
v -0.01495537348 -0.4547229707 0.02749918215
vn 0.7132205963 -0.5468066335 -0.43854177
v -0.01176784746 -0.468129009 0.009483692236
vn 0.4489434659 0.1728726625 0.876678288
v 0.02440008149 -0.4792070091 0.009374870919
vn 0.2359181494 -0.8878135681 -0.3951325417
v -0.0182712879 -0.4725899994 0.02326987311
vn -0.8115211725 -0.5577687025 0.17414774
v -0.01927902736 -0.4578000009 0.02083731443
vn 0.9484279752 -0.2278396189 -0.2203940004
v -0.001147900359 -0.4831019938 0.01995947212
vn 0.129390642 0.9782835841 -0.1619238555
v -0.01032622624 -0.4784269929 0.02294211462
vn 0.6132492423 0.7655721307 -0.1944857091
v 0.0181319546 -0.4776200056 0.0002572648227
vn 0.2725545764 -0.9249168634 -0.2650336921
v -0.01453451719 -0.4599449933 0.03107502125
vn 0.7579678297 -0.07796445489 0.64761585
v 0.001355999848 -0.4827260077 0.02709890157
vn -0.09837590903 -0.9664804339 0.2371449918
v 0.003714927239 -0.4751470089 0.004144220613
vn 0.4009836614 0.3589231074 0.8428441882
v 0.02507758699 -0.4718700051 -0.00209559733
vn -0.533444047 0.8180295825 0.2150930613
v 0.03797196224 -0.4664080143 0.003905831138
vn 0.8696043491 -0.3778437078 -0.317840308
v 0.02841621637 -0.4695630074 -0.001357278088
vn -0.5309801698 0.7391498685 0.4143882096
v 0.009122272953 -0.4827599823 0.02711473778
vn 0.2006540596 -0.7943418622 0.5733750463
v -0.01211318467 -0.4777660072 0.01950880513
vn 0.6152436137 0.7742281556 -0.1484793425
v 0.03518339247 -0.4682860076 0.006867434364
vn -0.8290611506 0.55607903 -0.05859750882
v 0.02036399208 -0.4782600105 0.001575406524
vn 0.3445613682 -0.8496859074 -0.3991381824
v 0.008577177301 -0.4741449952 0.0008720390615
vn -0.1778560728 0.9471172094 -0.2670883834
v 0.01777393371 -0.4758679867 0.001151552075
vn -0.3008160889 0.9270424247 0.2238347232
v 0.03722924739 -0.4680159986 0.007674532942
vn 0.5006838441 0.05915708467 0.8636064529
v 0.01827421226 -0.4767879844 -0.001547182561
vn 0.1558236927 -0.8693770766 -0.468937546
v 0.03599635884 -0.4615319967 -0.003973511048
vn 0.79812181 -0.4283025861 -0.4237434268
v -0.01863480359 -0.4692159891 0.01733967662
vn 0.8949121833 0.4034253061 0.1907360256
v -0.01845999807 -0.4547069967 0.01195350662
vn -0.6977425218 0.2229632437 -0.6807662845
v 0.01060330216 -0.4769189656 -0.000545558054
vn -0.2922762334 -0.6127164364 -0.7342704535
v 0.01026737969 -0.4831260145 0.01646723412
vn -0.1581482589 0.9870374799 0.02731598914
v -0.002288576448 -0.481904 0.01460035332
vn 0.2056046277 0.9495914578 0.2366490364
v 0.03414571658 -0.4640980065 -0.0008666274953
vn -0.7111103535 0.4322533607 0.5545079708
v 0.01608211361 -0.4802370071 0.02016309462
vn -0.3959205151 0.8706716895 -0.2918523252
v -0.01466757804 -0.466802001 0.01087507512
vn 0.5562881231 0.1914641708 0.8086315393
v 0.03785242885 -0.4630700052 0.000324370194
vn 0.8901723623 -0.3137966394 -0.3303405046
v 0.02289924957 -0.4774889946 0.01618644036
vn -0.4151073396 0.9093628526 -0.02729620412
v -0.01508217677 -0.4591220021 0.008061802015
vn 0.4093900919 0.2888268232 -0.8654356599
v 0.02174796537 -0.4756200016 0.002496949164
vn -0.3755066097 0.8239969015 0.4242921472
v 0.02475296892 -0.474465996 0.002511526691
vn -0.3350207806 0.7895396948 0.5141869187
v -0.01700215042 -0.4725359976 0.0181148909
vn 0.8471701145 0.530454874 0.03033884056
v 0.01680897176 -0.4760279953 0.0005572139635
vn -0.1047687903 0.8402839303 0.5319271088
v -0.01650071703 -0.4538779855 0.02844952047
vn -0.7174019814 0.5347736478 0.446487993
v -0.01614088751 -0.4652140141 0.03241064399
vn 0.01689841971 0.01653296687 0.9997205138
v -0.01310856547 -0.4794690013 0.0199230127
vn -0.616078496 -0.776150465 0.1343045831
v 0.0163625963 -0.4782490134 0.0008834725595
vn 0.1848880202 -0.9234036207 -0.3363660872
v 0.02485745959 -0.4764889777 0.01270973589
vn -0.4102044404 0.9111206532 0.0398927927
v 0.02828421444 -0.4679679871 -0.006593930535
vn -0.6835996509 0.7279003263 0.05340978876
v -0.0175613407 -0.4716069996 0.0201354567
vn 0.8662412763 0.4982207417 -0.03744528443
v -0.008409172297 -0.4721969962 0.008839970455
vn 0.4429913461 0.3215748668 0.8368681073
v 0.009591390379 -0.4739829898 0.0001102505048
vn -0.4059578776 0.8716431856 -0.2746567726
v -0.01890835166 -0.4591070116 0.01446276251
vn 0.8331075311 -0.08661483228 0.546287179
v -0.009012062103 -0.4741039872 0.007574582472
vn -0.4494181871 -0.3905087113 -0.8034464717
v -0.01959440671 -0.4586189985 0.01917468756
vn 0.9717178345 -0.230076313 0.05319190025
v 0.03674673662 -0.4582040012 0.001870690612
vn -0.9945989251 -0.1011288017 -0.02336445265
v 0.0005163565511 -0.4848229587 0.01580227539
vn -0.1691182852 -0.9598157406 -0.223948136
v 0.0008293385035 -0.4828940034 0.01622522809
vn 0.1673838943 0.9626143575 0.212969929
v 0.03859297559 -0.4592239857 -0.0002918705286
vn 0.9869113564 -0.08565124869 -0.1366374642
v -0.01588589512 -0.4738169909 0.02059685811
vn 0.7047413588 0.5968734026 -0.3835123181
v 0.0009424662567 -0.4741689861 0.00511135906
vn 0.4091622531 0.3076634705 0.8590282202
v 0.02375358716 -0.4792959988 0.01625307649
vn 0.4151295722 -0.9093706608 0.02669061348
v -0.01811069809 -0.4586139917 0.02566203848
vn 0.7618383765 -0.2991181612 -0.574569881
v 0.01078266557 -0.4829619825 0.01685146801
vn -0.2293097824 0.9549052119 -0.1886083484
v 0.03123755008 -0.4656159878 -0.004374887794
vn -0.797385633 0.5996825695 0.06750535965
v 0.009391371161 -0.4827780128 0.01908722892
vn -0.1745409667 0.9655545354 -0.1929763407
v -0.01850128546 -0.4683640003 0.01526983175
vn 0.9175145626 0.3242466748 0.230284974
v 0.01936491765 -0.47498101 -0.0003646435216
vn -0.2190931588 0.8624005914 0.4563588798
v -0.01630307548 -0.4715130031 0.02473887429
vn 0.8201604486 0.5397405028 -0.1897816062
v -0.0143784238 -0.4688650072 0.01135631185
vn 0.6255677938 0.3365279734 0.7038564086
v -0.008781923912 -0.4462269843 0.01669417135
vn 0.8673265576 0.1319387257 0.4799342155
v 0.0075058355 -0.4850759804 0.01563884318
vn 0.00698150415 -0.9860015512 -0.166590035
v -0.01976156421 -0.4637300074 0.01635110937
vn 0.9660034776 0.05165192112 0.2533166707
v -0.008164554834 -0.4465559721 0.01197110768
vn 0.4101771712 -0.860047698 0.3034347296
v -0.009207786992 -0.4449539781 0.01138433535
vn -0.42152071 0.8435263038 -0.3328417242
v 0.009746472351 -0.484728992 0.01934641227
vn 0.1705358326 -0.9680353403 0.1839161366
v 0.01011833083 -0.4812579751 0.02333892882
vn -0.1199223474 0.9922408462 0.03281449154
v -0.01276929025 -0.477120012 0.01182664931
vn -0.4880479276 -0.5335364342 -0.6907590628
v 0.02719223313 -0.4697540104 -0.003817585064
vn -0.5510516167 0.7559876442 0.3533055186
v 0.01668700762 -0.4821149707 0.02049709298
vn 0.3942511082 -0.8694063425 0.2978232503
v -0.008198682219 -0.4682979882 0.005583942402
vn -0.1244561374 0.2383067161 -0.9631825089
v -0.0145551078 -0.4545199871 0.02775376104
vn 0.750023067 0.5436270833 0.3767425418
v -0.01563569903 -0.4694109857 0.009900454432
vn -0.6307204962 -0.3360770047 -0.6994597316
v 0.03419338539 -0.4689309895 0.008265282959
vn -0.7981162071 0.496859163 -0.3407953084
v -0.00850501284 -0.4799459875 0.0220644027
vn 0.5234774351 0.818059504 -0.2382226884
v -0.01863332465 -0.4563629925 0.01645729505
vn 0.9346220493 -0.3340834975 0.121942021
v 0.03174312413 -0.4722520113 0.005184493959
vn -0.5423384905 0.717228353 0.4375528395
v 0.02558826655 -0.4760969877 0.00171214994
vn 0.3358621597 -0.7880686522 -0.51589185
v -0.007013747003 -0.4829950035 0.01777575724
vn -0.369166404 -0.9274863601 -0.05903562158
v -0.003694212297 -0.4840899706 0.01710379496
vn -0.2687518597 -0.958244741 -0.09766989946
v 0.03782006353 -0.4555110037 -0.005252344999
vn 0.9922665954 -0.123129271 -0.01568982191
v 0.02577338926 -0.4782660007 0.01272625662
vn 0.4195641577 -0.9074239135 -0.02340477332
v -0.01703265309 -0.465256989 0.03129733726
vn -0.7843416333 -0.1912423521 0.5901139975
v 0.01475206576 -0.4733789861 -0.005675859284
vn 0.1420856565 0.9893763661 -0.03075868636
v -0.01345896069 -0.4512110054 0.01174113154
vn 0.6358066797 -0.4172747135 0.6493316889
v -0.01897840947 -0.4721379876 0.01545906253
vn -0.8529985547 -0.4859097302 -0.1904866993
v 0.01735049859 -0.4764479697 0.00196175836
vn -0.03559251502 0.720585227 0.6924522519
v 0.01071536075 -0.4764179885 0.001605973463
vn 0.3041047156 0.5961142778 0.7430801392
v -0.002440433251 -0.4786520004 0.02965492383
vn 0.4166323841 0.8394179344 0.348991394
v 0.02165164426 -0.4753589928 -0.002664555795
vn 0.2532531321 -0.852889657 -0.4565545619
v -0.0008298512548 -0.4776540101 0.008080611005
vn 0.3376099169 0.6541262865 0.6768591404
v 0.02947136387 -0.4741970003 0.01172492374
vn -0.2155879587 0.7251850963 0.6539329886
v 0.0151848821 -0.4756569862 -0.004410767462
vn -0.06120921671 -0.9450699687 -0.3210859895
v 0.007080189418 -0.4810810089 0.02660390176
vn -0.110473156 0.8637805581 -0.4916084707
v -0.0190790873 -0.4713250101 0.02318668365
vn -0.846334815 -0.4910538197 0.2063577473
v 0.0295013655 -0.4710789919 -0.002083840081
vn 0.5372672081 -0.7386848927 -0.4070486128
v -0.01614803076 -0.4595560133 0.03219031543
vn 0.2984086573 0.009858009405 0.9543873072
v -0.01507861074 -0.4501110017 0.01658604853
vn 0.7355071902 -0.6757587194 0.0487787798
v -0.001132706064 -0.4825690091 0.01651727222
vn 0.2338288575 0.9530555606 0.1923778057
v 0.03077365644 -0.4704740047 -0.001720045926
vn 0.4629314542 -0.6834022403 -0.5644960999
v -0.001496893121 -0.4822820127 0.01565051079
vn 0.2291088402 0.9566622376 0.1797401756
v 0.02996613458 -0.4703760147 -0.002775704954
vn 0.6303761005 -0.7147987485 -0.3028015196
v -0.01904981397 -0.452908963 0.02260030434
vn -0.8050677776 0.5102310181 0.302539587
v -0.002211125568 -0.4821429849 0.01025165059
vn -0.3072506487 -0.7219039202 -0.620041728
v 0.01003069524 -0.4843569994 0.01105824392
vn -0.01394560561 -0.9502269626 -0.3112462163
v -0.01803082414 -0.4646089971 0.02637386695
vn 0.8259391189 0.1013057381 -0.5545824766
v -0.002791885752 -0.4837529957 0.01402439922
vn -0.2073097527 -0.948330462 -0.2401915491
v 0.01558081992 -0.4754609764 -0.005333887879
vn -0.1074992418 -0.9841459394 -0.1410696507
v -0.01061746385 -0.4469470084 0.01639386639
vn 0.4309851825 -0.900334537 -0.0604109019
v 0.03666133061 -0.4589039981 0.0001161801338
vn -0.9880047441 0.08015605807 0.1319908798
v 0.002175477101 -0.4853749871 0.0183291696
vn -0.1286270916 -0.951380074 -0.2798768878
v -0.01747615077 -0.471498996 0.02090148069
vn 0.7986911535 0.503952086 -0.3288232386
v -0.01608573459 -0.4536879957 0.02874558605
vn 0.5070829391 0.6356448531 0.5820845962
v -0.01746959426 -0.4496369958 0.01860357262
vn -0.740989387 0.6649183035 0.09390611947
v -0.01395877078 -0.4526669979 0.02614655532
vn 0.7645373344 0.07598766685 0.6400848031
v -0.01593595929 -0.4685029984 0.02814495377
vn 0.7654545307 0.257814765 -0.5895854235
v -0.01928923279 -0.472608 0.02026571706
vn -0.864615798 -0.5008034706 0.04044011235
v -0.01789703406 -0.4594199955 0.01315162145
vn 0.7316265702 -0.04864294827 0.6799679399
v 0.01153809112 -0.4768610001 0.002012790414
vn 0.09921880811 0.8155751824 0.5700813532
v 0.004924295004 -0.4850809872 0.01510219742
vn -0.01563303359 -0.9908274412 -0.1342260242
v -0.01848531142 -0.4555889964 0.01771151274
vn 0.9207639098 -0.3735567331 0.1124687269
v -0.01524711307 -0.466704011 0.0297341831
vn 0.7729606628 0.2498576492 -0.5831834674
v -0.01312360633 -0.4684930146 0.01028986741
vn 0.4891898632 0.1992774457 0.849106431
v 0.03585910425 -0.4649600089 -0.001430551405
vn 0.7088301778 -0.4295312166 -0.5595200658
v -0.0160899926 -0.4668000042 0.02862539329
vn 0.7886398435 0.2145872563 -0.5761939883
v 0.03163542226 -0.4728119969 0.006746898405
vn -0.7119634151 0.6865392923 -0.1475531608
v -0.009423327632 -0.4729500115 0.007287635468
vn -0.439122498 -0.3172605932 -0.8405457139
v -0.01370549388 -0.4537789822 0.01014868356
vn 0.8782556653 -0.2588335872 -0.402084738
v 0.01112535223 -0.4802189767 0.02640477195
vn -0.2539220154 0.74740237 -0.6139326692
v -0.01516020671 -0.4530279934 0.008992823772
vn 0.04836429656 0.1341950595 -0.9897739887
v -0.01716836914 -0.4545589983 0.01073313877
vn -0.6818019152 0.2694890201 -0.6800895333
v -0.01608785428 -0.4545559883 0.02518479526
vn 0.7125561237 -0.5402840376 -0.4476124644
v -0.01919609122 -0.4608089924 0.01473893784
vn 0.8543511629 -0.01524680853 0.5194724798
v -0.01671328954 -0.4596860111 0.03148338199
vn -0.7554219961 0.194456622 0.6257189512
v -0.01295804605 -0.4762130082 0.02186764404
vn 0.7042197585 0.6900778413 -0.1669344753
v -0.01808833517 -0.4704999924 0.02076935768
vn 0.8515958786 0.4435220659 -0.2794147134
v -0.01848864928 -0.4550200105 0.0196813643
vn 0.9204143286 -0.3909203708 -0.004322506487
v -0.003219656646 -0.4783520103 0.007073706482
vn -0.3672429919 -0.6221272945 -0.6914407015
v 0.02005410567 -0.4782060087 0.008696211502
vn -0.445800066 0.8636997342 0.2351278812
v -0.01600490697 -0.4738589823 0.02017794549
vn 0.7644872069 0.6317617893 -0.1282040775
v 0.01004587766 -0.4738459885 -0.0003158055479
vn -0.001112464815 0.9456012845 0.3253260255
v 0.008370693773 -0.4809009731 0.0081421379
vn 0.06235736236 0.8572682738 0.511079967
v 0.02068630978 -0.4800240099 0.00815363694
vn 0.4405514896 -0.8657315969 -0.2375356853
v -0.01258208789 -0.4722689986 0.01163038053
vn 0.5636437535 0.3550528288 0.7458171248
v 0.03355038911 -0.4730429947 0.008640444838
vn 0.7236312628 -0.5814335346 0.3718775213
v -0.01376136579 -0.4590939879 0.009565659799
vn 0.9452409148 0.2763408124 -0.173652932
v -0.01363963168 -0.4502170086 0.02174736187
vn 0.5246724486 -0.7932955623 -0.308870554
v -0.01247149892 -0.4790840149 0.01408601366
vn -0.5850037932 -0.7171907425 -0.3786924779
v 0.009788244963 -0.4753099978 -0.001712506171
vn -0.7390380502 0.3509628475 -0.575019896
v -0.01610525139 -0.476583004 0.01610885002
vn -0.7421320677 -0.6027831435 -0.2930741906
v 0.0271541886 -0.4719510078 -0.004491094965
vn 0.5147843361 -0.7790154219 -0.3579553962
v -0.003098216839 -0.480340004 0.03050485253
vn 0.07360090315 -0.2197466642 0.9727765918
v -0.01117136981 -0.4497619867 0.01063382532
vn 0.5258219838 -0.3790639043 -0.7614603043
v 0.02865699679 -0.4713079929 0.0008372836746
vn -0.3630876243 0.6827796698 0.6340184212
v 0.01217475813 -0.4823819995 0.01773724705
vn -0.2800478041 0.9470866323 -0.1568442583
v 0.0363990292 -0.4687849879 0.003108463017
vn 0.7708659768 -0.4770613909 -0.4221114516
v -0.01717139035 -0.4588569999 0.0124678826
vn 0.7020636797 -0.09509406239 0.7057363391
v -0.01195128355 -0.4453290105 0.01440837141
vn -0.4598564208 0.8850463629 -0.07228401303
v 0.0003836895921 -0.481649965 0.008499603719
vn -0.2889174521 -0.6959189177 -0.6574370861
v -0.01168980729 -0.4723640084 0.008327559568
vn -0.4894216955 -0.3563288152 -0.7959247231
v 0.01175430976 -0.4847989976 0.01678169146
vn 0.2619627416 -0.9509674907 0.1644273549
v -0.02144943923 -0.4676229954 0.01885776594
vn -0.9580042958 -0.2778562903 0.07087799162
v -0.008716411889 -0.4781210124 0.0129213836
vn 0.4207496643 0.6380152702 0.6449078918
v 0.02269412391 -0.4731839895 -0.001796670724
vn -0.3479889929 0.8447066545 0.4066623747
v -0.01216312405 -0.4478029907 0.0169370044
vn 0.5014386773 -0.8626771569 -0.06593459845
v -0.01703352481 -0.4668030143 0.01016205736
vn -0.6841638088 -0.2331769168 -0.6910488009
v 0.01664463803 -0.4810850024 0.01414969098
vn -0.4032687545 0.9118236899 0.07714813203
v 0.005707605276 -0.4835419953 0.02493135445
vn 0.1006404832 -0.9295915365 0.3545858264
v -0.009248489514 -0.4760070145 0.02926173806
vn 0.4002196193 0.7199072838 -0.5670606494
v -0.0115162963 -0.4799839854 0.02334324829
vn -0.6082538366 -0.7694056034 0.1950443387
v -0.02187827975 -0.4604330063 0.01996995881
vn -0.9883640409 0.1095142439 0.1055610776
v 0.01513782144 -0.4765479863 -0.002354237484
vn -0.08227426559 -0.8302640915 -0.5512644649
v 0.01086692698 -0.4792720079 0.0053475108
vn 0.110771127 0.7735363841 0.6239961386
v -0.01380811911 -0.4730620086 0.01026354264
vn -0.5531273484 -0.3779899776 -0.7424107194
v 0.009790174663 -0.4782019854 0.0008267890662
vn -0.2222260535 -0.7145822048 -0.6633158326
v 0.02682926133 -0.4727379978 -0.003438700223
vn 0.48102507 -0.7841595411 -0.3920570016
v -0.01864938624 -0.4691419899 0.02095497213
vn 0.8864303231 0.3610311747 -0.2896510959
v -0.01591120847 -0.4672249854 0.009366621263
vn -0.56671381 -0.1757542193 -0.8049508929
v -0.007750525605 -0.4753809869 0.007544849068
vn -0.4454160035 -0.4480070472 -0.7751737237
v -0.01500093471 -0.4506680071 0.02632819116
vn 0.3343365788 0.4138024449 0.846750617
v 0.02398847044 -0.4774230123 0.01166816708
vn -0.4995565712 0.8523756862 -0.1545929462
v -0.01734429784 -0.4721289873 0.01255854312
vn -0.6051707268 -0.2993152738 -0.7376847267
v -0.02153871208 -0.4581499994 0.01912211999
vn -0.9710514545 0.235746786 -0.03850289434
v -0.006191101391 -0.4817939997 0.02608541027
vn -0.291287154 -0.893856287 0.3408411741
v -0.02041240409 -0.4700720012 0.0170101691
vn -0.8962269425 -0.4046362638 -0.1817876548
v -0.01823032647 -0.450861007 0.0168810524
vn -0.8234316111 0.5597645044 -0.09286616743
v -0.01020053588 -0.4775260091 0.03014752455
vn -0.4099331498 -0.7169898748 0.5638087392
v -0.007626898587 -0.4765659869 0.008201016113
vn -0.4320371151 -0.5057458878 -0.7467027903
v 0.004060765263 -0.4855430126 0.01854198053
vn -0.00278672995 -0.9999368787 0.01088662911
v -0.01916545443 -0.4725219905 0.02120603621
vn -0.8127825856 -0.5067623258 0.2873611748
v -0.01074023545 -0.4698289931 0.007071523461
vn -0.426551491 -0.1841621697 -0.8855157495
v 0.01239251159 -0.4817599952 0.02051037177
vn -0.3368707001 0.8515870571 -0.401643604
v -0.001572063309 -0.4844760001 0.01610439271
vn -0.2360542864 -0.9512674809 -0.1984151602
v 0.02610075288 -0.4702650011 -0.004268791527
vn -0.524879396 0.7907719612 0.3149307668
v -0.01276384294 -0.4758549929 0.02465804666
vn 0.6990767121 0.6914676428 -0.182110697
v -0.01284841076 -0.4686389863 0.007879269309
vn -0.4562031627 -0.1769596785 -0.8721031547
v 0.03270800784 -0.463346988 -0.004816310946
vn -0.8773470521 0.4776866138 0.04558056965
v 0.03097402491 -0.4657840133 -0.005646713544
vn -0.6612266898 0.7111973166 0.2386998534
v -0.02195506729 -0.4603559971 0.01851685718
vn -0.9879938364 0.1538959444 -0.01357149705
v 0.03281306848 -0.4668230116 -0.004623948596
vn 0.786970377 -0.6131317616 -0.0688989386
v -0.01844229549 -0.4573479891 0.01417913754
vn 0.8255550861 -0.1715833098 0.5376039147
v -0.01170683932 -0.4452689886 0.01638894528
vn -0.4219766855 0.9052808285 0.0490129292
v -0.005545069464 -0.4800100029 0.02545220777
vn 0.2909792662 0.8932478428 -0.3426943421
v 0.02957520448 -0.4677999914 -0.003073021304
vn -0.6877954006 0.6959351301 0.2064262331
v 0.01149974577 -0.4820159972 0.0272008162
vn 0.2515766919 -0.7531039119 0.6079010367
v -0.01004344039 -0.4741390049 0.03094981238
vn 0.7299496531 0.6558433771 0.1924653947
v -0.01643127762 -0.4756489992 0.02166039124
vn -0.6861037016 -0.6384779215 0.3487227857
v -0.02119656466 -0.4572989941 0.02111373842
vn -0.9498816729 0.2361767739 0.2048055977
v -0.01986439154 -0.4580740035 0.02645981126
vn -0.7748653889 0.2951297462 0.5590009093
v -0.01948139817 -0.4628230035 0.01529032271
vn 0.9288441539 0.03328009695 0.3689728677
v -0.01321004517 -0.4508030117 0.02449707128
vn 0.6610331535 -0.6862005591 -0.3035852313
v -0.01926740631 -0.46400401 0.01500484534
vn 0.7955271006 0.08483632654 0.5999495387
v -0.008257496171 -0.4786610007 0.02609806694
vn 0.4250263274 0.8475933075 -0.3177078366
v 0.008079962805 -0.4805749655 0.02704424784
vn -0.1837383658 0.7611239552 -0.6220374107
v -0.01507360395 -0.4509429932 0.01343867835
vn 0.6900439858 -0.5356457829 0.4867472351
v 0.03585591167 -0.4551519752 -0.005117437337
vn -0.9928213358 0.1182106137 0.01822078601
v 0.01550758723 -0.478392005 0.003921322059
vn -0.06463433057 0.8235698938 0.5635201931
v 0.007324113976 -0.4829080105 0.02738088183
vn 0.1082395315 -0.8678362966 0.484916836
v 0.007216461468 -0.481458962 0.02556965128
vn -0.00426230859 0.9948111773 -0.1016490534
v -0.01144876145 -0.4807220101 0.01590874977
vn -0.5163521767 -0.8319244385 -0.2031802684
v 0.00327941007 -0.4803990126 0.005984551273
vn -0.2733829021 -0.6993157268 -0.6604690552
v 0.0296484679 -0.4728490114 3.477014252e-05
vn 0.3737387657 -0.679800272 -0.631023705
v -0.01719731279 -0.4545730054 0.02354445122
vn 0.7933137417 -0.498492986 -0.3495111465
v -0.006795713678 -0.4791609943 0.02670587599
vn 0.3759939671 0.8744962215 -0.3064064682
v -0.02008268237 -0.4638130069 0.01904741861
vn 0.9835602641 0.06567267329 -0.1682152301
v 0.03624556214 -0.4700219929 0.004630424548
vn 0.8298164606 -0.5360038877 -0.1552561224
v 0.007018632255 -0.4848819971 0.0139678577
vn 0.04903986678 -0.9923248887 -0.1135184392
v 0.02466356009 -0.4774050117 0.005606248975
vn 0.3407508731 -0.8853754401 -0.316226393
v -0.0009989865357 -0.4800199866 0.02796099149
vn 0.157189101 0.9053524733 -0.3944977522
v -0.01470244396 -0.4518400133 0.009168162011
vn 0.2338466197 0.04030218348 -0.9714378715
v 0.0118091302 -0.4748190045 -0.004021697678
vn -0.7890571952 -0.08359804749 -0.6086050868
v 0.007463876624 -0.483316958 0.02626668662
vn 0.01011244208 -0.9930476546 0.1172780618
v -0.02215926535 -0.4629600048 0.01868057996
vn -0.998329401 0.0006520926254 0.05777492374
v -0.002870879602 -0.4808279872 0.0123851439
vn 0.3089108765 0.8379032612 0.4499912858
v 0.03445247933 -0.4643040001 -0.005029097199
vn 0.87948668 -0.4743828177 -0.03826335073
v 0.03127114847 -0.4727190137 0.01082853321
vn 0.2861072719 0.2943020165 0.9118821025
v 0.008975434117 -0.476365 -0.0002861210087
vn -0.3576473594 -0.6001575589 -0.7154713273
v -0.01613710634 -0.4729549885 0.01581471227
vn 0.8103180528 0.554014802 0.1909248531
v -0.01131219976 -0.4474099874 0.01724164747
vn 0.4194450676 -0.8746989965 -0.242832303
v -0.007443032693 -0.4812189639 0.01228672266
vn -0.4000311196 -0.7573247552 -0.5161728263
v -0.01141331438 -0.4754930139 0.02790567651
vn 0.6541352272 0.6524758339 -0.3825995922
v 0.004218404181 -0.481269002 0.009724607691
vn 0.1943791807 0.8083897829 0.5556282401
v 0.01358143892 -0.4834879637 0.009516061284
vn 0.1529923081 -0.8961912394 -0.416454792
v -0.01478497125 -0.4719560146 0.02736042254
vn 0.7253777385 0.5341496468 -0.434178859
v 0.0167001728 -0.4807980061 0.01284879074
vn -0.2617513239 0.8910596371 0.370808512
v 0.007961470634 -0.4816189706 0.02326873131
vn -0.1889202595 0.908187449 -0.3735033274
v -0.02164575458 -0.4589830041 0.01780514605
vn -0.9651653767 0.2416166812 -0.1003853455
v 0.01018788293 -0.4821419716 0.02129910141
vn -0.2638587058 0.8517998457 -0.4525655508
v -0.01765639149 -0.4535770118 0.02594831772
vn -0.7179601192 0.5374293327 0.4423832893
v 0.01728124544 -0.4776790142 0.003189196112
vn -0.1429387331 0.8174209595 0.5580246449
v 0.01343868859 -0.4812209904 0.004560211208
vn 0.09936507046 -0.8985998034 -0.4273698926
v -0.02104750276 -0.4636749923 0.01404895075
vn -0.8489893675 -0.06938011199 -0.5238353014
v 0.02524687536 -0.4790230095 0.0115142772
vn 0.4852463901 -0.8687103391 0.09938940406
v 0.02984418534 -0.4719510078 0.003290441819
vn -0.4034914374 0.7514997721 0.5219604969
v 0.01453272533 -0.4811969995 0.009842840023
vn -0.2398985326 0.8907850385 0.385941267
v -0.01745472848 -0.4750329852 0.02085612528
vn -0.7052596807 -0.6140413284 0.3543472588
v -0.01000567526 -0.4790830016 0.01567156799
vn 0.5127524137 0.7537941337 0.4109493494
v 0.03766066208 -0.465301007 0.002112267772
vn 0.8710013628 -0.34483549 -0.3499215543
v 0.02186524495 -0.4798299968 0.009265888482
vn 0.2791828513 -0.8843716383 -0.3740906417
v -0.01045927033 -0.4777479768 0.025061002
vn 0.5577864051 0.7873784304 -0.262506336
v 0.03297793493 -0.4737240076 0.00463167252
vn 0.5448845625 -0.7371661663 -0.3996083438
v -0.01651708037 -0.4722410142 0.01481239684
vn 0.8198868036 0.5278129578 0.221808821
v -0.0175733231 -0.4700070024 0.01470745448
vn 0.7345630527 0.2984822392 0.6093648076
v -0.01673065498 -0.453076005 0.02693462558
vn -0.7194879651 0.5546009541 0.4180368781
v 0.01835731044 -0.4819839895 0.01685233414
vn 0.4748180211 -0.8752627969 0.0919938162
v -0.0154147977 -0.4735769928 0.02172507346
vn 0.7028906941 0.6161295176 -0.3554280102
v -0.0200308077 -0.461176008 0.02711294778
vn -0.8182156682 0.08350875229 0.5688140392
v 0.008286085911 -0.4826790094 0.007229059469
vn -0.05906842649 -0.8644211888 -0.4992864132
v -0.01100926474 -0.4704740047 0.009637393057
vn 0.4583138824 0.2522260249 0.8522502184
v 0.03810569271 -0.4527730048 -0.007355467882
vn 0.9965674877 -0.005698368885 0.0825882107
v 0.03057559021 -0.4758520126 0.01157423947
vn 0.2132099867 -0.7180372477 -0.6625435948
v 0.01056945696 -0.4840559959 0.02173619345
vn 0.2600644827 -0.8612078428 0.4366777539
v -0.01687843539 -0.4672670066 0.03074686974
vn -0.7799709439 -0.2416789681 0.5772665143
v 0.01125973742 -0.4822289944 0.02035702392
vn -0.2850052416 0.9025118947 -0.3228688538
v -0.01256689336 -0.4469499886 0.01143176109
vn -0.5206913352 0.6397252083 -0.5653602481
v -0.01578235254 -0.4725530148 0.02350349165
vn 0.7992391586 0.5840845108 -0.141640529
v -0.01759149879 -0.469096005 0.02909986861
vn -0.7675038576 -0.2640665472 0.5841289759
v -0.01402344089 -0.4738369882 0.0305666849
vn -0.6426643133 -0.4915926456 0.5876386762
v -0.01457291283 -0.4494739771 0.0251139272
vn -0.6553896666 0.6813827753 0.325855732
v -0.007562489714 -0.4808629751 0.02742535248
vn -0.3777855039 -0.8723068237 0.3104174137
v -0.01284272317 -0.4482389987 0.01472976804
vn 0.5992612839 -0.7518811822 0.2748829722
v 0.01973706856 -0.4761759639 -0.002097897232
vn 0.2121789306 -0.8687805533 -0.4474375844
v 0.01146727987 -0.484100014 0.01045168284
vn 0.0581026338 -0.9425851703 -0.3288727105
v 0.01612125337 -0.4805719852 0.01203436684
vn -0.2958821654 0.9109871387 0.2873258889
v 0.02339696884 -0.474950999 -0.002423089463
vn 0.3373004496 -0.8331110477 -0.4383541942
v 0.03185694292 -0.4747050107 0.009077923372
vn 0.6838549376 -0.6811276674 0.2615481913
v 0.01204996929 -0.4821929634 0.01181948837
vn -0.283673346 0.952041626 -0.1146567762
v 0.01367859915 -0.4815120101 0.01982108317
vn -0.3784872293 0.8686395884 -0.319707185
v 0.02161664516 -0.4806399941 0.01085491851
vn 0.2611989677 -0.8852015138 -0.3849588931
v 0.0371995829 -0.4674049914 0.003199436003
vn 0.826638639 -0.4118687212 -0.3834485114
v -0.004657474346 -0.480486989 0.01305083465
vn 0.3407058418 0.8353065848 0.4314885736
v -0.01835885271 -0.454847008 0.01888701878
vn 0.9135835767 -0.3903217614 0.1140788719
v 0.009808631614 -0.480565995 0.00405592937
vn -0.1488964111 -0.7322057486 -0.6646086574
v 0.02115673013 -0.4780159891 0.009721045382
vn -0.2676319182 0.8795015216 0.3935101032
v -0.007343133446 -0.4831689894 0.02054484002
vn -0.461861968 -0.882379055 -0.08994831145
v -0.01405981742 -0.4744809866 0.02450861037
vn 0.7435346246 0.653478384 -0.14185296
v -0.00837434642 -0.4803049862 0.02056774311
vn 0.5294306278 0.8482971787 -0.00975185819
v 0.03063027002 -0.4731299877 0.009176778607
vn -0.6841310263 0.6813090444 -0.2603511214
v -0.01983617619 -0.4647479951 0.02722406201
vn -0.8340159059 -0.09826088697 0.5429201722
v -0.01421297807 -0.4681470096 0.03051676601
vn 0.7958334088 0.2975058258 -0.5273893476
v 0.01084924489 -0.4810000062 0.00434147194
vn -0.103160657 -0.7784031034 -0.6192305684
v 0.0128754694 -0.483660996 0.02090459876
vn 0.3344763815 -0.8560166359 0.3941586316
v 0.02966458164 -0.4689880013 -0.0009642143268
vn -0.4598571956 0.6931045651 0.5551012158
v 0.02848952636 -0.4714809954 -0.003614087356
vn 0.6211894155 -0.7559219003 -0.2066538632
v 0.007972514257 -0.477203995 0.003581522964
vn 0.2510701418 0.7485164404 0.6137482524
v 0.01670749672 -0.4824509919 0.01168245357
vn 0.3037703335 -0.9155646563 -0.263562113
v -0.0142637305 -0.4690279961 0.008734616451
vn -0.4933661222 -0.2037290186 -0.8456265926
v -0.009508103132 -0.4816130102 0.02253339067
vn -0.5193013549 -0.820921123 0.2375175804
v 0.02115087397 -0.4803940058 0.01967169158
vn 0.6895002723 -0.08058393747 0.7197886109
v -0.01941067353 -0.466455996 0.02092025615
vn 0.9547683001 0.1991339028 -0.2208239734
v 0.02455607615 -0.4721280038 -0.002247911878
vn -0.4140031934 0.829343915 0.3752200007
v 0.01228920091 -0.4809399843 0.0226061698
vn -0.1853022724 0.9823702574 -0.02473462932
v -0.01415569801 -0.4762000144 0.01811252162
vn 0.6807112098 0.7289184332 -0.07287114114
v 0.00218587718 -0.4742540121 0.00203458406
vn -0.06367928535 0.6843098998 -0.7264055014
v -0.01107618306 -0.4640699923 0.008509760723
vn 0.7606212497 0.6489607096 -0.0174728483
v -0.01133412402 -0.4761939943 0.02671255916
vn 0.6307293177 0.6806650162 -0.3726601601
v -0.01493345946 -0.4487510026 0.02217127942
vn -0.5332802534 0.7863519192 0.3118699789
v 0.008348220959 -0.482389003 0.02784299478
vn 0.179993093 -0.7649479508 0.6184311509
v 0.01702575013 -0.4778060019 -0.0003314674541
vn 0.1063826084 -0.8369352221 -0.5368632674
v 0.0203601215 -0.4785630107 0.01952299476
vn 0.3473813236 0.621319294 0.7023450136
v -0.001311982167 -0.4818539917 0.028694598
vn -0.1555591673 -0.9060393572 0.3935657442
v -0.01786845364 -0.455291003 0.02292825095
vn 0.867018342 -0.4174911976 -0.2719933093
v -0.009546583518 -0.444310993 0.01602903381
vn -0.08550979942 0.9841513634 0.1553518921
v 0.02903184667 -0.4748649895 0.007688280661
vn -0.4910380244 0.8634036779 0.1158264875
v 0.02834863588 -0.4713500142 -0.004165744409
vn 0.546399653 -0.7455356121 -0.3816072941
v -0.01615519449 -0.45242396 0.02227228135
vn 0.6469789743 -0.6509575844 -0.3970798254
v -0.009778601117 -0.4465079904 0.01435599942
vn 0.3660161495 -0.9294880629 0.04565276951
v -0.02169048786 -0.4638659954 0.01583679765
vn -0.9655426741 -0.04270428419 -0.2567171454
v 0.01143974252 -0.4794040024 0.002439934528
vn 0.0491926223 -0.9424346089 -0.3307522535
v -0.01856147125 -0.4608480036 0.02571202815
vn 0.8456575274 -0.08833856881 -0.5263645649
v -0.01413749438 -0.4772029817 0.02520353533
vn -0.6961359978 -0.6928812861 0.1879100651
v -0.01586589217 -0.4742090106 0.01844543219
vn 0.7890083194 0.6139665842 -0.02260283194
v 0.009308893234 -0.4779649973 0.004232453648
vn 0.08410856128 0.8787394166 0.4698327482
v 0.005591506604 -0.480570972 0.008329684846
vn 0.1959480643 0.7721472979 0.6044774055
v 0.00284292479 -0.4805609882 0.02802365273
vn 0.06396536529 0.9153628945 -0.3975162506
v 0.01298017241 -0.4783609807 0.0004269259807
vn -0.05936896801 -0.8066564202 -0.5880312324
v -0.01624837331 -0.4767290056 0.01961108856
vn -0.730504334 -0.6754155755 0.1008821651
v -0.01053095236 -0.4452640116 0.0182414595
vn 0.3480014503 0.7660549879 0.5404208899
v 0.008352449164 -0.481366992 0.02568408102
vn -0.1078470126 0.9413424134 -0.3197554052
v -0.01398572605 -0.4674159884 0.0313792564
vn 0.7565940022 0.2303643972 0.6119621992
v -0.01918599755 -0.4691750109 0.01316248719
vn -0.6850884557 -0.2203741372 -0.6943262815
v 0.0161221195 -0.4835120142 0.01486476883
vn 0.3686561584 -0.9295057058 -0.01057241485
v 0.03719383106 -0.4624750018 0.004475875758
vn -0.9384073019 0.1473215222 0.3125510514
v -0.0147952335 -0.4503690004 0.02033569291
vn 0.523727417 -0.8030236363 -0.2843636572
v 0.02023189329 -0.4791980088 0.01355510578
vn -0.5254333615 0.8094192147 -0.262221843
v -0.0006578475586 -0.4782800078 0.005738832988
vn -0.3672151864 -0.5503225327 -0.7498654127
v 0.02633155882 -0.4743329585 0.004957872909
vn -0.2504898608 0.859084487 0.4463503957
v 0.01422592811 -0.4834039807 0.02017229795
vn 0.3731660843 -0.8692519665 0.3242654204
v -0.01649527438 -0.4487040043 0.01645687036
vn -0.7295748591 0.6813594103 -0.05890594423
v 0.01114633493 -0.474822998 -0.003299984615
vn -0.7766826153 -0.05920115113 -0.6271039248
v -0.01475421898 -0.4678759873 0.01124755852
vn 0.6486548185 0.2909097373 0.7032911181
v -0.01532616653 -0.4558199942 0.02809691988
vn 0.6847407222 -0.407794416 -0.6040148139
v -0.01435823645 -0.4758560061 0.01208929624
vn -0.5410042405 -0.4672915339 -0.699251771
v -0.01649170555 -0.4650000036 0.0120068239
vn 0.7261845469 0.1709010601 0.6659195423
v 0.002049311064 -0.4816060066 0.01107471716
vn 0.186616838 0.8648034334 0.4661428928
v 0.035849154 -0.4645960033 0.002582085552
vn -0.8628460169 0.3544804454 0.3603336513
v 0.0339169018 -0.4607860148 -0.005629066378
vn -0.9225931764 0.3562063277 -0.1481177807
v -0.01322776917 -0.449328959 0.0129589187
vn 0.6067735553 -0.6568858027 0.447578907
v 0.0354484655 -0.4660449922 0.003143884242
vn -0.824616909 0.4117898643 0.3878609538
v 0.03337736428 -0.4703469872 0.008156821132
vn -0.7682282925 0.5124466419 -0.3836974204
v 0.01497904118 -0.4830490053 0.009229437448
vn 0.2407004088 -0.8913584948 -0.3841136992
v 0.001532006427 -0.4854300022 0.0189444311
vn -0.09639997035 -0.9873194695 -0.1261239797
v 0.01315366384 -0.474688977 -0.001063395059
vn 0.2103833556 0.8159772754 0.5384420753
v 0.02496336401 -0.4769319892 0.01062701643
vn -0.5019480586 0.8602921963 -0.08913731575
v 0.01206846628 -0.4775109887 0.002747660037
vn -0.02321200073 0.9488046765 0.3150092959
v -0.001141574117 -0.4762009978 0.004502166994
vn -0.4038763344 -0.366237402 -0.8383042812
v 0.03675492108 -0.4592829943 -0.005007390864
vn 0.8878291845 -0.3944949508 -0.2369243205
v -0.01507844124 -0.4542109966 0.02650386095
vn 0.7212488651 -0.5564219952 -0.4125466049
v -0.01069110259 -0.4469769895 0.01422952861
vn 0.4647666812 -0.8165996671 0.3422818482
v -0.02003398538 -0.455287993 0.01417657174
vn -0.9244204164 0.3422894478 -0.1681808531
v -0.0179226324 -0.4725199938 0.02534173802
vn -0.8200081587 -0.5367397666 0.1987386793
v 0.007583395578 -0.4787139893 0.002326796763
vn -0.2463224977 -0.7521917224 -0.6111733317
v -0.01330187917 -0.4461569786 0.01697556302
vn -0.5121144056 0.8578229547 0.04334224761
v -0.01500562485 -0.4505879879 0.01061442588
vn -0.6380358338 0.4308409095 -0.6381899118
v -0.02082090639 -0.469502002 0.01817600988
vn -0.9230548739 -0.3838737309 -0.0247127302
v 0.001952536753 -0.4789420068 0.008047235198
vn 0.300873816 0.6794036627 0.6692426205
v -0.01664710231 -0.4522509873 0.01583884284
vn 0.8559325337 -0.5032839179 0.1186794266
v 0.01258779317 -0.4772779942 0.002295614919
vn 0.1086794436 0.7781233788 0.6186378598
v -0.01986336336 -0.4658649862 0.01859102957
vn 0.974629879 0.1933273375 -0.1127881706
v 0.002477951813 -0.4831340015 0.01764425449
vn 0.1256153435 0.9555841684 0.2666077018
v 0.01498822402 -0.4771699905 0.002704557031
vn 0.01358973794 0.7281358242 0.6852980852
v -0.01635219343 -0.4646210074 0.009262831882
vn -0.5516914129 -0.09771893173 -0.8283040524
v 0.009486599825 -0.4810940027 0.02585747838
vn -0.1739708334 0.8732719421 -0.4551156163
v -0.004157470074 -0.4825519919 0.01206292491
vn -0.3064258397 -0.8579466939 -0.4123478234
v -0.01591805555 -0.466621995 0.03241958842
vn -0.426219821 -0.120608829 0.8965434432
v 0.01769161783 -0.4794310033 0.002316553378
vn 0.1532001793 -0.8220755458 -0.5483807921
v 0.02386741899 -0.4774909616 0.01019068062
vn -0.37126562 0.9166739583 0.1478875726
v -0.02031071857 -0.4547959566 0.01750357077
vn -0.9258496761 0.3614811599 -0.1101535559
v -0.0167178046 -0.453884989 0.01338745281
vn 0.6830583811 -0.2701687813 0.6785573363
v 0.01355664898 -0.481979996 0.01744113304
vn -0.3517401814 0.9235626459 -0.1526791304
v 0.03765899315 -0.4566909969 -0.004899189342
vn 0.9744770527 -0.2039014697 -0.09390775859
v 0.02109447308 -0.4810029864 0.01358197909
vn 0.5202417374 -0.8186611533 0.243192181
v 0.008651402779 -0.4832110107 0.02639673464
vn 0.1082365364 -0.939817071 0.3240814507
v -0.01880677231 -0.4519729912 0.01579457521
vn -0.8610831499 0.4918529689 -0.1289051026
v 0.03381377086 -0.4612590075 -0.003924450837
vn -0.8875139356 0.4150233567 0.2001863271
v 0.00593600003 -0.4769029915 0.001543118386
vn -0.382091701 -0.4583379626 -0.8024538755
v 0.003460182576 -0.4824059606 0.008114213124
vn -0.2041783631 -0.7699078918 -0.6046097875
v 0.02978433855 -0.4745050073 0.003316591261
vn 0.3478060961 -0.791326344 -0.5028254986
v 0.03009382822 -0.4700759947 -0.003374018474
vn 0.6719299555 -0.7206252217 -0.1709076166
v 0.00198259973 -0.4780249894 0.004288347438
vn -0.3473805189 -0.6187972426 -0.7045684457
v -0.004769930616 -0.4812999666 0.01489422563
vn 0.2955667377 0.9142599702 0.2770721614
v -0.01637074724 -0.4523580074 0.01412961911
vn 0.8254421353 -0.5339813828 0.1830549985
v 0.01661742292 -0.4809820056 0.01338547375
vn -0.3353589475 0.9202014208 0.2019003481
v -0.009652159177 -0.4794650078 0.01177468989
vn -0.4319380522 -0.6410445571 -0.6344220638
v -0.009189630859 -0.4442279637 0.01507268939
vn 0.4819690287 0.8325841427 0.2729643881
v -0.01733879372 -0.4736900032 0.02403928339
vn -0.7955816984 -0.5858205557 0.1544800848
v 0.03869761527 -0.4612340033 0.002001502551
vn 0.9806020856 -0.1055408344 -0.1651686132
v 0.02593382075 -0.4786790013 0.01053119265
vn 0.4790867269 -0.8761796355 0.05277409032
v -0.01772569865 -0.4713059962 0.0181533806
vn 0.873813808 0.4837245941 0.04959759489
v 0.0002938082034 -0.4820980132 0.01350422949
vn 0.1571455002 0.9483440518 0.2755882144
v 0.01170324441 -0.4841420054 0.02073301561
vn 0.27493155 -0.911360383 0.30632478
v -0.01216187235 -0.4644550085 0.006877161097
vn 0.2889509201 0.5024950504 -0.8148657084
v -0.01559371687 -0.468001008 0.03241368756
vn 0.2546179593 0.04954047874 0.9657719135
v -0.003062540665 -0.4812629819 0.009737893008
vn -0.3391522765 -0.6622855067 -0.6680970788
v -0.01208026521 -0.4711279869 0.008079286665
vn -0.4602887034 -0.2489459068 -0.8521503806
v -0.01291099191 -0.4733220041 0.03211108223
vn -0.1722213328 -0.2006910592 0.9643976688
v -0.01707741246 -0.4534890056 0.01433271449
vn 0.8702275753 -0.4656453133 0.1608675867
v 0.01515298989 -0.4789200127 0.001751228352
vn 0.0007684844895 -0.734652698 -0.6784428954
v 0.008276024833 -0.4835209846 0.02380178869
vn 0.1893813461 -0.9107263088 0.3670317829
v -0.01760454662 -0.4750449955 0.02036623098
vn -0.7676001787 -0.6294075847 0.1209797859
v -0.01917620748 -0.4569570124 0.02013817616
vn 0.9659481645 -0.2553552985 -0.04168668762
v 0.006380463485 -0.4819839895 0.0105913477
vn 0.05992240086 0.9438841939 0.3247951567
v 0.02334327623 -0.4779049754 0.005370020866
vn 0.4483649731 -0.8837119341 -0.1342463642
v -0.009160741232 -0.4803159833 0.02676626667
vn -0.4156023562 -0.8526542187 0.3166314363
v -0.01264054701 -0.4768610001 0.02869684622
vn -0.6516543627 -0.654034555 0.3841684163
v 0.00486064842 -0.4854860008 0.01781953312
vn -0.06560356915 -0.9721703529 -0.2249022722
v -0.0203076005 -0.4541879892 0.01974775642
vn -0.9196059704 0.3926710188 0.01159208268
v -0.01692891493 -0.470073998 0.02552676946
vn 0.8434428573 0.4388721585 -0.3098311722
v 0.008666684851 -0.4754970074 -0.0008770239074
vn -0.5478976369 0.3922768235 -0.738868773
v 0.01735690981 -0.482953012 0.01408783998
vn 0.4067024589 -0.9105615616 -0.07396469265
v 0.02865184844 -0.472867012 0.003828573041
vn -0.3292864859 0.7972136736 0.505984962
v 0.01374764275 -0.4805059731 0.02454152703
vn -0.2884911895 0.8869028687 -0.3607993722
v -0.004017665517 -0.4736070037 0.007157896645
vn 0.4072706997 0.2765633464 0.870427072
v -0.0185785573 -0.4724879861 0.02247091755
vn -0.7744499445 -0.5440797806 0.3228071928
v -0.01558238547 -0.477598995 0.01801605336
vn -0.69792521 -0.7144759297 0.04923959821
v 0.01790932566 -0.4783410132 0.005283771083
vn -0.3054510057 0.8969677687 0.3196068406
v 0.002757196315 -0.4824100137 0.0287843626
vn -0.06207391247 -0.9154590368 0.3975947499
v -0.01482554711 -0.4743799865 0.01462898124
vn 0.7077776194 0.6652265787 0.237748757
v -0.01158938371 -0.4792999923 0.02562508173
vn -0.5595837831 -0.7889763117 0.2537369132
v -0.01654901542 -0.4498170018 0.01269036997
vn -0.7012367845 0.5491656065 -0.4546252489
v 0.02345185168 -0.4753589928 0.003137319582
vn -0.3405328989 0.8320448399 0.437879771
v 0.03159274161 -0.4717569947 0.009529917501
vn -0.735816896 0.5702281594 -0.3652579784
v 0.005394146778 -0.4806089997 0.02767092548
vn -0.1233882084 0.81084162 -0.5721111894
v 0.00917319674 -0.4796279967 0.003128691809
vn -0.06965165585 -0.8919520378 -0.4467327595
v 0.01044823136 -0.4736589789 -0.0007704944583
vn -0.7010052204 0.64185673 -0.3108240962
v -0.001028340892 -0.4817270041 0.02411821112
vn 0.1433364898 0.9006761909 -0.4101670682
v 0.01113399584 -0.4822739661 0.01296052337
vn -0.2490612566 0.964384675 -0.08905453235
v 0.02480539121 -0.4735409915 -0.00389194442
vn 0.3827176094 -0.8357399106 -0.393784225
v -0.01689233445 -0.4634549916 0.02849534526
vn 0.8586034775 0.1005139649 -0.5026897788
v -0.01554664131 -0.4551759958 0.008679639548
vn -0.2372279465 0.1601677686 -0.9581592679
v 0.01799186133 -0.4749659896 -0.00076959742
vn -0.1456268281 0.873288095 0.4649308324
v 0.02742694505 -0.4759950042 0.004448736552
vn 0.2558968961 -0.8650034666 -0.4316083789
v 0.008040056564 -0.4754990041 -0.0005133608356
vn -0.4369341135 0.4560757875 -0.7752957344
v 0.03734628484 -0.4631110132 0.005395071581
vn -0.9736979604 0.1422730684 0.177962631
v 0.02424251661 -0.4770230055 0.00235756021
vn 0.3467666507 -0.8291004896 -0.4385718405
v -7.785230991e-05 -0.4839609563 0.01287735626
vn -0.1607076526 -0.945949018 -0.2816975713
v -0.01955948398 -0.4592620134 0.01204831433
vn -0.7431018949 0.05198945105 -0.667155683
v -0.007868177257 -0.4784719944 0.02718571015
vn 0.4116819799 0.8136808872 -0.4104160964
v 0.009806328453 -0.482919991 0.02660980448
vn 0.1732380241 -0.8773316741 0.4475239217
v -0.01746225916 -0.4590899944 0.02668572217
vn 0.8055380583 -0.2361979485 -0.5434325933
v -0.007752473932 -0.480309993 0.01553966478
vn 0.4150019884 0.8707590103 0.2637273073
v 0.03677203134 -0.460875988 0.002407737309
vn -0.9812326431 0.1009794325 0.1642730981
v 0.02381825447 -0.4786399901 0.007883031853
vn 0.2430557758 -0.8823551536 -0.4029557407
v -0.01985057071 -0.4713979959 0.0210706275
vn -0.866676271 -0.4453165531 0.2248674333
v 0.03724868223 -0.4602279961 0.004481588956
vn -0.1005009711 0.5565517545 0.8247119188
v -0.02027854137 -0.4690349996 0.01464018505
vn -0.9146071672 -0.3306190372 -0.2327762544
v -0.01240986772 -0.4457400143 0.01737453043
vn -0.4281065464 0.8748070002 0.2267983705
v -0.01578094624 -0.4625230134 0.03004170582
vn 0.7519067526 -0.02626627684 -0.6587460041
v 0.008323151618 -0.4824930131 0.02145411633
vn -0.1467739493 0.9299968481 -0.3369914889
v 0.01412941702 -0.4838879704 0.01761805452
vn 0.3383941054 -0.9286260605 0.1521286666
v -0.006893886719 -0.4794130027 0.02571434528
vn 0.3599473536 0.8737553954 -0.3270924091
v 0.003948069643 -0.4830049872 0.008767720312
vn -0.1781825721 -0.81517905 -0.5511207581
v -0.01175145805 -0.4461339712 0.0207756795
vn 0.2433689237 0.8307795525 0.5005765557
v 0.03575786203 -0.4701769948 0.00820997823
vn 0.7945367098 -0.498215735 0.3471203446
v 0.02484627627 -0.4731439948 0.0009616839234
vn -0.4506387115 0.7788919806 0.4361788929
v 0.03272774071 -0.4637730122 -0.003619119991
vn -0.8604679704 0.4425804317 0.2524232566
v -0.01730867848 -0.4501670003 0.02146697603
vn -0.6511359811 0.7096572518 0.2690883875
v 0.02717075683 -0.4775100052 0.01193338633
vn 0.5358397365 -0.8309676647 0.1495609432
v 0.03680929914 -0.4651559889 0.005707501899
vn -0.9040647745 0.3650896251 0.2222080827
v -0.01844667457 -0.4640280008 0.02581664547
vn 0.8900047541 0.08638887852 -0.4476924241
v 0.01364790834 -0.4789640009 0.004652771167
vn 0.03413969278 0.7943200469 0.6065394878
v -0.004293528385 -0.4818919897 0.01858185232
vn 0.3096186519 0.9476724863 0.07780179381
v -0.01254249644 -0.4776110053 0.02744428627
vn -0.6314690113 -0.6792204976 0.3740406632
v 0.0184600167 -0.4801099896 0.004531551152
vn 0.3027125895 -0.8957477808 -0.3255780339
v 0.03571033478 -0.4562770128 -0.004715778399
vn -0.9758778214 0.1988445818 0.09012968838
v 0.002647595713 -0.4767490029 0.00567972986
vn 0.3520340919 0.6053100824 0.7139129639
v 0.002878694562 -0.4732879996 0.003656943329
vn 0.234025687 0.9458569884 -0.2249145657
v -0.015017353 -0.477775991 0.01600067317
vn -0.6903688908 -0.6560319662 -0.3049802184
v 0.03742478788 -0.4613490105 0.005155397113
vn 0.1302594393 0.5019102693 0.8550547361
v 0.03520154208 -0.4695650041 0.002013645601
vn 0.713943541 -0.5252709985 -0.4630065262
v -0.02202037908 -0.4622080028 0.01724120416
vn -0.9814841151 0.0547000356 -0.1835671365
v 0.02945505083 -0.4737359881 0.001233325922
vn 0.5163686275 -0.7871996164 -0.3371650279
v -0.01590559445 -0.4631629884 0.0112417005
vn 0.6051442027 0.05186324939 0.7944247723
v -0.01734646969 -0.4698249996 0.02444624528
vn 0.8759040236 0.4409691691 -0.1958018988
v 0.03414774314 -0.4649739861 -0.004464310594
vn 0.8200308084 -0.4997320771 -0.278957665
v -0.01603648253 -0.4683580101 0.009790927172
vn -0.6468526721 -0.286655426 -0.7066897154
v 0.03352389857 -0.4658220112 -0.00473586889
vn 0.8428106308 -0.537907362 0.0180525668
v 0.02899413742 -0.470084995 -0.006740893703
vn 0.7075303197 -0.7010617852 0.0889564082
v -0.01771660708 -0.4520879984 0.01233784202
vn -0.6743510365 0.3368475437 -0.6571030617
v -0.01986223087 -0.470171988 0.02260101028
vn -0.8656388521 -0.3976409435 0.3042221069
v 0.03909661993 -0.4629569948 0.004094942473
vn 0.9388486147 -0.1538406014 -0.30805251
v -0.01029510051 -0.4475089908 0.01237295754
vn 0.4677410126 -0.8229019046 0.3225690126
v -0.01857215911 -0.4510549903 0.01882934943
vn -0.8187340498 0.5741145015 0.008189957589
v 0.01686458848 -0.4801500142 0.01116809528
vn -0.4359719455 0.8999522328 0.003798583522
v -0.002976103686 -0.4841510057 0.02253879979
vn -0.1773554683 -0.9292674661 0.3240478933
v -0.01594039053 -0.4571270049 0.02819084004
vn 0.7207672596 -0.3303902745 -0.6093741655
v 0.03014240228 -0.476505965 0.00739872409
vn 0.5017049313 -0.8579609394 -0.110431686
v -0.01433332451 -0.4527739882 0.01164285466
vn 0.6585198641 -0.3513827324 0.6654936671
v 0.002921448322 -0.4761559963 0.002605763962
vn -0.4060594738 -0.3647088408 -0.837915957
v -0.009447722696 -0.4469310045 0.01802608743
vn 0.9229104519 -0.1956995726 0.3315690458
v -0.01763573103 -0.4688119888 0.02512455918
vn 0.9057252407 0.349804908 -0.2393705994
v -0.01851014048 -0.4537129998 0.02486720681
vn -0.7123590112 0.5131782293 0.4787407815
v 0.02845913731 -0.4716939926 -0.002606545808
vn 0.6092705727 -0.754635036 -0.2435474694
v 0.01937718876 -0.47508201 -8.412439638e-05
vn -0.3306179047 0.9202442765 0.2093855888
v -0.02132514864 -0.4669519961 0.02122679166
vn -0.9559819102 -0.2014237791 0.2133706808
v 0.02852329984 -0.4721480012 0.002013692865
vn -0.5140377879 0.7862512469 0.3428908587
v -0.0163088683 -0.4729700089 0.02816835046
vn -0.7277092338 -0.5336409807 0.4308904409
v 0.03249040991 -0.4743010104 0.01067842729
vn 0.5228676796 0.05788540095 0.8504461646
v 0.02088152617 -0.4784289896 0.01531118434
vn -0.4548196793 0.8902620673 -0.02392785251
v 0.03153535351 -0.4654679894 -0.003625251586
vn -0.7133609653 0.6125448346 0.3404482603
v 0.02309103496 -0.4756439924 -0.0006957764272
vn 0.269298017 -0.7854321599 -0.5572924614
v -0.01794887334 -0.4653170109 0.01067280211
vn -0.7346569896 -0.1736870557 -0.6558291316
v 0.03429065272 -0.4668549895 0.001835192903
vn -0.7370966673 0.4830382764 0.4726124108
v 0.02154487185 -0.475436002 0.001758266008
vn -0.4294719994 0.827319324 0.3620726466
v -0.00383795076 -0.4817180037 0.02268102579
vn 0.2482874542 0.8981342316 -0.362916261
v -0.01588584669 -0.4489189684 0.01295214705
vn -0.7002189755 0.6542453766 -0.2857558131
v 0.03918942064 -0.4606029987 0.004134853836
vn 0.5812990069 0.5143964887 0.6304662824
v -0.01931831613 -0.472555995 0.01827685162
vn -0.8780056238 -0.4785405695 -0.01025095396
v -0.0182724148 -0.4693500102 0.01608034782
vn 0.8904511929 0.4090460539 0.1994440854
v 0.01209091023 -0.4762429893 -0.001954920357
vn -0.2701499164 -0.8113666177 -0.5183659196
v 0.01286990475 -0.4753269851 -0.00390160596
vn -0.3424181342 -0.8103085756 -0.4755522013
v -0.01690032333 -0.4586899877 0.02759566158
vn 0.8504885435 -0.232732743 -0.4717040062
v 0.03554838523 -0.4672349989 0.004753773101
vn -0.8605034947 0.4625045955 0.2135959417
v -0.00488431938 -0.4837940037 0.01840536855
vn -0.310485661 -0.947337389 -0.07842504233
v 0.02008125372 -0.4766930044 0.00320039317
vn -0.3431293368 0.8454642892 0.4092094898
v -0.01754847355 -0.4626559913 0.0272693187
vn 0.8556297421 0.02828207798 -0.5168150663
v -0.01651733182 -0.4718360007 0.01446721982
vn 0.6752301455 0.357701093 0.6450691223
v 0.008463935927 -0.4848130047 0.01992175542
vn 0.1208285615 -0.9740310311 0.191478461
v 0.02880047821 -0.4716309905 0.00137001113
vn -0.5177112818 0.7283610702 0.448848784
v -0.0144993579 -0.4705440104 0.009457627311
vn -0.5953420997 -0.3666905165 -0.7149167061
v -0.01688605733 -0.4551070035 0.02912885323
vn -0.6871783137 0.4066307545 0.6020277143
v 0.02172218636 -0.4802429974 0.01539940666
vn 0.4538992643 -0.8907163739 0.02449054085
v 0.005540806334 -0.4824439585 0.02845486626
vn 0.1172472984 -0.8154627085 0.5668100715
v 0.008551485837 -0.484596014 0.01210168656
vn -0.00625905348 -0.9840912223 -0.1775537282
v 0.002435133327 -0.4830180109 0.01574299671
vn 0.118599087 0.9615225792 0.2478076518
v 0.01241172105 -0.4841119945 0.01138354186
vn 0.2599263191 -0.9619443417 0.08426986635
v -0.02207860537 -0.4639450014 0.01914231852
vn -0.9856365919 -0.0833709836 0.146866709
v -0.00146836671 -0.4726639986 0.003366440767
vn 0.01872394793 0.6122590899 -0.790435493
v 0.007606454194 -0.4783009887 0.001747236471
vn -0.2665701509 -0.7221152186 -0.6383494139
v -0.005413576961 -0.4831080139 0.01432691049
vn -0.3008854985 -0.9112990499 -0.2810727954
v -0.01399244461 -0.4786849916 0.02025865391
vn -0.6452961564 -0.7299590111 0.2252837718
v -0.01876697503 -0.4586760104 0.01127362065
vn -0.712859571 0.1017461941 -0.6938868761
v 0.0315454565 -0.4728789926 0.006326890551
vn -0.6319609284 0.7495450974 0.1969962865
v -0.009836682118 -0.4445370138 0.01679837517
vn 0.5103080869 0.6931650639 0.5090264082
v 0.006732448004 -0.4854699969 0.01807994582
vn 0.09211155027 -0.9918522835 0.08800268918
v 0.03007543646 -0.4735940099 0.00579085527
vn -0.3631969392 0.8045956492 0.469801873
v 0.01419895608 -0.4823350012 0.02521290071
vn 0.2881916165 -0.8829852343 0.3705167174
v -0.01140749175 -0.445964992 0.01175801922
vn -0.4657392204 0.8129014373 -0.3496830165
v -0.009305438958 -0.482069999 0.02071682364
vn -0.5212455988 -0.8533814549 0.006570920348
v 0.006775859278 -0.4836329818 0.009236006066
vn -0.05529198423 -0.9170618653 -0.394892782
v 0.03589112684 -0.4678930044 0.001234737807
vn 0.7296663523 -0.4939556122 -0.4728581607
v -0.01457452495 -0.4665800035 0.03078563884
vn 0.8085446954 0.2221186608 -0.5449025631
v 0.01978863217 -0.4789220095 0.002734054113
vn 0.3209472597 -0.8777139783 -0.3558244109
v -0.007150794379 -0.4719049931 0.00810880214
vn 0.4147325456 0.2320725471 0.8798518181
v -0.01354596019 -0.4789740145 0.01552925725
vn -0.6314263344 -0.6967080235 -0.3404390216
v -0.001330733532 -0.4836249948 0.02467206307
vn -0.1195511371 -0.9026755095 0.4133817255
v -0.0175195653 -0.4532509744 0.01831287704
vn 0.8685795665 -0.4811060429 0.1187710166
v -0.01743294857 -0.4547860026 0.01379838213
vn 0.7544752955 -0.2728661001 0.5969179869
v 0.02734197304 -0.4726679921 -0.002201137133
vn 0.5652471781 -0.785187602 -0.2529350221
v 0.00228937366 -0.4851230085 0.01749930903
vn -0.1109920591 -0.9635646939 -0.2433594018
v 0.01726818085 -0.4828659892 0.0132106524
vn 0.3425996006 -0.9206312895 -0.1872526705
v -0.00575648481 -0.4817119837 0.02070932649
vn 0.3768378794 0.9196790457 -0.1103794947
v 0.01148697454 -0.4842050076 0.01258132607
vn 0.2568922341 -0.9640315175 0.06818802655
v 0.03047163412 -0.4727190137 0.01019032765
vn -0.6929403543 0.6669414043 -0.2739030123
v -0.01242779568 -0.4463129938 0.01904178225
vn -0.4216020107 0.8643686175 0.2740777731
v -0.01189409103 -0.4488080144 0.02095432766
vn 0.5523945689 -0.8052349091 -0.2155388743
v 0.02305473201 -0.4722410142 -0.003384214593
vn -0.3891869783 0.8857036829 0.2531056404
v -0.01399009954 -0.4754079878 0.02127521858
vn 0.6792318225 0.6512985826 -0.3383110464
v 0.01989436895 -0.4750010073 0.0005282736383
vn -0.3103407323 0.9038904905 0.294398725
v -0.01328649744 -0.4699319899 0.01092610694
vn 0.6018741131 0.3830465972 0.7007302046
v -0.01833492704 -0.4533379674 0.01237060316
vn -0.6998155713 0.3002434969 -0.6481604576
v -0.01960805431 -0.4544430077 0.02343432978
vn -0.8627393246 0.4255378544 0.2731270492
v 0.03355648369 -0.4726510048 0.009697148576
vn 0.5314398408 -0.7319403887 -0.4264211059
v 0.03200324997 -0.4719009995 0.001298706396
vn 0.5219573975 -0.6857028008 -0.5073185563
v 0.011316007 -0.4791089892 0.001626686193
vn -0.1228773296 -0.7863205075 -0.6054760814
v 0.0332108587 -0.4706139863 0.004669946618
vn -0.6809559464 0.612565279 0.4013262093
v -0.01468046848 -0.4612619877 0.03116751462
vn 0.9910457134 -0.054102052 0.1220709458
v -0.01568700001 -0.4760549963 0.0136666894
vn -0.6918432713 -0.6482681632 -0.3179643154
v 0.01327827852 -0.4803299606 0.02518822625
vn -0.30627051 0.7791224122 -0.5469613075
v -0.02017568797 -0.4540109932 0.0188214127
vn -0.9160172343 0.3883972764 -0.1002996936
v 0.02228567936 -0.4771049619 0.000940938422
vn 0.4288643599 -0.8247390389 -0.3686201572
v -0.01452150289 -0.4774439931 0.0221791137
vn -0.7063719034 -0.6856555343 0.1758272797
v -0.01181782037 -0.471280992 0.01047762111
vn 0.5654408336 0.3879166245 0.7278718352
v 0.03923529759 -0.463654995 0.005038718693
vn 0.9739709496 -0.1539014578 -0.1664178818
v 0.02306185849 -0.4768610001 0.008397729136
vn -0.2435703576 0.8782889247 0.411438942
v 0.00817333255 -0.4828529954 0.01964757219
vn -0.1241291389 0.9714800715 -0.2020357549
v -0.01311023906 -0.4472720027 0.02135765925
vn -0.5524001718 0.8046984076 0.2175190896
v -0.01839551702 -0.4564040005 0.01470084954
vn 0.935664773 -0.3045230806 0.1783173829
v -0.01857024431 -0.4720120132 0.01372593455
vn -0.7507739663 -0.3427862823 -0.564655602
v -0.009176985361 -0.4773850143 0.02773722634
vn 0.4481645823 0.6982780099 -0.5581723452
v 0.0114601776 -0.4777019918 0.003486081259
vn -0.06240936741 0.9458569288 0.3185275495
v 0.005114082247 -0.477730006 0.005381389055
vn 0.2826202512 0.6997548342 0.656101346
v 0.03827727586 -0.4636119902 0.002198510338
vn 0.9168819785 -0.2562597096 -0.3060366809
v 0.03576683626 -0.4615530074 -0.005694494117
vn 0.9176890254 -0.3501310945 0.1877633035
v -0.01738105156 -0.4685780108 0.02600592561
vn 0.8371606469 0.327134937 -0.4383432269
v -0.004306736868 -0.4821189642 0.02122171968
vn 0.2694602609 0.9176719189 -0.2920092344
v 0.02687345818 -0.4735920131 0.003428004216
vn -0.4788109362 0.8563162088 0.1935527623
v -0.02007904463 -0.4646460116 0.01854528859
vn 0.9872843623 0.1184443235 -0.1060212851
v -0.01747183315 -0.4754019976 0.01838640124
vn -0.7987206578 -0.6014382243 0.01781548001
v -0.02063247748 -0.4669199884 0.01415092498
vn -0.8397713304 -0.166420117 -0.5168060064
v -0.01059137098 -0.4477240145 0.02043764479
vn 0.9286314845 -0.04799551889 0.3678857982
v -0.01932301931 -0.4625990093 0.02819050848
vn -0.855918169 -0.02187845111 0.5166482329
v -0.01487431396 -0.4589219987 0.03016400151
vn 0.7157157063 -0.2930731177 -0.6339235902
v 0.02126662061 -0.4782519937 0.0166308172
vn -0.4195968807 0.9076836705 0.006984153762
v -0.01691723615 -0.4568400085 0.02611541562
vn 0.7929366231 -0.4124678671 -0.4484659731
v -0.01951119304 -0.4651519954 0.01595771499
vn 0.9599104524 0.1413040608 0.2420848757
v 0.02218508348 -0.4744009972 -0.006106611341
vn 0.398660183 -0.9164071679 0.03560831398
v -0.0165393129 -0.4693289995 0.02692657523
vn 0.7822019458 0.3128516376 -0.5387800932
v -0.02101940289 -0.4607230127 0.01391776744
vn -0.8670403361 0.02649183385 -0.4975331426
v 0.02771757171 -0.4752509892 0.00269893487
vn 0.478410244 -0.8557862639 -0.1968591362
v -0.01089637633 -0.4787450135 0.01815303788
vn 0.5306278467 0.8465685844 -0.04190157354
v -0.01645328291 -0.4583739936 0.03126236796
vn -0.7210528851 0.2819373608 0.6329250336
v -0.02170334943 -0.4618529975 0.01589642465
vn -0.9719250202 0.05739067122 -0.2281841785
v -0.01767702587 -0.4512470067 0.02282116562
vn -0.6535869241 0.6499108076 0.3878659904
v 0.02629840188 -0.4761280119 0.008366492577
vn -0.2076281309 0.8800308108 0.4271256626
v -0.01450646482 -0.4693579972 0.02950013243
vn 0.7488163114 0.3009346128 -0.5905188322
v -0.01819895953 -0.4660899937 0.02573332191
vn 0.8863556385 0.1747935861 -0.4287433922
v 0.01696921885 -0.4791499972 0.006878274493
vn -0.3535348475 0.9018912911 0.2482040226
v -0.01152023114 -0.4738449752 0.02986028977
vn 0.5936275125 0.5476381183 -0.5896599293
v -0.01785125583 -0.4564580023 0.01367329434
vn 0.7264586091 -0.1804702133 0.6630899906
v 0.02977870591 -0.4731839895 0.0005750847049
vn 0.5218213797 -0.7251779437 -0.4492431879
v -0.01861664467 -0.4635370076 0.02950614318
vn -0.8592922688 -0.09188380092 0.5031641722
v 0.03542615846 -0.4596930146 -0.002113362541
vn -0.8489186168 0.2761051357 0.4506696761
v 0.004090627655 -0.4829210043 0.01466102153
vn 0.07191041857 0.9686634541 0.2377393693
v -0.0210757982 -0.456348002 0.0202880986
vn -0.9650233388 0.2586581707 0.04273086041
v -0.01808486879 -0.4558799863 0.01423529256
vn 0.8590963483 -0.2592576146 0.4412923455
v 0.02662226185 -0.4740050137 -0.0002305946837
vn 0.4377309084 -0.7650058866 -0.4723956585
v 0.03730788827 -0.4602299929 -0.002524964744
vn 0.8484068513 -0.264616996 -0.4584579468
v 0.01053960714 -0.4749679863 -0.002579528606
vn -0.7916266918 0.3285965621 -0.5151227713
v 0.03758644313 -0.4623650014 -0.0008684906643
vn 0.8127099872 -0.325124234 -0.4835252464
v -0.01917977445 -0.4585779905 0.02757467888
vn -0.8110815287 0.2361933589 0.5351256132
v 0.0187614914 -0.4756810069 0.001245345222
vn -0.117308557 0.7806880474 0.6138117909
v -0.008742426522 -0.4801009893 0.02795086056
vn -0.4145643711 -0.8153342605 0.4041860998
v 0.02331882901 -0.4730660021 -0.001360007329
vn -0.4424084723 0.8682189584 0.2246564478
v 0.01114411 -0.4808090031 0.02560997754
vn -0.2544856071 0.8246387839 -0.5051810741
v 0.02761516906 -0.4736529887 0.004508622456
vn -0.30769068 0.8322238326 0.4612265229
v 0.03327789158 -0.4692749977 0.003064253833
vn -0.6271514297 0.5881967545 0.5105934739
v -0.01319710538 -0.4796639681 0.01743404754
vn -0.5805326104 -0.8126718402 0.05046140403
v 0.02431964874 -0.4716719985 -0.003361811629
vn -0.3965007663 0.8252270818 0.4022280574
v 0.03167161718 -0.4740029871 0.003786587156
vn 0.3692452908 -0.7624349594 -0.5313669443
v -0.002934223274 -0.4834359884 0.02443801798
vn -0.1919435263 -0.9057736993 0.3777985573
v 0.02786396816 -0.4695900083 -0.002514035441
vn -0.6476787329 0.7352592349 0.1997650713
v 0.02961843461 -0.4741419852 0.008674020879
vn -0.6277486682 0.750787735 -0.2055465281
v -0.01887956448 -0.4665040076 0.01501592901
vn 0.7629327178 0.1491943449 0.6290267706
v -0.002611414297 -0.4828139842 0.01985685155
vn 0.2294917405 0.9723944068 0.04222221673
v -0.0150129376 -0.4743039608 0.01547355298
vn 0.7526587248 0.6162923574 0.2317080796
v -0.007491510361 -0.4823850095 0.01454931404
vn -0.3856572211 -0.8718021512 -0.3020421863
v -0.01573400572 -0.4522149861 0.02737887576
vn 0.1706812829 0.5275745988 0.832185626
v -0.02031029016 -0.4641320109 0.02654597349
vn -0.8963027 -0.08588008583 0.4350472689
v -0.003094475949 -0.4847489595 0.02001188323
vn -0.2400638014 -0.9707471132 -0.004406927619
v -0.001116522937 -0.485136956 0.01949822344
vn -0.1661179066 -0.9834887981 -0.07179559767
v 0.01522443909 -0.4737130105 -0.003946313635
vn 0.07613423467 0.9489228725 0.3061846197
v 0.0338626653 -0.4656620026 9.402273281e-05
vn -0.6791960597 0.4919139445 0.5447140336
v 0.0142509155 -0.4806750119 0.02113653906
vn -0.314152509 0.9215859771 -0.2280076295
v -0.01509799715 -0.4710679948 0.02777387016
vn 0.7386655807 0.415265888 -0.5309683681
v -0.01601508632 -0.473935008 0.01761438698
vn 0.8044843078 0.5762588978 0.1439817548
v 0.02210628055 -0.4800649583 0.01671900786
vn 0.4190377593 -0.9079457521 -0.006469335407
v 0.02044872753 -0.4770140052 0.004154296592
vn -0.3401089013 0.8759949207 0.341992408
v 0.03861785308 -0.4659529924 0.005396668799
vn 0.904245317 -0.3687228262 -0.2153691947
v 0.03280865029 -0.4743849933 0.005955043249
vn 0.641931951 -0.7440840006 -0.1851009429
v -0.006324493326 -0.4811710119 0.01903082617
vn 0.4128175676 0.9047890902 0.1045863703
v -0.01838619821 -0.4682919979 0.02262298204
vn 0.9121515751 0.3420080841 -0.2258539498
v 0.02105166391 -0.4770129919 0.006221074145
vn -0.464895308 0.8775317669 0.117517665
v -0.01424715109 -0.4493089914 0.01549240667
vn 0.6876754761 -0.7242283225 0.05094931647
v -0.02060972527 -0.4649670124 0.01364538725
vn -0.7643523812 -0.1226697043 -0.6330225468
v -0.01299647707 -0.4720090032 0.00903522037
vn -0.5498220921 -0.3948203027 -0.736079216
v -0.01741672307 -0.4629180133 0.01263532788
vn 0.7506448627 0.0808757022 0.6557372808
v -0.01751577109 -0.4564779997 0.02923829667
vn -0.7240524888 0.3302010298 0.6055701971
v -0.01745577343 -0.4624469876 0.03113408759
vn -0.7535685301 0.02462239377 0.6569080353
v -0.0004623982531 -0.4794299901 0.0293313656
vn 0.3203445375 0.9472296834 0.01163385715
v -0.01008796412 -0.4466870129 0.01548691839
vn 0.4105610549 -0.9113542438 -0.02954847738
v 0.008610086516 -0.4844180048 0.02191027254
vn 0.1456779242 -0.9346674681 0.3243064582
v 0.01854687557 -0.4793109894 0.01947050914
vn -0.4089651704 0.9084652662 -0.08624576032
v 0.02484878339 -0.474593997 -0.001206290093
vn 0.3874949515 -0.8013355732 -0.4557510316
v -0.0152019579 -0.4768550098 0.01463625859
vn -0.6932849884 -0.6603351831 -0.2886406779
v 0.003927034792 -0.4848519862 0.01416368596
vn -0.06607742608 -0.9706389308 -0.2312874645
v 0.03592660651 -0.4541310072 -0.005010185763
vn -0.9993377924 0.02858066931 -0.02251905575
v 0.03448750079 -0.4615350068 -0.002363713225
vn -0.7505924106 0.4198859334 0.5102027655
v 0.03845399991 -0.4560070038 -0.002061053179
vn 0.9620525837 -0.07960830629 -0.2609930933
v -0.01162753813 -0.4776110053 0.02155092172
vn 0.6638612151 0.723261416 -0.1902137101
v -0.01908065565 -0.4706059992 0.02506754547
vn -0.8769156933 -0.4362741411 0.2017020434
v -0.02020629309 -0.4689590037 0.02311154641
vn -0.9108265638 -0.3420165777 0.2311268151
v -0.01581582986 -0.4519540071 0.01057617366
vn -0.665086925 0.3649496734 -0.6515145302
v 0.007279723883 -0.4750260115 0.002247304656
vn 0.403821677 0.4943246245 0.7697864771
v -0.01683917455 -0.4574930072 0.009575823322
vn -0.6966177821 0.1185718849 -0.7075763941
v -0.01128234807 -0.4479339719 0.01878832467
vn 0.411609441 -0.8652017117 -0.2863628268
v -0.02199930511 -0.4646629989 0.01743195951
vn -0.9706484675 -0.1271875352 -0.204119876
v -0.0137734469 -0.4664849937 0.01027462725
vn 0.4835107327 0.1317010522 0.8653740287
v 0.01283568889 -0.4818439782 0.01322163455
vn -0.1835131794 0.9259265661 0.3301256299
v -0.01782051846 -0.4536429942 0.01923795417
vn 0.8777968287 -0.4784181118 0.02426609397
v 0.0315294601 -0.4750289917 0.005330909975
vn 0.4381039739 -0.7941100597 -0.4212530255
v 0.03527869657 -0.4711749852 0.007950927131
vn 0.7626908422 -0.5359423161 0.3620339036
v 0.03239995614 -0.471280992 0.01001729351
vn 0.1974553168 0.3488548994 0.9161395431
v -0.01856494695 -0.4581870139 0.02858530916
vn -0.8494345546 0.2344610691 0.4727461636
v 0.01125935093 -0.4802779853 0.006881476846
vn -0.04041880369 0.8955093026 0.4432035685
v 0.007614269853 -0.4742220044 0.001496358193
vn 0.02714367025 0.9975234866 -0.06488584727
v 0.03439199924 -0.4685820043 0.00856962055
vn 0.1414211839 0.3586117625 0.9227120876
v -0.01844790392 -0.4550839961 0.02049302123
vn 0.8971125484 -0.3912217915 -0.2052670121
v 0.008670888841 -0.4818909764 0.02830826864
vn 0.1893783957 0.07513535023 0.9790253043
v 0.01204015687 -0.4791949987 0.00166525878
vn -0.0002051480114 -0.9340873957 -0.3570444286
v 0.03080218658 -0.4757480025 0.008539818227
vn 0.6232736707 -0.7578094602 0.1930149347
v 0.02696185745 -0.4706679881 -0.001400586683
vn -0.5807375312 0.7609676123 0.2892613709
v -0.01411634311 -0.4560120106 0.00994478818
vn 0.8126945496 0.03430146351 -0.5816794634
v 0.00891291257 -0.4768919945 0.002748402534
vn 0.2059581727 0.7743930221 0.5982446671
v 0.02880576253 -0.4742409885 0.01150909532
vn -0.3173636496 0.7797238231 0.5397323966
v 0.006716065109 -0.4828879833 0.01401346456
vn -0.02045898885 0.9896591306 0.1419727802
v -0.01391401701 -0.4481329918 0.01144681498
vn -0.5576696396 0.5615470409 -0.6112850904
v -0.01872548275 -0.4735299945 0.01790612936
vn -0.8426010609 -0.5372467041 -0.03727567196
v 0.01153196115 -0.4848169982 0.01528003905
vn 0.1297251731 -0.9708064198 -0.201757893
v -0.006134559866 -0.4826239944 0.01376918703
vn -0.3325940669 -0.8559598327 -0.3958711922
v 0.02444502525 -0.4713509977 -0.004014227074
vn -0.4730870426 0.8468599319 0.2429339588
v -0.01838008314 -0.4670389891 0.024514094
vn 0.9396487474 0.2496549934 -0.2339499742
v -0.0001628657483 -0.4829299748 0.02109769732
vn 0.09849654138 0.9529162049 -0.286791116
v -0.02139835991 -0.4654900134 0.01538767479
vn -0.9548110366 -0.1476380229 -0.2579512596
v -0.01119766105 -0.4450910091 0.01366147865
vn -0.4328806102 0.8519511223 -0.2946076095
v 0.02708055265 -0.4729680121 0.001854686532
vn -0.4231214821 0.7758825421 0.4679471254
v 0.03725351393 -0.4682169855 0.004390695598
vn 0.8619847894 -0.4598827362 -0.2132840902
v -0.01825521514 -0.4579550028 0.02506624907
vn 0.8428166509 -0.339517802 -0.4175976515
v 0.02852809988 -0.4753060043 0.003850734094
vn 0.3061321378 -0.8313241601 -0.4638784528
v 0.03406829014 -0.4691509902 0.004059350118
vn -0.7217100263 0.5410503745 0.4317395985
v 0.01369809173 -0.4805470109 0.008116014302
vn -0.1880285889 0.9011844397 0.3905276954
v -0.0148282852 -0.4547620118 0.01115220413
vn 0.7429594398 -0.2880185246 0.6041991711
v 0.03291362524 -0.474330008 0.00656761229
vn 0.7065573335 -0.6978533864 0.1173772514
v 0.01136868261 -0.4820729792 0.006005453411
vn 0.04521953687 -0.8981161118 -0.4374273121
v 0.00380127714 -0.477771014 0.00301035773
vn -0.3622154891 -0.5700541139 -0.7374539375
v -0.00988752488 -0.4794529974 0.02793619595
vn -0.5073345304 -0.7850638628 0.3553679585
v -0.01550759748 -0.4518170059 0.01323906519
vn 0.6414122581 -0.398049891 0.6558556557
v 0.01480724104 -0.4825579822 0.02152005397
vn 0.3189657032 -0.9127340317 0.2552987933
v -0.01861567795 -0.4708870053 0.02623159252
vn -0.8441815972 -0.4423002899 0.3028660417
v -0.02133700438 -0.4628820121 0.01454217453
vn -0.9309723377 -0.03401306644 -0.3635018766
v 0.03651497886 -0.4557000101 -0.001673245803
vn -0.9640587568 0.07744654268 0.2541509271
v -0.0118239047 -0.4475170076 0.01478351839
vn 0.5402252674 -0.8415184617 0.001840529963
v -0.01491310727 -0.4523119926 0.02399079129
vn 0.6558449268 -0.6633940935 -0.3602440655
v -0.01728240401 -0.4633400142 0.009801134467
vn -0.6160321832 -0.05202092975 -0.7860013843
v 0.03051558323 -0.4684700072 -0.0008546627359
vn -0.5443991423 0.6457369328 0.5354002118
v -0.01280125417 -0.4774560034 0.01722027175
vn 0.6813570857 0.7273722887 0.08174405992
v 0.0210883785 -0.4735249877 -0.002086813096
vn -0.2692550123 0.863229692 0.42700845
v 0.0289373491 -0.4739169776 0.005615331698
vn -0.2701429725 0.8306643963 0.4868464172
v 0.01371750981 -0.4821360111 0.02592625096
vn 0.3041611016 -0.7873218656 0.536293149
v 0.01888543554 -0.4739469588 -0.002604657318
vn -0.1535636485 0.9064504504 0.3934027851
v 0.03187113255 -0.4647170007 -0.004512224346
vn -0.8412626982 0.5406250954 0.001264972612
v 0.00845838245 -0.4800759852 0.02748625726
vn 0.05022886768 0.7745555639 0.6305083036
v -0.01740072295 -0.4716469944 0.01729208231
vn 0.8498579264 0.4856958687 0.2045508921
v -0.01586265489 -0.4511129856 0.01570820622
vn 0.7991480231 -0.5873930454 0.127796039
v -0.0145881949 -0.4513669908 0.02277833037
vn 0.5857691765 -0.7206540704 -0.3708533645
v -0.0163594652 -0.4510819912 0.02462206036
vn -0.6598801017 0.6600698233 0.3589791358
v 0.01314928196 -0.4793129861 0.02653486468
vn -0.2051328123 0.9643196464 0.1673563421
v -0.01272950601 -0.4616639912 0.00910456758
vn 0.8523223996 0.3723365664 0.3673036695
v 0.01926963031 -0.477414012 0.000381748745
vn 0.1313881129 -0.7778666019 -0.6145410538
v -0.01987850852 -0.4714559913 0.0176641047
vn -0.8782960176 -0.4608358741 -0.1273831129
v -0.01286752615 -0.4483179748 0.01764541119
vn 0.4640569985 -0.8478319645 -0.2565776706
v -0.0189354606 -0.4686360061 0.01937930658
vn 0.9361175895 0.3479207456 -0.05133195966
v -0.01394823939 -0.4557020068 0.02946949564
vn 0.9256924987 0.3483625352 -0.1474347115
v -0.01713977009 -0.4618029892 0.0122557627
vn 0.7037661076 -0.004279379733 0.71041888
v 0.001209299429 -0.4808739722 0.02621990815
vn 0.09717991203 0.9535356164 -0.2851769924
v -0.01379695628 -0.4755800068 0.01526831742
vn 0.6886813045 0.6622200012 0.2952672541
v 0.00995692797 -0.4851219654 0.01734399609
vn 0.1832448691 -0.9667702913 0.1782598197
v 0.02404593676 -0.4729250073 -0.0004529256257
vn -0.3981296718 0.8034310937 0.4427090287
v 0.03789981827 -0.4544680119 -0.005146805197
vn 0.9988585711 -0.03303585947 0.03449951112
v -0.01797671802 -0.4708130062 0.01930612139
vn 0.8976884484 0.4404178262 -0.01369578764
v 0.02110474184 -0.4787440002 0.00339335436
vn 0.3371938467 -0.8706919551 -0.3580444753
v -0.004867987707 -0.4839999974 0.02160643414
vn -0.2774806917 -0.9178538918 0.2838110924
v 0.02539681084 -0.4752059579 0.0005676358705
vn 0.294295311 -0.6939948797 -0.6570854783
v -0.01957671531 -0.4526849985 0.01931330748
vn -0.8771036863 0.478849709 -0.03731044382
v 0.0258488562 -0.4714330137 -0.001578328083
vn -0.5739226341 0.7930538058 0.2041530907
v -0.0145333251 -0.4479849935 0.01224992238
vn -0.6045098305 0.657894969 -0.4491570592
v -0.0193618089 -0.4675689936 0.01781027019
vn 0.9260236621 0.3253131807 0.1914459318
v -0.007038626354 -0.4830340147 0.01889552735
vn -0.4089726508 -0.9071350694 -0.09923372418
v -0.02000889182 -0.4702309966 0.01561905164
vn -0.8902124166 -0.4071430862 -0.2043435872
v 0.01772552915 -0.4827930033 0.01458756253
vn 0.470597297 -0.8713887334 0.1386357844
v -0.01548997685 -0.4550450146 0.03056101687
vn -0.04239561036 0.7570716739 0.6519548297
v 0.008197100833 -0.4827930033 0.01409962308
vn -0.08658787608 0.9910851717 0.1012557372
v 0.02263525873 -0.4775919616 0.01364499051
vn -0.4887250066 0.8675733209 -0.0920022279
v -0.009435752407 -0.4804909825 0.01288896799
vn -0.465154171 -0.7590161562 -0.455550313
v 0.03590831906 -0.4527179897 -0.005193842109
vn -0.3749496341 0.8738844395 0.3094168007
v 0.03888991848 -0.4601779878 0.002893923083
vn 0.9838924408 0.02321759053 -0.1772471517
v -0.004351653159 -0.4835880101 0.02317726985
vn -0.2467405945 -0.9016062021 0.3552821279
v 0.01265864354 -0.4828360081 0.02323998697
vn 0.1875419617 -0.9807766676 0.05389948562
v -0.01296200883 -0.4790610075 0.02189853415
vn -0.6612409949 -0.7235838771 0.1979564577
v -0.00442524394 -0.482468009 0.02576423436
vn -0.243050158 -0.895968616 0.3717080355
v 0.001899846946 -0.4825240076 0.02826840803
vn -0.1135997698 -0.9551473856 0.2734749019
v 0.01152690221 -0.482619971 0.02636125498
vn 0.2525083423 -0.8314618468 0.4948845804
v -0.01393669471 -0.4618580043 0.00751820486
vn -0.02505560778 0.2218143195 -0.9747669697
v 0.03534970805 -0.457284987 -0.005247261375
vn -0.9348486662 0.3238117993 0.1456154436
v 0.03172276914 -0.4698899984 -0.001580424141
vn 0.5253585577 -0.6442372799 -0.5558387041
v 0.02894794382 -0.4764309824 0.01153753325
vn 0.4488522112 -0.8392944932 -0.306784004
v 0.01056016609 -0.483182013 0.02550273761
vn 0.1615576297 -0.9761604667 0.1449480355
v 0.01576253027 -0.4801430106 0.0029958128
vn 0.07631830871 -0.8264366388 -0.5578333139
v 0.01927235723 -0.4811619818 0.01969120279
vn 0.4072012305 -0.9090061784 0.08885326236
v 0.01092376933 -0.47557199 -0.002193378983
vn -0.3801170886 -0.7249760032 -0.5743873119
v -0.01633190177 -0.4610660076 0.03227963671
vn -0.2074408382 0.07483636588 0.9753808379
v 0.03470316902 -0.4705370069 0.002435331466
vn 0.6275755763 -0.5836158991 -0.5153070092
v 0.01754477806 -0.4809399843 0.006194863003
vn 0.3525669575 -0.9001557827 -0.2557657361
v 0.00834943261 -0.4847599566 0.01377020217
vn 0.09182657301 -0.9903656244 -0.1036522537
v 0.02238642611 -0.4739599824 0.0001156761427
vn -0.2567345202 0.7861825824 0.5621426702
v -0.01015783288 -0.4789269865 0.02855208702
vn -0.454133004 -0.701058507 0.5498000979
v 0.0366198048 -0.4613780081 -0.003014631104
vn 0.8305774927 -0.3603886664 -0.4245715439
v 0.01183953229 -0.479508996 0.005535886623
vn 0.03251400217 0.8522800207 0.5220743418
v -0.001458778162 -0.4850479662 0.02030395716
vn -0.134786576 -0.9793444276 0.1507220119
v -0.01434978563 -0.4610440135 0.01001955662
vn 0.5524379611 0.05653566495 0.8316345215
v 0.01351866219 -0.4836100042 0.01249454822
vn 0.2761968374 -0.9566386938 -0.09250807762
v -0.01573967934 -0.475297004 0.01285265107
vn -0.588672936 -0.5205794573 -0.6184344888
v -0.01626250334 -0.4747659862 0.02536344342
vn -0.7704117894 -0.608574748 0.1900065094
v -0.009235744365 -0.4718140066 0.006822249852
vn -0.4179406464 -0.2384497672 -0.8766226768
v -0.01369799208 -0.4488239884 0.01735841297
vn 0.5929874182 -0.8048912287 -0.02271745726
v -0.009338245727 -0.4464559853 0.01377343014
vn 0.3853831887 -0.8686341047 0.3113753796
v 0.01112026349 -0.4828609824 0.01536025479
vn -0.1177496016 0.9680292606 0.2214822918
v 0.03059960715 -0.4706839919 0.002100386657
vn -0.540990293 0.70684129 0.4557465911
v 0.01740409061 -0.482032001 0.0106786564
vn 0.4273500741 -0.9037704468 -0.02389262803
v -0.01439776272 -0.452463001 0.02530448511
vn 0.6752245426 -0.6143922806 -0.4081591666
v -0.01690467447 -0.4521560073 0.01867919974
vn 0.8325201273 -0.5528925061 0.03493062407
v 0.03482620791 -0.4719020128 0.007702719886
vn 0.7629016042 -0.6287853718 0.1503665596
v 0.02999336831 -0.4763689935 0.006626704708
vn 0.3642548919 -0.856524229 -0.3656291664
v -0.0181874074 -0.4581989944 0.0136408126
vn 0.7583391666 -0.1092355922 0.6426424384
v 0.01158660557 -0.4754549861 0.0004555461055
vn 0.2883229256 0.6455127001 0.70723629
v 0.0362736769 -0.4604479969 -0.0002220541355
vn -0.9048994184 0.2561598122 0.339910537
v 0.01432835031 -0.4808680117 0.0205456689
vn -0.3688396513 0.8415051103 -0.3947486281
v 0.03726878762 -0.4578230083 -0.005412585102
vn 0.9350059628 -0.3273279667 -0.1364560723
v -0.01192642841 -0.4629659951 0.008793422021
vn 0.7230155468 0.3453002572 0.598344624
v 0.03081598878 -0.4751290083 0.004885480274
vn 0.3336294293 -0.8086130023 -0.4845992029
v 0.03534008563 -0.4588910043 -0.003011481604
vn -0.9182728529 0.293220073 0.2660770714
v -0.01216532197 -0.4761820138 0.01357130241
vn 0.520154357 0.5879452229 0.6194835305
v 0.03695155308 -0.459859997 0.003260744736
vn -0.9833610058 -0.03561168164 0.1781374961
v -0.01213672478 -0.4454779923 0.01570422389
vn -0.4807766378 0.8764779568 0.02530287206
v 0.006107166409 -0.4826189578 0.02174024843
vn -0.06452099234 0.9660105705 -0.2503210604
v 0.01208009664 -0.4776830077 -0.0003874959657
vn -0.2078540623 -0.6908743978 -0.6924516559
v -0.02003530413 -0.4663349986 0.02648650296
vn -0.8892794847 -0.1743266732 0.4228382409
v -0.006730993744 -0.4812560081 0.02054990828
vn 0.4653397202 0.8830888271 0.06010847166
v -0.01494209096 -0.466899991 0.008703474887
vn -0.4873307347 -0.1345096081 -0.8627954125
v -0.02071164362 -0.4588350058 0.01364120934
vn -0.850543499 0.09701731056 -0.5168784857
v -0.0096676955 -0.444539994 0.01326892991
vn -0.3662777543 0.8914707303 -0.2666842937
v 0.02296121418 -0.4801900089 0.01223845594
vn 0.4495235085 -0.8931894898 0.01188177615
v 0.006367970258 -0.4740920067 0.002128853928
vn 0.1468257159 0.9848670363 -0.09208250791
v -0.002630321309 -0.4825089872 0.01095794048
vn -0.3018755615 -0.795098722 -0.5260125399
v -0.01107077673 -0.4765680134 0.03068768792
vn -0.4843479693 -0.689930737 0.5379615426
v -0.01633306779 -0.4541279972 0.009997785091
vn -0.7399202585 0.2891979516 -0.6073570251
v -0.01982240006 -0.4660829902 0.01811107434
vn 0.9625626802 0.2281980217 0.146283105
v -0.02066281624 -0.4575940073 0.01403292175
vn -0.9472836852 0.2156981677 -0.2369132638
v 0.01726204902 -0.4741919935 -0.002521173097
vn -0.07181534916 0.9075388908 0.4137821794
v -0.01677042246 -0.4497950077 0.01321373042
vn -0.7592356205 0.6074195504 -0.233672455
v -0.01005317271 -0.4751020074 0.02978494205
vn 0.4874038398 0.6839618087 -0.5428017378
v 0.002204264747 -0.4849520028 0.01528558787
vn -0.1179989725 -0.9620091319 -0.2462004274
v -0.01448099408 -0.4570319951 0.02964599431
vn 0.691172719 -0.3442836106 -0.6354124546
v -0.01457569841 -0.4757579863 0.01759219542
vn 0.747819066 0.6612489223 0.0593002215
v 0.02634055354 -0.4734559953 -0.0018821673
vn 0.5027143955 -0.8150401711 -0.2880759835
v -0.01737352647 -0.4673269987 0.02663146332
vn 0.8132835031 0.2037322819 -0.545034945
v 0.03712426871 -0.4637649953 0.00507099973
vn -0.915753603 0.2708577812 0.2967008054
v -0.01695675217 -0.4724799991 0.02054348588
vn 0.7768227458 0.5609789491 -0.2860928178
v -0.02013703994 -0.4635770023 0.0179982204
vn 0.9874481559 0.0264526289 0.1557126194
v 0.01405568887 -0.4823659956 0.007363783196
vn 0.1758730412 -0.9022182822 -0.3937903047
v -0.02012713999 -0.4677430093 0.01373045798
vn -0.7311694622 -0.1837560982 -0.6569817066
v 0.02852176875 -0.4704880118 -0.006126305088
vn 0.6549994349 -0.7544555068 -0.04210305214
v 0.005494156852 -0.4851289988 0.01623949222
vn -0.04335396737 -0.9904835224 -0.1306248605
v 0.01467324514 -0.4818510115 0.01435640361
vn -0.303778559 0.9378436804 0.1678326428
v 0.01487383991 -0.4827550054 0.02092383429
vn 0.3683662713 -0.8437380791 0.3904001713
v -0.01778022014 -0.4539490044 0.02093103155
vn 0.8480117321 -0.4817306697 -0.2209336162
v -0.005863152444 -0.4809599817 0.01093426161
vn -0.3709986806 -0.6561020017 -0.6571835279
v -0.01603116095 -0.4564189911 0.03075125813
vn -0.6937151551 0.3425068855 0.6335995197
v -0.0127974879 -0.475079 0.03077996336
vn -0.5844918489 -0.5627260208 0.5845586061
v -0.01666365005 -0.4719659984 0.0286375396
vn -0.7468960881 -0.4247232378 0.511621356
v -0.01276993379 -0.4787800014 0.02398652211
vn -0.6728038788 -0.7221608162 0.1606819779
v 0.01511038281 -0.4833210111 0.01898326166
vn 0.3819541931 -0.9130041003 0.1432986706
v -0.00146425562 -0.4806979895 0.01139145996
vn 0.3002987504 0.7363488674 0.6063092947
v -0.0009382466087 -0.4812079966 0.03012192994
vn -0.04059856012 -0.5659102201 0.8234666586
v -0.007151604164 -0.4806799591 0.02213657834
vn 0.415610224 0.8564260602 -0.3062719405
v 0.01074494049 -0.4844009876 0.01138263941
vn 0.1005844399 -0.9883708954 -0.1140425205
v 0.01355538052 -0.4811010063 0.02734089643
vn 0.2441915125 -0.1941597313 0.950090766
v -0.01941092312 -0.4694260061 0.02580961585
vn -0.9047305584 -0.349134028 0.2440657765
v -0.01053112466 -0.4475550056 0.01872869022
vn 0.499522984 -0.8605490327 -0.0996600911
v 0.0329365395 -0.4709999859 0.0080800578
vn -0.7577230334 0.6267591119 -0.1817384213
v -0.01306774747 -0.4632749856 0.007180097979
vn -0.2000025362 0.1056940481 -0.9740778804
v -0.0004456000752 -0.4823539853 0.02275469899
vn 0.07622628659 0.9366799593 -0.3417897224
v -0.01899161376 -0.4618229866 0.02465011366
vn 0.9789857268 -0.02729594894 -0.2020938396
v 0.01385311875 -0.4806819856 0.003653675551
vn -0.003747010371 -0.8182824254 -0.5748041272
v -0.01896475628 -0.4563269913 0.0203518644
vn 0.9333488941 -0.3236045837 -0.1553703249
v 0.005976726301 -0.4813410044 0.009324162267
vn 0.1239495948 0.8547034264 0.5041017532
v 0.01310496777 -0.4839159846 0.0132490322
vn 0.1811905801 -0.9282172918 -0.32493487
v -0.01609887369 -0.4700669944 0.03048401326
vn -0.7564262152 -0.2867043912 0.5878944993
v -0.01897989027 -0.4630779922 0.01139604859
vn -0.7501145005 -0.07741178572 -0.6567614675
v 0.03498718515 -0.4632099867 -0.0004832414852
vn -0.7422689199 0.396079421 0.5405163169
v -0.01406375878 -0.44669801 0.01435856521
vn -0.5963123441 0.7568114996 -0.2676712573
v -0.01933993399 -0.4649879932 0.01534175128
vn 0.9225179553 0.1059184894 0.3711359799
v 0.001877372037 -0.475883007 0.005289556924
vn 0.3938784003 0.448789537 0.802151978
v -0.01691903733 -0.4748510122 0.01416256558
vn -0.7608231902 -0.6277770996 -0.1644506902
v -0.006457153708 -0.4835759997 0.02091260813
vn -0.3750818074 -0.9192215204 0.1197725385
v -0.01568659209 -0.4479289651 0.01532350201
vn -0.6904919147 0.7205392718 -0.063593328
v 0.02990221232 -0.4759109914 0.01138317771
vn 0.3035047352 -0.7766209841 -0.5520369411
v 0.03816092759 -0.4609250128 -0.0006825125311
vn 0.908937633 -0.2455984801 -0.3369180858
v 0.01472817268 -0.4824360013 0.02267715149
vn 0.2440474033 -0.9696666002 0.01369354501
v -0.01821909659 -0.4699879885 0.02779269405
vn -0.7898711562 -0.3146615624 0.5263949633
v 0.02480258234 -0.4709390104 -0.004861504771
vn -0.5179263353 0.8439462781 0.1396673918
v -0.01462945808 -0.4710670114 0.01263811905
vn 0.5821674466 0.3009335995 0.7553277612
v -0.01328647416 -0.4495479763 0.009544433095
vn 0.05563711002 0.112536259 -0.9920887351
v 0.01160933357 -0.4787069559 0.004575251136
vn 0.1175324842 0.7223641276 0.6814514995
v -0.0003905940976 -0.4848830104 0.02147077769
vn -0.09132725 -0.954600215 0.2835450172
v 0.03659361973 -0.4584859908 -0.0005042307894
vn -0.9598361254 0.1246655807 0.2513425052
v 0.03792603686 -0.4532859921 -0.004671762232
vn 0.672283709 0.6791222095 0.2946651876
v 0.03461031243 -0.4719229937 0.004099247046
vn 0.6690426469 -0.617156148 -0.4141258895
v -0.008640409447 -0.4744029939 0.01009637769
vn 0.4834035635 0.4402959645 0.7566111684
v 0.03529756889 -0.4579440057 -0.00434445031
vn -0.8793141246 0.3990921974 0.2598692775
v 0.03502834216 -0.4678870142 0.004297357518
vn -0.8136736751 0.4571000636 0.3591582775
v 0.02845512889 -0.4726150036 0.00314211566
vn -0.4523048699 0.8261599541 0.335976243
v 0.03640444949 -0.4630610049 0.002645406406
vn -0.9138370752 0.2611317635 0.3109855652
v 0.00773229124 -0.4825999737 0.01241633017
vn 0.06041522697 0.9653702974 0.2537915409
v -0.01344159245 -0.4766950011 0.01664305106
vn 0.6862387657 0.6737646461 0.2740758359
v 0.03720712289 -0.4643929899 6.715291966e-05
vn 0.8316782117 -0.3844417632 -0.4006443024
v -0.01612938382 -0.4713490009 0.02565072663
vn 0.7799513936 0.5116109252 -0.3604581356
v -0.007627558894 -0.4811550081 0.02636680752
vn -0.3611223996 -0.8739332557 0.3253171742
v 0.03852026537 -0.4588389993 -0.0009124343051
vn 0.9583002925 -0.127809599 -0.2555880249
v 0.03723278269 -0.4594340026 -0.00335771055
vn 0.9070149064 -0.306037873 -0.2892486155
v 0.004620107356 -0.4792020023 0.00412039645
vn -0.2829579413 -0.6993694305 -0.6563666463
v -0.0009390526102 -0.471709013 0.005098764785
vn 0.3812989891 0.8874397874 -0.2589626908
v -0.009227688424 -0.4472629726 0.01166985184
vn 0.4625525475 -0.7044187784 0.5383672714
v -0.01242756937 -0.4798969924 0.01553408615
vn -0.5729911327 -0.7461922765 -0.3389369547
v -0.02108785696 -0.4594079852 0.01438085362
vn -0.9609179497 0.1310670674 -0.2438404411
v -0.0190817751 -0.4726859927 0.01697858237
vn -0.8543082476 -0.4806889892 -0.1977257729
v -0.001121761976 -0.4812729657 0.0120874662
vn 0.2408854961 0.8861225843 0.3959304392
v -0.01631019451 -0.4614000022 0.02930286527
vn 0.7778596878 -0.1111947745 -0.6185224652
v 0.00200378825 -0.4806660116 0.02753328718
vn 0.1172714904 0.9550403357 -0.2722964287
v 0.01195410267 -0.481905967 0.01043283287
vn -0.08671426028 0.9055886865 0.4151984453
v -0.005671442952 -0.4734669924 0.005615652073
vn -0.4059618115 -0.2433177084 -0.8809037805
v -0.003606741782 -0.4763300121 0.008451323025
vn 0.4082449973 0.5182121396 0.7515265942
v -0.01191592216 -0.4506109953 0.01054359786
vn 0.732191205 -0.4985800385 -0.4640193582
v 0.0387781933 -0.4589290023 0.002947473433
vn 0.6471841335 0.5302660465 0.5476958156
v -0.01327553671 -0.4527289867 0.01025312115
vn 0.7345662713 -0.2958938479 -0.6106219888
v -0.0141215371 -0.4789460003 0.01701605693
vn -0.6624169946 -0.7455676198 -0.07302492112
v -0.01708705537 -0.4658940136 0.02745578066
vn 0.8330836892 0.1527618021 -0.5316346884
v 0.006263284013 -0.4845759869 0.02212429605
vn 0.06414201111 -0.9670144916 0.2465132922
v 0.01191103086 -0.4812709987 0.00458965404
vn -0.03208163008 -0.8513327241 -0.5236442685
v -0.01279182732 -0.4498560131 0.02237706631
vn 0.591186285 -0.7779285908 -0.2128988355
v 0.007953018881 -0.4779010117 0.001252786838
vn -0.3286750317 -0.5506761074 -0.7672864795
v -0.01389700174 -0.4749259949 0.01398357749
vn 0.5855133533 0.5310476422 0.6125051379
v 0.003955141641 -0.481063962 0.0268137008
vn 0.08278656751 0.9706024528 -0.2260026783
v -0.01335309353 -0.4774009883 0.01251780521
vn -0.5366277099 -0.5932269096 -0.6000937819
v 0.02994441614 -0.4672040045 -0.004198068753
vn -0.7020660043 0.6956841946 0.1520751864
v -0.01839815639 -0.4700120091 0.01809341088
vn 0.8987613916 0.4322305322 0.07351700217
v -0.01767931692 -0.4502919912 0.01521940343
vn -0.8118283749 0.5642845035 -0.1500589997
v 0.02046531998 -0.4782759845 0.009755535051
vn -0.3851702213 0.8887518644 0.2485236228
v -0.01404457819 -0.4483639598 0.0228312742
vn -0.5922119021 0.7767010927 0.2145239264
v 0.01428356767 -0.4805319607 0.02191893756
vn -0.259388417 0.9630798697 -0.07207541913
v -0.01651698351 -0.4527339935 0.01384592801
vn 0.7828801274 -0.4558390677 0.4234494865
v -0.0193822179 -0.4544959962 0.01313436218
vn -0.809450686 0.2895864844 -0.5108122826
v 0.03935318813 -0.4617959857 0.004819284659
vn 0.3798296154 0.4442664981 0.8113918304
v 0.02791523933 -0.4747239947 0.01164042763
vn -0.3899553418 0.8361713886 0.3856840432
v -0.01571090519 -0.4515019953 0.01388804894
vn 0.7781859636 -0.581335783 0.2376454473
v -0.01598358527 -0.4500370026 0.0233151298
vn -0.5960555673 0.7153104544 0.3647585213
v 0.03349835426 -0.4732460082 0.008351685479
vn 0.7242346406 -0.6599078774 0.2000145316
v -0.01760089397 -0.4751420021 0.01742291264
vn -0.807772696 -0.5758441687 -0.1261219233
v -0.02080241777 -0.4693529904 0.01944520511
vn -0.9375110269 -0.3428525031 0.0593732819
v -0.01834917627 -0.4726780057 0.01391991507
vn -0.7768238783 -0.4521683753 -0.4382790029
v 0.03086415865 -0.4709370136 0.002696915297
vn -0.4620241821 0.6963182092 0.5492491722
v -0.01843295433 -0.4595650136 0.02560097165
vn 0.840280354 -0.1880739927 -0.5084851384
v 0.01173330937 -0.4743029773 -0.0009135514265
vn 0.331712544 0.7630650997 0.554705739
v 0.03003644571 -0.4700750113 0.0004910692805
vn -0.5112242103 0.6670354009 0.5419535041
v -0.02018377744 -0.4569219947 0.01330048591
vn -0.842055738 0.1916248798 -0.5042043924
v -0.0005499407416 -0.4827609956 0.01704767905
vn 0.1388826072 0.9895341396 0.03916428238
v 0.02902601101 -0.4739480019 0.01066954527
vn -0.6402618885 0.7124210596 -0.2872646749
v -0.01204330474 -0.4477140009 0.01601328515
vn 0.5153715611 -0.8566589355 -0.0229697302
v -0.01329426654 -0.4740230143 0.02697565779
vn 0.6856078506 0.616324544 -0.38740924
v 0.003987352364 -0.4829260111 0.02754605189
vn -0.07680197805 -0.9688714743 0.235349834
v 0.036765825 -0.4639500082 -0.001022118726
vn 0.7546157241 -0.3946059346 -0.5242530704
v -0.01740294322 -0.4497799575 0.01627151854
vn -0.785215497 0.6141759753 -0.07889538258
v -0.01110792905 -0.480570972 0.01492388267
vn -0.5144469142 -0.7587804794 -0.3994953632
v -0.01725704223 -0.4710600078 0.01499244012
vn 0.8508910537 0.4433258772 0.2818626463
v 0.01360137016 -0.4760349989 0.0004302701564
vn 0.04657761753 0.835814178 0.5470331311
v 0.03547444195 -0.4666799903 -0.0005160827423
vn 0.6811531782 -0.4811845422 -0.5518077612
v -0.02034883946 -0.4563010037 0.01410273463
vn -0.9417402148 0.2900709808 -0.1702473462
v -0.01953522861 -0.452955991 0.01775684208
vn -0.8920387626 0.4395551383 -0.1051579192
v 0.02944222093 -0.4740499854 0.00977006834
vn -0.6373063326 0.7285601497 -0.2510790825
v -0.0113323871 -0.4492950141 0.01127412263
vn 0.5686063766 -0.5477430224 0.6137299538
v -0.01865627244 -0.4650160074 0.02502974309
vn 0.9452859163 0.1255204082 -0.3011297584
v -0.0133211473 -0.4691210091 0.03133893013
vn 0.7302850485 0.3163876534 0.6054607034
v 0.03224100173 -0.4674740136 -0.005337110255
vn 0.6869812012 -0.6952486038 -0.2113911659
v -0.004452242982 -0.4775100052 0.007073324639
vn -0.4024572968 -0.5259453654 -0.7492727041
v -0.007205496542 -0.4460160136 0.01256225444
vn 0.9038007855 -0.4037677646 0.1418300569
v -0.01955631748 -0.4682559967 0.02652643248
vn -0.8706685901 -0.2558705807 0.4200791121
v 0.01527256612 -0.4837549925 0.01422700752
vn 0.3126190305 -0.9394111037 -0.1406275481
v -0.01431157626 -0.4787879884 0.01759241708
vn -0.6176478267 -0.7823784947 0.07996927202
v 0.001021970413 -0.4829419851 0.02638815343
vn -0.0526179038 -0.9072159529 0.4173614979
v 0.02577575296 -0.4726830125 -0.004980257247
vn 0.5134596229 -0.8437226415 -0.1564969122
v -0.01536366716 -0.4719890058 0.01096344274
vn -0.5919097066 -0.3476904035 -0.7271549106
v 0.03532395139 -0.4624829888 -0.005127005745
vn 0.9147782922 -0.4038422406 -0.009595479816
v 0.03360008821 -0.4729340076 0.009967636317
vn 0.4874282479 0.06721912324 0.8705718517
v 0.02754844353 -0.4754489958 0.01288060565
vn -0.328124851 0.9184035063 0.2210636139
v 0.01739307679 -0.4760720134 -0.003194415709
vn 0.07959447056 -0.8963004351 -0.4362455904
v 0.02813127078 -0.4744589925 0.00101300003
vn 0.4184976518 -0.7652999759 -0.4890559018
v 0.02575359493 -0.4710400105 -0.003145059105
vn -0.4820351303 0.7949863076 0.3682918251
v -0.009817715734 -0.4791859984 0.02142421156
vn 0.588607192 0.7904033661 -0.1697176397
v 0.02112985775 -0.4801059663 0.009299006313
vn 0.3825413585 -0.8895977139 -0.2495557368
v -0.01798261888 -0.4611999989 0.03038230911
vn -0.7791956067 0.1153541505 0.6160743833
v 0.02938860282 -0.4742229879 0.002402824815
vn 0.4547735155 -0.8198940158 -0.3477856219
v 0.01026868541 -0.4812749922 0.02291240357
vn -0.1859964877 0.9635449648 -0.1923185885
v 0.03386535496 -0.4701310098 0.005338649731
vn -0.8058102727 0.5887750387 0.06335408986
v -0.004298110027 -0.4815630019 0.01542117819
vn 0.2661433518 0.9511790276 0.1562888175
v -0.01991059259 -0.4608249962 0.01760207489
vn 0.9752201438 -0.1258889288 0.1819276661
v 0.01066554151 -0.4831639826 0.02343701571
vn 0.1832139343 -0.9642835855 0.1912845522
v -0.0004700709251 -0.4847539961 0.01641085558
vn -0.1432846189 -0.9881210923 -0.05555371195
v -0.01902163401 -0.4565010071 0.01941563934
vn 0.9491837025 -0.302256465 0.08769994229
v -0.01887547784 -0.4622020125 0.0143067101
vn 0.7817311287 0.05635963008 0.6210636497
v -0.01566156931 -0.4611740112 0.008514978923
vn -0.562658906 -0.04838052392 -0.8252722621
v 0.03606630117 -0.4533230066 -0.003874283051
vn -0.3075781763 0.7787356377 0.5467782617
v 0.03803582489 -0.4536269903 -0.004085055087
vn 0.5788543224 0.746207118 0.3287895918
v -0.01361903362 -0.4491979778 0.01896665059
vn 0.4768055975 -0.8360924125 -0.2713039815
v -0.01772185043 -0.4723179936 0.026379494
vn -0.7821855545 -0.50752002 0.3613989353
v 0.02699419484 -0.4778540134 0.007805887144
vn 0.2349609584 -0.879242003 -0.4143993556
v -0.004969363101 -0.4791280031 0.02794334851
vn 0.2580331564 0.7917352319 -0.5536915064
v -0.004166284576 -0.4817459583 0.01655282825
vn 0.2872618735 0.9481086135 0.1362743229
v 0.02127565444 -0.4743489921 9.107519872e-05
vn -0.3691163957 0.8816714883 0.2939532101
v -0.01756141335 -0.4535959959 0.01740813628
vn 0.8833850026 -0.4563489854 0.1066607907
v -0.01551387366 -0.4565230012 0.01132093742
vn 0.7097952366 -0.1864889711 0.6792735457
v -0.01585941575 -0.451312989 0.02604132146
vn -0.6804130673 0.6121113896 0.402936399
v -0.01502394304 -0.4733409882 0.02446557209
vn 0.7738302946 0.6058055162 -0.1848955005
v -0.01140893158 -0.4791069627 0.02638407052
vn -0.5579286814 -0.7508119345 0.353549093
v -0.01990335248 -0.4579190016 0.01264889725
vn -0.7744787931 0.1149564981 -0.6220672131
v 0.007673422806 -0.4845220149 0.01186522935
vn -0.06218002737 -0.9622548819 -0.2649511993
v -0.01214435603 -0.4496400058 0.02375288866
vn 0.8908049464 -0.2938677371 0.3465664983
v 0.005787981208 -0.4831129909 0.008413845673
vn -0.1280299276 -0.8521302938 -0.5074270964
v 0.03664460406 -0.4563030005 -0.0007277516415
vn -0.9985054135 -0.02925989404 0.04616053402
v -0.0109159518 -0.4775249958 0.01402842719
vn 0.512414515 0.710596621 0.4821656942
v -0.01011449005 -0.4468240142 0.01704484783
vn 0.3647010922 -0.8971351385 -0.2492823303
v 0.00887133833 -0.4802069664 0.006973159499
vn 0.1251113713 0.8067119122 0.5775492191
v 0.008783537894 -0.4819529951 0.00600195257
vn -0.1021446213 -0.822271049 -0.5598542094
v -0.01842767559 -0.4673779905 0.01191149466
vn -0.7060692906 -0.214788273 -0.674783051
v -0.01493657287 -0.4472529888 0.01738986
vn -0.6013296247 0.7985774875 0.02601372823
v 0.02292343415 -0.480174005 0.01107471343
vn 0.4276659489 -0.9033105969 -0.03364260867
v -0.01620975137 -0.4743129909 0.01262290031
vn -0.5957345366 -0.3820359111 -0.7065047026
v -0.01603697054 -0.4771130085 0.01741761155
vn -0.7464105487 -0.6597405672 -0.08725678921
v 0.001497581252 -0.48299101 0.02117343806
vn 0.0164326746 0.9545542002 -0.2975839376
v -0.02024453506 -0.4542360008 0.02074220404
vn -0.895371139 0.4002611637 0.1951959729
v 0.02241093852 -0.4742940068 -0.005488278344
vn 0.3834977746 -0.9139549732 -0.1327243298
v 0.01932268031 -0.4743390083 -0.001417469466
vn -0.2125675082 0.874689877 0.4355831146
v 0.01333608199 -0.4821909964 0.01430874504
vn -0.1916378438 0.9306383133 0.3117486537
v -0.02022902668 -0.4675010145 0.0251258146
vn -0.9390093088 -0.244867444 0.2414569855
v 0.03350891173 -0.4616590142 -0.004961445928
vn -0.9147133231 0.403092593 0.0285631679
v -0.002452529967 -0.4816510081 0.01392192021
vn 0.2662807405 0.8926302791 0.3637385368
v -0.01934673078 -0.4644320011 0.02227190509
vn 0.9725174904 0.08117978275 -0.2182190865
v 0.007949516177 -0.4768680036 0.0005623448524
vn -0.3661088049 -0.5265618563 -0.7672659159
v -0.008055902086 -0.4770039916 0.01150225755
vn 0.4273282588 0.5542685986 0.7142666578
v 0.03183436021 -0.4741730094 0.01005969755
vn 0.6890074015 -0.6836860776 0.2405040264
v -0.01582040079 -0.4487650096 0.0208390113
vn -0.5386375785 0.7947979569 0.2795814276
v -0.007987679914 -0.482427001 0.02263979428
vn -0.4174099565 -0.8576847315 0.3002429903
v 0.01883603074 -0.4753330052 -0.005129425786
vn 0.1689292639 -0.9855266809 -0.01414656825
v -0.00476072263 -0.4836109877 0.01614011638
vn -0.2861046791 -0.9475538731 -0.1424282193
v -0.01879033633 -0.462247014 0.02531870641
vn 0.9380840063 0.03639169037 -0.3444909751
v -0.01285070367 -0.473759979 0.0282490775
vn 0.6932966113 0.5810964108 -0.4262239039
v 0.001132500824 -0.4770289958 0.003828653134
vn -0.3905396461 -0.4849266708 -0.7825119495
v 0.01317664981 -0.4816479981 0.01258594356
vn -0.3309258521 0.9397928119 -0.08530858159
v 0.01373721659 -0.4765520096 -0.002099727513
vn -0.1650239974 -0.8431357741 -0.5117510557
v -0.02001553588 -0.4573329985 0.02578778192
vn -0.8553087115 0.3301107287 0.3993417919
v -0.004913107958 -0.4834020138 0.01492978539
vn -0.26541996 -0.9499686956 -0.1646562368
v -0.0008411637391 -0.4726099968 0.005424972158
vn 0.4215184152 0.2816075087 0.861985743
v 0.01503571961 -0.4832679927 0.01039676741
vn 0.4083178043 -0.9102312922 0.06896049529
v -0.01867558248 -0.4618720114 0.01097331848
vn -0.7144899368 -0.006427580025 -0.6996161938
v -0.01798802614 -0.457942009 0.02936764993
vn -0.7681445479 0.2556569874 0.5870208144
v -0.0169647038 -0.4668959975 0.01318766549
vn 0.702324748 0.2184070051 0.6775236726
v 0.01316047553 -0.4792729914 0.002218407812
vn -0.05184748024 -0.7383342981 -0.6724390984
v 0.009163254872 -0.4817889631 0.009870652109
vn -0.01525295619 0.9184122086 0.3953306675
v 0.02040903643 -0.4767389894 -0.0003201121872
vn 0.3100627065 -0.9035633802 -0.2956930399
v -0.01303228457 -0.4695320129 0.01053783391
vn 0.5373710394 0.290382266 0.7917768359
v 0.03047970496 -0.4737980068 0.007394223008
vn -0.6555737853 0.7331563234 -0.1808447242
v -0.01302883588 -0.4459279776 0.01456989162
vn -0.5304090381 0.8469894528 -0.0357086733
v -0.020624483 -0.4677940011 0.02295044065
vn -0.9376208186 -0.24413912 0.2475141734
v 0.03112352453 -0.4715569913 -0.0002974617237
vn 0.5174623728 -0.6643915176 -0.5392741561
v 0.03096573427 -0.4728899598 0.001684585121
vn 0.5115455985 -0.7583720684 -0.4039714634
v -0.01627669856 -0.470393002 0.02652556635
vn 0.7853526473 0.4357569814 -0.4397011399
v -0.01729656011 -0.4580030143 0.02634471282
vn 0.7982856631 -0.3230359852 -0.5083185434
v 0.005133331288 -0.4771539867 0.004827719647
vn 0.3178268671 0.6750530601 0.6657998562
v 0.03331270441 -0.4702830017 0.0006301561953
vn 0.5766248703 -0.6265867352 -0.5243021846
v -0.01680677012 -0.4534850121 0.02276222967
vn 0.7043719888 -0.5729640126 -0.4190135598
v -0.01133466791 -0.4725329578 0.0311296843
vn 0.7916038036 0.5348228216 0.2955130339
v -0.01949235611 -0.4529579878 0.02122986317
vn -0.8545985222 0.4734621942 0.2132952958
v 0.03468483314 -0.464022994 -0.00439455267
vn 0.883194387 -0.427015841 -0.1939718723
v 0.014238948 -0.4787740111 0.0009033556562
vn 0.1304384172 -0.9520882964 -0.2766110599
v -0.01487332303 -0.4698770046 0.03234808519
vn 0.08554854244 -0.0007825587527 0.9963337183
v 0.03506144509 -0.4643859863 0.0006015979452
vn -0.7837222219 0.4304700792 0.4477443695
v -0.0161328949 -0.4681890011 0.01282139309
vn 0.6526847482 0.2653864026 0.709628582
v 0.02549195476 -0.477075994 0.005477980711
vn 0.2343127578 -0.8735692501 -0.4265844226
v -0.01524583716 -0.4736939967 0.01434275415
vn 0.6774827838 0.5204655528 0.5197428465
v 0.03537156433 -0.4569529891 -0.006302094087
vn -0.9560866356 0.291860193 0.02675859258
v 0.01417145319 -0.4770480096 0.001913742628
vn -0.1399115324 0.9487193227 0.2834721506
v -0.01876164973 -0.4672180116 0.02250323258
vn 0.9350979328 0.251129806 -0.25005126
v 0.02885974757 -0.4702770114 -0.005606528837
vn 0.6287623644 -0.7513566017 -0.2003026754
v -0.008413888514 -0.4472070038 0.01114293654
vn 0.5722765923 -0.3535415828 -0.7399377227
v 0.03060826845 -0.4756689966 0.009690339677
vn 0.6358254552 -0.7305807471 0.2489534318
v 0.0273285266 -0.47508201 0.01165416464
vn -0.5165384412 0.8551155925 0.04433180392
v -0.02123601735 -0.4682019949 0.01749875583
vn -0.9252005219 -0.3304284811 -0.1866038591
v 0.01383690815 -0.4786989987 0.0007377555012
vn -0.02060124278 -0.8090623617 -0.5873616338
v -0.008959880099 -0.4451699555 0.01071673073
vn 0.072551772 0.4653684497 -0.8821385503
v 0.02851987071 -0.4771949947 0.01281782333
vn 0.3258948028 -0.9145871997 -0.2394218743
v -0.01342146378 -0.4481930137 0.02428238094
vn 0.02882112563 0.7717012167 0.6353318691
v 0.02548950166 -0.4718959928 -0.0008981915307
vn -0.5079135895 0.7896671891 0.3441650271
v -0.008982457221 -0.4699589908 0.008486944251
vn 0.4238148332 0.1857354194 0.886500597
v 0.03668645769 -0.4689100087 0.003837768687
vn 0.819703877 -0.4698019624 -0.327676177
v 0.006106309593 -0.4823599756 0.02257062495
vn -0.1298929006 0.9143533707 -0.3835176826
v -0.01517267339 -0.4500780106 0.01774268039
vn 0.7132000327 -0.699636519 0.04306327552
v 0.01919357479 -0.4758380055 -0.003182343673
vn 0.1587101072 -0.8998674154 -0.4062631726
v 0.008458078839 -0.4794119895 0.00607585581
vn 0.1801659912 0.7383534312 0.649903357
v 0.004209545907 -0.4816280007 0.00692596985
vn -0.2359388024 -0.724028945 -0.6481627822
v -0.01805439219 -0.4563550055 0.0239189472
vn 0.8713954091 -0.3850075305 -0.304038316
v -0.01418415457 -0.4467290044 0.01613568142
vn -0.5583139062 0.8295528293 0.01129834913
v -0.01851815172 -0.4737969935 0.0204998441
vn -0.827276051 -0.5590568781 0.05540509149
v 0.03319082037 -0.4625560045 -0.00560566457
vn -0.89105165 0.432821393 -0.1367208213
v -0.0006960553001 -0.4842779934 0.02324713767
vn -0.09588300437 -0.9353590608 0.3404553533
v -0.005021011923 -0.4782240093 0.01081442833
vn 0.3771841824 0.6283068657 0.6804135442
v 0.02642098255 -0.4740560055 0.004303339869
vn -0.3897623122 0.8803393841 0.2703478336
v 0.01659451425 -0.4757789969 -0.004023687914
vn 0.05808662623 -0.9527035952 -0.2982981801
v -0.01940266415 -0.4603979886 0.02204405144
vn 0.9753730893 -0.0909036994 -0.2009574771
v 0.03055259772 -0.4665530026 -0.003776929108
vn -0.7474021912 0.6479018331 0.147014156
v 0.03688719124 -0.4650180042 0.00629020622
vn -0.9370435476 0.3233003914 -0.1320086718
v 0.03858958557 -0.456577003 -0.00111437263
vn 0.9984282851 0.02697868273 -0.0491233319
v -0.01960080676 -0.4705219865 0.01433813944
vn -0.8706817627 -0.3976383805 -0.2894771695
v -0.01138036419 -0.4474039972 0.00995598454
vn -0.1151329055 0.30476138 -0.9454442859
v 0.03493995965 -0.4635199904 -0.005711249541
vn 0.8893609643 -0.4250072837 0.1685403585
v -0.01452813298 -0.4784800112 0.01654716954
vn -0.6840080023 -0.6971766949 -0.2146570981
v 0.02352201752 -0.4793829918 0.01369862817
vn 0.496502161 -0.8599633574 0.1181043014
v -0.0127517432 -0.4473869801 0.02314568311
vn 0.3972266912 0.7105576396 0.5807914734
v 0.002648671856 -0.483104974 0.01624288596
vn 0.06326569617 0.9977667928 0.02142073028
v -0.01912692934 -0.4677160084 0.02751628868
vn -0.8181703091 -0.1994639188 0.5392693877
v -0.01171653904 -0.448307991 0.01262181252
vn 0.5332432985 -0.7493948936 0.3925033808
v -0.02053726278 -0.4652409852 0.02567448094
vn -0.9405499697 -0.1323052645 0.3128275573
v 0.03680761904 -0.4594669938 0.001907607424
vn -0.9976809025 -0.005376106128 0.0678518787
v 0.03767009825 -0.4576300085 -0.003361096606
vn 0.9526421428 -0.1996031702 -0.2294155806
v 0.01640762947 -0.4764170051 0.001782312058
vn -0.1749849916 0.9027091265 0.3930603564
v -0.00236476725 -0.4805069864 0.02623062022
vn 0.1498156935 0.9101275206 -0.3862940967
v 0.01228980534 -0.4821319878 0.01947167143
vn -0.2891066968 0.9425829649 -0.1671965271
v 0.000984644983 -0.4853999913 0.01955768093
vn -0.04973115772 -0.9948931932 0.08783122152
v -0.005239504855 -0.4818909764 0.01988302544
vn 0.3794001043 0.9029774666 0.201710701
v 0.01203829329 -0.4763469696 0.00111492991
vn 0.1796552688 0.7440351248 0.6435337663
v -0.01150440052 -0.4488700032 0.02264028788
vn 0.8975958824 -0.01756071113 0.4404693544
v -0.01896265894 -0.4573740065 0.02725327574
vn -0.802279532 0.3217906356 0.5027905107
v 0.03208388388 -0.468129009 -0.003441081848
vn 0.6165109873 -0.6539348364 -0.4385012984
v -0.005801382475 -0.4808469713 0.01470001228
vn 0.3394133747 0.8610450625 0.3786818385
v -0.007700319402 -0.4781180024 0.02783526294
vn 0.3457967043 0.7245486379 -0.5961995125
v 0.01691243239 -0.4775219858 0.002952597104
vn -0.009370314889 0.7063105106 0.7078401446
v 0.004620568827 -0.4765459895 0.004362526815
vn 0.3601444066 0.6234930158 0.693939805
v 0.00565904798 -0.4752199948 0.0006380563136
vn -0.3727287948 0.1247778982 -0.9195127487
v 0.03568124771 -0.4618250132 -0.004424540792
vn 0.890391469 -0.4134692252 -0.1903843731
v -0.017869737 -0.4594379961 0.03006667644
vn -0.7579208016 0.2042963952 0.6195312738
v 0.002188430866 -0.4853319824 0.02019347623
vn 0.003574757604 -0.9678674936 0.2514353096
v -0.007594841532 -0.446500957 0.01153963711
vn 0.7429565191 -0.2365502864 -0.6261466146
v 0.01216765493 -0.4837830067 0.009776163846
vn 0.08726844192 -0.9058674574 -0.4144736826
v 0.01698438637 -0.480935961 0.01454846561
vn -0.4754754007 0.8689024448 -0.1375923306
v 0.008758369833 -0.4833219647 0.01715057902
vn -0.155604437 0.9791526198 -0.1305655688
v -0.01610872895 -0.4590309858 0.01143547241
vn 0.6808792949 -0.07768017054 0.7282645106
v 0.03236567602 -0.471807003 0.005304935388
vn -0.6306869388 0.7028184533 0.3290595114
v 0.03635149077 -0.4626840055 -0.002430702094
vn 0.7513405681 -0.3908263743 -0.5317349434
v 0.01020467654 -0.4824419916 0.02053525858
vn -0.1833604574 0.9653081894 -0.185900718
v -0.01586787775 -0.4515329897 0.02117469721
vn 0.6308657527 -0.7053825259 -0.3231778443
v 0.005595761351 -0.4831529856 0.01654279977
vn 0.05585186929 0.9818911552 0.1810258925
v 0.009198661894 -0.4836300015 0.009087380953
vn 0.02276322804 -0.9164186716 -0.3995731473
v -0.0193409957 -0.4670599997 0.02051422559
vn 0.9584798217 0.2652644217 -0.104648158
v -0.01527276542 -0.4725250006 0.02570842765
vn 0.7379565239 0.5815472603 -0.3423784673
v -0.002104527783 -0.4827379882 0.02092815004
vn 0.1790366471 0.9425683618 -0.2819765806
v -0.01759891026 -0.4740029871 0.02214425988
vn -0.7259458303 -0.5937592387 0.3470629454
v -0.01240366418 -0.4457729757 0.0136749316
vn -0.5123825073 0.7936285734 -0.3280515969
v -0.01093942113 -0.4808159769 0.0217184294
vn -0.5885503292 -0.7903081179 0.1703570932
v 0.009543634951 -0.4793539941 0.002413879847
vn -0.1619229466 -0.8212408423 -0.5471237898
v -0.01416050829 -0.4700869918 0.00898594968
vn -0.5434558988 -0.2906251848 -0.7875231504
v -0.01855522953 -0.456099987 0.02698883042
vn -0.7939376831 0.4091837108 0.4497017562
v 0.005138915963 -0.4810719788 0.0269035995
vn -0.03280419111 0.9006847143 -0.4332330525
v 0.003223039443 -0.4833739996 0.01974046975
vn -0.04422052205 0.9640391469 -0.2620554864
v -0.01403615903 -0.4467099905 0.01780810021
vn -0.4753352106 0.8459908962 0.2415694147
v -0.01117852237 -0.4451329708 0.01715777069
vn -0.3697324991 0.898347199 0.2372133732
v 0.01307661459 -0.4775559902 0.003240293823
vn 0.06596188992 0.7347601056 0.6751122475
v 0.02916994318 -0.4738120139 0.01102720015
vn -0.5644379854 0.8152848482 0.129307285
v -0.002628630027 -0.4826210141 0.02631844208
vn -0.154787913 -0.9076001644 0.3902597129
v 0.01377430279 -0.4752329886 -0.004927942529
vn -0.2099113315 -0.9710218906 -0.1142527536
v 0.0143677257 -0.481272012 0.01260204241
vn -0.2463489324 0.9175759554 0.3120361269
v -0.0103059886 -0.476534009 0.0278161075
vn 0.570077002 0.7122949958 -0.4094485343
v -0.01466561854 -0.475266993 0.02773631737
vn -0.6853213906 -0.6167304516 0.3872700334
v -0.02086971328 -0.4567469954 0.01637061313
vn -0.9499124289 0.2840358615 -0.1303458214
v 0.02543649264 -0.4762560129 0.01307093538
vn -0.3888874054 0.9082009792 0.1547178328
v 0.02070650458 -0.4790140092 0.01161594503
vn -0.3890902996 0.9123847485 0.1271332353
v -0.002994142706 -0.4834589958 0.01325873006
vn -0.2560050786 -0.9000666142 -0.3526209593
v 0.02725582011 -0.4757399857 0.003615001217
vn 0.3867959976 -0.8787763715 -0.2795370519
v -0.01844201237 -0.4576559961 0.02428605035
vn 0.9340941906 -0.2791582644 -0.2225729227
v 0.02953045443 -0.4715490043 -0.001347576734
vn 0.4047243595 -0.6975132823 -0.5913318992
v -0.01140550524 -0.4748339951 0.02887538634
vn 0.5497714877 0.6511788964 -0.5231800079
v -0.02090818807 -0.4617109895 0.02521670423
vn -0.9775034189 0.01589102298 0.21032013
v -0.01422233041 -0.4749540091 0.02908277698
vn -0.6928092241 -0.5820308328 0.4257411659
v -0.004979976919 -0.4706160128 0.00455167098
vn -0.2805681527 0.008261675015 -0.9597985744
v 0.03852893412 -0.4569790065 0.0009287298308
vn 0.5443259478 0.6865115762 0.482090354
v 0.005691609345 -0.4828979969 0.02065978572
vn -0.08893585205 0.9641334414 -0.250074327
v -0.0218963027 -0.4658719897 0.01865375414
vn -0.9772181511 -0.1812762171 0.1103792936
v 0.01759360731 -0.4801409841 0.01670247875
vn -0.4825570881 0.8705596924 -0.09625215828
v -0.00976359006 -0.4813759923 0.01486971695
vn -0.4603793323 -0.8066239357 -0.3706867695
v -0.0199974291 -0.4712339938 0.01984346285
vn -0.9044030309 -0.4258080423 0.02725182474
v 0.01902893558 -0.4813849926 0.01080531348
vn 0.2998529673 -0.8936648369 -0.333843261
v 0.002414909191 -0.4850639701 0.01591044851
vn -0.06529291719 -0.9970462322 -0.04044307396
v 0.01490043383 -0.4831700027 0.01226646826
vn 0.2421150953 -0.9189684987 -0.3112510145
v 0.03730161488 -0.4574770033 -0.006370033138
vn 0.9579441547 -0.2862324715 -0.02034484036
v 0.02157296613 -0.4751679897 0.001273907139
vn -0.2707269788 0.7733632922 0.5732504725
v -0.02205526829 -0.4649800062 0.01820058376
vn -0.9941684604 -0.1066632792 -0.01587689109
v 0.02638043649 -0.4780200124 0.01305532083
vn 0.3767950237 -0.910158515 -0.1721540689
v 0.01348876581 -0.4777599871 -0.0005797239137
vn -0.05130477995 -0.8246020675 -0.5633819699
v 0.004589003045 -0.4785600007 0.003513129428
vn -0.3168884516 -0.6745372415 -0.6667692661
v -0.005659135524 -0.4808199704 0.02876026556
vn -0.2619736791 -0.7928048968 0.5503000617
v -0.02211463451 -0.4636360109 0.01769749634
vn -0.9870358109 -0.017351944 -0.1595595479
v 0.01838797145 -0.4795260131 0.01117954031
vn -0.2867587209 0.8878418803 0.359869808
v -0.008998905309 -0.4782319963 0.0102352798
vn -0.4261819124 -0.5629807711 -0.7081112862
v 0.02674772218 -0.4716669917 0.0003025694168
vn -0.3347609639 0.7039093971 0.6264556646
v 0.009230405092 -0.4754559994 -0.001244649757
vn -0.5991724133 -0.1105078086 -0.7929567695
v -0.01440445986 -0.4654380083 0.03136420622
vn 0.9070010781 0.1543272287 0.3918317258
v 0.03029613383 -0.4754609764 0.01091021206
vn 0.5624946952 -0.8104524612 -0.1636048108
v 0.02221251652 -0.4764119983 0.006372296717
vn -0.4237237871 0.8865741491 0.1855921
v 0.003640934359 -0.4842509925 0.02370039746
vn 0.03859631717 -0.9575029016 0.2858295441
v 0.02526855841 -0.4764490128 0.01419024635
vn -0.3791891634 0.9241136909 0.04721689597
v -0.01765898801 -0.4569630027 0.02526090294
vn 0.7445055842 -0.4047669768 -0.5309191346
v -0.001635710825 -0.4830429852 0.011307084
vn -0.2378906608 -0.8955978751 -0.3759155273
v 0.03776727989 -0.4678939879 0.006204571575
vn 0.8663836122 -0.4947792292 -0.06762387604
v -0.008386383764 -0.4460650086 0.01392114069
vn 0.3234920204 -0.9251423478 0.1986568272
v 0.01782411896 -0.4824700058 0.01245059725
vn 0.2718163133 -0.9006537795 -0.3390260041
v 0.02618101612 -0.4782289863 0.01418966427
vn 0.3788279295 -0.924172163 -0.04894070327
v 0.03867566958 -0.4658930004 0.006077799015
vn 0.9395703673 -0.3214718997 0.1177425981
v -0.01788740978 -0.4676919878 0.02555993758
vn 0.8919810653 0.2532975972 -0.3744463623
v 0.02762366831 -0.4687039852 -0.005558996927
vn -0.645341754 0.7472255826 0.1587071568
v -0.01547581889 -0.4731889665 0.02249554731
vn 0.7667657137 0.6193921566 -0.168593213
v -0.02119231224 -0.4652990103 0.01465073414
vn -0.9181465507 -0.1149121597 -0.3792125583
v -0.01698384993 -0.460510999 0.02815734036
vn 0.8463745117 -0.139443785 -0.5140093565
v -0.01800016128 -0.473623991 0.0151773924
vn -0.8067324162 -0.560272336 -0.187823832
v -0.01384729706 -0.4489690065 0.01633827016
vn 0.6175732613 -0.7865130305 0.0007451529964
v 0.001206418267 -0.4726800025 0.004314191174
vn 0.4601389766 0.8142741919 0.3538779616
v 0.0141062215 -0.4805670083 0.02391838655
vn -0.2676711082 0.9574089646 -0.1082599387
v -0.01792119443 -0.4712119997 0.02731873468
vn -0.7849782705 -0.4373189211 0.4388180673
v -0.01334963646 -0.4700120091 0.03064770997
vn 0.7426434755 0.3591352999 -0.5652455688
v -0.01140128449 -0.478006959 0.02861138247
vn -0.568276763 -0.7141964436 0.4086379111
v 0.03898851201 -0.4643920064 0.004706870764
vn 0.9168442488 -0.274838239 -0.2895868421
v -0.01325755566 -0.4717119932 0.02968310378
vn 0.7187609076 0.3760434389 -0.584785521
v -0.01218621992 -0.4779089987 0.01681122556
vn 0.5971440077 0.7828999758 0.174604252
v -0.01690568402 -0.4493379891 0.01986774988
vn -0.6518184543 0.733995676 0.1907436103
v -0.01921218075 -0.4596500099 0.01503057964
vn 0.9624429345 -0.1616149992 0.2181380242
v 0.0005237481091 -0.4736000001 0.002655129647
vn -0.2534894943 0.1923382878 -0.9480237365
v -0.02013472468 -0.4553309977 0.02290167287
vn -0.908622086 0.3452921808 0.2349025607
v 0.005833100993 -0.4848699868 0.0209673401
vn 0.08840239793 -0.966230154 0.2420419306
v -0.01531427074 -0.4583019912 0.008189637214
vn -0.1610861719 0.1164389029 -0.9800475836
v 0.005255337805 -0.4829179645 0.02766259946
vn 0.03261052445 -0.9014669061 0.4316179156
v 0.03574026003 -0.457210958 -0.003043034812
vn -0.9548472762 0.1940031201 0.2250100672
v 0.03087124787 -0.4732309878 0.005905692466
vn -0.5164075494 0.7779580951 0.3579168022
v 0.01195796859 -0.4827909768 0.01589660347
vn -0.2681034505 0.9594589472 -0.0869429037
v -0.01522209309 -0.4503610134 0.01537899207
vn 0.7479750514 -0.6427317858 0.1656176895
v 0.03067402728 -0.4668090045 -0.002921731211
vn -0.6308813691 0.6764829755 0.3799467683
v -0.01032382809 -0.466437012 0.006262095645
vn 0.2237520814 0.5308094025 -0.8174206018
v 0.01358058024 -0.4823220074 0.01554895844
vn -0.3313752711 0.9399829507 -0.08137880266
v 0.006985026877 -0.483453989 0.01790472493
vn -0.1196945906 0.9738799334 -0.1929534823
v 0.02228369564 -0.4768509865 0.0004586428404
vn 0.2922828794 -0.7769235969 -0.5576382875
v 0.002904041437 -0.4820579886 0.02400660887
vn 0.002033421537 0.9264032841 -0.376527369
v -0.01702125929 -0.4508810043 0.0123374965
vn -0.6537055373 0.4216543436 -0.6283921003
v -0.008651532233 -0.4787759781 0.01363274548
vn 0.4579844177 0.741384685 0.4905089438
v -0.02021978423 -0.4591749907 0.02640271746
vn -0.8421937227 0.1852755994 0.506342411
v -0.01812732778 -0.4517869949 0.01312543266
vn -0.7837150097 0.4606747925 -0.416616708
v -0.008849960752 -0.4799749851 0.01663002372
vn 0.4312969744 0.9014492631 0.03704262525
v 0.01226286404 -0.4821309745 0.01115179341
vn -0.1561162323 0.9626942873 0.2210145146
v 0.03863850981 -0.4581640065 0.002292805584
vn 0.4004760385 0.6804790497 0.6136506796
v -0.01636489294 -0.4517880082 0.02046087198
vn 0.7400088906 -0.6521354318 -0.164639771
v -0.0183453951 -0.4560900033 0.01524367463
vn 0.9357922077 -0.3217042685 0.144219771
v 0.03733665496 -0.4582380056 -0.004476021044
vn 0.9362216592 -0.2868301272 -0.2030209303
v 0.002898408333 -0.4839819968 0.02454069071
vn -0.000111499794 -0.9292658567 0.3694115877
v 0.01371281594 -0.4826059937 0.02485658973
vn 0.2504632175 -0.9467151761 0.202480942
v 0.01060007978 -0.4811889827 0.02512080036
vn -0.2183025777 0.9117298722 -0.3479836583
v -0.02124045789 -0.4635809958 0.02332544327
vn -0.9756034613 -0.05999261141 0.2111840993
v -0.02082736045 -0.4556280077 0.02056697197
vn -0.9317268729 0.3236346841 0.164759323
v 0.03367876634 -0.473221004 0.004776567221
vn 0.6312865615 -0.7057615519 -0.321524471
v -0.02136120573 -0.4601719975 0.02238422446
vn -0.9746216536 0.09605999291 0.2022005469
v -0.01741194539 -0.4495599866 0.01784500293
vn -0.7813622952 0.6206436157 -0.065379031
v -0.002477188129 -0.4846740067 0.02126471326
vn -0.1783214658 -0.9458793998 0.2711340487
v 0.02172296494 -0.472416997 -0.005467692856
vn -0.3798846602 0.9174477458 0.1182257831
v -0.01752109453 -0.4687350094 0.01148951799
vn -0.6601768136 -0.2678191662 -0.7017403245
v -0.01818400435 -0.451083988 0.0214316994
vn -0.750682354 0.6050034761 0.2654182017
v 0.02506531589 -0.4749310017 -0.0004171640903
vn 0.4751139879 -0.7975333333 -0.3717623949
v 0.01277562883 -0.4840500057 0.01977394521
vn 0.2908230722 -0.9421177506 0.1668413877
v 0.001293659676 -0.4817669988 0.0245397184
vn 0.06310793012 0.8977913857 -0.4358761013
v -0.003784804139 -0.4752199948 0.007872497663
vn 0.4073960185 0.4840453863 0.7744214535
v 0.02770395577 -0.4752520025 0.0105223069
vn -0.6017212868 0.7526479959 -0.2673060596
v 0.01151478756 -0.4731059968 -0.002249003388
vn -0.7262974381 0.608043611 -0.3205853403
v 0.03680271655 -0.4585550129 0.003221091349
vn -0.4112665355 0.5544068217 0.7235280871
v 0.009783919901 -0.4825039804 0.01181792375
vn 0.005248498172 0.9603261948 0.2788298726
v -0.01702645794 -0.4743700027 0.02294147573
vn -0.7686220407 -0.6168904305 0.1693114936
v -0.01373912673 -0.4495399892 0.01347624976
vn 0.6290367842 -0.7116433382 0.312852174
v 0.01097430475 -0.4830349684 0.02579377219
vn 0.2208164185 -0.9132100344 0.3424726725
v 0.003610593965 -0.4823000133 0.02326124907
vn -0.04705481976 0.956037581 -0.2894443274
v -0.008570569567 -0.4797450006 0.02863254771
vn -0.3514870107 -0.7321151495 0.5834931731
v 0.02599685639 -0.4782269895 0.01223298255
vn 0.530630827 -0.8004953265 0.2786363661
v -0.01683701947 -0.4526509643 0.02129257657
vn 0.7686802149 -0.5825203657 -0.2641983032
v -0.01312794443 -0.4747770131 0.01325517427
vn 0.5132693052 0.436640799 0.7388500571
v 0.03206807002 -0.4653809965 -0.002837282605
vn -0.7613111138 0.5392836332 0.3599702716
v -0.01050294843 -0.4812439978 0.021035688
vn -0.5678821802 -0.8200260401 0.07118369639
v 0.007103975397 -0.4815270007 0.02417046204
vn -0.03928070515 0.9947298169 -0.09470793605
v 0.03278931975 -0.4715819955 0.006029481068
vn -0.771314621 0.6362476349 0.01620738581
v 0.003213100601 -0.4830980003 0.0170728676
vn 0.05349420011 0.99819839 0.02717205137
v -0.02067707106 -0.4622110128 0.02598728612
vn -0.9339649677 -0.02380571514 0.3565707803
v -0.01951176114 -0.4560010135 0.01266810298
vn -0.7414710522 0.183651343 -0.645362556
v 0.02851099707 -0.4700309932 -0.0005459328531
vn -0.4064572453 0.699319303 0.588000834
v 0.02905091643 -0.4763459861 0.005920019001
vn 0.2640995085 -0.8530044556 -0.4501497447
v -0.005885250866 -0.4837850034 0.01989692636
vn -0.3719079494 -0.9100518823 -0.1830028594
v 0.03740542755 -0.4616889954 0.004909678828
vn -0.9743403792 0.03292265162 0.2226588428
v -0.01960704848 -0.4586839974 0.01993366145
vn 0.9799579382 -0.1816227436 -0.0818266049
v 0.00118429726 -0.4836849868 0.02509558946
vn -0.05795052648 -0.8994258046 0.4332146943
v -0.01289074775 -0.4468249977 0.01196793467
vn -0.5387879014 0.7572207451 -0.3692213297
v 0.03366743401 -0.4664869905 -0.003305706661
vn 0.7682719231 -0.5290385485 -0.3603837192
v 0.01945143379 -0.4801279604 0.006428347435
vn 0.4435836971 -0.8834357858 -0.1509129405
v -0.01402789913 -0.4490219951 0.02512190677
vn 0.5003036261 0.3519581258 0.7910889983
v -0.0011005298 -0.477165997 0.007777033839
vn 0.3733077645 0.5699340701 0.7319948673
v 0.03478860483 -0.4720889926 0.004831151105
vn 0.7580068707 -0.6170333028 -0.2114131004
v -0.009291768074 -0.4659819901 0.007914039306
vn 0.6918339729 0.7195762992 -0.05979688466
v 0.01395495329 -0.4753229916 -0.0004821607145
vn 0.1735554487 0.7464373708 0.6424248815
v 0.02877339534 -0.4769420028 0.01046057604
vn 0.599147737 -0.7578417063 0.258259505
v 0.01558227744 -0.4734610021 -0.005123741925
vn 0.1120504364 0.9851930141 0.1297669262
v 0.01866757497 -0.4754270017 -0.004539381713
vn 0.1480326653 -0.9602146745 -0.2367996871
v -0.0003893004614 -0.4827849865 0.01802515052
vn 0.1659272164 0.9631490111 0.2116887718
v 0.0387439467 -0.4597429931 0.00147769053
vn 0.9972711205 -0.00414049672 -0.07371008396
v 0.03169141337 -0.4753749967 0.007229874842
vn 0.6455520391 -0.747543931 0.1563348174
v -0.001718249754 -0.482565999 0.01829189993
vn 0.2352169007 0.9542009234 0.1848609746
v -0.004232534673 -0.4798800051 0.02696482092
vn 0.2060651928 0.8869792819 -0.4132855535
v -0.007957052439 -0.4828270078 0.02117502876
vn -0.4615628719 -0.871653378 0.1648639143
v -0.02108851261 -0.4658449888 0.02287995815
vn -0.9597828388 -0.1614008844 0.229709819
v 0.02280360088 -0.4754559994 -0.00181026943
vn 0.3826629817 -0.8897590041 -0.2487930655
v 0.01536290441 -0.482340008 0.02179648727
vn 0.2947817147 -0.9460090399 0.1347986013
v 0.006296450272 -0.4842939973 0.02305078134
vn 0.1226789281 -0.9193374515 0.3738563657
v -0.00856269151 -0.4754970074 0.03065977618
vn 0.5821849108 0.7479026318 0.3189081252
v -0.01620999537 -0.4705939889 0.01105713379
vn -0.6369718313 -0.305876255 -0.707606256
v 0.00522342464 -0.4750060141 0.003316791262
vn 0.4223128259 0.4506857097 0.7864695191
v -0.01487739291 -0.4476630092 0.01921558939
vn -0.4875317216 0.8330954909 0.2612752616
v 0.02217766829 -0.4787270129 0.006463255268
vn 0.4163179994 -0.870638907 -0.2620444
v -0.01454277057 -0.4754459858 0.02026051283
vn 0.6721124649 0.6685349941 -0.3183171749
v 0.02523529157 -0.473980993 -0.002725989791
vn 0.4339025319 -0.8385816216 -0.3294078112
v -0.01637263224 -0.4585570097 0.02835245989
vn 0.7603998184 -0.2495706528 -0.5995886922
v -0.008471584879 -0.4460009634 0.01594947278
vn 0.9248796701 -0.2026861161 0.321738869
v 0.02564435638 -0.472958982 -0.00423098309
vn 0.4505578578 -0.815769136 -0.3626545966
v -0.01451932825 -0.4755910039 0.01684258878
vn 0.7387107015 0.6167067289 0.2719913721
v -0.001065715333 -0.4741309881 0.003737159772
vn -0.4115304947 -0.3003299534 -0.8604909182
v -0.01704374142 -0.4560970068 0.01010471117
vn -0.7151220441 0.1963956952 -0.6708421111
v -0.007666413672 -0.4806769788 0.02119108662
vn 0.4992138743 0.8492997885 -0.1716841012
v -0.01730009727 -0.4551349878 0.0285456758
vn -0.7923696041 0.4333982468 0.429320842
v 0.01725070924 -0.4792529941 0.002017677529
vn 0.03004994988 -0.7128204703 -0.7007024884
v 0.03209425882 -0.4691900015 -0.002040078398
vn 0.5866953135 -0.6317701936 -0.5066112876
v -0.01662373729 -0.4498650134 0.02205759473
vn -0.5713341832 0.7362249494 0.3626983166
v -0.01160106435 -0.4459140003 0.01912756637
vn -0.5006905794 0.8588442206 0.1081459597
v -0.009055576287 -0.4786249995 0.02512474172
vn 0.476662606 0.8281440735 -0.294907093
v 0.03430455178 -0.4694539905 0.007362309378
vn -0.7991259098 0.5939670205 -0.09274125844
v -0.01935552433 -0.4562169909 0.02602244914
vn -0.7553831339 0.4139519036 0.5079764724
v 0.001239407808 -0.4826399982 0.009260619059
vn -0.2526577711 -0.7624599934 -0.5956667066
v -0.01867945865 -0.4602180123 0.02917802148
vn -0.8438671231 0.1433677077 0.5170434713
v -0.01260159072 -0.4761939943 0.02972654998
vn -0.5526356101 -0.6528945565 0.5179986358
v 0.0004867566458 -0.480302006 0.02796025574
vn 0.1505528241 0.9131413102 -0.3788229823
v -0.01420604251 -0.4747909606 0.02207287401
vn 0.7386808991 0.6491402388 -0.181569472
v -0.005087526049 -0.4811939895 0.02303328551
vn 0.3088561594 0.882758081 -0.3540425003
v -0.01665096357 -0.4747290015 0.013361522
vn -0.6787309051 -0.5065206885 -0.5317528844
v 0.01454971451 -0.4838399887 0.01372925751
vn 0.2237098217 -0.9241942167 -0.3095464408
v -0.01547292434 -0.449233979 0.01196552906
vn -0.6134704947 0.4927327633 -0.6171453595
v -0.008269088343 -0.4445489943 0.01140857767
vn 0.2497378588 0.8562060595 -0.4522633851
v -0.0217459891 -0.4665440023 0.01777901128
vn -0.9666048884 -0.2225693762 -0.1270347089
v -0.01489825454 -0.4708009958 0.03163896874
vn -0.7351120114 -0.360751152 0.5739938617
v 0.003030226566 -0.4850740135 0.01680904441
vn -0.05594061315 -0.9975725412 -0.0414686352
v -0.01386806276 -0.4511150122 0.02358814143
vn 0.6290194988 -0.7314473987 -0.2632853389
v 0.03502873704 -0.4646599889 -0.002652001567
vn 0.7100489736 -0.4501622915 -0.541465044
v 0.03492184728 -0.4584049881 -0.006639264058
vn -0.9410758615 0.3144482672 -0.1244931519
v 0.03183176368 -0.471446991 0.009661424905
vn -0.6947962642 0.7189002037 0.02099183574
v 0.0358655937 -0.470694989 0.007256868295
vn 0.8001184464 -0.5934015512 0.08766439557
v -0.01177553646 -0.4764150083 0.02569131739
vn 0.6376678348 0.6786708832 -0.3643975854
v -0.01859039254 -0.4563980103 0.02185524814
vn 0.9226289988 -0.3089729548 -0.2308493108
v 0.005734966602 -0.4785179794 0.006037039217
vn 0.2559409142 0.7113537788 0.654576242
v 0.02165094018 -0.4750359952 -0.003476968966
vn 0.3065850139 -0.8987838626 -0.3133578897
v -0.020588018 -0.4622550011 0.01326988265
vn -0.7896181345 -0.05224927515 -0.6113699675
v 0.03661990166 -0.4596500099 -0.006582362577
vn 0.9400429726 -0.3019760847 0.1585232019
v 0.0002536918037 -0.4821459651 0.02869735658
vn -0.1489696205 -0.9139120579 0.3775880933
v 0.02107319795 -0.4731619954 -0.003076765686
vn -0.3129727244 0.9021078944 0.2970679998
v 0.01221026015 -0.4748559892 -0.004533453844
vn -0.9491817951 -0.1233944446 -0.289530158
v -0.01835170202 -0.4524050057 0.02341044135
vn -0.7201498151 0.5696413517 0.3960971832
v -0.01677130535 -0.4736109972 0.02647313289
vn -0.7368480563 -0.5772404075 0.3519210219
v -0.003165365895 -0.4846700132 0.0194934234
vn -0.27359429 -0.9339523911 -0.229954645
v 0.007212316152 -0.4834359884 0.01719245687
vn 0.004739751574 0.9829765558 0.1836698949
v -0.002344925189 -0.4844739735 0.01817533001
vn -0.2358903587 -0.9575650096 -0.1656049937
v -0.01443769597 -0.4769339859 0.01309831161
vn -0.5993431807 -0.6250769496 -0.5000665188
v -0.009311441332 -0.4468410015 0.01284881588
vn 0.4218643904 -0.8512207866 0.3121756911
v -0.01386037935 -0.4530479908 0.01088120975
vn 0.7345257998 -0.3936878145 0.5527039766
v 0.01862134598 -0.4792110026 0.02115864307
vn 0.3279989362 0.7418040037 0.5849304199
v -0.009622191079 -0.4816729724 0.01550143119
vn -0.4340694249 -0.8768733144 -0.2065840513
v -0.01909959689 -0.4633930027 0.02397341467
vn 0.9736461043 0.06362029165 -0.2190108746
v 0.01550377626 -0.481269002 0.01663237251
vn -0.4351226985 0.8882776499 -0.1470749825
v -0.01499355864 -0.4743289948 0.01170432754
vn -0.5489447117 -0.3642946482 -0.7522959113
v -0.0103774406 -0.4452339709 0.01231836621
vn -0.4387282133 0.8398237228 -0.3197086751
v 0.002556357766 -0.4803870022 0.009250619449
vn 0.2686661482 0.709120214 0.6518949866
v 0.01976140402 -0.4731070101 -0.004998544697
vn -0.2667014599 0.9601777792 0.08324019611
v -0.01548912097 -0.4650990069 0.01113661844
vn 0.5630664825 0.106259875 0.8195517063
v 0.03644274175 -0.4661259949 0.0003244757245
vn 0.7723428607 -0.4414300621 -0.4567559958
v -0.01203615032 -0.4788909853 0.013086088
vn -0.5173986554 -0.7148397565 -0.4704283178
v -0.0144253131 -0.4778630137 0.02137172036
vn -0.6665226221 -0.6831482649 0.298422724
v 0.01314754225 -0.4839270115 0.01066210307
vn 0.2579539716 -0.963347137 -0.07363492996
v -0.01175477821 -0.4486419857 0.01221142616
vn 0.5284240246 -0.6040458083 0.5965708494
v 0.00736009609 -0.4834149778 0.0247807391
vn 0.05401819944 -0.9898329377 0.1315782666
v 0.0167294275 -0.4781799912 0.003913367167
vn -0.2159786522 0.9019025564 0.3740655184
v -0.01069052238 -0.4740459919 0.008558791131
vn -0.4883357286 -0.4326488674 -0.7578543425
v 0.01591887511 -0.4832119942 0.01714955084
vn 0.4350138605 -0.8884239197 0.1465122551
v -0.01882794499 -0.4602980018 0.02498437278
vn 0.9628802538 -0.09235300124 -0.2536385953
v 0.01451051235 -0.4805090129 0.0228234455
vn -0.2440236211 0.9697344899 0.008212749846
v -0.004743122961 -0.4816760123 0.0276822634
vn -0.2072687447 -0.8881799579 0.4100927413
v -0.01513273083 -0.4482469559 0.01279952284
vn -0.6271124482 0.7174025178 -0.303419888
v 0.03659539297 -0.4573659897 0.002040060703
vn -0.05347122625 0.7528068423 0.6560660601
v -0.01375188306 -0.4745439887 0.02538262494
vn 0.7055193782 0.6293817759 -0.3257622719
v -0.01042442769 -0.4721029997 0.009940749034
vn 0.4927509427 0.3864387572 0.7796548009
v 0.01713555492 -0.4797379971 0.02100030147
vn -0.3075983822 0.9511380196 -0.02682633884
v 0.004230628256 -0.4823940098 0.01276846137
vn 0.1025085598 0.9587448835 0.2651420236
v -0.01719898731 -0.4713389874 0.01589068212
vn 0.8575704098 0.4882434607 0.1618371904
v -0.0097540766 -0.4817300141 0.01636273786
vn -0.4341337979 -0.8994878531 -0.049491629
v -0.01569274627 -0.4760710001 0.02245777845
vn -0.7404623032 -0.6431879401 0.1949994862
v -0.01156735513 -0.4750950038 0.03191882372
vn 0.1203354076 -0.02141048945 0.9925023913
v -0.002714587841 -0.4827289879 0.01947545074
vn 0.2832466364 0.9212936163 0.2664383054
v 0.03628415987 -0.4662620127 0.006827689707
vn -0.8799628019 0.3670086265 -0.301612556
v -0.01668066345 -0.4490289986 0.01505341753
vn -0.7468418479 0.6439672709 -0.1659319252
v -0.01896881312 -0.4541699886 0.02465682663
vn -0.7951820493 0.4677239954 0.3859012425
v -0.01845395751 -0.4606649876 0.01371855102
vn 0.7724662423 -0.009717883542 0.6349814534
v 0.03788735718 -0.455554992 -0.003815547097
vn 0.9759219289 -0.1168893278 -0.1841555089
v 0.01836194471 -0.4734759629 -0.004202737473
vn -0.1508232057 0.968028307 0.2004334927
v -0.01551865134 -0.4507929683 0.01979189925
vn 0.6517457366 -0.733972609 -0.1910803467
v 0.03687030077 -0.4693509936 0.006703882944
vn 0.8324214816 -0.5540856123 -0.007977808826
v -0.006756149698 -0.4808169901 0.01586585119
vn 0.3486815989 0.9281206727 0.1304344833
v -0.021227438 -0.4677569866 0.02065955289
vn -0.9599191546 -0.2613399029 0.1012753472
v -0.02187285013 -0.4605549872 0.01732283831
vn -0.9759224057 0.1325040162 -0.1732574999
v 0.005003976636 -0.4781349599 0.002749683335
vn -0.3031032085 -0.7038798928 -0.6424029469
v 0.03259223327 -0.4734689891 0.003781252541
vn 0.4655940533 -0.7206825614 -0.5136524439
v 0.02326058969 -0.4756369889 0.003656615736
vn -0.4445383847 0.8788493276 0.1732324958
v 0.004901858512 -0.4834699929 0.01890534163
vn -0.06823237985 0.9766486883 -0.2037196308
v 0.002202638192 -0.4813149571 0.02535742149
vn 0.02443717606 0.8847664595 -0.4653935134
v -0.01531842817 -0.452249974 0.009768274613
vn -0.7370740771 0.3932513297 -0.5496136546
v -0.02037844621 -0.4571439922 0.0245588813
vn -0.931127429 0.2838428915 0.2289866954
v 0.0141657386 -0.4842329621 0.01561721414
vn 0.3258428276 -0.9429633617 0.06816582382
v 0.02677647024 -0.4704740047 -0.002804041142
vn -0.6167410016 0.7585610151 0.210275501
v 0.0386386849 -0.4623000026 0.002447885694
vn 0.9531289935 -0.1598034054 -0.2569202781
v -0.01991918124 -0.4622020125 0.02022208273
vn 0.9803410769 -0.01286836527 -0.1968902051
v -0.0190219935 -0.4681249857 0.02087233588
vn 0.930500865 0.2964463532 -0.2151458263
v -0.01789094321 -0.4504289925 0.02031027898
vn -0.738686502 0.6570199132 0.1505561769
v -0.02039821632 -0.4702309966 0.02098653652
vn -0.9247584343 -0.3734070361 0.07341028005
v -0.009586695582 -0.4769349992 0.03160734475
vn -0.09279984981 -0.3542926908 0.9305186272
v -0.01112098712 -0.4759280086 0.01261335611
vn 0.4675124884 0.4991994202 0.729542315
v 0.02768775634 -0.4749749899 0.001536440919
vn 0.4673344195 -0.8280799389 -0.3096483946
v 0.001537145465 -0.481731981 0.01161803398
vn 0.1746973842 0.9315546751 0.3188835382
v -0.002188760787 -0.4746169746 0.006675612181
vn 0.4135982096 0.3780587912 0.8282560706
v 0.01374033932 -0.4770550132 -0.001461318578
vn -0.1370552778 -0.7565002441 -0.6394710541
v -0.02009803802 -0.4621810019 0.0178703703
vn 0.9857087135 -0.07022501528 0.1531232744
v -0.005699803121 -0.4830290079 0.02354647219
vn -0.310212642 -0.8842371702 0.3491313756
v -0.01760151237 -0.454587996 0.01423134468
vn 0.8926435113 -0.3852738738 0.2339906991
v 0.03505063429 -0.4612860084 -0.001684848452
vn -0.772290647 0.3683996201 0.5175412297
v 0.03933032975 -0.4620899856 0.004557445645
vn 0.9749320149 -0.04459872842 -0.2179873139
v 0.02594740875 -0.4739939868 0.002740833443
vn -0.4630764425 0.8549083471 0.2338630706
v -0.006080419756 -0.4794380069 0.01257729437
vn 0.38630265 0.6595720649 0.6447751522
v 0.03242623433 -0.470874995 0.003971175291
vn -0.5432220101 0.6527457833 0.5280461907
v 0.02554298006 -0.4703420103 -0.00605102675
vn -0.5557595491 0.8299928308 0.0473626703
v 0.01393048465 -0.4771890044 0.002647593385
vn -0.1586629003 0.9463512897 0.2815054357
v 0.0192453824 -0.478888005 0.01005568728
vn -0.4542303085 0.883566916 0.1139486879
v -0.01003172994 -0.4802649617 0.02572464012
vn -0.4797848761 -0.8258602619 0.2962453663
v -0.01917769946 -0.4682480097 0.01825921424
vn 0.9306635261 0.365875721 0.000579960586
v -0.008818100207 -0.4802800119 0.0120748058
vn -0.4224510491 -0.6804631352 -0.5987528563
v 0.01482053846 -0.4747810066 -0.001386647811
vn 0.0861967355 0.8467572331 0.524949789
v 0.03658225015 -0.4657999873 0.006026584655
vn -0.8854302168 0.4473619759 0.1260183007
v -0.009441831149 -0.4795610011 0.02082362957
vn 0.5661196709 0.8205720186 -0.07854989171
v 0.03045350686 -0.4694539905 -0.0045784018
vn 0.6431947947 -0.7179172635 -0.266261667
v 0.01657698676 -0.4781230092 0.0001678019034
vn 0.2528516948 -0.946647346 -0.1998118758
v -0.006696591619 -0.4777269959 0.02882299386
vn 0.3394738436 0.7346568108 -0.5873984098
v -0.0007333669928 -0.4847469926 0.01786136255
vn -0.1633576006 -0.9716960192 -0.1706492454
v 0.00405949587 -0.4831749797 0.02616163716
vn -0.04919750616 -0.9695289135 0.2399859279
v 0.01843634434 -0.477248013 0.002947047586
vn -0.2969040275 0.8765854239 0.3787426651
v -0.004943165462 -0.4747340083 0.005714379717
vn -0.416579783 -0.3558208346 -0.836572051
v 0.03672781587 -0.4618810117 0.00286358525
vn -0.9533706903 0.1560976952 0.2582980394
v 0.02660915069 -0.4720340073 -0.006007805467
vn 0.5731229782 -0.8187964559 -0.03320279345
v -0.02155786753 -0.4582509995 0.02002596296
vn -0.9802956581 0.1856668741 0.06744074821
v -0.02005660534 -0.4647040069 0.01801773533
vn 0.9705837369 0.1450062096 0.1921987832
v 0.03440501541 -0.4692179859 0.004876229912
vn -0.8196886778 0.5363022685 0.2012221366
v -0.004633215722 -0.4763120115 0.0064273756
vn -0.4126161337 -0.4752657712 -0.7770909667
v -0.01520239096 -0.4497239888 0.0241238419
vn -0.631829679 0.7280338407 0.2660037577
v 0.0134107396 -0.4837689996 0.01014604978
vn 0.1781843007 -0.9470137954 -0.2672363818
v -0.01588369347 -0.4638020098 0.02987143211
vn 0.7714383602 0.08273589611 -0.6309022307
v 0.01535248663 -0.4829459786 0.01153318491
vn 0.3888993859 -0.9200793505 0.0470245555
v -0.01669950224 -0.471897006 0.02185612544
vn 0.7512976527 0.5598710179 -0.3494228721
v 0.03589384258 -0.46716699 0.006414337549
vn -0.864521265 0.4981898367 0.06640670449
v 0.02655091323 -0.4731239974 -0.002918121405
vn 0.5576460958 -0.8074581027 -0.1924637556
v -0.007272685878 -0.4827080071 0.01545756683
vn -0.3531751335 -0.9259671569 -0.1336118281
v -0.01874839514 -0.4590780139 0.02458265051
vn 0.9568885565 -0.1847330779 -0.2241384089
v 0.01776415668 -0.4816049933 0.02134404518
vn 0.3088961542 -0.9501010776 0.04348647594
v -0.01191188302 -0.4805519879 0.01683677733
vn -0.5182083845 -0.8552426696 0.004478834569
v 0.01716613397 -0.479952991 0.003094566055
vn 0.2339870334 -0.8994413018 -0.3691279888
v -0.009879828431 -0.4776949883 0.02611555904
vn 0.5472460389 0.7591282725 -0.3524855673
v -0.0165619459 -0.4762650132 0.01660586521
vn -0.7520549893 -0.6218380332 -0.2184736878
v 0.02657293342 -0.4730550051 0.001641780487
vn -0.2976764441 0.7108510137 0.6372436881
v -0.01161249448 -0.4737029672 0.01165858936
vn 0.5207536221 0.4052678645 0.7513811588
v 0.01024559047 -0.481418997 0.02246547118
vn -0.2499193102 0.8559901118 -0.4525717795
v -0.01724505983 -0.4527539909 0.0197781343
vn 0.8064972758 -0.5785547495 -0.1218055785
v 0.004048972391 -0.4842970073 0.0121765174
vn -0.1041301638 -0.9583240747 -0.266029954
v -0.01410305034 -0.4572710097 0.009807134978
vn 0.9469735622 0.06159542874 0.3153522313
v -0.002398017095 -0.4820309877 0.02280192263
vn 0.183238253 0.9177126288 -0.3524589241
v 0.03332930803 -0.4637430012 -0.002118660836
vn -0.7098892927 0.4604210258 0.5329818726
v -0.009805627167 -0.479418993 0.01621906273
vn 0.5096114874 0.8375198245 0.1971208602
v -0.004125101957 -0.4823789597 0.02030492947
vn 0.2994432449 0.9508983493 -0.07826951146
v -0.0004485839745 -0.4832119942 0.01931793615
vn 0.1823155284 0.9564325809 0.2280301005
v -0.007157573942 -0.4769319892 0.02958600968
vn 0.3858419657 0.7706284523 -0.5072058439
v 0.03593792766 -0.4551950097 -0.003543121042
vn -0.9766597152 0.1166486889 0.1803575307
v 0.02758926712 -0.4754520059 0.009643310681
vn -0.562471807 0.8130635023 -0.1501772702
v -0.01650027372 -0.4531390071 0.01350228302
vn 0.6816395521 -0.3369500935 0.6494861245
v 0.01479676086 -0.475402981 -0.005697478075
vn -0.1009328961 -0.9933359623 0.05564403161
v 0.006213093642 -0.4813640118 0.02607965283
vn 0.01860604994 0.9783343077 -0.2061935365
v -0.005580289755 -0.4689449966 0.006704021245
vn 0.5847920775 0.5780225396 0.5691293478
v -0.0130365761 -0.4778240025 0.02634737268
vn -0.6431350112 -0.6762405634 0.3592716455
v 0.03226218 -0.4643400013 -0.003993798047
vn -0.8089536428 0.5280679464 0.2583374977
v 0.01986784674 -0.4807330072 0.009600851685
vn 0.4478191137 -0.8851157427 -0.1266025305
v 0.008074687794 -0.4814559817 0.009165414609
vn 0.033467751 0.8891167641 0.4564551115
v -0.009588756599 -0.4457579851 0.01041400153
vn 0.220031783 0.05647044629 -0.9738568068
v 0.03802345321 -0.4672450125 0.006684781983
vn 0.8826192617 -0.3662809134 0.2946549654
v 0.01634646952 -0.4763689935 0.001112084254
vn -0.2694102824 0.941125989 0.2042058408
v 0.01693703234 -0.4735519886 -0.00499849394
vn -0.04107027501 0.9908974767 0.1282005757
v 0.01742421091 -0.4781390131 0.0009765743744
vn 0.06841238588 -0.7458512187 -0.6625901461
v 0.03200136498 -0.471855998 0.008681230247
vn -0.7264431119 0.6261242032 -0.2832823396
v 0.01401590183 -0.47547701 -0.004301119596
vn -0.1996042132 -0.8886185884 -0.4129347801
v 0.01598419808 -0.4762479663 -0.002931163181
vn -0.001241846825 -0.8917115331 -0.4526024461
v 0.01337501407 -0.4818370044 0.01087529305
vn -0.2674890757 0.9506542683 0.1571817547
v 0.02825712413 -0.4775780141 0.00859859772
vn 0.4731491506 -0.8802740574 0.03532015532
v -0.02003283054 -0.4609749913 0.01873181947
vn 0.9916570783 -0.1283329576 -0.01211895421
v 0.03266265243 -0.4647659957 -0.002236474771
vn -0.8327576518 0.4460884035 0.3279021084
v -0.01933838241 -0.4538240135 0.01358994842
vn -0.8935796618 0.3892231882 -0.2236529887
v 0.01661559753 -0.474857986 -0.001392752165
vn -0.06850444525 0.8730443716 0.4828050137
v 0.03349062428 -0.4660939872 -0.004181639291
vn 0.720836997 -0.591231823 -0.3617165983
v -0.01418402698 -0.450428009 0.01288810931
vn 0.5916209221 -0.4941101074 0.6370556355
v 0.001455500722 -0.4833999872 0.01035287511
vn -0.1922894269 -0.8887773752 -0.4160522819
v 0.03213486075 -0.4662120044 -0.001448527677
vn -0.6825520992 0.5248342752 0.5085977316
v -0.01518171746 -0.4757870138 0.02602941729
vn -0.7020088434 -0.6322535276 0.3277790844
v 0.01935991272 -0.4810489714 0.0213767495
vn 0.7536229491 -0.2428328544 0.6108065844
v -0.008540437557 -0.4784170091 0.03017023206
vn -0.4022324681 -0.7405499816 0.5383259058
v 0.01844096184 -0.4786170125 0.007455378771
vn -0.434188962 0.8721980453 0.225278616
v -0.01850444824 -0.4697119892 0.02041322738
vn 0.9184322357 0.3941581249 -0.03349106014
v -0.01442502532 -0.4537749887 0.026982449
vn 0.91031003 0.09602697194 0.4026343822
v -0.01775136963 -0.4542149901 0.01624765806
vn 0.9029214382 -0.4121569991 0.1218995154
v 0.03122265637 -0.4723669887 0.004806100857
vn -0.4384354651 0.7260164618 0.5297871828
v -0.006409140304 -0.4696480036 0.005016390234
vn -0.264965713 0.04544725269 -0.963186264
v -0.008485819213 -0.4441549778 0.0134518221
vn 0.6400831938 0.7371863723 0.2164481729
v -0.01603698917 -0.476752013 0.02046908811
vn -0.6793518662 -0.6815184355 0.2720544338
v -0.01646788977 -0.4712469876 0.02941901982
vn -0.7392811775 -0.3503351212 0.5750901103
v -0.01757557876 -0.4639239907 0.03093326278
vn -0.7740730643 -0.0830938518 0.6276195645
v 0.03367589787 -0.4673449993 -0.002035824349
vn 0.690638721 -0.5107555389 -0.5120028257
v 0.02351635322 -0.4715619981 -0.005966090597
vn -0.4663946927 0.8821789026 0.06508721411
v -0.0209049955 -0.4558289945 0.01939798519
vn -0.9491768479 0.3040732145 -0.08125770837
v 0.02401955612 -0.4773379862 0.002930898219
vn 0.4382284582 -0.8799613118 -0.1833682358
v 0.009422658943 -0.4826459587 0.0141007835
vn -0.09310042858 0.9672397971 0.2361766994
v 0.03096856736 -0.4681029916 -0.006852467079
vn 0.6806150675 -0.7261713147 -0.09715092182
v 0.01063785143 -0.4833219647 0.0229449179
vn 0.2496507764 -0.8612091541 0.4427112639
v 0.01242789254 -0.4729169905 -0.004004419781
vn -0.3540050685 0.9289267063 -0.1085155159
v 0.03489262983 -0.4598009884 -0.003164487425
vn -0.8276430368 0.3827753365 0.4104754031
v -0.01625472307 -0.4514969885 0.01692458428
vn 0.8190207481 -0.566282928 0.09235084057
v -0.01476488076 -0.4753879905 0.0195862744
vn 0.7285531163 0.6783054471 -0.09545683861
v 0.02234986238 -0.4804119766 0.01098781265
vn 0.3692215085 -0.9144899845 -0.1654798239
v 0.01647911407 -0.4738329649 -0.003563056933
vn -0.05594167113 0.9588693976 0.2782805562
v 0.02592699789 -0.4759319723 0.01203471236
vn -0.5315856934 0.8200297952 -0.2120562047
v 0.02864986844 -0.4771449864 0.009544287808
vn 0.5600292683 -0.8168596625 0.1382299066
v -0.0102686407 -0.4771769643 0.01306511741
vn 0.4598932862 0.6059220433 0.649119854
v 0.03307799995 -0.4630739987 -0.006608660799
vn -0.8474076986 0.5267022848 -0.06696937233
v 0.004953100812 -0.4854649901 0.01909102499
vn 0.06755976379 -0.9788630605 0.1930358112
v -0.01916277967 -0.4663949907 0.01553235762
vn 0.9401040077 0.2134008706 0.2658279538
v 0.01968729123 -0.4776279926 0.005184086505
vn -0.4152294993 0.8932273984 0.1724217534
v 0.004454960581 -0.4813759923 0.02518947423
vn 0.002000428736 0.9505290389 -0.310629338
v 0.01415471267 -0.4788919687 0.001616075169
vn 0.1404351145 -0.9471606612 -0.2883827984
v 0.03476826847 -0.464143008 -0.006591022946
vn 0.8538218141 -0.5107859969 0.1004291549
v -0.003887814935 -0.480648011 0.02514867112
vn 0.2255280614 0.8971021175 -0.3799273968
v 0.01122266147 -0.4822520018 0.0135185523
vn -0.1804866046 0.9628875852 0.200679183
v -0.01733230986 -0.4552870095 0.0242165681
vn 0.7486954331 -0.4877162576 -0.448985517
v 0.00205832487 -0.4834499657 0.01874972321
vn 0.123878397 0.9570175409 0.2622433007
v 0.03319838643 -0.4729000032 0.00946988631
vn 0.7355286479 -0.6296804547 0.2500003576
v -0.007300361525 -0.4788769782 0.03041196242
vn -0.3303487599 -0.756952107 0.5638201833
v 0.0107512325 -0.4824469984 0.0118550621
vn -0.1249055341 0.9913048744 0.04139186442
v 0.007712431718 -0.476669997 0.003034159774
vn 0.3716309369 0.4754756689 0.7973790169
v 0.009705244564 -0.4846069813 0.01382944733
vn 0.1024779305 -0.9691609144 -0.2241103649
v 0.007429667283 -0.4817279875 0.006008797791
vn -0.1747345626 -0.7655513883 -0.619192183
v 0.03835723549 -0.4666860104 0.005765731912
vn 0.8857315183 -0.4442172348 -0.1347244382
v 0.03376005962 -0.4677779973 0.002038772451
vn -0.6629325151 0.5404399633 0.5181168914
v 0.03430452198 -0.4657849967 -0.002752603265
vn 0.8345367908 -0.447206378 -0.3217993677
v 0.02142277174 -0.4782989919 0.01380230859
vn -0.5286281109 0.8133214712 -0.2430236787
v 0.03129308671 -0.4731999934 0.00244915206
vn 0.4115912616 -0.7477908134 -0.5209621191
v -0.01790271699 -0.4744650126 0.0167381838
vn -0.7994843721 -0.549651444 -0.2422973067
v 0.0358177349 -0.4628590047 0.000668179302
vn -0.8771203756 0.3320269883 0.3470127881
v -0.004050211981 -0.4699209929 0.006179408636
vn 0.5429677963 0.6120880842 0.5749210119
v -0.01819084398 -0.4679580033 0.01461818069
vn 0.6829437017 0.2005405873 0.7024039626
v 0.02746086009 -0.4746469855 0.0008230336825
vn 0.3034066856 -0.7071502209 -0.6386571527
v 0.01708269864 -0.4755409956 -0.005146030337
vn 0.04606921971 -0.9904077053 -0.1302696764
v 0.01515892334 -0.480922997 0.0118373083
vn -0.3970905244 0.9155693054 -0.06365506351
v 0.003178836545 -0.4836730063 0.01024048682
vn -0.1320334971 -0.9196560383 -0.3698647618
v -0.01589339972 -0.4738639891 0.0169198364
vn 0.7902671695 0.5588817596 0.251254946
v 0.03152228147 -0.4745410085 0.01057122834
vn 0.3416125774 -0.715785861 -0.6090578437
v -0.01778149419 -0.4510189891 0.01348937955
vn -0.8199951053 0.5317674875 -0.2117342055
v 0.01017971896 -0.4851750135 0.01661557518
vn 0.1419604123 -0.9898506999 0.00654246239
v -0.01968465932 -0.4597750008 0.02065859735
vn 0.9699873924 -0.1224573851 -0.2100681365
v -0.006758558564 -0.4749580026 0.009295585565
vn 0.4361427426 0.4785490036 0.7620829344
v -0.01483048126 -0.4505110085 0.01366335619
vn 0.7071470022 -0.6494781971 0.2795015574
v -0.01496626996 -0.4734370112 0.01387923118
vn 0.5643646717 0.3613759279 0.7422263622
v -0.0147968214 -0.4732190073 0.03014939837
vn -0.7028241158 -0.4488372505 0.5518907309
v -0.01741689444 -0.4705219865 0.02227499895
vn 0.8322736621 0.4949409962 -0.2497076392
v 0.0009800363332 -0.4812269807 0.01090634055
vn 0.2465936989 0.7749379277 0.5819473863
v -0.01887193322 -0.4516060054 0.01997356862
vn -0.8098454475 0.5755887628 0.1133488417
v 0.01403547637 -0.4791809916 0.005058034323
vn -0.1158771589 0.8992798924 0.421744138
v 0.02070327848 -0.4748849869 -0.005429427605
vn 0.2893846035 -0.9566475749 -0.03289243951
v -0.01553373411 -0.456853956 0.008425919339
vn -0.2746192515 0.1049921736 -0.9558038116
v 0.03640040383 -0.4575369954 -0.001431694021
vn -0.8850637674 0.1839887053 0.4275631309
v 0.007485298906 -0.4854219854 0.01710091159
vn 0.01808169857 -0.9894192815 -0.1439530551
v 0.01515010931 -0.4817509651 0.01504258439
vn -0.3963929415 0.9117497802 -0.1076336056
v 0.002973826835 -0.4802469909 0.02863902785
vn 0.1760080308 0.7723414898 0.6103358269
v 0.02189734578 -0.477730006 0.002005363582
vn 0.3567750752 -0.8359183669 -0.4170755744
v 0.02210041508 -0.4777779579 0.01809549518
vn 0.1133659407 0.8125071526 0.571821928
v 0.02830503508 -0.4774799943 0.007895749994
vn 0.341532886 -0.9053909183 -0.2522350848
v 0.03484988213 -0.4584769905 -0.005356882233
vn -0.9203810096 0.3846134841 0.07050713152
v 0.02292667888 -0.4795970023 0.01819627173
vn 0.6615259647 -0.5014482141 0.5576137304
v 0.006339227781 -0.4832159579 0.02681593411
vn -0.01254427154 -0.9769761562 0.2129795104
v -0.02190812491 -0.4621759951 0.02044625767
vn -0.9816083312 0.008547144011 0.1907145977
v 0.01552440505 -0.4814169705 0.02589350753
vn 0.7662950158 -0.1597335935 0.6223159432
v 0.01054271962 -0.4844120145 0.02076389641
vn 0.1834758818 -0.9655156732 0.184705317
v 0.02439055592 -0.4733599722 -0.005926850252
vn 0.4665866494 -0.8821086287 -0.0646623373
v 0.02762645297 -0.4756729901 0.008481901139
vn -0.474511534 0.8794831038 -0.03671851009
v 0.02429254353 -0.4754909575 0.006146956701
vn -0.3094631732 0.8841831684 0.349932313
v -0.01087034121 -0.476579994 0.01018798072
vn -0.4654393792 -0.4858842194 -0.739785552
v 0.03560595214 -0.4705519974 0.003837120952
vn 0.7414660454 -0.5506626964 -0.3834041655
v 0.009432166815 -0.4751209915 0.001206823625
vn 0.3668097258 0.5678800941 0.7368600965
v 0.03831933439 -0.4579100013 -0.001849143999
vn 0.884062469 -0.1808736026 -0.430950433
v 0.02714924514 -0.4758029878 0.008127870038
vn -0.2628215849 0.8751880527 0.4061658382
v -0.008062119596 -0.4779689908 0.03135569766
vn 0.1210569292 -0.08104398102 0.9893316627
v -0.01351667754 -0.4472100139 0.02027347125
vn -0.4974194169 0.8314259052 0.2475982904
v -0.007186010014 -0.4764240086 0.03043453395
vn 0.4199064672 0.542763114 0.7273834944
v 0.01253674831 -0.4810310006 0.02175746672
vn -0.2925341427 0.8851965666 -0.3617330492
v -0.01791306399 -0.4694660008 0.02252966538
vn 0.8744716644 0.3993700445 -0.2753233016
v 0.03166806325 -0.4752899706 0.006084592547
vn 0.5278702378 -0.8016513586 -0.2805496454
v 0.02033890411 -0.4793789983 0.004468030296
vn 0.3934091628 -0.8968371153 -0.2022680938
v 0.02349643037 -0.4742250144 -0.003624574747
vn 0.3560397923 -0.8766891956 -0.3234991431
v -0.01573501714 -0.455904007 0.02757193893
vn 0.7926581502 -0.4385797381 -0.4234865904
v 0.01393632963 -0.4742589891 -0.002196573885
vn 0.1783209145 0.8811562061 0.437910229
v 0.02813873626 -0.4769329727 0.01178845949
vn 0.4197842181 -0.8837537766 -0.2067860663
v -0.01288166363 -0.4725660086 0.02949972823
vn 0.6802607775 0.4837756157 -0.5506418347
v 0.01244192384 -0.484733969 0.01593768969
vn 0.2550336719 -0.9653033018 0.05610160157
v -0.02089217491 -0.4687620103 0.02120226249
vn -0.9305690527 -0.2970826626 0.2139698267
v 0.03000500053 -0.4757120013 0.01065302454
vn 0.6361925006 -0.722340107 0.271078974
v 0.03376155719 -0.4722320139 0.003339451039
vn 0.5597167611 -0.6494037509 -0.5147736669
v -0.01230033487 -0.448759973 0.01992818154
vn 0.4939814508 -0.8321704268 -0.2519419491
v -0.01084882487 -0.4448459744 0.01405753195
vn -0.3829898834 0.923332572 -0.02785220742
v -0.01961875148 -0.4593240023 0.01741907746
vn 0.9669208527 -0.2239841074 0.1220456138
v -0.01751400903 -0.4648419917 0.01013808418
vn -0.6493579149 -0.1090968028 -0.7526168823
v -0.01868760958 -0.4513059855 0.01810340211
vn -0.8509241343 0.5174660683 -0.09031587094
v -0.01249545719 -0.4777010083 0.01764900237
vn 0.6022330523 0.7951268554 -0.07133506984
v 0.002933733165 -0.4820919633 0.02941215411
vn 0.1931508929 -0.1111104414 0.9748575091
v -0.0159876626 -0.4682010114 0.03160303086
vn -0.7976145744 -0.2888686061 0.5294958949
v -0.01154457033 -0.4769329727 0.02489312366
vn 0.6605306268 0.7292214036 -0.1787048727
v 0.01010925882 -0.47764799 0.003333938075
vn 0.1665801406 0.8066855669 0.5670180321
v 0.0008633615216 -0.4833829999 0.019564908
vn 0.04499883205 0.9861780405 -0.159461543
v -0.01401035953 -0.4492099881 0.0148604745
vn 0.6763795614 -0.6985490322 0.2335379571
v -0.01814981736 -0.4671809971 0.02910148725
vn -0.7962038517 -0.2080744952 0.568123579
v 0.01448849961 -0.4813959897 0.01900190301
vn -0.3989590108 0.897815764 -0.1864365339
v 0.01778217778 -0.4816179574 0.02330255508
vn 0.6033863425 -0.7105212212 0.3620560169
v -0.01306675375 -0.4769450128 0.01980125532
vn 0.6514814496 0.7413528562 -0.1611456424
v 0.0102115823 -0.481328994 0.02480954491
vn -0.1202305034 0.9924097657 -0.02583566308
v -0.02062077075 -0.4586369991 0.02514361963
vn -0.9548493028 0.1855395138 0.2320300341
v 0.02377486415 -0.476278007 0.0009903367609
vn 0.373447448 -0.7879318595 -0.4895920753
v 0.03241134435 -0.4719659984 0.006600984838
vn -0.7556723356 0.6394839883 -0.1414906979
v -0.01535545476 -0.4477680027 0.01452142559
vn -0.6771157384 0.7005077004 -0.2253957689
v 0.01160519663 -0.4841919839 0.01321831904
vn 0.1775142848 -0.9635769129 -0.200020656
v -0.01457265113 -0.4702030122 0.01222768798
vn 0.6254133582 0.3532522023 0.6957521439
v -0.02015191689 -0.4606400132 0.01266316883
vn -0.7844406962 0.01634585485 -0.6199884415
v 0.01483189128 -0.4762020111 0.0007217297098
vn 0.0004644207074 0.8311597109 0.5560335517
v -0.01535040513 -0.4544839859 0.01182227209
vn 0.6716899872 -0.2732011676 0.6886172295
v 0.007475080434 -0.4779509902 0.004679568112
vn 0.2143540531 0.7764421105 0.5926128626
v 0.01302273944 -0.4829240143 0.02218281105
vn 0.2906271219 -0.8894645572 0.3526877463
v 0.01980729215 -0.4768199623 -0.001044199686
vn 0.2643579245 -0.8928390145 -0.3646277189
v 0.006064383313 -0.4816649556 0.02410907112
vn -0.1323529184 0.9228309989 -0.3617535532
v 0.007468400057 -0.4797309935 0.003737902036
vn -0.188124612 -0.7541199923 -0.6292154789
v 0.01398202125 -0.4816229939 0.01110930555
vn -0.4005842209 0.9077762961 -0.1243965253
v 0.01506343111 -0.4796349704 0.02511477098
vn 0.4607851207 0.8872104883 0.02312188968
v 0.03116335347 -0.4670949876 -0.001929012942
vn -0.6332672238 0.6285527945 0.4515463114
v -0.01311682723 -0.4758749902 0.01421498414
vn 0.6219257116 0.6898711324 0.3705215156
v 0.03604395688 -0.4537320137 -0.007267626002
vn -0.7023404837 0.08683302999 -0.7065252066
v 0.03611414135 -0.4526140094 -0.0072724442
vn -0.9765666127 0.008733575232 -0.2150381356
v 0.03611214086 -0.452560991 -0.007272506133
vn -0.9309132099 -0.04488743097 -0.3624717295
v 0.03606700897 -0.4521130025 -0.007268908899
vn -0.3075174689 0.4890283346 -0.8162623644
v 0.03805755451 -0.4522390068 -0.007415995933
vn 0.2708871961 0.6043786407 -0.7492306828
v 0.03810368851 -0.4527100027 -0.007419560105
vn -0.02430604957 0.00442198338 -0.9996947646
v 0.03783191741 -0.4553210139 -0.007399018388
vn 0.6354586482 -0.1106695384 -0.7641626596
v 0.03770856932 -0.4560030103 -0.007389850449
vn 0.914245069 -0.2258483022 -0.3363755345
v 0.03752107173 -0.4567610025 -0.007376684807
vn 0.2103065252 -0.06209801883 -0.9756613374
v 0.03736061603 -0.4575769901 -0.007364672609
vn 0.3128639162 -0.1037255079 -0.9441171288
v 0.03678299487 -0.459728986 -0.007321637124
vn 0.8681312203 -0.2613785863 -0.4219352603
v 0.03648017719 -0.4606649876 -0.007300057914
vn 0.948536098 -0.3115674555 0.05661306903
v 0.0362755917 -0.4612820148 -0.007284423336
vn 0.9167987108 -0.3814645708 -0.1181733757
v 0.03577721491 -0.4624559879 -0.007247921545
vn 0.8752323985 -0.4398514926 -0.2012433559
v 0.03512138128 -0.4636319876 -0.007199320011
vn 0.5787519813 -0.4262370467 -0.6952468157
v 0.03447058052 -0.4645340145 -0.007151564583
vn 0.6544027925 -0.5538929701 -0.5147422552
v 0.03349887207 -0.4656600058 -0.007079786621
vn 0.6432529688 -0.6310015321 -0.4336619377
v 0.03187636659 -0.4672110081 -0.006960251834
vn 0.135135442 -0.2147211134 -0.9672814012
v 0.03134790808 -0.467723012 -0.006921688095
vn -0.04317661375 -0.03039930947 -0.9986048341
v 0.03067202307 -0.4684090018 -0.006871711463
vn -0.04116091132 -0.0323584564 -0.9986284375
v 0.02899635211 -0.470084995 -0.00674783159
vn -0.06261015683 -0.0108920699 -0.9979786277
v 0.02896327712 -0.4701130092 -0.006745857187
vn 0.4825564921 -0.5883353949 -0.6488456726
v 0.02736884728 -0.4714890122 -0.006628450938
vn 0.2330567986 -0.3708340824 -0.8989808559
v 0.02665785514 -0.4720380008 -0.006575564854
vn 0.1258819252 -0.2893602252 -0.9489069581
v 0.02219846845 -0.4744240046 -0.006247262936
vn 0.1833638251 -0.6098639369 -0.7710016966
v 0.02092894167 -0.4749070108 -0.006153753493
vn 0.1767677367 -0.6747012734 -0.7166110277
v 0.01950499043 -0.4752810001 -0.006049039774
vn -0.00357306865 -0.3424565494 -0.9395268559
v 0.01862755045 -0.4754059911 -0.005984332412
vn -0.03470094875 -0.353327781 -0.9348557591
v 0.01712735556 -0.4755130112 -0.00587299047
vn 0.00300014508 -0.7004281878 -0.7137165666
v 0.01625794359 -0.4755240083 -0.005809030961
vn -0.07313165814 -0.7302939892 -0.6792072058
v 0.01485504396 -0.4754079878 -0.00570566766
vn -0.07439389825 -0.003166401526 -0.9972239137
v 0.01478985697 -0.4754039645 -0.005700696725
vn -0.0696156323 -0.004025219008 -0.9975657463
v 0.01470564958 -0.4753899872 -0.005695314612
vn -0.1076046973 -0.2565398812 -0.9605251551
v 0.01331377588 -0.4751900136 -0.00559260603
vn -0.1985282153 -0.6886190772 -0.6974169016
v 0.01218161825 -0.4748919904 -0.005508820061
vn -0.3617230356 -0.243632108 -0.8998888135
v 0.01238417439 -0.4740650058 -0.00552351959
vn -0.713816762 0.1249948069 -0.6890877485
v 0.01256167982 -0.4729470015 -0.005536996294
vn -0.1984657794 0.03125146404 -0.9796094298
v 0.0126529159 -0.4729739726 -0.005543162115
vn -0.04875705019 0.1004990339 -0.9937417507
v 0.01287252642 -0.4730169773 -0.005559328012
vn 0.07721901685 0.5498191118 -0.8317067623
v 0.01390339062 -0.473277986 -0.005635268986
vn -0.006392850075 0.3287822902 -0.9443840981
v 0.01477180421 -0.4733850062 -0.005699257366
vn -0.0701386258 0.03103717975 -0.9970542789
v 0.01485504396 -0.4733889699 -0.00570566766
vn 0.007514473982 0.6688506603 -0.7433587909
v 0.01665305905 -0.4735569954 -0.005838746671
vn -0.01574217342 0.7011779547 -0.7128124833
v 0.01832270063 -0.4734289944 -0.005961814895
vn -0.1186242178 0.6441781521 -0.7556208372
v 0.01884113252 -0.4733479917 -0.005999685265
vn -0.2232320905 0.7896738052 -0.5714741945
v 0.02019087039 -0.4730089903 -0.006098707672
vn -0.132417053 0.183539167 -0.974052906
v 0.02129394934 -0.4725939929 -0.006180397701
vn -0.3306901455 0.9415875673 -0.06369388103
v 0.02151555754 -0.4725179672 -0.00619650539
vn -0.3818145096 0.9239943624 -0.02126364224
v 0.02390421927 -0.4713470042 -0.006373208016
vn -0.4248277247 0.6423281431 -0.6379153728
v 0.02556583472 -0.4703589976 -0.006495528389
vn -0.3692772686 0.4196321368 -0.8291822076
v 0.02671501413 -0.469453007 -0.006579787936
vn -0.6000513434 0.6954883933 -0.3952648938
v 0.0309006609 -0.4654099941 -0.006888597738
vn -0.66935426 0.7417494059 0.04210299253
v 0.03184728324 -0.4645430148 -0.006958157755
vn -0.4302633405 0.3568452299 -0.8291772604
v 0.03269064799 -0.4636000097 -0.007020923775
vn -0.6131753922 0.4482109547 -0.6504789591
v 0.03330934048 -0.4627450109 -0.007065678481
vn -0.4322383702 0.2080947459 -0.8774204254
v 0.03390901163 -0.4616549909 -0.007110026199
vn -0.6319046617 0.2616305351 -0.7295519114
v 0.03438733891 -0.4605149925 -0.007145152893
vn -0.7160792351 0.2339379936 -0.6576500535
v 0.03498301283 -0.4586409926 -0.007189625874
vn -0.5761572123 0.1458911896 -0.804213047
v 0.03516048938 -0.4579110146 -0.007202109322
vn -0.6587293148 0.1584218442 -0.735512197
v 0.0354382582 -0.4568920135 -0.007222465239
vn -0.1130899712 0.01027149055 -0.9935316443
v 0.03548138961 -0.4566690028 -0.007226124406
vn -0.6126280427 0.1369642913 -0.7784135938
v 0.0357561633 -0.4555689991 -0.007246574853
vn -0.7821045518 0.1721690297 -0.5988909006
v 0.0131292427 -0.4741330147 -0.005578341428
vn -0.07352942228 0.0003367622849 -0.9972929955
v 0.01502352301 -0.4741330147 -0.005718427245
vn -0.07354771346 0.0001500774379 -0.9972916842
v 0.01691777259 -0.4741330147 -0.005857512355
vn -0.07346555591 -8.063017594e-05 -0.9972977638
v 0.01881205291 -0.4741330147 -0.005997594912
vn -0.07350447029 9.29054022e-06 -0.9972949028
v 0.02070630342 -0.4741330147 -0.006136676297
vn -0.07347070426 6.607595424e-05 -0.9972973466
v 0.02260158397 -0.4741330147 -0.006276727188
vn -0.07359770685 3.242860112e-05 -0.9972879887
v 0.02165395953 -0.4724879861 -0.006207200233
vn -0.07357063144 -0.0001886921091 -0.9972900152
v 0.02354820818 -0.4724879861 -0.006346285343
vn -0.07357592136 7.583486877e-05 -0.997289598
v 0.02544248849 -0.4724879861 -0.006486363709
vn -0.07347775251 1.321330365e-05 -0.9972968698
v 0.02639011107 -0.4708429873 -0.006555892993
vn -0.07351368666 5.318267722e-05 -0.9972941875
v 0.02733673714 -0.4691979885 -0.006625448819
vn -0.07352094352 8.939250256e-05 -0.9972936511
v 0.0292320177 -0.4691979885 -0.006765500177
vn -0.07357442379 0.0001348964724 -0.9972897172
v 0.0301786419 -0.4675529897 -0.006835056469
vn -0.0734930113 -0.0001306512277 -0.9972957373
v 0.03112629987 -0.4659079909 -0.006905580405
vn -0.07346699387 -2.212046275e-05 -0.9972976446
v 0.03302054852 -0.4659079909 -0.007044662256
vn -0.07329713553 0.0001518981298 -0.9973101616
v 0.03396817297 -0.4642620087 -0.007114189211
vn -0.07344350964 -0.0001077868001 -0.9972993731
v 0.03491482884 -0.4626170099 -0.007184742484
vn -0.07357487828 -8.174272807e-05 -0.9972897172
v 0.03586245328 -0.4609720111 -0.007254273165
vn -0.07353108376 1.230463295e-05 -0.9972929358
v 0.03491482884 -0.4593270123 -0.007184742484
vn -0.07347561419 -6.648307317e-05 -0.997296989
v 0.03680907935 -0.4593270123 -0.007323829457
vn -0.07311724871 -2.250464604e-05 -0.9973233342
v 0.03586245328 -0.4576820135 -0.007254273165
vn -0.07353462279 0.0001227342291 -0.9972926378
v 0.03680907935 -0.4560369849 -0.007323829457
vn -0.07350113988 -5.346621401e-05 -0.9972951412
v 0.0377567336 -0.4543919861 -0.007394349668
vn -0.07365018129 -6.686677079e-05 -0.9972841144
v 0.03680907935 -0.4527469873 -0.007323829457
vn -0.07374978065 4.060790161e-05 -0.997276783
v 0.03594166413 -0.4544529617 -0.007259808015
vn -0.2592179179 0.02945508249 -0.9653695822
v 0.03691839799 -0.4521540105 -0.007332426496
vn 0.05509249121 0.9774277806 -0.2039601952
v 0.03810269013 -0.4528039992 -0.007419593167
vn 0.1414856613 -0.01551347505 -0.9898187518
v 0.03799839318 -0.454185009 -0.007411838509
vn 0.955699265 -0.1330893338 -0.262537986
v 0.03696350008 -0.4590030015 -0.007335026283
vn 0.5049627423 -0.1524323225 -0.8495746255
v 0.0325993821 -0.4665229917 -0.00701376237
vn 0.4999219179 -0.5884935856 -0.6354159117
v 0.0294696819 -0.4696109891 -0.00678310357
vn -0.06298545748 -0.01079079695 -0.9979560971
v 0.02829242125 -0.4707170129 -0.006696722936
vn 0.144698143 -0.258276999 -0.9551730156
v 0.02590176091 -0.4724819958 -0.00652008038
vn 0.5009397268 -0.8576934338 -0.1158505231
v 0.0253462214 -0.4728130102 -0.006479359232
vn 0.1198457107 -0.3360105157 -0.9342023134
v 0.02397040278 -0.4735659957 -0.006378155202
vn 0.1482134461 -0.4282802343 -0.8914083242
v 0.02287835255 -0.4740869999 -0.006297119893
vn 0.3757877648 -0.8368059993 -0.3981699944
v 0.02018987015 -0.4751079977 -0.006098736543
vn 0.2131840289 -0.9239831567 -0.3175022602
v 0.01607946865 -0.4755119979 -0.005796584301
vn -0.08732078969 -0.1892692149 -0.9780349135
v 0.01580470055 -0.475489974 -0.005776131526
vn -0.07431696355 -0.00318023283 -0.9972295761
v 0.01714241132 -0.4735139906 -0.005874524359
vn -0.09888292104 0.4246485531 -0.8999421
v 0.01955412328 -0.473168999 -0.006052509882
vn -0.1040699631 0.1261084825 -0.9865425229
v 0.0217472259 -0.4724079967 -0.006214297842
vn -0.2409711331 0.3739048243 -0.8956160545
v 0.02316814661 -0.4717429876 -0.006318102125
vn -0.2439491898 0.3611447215 -0.9000351429
v 0.0245550219 -0.4709559977 -0.006420970429
vn -0.1306325495 0.09736115485 -0.9866387248
v 0.02714723721 -0.4690609872 -0.006612339988
vn -0.6577890515 0.6722376347 -0.339720577
v 0.02794543654 -0.4683069885 -0.006670515053
vn -0.1149202883 0.04305244237 -0.9924413562
v 0.02859324031 -0.4676629901 -0.006718365476
vn -0.1043795869 0.03155007213 -0.9940369725
v 0.02964818664 -0.4666320086 -0.006796554662
vn -0.1200977489 0.04797148332 -0.9916023612
v 0.03039022535 -0.4659079909 -0.006850474514
vn -0.6936613321 0.6990143657 -0.173818469
v 0.03471827134 -0.4594810009 -0.007169862743
vn -0.861371994 0.2634918094 -0.4342928827
# mm_gid 1
g mmGroup1
f 1247//1247 1666//1666 1297//1297 
f 871//871 1930//1930 1802//1802 
f 681//681 472//472 1111//1111 
f 1003//1003 1086//1086 1180//1180 
f 1813//1813 1240//1240 32//32 
f 1578//1578 1924//1924 112//112 
f 76//76 600//600 1239//1239 
f 1642//1642 2089//2089 997//997 
f 1303//1303 1761//1761 1684//1684 
f 934//934 479//479 1486//1486 
f 523//523 1112//1112 2174//2174 
f 13//13 36//36 739//739 
f 27//27 584//584 878//878 
f 1352//1352 632//632 426//426 
f 503//503 1663//1663 837//837 
f 1985//1985 488//488 616//616 
f 1357//1357 2150//2150 1291//1291 
f 363//363 1278//1278 565//565 
f 1676//1676 1287//1287 1350//1350 
f 335//335 1603//1603 425//425 
f 1757//1757 1670//1670 2134//2134 
f 40//40 1592//1592 414//414 
f 547//547 1833//1833 108//108 
f 2058//2058 1433//1433 687//687 
f 1710//1710 404//404 1732//1732 
f 1539//1539 29//29 1320//1320 
f 2131//2131 888//888 1429//1429 
f 320//320 47//47 83//83 
f 1682//1682 1479//1479 5//5 
f 1728//1728 1956//1956 1829//1829 
f 1828//1828 1439//1439 116//116 
f 1645//1645 22//22 899//899 
f 1503//1503 31//31 530//530 
f 390//390 800//800 427//427 
f 2214//2214 1630//1630 819//819 
f 691//691 697//697 1201//1201 
f 1914//1914 1490//1490 1341//1341 
f 1877//1877 729//729 1539//1539 
f 1904//1904 2079//2079 744//744 
f 1732//1732 1171//1171 120//120 
f 387//387 869//869 1784//1784 
f 2128//2128 496//496 92//92 
f 1137//1137 1788//1788 915//915 
f 26//26 2087//2087 1051//1051 
f 1408//1408 1040//1040 1860//1860 
f 1868//1868 2071//2071 1839//1839 
f 582//582 15//15 1350//1350 
f 1318//1318 323//323 901//901 
f 1869//1869 1484//1484 2069//2069 
f 1980//1980 1808//1808 126//126 
f 953//953 2243//2243 694//694 
f 1060//1060 77//77 1664//1664 
f 1209//1209 1489//1489 1987//1987 
f 934//934 1660//1660 479//479 
f 714//714 320//320 2034//2034 
f 535//535 2147//2147 566//566 
f 835//835 1923//1923 650//650 
f 94//94 1033//1033 1718//1718 
f 91//91 2021//2021 372//372 
f 363//363 1942//1942 1149//1149 
f 1021//1021 2074//2074 2144//2144 
f 1593//1593 1219//1219 553//553 
f 594//594 1521//1521 1328//1328 
f 1814//1814 324//324 2076//2076 
f 1340//1340 115//115 43//43 
f 346//346 1274//1274 2145//2145 
f 40//40 544//544 1057//1057 
f 1081//1081 927//927 1428//1428 
f 1542//1542 1554//1554 1858//1858 
f 1056//1056 1383//1383 2179//2179 
f 2026//2026 1526//1526 992//992 
f 1636//1636 1497//1497 2161//2161 
f 1706//1706 621//621 1603//1603 
f 779//779 540//540 1826//1826 
f 1898//1898 1709//1709 2144//2144 
f 1400//1400 556//556 25//25 
f 2232//2232 600//600 511//511 
f 608//608 1026//1026 52//52 
f 1730//1730 2031//2031 652//652 
f 1976//1976 825//825 792//792 
f 1301//1301 2068//2068 606//606 
f 1606//1606 1383//1383 748//748 
f 20//20 1679//1679 821//821 
f 1808//1808 469//469 38//38 
f 65//65 1969//1969 1068//1068 
f 1054//1054 1432//1432 461//461 
f 1512//1512 127//127 1024//1024 
f 664//664 1255//1255 1591//1591 
f 17//17 39//39 546//546 
f 68//68 2150//2150 1357//1357 
f 1316//1316 2182//2182 1481//1481 
f 1390//1390 740//740 1336//1336 
f 1630//1630 87//87 1763//1763 
f 82//82 931//931 461//461 
f 1175//1175 1754//1754 1763//1763 
f 2059//2059 112//112 587//587 
f 2184//2184 1439//1439 1828//1828 
f 633//633 1616//1616 608//608 
f 819//819 1492//1492 1650//1650 
f 1946//1946 951//951 1967//1967 
f 451//451 2100//2100 2014//2014 
f 1749//1749 2033//2033 1176//1176 
f 1964//1964 2184//2184 965//965 
f 1924//1924 2238//2238 1455//1455 
f 1120//1120 481//481 1209//1209 
f 86//86 2141//2141 2084//2084 
f 299//299 721//721 2073//2073 
f 878//878 584//584 1877//1877 
f 2076//2076 362//362 832//832 
f 52//52 2243//2243 608//608 
f 107//107 67//67 1956//1956 
f 897//897 1283//1283 1441//1441 
f 703//703 1960//1960 1307//1307 
f 2006//2006 1243//1243 2140//2140 
f 1024//1024 1111//1111 16//16 
f 920//920 756//756 1727//1727 
f 18//18 2211//2211 1081//1081 
f 1816//1816 618//618 554//554 
f 1865//1865 1746//1746 1613//1613 
f 2253//2253 1517//1517 1663//1663 
f 1249//1249 1825//1825 2230//2230 
f 1863//1863 933//933 358//358 
f 96//96 16//16 1503//1503 
f 586//586 2224//2224 2234//2234 
f 490//490 1770//1770 1964//1964 
f 2139//2139 399//399 1229//1229 
f 1055//1055 1556//1556 1629//1629 
f 1323//1323 922//922 2202//2202 
f 2157//2157 920//920 377//377 
f 1579//1579 598//598 976//976 
f 599//599 1263//1263 2075//2075 
f 2141//2141 1831//1831 2008//2008 
f 1399//1399 776//776 618//618 
f 616//616 1139//1139 844//844 
f 1044//1044 1410//1410 1679//1679 
f 481//481 1291//1291 1209//1209 
f 1457//1457 1021//1021 1856//1856 
f 1652//1652 379//379 1177//1177 
f 1583//1583 712//712 1460//1460 
f 1262//1262 1360//1360 2255//2255 
f 1592//1592 676//676 1579//1579 
f 128//128 92//92 57//57 
f 1182//1182 2029//2029 105//105 
f 469//469 2235//2235 38//38 
f 380//380 1719//1719 825//825 
f 63//63 811//811 84//84 
f 95//95 30//30 389//389 
f 544//544 40//40 414//414 
f 1512//1512 58//58 700//700 
f 1914//1914 1341//1341 1231//1231 
f 2245//2245 2228//2228 880//880 
f 1690//1690 105//105 1790//1790 
f 71//71 1317//1317 856//856 
f 2069//2069 1484//1484 1985//1985 
f 369//369 1959//1959 944//944 
f 469//469 887//887 642//642 
f 2253//2253 1407//1407 1517//1517 
f 1998//1998 72//72 1325//1325 
f 1303//1303 628//628 1537//1537 
f 712//712 867//867 1275//1275 
f 49//49 1114//1114 1091//1091 
f 1149//1149 1942//1942 1017//1017 
f 1825//1825 1329//1329 1530//1530 
f 438//438 1593//1593 1154//1154 
f 2058//2058 687//687 2176//2176 
f 79//79 21//21 1508//1508 
f 1018//1018 342//342 1327//1327 
f 1401//1401 97//97 1481//1481 
f 730//730 404//404 1710//1710 
f 1448//1448 1967//1967 46//46 
f 88//88 1537//1537 1035//1035 
f 458//458 1426//1426 781//781 
f 437//437 110//110 1872//1872 
f 767//767 863//863 1710//1710 
f 1758//1758 387//387 820//820 
f 449//449 415//415 2030//2030 
f 1761//1761 1303//1303 2062//2062 
f 1079//1079 2165//2165 859//859 
f 312//312 99//99 491//491 
f 75//75 1029//1029 60//60 
f 1433//1433 6//6 615//615 
f 75//75 60//60 14//14 
f 55//55 1246//1246 1712//1712 
f 1613//1613 1298//1298 1457//1457 
f 1312//1312 790//790 1526//1526 
f 1542//1542 1149//1149 1554//1554 
f 465//465 1689//1689 1887//1887 
f 1487//1487 1182//1182 1690//1690 
f 1428//1428 331//331 1188//1188 
f 406//406 962//962 1758//1758 
f 1591//1591 2043//2043 558//558 
f 1823//1823 2115//2115 1131//1131 
f 600//600 1402//1402 1239//1239 
f 1428//1428 1338//1338 311//311 
f 1155//1155 1644//1644 635//635 
f 594//594 1352//1352 2036//2036 
f 1898//1898 804//804 1709//1709 
f 453//453 468//468 1814//1814 
f 1873//1873 19//19 1730//1730 
f 623//623 676//676 674//674 
f 863//863 600//600 2232//2232 
f 1754//1754 44//44 2066//2066 
f 305//305 584//584 1287//1287 
f 326//326 1813//1813 1810//1810 
f 78//78 364//364 2024//2024 
f 1171//1171 1829//1829 1768//1768 
f 1964//1964 377//377 1727//1727 
f 2080//2080 1822//1822 531//531 
f 1807//1807 1497//1497 1636//1636 
f 84//84 811//811 1278//1278 
f 1650//1650 1180//1180 1193//1193 
f 685//685 1603//1603 1481//1481 
f 1946//1946 1177//1177 951//951 
f 636//636 1085//1085 1605//1605 
f 2238//2238 2095//2095 1455//1455 
f 1036//1036 1717//1717 108//108 
f 44//44 788//788 2066//2066 
f 615//615 607//607 1345//1345 
f 1529//1529 1290//1290 1750//1750 
f 390//390 427//427 1621//1621 
f 2160//2160 931//931 1488//1488 
f 122//122 1274//1274 1617//1617 
f 1592//1592 2001//2001 414//414 
f 14//14 1694//1694 385//385 
f 1289//1289 538//538 880//880 
f 1407//1407 1869//1869 1517//1517 
f 829//829 1006//1006 9//9 
f 756//756 939//939 406//406 
f 1046//1046 788//788 799//799 
f 42//42 2312//2312 1941//1941 
f 691//691 700//700 697//697 
f 1734//1734 1874//1874 955//955 
f 507//507 1858//1858 2081//2081 
f 787//787 708//708 785//785 
f 1176//1176 908//908 373//373 
f 1486//1486 479//479 1305//1305 
f 1777//1777 1343//1343 1380//1380 
f 639//639 1498//1498 1725//1725 
f 715//715 907//907 6//6 
f 1345//1345 2036//2036 1337//1337 
f 1393//1393 49//49 829//829 
f 1201//1201 697//697 875//875 
f 1687//1687 1326//1326 772//772 
f 358//358 1704//1704 369//369 
f 2177//2177 909//909 1967//1967 
f 552//552 2129//2129 1485//1485 
f 2176//2176 687//687 711//711 
f 886//886 1224//1224 739//739 
f 1793//1793 1303//1303 2146//2146 
f 875//875 1557//1557 1810//1810 
f 742//742 1727//1727 406//406 
f 2027//2027 1263//1263 599//599 
f 1275//1275 867//867 1142//1142 
f 1753//1753 1274//1274 122//122 
f 1426//1426 744//744 1175//1175 
f 449//449 2030//2030 547//547 
f 1993//1993 1694//1694 2059//2059 
f 581//581 1906//1906 1807//1807 
f 1663//1663 1517//1517 2174//2174 
f 914//914 2235//2235 437//437 
f 10//10 1801//1801 614//614 
f 128//128 2212//2212 125//125 
f 1112//1112 1549//1549 837//837 
f 620//620 2100//2100 2221//2221 
f 1337//1337 505//505 1736//1736 
f 109//109 1450//1450 1046//1046 
f 1200//1200 370//370 322//322 
f 45//45 1831//1831 2141//2141 
f 844//844 1677//1677 572//572 
f 534//534 106//106 2031//2031 
f 1297//1297 1556//1556 1202//1202 
f 1874//1874 333//333 955//955 
f 1338//1338 3//3 311//311 
f 1413//1413 1712//1712 1246//1246 
f 2151//2151 2200//2200 1269//1269 
f 1100//1100 1181//1181 1931//1931 
f 1873//1873 1730//1730 1128//1128 
f 1738//1738 2074//2074 1298//1298 
f 107//107 2125//2125 67//67 
f 1944//1944 770//770 1984//1984 
f 962//962 322//322 387//387 
f 31//31 1911//1911 530//530 
f 1718//1718 1175//1175 744//744 
f 1336//1336 740//740 814//814 
f 1190//1190 1793//1793 50//50 
f 5//5 908//908 434//434 
f 336//336 1256//1256 1543//1543 
f 1898//1898 24//24 94//94 
f 50//50 2146//2146 707//707 
f 2144//2144 1709//1709 1021//1021 
f 129//129 1057//1057 55//55 
f 1992//1992 129//129 1712//1712 
f 1037//1037 97//97 2048//2048 
f 669//669 1018//1018 789//789 
f 700//700 58//58 482//482 
f 1872//1872 86//86 2084//2084 
f 126//126 1808//1808 356//356 
f 1424//1424 2103//2103 1325//1325 
f 355//355 70//70 1595//1595 
f 597//597 1392//1392 107//107 
f 2131//2131 1429//1429 907//907 
f 2081//2081 1228//1228 315//315 
f 1946//1946 434//434 2245//2245 
f 346//346 2125//2125 1392//1392 
f 638//638 1434//1434 2051//2051 
f 2364//2364 614//614 1801//1801 
f 1054//1054 1108//1108 2039//2039 
f 954//954 1183//1183 390//390 
f 2130//2130 952//952 1329//1329 
f 1018//1018 1327//1327 789//789 
f 740//740 684//684 814//814 
f 1727//1727 756//756 406//406 
f 970//970 2189//2189 1619//1619 
f 943//943 2113//2113 571//571 
f 742//742 978//978 1439//1439 
f 817//817 909//909 2177//2177 
f 598//598 1620//1620 976//976 
f 634//634 2176//2176 1069//1069 
f 531//531 1822//1822 37//37 
f 1008//1008 2022//2022 626//626 
f 546//546 39//39 1569//1569 
f 1201//1201 1813//1813 32//32 
f 51//51 57//57 1859//1859 
f 871//871 1802//1802 1597//1597 
f 985//985 2021//2021 1502//1502 
f 673//673 1825//1825 1249//1249 
f 1619//1619 2189//2189 932//932 
f 647//647 118//118 571//571 
f 1898//1898 2144//2144 778//778 
f 1296//1296 1224//1224 769//769 
f 463//463 1642//1642 1861//1861 
f 694//694 2243//2243 1550//1550 
f 2200//2200 716//716 617//617 
f 2189//2189 1664//1664 1941//1941 
f 1792//1792 1569//1569 1757//1757 
f 1963//1963 1556//1556 119//119 
f 554//554 1173//1173 1840//1840 
f 1946//1946 2245//2245 1177//1177 
f 36//36 633//633 553//553 
f 389//389 830//830 47//47 
f 1441//1441 93//93 2071//2071 
f 387//387 1170//1170 869//869 
f 480//480 2100//2100 1881//1881 
f 1161//1161 1305//1305 1222//1222 
f 1897//1897 421//421 518//518 
f 1258//1258 101//101 490//490 
f 1597//1597 1737//1737 1984//1984 
f 919//919 1588//1588 2219//2219 
f 1898//1898 778//778 24//24 
f 1822//1822 53//53 1406//1406 
f 468//468 562//562 424//424 
f 684//684 1605//1605 814//814 
f 101//101 2187//2187 1189//1189 
f 76//76 1986//1986 511//511 
f 2252//2252 1320//1320 557//557 
f 932//932 2309//2309 1687//1687 
f 1360//1360 1262//1262 309//309 
f 29//29 1539//1539 106//106 
f 2155//2155 1098//1098 1238//1238 
f 2046//2046 1110//1110 510//510 
f 30//30 296//296 389//389 
f 918//918 1029//1029 1880//1880 
f 1079//1079 83//83 2250//2250 
f 1829//1829 1956//1956 566//566 
f 2139//2139 1229//1229 1467//1467 
f 544//544 414//414 328//328 
f 370//370 922//922 2197//2197 
f 1964//1964 1770//1770 377//377 
f 1909//1909 715//715 625//625 
f 830//830 1306//1306 542//542 
f 1505//1505 1280//1280 1642//1642 
f 123//123 1476//1476 2122//2122 
f 1870//1870 2252//2252 2107//2107 
f 1666//1666 885//885 104//104 
f 1728//1728 631//631 629//629 
f 886//886 739//739 1219//1219 
f 8//8 89//89 1998//1998 
f 1131//1131 1323//1323 405//405 
f 1395//1395 2113//2113 943//943 
f 2189//2189 1485//1485 1369//1369 
f 1320//1320 27//27 878//878 
f 863//863 2232//2232 1710//1710 
f 769//769 1224//1224 1572//1572 
f 2085//2085 567//567 1677//1677 
f 1824//1824 730//730 965//965 
f 1339//1339 65//65 1068//1068 
f 691//691 1431//1431 700//700 
f 1796//1796 1959//1959 1560//1560 
f 2030//2030 738//738 1833//1833 
f 2211//2211 18//18 1190//1190 
f 1217//1217 590//590 1708//1708 
f 589//589 2200//2200 351//351 
f 649//649 303//303 1282//1282 
f 296//296 81//81 1306//1306 
f 1209//1209 1291//1291 1489//1489 
f 566//566 2229//2229 2007//2007 
f 1413//1413 872//872 1917//1917 
f 510//510 1110//1110 605//605 
f 1312//1312 1083//1083 660//660 
f 1220//1220 1844//1844 958//958 
f 1996//1996 693//693 1399//1399 
f 1757//1757 34//34 1670//1670 
f 1077//1077 639//639 1959//1959 
f 1595//1595 1729//1729 541//541 
f 633//633 36//36 1322//1322 
f 2111//2111 30//30 95//95 
f 1503//1503 16//16 1804//1804 
f 52//52 1026//1026 2103//2103 
f 739//739 36//36 553//553 
f 44//44 1033//1033 788//788 
f 1504//1504 1340//1340 43//43 
f 1840//1840 460//460 554//554 
f 387//387 322//322 1170//1170 
f 1702//1702 623//623 1541//1541 
f 1222//1222 2155//2155 534//534 
f 1580//1580 364//364 1816//1816 
f 96//96 1503//1503 1043//1043 
f 1131//1131 9//9 1323//1323 
f 2248//2248 45//45 2141//2141 
f 711//711 2112//2112 752//752 
f 449//449 547//547 866//866 
f 1057//1057 129//129 1897//1897 
f 430//430 350//350 1229//1229 
f 1095//1095 1693//1693 1826//1826 
f 1738//1738 1298//1298 576//576 
f 1839//1839 522//522 1999//1999 
f 1757//1757 2134//2134 613//613 
f 1281//1281 1418//1418 1269//1269 
f 838//838 319//319 2162//2162 
f 2150//2150 463//463 1861//1861 
f 1689//1689 738//738 2030//2030 
f 1077//1077 1498//1498 639//639 
f 2107//2107 557//557 2155//2155 
f 1520//1520 90//90 773//773 
f 776//776 1399//1399 1205//1205 
f 1650//1650 1003//1003 1180//1180 
f 1407//1407 2019//2019 1869//1869 
f 362//362 1036//1036 108//108 
f 895//895 1258//1258 1961//1961 
f 399//399 838//838 2162//2162 
f 608//608 316//316 1665//1665 
f 1249//1249 69//69 1806//1806 
f 546//546 1792//1792 411//411 
f 1224//1224 1296//1296 1152//1152 
f 2114//2114 696//696 651//651 
f 104//104 119//119 1297//1297 
f 430//430 1229//1229 2162//2162 
f 1749//1749 1176//1176 373//373 
f 2075//2075 552//552 2101//2101 
f 121//121 1951//1951 1152//1152 
f 707//707 943//943 102//102 
f 584//584 540//540 1287//1287 
f 1465//1465 475//475 2027//2027 
f 1515//1515 1714//1714 1601//1601 
f 576//576 2078//2078 1230//1230 
f 2167//2167 1231//1231 813//813 
f 340//340 644//644 2012//2012 
f 2305//2305 515//515 773//773 
f 1399//1399 732//732 1205//1205 
f 1874//1874 1702//1702 333//333 
f 1003//1003 1069//1069 1086//1086 
f 1613//1613 2229//2229 1298//1298 
f 1632//1632 862//862 1022//1022 
f 540//540 1227//1227 1287//1287 
f 2206//2206 1402//1402 767//767 
f 1461//1461 997//997 2089//2089 
f 87//87 1630//1630 2214//2214 
f 1282//1282 402//402 649//649 
f 1104//1104 549//549 632//632 
f 2081//2081 315//315 2196//2196 
f 1193//1193 691//691 32//32 
f 1601//1601 520//520 786//786 
f 651//651 696//696 1583//1583 
f 2250//2250 862//862 1632//1632 
f 85//85 1408//1408 1037//1037 
f 703//703 1510//1510 1960//1960 
f 629//629 404//404 730//730 
f 2074//2074 1738//1738 1181//1181 
f 1164//1164 1220//1220 704//704 
f 1401//1401 1481//1481 2182//2182 
f 2115//2115 2031//2031 1536//1536 
f 1269//1269 1418//1418 1906//1906 
f 2105//2105 1555//1555 1974//1974 
f 1328//1328 1241//1241 2167//2167 
f 1651//1651 1793//1793 1190//1190 
f 1654//1654 707//707 2146//2146 
f 1180//1180 1800//1800 1431//1431 
f 1951//1951 1616//1616 1322//1322 
f 74//74 376//376 605//605 
f 1341//1341 2253//2253 1013//1013 
f 1651//1651 628//628 1793//1793 
f 1872//1872 2248//2248 86//86 
f 576//576 1230//1230 11//11 
f 2141//2141 2008//2008 418//418 
f 8//8 1998//1998 1325//1325 
f 1055//1055 472//472 681//681 
f 2079//2079 558//558 2043//2043 
f 1230//1230 2078//2078 1992//1992 
f 2092//2092 1708//1708 590//590 
f 1518//1518 910//910 1745//1745 
f 1252//1252 1996//1996 1584//1584 
f 944//944 1391//1391 902//902 
f 552//552 1485//1485 970//970 
f 511//511 490//490 2232//2232 
f 1670//1670 483//483 2134//2134 
f 1665//1665 2092//2092 608//608 
f 28//28 2128//2128 92//92 
f 1262//1262 41//41 791//791 
f 377//377 920//920 1727//1727 
f 59//59 2298//2298 64//64 
f 1104//1104 594//594 1328//1328 
f 938//938 2212//2212 1538//1538 
f 1591//1591 558//558 664//664 
f 81//81 1976//1976 1306//1306 
f 1395//1395 690//690 2113//2113 
f 662//662 1708//1708 956//956 
f 2145//2145 68//68 2125//2125 
f 933//933 1704//1704 358//358 
f 350//350 929//929 1252//1252 
f 117//117 2130//2130 1680//1680 
f 523//523 319//319 1112//1112 
f 1597//1597 1984//1984 871//871 
f 660//660 79//79 2105//2105 
f 1584//1584 1996//1996 708//708 
f 296//296 1203//1203 81//81 
f 1661//1661 1477//1477 2241//2241 
f 32//32 691//691 1201//1201 
f 1733//1733 1999//1999 919//919 
f 85//85 1037//1037 2048//2048 
f 402//402 359//359 649//649 
f 1325//1325 72//72 1424//1424 
f 601//601 1273//1273 1969//1969 
f 1710//1710 965//965 730//730 
f 312//312 491//491 1588//1588 
f 31//31 1804//1804 1911//1911 
f 358//358 369//369 71//71 
f 1677//1677 567//567 516//516 
f 348//348 909//909 1682//1682 
f 554//554 1211//1211 1173//1173 
f 1104//1104 632//632 1352//1352 
f 1460//1460 712//712 1283//1283 
f 632//632 549//549 399//399 
f 1941//1941 2310//2310 932//932 
f 2197//2197 1790//1790 339//339 
f 51//51 716//716 1538//1538 
f 1224//1224 13//13 739//739 
f 1183//1183 1434//1434 451//451 
f 389//389 47//47 320//320 
f 2207//2207 2015//2015 1247//1247 
f 1432//1432 1054//1054 60//60 
f 1137//1137 697//697 482//482 
f 2134//2134 2157//2157 1358//1358 
f 869//869 1523//1523 1784//1784 
f 644//644 769//769 1572//1572 
f 1985//1985 1484//1484 488//488 
f 110//110 2235//2235 642//642 
f 2029//2029 1016//1016 2006//2006 
f 10//10 2032//2032 298//298 
f 2014//2014 2171//2171 1692//1692 
f 887//887 2206//2206 1577//1577 
f 2046//2046 380//380 825//825 
f 1526//1526 2082//2082 1312//1312 
f 1800//1800 1202//1202 1431//1431 
f 62//62 873//873 2095//2095 
f 1664//1664 2314//2314 42//42 
f 2146//2146 1303//1303 1684//1684 
f 1642//1642 463//463 1505//1505 
f 33//33 328//328 124//124 
f 1837//1837 542//542 1505//1505 
f 1238//1238 2075//2075 2107//2107 
f 1663//1663 1112//1112 837//837 
f 2171//2171 575//575 446//446 
f 1793//1793 628//628 1303//1303 
f 809//809 449//449 866//866 
f 2103//2103 1424//1424 103//103 
f 2014//2014 1692//1692 113//113 
f 126//126 1961//1961 1986//1986 
f 1713//1713 1289//1289 694//694 
f 2184//2184 1727//1727 742//742 
f 778//778 1931//1931 1046//1046 
f 1808//1808 1980//1980 469//469 
f 1431//1431 1202//1202 681//681 
f 841//841 625//625 2058//2058 
f 1660//1660 475//475 1465//1465 
f 1806//1806 1317//1317 1543//1543 
f 1616//1616 1951//1951 8//8 
f 1307//1307 1083//1083 2244//2244 
f 327//327 1890//1890 1550//1550 
f 996//996 1583//1583 1460//1460 
f 1274//1274 1632//1632 2145//2145 
f 2162//2162 1640//1640 430//430 
f 1510//1510 21//21 1960//1960 
f 1870//1870 1095//1095 2252//2252 
f 944//944 1959//1959 1391//1391 
f 476//476 2029//2029 1182//1182 
f 1880//1880 75//75 1064//1064 
f 1880//1880 1064//1064 1040//1040 
f 1619//1619 772//772 26//26 
f 1777//1777 438//438 380//380 
f 1904//1904 744//744 1426//1426 
f 299//299 442//442 1385//1385 
f 1089//1089 633//633 2092//2092 
f 1488//1488 931//931 82//82 
f 456//456 1802//1802 2058//2058 
f 63//63 667//667 17//17 
f 1911//1911 18//18 1081//1081 
f 1967//1967 909//909 348//348 
f 72//72 2133//2133 1424//1424 
f 1006//1006 1487//1487 1221//1221 
f 738//738 1604//1604 1833//1833 
f 1154//1154 590//590 1217//1217 
f 2232//2232 1964//1964 965//965 
f 1680//1680 2130//2130 673//673 
f 1768//1768 1865//1865 1410//1410 
f 1429//1429 1490//1490 1914//1914 
f 1650//1650 1193//1193 1240//1240 
f 1676//1676 1350//1350 1343//1343 
f 582//582 886//886 1219//1219 
f 1507//1507 1857//1857 2172//2172 
f 2068//2068 1301//1301 729//729 
f 820//820 859//859 1753//1753 
f 562//562 2253//2253 424//424 
f 1168//1168 1985//1985 1644//1644 
f 1322//1322 1152//1152 1951//1951 
f 298//298 2032//2032 1476//1476 
f 76//76 511//511 600//600 
f 2196//2196 962//962 406//406 
f 2084//2084 2141//2141 1518//1518 
f 456//456 2058//2058 2176//2176 
f 1426//1426 1763//1763 781//781 
f 908//908 940//940 2228//2228 
f 599//599 2075//2075 1238//1238 
f 33//33 1413//1413 1246//1246 
f 866//866 547//547 108//108 
f 2125//2125 68//68 1357//1357 
f 770//770 871//871 1984//1984 
f 1385//1385 442//442 1068//1068 
f 1450//1450 650//650 1923//1923 
f 1263//1263 2129//2129 552//552 
f 1432//1432 82//82 461//461 
f 1806//1806 1543//1543 1390//1390 
f 1289//1289 2151//2151 538//538 
f 1247//1247 1086//1086 1069//1069 
f 1790//1790 1248//1248 111//111 
f 523//523 1477//1477 1661//1661 
f 1168//1168 1155//1155 2241//2241 
f 922//922 370//370 2202//2202 
f 1183//1183 451//451 800//800 
f 2007//2007 1746//1746 1768//1768 
f 2092//2092 633//633 608//608 
f 106//106 1536//1536 2031//2031 
f 823//823 849//849 1732//1732 
f 510//510 605//605 1099//1099 
f 1930//1930 841//841 1802//1802 
f 418//418 1340//1340 1518//1518 
f 379//379 1061//1061 1887//1887 
f 39//39 1529//1529 34//34 
f 1307//1307 1960//1960 1083//1083 
f 1392//1392 116//116 346//346 
f 363//363 565//565 1942//1942 
f 1541//1541 623//623 674//674 
f 1924//1924 1873//1873 2238//2238 
f 1969//1969 1273//1273 439//439 
f 498//498 67//67 1357//1357 
f 1831//1831 1457//1457 1856//1856 
f 1536//1536 106//106 1393//1393 
f 594//594 2036//2036 1521//1521 
f 1230//1230 1992//1992 2077//2077 
f 106//106 1539//1539 1393//1393 
f 820//820 387//387 1784//1784 
f 1189//1189 1094//1094 101//101 
f 844//844 698//698 1644//1644 
f 651//651 1840//1840 2114//2114 
f 1380//1380 438//438 1777//1777 
f 65//65 1252//1252 929//929 
f 792//792 457//457 1056//1056 
f 1029//1029 75//75 1880//1880 
f 1717//1717 1620//1620 866//866 
f 1593//1593 553//553 1154//1154 
f 835//835 650//650 577//577 
f 69//69 1317//1317 1806//1806 
f 830//830 296//296 1306//1306 
f 2245//2245 908//908 2228//2228 
f 996//996 1460//1460 575//575 
f 455//455 2068//2068 1786//1786 
f 1022//1022 2150//2150 68//68 
f 2034//2034 320//320 83//83 
f 1408//1408 1706//1706 1037//1037 
f 1461//1461 817//817 930//930 
f 1044//1044 823//823 1732//1732 
f 436//436 1801//1801 769//769 
f 2255//2255 41//41 1262//1262 
f 2157//2157 366//366 920//920 
f 1640//1640 550//550 929//929 
f 1914//1914 1231//1231 2167//2167 
f 568//568 1316//1316 335//335 
f 437//437 1872//1872 794//794 
f 2214//2214 1204//1204 87//87 
f 333//333 1702//1702 1541//1541 
f 1454//1454 100//100 2219//2219 
f 1358//1358 2157//2157 1770//1770 
f 2026//2026 1143//1143 2082//2082 
f 54//54 1//1 12//12 
f 368//368 1164//1164 2251//2251 
f 305//305 1287//1287 1676//1676 
f 80//80 1823//1823 1131//1131 
f 905//905 88//88 555//555 
f 952//952 1594//1594 2114//2114 
f 958//958 1844//1844 914//914 
f 1595//1595 541//541 352//352 
f 1569//1569 1792//1792 546//546 
f 2165//2165 2250//2250 1632//1632 
f 1737//1737 634//634 1492//1492 
f 2187//2187 411//411 603//603 
f 29//29 557//557 1320//1320 
f 6//6 907//907 607//607 
f 1114//1114 1301//1301 1091//1091 
f 1091//1091 1301//1301 476//476 
f 1321//1321 1429//1429 888//888 
f 642//642 887//887 1577//1577 
f 1539//1539 878//878 1877//1877 
f 1629//1629 1556//1556 1963//1963 
f 24//24 1046//1046 799//799 
f 1887//1887 384//384 1507//1507 
f 2248//2248 2141//2141 86//86 
f 58//58 2056//2056 482//482 
f 1706//1706 1603//1603 685//685 
f 1877//1877 1786//1786 729//729 
f 1202//1202 1556//1556 1055//1055 
f 2039//2039 1108//1108 2059//2059 
f 1392//1392 2125//2125 107//107 
f 1651//1651 1190//1190 18//18 
f 700//700 482//482 697//697 
f 2151//2151 663//663 2200//2200 
f 1107//1107 1804//1804 88//88 
f 1333//1333 353//353 1385//1385 
f 1488//1488 82//82 1432//1432 
f 315//315 1645//1645 899//899 
f 1290//1290 39//39 17//17 
f 742//742 1758//1758 978//978 
f 2131//2131 907//907 715//715 
f 1013//1013 1663//1663 503//503 
f 1305//1305 2155//2155 1222//1222 
f 778//778 2144//2144 1931//1931 
f 2026//2026 1211//1211 1143//1143 
f 2224//2224 324//324 1814//1814 
f 849//849 767//767 1710//1710 
f 37//37 1208//1208 2182//2182 
f 2252//2252 27//27 1320//1320 
f 534//534 29//29 106//106 
f 1229//1229 350//350 787//787 
f 1786//1786 305//305 1050//1050 
f 2146//2146 1684//1684 897//897 
f 2230//2230 1825//1825 2173//2173 
f 515//515 1801//1801 436//436 
f 1408//1408 1860//1860 1706//1706 
f 589//589 1281//1281 2200//2200 
f 1258//1258 2187//2187 101//101 
f 1175//1175 44//44 1754//1754 
f 2059//2059 2052//2052 112//112 
f 1339//1339 1996//1996 1252//1252 
f 2115//2115 829//829 9//9 
f 2043//2043 1718//1718 744//744 
f 636//636 1605//1605 1912//1912 
f 1786//1786 1050//1050 455//455 
f 2095//2095 701//701 62//62 
f 1824//1824 116//116 1392//1392 
f 1305//1305 479//479 2155//2155 
f 2059//2059 1108//1108 2052//2052 
f 613//613 2134//2134 1358//1358 
f 2189//2189 1941//1941 932//932 
f 1597//1597 851//851 634//634 
f 2080//2080 568//568 1586//1586 
f 2224//2224 888//888 2234//2234 
f 439//439 1385//1385 1969//1969 
f 1393//1393 1114//1114 49//49 
f 2100//2100 1580//1580 2221//2221 
f 1510//1510 325//325 21//21 
f 788//788 1033//1033 799//799 
f 434//434 1946//1946 348//348 
f 2219//2219 100//100 1151//1151 
f 432//432 1219//1219 1593//1593 
f 393//393 402//402 1993//1993 
f 2103//2103 327//327 2243//2243 
f 6//6 607//607 615//615 
f 1924//1924 359//359 587//587 
f 434//434 908//908 2245//2245 
f 899//899 22//22 80//80 
f 579//579 530//530 331//331 
f 1274//1274 1753//1753 1632//1632 
f 929//929 1969//1969 65//65 
f 59//59 64//64 1968//1968 
f 616//616 1008//1008 1139//1139 
f 2079//2079 2205//2205 558//558 
f 1060//1060 1664//1664 1369//1369 
f 510//510 1099//1099 1777//1777 
f 2038//2038 103//103 2212//2212 
f 1291//1291 1861//1861 1489//1489 
f 488//488 2022//2022 1008//1008 
f 1857//1857 2022//2022 2172//2172 
f 322//322 370//370 1170//1170 
f 428//428 375//375 1796//1796 
f 1320//1320 878//878 1539//1539 
f 1873//1873 1578//1578 19//19 
f 2202//2202 899//899 405//405 
f 940//940 1665//1665 953//953 
f 790//790 1312//1312 2105//2105 
f 1579//1579 676//676 598//598 
f 461//461 934//934 1486//1486 
f 2032//2032 2302//2302 2122//2122 
f 732//732 693//693 1339//1339 
f 76//76 1239//1239 1525//1525 
f 1693//1693 779//779 1826//1826 
f 534//534 557//557 29//29 
f 39//39 1290//1290 1529//1529 
f 1029//1029 1432//1432 60//60 
f 356//356 1007//1007 368//368 
f 1579//1579 976//976 2001//2001 
f 2122//2122 2301//2301 1851//1851 
f 1881//1881 2100//2100 620//620 
f 1406//1406 1208//1208 1822//1822 
f 9//9 1006//1006 1323//1323 
f 830//830 2098//2098 47//47 
f 1560//1560 639//639 2//2 
f 978//978 1758//1758 820//820 
f 1468//1468 384//384 334//334 
f 47//47 2098//2098 2250//2250 
f 1979//1979 1537//1537 905//905 
f 343//343 1043//1043 1162//1162 
f 103//103 2133//2133 1237//1237 
f 60//60 1054//1054 1694//1694 
f 80//80 1128//1128 1823//1823 
f 958//958 525//525 1220//1220 
f 1851//1851 2301//2301 1968//1968 
f 11//11 1738//1738 576//576 
f 2144//2144 1100//1100 1931//1931 
f 707//707 323//323 943//943 
f 487//487 35//35 303//303 
f 919//919 2219//2219 722//722 
f 1424//1424 2133//2133 103//103 
f 2026//2026 2082//2082 1526//1526 
f 1837//1837 463//463 2150//2150 
f 320//320 714//714 95//95 
f 303//303 35//35 1282//1282 
f 704//704 1327//1327 344//344 
f 1857//1857 1468//1468 2022//2022 
f 1956//1956 1734//1734 535//535 
f 2307//2307 90//90 2137//2137 
f 77//77 1060//1060 791//791 
f 1247//1247 1297//1297 1086//1086 
f 1708//1708 2092//2092 2033//2033 
f 2202//2202 370//370 1200//1200 
f 2111//2111 2140//2140 1203//1203 
f 557//557 2107//2107 2252//2252 
f 414//414 2001//2001 1836//1836 
f 2155//2155 557//557 534//534 
f 369//369 1077//1077 1959//1959 
f 1980//1980 1986//1986 1525//1525 
f 123//123 2122//2122 1851//1851 
f 1383//1383 1056//1056 748//748 
f 1189//1189 613//613 1094//1094 
f 1629//1629 1963//1963 1458//1458 
f 1205//1205 1143//1143 1211//1211 
f 1749//1749 956//956 2033//2033 
f 1987//1987 372//372 985//985 
f 1730//1730 1161//1161 2031//2031 
f 556//556 1890//1890 938//938 
f 2162//2162 1661//1661 1640//1640 
f 63//63 84//84 667//667 
f 1112//1112 319//319 838//838 
f 385//385 1993//1993 402//402 
f 1477//1477 523//523 2174//2174 
f 1468//1468 581//581 2022//2022 
f 1906//1906 1062//1062 1807//1807 
f 2113//2113 647//647 571//571 
f 1248//1248 448//448 2140//2140 
f 373//373 908//908 5//5 
f 2185//2185 910//910 383//383 
f 74//74 1050//1050 376//376 
f 2214//2214 819//819 1240//1240 
f 835//835 2227//2227 1944//1944 
f 525//525 669//669 789//789 
f 442//442 299//299 2073//2073 
f 931//931 2160//2160 1660//1660 
f 1271//1271 1454//1454 2219//2219 
f 80//80 1131//1131 405//405 
f 1170//1170 2197//2197 339//339 
f 446//446 1761//1761 2062//2062 
f 2006//2006 448//448 105//105 
f 1021//1021 115//115 1856//1856 
f 1730//1730 652//652 1823//1823 
f 1892//1892 28//28 125//125 
f 633//633 1322//1322 1616//1616 
f 124//124 1196//1196 444//444 
f 1987//1987 1489//1489 997//997 
f 2001//2001 976//976 1717//1717 
f 2093//2093 64//64 114//114 
f 601//601 926//926 1644//1644 
f 390//390 1621//1621 104//104 
f 113//113 1692//1692 1458//1458 
f 375//375 1912//1912 7//7 
f 1727//1727 2184//2184 1964//1964 
f 1694//1694 1993//1993 385//385 
f 58//58 1512//1512 1024//1024 
f 1280//1280 2089//2089 1642//1642 
f 940//940 953//953 2228//2228 
f 516//516 1889//1889 890//890 
f 28//28 12//12 2128//2128 
f 128//128 57//57 51//51 
f 888//888 2131//2131 2234//2234 
f 1153//1153 841//841 1930//1930 
f 2305//2305 1801//1801 515//515 
f 2224//2224 1321//1321 888//888 
f 798//798 897//897 570//570 
f 1814//1814 1321//1321 2224//2224 
f 1431//1431 681//681 1512//1512 
f 2056//2056 1043//1043 343//343 
f 1813//1813 2214//2214 1240//1240 
f 1980//1980 126//126 1986//1986 
f 1923//1923 788//788 1450//1450 
f 1069//1069 2176//2176 2207//2207 
f 1745//1745 1018//1018 669//669 
f 1679//1679 1410//1410 1865//1865 
f 1719//1719 380//380 662//662 
f 748//748 1479//1479 1682//1682 
f 638//638 1191//1191 1467//1467 
f 1357//1357 1291//1291 498//498 
f 2303//2303 2032//2032 10//10 
f 1992//1992 2078//2078 1897//1897 
f 1858//1858 507//507 366//366 
f 1196//1196 124//124 324//324 
f 2206//2206 823//823 2070//2070 
f 586//586 2040//2040 2224//2224 
f 1229//1229 787//787 1467//1467 
f 1629//1629 1979//1979 905//905 
f 1951//1951 89//89 8//8 
f 823//823 20//20 2070//2070 
f 837//837 1549//1549 1988//1988 
f 1258//1258 490//490 511//511 
f 2066//2066 835//835 1944//1944 
f 1404//1404 1333//1333 439//439 
f 922//922 1690//1690 2197//2197 
f 2093//2093 1892//1892 1237//1237 
f 89//89 121//121 1968//1968 
f 1592//1592 40//40 518//518 
f 376//376 48//48 1099//1099 
f 1162//1162 530//530 579//579 
f 1321//1321 1490//1490 1429//1429 
f 907//907 1241//1241 607//607 
f 614//614 2360//2360 10//10 
f 1801//1801 10//10 298//298 
f 435//435 1062//1062 1906//1906 
f 1836//1836 1036//1036 2076//2076 
f 53//53 1060//1060 1369//1369 
f 375//375 7//7 1796//1796 
f 2136//2136 2019//2019 1407//1407 
f 851//851 1802//1802 456//456 
f 2078//2078 1894//1894 1897//1897 
f 1629//1629 905//905 472//472 
f 565//565 487//487 1942//1942 
f 944//944 902//902 336//336 
f 2185//2185 342//342 1018//1018 
f 2228//2228 953//953 386//386 
f 1664//1664 42//42 1941//1941 
f 1974//1974 514//514 1498//1498 
f 1732//1732 631//631 1171//1171 
f 1450//1450 788//788 1046//1046 
f 2101//2101 1870//1870 2107//2107 
f 393//393 359//359 402//402 
f 907//907 1429//1429 1241//1241 
f 1479//1479 1749//1749 373//373 
f 1924//1924 1578//1578 1873//1873 
f 85//85 1880//1880 1408//1408 
f 562//562 453//453 832//832 
f 1858//1858 366//366 483//483 
f 2062//2062 1303//1303 1537//1537 
f 1152//1152 123//123 1851//1851 
f 1976//1976 792//792 2179//2179 
f 1974//1974 1704//1704 933//933 
f 1341//1341 424//424 2253//2253 
f 24//24 799//799 94//94 
f 1708//1708 2033//2033 956//956 
f 1139//1139 2161//2161 2085//2085 
f 2300//2300 59//59 1968//1968 
f 334//334 1061//1061 1720//1720 
f 1111//1111 472//472 555//555 
f 1577//1577 2206//2206 2070//2070 
f 45//45 1679//1679 1831//1831 
f 1836//1836 2001//2001 1036//1036 
f 325//325 1508//1508 21//21 
f 2075//2075 2101//2101 2107//2107 
f 2211//2211 571//571 927//927 
f 503//503 1231//1231 1013//1013 
f 1555//1555 79//79 1508//1508 
f 955//955 1894//1894 2147//2147 
f 1749//1749 457//457 956//956 
f 1591//1591 94//94 1718//1718 
f 1043//1043 1503//1503 1162//1162 
f 2095//2095 2238//2238 701//701 
f 116//116 1439//1439 1617//1617 
f 597//597 107//107 1728//1728 
f 1330//1330 722//722 1939//1939 
f 1033//1033 44//44 1175//1175 
f 1737//1737 1597//1597 634//634 
f 835//835 577//577 2227//2227 
f 770//770 710//710 871//871 
f 113//113 1458//1458 1963//1963 
f 1401//1401 475//475 2160//2160 
f 1246//1246 328//328 33//33 
f 1677//1677 1139//1139 2085//2085 
f 1690//1690 1790//1790 2197//2197 
f 1008//1008 2161//2161 1139//1139 
f 728//728 514//514 1555//1555 
f 2241//2241 1155//1155 635//635 
f 1968//1968 1998//1998 89//89 
f 444//444 33//33 124//124 
f 799//799 1033//1033 94//94 
f 1988//1988 1549//1549 549//549 
f 386//386 953//953 694//694 
f 2196//2196 2202//2202 962//962 
f 444//444 1196//1196 2040//2040 
f 1802//1802 851//851 1597//1597 
f 2022//2022 488//488 2172//2172 
f 567//567 1889//1889 516//516 
f 1630//1630 1544//1544 819//819 
f 2200//2200 663//663 1400//1400 
f 698//698 601//601 1644//1644 
f 2040//2040 1196//1196 2224//2224 
f 43//43 1709//1709 804//804 
f 541//541 2073//2073 1288//1288 
f 24//24 778//778 1046//1046 
f 1142//1142 1594//1594 2130//2130 
f 1176//1176 940//940 908//908 
f 1139//1139 1677//1677 844//844 
f 449//449 809//809 1448//1448 
f 7//7 1256//1256 902//902 
f 102//102 943//943 571//571 
f 2234//2234 2131//2131 1909//1909 
f 667//667 1290//1290 17//17 
f 829//829 49//49 1487//1487 
f 582//582 1572//1572 886//886 
f 891//891 1544//1544 816//816 
f 1328//1328 813//813 1988//1988 
f 1239//1239 2206//2206 1525//1525 
f 56//56 935//935 2095//2095 
f 832//832 1604//1604 562//562 
f 1525//1525 887//887 1980//1980 
f 1107//1107 1651//1651 18//18 
f 1057//1057 1246//1246 55//55 
f 1763//1763 1204//1204 781//781 
f 1202//1202 1055//1055 681//681 
f 1297//1297 119//119 1556//1556 
f 809//809 1502//1502 1448//1448 
f 2066//2066 788//788 1923//1923 
f 1734//1734 955//955 2147//2147 
f 1734//1734 2147//2147 535//535 
f 1203//1203 296//296 30//30 
f 2253//2253 1663//1663 1013//1013 
f 1256//1256 1912//1912 684//684 
f 1603//1603 1316//1316 1481//1481 
f 1604//1604 2136//2136 1407//1407 
f 821//821 2248//2248 1872//1872 
f 97//97 1401//1401 1488//1488 
f 1655//1655 2214//2214 326//326 
f 787//787 785//785 1467//1467 
f 2074//2074 1181//1181 1100//1100 
f 394//394 1395//1395 786//786 
f 2100//2100 480//480 2014//2014 
f 600//600 863//863 1402//1402 
f 1188//1188 530//530 1911//1911 
f 2196//2196 315//315 899//899 
f 66//66 1401//1401 2182//2182 
f 1840//1840 651//651 460//460 
f 1768//1768 1746//1746 1865//1865 
f 1621//1621 2014//2014 113//113 
f 78//78 2024//2024 1434//1434 
f 1306//1306 2179//2179 1505//1505 
f 2080//2080 309//309 1262//1262 
f 666//666 1689//1689 415//415 
f 1569//1569 39//39 34//34 
f 698//698 572//572 1273//1273 
f 2136//2136 1623//1623 2019//2019 
f 1318//1318 1330//1330 1939//1939 
f 1318//1318 901//901 1330//1330 
f 638//638 785//785 364//364 
f 2056//2056 343//343 1788//1788 
f 1734//1734 481//481 1702//1702 
f 1860//1860 1983//1983 621//621 
f 2252//2252 1826//1826 27//27 
f 1208//1208 2027//2027 475//475 
f 635//635 926//926 2241//2241 
f 1176//1176 1665//1665 940//940 
f 1422//1422 2139//2139 2051//2051 
f 1221//1221 922//922 1323//1323 
f 582//582 2012//2012 1572//1572 
f 2182//2182 1316//1316 531//531 
f 364//364 785//785 708//708 
f 2052//2052 1578//1578 112//112 
f 1661//1661 926//926 550//550 
f 1736//1736 885//885 2015//2015 
f 1273//1273 572//572 516//516 
f 2212//2212 128//128 1538//1538 
f 816//816 1754//1754 891//891 
f 1498//1498 1668//1668 1725//1725 
f 638//638 78//78 1434//1434 
f 607//607 1328//1328 984//984 
f 601//601 698//698 1273//1273 
f 631//631 404//404 629//629 
f 2187//2187 1258//1258 895//895 
f 1111//1111 555//555 16//16 
f 951//951 666//666 415//415 
f 2001//2001 1717//1717 1036//1036 
f 1111//1111 1024//1024 127//127 
f 638//638 364//364 78//78 
f 581//581 1807//1807 626//626 
f 346//346 116//116 1617//1617 
f 421//421 674//674 518//518 
f 2131//2131 715//715 1909//1909 
f 2112//2112 615//615 1345//1345 
f 584//584 305//305 1877//1877 
f 933//933 2105//2105 1974//1974 
f 432//432 1380//1380 1343//1343 
f 2022//2022 581//581 626//626 
f 1120//1120 985//985 623//623 
f 1401//1401 2160//2160 1488//1488 
f 1007//1007 1844//1844 1220//1220 
f 1413//1413 109//109 1147//1147 
f 1208//1208 475//475 66//66 
f 2160//2160 475//475 1660//1660 
f 1543//1543 684//684 740//740 
f 607//607 984//984 1345//1345 
f 97//97 1488//1488 2048//2048 
f 1679//1679 1865//1865 1831//1831 
f 1208//1208 66//66 2182//2182 
f 1238//1238 2107//2107 2155//2155 
f 2147//2147 1894//1894 2078//2078 
f 2101//2101 1051//1051 1870//1870 
f 859//859 2165//2165 1753//1753 
f 1098//1098 479//479 1660//1660 
f 1358//1358 1770//1770 1094//1094 
f 2033//2033 2092//2092 1665//1665 
f 2008//2008 1340//1340 418//418 
f 1652//1652 1061//1061 379//379 
f 786//786 520//520 394//394 
f 2082//2082 964//964 2244//2244 
f 390//390 1183//1183 800//800 
f 129//129 1992//1992 1897//1897 
f 1816//1816 554//554 460//460 
f 469//469 642//642 2235//2235 
f 2007//2007 2229//2229 1746//1746 
f 2048//2048 918//918 85//85 
f 1931//1931 109//109 1046//1046 
f 498//498 481//481 1734//1734 
f 2230//2230 1863//1863 856//856 
f 1033//1033 1175//1175 1718//1718 
f 1339//1339 442//442 1729//1729 
f 2219//2219 1151//1151 1515//1515 
f 1868//1868 1839//1839 1733//1733 
f 1273//1273 1404//1404 439//439 
f 1433//1433 715//715 6//6 
f 1898//1898 94//94 1591//1591 
f 1792//1792 1757//1757 613//613 
f 2173//2173 790//790 933//933 
f 1720//1720 2151//2151 1468//1468 
f 2140//2140 1243//1243 1011//1011 
f 1298//1298 2074//2074 1457//1457 
f 380//380 438//438 1217//1217 
f 1170//1170 370//370 2197//2197 
f 1944//1944 2227//2227 770//770 
f 2230//2230 2173//2173 1863//1863 
f 1024//1024 16//16 96//96 
f 951//951 1177//1177 379//379 
f 1580//1580 1816//1816 2221//2221 
f 13//13 1224//1224 1152//1152 
f 369//369 944//944 71//71 
f 1828//1828 116//116 1824//1824 
f 1660//1660 1465//1465 599//599 
f 2019//2019 1484//1484 1869//1869 
f 649//649 359//359 935//935 
f 1712//1712 129//129 55//55 
f 1880//1880 1040//1040 1408//1408 
f 2015//2015 1666//1666 1247//1247 
f 1054//1054 2039//2039 1694//1694 
f 479//479 1098//1098 2155//2155 
f 885//885 390//390 104//104 
f 522//522 117//117 1680//1680 
f 1679//1679 45//45 2248//2248 
f 2087//2087 1095//1095 1870//1870 
f 2103//2103 2038//2038 327//327 
f 1515//1515 1186//1186 1714//1714 
f 1515//1515 1151//1151 1186//1186 
f 1352//1352 426//426 1422//1422 
f 1154//1154 1089//1089 590//590 
f 1840//1840 2026//2026 2114//2114 
f 58//58 1024//1024 2056//2056 
f 124//124 328//328 1836//1836 
f 1897//1897 518//518 1057//1057 
f 2024//2024 364//364 1580//1580 
f 120//120 1171//1171 1768//1768 
f 1979//1979 2062//2062 1537//1537 
f 2211//2211 927//927 1081//1081 
f 804//804 1898//1898 1255//1255 
f 1204//1204 2214//2214 1655//1655 
f 915//915 1557//1557 875//875 
f 1095//1095 1826//1826 2252//2252 
f 930//930 2177//2177 1502//1502 
f 779//779 1520//1520 1227//1227 
f 1863//1863 358//358 856//856 
f 110//110 642//642 1577//1577 
f 1800//1800 1297//1297 1202//1202 
f 1458//1458 1979//1979 1629//1629 
f 1265//1265 73//73 710//710 
f 70//70 732//732 1729//1729 
f 1560//1560 1959//1959 639//639 
f 436//436 644//644 340//340 
f 2012//2012 1520//1520 340//340 
f 1796//1796 1391//1391 1959//1959 
f 1492//1492 634//634 1003//1003 
f 575//575 1945//1945 446//446 
f 1385//1385 353//353 721//721 
f 32//32 1240//1240 1193//1193 
f 623//623 985//985 598//598 
f 1275//1275 1396//1396 2071//2071 
f 1802//1802 841//841 2058//2058 
f 1629//1629 472//472 1055//1055 
f 2077//2077 11//11 1230//1230 
f 708//708 1996//1996 618//618 
f 1826//1826 540//540 27//27 
f 1505//1505 542//542 1306//1306 
f 444//444 1413//1413 33//33 
f 1573//1573 1917//1917 2040//2040 
f 1296//1296 1476//1476 123//123 
f 1872//1872 2084//2084 794//794 
f 1400//1400 25//25 2200//2200 
f 1263//1263 2027//2027 2129//2129 
f 428//428 1796//1796 1560//1560 
f 1175//1175 1763//1763 1426//1426 
f 2077//2077 1992//1992 1712//1712 
f 1542//1542 483//483 1670//1670 
f 1083//1083 1960//1960 660//660 
f 707//707 1654//1654 323//323 
f 2230//2230 856//856 69//69 
f 909//909 1606//1606 1682//1682 
f 1086//1086 1800//1800 1180//1180 
f 1007//1007 38//38 1844//1844 
f 869//869 339//339 1523//1523 
f 1763//1763 87//87 1204//1204 
f 111//111 2111//2111 714//714 
f 1205//1205 732//732 70//70 
f 115//115 1340//1340 2008//2008 
f 992//992 977//977 952//952 
f 71//71 336//336 1317//1317 
f 2114//2114 992//992 952//952 
f 1170//1170 339//339 869//869 
f 2173//2173 1825//1825 1530//1530 
f 1650//1650 1492//1492 1003//1003 
f 1089//1089 1154//1154 553//553 
f 1620//1620 809//809 866//866 
f 1584//1584 708//708 787//787 
f 1147//1147 1712//1712 1413//1413 
f 1583//1583 996//996 620//620 
f 1290//1290 84//84 363//363 
f 1024//1024 96//96 2056//2056 
f 1578//1578 2052//2052 1161//1161 
f 1956//1956 498//498 1734//1734 
f 696//696 2114//2114 1594//1594 
f 1337//1337 1736//1736 2015//2015 
f 60//60 1694//1694 14//14 
f 1498//1498 1077//1077 1704//1704 
f 821//821 1679//1679 2248//2248 
f 1869//1869 2069//2069 2174//2174 
f 1391//1391 1796//1796 902//902 
f 1021//1021 1457//1457 2074//2074 
f 1996//1996 1399//1399 618//618 
f 1142//1142 867//867 1594//1594 
f 399//399 2162//2162 1229//1229 
f 2308//2308 2137//2137 1687//1687 
f 708//708 618//618 1816//1816 
f 12//12 1//1 2128//2128 
f 112//112 1924//1924 587//587 
f 95//95 389//389 320//320 
f 1604//1604 1407//1407 2253//2253 
f 2227//2227 577//577 1265//1265 
f 2087//2087 1870//1870 1051//1051 
f 813//813 503//503 837//837 
f 905//905 1537//1537 88//88 
f 1231//1231 1341//1341 1013//1013 
f 299//299 1385//1385 721//721 
f 2030//2030 1833//1833 547//547 
f 985//985 1502//1502 1620//1620 
f 64//64 2355//2355 114//114 
f 2021//2021 985//985 372//372 
f 676//676 1592//1592 674//674 
f 15//15 1219//1219 432//432 
f 1077//1077 369//369 1704//1704 
f 1616//1616 8//8 1325//1325 
f 1312//1312 2082//2082 1083//1083 
f 1523//1523 2034//2034 1784//1784 
f 1289//1289 386//386 694//694 
f 43//43 115//115 1709//1709 
f 930//930 2021//2021 91//91 
f 776//776 1211//1211 554//554 
f 1745//1745 2185//2185 1018//1018 
f 693//693 1996//1996 1339//1339 
f 918//918 2048//2048 1488//1488 
f 660//660 21//21 79//79 
f 1892//1892 2295//2295 659//659 
f 110//110 821//821 1872//1872 
f 2105//2105 1312//1312 660//660 
f 296//296 830//830 389//389 
f 992//992 1526//1526 977//977 
f 43//43 804//804 1929//1929 
f 711//711 615//615 2112//2112 
f 838//838 549//549 1549//1549 
f 41//41 77//77 791//791 
f 1164//1164 368//368 1007//1007 
f 2196//2196 899//899 2202//2202 
f 1208//1208 1406//1406 2129//2129 
f 1340//1340 1504//1504 1518//1518 
f 460//460 651//651 1583//1583 
f 2093//2093 2296//2296 1892//1892 
f 673//673 1329//1329 1825//1825 
f 531//531 37//37 2182//2182 
f 625//625 715//715 1433//1433 
f 1177//1177 880//880 1652//1652 
f 1107//1107 18//18 1911//1911 
f 1984//1984 1737//1737 1544//1544 
f 1095//1095 1326//1326 630//630 
f 1008//1008 616//616 488//488 
f 1702//1702 1120//1120 623//623 
f 738//738 1623//1623 2136//2136 
f 340//340 515//515 436//436 
f 565//565 1278//1278 35//35 
f 849//849 1710//1710 1732//1732 
f 1939//1939 1515//1515 1601//1601 
f 2139//2139 1191//1191 2051//2051 
f 952//952 2130//2130 1594//1594 
f 1201//1201 1810//1810 1813//1813 
f 1263//1263 552//552 2075//2075 
f 1710//1710 2232//2232 965//965 
f 1831//1831 1856//1856 2008//2008 
f 1128//1128 1730//1730 1823//1823 
f 1461//1461 909//909 817//817 
f 2245//2245 880//880 1177//1177 
f 1467//1467 785//785 638//638 
f 1754//1754 816//816 1763//1763 
f 1209//1209 1987//1987 1120//1120 
f 1530//1530 1526//1526 790//790 
f 2082//2082 1143//1143 964//964 
f 819//819 1650//1650 1240//1240 
f 1248//1248 2140//2140 2111//2111 
f 1191//1191 638//638 2051//2051 
f 817//817 2177//2177 930//930 
f 606//606 74//74 1016//1016 
f 350//350 1584//1584 787//787 
f 1211//1211 776//776 1205//1205 
f 1448//1448 415//415 449//449 
f 875//875 697//697 1137//1137 
f 540//540 779//779 1227//1227 
f 698//698 844//844 572//572 
f 1173//1173 2026//2026 1840//1840 
f 1203//1203 1011//1011 81//81 
f 5//5 434//434 1682//1682 
f 779//779 1693//1693 1520//1520 
f 954//954 1422//1422 2051//2051 
f 1986//1986 1258//1258 511//511 
f 1200//1200 322//322 962//962 
f 22//22 1128//1128 80//80 
f 1137//1137 482//482 1788//1788 
f 652//652 2031//2031 2115//2115 
f 914//914 794//794 2084//2084 
f 2062//2062 1979//1979 1692//1692 
f 324//324 1836//1836 2076//2076 
f 1810//1810 1201//1201 875//875 
f 27//27 540//540 584//584 
f 2079//2079 2043//2043 744//744 
f 2162//2162 319//319 1661//1661 
f 2036//2036 1422//1422 505//505 
f 2076//2076 832//832 453//453 
f 1280//1280 1383//1383 2089//2089 
f 1180//1180 1431//1431 1193//1193 
f 1974//1974 1498//1498 1704//1704 
f 1543//1543 1256//1256 684//684 
f 2056//2056 1788//1788 482//482 
f 1976//1976 1011//1011 2046//2046 
f 1287//1287 1227//1227 1350//1350 
f 1894//1894 1541//1541 421//421 
f 1822//1822 1208//1208 37//37 
f 1396//1396 1142//1142 2130//2130 
f 781//781 1204//1204 1655//1655 
f 414//414 1836//1836 328//328 
f 2243//2243 327//327 1550//1550 
f 772//772 1326//1326 2087//2087 
f 393//393 2059//2059 587//587 
f 931//931 1660//1660 934//934 
f 1044//1044 120//120 1410//1410 
f 1999//1999 522//522 99//99 
f 96//96 1043//1043 2056//2056 
f 804//804 1255//1255 1929//1929 
f 1544//1544 1630//1630 816//816 
f 613//613 1358//1358 1094//1094 
f 373//373 5//5 1479//1479 
f 631//631 1829//1829 1171//1171 
f 576//576 2229//2229 2078//2078 
f 19//19 1578//1578 1161//1161 
f 958//958 914//914 669//669 
f 639//639 1725//1725 2//2 
f 1517//1517 1869//1869 2174//2174 
f 867//867 696//696 1594//1594 
f 984//984 1521//1521 1345//1345 
f 2103//2103 103//103 2038//2038 
f 79//79 1555//1555 2105//2105 
f 571//571 118//118 927//927 
f 608//608 1616//1616 1026//1026 
f 1993//1993 2059//2059 393//393 
f 1808//1808 38//38 1007//1007 
f 1961//1961 1258//1258 1986//1986 
f 673//673 1806//1806 1680//1680 
f 1550//1550 1713//1713 694//694 
f 62//62 701//701 1645//1645 
f 124//124 1836//1836 324//324 
f 1352//1352 1422//1422 2036//2036 
f 323//323 1395//1395 943//943 
f 1252//1252 65//65 1339//1339 
f 951//951 46//46 1967//1967 
f 118//118 1338//1338 927//927 
f 962//962 387//387 1758//1758 
f 56//56 1942//1942 487//487 
f 1099//1099 48//48 1777//1777 
f 1807//1807 1636//1636 626//626 
f 1929//1929 1504//1504 43//43 
f 1395//1395 394//394 690//690 
f 62//62 1645//1645 1228//1228 
f 71//71 944//944 336//336 
f 1753//1753 2165//2165 1632//1632 
f 964//964 1143//1143 355//355 
f 1577//1577 821//821 110//110 
f 2250//2250 2098//2098 862//862 
f 631//631 1728//1728 1829//1829 
f 472//472 905//905 555//555 
f 522//522 2071//2071 1396//1396 
f 914//914 1844//1844 2235//2235 
f 1554//1554 1149//1149 873//873 
f 1265//1265 586//586 2234//2234 
f 970//970 1051//1051 2101//2101 
f 1095//1095 630//630 1693//1693 
f 1461//1461 930//930 91//91 
f 630//630 90//90 1693//1693 
f 701//701 1873//1873 1128//1128 
f 111//111 1248//1248 2111//2111 
f 2103//2103 2243//2243 52//52 
f 50//50 1793//1793 2146//2146 
f 1689//1689 1623//1623 738//738 
f 673//673 1249//1249 1806//1806 
f 649//649 56//56 303//303 
f 1006//1006 1221//1221 1323//1323 
f 1831//1831 1865//1865 1613//1613 
f 1326//1326 1095//1095 2087//2087 
f 618//618 776//776 554//554 
f 685//685 97//97 1037//1037 
f 1249//1249 2230//2230 69//69 
f 1573//1573 586//586 577//577 
f 1706//1706 1860//1860 621//621 
f 553//553 633//633 1089//1089 
f 364//364 708//708 1816//1816 
f 1017//1017 56//56 2095//2095 
f 1592//1592 518//518 674//674 
f 1022//1022 68//68 2145//2145 
f 2073//2073 541//541 1729//1729 
f 2024//2024 1580//1580 2100//2100 
f 1569//1569 34//34 1757//1757 
f 2151//2151 1269//1269 1906//1906 
f 819//819 1544//1544 1737//1737 
f 1680//1680 1806//1806 1390//1390 
f 355//355 1205//1205 70//70 
f 326//326 1810//1810 1557//1557 
f 617//617 351//351 2200//2200 
f 1022//1022 862//862 2150//2150 
f 1881//1881 620//620 996//996 
f 334//334 1720//1720 1468//1468 
f 100//100 1186//1186 1151//1151 
f 1498//1498 514//514 1668//1668 
f 1750//1750 1149//1149 1542//1542 
f 1931//1931 1181//1181 109//109 
f 2080//2080 531//531 568//568 
f 2130//2130 1329//1329 673//673 
f 355//355 1143//1143 1205//1205 
f 1503//1503 1804//1804 31//31 
f 457//457 1749//1749 1479//1479 
f 1173//1173 1211//1211 2026//2026 
f 1713//1713 1890//1890 1400//1400 
f 1448//1448 46//46 415//415 
f 1468//1468 2151//2151 581//581 
f 1654//1654 570//570 1868//1868 
f 1383//1383 717//717 2089//2089 
f 552//552 970//970 2101//2101 
f 415//415 1689//1689 2030//2030 
f 816//816 1630//1630 1763//1763 
f 2244//2244 355//355 1595//1595 
f 38//38 2235//2235 1844//1844 
f 2187//2187 603//603 1189//1189 
f 525//525 789//789 704//704 
f 1719//1719 956//956 457//457 
f 2232//2232 490//490 1964//1964 
f 663//663 2151//2151 1289//1289 
f 1520//1520 773//773 340//340 
f 61//61 919//919 722//722 
f 384//384 1468//1468 1857//1857 
f 319//319 523//523 1661//1661 
f 458//458 1904//1904 1426//1426 
f 977//977 1526//1526 1530//1530 
f 516//516 1404//1404 1273//1273 
f 25//25 716//716 2200//2200 
f 1410//1410 120//120 1768//1768 
f 335//335 1316//1316 1603//1603 
f 1162//1162 1503//1503 530//530 
f 786//786 1395//1395 1318//1318 
f 632//632 399//399 2139//2139 
f 1107//1107 1035//1035 1651//1651 
f 1318//1318 1395//1395 323//323 
f 1182//1182 105//105 1690//1690 
f 1706//1706 685//685 1037//1037 
f 964//964 355//355 2244//2244 
f 1275//1275 1142//1142 1396//1396 
f 102//102 50//50 707//707 
f 649//649 935//935 56//56 
f 2167//2167 813//813 1328//1328 
f 1945//1945 1283//1283 897//897 
f 549//549 838//838 399//399 
f 1768//1768 1829//1829 2007//2007 
f 794//794 914//914 437//437 
f 1399//1399 693//693 732//732 
f 26//26 1051//1051 970//970 
f 1227//1227 1520//1520 2012//2012 
f 1577//1577 2070//2070 821//821 
f 577//577 586//586 1265//1265 
f 1518//1518 1504//1504 910//910 
f 1583//1583 696//696 867//867 
f 823//823 2206//2206 767//767 
f 738//738 2136//2136 1604//1604 
f 1099//1099 605//605 376//376 
f 1623//1623 1689//1689 465//465 
f 1083//1083 2082//2082 2244//2244 
f 891//891 1754//1754 2066//2066 
f 1291//1291 2150//2150 1861//1861 
f 48//48 1343//1343 1777//1777 
f 704//704 789//789 1327//1327 
f 856//856 358//358 71//71 
f 1390//1390 1336//1336 491//491 
f 919//919 1999//1999 312//312 
f 1829//1829 566//566 2007//2007 
f 1149//1149 2095//2095 873//873 
f 1017//1017 2095//2095 1149//1149 
f 1176//1176 2033//2033 1665//1665 
f 453//453 562//562 468//468 
f 562//562 1604//1604 2253//2253 
f 48//48 1676//1676 1343//1343 
f 1541//1541 674//674 421//421 
f 13//13 1152//1152 1322//1322 
f 1985//1985 616//616 844//844 
f 2012//2012 644//644 1572//1572 
f 99//99 1680//1680 1390//1390 
f 312//312 1999//1999 99//99 
f 599//599 1465//1465 2027//2027 
f 12//12 2292//2292 54//54 
f 1317//1317 336//336 1543//1543 
f 376//376 1050//1050 1676//1676 
f 1431//1431 1512//1512 700//700 
f 823//823 1044//1044 20//20 
f 2074//2074 1100//1100 2144//2144 
f 1530//1530 790//790 2173//2173 
f 1011//1011 1243//1243 2046//2046 
f 1017//1017 1942//1942 56//56 
f 2174//2174 1112//1112 1663//1663 
f 99//99 522//522 1680//1680 
f 1458//1458 1692//1692 1979//1979 
f 910//910 1504//1504 1929//1929 
f 2140//2140 1011//1011 1203//1203 
f 1583//1583 867//867 712//712 
f 2139//2139 1467//1467 1191//1191 
f 1345//1345 1337//1337 2112//2112 
f 109//109 1917//1917 1450//1450 
f 684//684 1912//1912 1605//1605 
f 1291//1291 481//481 498//498 
f 1153//1153 73//73 1909//1909 
f 939//939 2196//2196 406//406 
f 1660//1660 1238//1238 1098//1098 
f 2006//2006 2140//2140 448//448 
f 1605//1605 1085//1085 1271//1271 
f 1621//1621 113//113 1963//1963 
f 1592//1592 1579//1579 2001//2001 
f 1434//1434 2024//2024 451//451 
f 1833//1833 362//362 108//108 
f 714//714 2111//2111 95//95 
f 910//910 2185//2185 1745//1745 
f 662//662 1217//1217 1708//1708 
f 770//770 2227//2227 710//710 
f 1606//1606 909//909 1461//1461 
f 1988//1988 813//813 837//837 
f 2177//2177 1967//1967 1448//1448 
f 956//956 1719//1719 662//662 
f 1228//1228 1645//1645 315//315 
f 1332//1332 1164//1164 704//704 
f 717//717 1461//1461 2089//2089 
f 1481//1481 97//97 685//685 
f 1406//1406 53//53 1485//1485 
f 1081//1081 1428//1428 1188//1188 
f 1709//1709 115//115 1021//1021 
f 1939//1939 722//722 1515//1515 
f 363//363 1149//1149 1750//1750 
f 814//814 1605//1605 1271//1271 
f 549//549 1104//1104 1988//1988 
f 1588//1588 1271//1271 2219//2219 
f 1693//1693 90//90 1520//1520 
f 1538//1538 716//716 25//25 
f 426//426 632//632 2139//2139 
f 2251//2251 1164//1164 1332//1332 
f 1057//1057 544//544 1246//1246 
f 1894//1894 333//333 1541//1541 
f 350//350 1252//1252 1584//1584 
f 1487//1487 476//476 1182//1182 
f 1985//1985 844//844 1644//1644 
f 26//26 772//772 2087//2087 
f 1687//1687 772//772 1619//1619 
f 491//491 1336//1336 1588//1588 
f 2211//2211 1190//1190 102//102 
f 102//102 1190//1190 50//50 
f 406//406 1758//1758 742//742 
f 67//67 498//498 1956//1956 
f 1542//1542 1858//1858 483//483 
f 1056//1056 457//457 1479//1479 
f 1909//1909 73//73 2234//2234 
f 1369//1369 1664//1664 2189//2189 
f 550//550 1969//1969 929//929 
f 935//935 359//359 1924//1924 
f 1112//1112 838//838 1549//1549 
f 530//530 1188//1188 331//331 
f 2200//2200 1281//1281 1269//1269 
f 669//669 2084//2084 1745//1745 
f 74//74 605//605 1016//1016 
f 1164//1164 1007//1007 1220//1220 
f 629//629 730//730 1824//1824 
f 2207//2207 711//711 752//752 
f 2051//2051 1434//1434 1183//1183 
f 1929//1929 1255//1255 383//383 
f 1881//1881 996//996 575//575 
f 825//825 1719//1719 792//792 
f 36//36 13//13 1322//1322 
f 1060//1060 53//53 1822//1822 
f 1298//1298 2229//2229 576//576 
f 1350//1350 15//15 1343//1343 
f 362//362 1833//1833 832//832 
f 376//376 1676//1676 48//48 
f 468//468 1341//1341 1490//1490 
f 829//829 1487//1487 1006//1006 
f 1332//1332 704//704 344//344 
f 1713//1713 1400//1400 663//663 
f 2221//2221 1816//1816 460//460 
f 634//634 851//851 456//456 
f 1676//1676 1050//1050 305//305 
f 1161//1161 1222//1222 2031//2031 
f 2211//2211 102//102 571//571 
f 717//717 1606//1606 1461//1461 
f 1652//1652 538//538 1720//1720 
f 970//970 1485//1485 2189//2189 
f 1439//1439 122//122 1617//1617 
f 2129//2129 1406//1406 1485//1485 
f 372//372 997//997 91//91 
f 1734//1734 1702//1702 1874//1874 
f 2006//2006 1016//1016 1243//1243 
f 1108//1108 1486//1486 2052//2052 
f 386//386 1289//1289 880//880 
f 952//952 977//977 1329//1329 
f 1455//1455 2095//2095 935//935 
f 323//323 1654//1654 901//901 
f 756//756 507//507 939//939 
f 939//939 507//507 2081//2081 
f 1239//1239 1402//1402 2206//2206 
f 1544//1544 1944//1944 1984//1984 
f 2202//2202 1200//1200 962//962 
f 1337//1337 2015//2015 2112//2112 
f 2171//2171 1881//1881 575//575 
f 366//366 507//507 756//756 
f 93//93 1275//1275 2071//2071 
f 669//669 914//914 2084//2084 
f 1530//1530 1329//1329 977//977 
f 556//556 938//938 1538//1538 
f 1792//1792 603//603 411//411 
f 885//885 1666//1666 2015//2015 
f 359//359 393//393 587//587 
f 1220//1220 525//525 704//704 
f 2066//2066 1923//1923 835//835 
f 1057//1057 518//518 40//40 
f 468//468 424//424 1341//1341 
f 710//710 1930//1930 871//871 
f 2219//2219 1515//1515 722//722 
f 1079//1079 2034//2034 83//83 
f 1976//1976 2046//2046 825//825 
f 1120//1120 1987//1987 985//985 
f 1181//1181 1738//1738 2077//2077 
f 1738//1738 11//11 2077//2077 
f 366//366 2134//2134 483//483 
f 522//522 1396//1396 117//117 
f 480//480 2171//2171 2014//2014 
f 792//792 1719//1719 457//457 
f 2084//2084 1518//1518 1745//1745 
f 659//659 2293//2293 12//12 
f 926//926 1661//1661 2241//2241 
f 1432//1432 1029//1029 918//918 
f 1336//1336 814//814 1271//1271 
f 1588//1588 1336//1336 1271//1271 
f 1980//1980 887//887 469//469 
f 101//101 1770//1770 490//490 
f 687//687 1433//1433 615//615 
f 1044//1044 1679//1679 20//20 
f 629//629 597//597 1728//1728 
f 1554//1554 1228//1228 2081//2081 
f 1858//1858 1554//1554 2081//2081 
f 1831//1831 1613//1613 1457//1457 
f 2066//2066 1944//1944 891//891 
f 2179//2179 1383//1383 1280//1280 
f 2019//2019 1623//1623 2172//2172 
f 1550//1550 1890//1890 1713//1713 
f 1326//1326 90//90 630//630 
f 935//935 1924//1924 1455//1455 
f 1487//1487 49//49 1091//1091 
f 1227//1227 2012//2012 1350//1350 
f 742//742 1439//1439 2184//2184 
f 1640//1640 929//929 430//430 
f 1917//1917 872//872 2040//2040 
f 120//120 1044//1044 1732//1732 
f 650//650 1573//1573 577//577 
f 1824//1824 1392//1392 597//597 
f 326//326 2214//2214 1813//1813 
f 1652//1652 1720//1720 1061//1061 
f 455//455 1050//1050 74//74 
f 2024//2024 2100//2100 451//451 
f 1079//1079 2250//2250 2165//2165 
f 1654//1654 798//798 570//570 
f 1652//1652 880//880 538//538 
f 1383//1383 1606//1606 717//717 
f 1969//1969 1385//1385 1068//1068 
f 1544//1544 891//891 1944//1944 
f 662//662 380//380 1217//1217 
f 1670//1670 1750//1750 1542//1542 
f 446//446 2062//2062 1692//1692 
f 1912//1912 1256//1256 7//7 
f 1750//1750 1290//1290 363//363 
f 915//915 875//875 1137//1137 
f 465//465 1507//1507 1623//1623 
f 1243//1243 1110//1110 2046//2046 
f 970//970 1619//1619 26//26 
f 70//70 1729//1729 1595//1595 
f 2207//2207 2176//2176 711//711 
f 1863//1863 2173//2173 933//933 
f 1016//1016 1110//1110 1243//1243 
f 117//117 1396//1396 2130//2130 
f 910//910 1929//1929 383//383 
f 1593//1593 1380//1380 432//432 
f 1987//1987 997//997 372//372 
f 581//581 2151//2151 1906//1906 
f 1967//1967 348//348 1946//1946 
f 448//448 1248//1248 1790//1790 
f 427//427 2014//2014 1621//1621 
f 1894//1894 421//421 1897//1897 
f 819//819 1737//1737 1492//1492 
f 1507//1507 2172//2172 1623//1623 
f 66//66 475//475 1401//1401 
f 1604//1604 832//832 1833//1833 
f 1262//1262 791//791 2080//2080 
f 687//687 615//615 711//711 
f 954//954 2051//2051 1183//1183 
f 2137//2137 1326//1326 1687//1687 
f 516//516 890//890 1404//1404 
f 1537//1537 628//628 1035//1035 
f 510//510 1777//1777 380//380 
f 2112//2112 2015//2015 752//752 
f 2244//2244 1595//1595 1307//1307 
f 1616//1616 1325//1325 1026//1026 
f 719//719 1477//1477 2174//2174 
f 15//15 432//432 1343//1343 
f 2038//2038 1890//1890 327//327 
f 446//446 1945//1945 1761//1761 
f 1360//1360 98//98 2256//2256 
f 572//572 1677//1677 516//516 
f 1784//1784 859//859 820//820 
f 390//390 885//885 954//954 
f 1147//1147 1181//1181 2077//2077 
f 644//644 436//436 769//769 
f 1301//1301 2029//2029 476//476 
f 1402//1402 863//863 767//767 
f 2080//2080 1060//1060 1822//1822 
f 1660//1660 599//599 1238//1238 
f 719//719 2069//2069 1168//1168 
f 1114//1114 729//729 1301//1301 
f 1554//1554 873//873 1228//1228 
f 1572//1572 1224//1224 886//886 
f 34//34 1529//1529 1670//1670 
f 1460//1460 1283//1283 1945//1945 
f 1956//1956 535//535 566//566 
f 701//701 22//22 1645//1645 
f 1909//1909 625//625 841//841 
f 997//997 1489//1489 1861//1861 
f 634//634 456//456 2176//2176 
f 426//426 2139//2139 1422//1422 
f 623//623 598//598 676//676 
f 1428//1428 311//311 331//331 
f 1441//1441 1283//1283 93//93 
f 2081//2081 2196//2196 939//939 
f 1890//1890 556//556 1400//1400 
f 1666//1666 104//104 1297//1297 
f 480//480 1881//1881 2171//2171 
f 2029//2029 2006//2006 105//105 
f 1620//1620 1717//1717 976//976 
f 1976//1976 81//81 1011//1011 
f 2146//2146 897//897 798//798 
f 2207//2207 752//752 2015//2015 
f 1606//1606 748//748 1682//1682 
f 99//99 1390//1390 491//491 
f 379//379 666//666 951//951 
f 84//84 1278//1278 363//363 
f 404//404 631//631 1732//1732 
f 1894//1894 955//955 333//333 
f 660//660 1960//1960 21//21 
f 2058//2058 625//625 1433//1433 
f 1868//1868 1441//1441 2071//2071 
f 1168//1168 2069//2069 1985//1985 
f 1422//1422 954//954 505//505 
f 1665//1665 316//316 953//953 
f 2251//2251 1332//1332 4//4 
f 1307//1307 352//352 703//703 
f 93//93 1283//1283 712//712 
f 2068//2068 74//74 606//606 
f 356//356 1808//1808 1007//1007 
f 1974//1974 1555//1555 514//514 
f 873//873 62//62 1228//1228 
f 1288//1288 352//352 541//541 
f 1640//1640 1661//1661 550//550 
f 1525//1525 2206//2206 887//887 
f 69//69 856//856 1317//1317 
f 1428//1428 927//927 1338//1338 
f 732//732 1339//1339 1729//1729 
f 568//568 531//531 1316//1316 
f 920//920 366//366 756//756 
f 791//791 1060//1060 2080//2080 
f 85//85 918//918 1880//1880 
f 439//439 1333//1333 1385//1385 
f 629//629 1824//1824 597//597 
f 1016//1016 605//605 1110//1110 
f 348//348 1682//1682 434//434 
f 2115//2115 9//9 1131//1131 
f 1485//1485 53//53 1369//1369 
f 1247//1247 1069//1069 2207//2207 
f 1692//1692 2171//2171 446//446 
f 2070//2070 20//20 821//821 
f 1887//1887 1061//1061 334//334 
f 1591//1591 1718//1718 2043//2043 
f 1246//1246 544//544 328//328 
f 1588//1588 919//919 312//312 
f 773//773 515//515 340//340 
f 1193//1193 1431//1431 691//691 
f 16//16 555//555 1804//1804 
f 1761//1761 1945//1945 1684//1684 
f 1217//1217 438//438 1154//1154 
f 77//77 2315//2315 1664//1664 
f 2076//2076 1036//1036 362//362 
f 594//594 1104//1104 1352//1352 
f 1814//1814 468//468 1490//1490 
f 1318//1318 1939//1939 786//786 
f 1617//1617 1274//1274 346//346 
f 1297//1297 1800//1800 1086//1086 
f 1529//1529 1750//1750 1670//1670 
f 2146//2146 798//798 1654//1654 
f 93//93 712//712 1275//1275 
f 324//324 2224//2224 1196//1196 
f 1241//1241 1328//1328 607//607 
f 1413//1413 1917//1917 109//109 
f 1339//1339 1068//1068 442//442 
f 427//427 800//800 2014//2014 
f 710//710 2227//2227 1265//1265 
f 1306//1306 1976//1976 2179//2179 
f 1203//1203 30//30 2111//2111 
f 1642//1642 997//997 1861//1861 
f 2008//2008 1856//1856 115//115 
f 1786//1786 2068//2068 729//729 
f 1877//1877 305//305 1786//1786 
f 1008//1008 626//626 1636//1636 
f 2027//2027 1208//1208 2129//2129 
f 2098//2098 1837//1837 862//862 
f 2040//2040 586//586 1573//1573 
f 2241//2241 1477//1477 719//719 
f 346//346 2145//2145 2125//2125 
f 1733//1733 1839//1839 1999//1999 
f 538//538 2151//2151 1720//1720 
f 1790//1790 111//111 339//339 
f 601//601 1969//1969 550//550 
f 1538//1538 25//25 556//556 
f 1595//1595 352//352 1307//1307 
f 425//425 1603//1603 621//621 
f 1988//1988 1104//1104 1328//1328 
f 339//339 111//111 714//714 
f 1986//1986 76//76 1525//1525 
f 23//23 1186//1186 1454//1454 
f 570//570 1441//1441 1868//1868 
f 1296//1296 123//123 1152//1152 
f 298//298 1476//1476 769//769 
f 2229//2229 2147//2147 2078//2078 
f 1689//1689 666//666 1887//1887 
f 1911//1911 1804//1804 1107//1107 
f 2080//2080 1586//1586 309//309 
f 430//430 929//929 350//350 
f 2021//2021 930//930 1502//1502 
f 1644//1644 926//926 635//635 
f 1219//1219 739//739 553//553 
f 2205//2205 2079//2079 1904//1904 
f 1890//1890 2038//2038 938//938 
f 2147//2147 2229//2229 566//566 
f 2134//2134 366//366 2157//2157 
f 985//985 1620//1620 598//598 
f 1155//1155 1168//1168 1644//1644 
f 119//119 1621//1621 1963//1963 
f 1476//1476 1296//1296 769//769 
f 107//107 1956//1956 1728//1728 
f 1804//1804 555//555 88//88 
f 1733//1733 61//61 1330//1330 
f 88//88 1035//1035 1107//1107 
f 1523//1523 714//714 2034//2034 
f 951//951 415//415 46//46 
f 465//465 1887//1887 1507//1507 
f 575//575 1460//1460 1945//1945 
f 1909//1909 841//841 1153//1153 
f 1085//1085 1454//1454 1271//1271 
f 92//92 496//496 57//57 
f 710//710 1153//1153 1930//1930 
f 1290//1290 667//667 84//84 
f 1255//1255 1898//1898 1591//1591 
f 1828//1828 1824//1824 965//965 
f 108//108 1717//1717 866//866 
f 1983//1983 425//425 621//621 
f 2077//2077 1712//1712 1147//1147 
f 1487//1487 1690//1690 1221//1221 
f 958//958 669//669 525//525 
f 1536//1536 829//829 2115//2115 
f 435//435 1906//1906 1418//1418 
f 606//606 1016//1016 2029//2029 
f 61//61 722//722 1330//1330 
f 384//384 1887//1887 334//334 
f 1241//1241 1429//1429 1914//1914 
f 1241//1241 1914//1914 2167//2167 
f 461//461 1486//1486 1108//1108 
f 2125//2125 1357//1357 67//67 
f 2019//2019 2172//2172 1484//1484 
f 438//438 1380//1380 1593//1593 
f 1439//1439 978//978 122//122 
f 91//91 997//997 1461//1461 
f 701//701 2238//2238 1873//1873 
f 769//769 1801//1801 298//298 
f 1523//1523 339//339 714//714 
f 455//455 74//74 2068//2068 
f 444//444 872//872 1413//1413 
f 51//51 1020//1020 716//716 
f 1857//1857 1507//1507 384//384 
f 1684//1684 1945//1945 897//897 
f 965//965 2184//2184 1828//1828 
f 1851//1851 121//121 1152//1152 
f 1486//1486 1305//1305 2052//2052 
f 1713//1713 663//663 1289//1289 
f 1770//1770 2157//2157 377//377 
f 954//954 885//885 1736//1736 
f 1796//1796 7//7 902//902 
f 901//901 1733//1733 1330//1330 
f 932//932 1687//1687 1619//1619 
f 90//90 2306//2306 773//773 
f 659//659 12//12 28//28 
f 1733//1733 919//919 61//61 
f 790//790 2105//2105 933//933 
f 405//405 899//899 80//80 
f 953//953 316//316 2243//2243 
f 22//22 701//701 1128//1128 
f 901//901 1868//1868 1733//1733 
f 938//938 2038//2038 2212//2212 
f 1487//1487 1091//1091 476//476 
f 1911//1911 1081//1081 1188//1188 
f 800//800 451//451 2014//2014 
f 2221//2221 460//460 1583//1583 
f 1998//1998 2133//2133 72//72 
f 1694//1694 2039//2039 2059//2059 
f 926//926 601//601 550//550 
f 1951//1951 121//121 89//89 
f 862//862 1837//1837 2150//2150 
f 51//51 1538//1538 128//128 
f 1632//1632 1022//1022 2145//2145 
f 1432//1432 918//918 1488//1488 
f 2052//2052 1305//1305 1161//1161 
f 1301//1301 606//606 2029//2029 
f 19//19 1161//1161 1730//1730 
f 1784//1784 1079//1079 859//859 
f 1484//1484 2172//2172 488//488 
f 1859//1859 1020//1020 51//51 
f 103//103 1237//1237 2212//2212 
f 56//56 487//487 303//303 
f 681//681 1111//1111 127//127 
f 104//104 1621//1621 119//119 
f 830//830 542//542 2098//2098 
f 2040//2040 872//872 444//444 
f 931//931 934//934 461//461 
f 1839//1839 2071//2071 522//522 
f 1003//1003 634//634 1069//1069 
f 823//823 767//767 849//849 
f 2046//2046 510//510 380//380 
f 1035//1035 628//628 1651//1651 
f 1323//1323 2202//2202 405//405 
f 1729//1729 442//442 2073//2073 
f 2212//2212 1237//1237 125//125 
f 1505//1505 2179//2179 1280//1280 
f 1837//1837 1505//1505 463//463 
f 1085//1085 23//23 1454//1454 
f 1746//1746 2229//2229 1613//1613 
f 2133//2133 1998//1998 2093//2093 
f 2032//2032 2122//2122 1476//1476 
f 121//121 1851//1851 1968//1968 
f 728//728 1555//1555 1508//1508 
f 1454//1454 1186//1186 100//100 
f 1502//1502 809//809 1620//1620 
f 1056//1056 1479//1479 748//748 
f 820//820 1753//1753 122//122 
f 590//590 1089//1089 2092//2092 
f 2179//2179 792//792 1056//1056 
f 109//109 1181//1181 1147//1147 
f 666//666 379//379 1887//1887 
f 92//92 128//128 125//125 
f 2141//2141 418//418 1518//1518 
f 1917//1917 650//650 1450//1450 
f 1321//1321 1814//1814 1490//1490 
f 603//603 1792//1792 1189//1189 
f 1265//1265 2234//2234 73//73 
f 1539//1539 729//729 1114//1114 
f 101//101 1094//1094 1770//1770 
f 437//437 2235//2235 110//110 
f 2069//2069 719//719 2174//2174 
f 2034//2034 1079//1079 1784//1784 
f 902//902 1256//1256 336//336 
f 1917//1917 1573//1573 650//650 
f 1393//1393 1539//1539 1114//1114 
f 1237//1237 1892//1892 125//125 
f 1219//1219 15//15 582//582 
f 1601//1601 786//786 1939//1939 
f 608//608 2243//2243 316//316 
f 505//505 954//954 1736//1736 
f 1968//1968 64//64 1998//1998 
f 2012//2012 582//582 1350//1350 
f 1583//1583 620//620 2221//2221 
f 652//652 2115//2115 1823//1823 
f 1521//1521 2036//2036 1345//1345 
f 1221//1221 1690//1690 922//922 
f 681//681 127//127 1512//1512 
f 1008//1008 1636//1636 2161//2161 
f 2114//2114 2026//2026 992//992 
f 1702//1702 481//481 1120//1120 
f 710//710 73//73 1153//1153 
f 83//83 47//47 2250//2250 
f 565//565 35//35 487//487 
f 2093//2093 1237//1237 2133//2133 
f 105//105 448//448 1790//1790 
f 984//984 1328//1328 1521//1521 
f 122//122 978//978 820//820 
f 2103//2103 1026//1026 1325//1325 
f 1448//1448 1502//1502 2177//2177 
f 1536//1536 1393//1393 829//829 
f 1892//1892 659//659 28//28 
f 453//453 1814//1814 2076//2076 
f 1654//1654 1868//1868 901//901 
f 813//813 1231//1231 503//503 
f 114//114 2296//2296 2093//2093 
f 1390//1390 1543//1543 740//740 
f 28//28 92//92 125//125 
f 2093//2093 1998//1998 64//64 
f 1337//1337 2036//2036 505//505 
f 2228//2228 386//386 880//880 
f 1792//1792 613//613 1189//1189 
f 897//897 1441//1441 570//570 
f 2098//2098 542//542 1837//1837 
f 2241//2241 719//719 1168//1168 
f 1054//1054 461//461 1108//1108 
f 2137//2137 90//90 1326//1326 
f 2031//2031 1222//1222 534//534 
f 1618//1618 1647//1647 1267//1267 
f 1862//1862 1990//1990 130//130 
f 1187//1187 131//131 874//874 
f 132//132 1453//1453 1314//1314 
f 2000//2000 1943//1943 133//133 
f 1313//1313 645//645 1902//1902 
f 2220//2220 1416//1416 1300//1300 
f 337//337 1136//1136 1065//1065 
f 134//134 2010//2010 1634//1634 
f 1678//1678 731//731 865//865 
f 1611//1611 135//135 757//757 
f 1144//1144 2060//2060 879//879 
f 860//860 136//136 2210//2210 
f 675//675 671//671 137//137 
f 545//545 1041//1041 1671//1671 
f 1535//1535 1932//1932 138//138 
f 702//702 619//619 735//735 
f 802//802 1451//1451 1379//1379 
f 850//850 1697//1697 1292//1292 
f 1158//1158 1568//1568 2168//2168 
f 1767//1767 1695//1695 302//302 
f 1053//1053 2213//2213 1779//1779 
f 467//467 1628//1628 140//140 
f 142//142 1359//1359 815//815 
f 2017//2017 1534//1534 1772//1772 
f 765//765 145//145 1009//1009 
f 2194//2194 374//374 1855//1855 
f 1370//1370 146//146 1648//1648 
f 1612//1612 1010//1010 148//148 
f 149//149 150//150 452//452 
f 151//151 760//760 1335//1335 
f 1130//1130 2183//2183 2170//2170 
f 1430//1430 2060//2060 1144//1144 
f 1080//1080 1688//1688 1226//1226 
f 154//154 1562//1562 2011//2011 
f 1082//1082 155//155 1896//1896 
f 709//709 1723//1723 1575//1575 
f 512//512 1122//1122 497//497 
f 1092//1092 1765//1765 2175//2175 
f 1463//1463 848//848 852//852 
f 1419//1419 1926//1926 156//156 
f 1648//1648 797//797 1762//1762 
f 762//762 2110//2110 2018//2018 
f 158//158 1113//1113 2194//2194 
f 1773//1773 834//834 864//864 
f 1106//1106 806//806 159//159 
f 1509//1509 1102//1102 1361//1361 
f 1853//1853 2178//2178 162//162 
f 1430//1430 164//164 2060//2060 
f 1199//1199 318//318 1331//1331 
f 443//443 1977//1977 165//165 
f 1776//1776 144//144 966//966 
f 2072//2072 1600//1600 1261//1261 
f 731//731 1970//1970 865//865 
f 2088//2088 452//452 718//718 
f 1643//1643 166//166 397//397 
f 764//764 937//937 1001//1001 
f 883//883 2035//2035 1014//1014 
f 1866//1866 1218//1218 167//167 
f 1501//1501 1335//1335 760//760 
f 795//795 2064//2064 168//168 
f 169//169 170//170 1564//1564 
f 2240//2240 1462//1462 308//308 
f 1109//1109 654//654 140//140 
f 1443//1443 1116//1116 1253//1253 
f 1891//1891 1669//1669 2217//2217 
f 826//826 1514//1514 1459//1459 
f 171//171 1480//1480 1724//1724 
f 450//450 1835//1835 2102//2102 
f 419//419 1030//1030 2020//2020 
f 1695//1695 528//528 1895//1895 
f 906//906 1446//1446 173//173 
f 1716//1716 677//677 423//423 
f 1365//1365 1751//1751 1981//1981 
f 175//175 551//551 596//596 
f 543//543 645//645 499//499 
f 174//174 592//592 894//894 
f 836//836 2218//2218 1847//1847 
f 1373//1373 961//961 2065//2065 
f 653//653 2163//2163 1571//1571 
f 876//876 1514//1514 1607//1607 
f 994//994 1903//1903 177//177 
f 1843//1843 493//493 403//403 
f 583//583 1812//1812 1244//1244 
f 1522//1522 969//969 761//761 
f 1223//1223 1563//1563 1511//1511 
f 1207//1207 178//178 345//345 
f 1782//1782 1449//1449 727//727 
f 408//408 180//180 179//179 
f 1379//1379 1451//1451 181//181 
f 1494//1494 2201//2201 1264//1264 
f 1747//1747 948//948 1609//1609 
f 1928//1928 157//157 1765//1765 
f 583//583 833//833 182//182 
f 1928//1928 1811//1811 1381//1381 
f 1845//1845 512//512 1900//1900 
f 2011//2011 1562//1562 917//917 
f 894//894 857//857 2247//2247 
f 1809//1809 1589//1589 1092//1092 
f 2192//2192 183//183 808//808 
f 904//904 2142//2142 1641//1641 
f 1045//1045 185//185 1978//1978 
f 1124//1124 750//750 947//947 
f 924//924 1849//1849 521//521 
f 1611//1611 757//757 1965//1965 
f 706//706 186//186 1421//1421 
f 1261//1261 695//695 1427//1427 
f 2191//2191 2045//2045 187//187 
f 1762//1762 671//671 675//675 
f 1548//1548 1771//1771 795//795 
f 894//894 307//307 174//174 
f 2183//2183 189//189 188//188 
f 1656//1656 1614//1614 1157//1157 
f 1421//1421 2009//2009 705//705 
f 2209//2209 1346//1346 2124//2124 
f 190//190 1187//1187 1207//1207 
f 1253//1253 1918//1918 191//191 
f 2016//2016 2178//2178 1853//1853 
f 1423//1423 1415//1415 1500//1500 
f 1724//1724 192//192 1791//1791 
f 1932//1932 1958//1958 1163//1163 
f 2239//2239 1994//1994 1471//1471 
f 401//401 1351//1351 1982//1982 
f 1575//1575 190//190 163//163 
f 193//193 1563//1563 611//611 
f 1905//1905 648//648 1566//1566 
f 1978//1978 840//840 526//526 
f 1185//1185 471//471 194//194 
f 1875//1875 1705//1705 1234//1234 
f 720//720 861//861 1532//1532 
f 429//429 967//967 378//378 
f 1125//1125 682//682 1635//1635 
f 196//196 1973//1973 1637//1637 
f 1940//1940 1731//1731 699//699 
f 1977//1977 735//735 619//619 
f 198//198 1842//1842 197//197 
f 1415//1415 1540//1540 1599//1599 
f 990//990 1389//1389 702//702 
f 1903//1903 1513//1513 1257//1257 
f 1261//1261 1119//1119 695//695 
f 1882//1882 1141//1141 1688//1688 
f 1496//1496 407//407 1781//1781 
f 1846//1846 1002//1002 2123//2123 
f 1344//1344 143//143 845//845 
f 1635//1635 502//502 1628//1628 
f 184//184 419//419 1195//1195 
f 1843//1843 1372//1372 493//493 
f 2198//2198 199//199 643//643 
f 2282//2282 1627//1627 2164//2164 
f 1731//1731 200//200 1215//1215 
f 961//961 1919//1919 459//459 
f 1742//1742 2249//2249 371//371 
f 2168//2168 1093//1093 201//201 
f 484//484 203//203 202//202 
f 467//467 140//140 654//654 
f 1598//1598 2035//2035 1311//1311 
f 473//473 1260//1260 725//725 
f 947//947 1742//1742 371//371 
f 998//998 184//184 1760//1760 
f 1466//1466 1646//1646 1740//1740 
f 1382//1382 200//200 1731//1731 
f 1740//1740 1966//1966 392//392 
f 536//536 1363//1363 493//493 
f 1681//1681 205//205 1893//1893 
f 1834//1834 784//784 1634//1634 
f 1349//1349 1165//1165 1002//1002 
f 1067//1067 1206//1206 1649//1649 
f 1425//1425 1522//1522 1994//1994 
f 1643//1643 397//397 477//477 
f 560//560 765//765 1009//1009 
f 1478//1478 207//207 206//206 
f 1284//1284 332//332 1118//1118 
f 1494//1494 208//208 1473//1473 
f 1855//1855 374//374 209//209 
f 734//734 1926//1926 679//679 
f 2045//2045 197//197 743//743 
f 1216//1216 1834//1834 210//210 
f 1975//1975 211//211 474//474 
f 1855//1855 923//923 877//877 
f 1075//1075 560//560 670//670 
f 1797//1797 864//864 2132//2132 
f 1442//1442 989//989 569//569 
f 2236//2236 1634//1634 2010//2010 
f 441//441 2097//2097 485//485 
f 881//881 2057//2057 1394//1394 
f 766//766 2116//2116 1389//1389 
f 561//561 212//212 317//317 
f 214//214 1169//1169 213//213 
f 215//215 214//214 213//213 
f 1879//1879 1353//1353 216//216 
f 183//183 774//774 217//217 
f 1688//1688 1480//1480 171//171 
f 1835//1835 1015//1015 1832//1832 
f 1669//1669 1624//1624 2217//2217 
f 1760//1760 1195//1195 1576//1576 
f 1197//1197 338//338 1443//1443 
f 539//539 2149//2149 1782//1782 
f 725//725 1260//1260 1063//1063 
f 1405//1405 2005//2005 1276//1276 
f 1313//1313 1440//1440 645//645 
f 313//313 1356//1356 1443//1443 
f 648//648 1743//1743 1115//1115 
f 950//950 1671//1671 760//760 
f 1751//1751 896//896 1981//1981 
f 1436//1436 916//916 219//219 
f 168//168 1140//1140 1499//1499 
f 1847//1847 1888//1888 220//220 
f 768//768 502//502 622//622 
f 499//499 645//645 923//923 
f 1088//1088 671//671 300//300 
f 1937//1937 2175//2175 221//221 
f 1819//1819 222//222 1113//1113 
f 1355//1355 429//429 1978//1978 
f 486//486 1707//1707 1997//1997 
f 1568//1568 1093//1093 2168//2168 
f 1475//1475 132//132 1809//1809 
f 1494//1494 1695//1695 624//624 
f 1748//1748 913//913 1129//1129 
f 142//142 1295//1295 1232//1232 
f 1103//1103 1293//1293 692//692 
f 1789//1789 1472//1472 1371//1371 
f 1900//1900 512//512 497//497 
f 1178//1178 833//833 602//602 
f 423//423 2041//2041 1558//1558 
f 467//467 2061//2061 1628//1628 
f 306//306 1799//1799 215//215 
f 947//947 2004//2004 1124//1124 
f 1387//1387 928//928 1519//1519 
f 1225//1225 973//973 2158//2158 
f 223//223 713//713 1442//1442 
f 1610//1610 983//983 828//828 
f 855//855 999//999 1493//1493 
f 848//848 2231//2231 852//852 
f 1145//1145 1938//1938 1438//1438 
f 1878//1878 1405//1405 1398//1398 
f 2135//2135 1891//1891 524//524 
f 1315//1315 1194//1194 827//827 
f 410//410 1019//1019 904//904 
f 2199//2199 731//731 1678//1678 
f 1598//1598 1311//1311 1811//1811 
f 1096//1096 1259//1259 1830//1830 
f 1686//1686 1184//1184 995//995 
f 1534//1534 950//950 1772//1772 
f 1653//1653 391//391 1377//1377 
f 2226//2226 848//848 1463//1463 
f 810//810 1072//1072 1698//1698 
f 392//392 1883//1883 401//401 
f 921//921 407//407 713//713 
f 942//942 224//224 593//593 
f 1135//1135 843//843 519//519 
f 1039//1039 765//765 560//560 
f 860//860 1023//1023 1910//1910 
f 1995//1995 1634//1634 1925//1925 
f 1937//1937 1659//1659 2226//2226 
f 1417//1417 1355//1355 1005//1005 
f 1225//1225 2158//2158 2005//2005 
f 1184//1184 148//148 912//912 
f 1553//1553 1165//1165 1349//1349 
f 1933//1933 1462//1462 1775//1775 
f 1381//1381 762//762 1420//1420 
f 815//815 1442//1442 569//569 
f 1795//1795 1799//1799 2091//2091 
f 1817//1817 440//440 1084//1084 
f 1899//1899 883//883 139//139 
f 474//474 1372//1372 968//968 
f 822//822 774//774 758//758 
f 842//842 226//226 131//131 
f 2002//2002 737//737 1534//1534 
f 2045//2045 198//198 197//197 
f 360//360 227//227 1397//1397 
f 1493//1493 1626//1626 229//229 
f 197//197 1842//1842 147//147 
f 771//771 766//766 990//990 
f 1412//1412 1705//1705 1618//1618 
f 1145//1145 382//382 1938//1938 
f 313//313 230//230 1356//1356 
f 1353//1353 1879//1879 870//870 
f 2158//2158 1649//1649 1159//1159 
f 2025//2025 1347//1347 1362//1362 
f 1245//1245 1847//1847 220//220 
f 1480//1480 1080//1080 1850//1850 
f 1119//1119 680//680 1451//1451 
f 189//189 2152//2152 188//188 
f 2108//2108 906//906 2086//2086 
f 864//864 573//573 2132//2132 
f 762//762 1381//1381 1866//1866 
f 1042//1042 948//948 1747//1747 
f 172//172 1925//1925 1744//1744 
f 2249//2249 1019//1019 152//152 
f 167//167 231//231 1981//1981 
f 824//824 1087//1087 172//172 
f 1141//1141 1751//1751 1226//1226 
f 216//216 1109//1109 232//232 
f 1879//1879 232//232 1955//1955 
f 2013//2013 208//208 982//982 
f 893//893 1118//1118 793//793 
f 658//658 204//204 2231//2231 
f 2191//2191 187//187 1975//1975 
f 347//347 403//403 2233//2233 
f 1681//1681 485//485 1570//1570 
f 1916//1916 234//234 595//595 
f 186//186 706//706 1074//1074 
f 188//188 1294//1294 2170//2170 
f 1184//1184 1612//1612 148//148 
f 492//492 1286//1286 2135//2135 
f 1294//1294 2152//2152 308//308 
f 1272//1272 1783//1783 903//903 
f 735//735 1977//1977 1251//1251 
f 2154//2154 1302//1302 1244//1244 
f 521//521 1849//1849 689//689 
f 1547//1547 1522//1522 761//761 
f 734//734 1683//1683 1926//1926 
f 893//893 1284//1284 1118//1118 
f 1042//1042 777//777 948//948 
f 1409//1409 2220//2220 733//733 
f 609//609 361//361 839//839 
f 1562//1562 1146//1146 1005//1005 
f 588//588 2186//2186 1138//1138 
f 1926//1926 972//972 1047//1047 
f 1125//1125 1759//1759 682//682 
f 1266//1266 670//670 946//946 
f 235//235 1707//1707 486//486 
f 1915//1915 941//941 2047//2047 
f 165//165 643//643 928//928 
f 1474//1474 1363//1363 1902//1902 
f 1674//1674 180//180 408//408 
f 220//220 1888//1888 227//227 
f 2195//2195 2348//2348 2049//2049 
f 1388//1388 1862//1862 130//130 
f 1794//1794 2106//2106 1031//1031 
f 1471//1471 1994//1994 924//924 
f 1179//1179 239//239 1567//1567 
f 609//609 240//240 688//688 
f 759//759 1365//1365 1981//1981 
f 680//680 1735//1735 858//858 
f 1004//1004 1787//1787 812//812 
f 1074//1074 241//241 1835//1835 
f 1949//1949 1776//1776 239//239 
f 1779//1779 1674//1674 1798//1798 
f 243//243 1705//1705 242//242 
f 1496//1496 371//371 527//527 
f 1901//1901 2247//2247 136//136 
f 1849//1849 1547//1547 761//761 
f 150//150 936//936 484//484 
f 2178//2178 225//225 1656//1656 
f 834//834 1038//1038 864//864 
f 2050//2050 774//774 746//746 
f 1377//1377 2199//2199 1483//1483 
f 655//655 395//395 1957//1957 
f 526//526 141//141 1374//1374 
f 2108//2108 1954//1954 1388//1388 
f 2204//2204 1907//1907 1625//1625 
f 231//231 759//759 1981//1981 
f 1495//1495 1841//1841 1707//1707 
f 454//454 723//723 1140//1140 
f 1535//1535 1174//1174 135//135 
f 1991//1991 1444//1444 433//433 
f 1042//1042 1748//1748 777//777 
f 1242//1242 2190//2190 141//141 
f 543//543 2063//2063 1902//1902 
f 1698//1698 2143//2143 2267//2267 
f 1653//1653 1648//1648 146//146 
f 1551//1551 1136//1136 337//337 
f 588//588 1138//1138 160//160 
f 484//484 297//297 203//203 
f 1292//1292 206//206 1934//1934 
f 2028//2028 1169//1169 1076//1076 
f 1637//1637 149//149 1394//1394 
f 764//764 2183//2183 1130//1130 
f 1803//1803 1185//1185 194//194 
f 413//413 467//467 654//654 
f 429//429 840//840 1978//1978 
f 831//831 995//995 2118//2118 
f 818//818 1435//1435 936//936 
f 1735//1735 1309//1309 1726//1726 
f 2195//2195 1565//1565 246//246 
f 2121//2121 247//247 1884//1884 
f 1900//1900 1090//1090 1647//1647 
f 1901//1901 860//860 1910//1910 
f 1893//1893 249//249 248//248 
f 1841//1841 1495//1495 942//942 
f 204//204 345//345 2231//2231 
f 839//839 1233//1233 1596//1596 
f 1403//1403 1841//1841 942//942 
f 675//675 137//137 1370//1370 
f 2175//2175 157//157 853//853 
f 1122//1122 1778//1778 1769//1769 
f 1855//1855 499//499 923//923 
f 751//751 1913//1913 726//726 
f 766//766 646//646 2116//2116 
f 1045//1045 736//736 2215//2215 
f 1319//1319 2222//2222 1638//1638 
f 2231//2231 1703//1703 852//852 
f 1935//1935 1966//1966 1416//1416 
f 176//176 1133//1133 1673//1673 
f 2094//2094 578//578 1334//1334 
f 420//420 304//304 1049//1049 
f 1435//1435 251//251 297//297 
f 1600//1600 1119//1119 1261//1261 
f 2138//2138 1711//1711 764//764 
f 217//217 1066//1066 1783//1783 
f 139//139 1134//1134 1899//1899 
f 949//949 1268//1268 1832//1832 
f 1034//1034 1864//1864 1367//1367 
f 1599//1599 1032//1032 2242//2242 
f 1966//1966 640//640 1133//1133 
f 665//665 136//136 2247//2247 
f 202//202 203//203 506//506 
f 1927//1927 190//190 1575//1575 
f 485//485 592//592 174//174 
f 1901//1901 136//136 860//860 
f 999//999 1218//1218 1311//1311 
f 169//169 580//580 1366//1366 
f 1423//1423 1756//1756 1552//1552 
f 1038//1038 573//573 864//864 
f 1582//1582 622//622 1774//1774 
f 391//391 337//337 1377//1377 
f 1500//1500 1198//1198 2003//2003 
f 1491//1491 1215//1215 602//602 
f 1254//1254 1575//1575 163//163 
f 197//197 147//147 743//743 
f 253//253 2017//2017 1039//1039 
f 236//236 815//815 569//569 
f 2118//2118 193//193 1126//1126 
f 1957//1957 232//232 1109//1109 
f 1250//1250 398//398 400//400 
f 1716//1716 252//252 2104//2104 
f 1384//1384 1480//1480 1850//1850 
f 960//960 848//848 2226//2226 
f 657//657 1053//1053 1779//1779 
f 1886//1886 854//854 755//755 
f 916//916 513//513 219//219 
f 680//680 858//858 1451//1451 
f 2037//2037 979//979 223//223 
f 640//640 1673//1673 1133//1133 
f 337//337 391//391 2121//2121 
f 1876//1876 1599//1599 1540//1540 
f 132//132 1314//1314 1809//1809 
f 928//928 643//643 1519//1519 
f 142//142 1232//1232 1771//1771 
f 2109//2109 1374//1374 884//884 
f 1970//1970 1491//1491 865//865 
f 1436//1436 219//219 471//471 
f 1658//1658 1672//1672 894//894 
f 1685//1685 1409//1409 1646//1646 
f 254//254 255//255 1471//1471 
f 464//464 1798//1798 408//408 
f 1236//1236 256//256 937//937 
f 746//746 774//774 183//183 
f 1618//1618 243//243 1900//1900 
f 1436//1436 1250//1250 400//400 
f 1888//1888 2199//2199 801//801 
f 410//410 904//904 1641//1641 
f 2156//2156 593//593 1940//1940 
f 2210//2210 1947//1947 257//257 
f 244//244 839//839 824//824 
f 1088//1088 677//677 671//671 
f 1731//1731 1215//1215 1546//1546 
f 1675//1675 1701//1701 1524//1524 
f 1235//1235 1236//1236 1384//1384 
f 2159//2159 725//725 2067//2067 
f 879//879 900//900 2041//2041 
f 416//416 1667//1667 2126//2126 
f 1876//1876 1127//1127 1599//1599 
f 1686//1686 145//145 765//765 
f 361//361 1233//1233 839//839 
f 596//596 750//750 1516//1516 
f 382//382 1774//1774 1938//1938 
f 937//937 686//686 1001//1001 
f 1532//1532 1397//1397 1277//1277 
f 412//412 1160//1160 1742//1742 
f 1453//1453 1266//1266 1314//1314 
f 1480//1480 245//245 1724//1724 
f 1148//1148 1121//1121 260//260 
f 1475//1475 1561//1561 132//132 
f 877//877 1440//1440 2246//2246 
f 2175//2175 1765//1765 157//157 
f 1049//1049 591//591 420//420 
f 1041//1041 1696//1696 1354//1354 
f 2099//2099 492//492 2135//2135 
f 2119//2119 852//852 1475//1475 
f 854//854 1886//1886 1675//1675 
f 2123//2123 963//963 1756//1756 
f 260//260 1121//1121 196//196 
f 982//982 1361//1361 261//261 
f 2009//2009 805//805 705//705 
f 1854//1854 1430//1430 1144//1144 
f 1347//1347 1850//1850 1080//1080 
f 1926//1926 1683//1683 972//972 
f 780//780 1367//1367 1324//1324 
f 2201//2201 1494//1494 1473//1473 
f 1500//1500 262//262 1198//1198 
f 1159//1159 2218//2218 2005//2005 
f 971//971 1622//1622 1516//1516 
f 2159//2159 1533//1533 1501//1501 
f 1744//1744 1925//1925 1715//1715 
f 1087//1087 824//824 1953//1953 
f 263//263 747//747 1633//1633 
f 665//665 857//857 1947//1947 
f 1925//1925 784//784 1715//1715 
f 187//187 743//743 1975//1975 
f 264//264 1235//1235 1384//1384 
f 1681//1681 1893//1893 248//248 
f 874//874 131//131 1234//1234 
f 1955//1955 1236//1236 1235//1235 
f 578//578 612//612 2042//2042 
f 1821//1821 1012//1012 1545//1545 
f 1948//1948 2242//2242 1464//1464 
f 1722//1722 942//942 593//593 
f 499//499 526//526 543//543 
f 593//593 224//224 1382//1382 
f 1053//1053 489//489 2213//2213 
f 894//894 2042//2042 1658//1658 
f 1106//1106 159//159 1752//1752 
f 656//656 143//143 1344//1344 
f 1355//1355 967//967 429//429 
f 1501//1501 760//760 1354//1354 
f 727//727 539//539 1782//1782 
f 1435//1435 2065//2065 251//251 
f 2152//2152 181//181 2240//2240 
f 401//401 1883//1883 1351//1351 
f 1464//1464 1097//1097 398//398 
f 2099//2099 2188//2188 1082//1082 
f 135//135 513//513 757//757 
f 1934//1934 206//206 949//949 
f 347//347 1843//1843 403//403 
f 974//974 2041//2041 423//423 
f 1194//1194 2242//2242 1948//1948 
f 251//251 1378//1378 297//297 
f 1463//1463 852//852 2119//2119 
f 993//993 612//612 2094//2094 
f 1625//1625 1815//1815 1052//1052 
f 2013//2013 982//982 261//261 
f 1049//1049 417//417 591//591 
f 1570//1570 205//205 1681//1681 
f 265//265 1135//1135 680//680 
f 957//957 1414//1414 753//753 
f 209//209 1045//1045 1855//1855 
f 1907//1907 561//561 317//317 
f 1001//1001 1438//1438 637//637 
f 1639//1639 1927//1927 1723//1723 
f 1740//1740 392//392 401//401 
f 563//563 646//646 766//766 
f 1552//1552 266//266 1423//1423 
f 1671//1671 1041//1041 1354//1354 
f 1614//1614 1002//1002 1846//1846 
f 471//471 1696//1696 1041//1041 
f 2237//2237 1212//1212 1348//1348 
f 330//330 1908//1908 803//803 
f 1087//1087 1995//1995 1925//1925 
f 860//860 2210//2210 1023//1023 
f 808//808 1783//1783 1778//1778 
f 452//452 150//150 484//484 
f 1267//1267 2216//2216 1075//1075 
f 214//214 1244//1244 1812//1812 
f 658//658 848//848 960//960 
f 1776//1776 2261//2261 144//144 
f 409//409 1482//1482 1344//1344 
f 1773//1773 1574//1574 834//834 
f 751//751 726//726 900//900 
f 536//536 268//268 211//211 
f 2124//2124 1030//1030 419//419 
f 301//301 2049//2049 1437//1437 
f 1848//1848 532//532 2192//2192 
f 1581//1581 2246//2246 1363//1363 
f 433//433 1420//1420 2018//2018 
f 961//961 459//459 160//160 
f 1832//1832 1074//1074 1835//1835 
f 1703//1703 1412//1412 1561//1561 
f 1532//1532 861//861 269//269 
f 1949//1949 2263//2263 270//270 
f 134//134 1634//1634 1995//1995 
f 1726//1726 858//858 1735//1735 
f 272//272 413//413 271//271 
f 1726//1726 818//818 2055//2055 
f 2121//2121 1940//1940 1551//1551 
f 1272//1272 1936//1936 1778//1778 
f 1535//1535 135//135 1932//1932 
f 533//533 783//783 273//273 
f 1634//1634 784//784 1925//1925 
f 236//236 569//569 1419//1419 
f 274//274 1848//1848 2192//2192 
f 2063//2063 2109//2109 2233//2233 
f 276//276 750//750 275//275 
f 1005//1005 1355//1355 917//917 
f 278//278 1470//1470 277//277 
f 1493//1493 2025//2025 759//759 
f 493//493 1474//1474 403//403 
f 874//874 1412//1412 1703//1703 
f 1546//1546 1215//1215 1491//1491 
f 1179//1179 2265//2265 1949//1949 
f 248//248 1947//1947 857//857 
f 186//186 1268//1268 1421//1421 
f 1780//1780 2023//2023 441//441 
f 1846//1846 2123//2123 1210//1210 
f 400//400 1608//1608 1436//1436 
f 2009//2009 207//207 805//805 
f 247//247 2104//2104 1884//1884 
f 1300//1300 1966//1966 1740//1740 
f 1195//1195 419//419 2020//2020 
f 1528//1528 213//213 2028//2028 
f 1102//1102 1528//1528 2028//2028 
f 1657//1657 810//810 1567//1567 
f 459//459 477//477 1830//1830 
f 1420//1420 762//762 2018//2018 
f 1585//1585 559//559 1820//1820 
f 2153//2153 2249//2249 868//868 
f 182//182 833//833 1178//1178 
f 1080//1080 1226//1226 1362//1362 
f 1009//1009 1862//1862 574//574 
f 179//179 846//846 201//201 
f 1253//1253 191//191 1639//1639 
f 1570//1570 1691//1691 205//205 
f 1304//1304 1576//1576 973//973 
f 2037//2037 1971//1971 979//979 
f 1334//1334 578//578 1643//1643 
f 1045//1045 1978//1978 1447//1447 
f 924//924 1547//1547 1849//1849 
f 1513//1513 1791//1791 1819//1819 
f 2067//2067 1699//1699 1612//1612 
f 593//593 1382//1382 1731//1731 
f 1445//1445 1475//1475 1809//1809 
f 763//763 2053//2053 1559//1559 
f 797//797 1571//1571 2163//2163 
f 1775//1775 881//881 1797//1797 
f 454//454 238//238 723//723 
f 1743//1743 735//735 1251//1251 
f 1947//1947 2210//2210 665//665 
f 1565//1565 2049//2049 301//301 
f 645//645 543//543 1902//1902 
f 1545//1545 2045//2045 2191//2191 
f 670//670 1009//1009 574//574 
f 433//433 1928//1928 1420//1420 
f 1742//1742 1285//1285 1019//1019 
f 1551//1551 1940//1940 699//699 
f 1353//1353 870//870 271//271 
f 142//142 815//815 236//236 
f 1379//1379 181//181 2152//2152 
f 2108//2108 130//130 906//906 
f 1319//1319 559//559 1585//1585 
f 2035//2035 883//883 1626//1626 
f 583//583 182//182 1812//1812 
f 159//159 806//806 1952//1952 
f 1266//1266 1453//1453 1267//1267 
f 1908//1908 1885//1885 998//998 
f 1852//1852 1905//1905 757//757 
f 236//236 1419//1419 959//959 
f 1566//1566 1115//1115 1251//1251 
f 1878//1878 1590//1590 1027//1027 
f 1122//1122 808//808 1778//1778 
f 270//270 2261//2261 1776//1776 
f 1362//1362 1226//1226 1365//1365 
f 239//239 1403//1403 942//942 
f 1532//1532 360//360 1397//1397 
f 1819//1819 192//192 2138//2138 
f 894//894 2247//2247 2042//2042 
f 2218//2218 1159//1159 1653//1653 
f 2194//2194 986//986 847//847 
f 1166//1166 2186//2186 588//588 
f 1862//1862 1739//1739 1990//1990 
f 921//921 975//975 407//407 
f 2213//2213 1371//1371 180//180 
f 868//868 281//281 876//876 
f 2132//2132 1590//1590 2188//2188 
f 1268//1268 2009//2009 1421//1421 
f 308//308 154//154 1294//1294 
f 1624//1624 1158//1158 2168//2168 
f 2017//2017 1772//1772 1039//1039 
f 506//506 1885//1885 1908//1908 
f 768//768 622//622 1582//1582 
f 1397//1397 227//227 1943//1943 
f 509//509 1414//1414 957//957 
f 1470//1470 1899//1899 870//870 
f 374//374 736//736 209//209 
f 1160//1160 1285//1285 1742//1742 
f 227//227 1888//1888 133//133 
f 1379//1379 189//189 637//637 
f 1882//1882 1688//1688 1842//1842 
f 1855//1855 1447//1447 499//499 
f 713//713 1559//1559 921//921 
f 151//151 950//950 760//760 
f 277//277 1955//1955 1235//1235 
f 1159//1159 1648//1648 1653//1653 
f 1773//1773 864//864 1797//1797 
f 141//141 1117//1117 1242//1242 
f 1743//1743 882//882 990//990 
f 1830//1830 477//477 1096//1096 
f 2094//2094 612//612 578//578 
f 1097//1097 1464//1464 2222//2222 
f 1459//1459 495//495 1373//1373 
f 2028//2028 213//213 1169//1169 
f 959//959 1759//1759 1295//1295 
f 1643//1643 1901//1901 166//166 
f 745//745 883//883 1014//1014 
f 1685//1685 1646//1646 255//255 
f 1435//1435 297//297 936//936 
f 1742//1742 1019//1019 2249//2249 
f 783//783 1846//1846 1210//1210 
f 1722//1722 239//239 942//942 
f 1780//1780 307//307 911//911 
f 283//283 2163//2163 1348//1348 
f 181//181 195//195 1148//1148 
f 149//149 452//452 2088//2088 
f 982//982 1895//1895 1361//1361 
f 2106//2106 1047//1047 1602//1602 
f 1696//1696 219//219 1174//1174 
f 2194//2194 847//847 1257//1257 
f 150//150 1973//1973 2055//2055 
f 726//726 1667//1667 396//396 
f 967//967 462//462 1867//1867 
f 1097//1097 741//741 1608//1608 
f 302//302 1264//1264 504//504 
f 807//807 1975//1975 474//474 
f 157//157 1444//1444 853//853 
f 1582//1582 1774//1774 382//382 
f 2204//2204 284//284 1922//1922 
f 241//241 1527//1527 2102//2102 
f 1752//1752 1952//1952 285//285 
f 2193//2193 1324//1324 329//329 
f 1854//1854 1144//1144 300//300 
f 1027//1027 1590//1590 1662//1662 
f 548//548 210//210 842//842 
f 968//968 1864//1864 1034//1034 
f 1212//1212 1762//1762 283//283 
f 357//357 1025//1025 1916//1916 
f 408//408 1798//1798 1674//1674 
f 260//260 196//196 2057//2057 
f 1589//1589 946//946 1954//1954 
f 627//627 464//464 2190//2190 
f 1370//1370 1920//1920 146//146 
f 1293//1293 1184//1184 1686//1686 
f 1067//1067 1571//1571 1206//1206 
f 2020//2020 1571//1571 1067//1067 
f 1010//1010 1612//1612 1511//1511 
f 1581//1581 1363//1363 536//536 
f 1762//1762 675//675 1648//1648 
f 242//242 1705//1705 1875//1875 
f 855//855 1493//1493 231//231 
f 1559//1559 388//388 921//921 
f 187//187 2045//2045 743//743 
f 658//658 2120//2120 204//204 
f 624//624 1695//1695 1895//1895 
f 797//797 283//283 1762//1762 
f 1234//1234 1705//1705 1412//1412 
f 1795//1795 1302//1302 2154//2154 
f 188//188 2152//2152 1294//1294 
f 191//191 1744//1744 1715//1715 
f 848//848 658//658 2231//2231 
f 1622//1622 596//596 1516//1516 
f 210//210 1927//1927 1279//1279 
f 1585//1585 367//367 1368//1368 
f 1082//1082 1896//1896 492//492 
f 2132//2132 1610//1610 1417//1417 
f 179//179 180//180 1472//1472 
f 1319//1319 957//957 2222//2222 
f 1146//1146 2132//2132 1005//1005 
f 1561//1561 1618//1618 228//228 
f 995//995 1184//1184 912//912 
f 1096//1096 477//477 397//397 
f 138//138 1932//1932 1163//1163 
f 1377//1377 1065//1065 2199//2199 
f 763//763 754//754 2053//2053 
f 2025//2025 1365//1365 759//759 
f 168//168 2064//2064 1223//1223 
f 1855//1855 877//877 986//986 
f 2201//2201 1213//1213 235//235 
f 1370//1370 137//137 1920//1920 
f 1157//1157 134//134 1995//1995 
f 1101//1101 1994//1994 2239//2239 
f 396//396 1667//1667 416//416 
f 1895//1895 1509//1509 1361//1361 
f 812//812 508//508 1028//1028 
f 141//141 2190//2190 1374//1374 
f 1811//1811 1311//1311 1381//1381 
f 499//499 1447//1447 526//526 
f 2000//2000 801//801 1795//1795 
f 1464//1464 2242//2242 1638//1638 
f 762//762 1866//1866 2110//2110 
f 1643//1643 2247//2247 1901//1901 
f 1962//1962 1989//1989 795//795 
f 898//898 1748//1748 1129//1129 
f 2132//2132 573//573 1590//1590 
f 269//269 1308//1308 1532//1532 
f 1294//1294 154//154 2215//2215 
f 1065//1065 731//731 2199//2199 
f 801//801 1302//1302 1795//1795 
f 1700//1700 1867//1867 657//657 
f 1179//1179 1949//1949 239//239 
f 946//946 981//981 1388//1388 
f 1587//1587 504//504 1997//1997 
f 1185//1185 1250//1250 1436//1436 
f 193//193 1010//1010 1563//1563 
f 957//957 1585//1585 509//509 
f 1649//1649 1206//1206 1159//1159 
f 822//822 2003//2003 774//774 
f 207//207 310//310 805//805 
f 2181//2181 1270//1270 1025//1025 
f 855//855 1218//1218 999//999 
f 1683//1683 527//527 2249//2249 
f 1172//1172 284//284 2204//2204 
f 166//166 1901//1901 447//447 
f 2091//2091 591//591 478//478 
f 307//307 441//441 485//485 
f 692//692 1293//1293 1686//1686 
f 2000//2000 417//417 1943//1943 
f 2208//2208 155//155 1082//1082 
f 338//338 709//709 672//672 
f 827//827 1948//1948 1250//1250 
f 836//836 2208//2208 1276//1276 
f 1389//1389 2047//2047 702//702 
f 539//539 2203//2203 2149//2149 
f 1403//1403 1776//1776 966//966 
f 1830//1830 1166//1166 588//588 
f 263//263 2097//2097 747//747 
f 1474//1474 2233//2233 403//403 
f 429//429 1700//1700 840//840 
f 754//754 2047//2047 2053//2053 
f 1038//1038 1590//1590 573//573 
f 1899//1899 1134//1134 870//870 
f 1615//1615 1192//1192 2195//2195 
f 1648//1648 675//675 1370//1370 
f 1398//1398 1082//1082 2188//2188 
f 1721//1721 1622//1622 971//971 
f 2126//2126 2271//2271 416//416 
f 1672//1672 1658//1658 1285//1285 
f 1351//1351 1292//1292 1934//1934 
f 812//812 1028//1028 1004//1004 
f 1888//1888 801//801 133//133 
f 162//162 678//678 1853//1853 
f 1934//1934 1832//1832 1015//1015 
f 682//682 502//502 1635//1635 
f 1678//1678 865//865 583//583 
f 2195//2195 1192//1192 2350//2350 
f 1638//1638 1032//1032 1127//1127 
f 537//537 1552//1552 1756//1756 
f 796//796 734//734 314//314 
f 1716//1716 423//423 252//252 
f 146//146 1920//1920 391//391 
f 1371//1371 1472//1472 180//180 
f 214//214 1812//1812 1169//1169 
f 1867//1867 1700//1700 378//378 
f 329//329 1132//1132 347//347 
f 2061//2061 1125//1125 1635//1635 
f 2180//2180 1192//1192 1615//1615 
f 758//758 774//774 2050//2050 
f 1707//1707 1213//1213 1495//1495 
f 1405//1405 973//973 1225//1225 
f 150//150 2055//2055 936//936 
f 2199//2199 1678//1678 801//801 
f 1797//1797 2132//2132 1146//1146 
f 349//349 388//388 1631//1631 
f 1074//1074 1156//1156 241//241 
f 1637//1637 1973//1973 150//150 
f 226//226 1834//1834 286//286 
f 1376//1376 1254//1254 365//365 
f 668//668 1691//1691 2097//2097 
f 1799//1799 1244//1244 214//214 
f 1932//1932 1611//1611 1387//1387 
f 796//796 1496//1496 527//527 
f 1908//1908 998//998 803//803 
f 1367//1367 585//585 1034//1034 
f 1600//1600 680//680 1119//1119 
f 1384//1384 1850//1850 264//264 
f 2025//2025 1362//1362 1365//1365 
f 839//839 318//318 824//824 
f 304//304 287//287 466//466 
f 892//892 2204//2204 1625//1625 
f 2097//2097 1691//1691 1570//1570 
f 1835//1835 241//241 2102//2102 
f 1451//1451 858//858 2055//2055 
f 202//202 718//718 452//452 
f 420//420 287//287 304//304 
f 842//842 1834//1834 226//226 
f 341//341 1284//1284 780//780 
f 941//941 1631//1631 2053//2053 
f 1558//1558 2270//2270 233//233 
f 656//656 966//966 144//144 
f 1453//1453 1618//1618 1267//1267 
f 2142//2142 2042//2042 612//612 
f 1378//1378 2209//2209 1885//1885 
f 247//247 2121//2121 391//391 
f 1157//1157 1818//1818 134//134 
f 1989//1989 2061//2061 467//467 
f 1966//1966 1133//1133 392//392 
f 1474//1474 2063//2063 2233//2233 
f 1615//1615 2195//2195 246//246 
f 876//876 1459//1459 1514//1514 
f 1117//1117 657//657 1242//1242 
f 1764//1764 242//242 1875//1875 
f 1527//1527 267//267 1876//1876 
f 2142//2142 993//993 1641//1641 
f 1031//1031 422//422 2072//2072 
f 2218//2218 1483//1483 1847//1847 
f 1633//1633 2023//2023 551//551 
f 1608//1608 1852//1852 916//916 
f 846//846 2168//2168 201//201 
f 1174//1174 513//513 135//135 
f 591//591 2091//2091 306//306 
f 2217//2217 1371//1371 2213//2213 
f 242//242 1764//1764 1845//1845 
f 1965//1965 757//757 1566//1566 
f 941//941 1084//1084 1631//1631 
f 1817//1817 889//889 440//440 
f 609//609 688//688 361//361 
f 2209//2209 500//500 1885//1885 
f 152//152 1019//1019 410//410 
f 381//381 1012//1012 2225//2225 
f 2041//2041 416//416 1558//1558 
f 1445//1445 1092//1092 2175//2175 
f 2086//2086 173//173 1014//1014 
f 2010//2010 1818//1818 288//288 
f 893//893 793//793 585//585 
f 2181//2181 1820//1820 559//559 
f 2204//2204 1922//1922 1150//1150 
f 1398//1398 1276//1276 2208//2208 
f 757//757 1905//1905 1566//1566 
f 330//330 803//803 1038//1038 
f 2236//2236 2010//2010 533//533 
f 156//156 1926//1926 2106//2106 
f 184//184 500//500 2124//2124 
f 1882//1882 170//170 1141//1141 
f 2208//2208 836//836 1847//1847 
f 1958//1958 1971//1971 238//238 
f 2096//2096 1752//1752 683//683 
f 857//857 665//665 2247//2247 
f 517//517 2064//2064 272//272 
f 265//265 1600//1600 2072//2072 
f 1232//1232 1125//1125 2061//2061 
f 1698//1698 2266//2266 1179//1179 
f 1962//1962 1232//1232 2061//2061 
f 1743//1743 1071//1071 753//753 
f 1359//1359 2037//2037 815//815 
f 1764//1764 1848//1848 274//274 
f 1966//1966 1300//1300 1416//1416 
f 1163//1163 1958//1958 238//238 
f 795//795 1771//1771 1962//1962 
f 1978//1978 185//185 1355//1355 
f 1437//1437 2126//2126 1667//1667 
f 306//306 2091//2091 1799//1799 
f 1207//1207 345//345 204//204 
f 1735//1735 519//519 1309//1309 
f 1163//1163 1469//1469 138//138 
f 1867//1867 462//462 1053//1053 
f 987//987 1827//1827 563//563 
f 1375//1375 925//925 1106//1106 
f 751//751 879//879 2060//2060 
f 193//193 912//912 1010//1010 
f 1010//1010 1511//1511 1563//1563 
f 678//678 1157//1157 1995//1995 
f 1223//1223 1511//1511 168//168 
f 345//345 874//874 1703//1703 
f 365//365 1254//1254 2120//2120 
f 1445//1445 2175//2175 2119//2119 
f 1626//1626 999//999 2035//2035 
f 258//258 670//670 1266//1266 
f 793//793 1118//1118 1821//1821 
f 1791//1791 1513//1513 1903//1903 
f 2094//2094 459//459 1919//1919 
f 1259//1259 1430//1430 1854//1854 
f 677//677 974//974 423//423 
f 1803//1803 1299//1299 903//903 
f 637//637 802//802 1379//1379 
f 1957//1957 256//256 1955//1955 
f 462//462 524//524 1891//1891 
f 2127//2127 847//847 2246//2246 
f 1563//1563 1871//1871 611//611 
f 1803//1803 827//827 1185//1185 
f 226//226 286//286 1875//1875 
f 248//248 249//249 1947//1947 
f 2127//2127 177//177 847//847 
f 661//661 259//259 289//289 
f 185//185 2011//2011 917//917 
f 543//543 526//526 1374//1374 
f 2086//2086 1014//1014 1598//1598 
f 509//509 1368//1368 1456//1456 
f 803//803 1760//1760 1027//1027 
f 668//668 683//683 2164//2164 
f 1437//1437 2275//2275 1073//1073 
f 1622//1622 1721//1721 508//508 
f 2180//2180 257//257 249//249 
f 655//655 140//140 1628//1628 
f 1166//1166 1854//1854 2237//2237 
f 672//672 709//709 1376//1376 
f 1612//1612 1699//1699 1511//1511 
f 1293//1293 1533//1533 1184//1184 
f 1437//1437 2049//2049 2347//2347 
f 301//301 1437//1437 1667//1667 
f 440//440 889//889 494//494 
f 1403//1403 966//966 1841//1841 
f 218//218 980//980 2117//2117 
f 1519//1519 643//643 290//290 
f 1469//1469 1163//1163 1260//1260 
f 1232//1232 1295//1295 1125//1125 
f 574//574 1862//1862 981//981 
f 1957//1957 2044//2044 256//256 
f 131//131 226//226 1875//1875 
f 151//151 1103//1103 1772//1772 
f 2148//2148 466//466 1158//1158 
f 1398//1398 1405//1405 1276//1276 
f 733//733 2220//2220 1300//1300 
f 1118//1118 332//332 2225//2225 
f 1949//1949 270//270 1776//1776 
f 176//176 1697//1697 850//850 
f 1113//1113 641//641 2194//2194 
f 1493//1493 999//999 1626//1626 
f 2121//2121 1884//1884 2156//2156 
f 591//591 417//417 478//478 
f 1533//1533 1612//1612 1184//1184 
f 410//410 1641//1641 281//281 
f 227//227 133//133 1943//1943 
f 736//736 374//374 1342//1342 
f 1361//1361 2028//2028 261//261 
f 1548//1548 1499//1499 723//723 
f 2045//2045 580//580 1564//1564 
f 1627//1627 2352//2352 2180//2180 
f 489//489 462//462 1891//1891 
f 1834//1834 1634//1634 2236//2236 
f 1615//1615 246//246 2210//2210 
f 321//321 1373//1373 2065//2065 
f 1351//1351 1883//1883 850//850 
f 238//238 454//454 1260//1260 
f 167//167 855//855 231//231 
f 993//993 2142//2142 612//612 
f 2116//2116 1766//1766 1506//1506 
f 2180//2180 2278//2278 1192//1192 
f 1310//1310 975//975 349//349 
f 548//548 842//842 1187//1187 
f 2127//2127 2246//2246 1581//1581 
f 1842//1842 1903//1903 147//147 
f 2108//2108 1388//1388 130//130 
f 1962//1962 2061//2061 1989//1989 
f 207//207 1478//1478 310//310 
f 2121//2121 2156//2156 1940//1940 
f 1506//1506 1915//1915 2047//2047 
f 2222//2222 957//957 753//753 
f 1116//1116 609//609 1918//1918 
f 1478//1478 206//206 431//431 
f 686//686 2044//2044 1145//1145 
f 1724//1724 245//245 1711//1711 
f 993//993 495//495 1641//1641 
f 1866//1866 167//167 1782//1782 
f 1124//1124 1516//1516 750//750 
f 1376//1376 1575//1575 1254//1254 
f 1937//1937 2119//2119 2175//2175 
f 1308//1308 360//360 1532//1532 
f 1610//1610 828//828 1417//1417 
f 1933//1933 1562//1562 154//154 
f 2054//2054 892//892 1531//1531 
f 291//291 1673//1673 640//640 
f 1381//1381 1311//1311 1218//1218 
f 946//946 1388//1388 1954//1954 
f 796//796 1683//1683 734//734 
f 173//173 745//745 1014//1014 
f 130//130 1167//1167 906//906 
f 1845//1845 1764//1764 274//274 
f 602//602 1215//1215 1473//1473 
f 271//271 413//413 1353//1353 
f 2116//2116 1506//1506 1389//1389 
f 803//803 998//998 1760//1760 
f 648//648 1115//1115 1566//1566 
f 249//249 1893//1893 1627//1627 
f 272//272 271//271 517//517 
f 391//391 1920//1920 247//247 
f 167//167 1218//1218 855//855 
f 1696//1696 259//259 661//661 
f 276//276 1160//1160 412//412 
f 1610//1610 2188//2188 2099//2099 
f 1223//1223 2064//2064 1871//1871 
f 1871//1871 2064//2064 517//517 
f 1388//1388 981//981 1862//1862 
f 754//754 619//619 2047//2047 
f 307//307 1672//1672 911//911 
f 1148//1148 260//260 1386//1386 
f 563//563 1827//1827 646//646 
f 1092//1092 1755//1755 1765//1765 
f 1743//1743 753//753 882//882 
f 1563//1563 1223//1223 1871//1871 
f 657//657 1867//1867 1053//1053 
f 896//896 1751//1751 169//169 
f 1493//1493 759//759 231//231 
f 1019//1019 1285//1285 904//904 
f 679//679 1419//1419 569//569 
f 609//609 839//839 244//244 
f 2118//2118 912//912 193//193 
f 179//179 1472//1472 846//846 
f 1576//1576 1649//1649 2158//2158 
f 1910//1910 751//751 2060//2060 
f 1000//1000 1755//1755 1058//1058 
f 661//661 2159//2159 1501//1501 
f 1902//1902 2246//2246 1313//1313 
f 720//720 1277//1277 161//161 
f 723//723 1971//1971 1548//1548 
f 941//941 2053//2053 2047//2047 
f 578//578 2247//2247 1643//1643 
f 193//193 611//611 1126//1126 
f 191//191 1715//1715 1279//1279 
f 216//216 1353//1353 1109//1109 
f 433//433 1444//1444 1928//1928 
f 138//138 1469//1469 289//289 
f 874//874 1234//1234 1412//1412 
f 1705//1705 243//243 1618//1618 
f 146//146 391//391 1653//1653 
f 2035//2035 999//999 1311//1311 
f 686//686 1145//1145 1001//1001 
f 203//203 297//297 1378//1378 
f 219//219 513//513 1174//1174 
f 777//777 898//898 2220//2220 
f 1494//1494 1264//1264 1695//1695 
f 1519//1519 290//290 1971//1971 
f 1975//1975 282//282 994//994 
f 1178//1178 1473//1473 208//208 
f 1803//1803 1315//1315 827//827 
f 1362//1362 1347//1347 1080//1080 
f 222//222 2138//2138 1130//1130 
f 854//854 1596//1596 755//755 
f 815//815 2037//2037 1442//1442 
f 2192//2192 746//746 183//183 
f 1440//1440 923//923 645//645 
f 1918//1918 1744//1744 191//191 
f 1723//1723 709//709 1197//1197 
f 1082//1082 492//492 2099//2099 
f 2201//2201 1473//1473 279//279 
f 1791//1791 192//192 1819//1819 
f 274//274 2192//2192 1845//1845 
f 1783//1783 1066//1066 1198//1198 
f 1726//1726 826//826 1435//1435 
f 1344//1344 1482//1482 1997//1997 
f 989//989 713//713 564//564 
f 2213//2213 180//180 1674//1674 
f 1414//1414 771//771 882//882 
f 2198//2198 1785//1785 199//199 
f 2054//2054 1531//1531 1331//1331 
f 1531//1531 1199//1199 1331//1331 
f 262//262 1315//1315 903//903 
f 972//972 2153//2153 1047//1047 
f 610//610 365//365 2120//2120 
f 1774//1774 695//695 1438//1438 
f 528//528 1838//1838 1509//1509 
f 137//137 1716//1716 1920//1920 
f 1215//1215 200//200 1213//1213 
f 1905//1905 1071//1071 648//648 
f 1285//1285 1658//1658 904//904 
f 1272//1272 292//292 1936//1936 
f 1878//1878 1027//1027 1304//1304 
f 1564//1564 1882//1882 198//198 
f 1506//1506 2047//2047 1389//1389 
f 486//486 1264//1264 2201//2201 
f 1194//1194 1315//1315 262//262 
f 2000//2000 133//133 801//801 
f 741//741 1071//1071 1852//1852 
f 2216//2216 1090//1090 2002//2002 
f 563//563 771//771 1414//1414 
f 833//833 1491//1491 602//602 
f 1105//1105 1106//1106 2096//2096 
f 1058//1058 1811//1811 1000//1000 
f 1766//1766 470//470 1915//1915 
f 1783//1783 1198//1198 903//903 
f 1335//1335 1501//1501 1293//1293 
f 1414//1414 882//882 753//753 
f 1342//1342 374//374 641//641 
f 884//884 1374//1374 2190//2190 
f 190//190 548//548 1187//1187 
f 989//989 564//564 314//314 
f 178//178 1207//1207 1187//1187 
f 1198//1198 262//262 903//903 
f 1546//1546 1491//1491 1970//1970 
f 247//247 1920//1920 1716//1716 
f 1915//1915 1817//1817 1084//1084 
f 1933//1933 154//154 308//308 
f 171//171 1724//1724 1791//1791 
f 655//655 768//768 395//395 
f 2118//2118 995//995 912//912 
f 1103//1103 692//692 1772//1772 
f 1762//1762 300//300 671//671 
f 166//166 1096//1096 397//397 
f 1259//1259 1096//1096 447//447 
f 1915//1915 1084//1084 941//941 
f 622//622 1031//1031 1427//1427 
f 1178//1178 602//602 1473//1473 
f 1367//1367 1864//1864 1132//1132 
f 1470//1470 229//229 1899//1899 
f 279//279 1215//1215 1213//1213 
f 1335//1335 1293//1293 1103//1103 
f 948//948 777//777 1409//1409 
f 2013//2013 1178//1178 208//208 
f 1842//1842 1791//1791 1903//1903 
f 2201//2201 279//279 1213//1213 
f 337//337 2121//2121 1551//1551 
f 256//256 2044//2044 686//686 
f 1884//1884 1070//1070 2156//2156 
f 1775//1775 2057//2057 881//881 
f 1970//1970 731//731 1136//1136 
f 1658//1658 2042//2042 2142//2142 
f 276//276 1780//1780 911//911 
f 2045//2045 1564//1564 198//198 
f 407//407 975//975 1781//1781 
f 706//706 1156//1156 1074//1074 
f 1122//1122 1769//1769 497//497 
f 1957//1957 1955//1955 232//232 
f 268//268 536//536 493//493 
f 1160//1160 1672//1672 1285//1285 
f 1724//1724 1711//1711 2138//2138 
f 1527//1527 1540//1540 266//266 
f 261//261 1076//1076 2013//2013 
f 1493//1493 229//229 2025//2025 
f 1438//1438 695//695 637//637 
f 1466//1466 1982//1982 2239//2239 
f 1866//1866 1381//1381 1218//1218 
f 1270//1270 293//293 1127//1127 
f 293//293 559//559 1638//1638 
f 879//879 974//974 1088//1088 
f 1524//1524 1172//1172 2204//2204 
f 509//509 1456//1456 1414//1414 
f 1782//1782 167//167 1981//1981 
f 657//657 1779//1779 1798//1798 
f 1351//1351 1015//1015 1101//1101 
f 1631//1631 971//971 1310//1310 
f 1059//1059 1346//1346 2209//2209 
f 1688//1688 1080//1080 1480//1480 
f 990//990 766//766 1389//1389 
f 1334//1334 477//477 459//459 
f 906//906 173//173 2086//2086 
f 1982//1982 1101//1101 2239//2239 
f 1001//1001 1145//1145 1438//1438 
f 163//163 190//190 1207//1207 
f 407//407 1496//1496 314//314 
f 2223//2223 1078//1078 1849//1849 
f 294//294 1500//1500 2003//2003 
f 2215//2215 154//154 2011//2011 
f 699//699 1546//1546 1970//1970 
f 165//165 1977//1977 2198//2198 
f 1277//1277 417//417 1049//1049 
f 216//216 232//232 1879//1879 
f 537//537 529//529 2102//2102 
f 1361//1361 1102//1102 2028//2028 
f 1267//1267 1647//1647 2216//2216 
f 1799//1799 2154//2154 1244//1244 
f 1065//1065 1136//1136 731//731 
f 1900//1900 497//497 1090//1090 
f 743//743 147//147 1903//1903 
f 441//441 747//747 2097//2097 
f 2023//2023 1633//1633 747//747 
f 1701//1701 1048//1048 1524//1524 
f 1048//1048 1172//1172 1524//1524 
f 1936//1936 545//545 1671//1671 
f 537//537 2102//2102 945//945 
f 2120//2120 1207//1207 204//204 
f 1989//1989 413//413 272//272 
f 1070//1070 1657//1657 2156//2156 
f 1109//1109 655//655 1957//1957 
f 2003//2003 1198//1198 1066//1066 
f 1819//1819 1113//1113 158//158 
f 1834//1834 2236//2236 286//286 
f 1253//1253 1116//1116 1918//1918 
f 1449//1449 1981//1981 896//896 
f 991//991 853//853 1444//1444 
f 2226//2226 1659//1659 988//988 
f 247//247 1716//1716 2104//2104 
f 1794//1794 156//156 2106//2106 
f 1163//1163 238//238 1260//1260 
f 1466//1466 401//401 1982//1982 
f 1581//1581 536//536 211//211 
f 1412//1412 1618//1618 1561//1561 
f 1875//1875 286//286 1764//1764 
f 1167//1167 1972//1972 1364//1364 
f 1270//1270 1127//1127 234//234 
f 640//640 1966//1966 1935//1935 
f 2041//2041 900//900 396//396 
f 963//963 537//537 1756//1756 
f 527//527 1683//1683 796//796 
f 1310//1310 2004//2004 1781//1781 
f 1314//1314 946//946 1589//1589 
f 1387//1387 1958//1958 1932//1932 
f 533//533 288//288 783//783 
f 604//604 367//367 1585//1585 
f 1475//1475 1445//1445 2119//2119 
f 682//682 1031//1031 622//622 
f 2178//2178 1078//1078 1349//1349 
f 868//868 410//410 281//281 
f 282//282 743//743 1903//1903 
f 1990//1990 1739//1739 782//782 
f 1234//1234 131//131 1875//1875 
f 1235//1235 264//264 278//278 
f 1915//1915 470//470 1123//1123 
f 1739//1739 831//831 782//782 
f 1415//1415 2242//2242 1194//1194 
f 137//137 677//677 1716//1716 
f 1435//1435 818//818 1726//1726 
f 271//271 870//870 517//517 
f 1871//1871 139//139 1741//1741 
f 246//246 1565//1565 1913//1913 
f 1436//1436 1608//1608 916//916 
f 807//807 2191//2191 1975//1975 
f 812//812 175//175 596//596 
f 1935//1935 1416//1416 354//354 
f 1420//1420 1928//1928 1381//1381 
f 1879//1879 1955//1955 277//277 
f 949//949 2009//2009 1268//1268 
f 318//318 1953//1953 824//824 
f 255//255 1466//1466 2239//2239 
f 1561//1561 228//228 1453//1453 
f 1864//1864 1843//1843 1132//1132 
f 1574//1574 330//330 834//834 
f 1444//1444 157//157 1928//1928 
f 718//718 506//506 1908//1908 
f 234//234 1127//1127 1876//1876 
f 969//969 2169//2169 450//450 
f 1646//1646 733//733 1740//1740 
f 834//834 330//330 1038//1038 
f 1425//1425 1994//1994 1101//1101 
f 1314//1314 1589//1589 1809//1809 
f 822//822 294//294 2003//2003 
f 827//827 1250//1250 1185//1185 
f 827//827 1194//1194 1948//1948 
f 870//870 1879//1879 1470//1470 
f 758//758 1210//1210 2123//2123 
f 2120//2120 163//163 1207//1207 
f 1483//1483 2199//2199 1888//1888 
f 1001//1001 637//637 2183//2183 
f 1553//1553 529//529 963//963 
f 2216//2216 2002//2002 1534//1534 
f 215//215 1799//1799 214//214 
f 1883//1883 1133//1133 176//176 
f 282//282 1903//1903 994//994 
f 1611//1611 1965//1965 928//928 
f 2220//2220 218//218 1416//1416 
f 194//194 545//545 292//292 
f 1226//1226 1688//1688 1141//1141 
f 1415//1415 1599//1599 2242//2242 
f 1185//1185 1436//1436 471//471 
f 1500//1500 1415//1415 1194//1194 
f 159//159 1952//1952 1752//1752 
f 452//452 484//484 202//202 
f 1038//1038 1662//1662 1590//1590 
f 2149//2149 2110//2110 1866//1866 
f 1958//1958 1519//1519 1971//1971 
f 1364//1364 745//745 1446//1446 
f 1070//1070 1884//1884 2104//2104 
f 289//289 1469//1469 1805//1805 
f 643//643 199//199 290//290 
f 210//210 1834//1834 842//842 
f 445//445 713//713 223//223 
f 1469//1469 1260//1260 473//473 
f 604//604 1585//1585 1820//1820 
f 1759//1759 1794//1794 1031//1031 
f 422//422 1031//1031 2166//2166 
f 725//725 1063//1063 2067//2067 
f 768//768 1628//1628 502//502 
f 447//447 1910//1910 164//164 
f 2166//2166 1135//1135 265//265 
f 1883//1883 392//392 1133//1133 
f 1681//1681 248//248 857//857 
f 1268//1268 1074//1074 1832//1832 
f 1773//1773 2088//2088 1574//1574 
f 276//276 412//412 750//750 
f 1751//1751 170//170 169//169 
f 2169//2169 969//969 1522//1522 
f 1423//1423 266//266 1540//1540 
f 750//750 1411//1411 275//275 
f 1118//1118 2225//2225 1821//1821 
f 1638//1638 2242//2242 1032//1032 
f 1178//1178 2013//2013 1076//1076 
f 206//206 207//207 949//949 
f 1975//1975 994//994 211//211 
f 1411//1411 1780//1780 275//275 
f 949//949 1832//1832 1934//1934 
f 484//484 936//936 297//297 
f 259//259 1696//1696 1535//1535 
f 2169//2169 1835//1835 450//450 
f 2223//2223 1553//1553 1349//1349 
f 1310//1310 971//971 1516//1516 
f 1950//1950 896//896 169//169 
f 1772//1772 692//692 1039//1039 
f 1535//1535 1696//1696 1174//1174 
f 656//656 144//144 143//143 
f 1132//1132 329//329 1324//1324 
f 290//290 199//199 979//979 
f 1382//1382 1495//1495 1213//1213 
f 1545//1545 1366//1366 580//580 
f 1994//1994 1547//1547 924//924 
f 2201//2201 235//235 486//486 
f 138//138 289//289 1535//1535 
f 145//145 995//995 831//831 
f 1781//1781 947//947 1496//1496 
f 529//529 537//537 963//963 
f 1419//1419 1794//1794 959//959 
f 1639//1639 191//191 1279//1279 
f 1755//1755 1954//1954 2108//2108 
f 775//775 1072//1072 2104//2104 
f 619//619 702//702 2047//2047 
f 743//743 282//282 1975//1975 
f 622//622 1427//1427 1774//1774 
f 199//199 1785//1785 979//979 
f 396//396 416//416 2041//2041 
f 287//287 1568//1568 1158//1158 
f 2194//2194 1855//1855 986//986 
f 1675//1675 1524//1524 2054//2054 
f 1272//1272 1299//1299 292//292 
f 2223//2223 761//761 969//969 
f 2119//2119 1937//1937 1463//1463 
f 1940//1940 593//593 1731//1731 
f 1045//1045 1447//1447 1855//1855 
f 1685//1685 254//254 1609//1609 
f 198//198 1882//1882 1842//1842 
f 1564//1564 580//580 169//169 
f 2208//2208 1847//1847 1245//1245 
f 1662//1662 803//803 1027//1027 
f 1047//1047 2153//2153 1602//1602 
f 1496//1496 947//947 371//371 
f 903//903 1315//1315 1803//1803 
f 1928//1928 1000//1000 1811//1811 
f 1427//1427 2072//2072 1261//1261 
f 2159//2159 2067//2067 1533//1533 
f 1015//1015 1835//1835 2169//2169 
f 1405//1405 1878//1878 1304//1304 
f 1451//1451 2055//2055 1973//1973 
f 1156//1156 267//267 1527//1527 
f 1156//1156 1527//1527 241//241 
f 1442//1442 713//713 989//989 
f 1445//1445 1809//1809 1092//1092 
f 1272//1272 903//903 1299//1299 
f 842//842 131//131 1187//1187 
f 2106//2106 1926//1926 1047//1047 
f 1030//1030 2237//2237 653//653 
f 1250//1250 1948//1948 398//398 
f 1876//1876 1540//1540 1527//1527 
f 569//569 989//989 679//679 
f 1419//1419 679//679 1926//1926 
f 2057//2057 196//196 1637//1637 
f 969//969 1553//1553 2223//2223 
f 771//771 990//990 882//882 
f 868//868 876//876 2153//2153 
f 251//251 1059//1059 1378//1378 
f 868//868 2249//2249 152//152 
f 1778//1778 1936//1936 1769//1769 
f 543//543 1374//1374 2063//2063 
f 2208//2208 1245//1245 155//155 
f 2005//2005 2218//2218 836//836 
f 2191//2191 807//807 968//968 
f 194//194 292//292 1299//1299 
f 1848//1848 250//250 2236//2236 
f 795//795 1989//1989 2064//2064 
f 2226//2226 1463//1463 1937//1937 
f 671//671 677//677 137//137 
f 1852//1852 513//513 916//916 
f 737//737 1936//1936 237//237 
f 1499//1499 1548//1548 795//795 
f 519//519 1514//1514 1309//1309 
f 285//285 2287//2287 1752//1752 
f 168//168 1699//1699 1140//1140 
f 195//195 1451//1451 1121//1121 
f 1475//1475 1703//1703 1561//1561 
f 1883//1883 176//176 850//850 
f 658//658 610//610 2120//2120 
f 1138//1138 1059//1059 2065//2065 
f 165//165 2198//2198 643//643 
f 1351//1351 850//850 1292//1292 
f 1387//1387 1519//1519 1958//1958 
f 395//395 1582//1582 2044//2044 
f 160//160 1138//1138 2065//2065 
f 235//235 1213//1213 1707//1707 
f 413//413 1989//1989 467//467 
f 1780//1780 441//441 307//307 
f 1070//1070 1072//1072 810//810 
f 1292//1292 1697//1697 431//431 
f 2000//2000 1795//1795 478//478 
f 865//865 1491//1491 833//833 
f 1513//1513 158//158 1257//1257 
f 212//212 689//689 1815//1815 
f 2120//2120 1254//1254 163//163 
f 1950//1950 1449//1449 896//896 
f 1000//1000 1765//1765 1755//1755 
f 1117//1117 1700//1700 657//657 
f 868//868 152//152 410//410 
f 1451//1451 195//195 181//181 
f 1113//1113 222//222 641//641 
f 928//928 1965//1965 165//165 
f 1236//1236 1711//1711 1384//1384 
f 793//793 968//968 1034//1034 
f 945//945 266//266 1552//1552 
f 1935//1935 291//291 640//640 
f 1045//1045 209//209 736//736 
f 1611//1611 928//928 1387//1387 
f 1553//1553 963//963 1165//1165 
f 972//972 1683//1683 2153//2153 
f 1292//1292 431//431 206//206 
f 1116//1116 240//240 609//609 
f 592//592 857//857 894//894 
f 478//478 1795//1795 2091//2091 
f 2063//2063 1374//1374 2109//2109 
f 521//521 254//254 924//924 
f 276//276 275//275 1780//1780 
f 1896//1896 1308//1308 269//269 
f 2064//2064 1989//1989 272//272 
f 237//237 1936//1936 1671//1671 
f 839//839 1596//1596 318//318 
f 1638//1638 2222//2222 1464//1464 
f 1116//1116 1356//1356 240//240 
f 2307//2307 2306//2306 90//90 
f 466//466 2148//2148 161//161 
f 782//782 1972//1972 1167//1167 
f 371//371 2249//2249 527//527 
f 1830//1830 1854//1854 1166//1166 
f 1915//1915 1123//1123 1817//1817 
f 2305//2305 2364//2364 1801//1801 
f 2363//2363 614//614 2364//2364 
f 169//169 1366//1366 1950//1950 
f 224//224 1495//1495 1382//1382 
f 1435//1435 826//826 321//321 
f 614//614 2361//2361 2360//2360 
f 2358//2358 2357//2357 2122//2122 
f 1994//1994 1522//1522 1547//1547 
f 1286//1286 1896//1896 269//269 
f 733//733 1300//1300 1740//1740 
f 1386//1386 2057//2057 1775//1775 
f 595//595 267//267 1156//1156 
f 211//211 994//994 1581//1581 
f 1892//1892 2296//2296 2295//2295 
f 1121//1121 1973//1973 196//196 
f 222//222 1342//1342 641//641 
f 285//285 2288//2288 2287//2287 
f 217//217 2003//2003 1066//1066 
f 1101//1101 1015//1015 1425//1425 
f 2083//2083 2284//2284 2354//2354 
f 473//473 725//725 2159//2159 
f 1078//1078 2178//2178 689//689 
f 1372//1372 1864//1864 968//968 
f 683//683 2353//2353 2283//2283 
f 2281//2281 2280//2280 1627//1627 
f 861//861 1624//1624 1669//1669 
f 1126//1126 611//611 1364//1364 
f 2156//2156 1657//1657 1722//1722 
f 1627//1627 2280//2280 2352//2352 
f 252//252 775//775 2104//2104 
f 2166//2166 2106//2106 1602//1602 
f 423//423 233//233 775//775 
f 1245//1245 220//220 1308//1308 
f 174//174 307//307 485//485 
f 1087//1087 1925//1925 172//172 
f 979//979 1785//1785 223//223 
f 2180//2180 2279//2279 2278//2278 
f 254//254 1471//1471 924//924 
f 2195//2195 2350//2350 2349//2349 
f 304//304 161//161 1049//1049 
f 1405//1405 1304//1304 973//973 
f 171//171 1791//1791 1842//1842 
f 1423//1423 1540//1540 1415//1415 
f 2277//2277 2276//2276 2049//2049 
f 1073//1073 2274//2274 2346//2346 
f 982//982 208//208 624//624 
f 255//255 2239//2239 1471//1471 
f 745//745 611//611 1741//1741 
f 528//528 1509//1509 1895//1895 
f 1437//1437 2347//2347 2275//2275 
f 1500//1500 1194//1194 262//262 
f 720//720 161//161 2148//2148 
f 2345//2345 2270//2270 1558//1558 
f 768//768 655//655 1628//1628 
f 2240//2240 181//181 1148//1148 
f 1070//1070 2104//2104 1072//1072 
f 233//233 2270//2270 2269//2269 
f 774//774 2003//2003 217//217 
f 1779//1779 2213//2213 1674//1674 
f 1685//1685 255//255 254//254 
f 1179//1179 2266//2266 2265//2265 
f 1954//1954 1755//1755 1092//1092 
f 1949//1949 2344//2344 2263//2263 
f 2343//2343 144//144 2260//2260 
f 1609//1609 254//254 521//521 
f 234//234 1876//1876 595//595 
f 1659//1659 1937//1937 221//221 
f 2258//2258 2341//2341 295//295 
f 195//195 1121//1121 1148//1148 
f 1210//1210 758//758 2050//2050 
f 2314//2314 2315//2315 2337//2337 
f 2148//2148 1158//1158 1624//1624 
f 2313//2313 2314//2314 2337//2337 
f 2313//2313 2336//2336 2312//2312 
f 1631//1631 1310//1310 349//349 
f 440//440 1721//1721 971//971 
f 2315//2315 77//77 2340//2340 
f 1172//1172 1048//1048 284//284 
f 2336//2336 2313//2313 2337//2337 
f 1965//1965 443//443 165//165 
f 2090//2090 1697//1697 176//176 
f 2217//2217 1624//1624 1789//1789 
f 2311//2311 2312//2312 2336//2336 
f 2311//2311 2334//2334 2365//2365 
f 229//229 1347//1347 2025//2025 
f 504//504 486//486 1997//1997 
f 2334//2334 2311//2311 2336//2336 
f 2159//2159 661//661 1805//1805 
f 1876//1876 267//267 595//595 
f 1723//1723 1927//1927 1575//1575 
f 2310//2310 2365//2365 2334//2334 
f 281//281 1641//1641 495//495 
f 2102//2102 266//266 945//945 
f 989//989 734//734 679//679 
f 1084//1084 971//971 1631//1631 
f 2333//2333 2309//2309 2310//2310 
f 252//252 423//423 775//775 
f 1853//1853 678//678 1953//1953 
f 519//519 843//843 1514//1514 
f 2156//2156 1722//1722 593//593 
f 2310//2310 2334//2334 2333//2333 
f 1359//1359 1971//1971 2037//2037 
f 2332//2332 2309//2309 2333//2333 
f 1928//1928 1765//1765 1000//1000 
f 1916//1916 595//595 706//706 
f 2309//2309 2332//2332 2308//2308 
f 221//221 2175//2175 991//991 
f 1864//1864 1372//1372 1843//1843 
f 1242//1242 627//627 2190//2190 
f 780//780 893//893 585//585 
f 495//495 993//993 1919//1919 
f 1978//1978 526//526 1447//1447 
f 892//892 1625//1625 1921//1921 
f 2053//2053 1631//1631 388//388 
f 1852//1852 757//757 513//513 
f 2331//2331 2308//2308 2332//2332 
f 2308//2308 2331//2331 2307//2307 
f 1414//1414 1456//1456 563//563 
f 812//812 1787//1787 175//175 
f 695//695 1119//1119 802//802 
f 1819//1819 158//158 1513//1513 
f 1695//1695 1264//1264 302//302 
f 709//709 1575//1575 1376//1376 
f 1331//1331 1596//1596 854//854 
f 2329//2329 2306//2306 2330//2330 
f 194//194 471//471 1041//1041 
f 2305//2305 2306//2306 2329//2329 
f 1715//1715 1216//1216 1279//1279 
f 755//755 1596//1596 1233//1233 
f 318//318 1596//1596 1331//1331 
f 1760//1760 184//184 1195//1195 
f 982//982 624//624 1895//1895 
f 706//706 595//595 1156//1156 
f 1078//1078 2223//2223 1349//1349 
f 2364//2364 2305//2305 2329//2329 
f 824//824 172//172 244//244 
f 161//161 1277//1277 1049//1049 
f 2364//2364 2329//2329 2363//2363 
f 1157//1157 1614//1614 1818//1818 
f 471//471 219//219 1696//1696 
f 2363//2363 2328//2328 2362//2362 
f 2138//2138 222//222 1819//1819 
f 2327//2327 2361//2361 2362//2362 
f 2327//2327 2362//2362 2328//2328 
f 2326//2326 2360//2360 2361//2361 
f 474//474 968//968 807//807 
f 1127//1127 1032//1032 1599//1599 
f 879//879 2041//2041 974//974 
f 994//994 2127//2127 1581//1581 
f 1364//1364 611//611 745//745 
f 1012//1012 1366//1366 1545//1545 
f 2326//2326 2361//2361 2327//2327 
f 1165//1165 963//963 2123//2123 
f 877//877 2246//2246 847//847 
f 1971//1971 290//290 979//979 
f 2237//2237 2186//2186 1166//1166 
f 445//445 223//223 1785//1785 
f 186//186 1074//1074 1268//1268 
f 2326//2326 2304//2304 2360//2360 
f 1598//1598 1811//1811 1058//1058 
f 1119//1119 1451//1451 802//802 
f 2303//2303 2304//2304 2326//2326 
f 1830//1830 1259//1259 1854//1854 
f 1284//1284 893//893 780//780 
f 1740//1740 401//401 1466//1466 
f 2325//2325 2303//2303 2326//2326 
f 2303//2303 2325//2325 2359//2359 
f 561//561 1747//1747 1609//1609 
f 2203//2203 2110//2110 2149//2149 
f 317//317 1815//1815 1625//1625 
f 2138//2138 764//764 1130//1130 
f 683//683 2283//2283 2164//2164 
f 861//861 720//720 1624//1624 
f 1673//1673 2090//2090 176//176 
f 1624//1624 720//720 2148//2148 
f 2323//2323 2302//2302 2359//2359 
f 1658//1658 2142//2142 904//904 
f 2359//2359 2324//2324 2323//2323 
f 2358//2358 2302//2302 2323//2323 
f 1140//1140 723//723 1499//1499 
f 2323//2323 2357//2357 2358//2358 
f 238//238 1971//1971 723//723 
f 1384//1384 1711//1711 245//245 
f 395//395 768//768 1582//1582 
f 2322//2322 2357//2357 2323//2323 
f 990//990 702//702 735//735 
f 751//751 900//900 879//879 
f 2322//2322 2301//2301 2357//2357 
f 1609//1609 521//521 212//212 
f 212//212 1815//1815 317//317 
f 1731//1731 1546//1546 699//699 
f 2300//2300 2301//2301 2322//2322 
f 948//948 1409//1409 1685//1685 
f 2299//2299 2300//2300 2322//2322 
f 2320//2320 2356//2356 2299//2299 
f 1409//1409 733//733 1646//1646 
f 1854//1854 1212//1212 2237//2237 
f 177//177 1257//1257 847//847 
f 2320//2320 2299//2299 2322//2322 
f 2037//2037 223//223 1442//1442 
f 2319//2319 2298//2298 2356//2356 
f 2319//2319 2356//2356 2320//2320 
f 2319//2319 2297//2297 2298//2298 
f 1425//1425 1015//1015 2169//2169 
f 1138//1138 1346//1346 1059//1059 
f 1932//1932 135//135 1611//1611 
f 521//521 689//689 212//212 
f 2355//2355 2297//2297 2319//2319 
f 250//250 1848//1848 1764//1764 
f 1950//1950 1366//1366 1012//1012 
f 1378//1378 1059//1059 2209//2209 
f 1002//1002 1165//1165 2123//2123 
f 845//845 295//295 409//409 
f 1299//1299 1803//1803 194//194 
f 2318//2318 2355//2355 2319//2319 
f 2296//2296 2355//2355 2318//2318 
f 1626//1626 1899//1899 229//229 
f 1748//1748 898//898 777//777 
f 637//637 695//695 802//802 
f 1610//1610 2099//2099 983//983 
f 1136//1136 1551//1551 1970//1970 
f 500//500 2209//2209 2124//2124 
f 1150//1150 913//913 1748//1748 
f 2061//2061 1635//1635 1628//1628 
f 808//808 217//217 1783//1783 
f 132//132 1561//1561 1453//1453 
f 142//142 1771//1771 1359//1359 
f 2317//2317 2296//2296 2318//2318 
f 202//202 506//506 718//718 
f 1821//1821 2225//2225 1012//1012 
f 2295//2295 2296//2296 2317//2317 
f 2294//2294 2295//2295 2317//2317 
f 2317//2317 2293//2293 2294//2294 
f 1167//1167 1446//1446 906//906 
f 450//450 529//529 969//969 
f 1602//1602 2153//2153 1607//1607 
f 2094//2094 1919//1919 993//993 
f 2316//2316 2292//2292 2293//2293 
f 492//492 1896//1896 1286//1286 
f 780//780 1324//1324 1452//1452 
f 2316//2316 2293//2293 2317//2317 
f 2291//2291 2292//2292 2316//2316 
f 1416//1416 218//218 354//354 
f 354//354 218//218 2117//2117 
f 2290//2290 2291//2291 2316//2316 
f 2289//2289 2290//2290 2316//2316 
f 1135//1135 1602//1602 843//843 
f 624//624 208//208 1494//1494 
f 2288//2288 2289//2289 2316//2316 
f 2288//2288 2316//2316 2287//2287 
f 950//950 237//237 1671//1671 
f 1197//1197 1443//1443 1253//1253 
f 1141//1141 170//170 1751//1751 
f 2316//2316 2286//2286 2287//2287 
f 1524//1524 892//892 2054//2054 
f 661//661 289//289 1805//1805 
f 1789//1789 1624//1624 2168//2168 
f 1150//1150 1748//1748 1042//1042 
f 661//661 1354//1354 1696//1696 
f 1088//1088 974//974 677//677 
f 2204//2204 1150//1150 1907//1907 
f 2316//2316 2317//2317 2286//2286 
f 1558//1558 233//233 423//423 
f 175//175 1787//1787 1375//1375 
f 194//194 1041//1041 545//545 
f 2317//2317 2285//2285 2286//2286 
f 1377//1377 337//337 1065//1065 
f 1452//1452 1324//1324 2193//2193 
f 1353//1353 654//654 1109//1109 
f 2317//2317 2284//2284 2285//2285 
f 2353//2353 2354//2354 2317//2317 
f 1582//1582 382//382 2044//2044 
f 1948//1948 1464//1464 398//398 
f 1195//1195 2020//2020 1576//1576 
f 2353//2353 2318//2318 2283//2283 
f 991//991 1444//1444 1991//1991 
f 1743//1743 990//990 735//735 
f 2353//2353 2317//2317 2318//2318 
f 1752//1752 2286//2286 2083//2083 
f 1070//1070 810//810 1657//1657 
f 2318//2318 2282//2282 2283//2283 
f 1567//1567 810//810 1698//1698 
f 1907//1907 1747//1747 561//561 
f 172//172 1744//1744 244//244 
f 1005//1005 2132//2132 1417//1417 
f 2318//2318 2281//2281 2282//2282 
f 2183//2183 637//637 189//189 
f 489//489 1891//1891 2217//2217 
f 281//281 495//495 1459//1459 
f 1126//1126 1972//1972 2118//2118 
f 239//239 1776//1776 1403//1403 
f 1097//1097 2222//2222 741//741 
f 1943//1943 417//417 1277//1277 
f 338//338 1197//1197 709//709 
f 1622//1622 508//508 812//812 
f 2280//2280 2319//2319 2320//2320 
f 1821//1821 2191//2191 793//793 
f 2280//2280 2320//2320 2352//2352 
f 1030//1030 2186//2186 2237//2237 
f 1367//1367 1132//1132 1324//1324 
f 2320//2320 2279//2279 2352//2352 
f 253//253 1039//1039 1075//1075 
f 1778//1778 1783//1783 1272//1272 
f 381//381 1449//1449 1950//1950 
f 783//783 1210//1210 2050//2050 
f 2278//2278 2279//2279 2320//2320 
f 1373//1373 1919//1919 961//961 
f 665//665 2210//2210 136//136 
f 1707//1707 1841//1841 966//966 
f 1384//1384 245//245 1480//1480 
f 1259//1259 164//164 1430//1430 
f 1548//1548 1359//1359 1771//1771 
f 1063//1063 1260//1260 1140//1140 
f 2278//2278 2320//2320 2321//2321 
f 596//596 1411//1411 750//750 
f 973//973 1576//1576 2158//2158 
f 2321//2321 2351//2351 2278//2278 
f 341//341 780//780 1452//1452 
f 1756//1756 1423//1423 294//294 
f 574//574 981//981 946//946 
f 300//300 1212//1212 1854//1854 
f 610//610 658//658 960//960 
f 2321//2321 2350//2350 2351//2351 
f 2218//2218 1377//1377 1483//1483 
f 609//609 244//244 1918//1918 
f 2349//2349 2350//2350 2323//2323 
f 1602//1602 1607//1607 843//843 
f 2321//2321 2323//2323 2350//2350 
f 942//942 1495//1495 224//224 
f 2166//2166 265//265 422//422 
f 1938//1938 1774//1774 1438//1438 
f 1346//1346 1030//1030 2124//2124 
f 2349//2349 2323//2323 2324//2324 
f 801//801 1678//1678 1302//1302 
f 947//947 750//750 412//412 
f 1277//1277 720//720 1532//1532 
f 1199//1199 1953//1953 318//318 
f 983//983 524//524 828//828 
f 2135//2135 524//524 983//983 
f 2324//2324 2348//2348 2349//2349 
f 2188//2188 1590//1590 1878//1878 
f 2246//2246 1440//1440 1313//1313 
f 2108//2108 2086//2086 1755//1755 
f 1610//1610 2132//2132 2188//2188 
f 1130//1130 2170//2170 1342//1342 
f 596//596 1622//1622 812//812 
f 2017//2017 2216//2216 1534//1534 
f 783//783 2050//2050 273//273 
f 2324//2324 2277//2277 2348//2348 
f 828//828 524//524 462//462 
f 2277//2277 2325//2325 2276//2276 
f 2324//2324 2325//2325 2277//2277 
f 2178//2178 1349//1349 225//225 
f 2325//2325 2347//2347 2276//2276 
f 2191//2191 968//968 793//793 
f 2169//2169 1522//1522 1425//1425 
f 822//822 1756//1756 294//294 
f 2347//2347 2327//2327 2275//2275 
f 2326//2326 2327//2327 2347//2347 
f 464//464 627//627 1798//1798 
f 2327//2327 2274//2274 2275//2275 
f 2216//2216 1647//1647 1090//1090 
f 2000//2000 478//478 417//417 
f 780//780 585//585 1367//1367 
f 1014//1014 2035//2035 1598//1598 
f 1214//1214 925//925 1375//1375 
f 140//140 655//655 1109//1109 
f 1260//1260 454//454 1140//1140 
f 130//130 1990//1990 1167//1167 
f 892//892 1524//1524 2204//2204 
f 969//969 529//529 1553//1553 
f 2273//2273 2346//2346 2327//2327 
f 149//149 2088//2088 1394//1394 
f 961//961 160//160 2065//2065 
f 2328//2328 2273//2273 2327//2327 
f 2328//2328 2272//2272 2273//2273 
f 2271//2271 2272//2272 2328//2328 
f 1031//1031 2072//2072 1427//1427 
f 278//278 1850//1850 1347//1347 
f 278//278 264//264 1850//1850 
f 489//489 1053//1053 462//462 
f 1849//1849 1078//1078 689//689 
f 2192//2192 532//532 746//746 
f 495//495 1919//1919 1373//1373 
f 560//560 1009//1009 670//670 
f 2329//2329 2271//2271 2328//2328 
f 2271//2271 2329//2329 2345//2345 
f 1821//1821 1545//1545 2191//2191 
f 175//175 1375//1375 1105//1105 
f 2330//2330 2270//2270 2345//2345 
f 1905//1905 1852//1852 1071//1071 
f 1076//1076 1169//1169 1812//1812 
f 1150//1150 1042//1042 1747//1747 
f 1150//1150 1747//1747 1907//1907 
f 2345//2345 2329//2329 2330//2330 
f 493//493 1363//1363 1474//1474 
f 526//526 840//840 141//141 
f 1365//1365 1226//1226 1751//1751 
f 692//692 1686//1686 765//765 
f 177//177 1903//1903 1257//1257 
f 2330//2330 2331//2331 2270//2270 
f 2269//2269 2331//2331 2268//2268 
f 308//308 1462//1462 1933//1933 
f 2135//2135 1286//1286 1669//1669 
f 2135//2135 1669//1669 1891//1891 
f 1688//1688 171//171 1842//1842 
f 1058//1058 2086//2086 1598//1598 
f 1309//1309 1514//1514 826//826 
f 763//763 1785//1785 2198//2198 
f 2268//2268 2332//2332 2267//2267 
f 1411//1411 2023//2023 1780//1780 
f 775//775 233//233 1072//1072 
f 1397//1397 1943//1943 1277//1277 
f 1067//1067 1649//1649 1576//1576 
f 1355//1355 1417//1417 967//967 
f 1144//1144 879//879 1088//1088 
f 2331//2331 2332//2332 2268//2268 
f 917//917 1562//1562 1005//1005 
f 400//400 1097//1097 1608//1608 
f 1871//1871 1134//1134 139//139 
f 2194//2194 1257//1257 158//158 
f 745//745 1741//1741 883//883 
f 2332//2332 2266//2266 2267//2267 
f 2170//2170 1294//1294 2215//2215 
f 236//236 959//959 1295//1295 
f 2332//2332 2333//2333 2266//2266 
f 2175//2175 853//853 991//991 
f 2266//2266 2333//2333 2265//2265 
f 975//975 1310//1310 1781//1781 
f 808//808 183//183 217//217 
f 2333//2333 2264//2264 2265//2265 
f 2333//2333 2335//2335 2264//2264 
f 2057//2057 1637//1637 1394//1394 
f 2344//2344 2264//2264 2335//2335 
f 678//678 1995//1995 1953//1953 
f 2004//2004 947//947 1781//1781 
f 843//843 1607//1607 1514//1514 
f 1319//1319 1585//1585 957//957 
f 2086//2086 1058//1058 1755//1755 
f 988//988 960//960 2226//2226 
f 1334//1334 459//459 2094//2094 
f 2097//2097 1570//1570 485//485 
f 273//273 532//532 1848//1848 
f 2335//2335 2336//2336 2344//2344 
f 2263//2263 2337//2337 2262//2262 
f 2336//2336 2337//2337 2263//2263 
f 1848//1848 2236//2236 533//533 
f 980//980 2220//2220 898//898 
f 2337//2337 2261//2261 2262//2262 
f 1267//1267 1075//1075 258//258 
f 2168//2168 1472//1472 1789//1789 
f 1785//1785 1559//1559 445//445 
f 1657//1657 1567//1567 1722//1722 
f 1686//1686 995//995 145//145 
f 1916//1916 1270//1270 234//234 
f 1039//1039 560//560 1075//1075 
f 2337//2337 2260//2260 2261//2261 
f 1771//1771 1232//1232 1962//1962 
f 1351//1351 1101//1101 1982//1982 
f 2337//2337 2338//2338 2260//2260 
f 1346//1346 1138//1138 2186//2186 
f 1346//1346 2186//2186 1030//1030 
f 761//761 2223//2223 1849//1849 
f 381//381 1950//1950 1012//1012 
f 447//447 1096//1096 166//166 
f 422//422 265//265 2072//2072 
f 2343//2343 2338//2338 2342//2342 
f 1845//1845 2192//2192 512//512 
f 1957//1957 395//395 2044//2044 
f 1589//1589 1954//1954 1092//1092 
f 1785//1785 763//763 1559//1559 
f 1473//1473 1215//1215 279//279 
f 2339//2339 2259//2259 2342//2342 
f 2338//2338 2339//2339 2342//2342 
f 2258//2258 2259//2259 2339//2339 
f 1359//1359 1548//1548 1971//1971 
f 1178//1178 1076//1076 1812//1812 
f 1997//1997 656//656 1344//1344 
f 1039//1039 692//692 765//765 
f 276//276 911//911 1160//1160 
f 1698//1698 1072//1072 2143//2143 
f 1456//1456 987//987 563//563 
f 2257//2257 2341//2341 2339//2339 
f 1216//1216 784//784 1834//1834 
f 459//459 1830//1830 588//588 
f 1421//1421 1916//1916 706//706 
f 592//592 1681//1681 857//857 
f 1965//1965 1566//1566 749//749 
f 2257//2257 2339//2339 2256//2256 
f 1259//1259 447//447 164//164 
f 441//441 2023//2023 747//747 
f 2010//2010 288//288 533//533 
f 2256//2256 2339//2339 2255//2255 
f 845//845 409//409 1344//1344 
f 563//563 766//766 771//771 
f 1797//1797 881//881 1773//1773 
f 1769//1769 1090//1090 497//497 
f 278//278 1347//1347 1470//1470 
f 2255//2255 2339//2339 2254//2254 
f 2339//2339 2340//2340 2254//2254 
f 726//726 396//396 900//900 
f 877//877 923//923 1440//1440 
f 1707//1707 966//966 1997//1997 
f 1551//1551 699//699 1970//1970 
f 1251//1251 443//443 749//749 
f 1571//1571 797//797 1206//1206 
f 2067//2067 1063//1063 1699//1699 
f 1286//1286 861//861 1669//1669 
f 1910//1910 1913//1913 751//751 
f 1818//1818 1614//1614 1846//1846 
f 2340//2340 2337//2337 2315//2315 
f 764//764 1001//1001 2183//2183 
f 2340//2340 2338//2338 2337//2337 
f 1896//1896 155//155 1308//1308 
f 782//782 831//831 2118//2118 
f 680//680 1600//1600 265//265 
f 2340//2340 77//77 2254//2254 
f 1910//1910 1023//1023 1913//1913 
f 670//670 574//574 946//946 
f 1936//1936 292//292 545//545 
f 502//502 682//682 622//622 
f 338//338 313//313 1443//1443 
f 225//225 1614//1614 1656//1656 
f 489//489 2217//2217 2213//2213 
f 983//983 2099//2099 2135//2135 
f 1411//1411 551//551 2023//2023 
f 1618//1618 1900//1900 1647//1647 
f 532//532 273//273 746//746 
f 273//273 2050//2050 746//746 
f 551//551 1411//1411 596//596 
f 184//184 2124//2124 419//419 
f 1125//1125 1295//1295 1759//1759 
f 1059//1059 251//251 2065//2065 
f 967//967 1867//1867 378//378 
f 2216//2216 253//253 1075//1075 
f 911//911 1672//1672 1160//1160 
f 1838//1838 528//528 1767//1767 
f 2231//2231 345//345 1703//1703 
f 2153//2153 876//876 1607//1607 
f 561//561 1609//1609 212//212 
f 314//314 564//564 407//407 
f 2194//2194 641//641 374//374 
f 382//382 1145//1145 2044//2044 
f 207//207 2009//2009 949//949 
f 145//145 831//831 1739//1739 
f 2342//2342 845//845 143//143 
f 2178//2178 1656//1656 162//162 
f 1977//1977 443//443 1251//1251 
f 737//737 1769//1769 1936//1936 
f 153//153 1452//1452 2193//2193 
f 705//705 357//357 1421//1421 
f 1002//1002 1614//1614 225//225 
f 2341//2341 2258//2258 2339//2339 
f 653//653 2237//2237 2163//2163 
f 1132//1132 1843//1843 347//347 
f 1286//1286 269//269 861//861 
f 741//741 1852//1852 1608//1608 
f 1363//1363 2246//2246 1902//1902 
f 1646//1646 1466//1466 255//255 
f 1356//1356 1116//1116 1443//1443 
f 293//293 1638//1638 1127//1127 
f 1264//1264 486//486 504//504 
f 828//828 462//462 967//967 
f 259//259 1535//1535 289//289 
f 268//268 493//493 1372//1372 
f 1997//1997 966//966 656//656 
f 1462//1462 1386//1386 1775//1775 
f 2181//2181 293//293 1270//1270 
f 2028//2028 1076//1076 261//261 
f 288//288 1818//1818 1846//1846 
f 1585//1585 1368//1368 509//509 
f 2170//2170 2215//2215 736//736 
f 2216//2216 2017//2017 253//253 
f 1075//1075 670//670 258//258 
f 2249//2249 2153//2153 1683//1683 
f 1405//1405 1225//1225 2005//2005 
f 256//256 686//686 937//937 
f 258//258 1266//1266 1267//1267 
f 533//533 273//273 1848//1848 
f 994//994 177//177 2127//2127 
f 349//349 975//975 921//921 
f 2149//2149 1866//1866 1782//1782 
f 413//413 654//654 1353//1353 
f 317//317 1625//1625 1907//1907 
f 1955//1955 256//256 1236//1236 
f 1135//1135 519//519 1735//1735 
f 852//852 1703//1703 1475//1475 
f 1927//1927 548//548 190//190 
f 1643//1643 477//477 1334//1334 
f 1671//1671 1354//1354 760//760 
f 1063//1063 1140//1140 1699//1699 
f 1815//1815 689//689 2016//2016 
f 854//854 2054//2054 1331//1331 
f 1212//1212 283//283 1348//1348 
f 1453//1453 228//228 1618//1618 
f 2217//2217 1789//1789 1371//1371 
f 1349//1349 1002//1002 225//225 
f 1293//1293 1501//1501 1533//1533 
f 559//559 1319//1319 1638//1638 
f 1409//1409 777//777 2220//2220 
f 2192//2192 1122//1122 512//512 
f 1364//1364 1446//1446 1167//1167 
f 321//321 2065//2065 1435//1435 
f 2170//2170 736//736 1342//1342 
f 506//506 203//203 1378//1378 
f 680//680 1135//1135 1735//1735 
f 170//170 1882//1882 1564//1564 
f 797//797 2163//2163 283//283 
f 1212//1212 300//300 1762//1762 
f 1382//1382 1213//1213 200//200 
f 1741//1741 611//611 1871//1871 
f 2152//2152 2240//2240 308//308 
f 1815//1815 2016//2016 1052//1052 
f 1310//1310 1516//1516 2004//2004 
f 1977//1977 754//754 2198//2198 
f 2240//2240 1386//1386 1462//1462 
f 2016//2016 1853//1853 1052//1052 
f 741//741 2222//2222 753//753 
f 551//551 175//175 1105//1105 
f 1421//1421 357//357 1916//1916 
f 528//528 1695//1695 1767//1767 
f 1501//1501 1354//1354 661//661 
f 754//754 763//763 2198//2198 
f 249//249 1627//1627 2180//2180 
f 718//718 1908//1908 330//330 
f 1474//1474 1902//1902 2063//2063 
f 1922//1922 1048//1048 280//280 
f 162//162 1656//1656 678//678 
f 246//246 1913//1913 1023//1023 
f 2210//2210 246//246 1023//1023 
f 726//726 1565//1565 301//301 
f 1236//1236 937//937 1711//1711 
f 2338//2338 2343//2343 2260//2260 
f 2339//2339 2338//2338 2340//2340 
f 173//173 1446//1446 745//745 
f 1197//1197 1639//1639 1723//1723 
f 1279//1279 1927//1927 1639//1639 
f 1482//1482 1587//1587 1997//1997 
f 1117//1117 840//840 1700//1700 
f 398//398 1097//1097 400//400 
f 1423//1423 1500//1500 294//294 
f 648//648 1071//1071 1743//1743 
f 1105//1105 1633//1633 551//551 
f 2018//2018 2110//2110 2203//2203 
f 764//764 1711//1711 937//937 
f 682//682 1759//1759 1031//1031 
f 1743//1743 1251//1251 1115//1115 
f 243//243 1845//1845 1900//1900 
f 242//242 1845//1845 243//243 
f 726//726 1913//1913 1565//1565 
f 1534//1534 237//237 950//950 
f 1805//1805 473//473 2159//2159 
f 2170//2170 2183//2183 188//188 
f 803//803 1662//1662 1038//1038 
f 210//210 548//548 1927//1927 
f 1279//1279 1216//1216 210//210 
f 286//286 250//250 1764//1764 
f 2088//2088 718//718 1574//1574 
f 734//734 989//989 314//314 
f 222//222 1130//1130 1342//1342 
f 220//220 227//227 360//360 
f 1559//1559 713//713 445//445 
f 288//288 1846//1846 783//783 
f 1088//1088 300//300 1144//1144 
f 1150//1150 1922//1922 913//913 
f 925//925 806//806 1106//1106 
f 1990//1990 782//782 1167//1167 
f 431//431 1697//1697 501//501 
f 2168//2168 846//846 1472//1472 
f 277//277 1235//1235 278//278 
f 1782//1782 1981//1981 1449//1449 
f 1045//1045 2215//2215 2011//2011 
f 236//236 1295//1295 142//142 
f 2004//2004 1516//1516 1124//1124 
f 1470//1470 1879//1879 277//277 
f 1304//1304 1760//1760 1576//1576 
f 585//585 793//793 1034//1034 
f 1721//1721 440//440 494//494 
f 2020//2020 1030//1030 653//653 
f 1531//1531 892//892 1921//1921 
f 349//349 921//921 388//388 
f 2067//2067 1612//1612 1533//1533 
f 1302//1302 1678//1678 583//583 
f 189//189 1379//1379 2152//2152 
f 134//134 1818//1818 2010//2010 
f 826//826 1459//1459 321//321 
f 1933//1933 1146//1146 1562//1562 
f 1105//1105 2096//2096 1633//1633 
f 1602//1602 1135//1135 2166//2166 
f 1105//1105 1375//1375 1106//1106 
f 220//220 360//360 1308//1308 
f 301//301 1667//1667 726//726 
f 718//718 330//330 1574//1574 
f 2163//2163 2237//2237 1348//1348 
f 870//870 1134//1134 517//517 
f 1787//1787 724//724 1375//1375 
f 1375//1375 724//724 1214//1214 
f 388//388 1559//1559 2053//2053 
f 506//506 1378//1378 1885//1885 
f 2336//2336 2263//2263 2344//2344 
f 2011//2011 185//185 1045//1045 
f 1633//1633 2096//2096 263//263 
f 1972//1972 782//782 2118//2118 
f 2210//2210 257//257 1615//1615 
f 429//429 378//378 1700//1700 
f 2002//2002 1090//1090 1769//1769 
f 2220//2220 980//980 218//218 
f 1531//1531 1921//1921 1199//1199 
f 1567//1567 1698//1698 1179//1179 
f 1558//1558 416//416 2345//2345 
f 1921//1921 1625//1625 1052//1052 
f 1437//1437 1073//1073 2126//2126 
f 2143//2143 233//233 2268//2268 
f 971//971 1084//1084 440//440 
f 1351//1351 1934//1934 1015//1015 
f 2208//2208 1082//1082 1398//1398 
f 537//537 945//945 1552//1552 
f 1245//1245 1308//1308 155//155 
f 1739//1739 1862//1862 1009//1009 
f 1995//1995 1087//1087 1953//1953 
f 1052//1052 1853//1853 1199//1199 
f 2020//2020 1067//1067 1576//1576 
f 1197//1197 1253//1253 1639//1639 
f 2192//2192 808//808 1122//1122 
f 2123//2123 1756//1756 822//822 
f 205//205 1691//1691 1893//1893 
f 1795//1795 2154//2154 1799//1799 
f 1916//1916 1025//1025 1270//1270 
f 741//741 753//753 1071//1071 
f 249//249 257//257 1947//1947 
f 1451//1451 1973//1973 1121//1121 
f 2240//2240 1148//1148 1386//1386 
f 1496//1496 796//796 314//314 
f 2236//2236 250//250 286//286 
f 2020//2020 653//653 1571//1571 
f 239//239 1722//1722 1567//1567 
f 1847//1847 1483//1483 1888//1888 
f 881//881 1394//1394 1773//1773 
f 619//619 754//754 1977//1977 
f 263//263 668//668 2097//2097 
f 2336//2336 2335//2335 2334//2334 
f 304//304 466//466 161//161 
f 178//178 1187//1187 874//874 
f 2055//2055 818//818 936//936 
f 517//517 1134//1134 1871//1871 
f 583//583 865//865 833//833 
f 689//689 2178//2178 2016//2016 
f 1266//1266 946//946 1314//1314 
f 986//986 877//877 847//847 
f 1885//1885 500//500 998//998 
f 459//459 588//588 160//160 
f 2102//2102 1527//1527 266//266 
f 1715//1715 784//784 1216//1216 
f 2181//2181 559//559 293//293 
f 2096//2096 668//668 263//263 
f 1309//1309 826//826 1726//1726 
f 858//858 1726//1726 2055//2055 
f 1922//1922 280//280 913//913 
f 2164//2164 1893//1893 1691//1691 
f 1565//1565 2195//2195 2049//2049 
f 2180//2180 1615//1615 257//257 
f 1386//1386 260//260 2057//2057 
f 1478//1478 431//431 501//501 
f 284//284 1048//1048 1922//1922 
f 2188//2188 1878//1878 1398//1398 
f 1759//1759 959//959 1794//1794 
f 876//876 281//281 1459//1459 
f 1933//1933 1775//1775 1797//1797 
f 2042//2042 2247//2247 578//578 
f 182//182 1178//1178 1812//1812 
f 1459//1459 1373//1373 321//321 
f 1031//1031 2106//2106 2166//2166 
f 1470//1470 1347//1347 229//229 
f 1073//1073 2273//2273 2126//2126 
f 713//713 407//407 564//564 
f 1545//1545 580//580 2045//2045 
f 1626//1626 883//883 1899//1899 
f 1242//1242 1798//1798 627//627 
f 1972//1972 1126//1126 1364//1364 
f 1417//1417 828//828 967//967 
f 1206//1206 797//797 1648//1648 
f 1724//1724 2138//2138 192//192 
f 840//840 1117//1117 141//141 
f 211//211 268//268 474//474 
f 1965//1965 749//749 443//443 
f 1773//1773 1394//1394 2088//2088 
f 883//883 1741//1741 139//139 
f 1206//1206 1648//1648 1159//1159 
f 2334//2334 2335//2335 2333//2333 
f 2096//2096 683//683 668//668 
f 2060//2060 164//164 1910//1910 
f 2054//2054 854//854 1675//1675 
f 1672//1672 307//307 894//894 
f 2002//2002 1769//1769 737//737 
f 822//822 758//758 2123//2123 
f 1276//1276 2005//2005 836//836 
f 1772//1772 950//950 151//151 
f 1027//1027 1760//1760 1304//1304 
f 345//345 178//178 874//874 
f 1766//1766 1915//1915 1506//1506 
f 450//450 2102//2102 529//529 
f 1427//1427 695//695 1774//1774 
f 151//151 1335//1335 1103//1103 
f 1637//1637 150//150 149//149 
f 466//466 287//287 1158//1158 
f 1691//1691 668//668 2164//2164 
f 998//998 500//500 184//184 
f 1797//1797 1146//1146 1933//1933 
f 1681//1681 592//592 485//485 
f 156//156 1794//1794 1419//1419 
f 1752//1752 2083//2083 683//683 
f 185//185 917//917 1355//1355 
f 145//145 1739//1739 1009//1009 
f 795//795 168//168 1499//1499 
f 1199//1199 1853//1853 1953//1953 
f 1469//1469 473//473 1805//1805 
f 2083//2083 2353//2353 683//683 
f 912//912 148//148 1010//1010 
f 948//948 1685//1685 1609//1609 
f 2096//2096 1106//1106 1752//1752 
f 1627//1627 1893//1893 2164//2164 
f 737//737 237//237 1534//1534 
f 947//947 412//412 1742//1742 
f 1242//1242 657//657 1798//1798 
f 1918//1918 244//244 1744//1744 
f 1921//1921 1052//1052 1199//1199 
f 1511//1511 1699//1699 168//168 
f 474//474 268//268 1372//1372 
f 678//678 1656//1656 1157//1157 
f 1901//1901 1910//1910 447//447 
f 1251//1251 749//749 1566//1566 
f 1302//1302 583//583 1244//1244 
f 143//143 144//144 2343//2343 
f 2158//2158 1159//1159 2005//2005 
f 1072//1072 233//233 2143//2143 
f 1653//1653 1377//1377 2218//2218 
f 496//496 2128//2128 806//806 
f 806//806 2128//2128 1952//1952 
f 335//335 425//425 302//302 
f 302//302 425//425 1767//1767 
f 1991//1991 1655//1655 991//991 
f 2251//2251 4//4 2193//2193 
f 2193//2193 4//4 153//153 
f 1586//1586 568//568 1587//1587 
f 1587//1587 568//568 504//504 
f 915//915 1788//1788 988//988 
f 988//988 1788//1788 960//960 
f 1860//1860 1040//1040 1509//1509 
f 1509//1509 1040//1040 1102//1102 
f 1838//1838 1860//1860 1509//1509 
f 2161//2161 1497//1497 470//470 
f 57//57 496//496 925//925 
f 925//925 496//496 806//806 
f 17//17 546//546 179//179 
f 179//179 546//546 408//408 
f 2181//2181 2073//2073 1820//1820 
f 2073//2073 721//721 1820//1820 
f 1820//1820 721//721 604//604 
f 1508//1508 325//325 1478//1478 
f 1478//1478 325//325 310//310 
f 353//353 1333//1333 367//367 
f 367//367 1333//1333 1368//1368 
f 811//811 63//63 1093//1093 
f 1093//1093 63//63 201//201 
f 1327//1327 342//342 1284//1284 
f 1284//1284 342//342 332//332 
f 458//458 781//781 433//433 
f 75//75 14//14 213//213 
f 213//213 14//14 215//215 
f 1497//1497 1807//1807 1123//1123 
f 1123//1123 1807//1807 1817//1817 
f 1085//1085 636//636 913//913 
f 913//913 636//636 1129//1129 
f 14//14 385//385 215//215 
f 215//215 385//385 306//306 
f 311//311 3//3 313//313 
f 313//313 3//3 230//230 
f 3//3 1338//1338 230//230 
f 230//230 1338//1338 1356//1356 
f 898//898 1912//1912 980//980 
f 126//126 356//356 2233//2233 
f 2233//2233 356//356 347//347 
f 1859//1859 57//57 925//925 
f 118//118 647//647 240//240 
f 240//240 647//647 688//688 
f 1360//1360 309//309 1482//1482 
f 589//589 351//351 1028//1028 
f 1418//1418 1281//1281 1721//1721 
f 1721//1721 1281//1281 508//508 
f 755//755 394//394 1886//1886 
f 520//520 1601//1601 1886//1886 
f 1886//1886 1601//1601 1675//1675 
f 895//895 1961//1961 884//884 
f 884//884 1961//1961 2109//2109 
f 546//546 411//411 408//408 
f 408//408 411//411 464//464 
f 2331//2331 2269//2269 2270//2270 
f 1601//1601 1714//1714 1675//1675 
f 1675//1675 1714//1714 1701//1701 
f 361//361 2113//2113 1233//1233 
f 2307//2307 2331//2331 2306//2306 
f 1668//1668 514//514 2090//2090 
f 2090//2090 514//514 1697//1697 
f 2306//2306 2331//2331 2330//2330 
f 402//402 1282//1282 591//591 
f 591//591 1282//1282 420//420 
f 1510//1510 703//703 805//805 
f 805//805 703//703 705//705 
f 2113//2113 690//690 1233//1233 
f 781//781 1655//1655 1991//1991 
f 1278//1278 811//811 1568//1568 
f 1568//1568 811//811 1093//1093 
f 409//409 1360//1360 1482//1482 
f 2018//2018 458//458 433//433 
f 1961//1961 126//126 2109//2109 
f 2109//2109 126//126 2233//2233 
f 1064//1064 75//75 1528//1528 
f 1528//1528 75//75 213//213 
f 1040//1040 1064//1064 1102//1102 
f 1102//1102 1064//1064 1528//1528 
f 63//63 17//17 201//201 
f 201//201 17//17 179//179 
f 470//470 1497//1497 1123//1123 
f 568//568 335//335 504//504 
f 504//504 335//335 302//302 
f 1//1 54//54 1952//1952 
f 1952//1952 54//54 285//285 
f 368//368 2251//2251 329//329 
f 329//329 2251//2251 2193//2193 
f 411//411 2187//2187 464//464 
f 464//464 2187//2187 2190//2190 
f 2363//2363 2329//2329 2328//2328 
f 1281//1281 589//589 508//508 
f 508//508 589//589 1028//1028 
f 2085//2085 2161//2161 2116//2116 
f 2116//2116 2161//2161 1766//1766 
f 325//325 1510//1510 310//310 
f 310//310 1510//1510 805//805 
f 1025//1025 1288//1288 2181//2181 
f 579//579 331//331 672//672 
f 672//672 331//331 338//338 
f 558//558 2205//2205 539//539 
f 539//539 2205//2205 2203//2203 
f 375//375 428//428 2117//2117 
f 1904//1904 458//458 2018//2018 
f 1028//1028 351//351 1004//1004 
f 356//356 368//368 347//347 
f 347//347 368//368 329//329 
f 1560//1560 2//2 1935//1935 
f 343//343 1162//1162 365//365 
f 365//365 1162//1162 1376//1376 
f 1282//1282 35//35 420//420 
f 420//420 35//35 287//287 
f 344//344 1327//1327 341//341 
f 341//341 1327//1327 1284//1284 
f 1333//1333 1404//1404 1368//1368 
f 1368//1368 1404//1404 1456//1456 
f 385//385 402//402 306//306 
f 306//306 402//402 591//591 
f 1004//1004 617//617 1787//1787 
f 647//647 2113//2113 688//688 
f 688//688 2113//2113 361//361 
f 2185//2185 383//383 2225//2225 
f 2225//2225 383//383 381//381 
f 2205//2205 1904//1904 2203//2203 
f 2203//2203 1904//1904 2018//2018 
f 1912//1912 375//375 980//980 
f 980//980 375//375 2117//2117 
f 4//4 1332//1332 153//153 
f 153//153 1332//1332 1452//1452 
f 890//890 1889//1889 987//987 
f 987//987 1889//1889 1827//1827 
f 1162//1162 579//579 1376//1376 
f 1376//1376 579//579 672//672 
f 1062//1062 435//435 889//889 
f 889//889 435//435 494//494 
f 617//617 716//716 1787//1787 
f 1787//1787 716//716 724//724 
f 342//342 2185//2185 332//332 
f 332//332 2185//2185 2225//2225 
f 716//716 1020//1020 724//724 
f 291//291 1725//1725 1673//1673 
f 514//514 728//728 1697//1697 
f 1697//1697 728//728 501//501 
f 1889//1889 567//567 1827//1827 
f 1827//1827 567//567 646//646 
f 428//428 1560//1560 354//354 
f 354//354 1560//1560 1935//1935 
f 1404//1404 890//890 1456//1456 
f 1456//1456 890//890 987//987 
f 1788//1788 343//343 610//610 
f 610//610 343//343 365//365 
f 1983//1983 1860//1860 1838//1838 
f 1766//1766 2161//2161 470//470 
f 1725//1725 1668//1668 1673//1673 
f 1673//1673 1668//1668 2090//2090 
f 394//394 520//520 1886//1886 
f 309//309 1586//1586 1482//1482 
f 1482//1482 1586//1586 1587//1587 
f 1714//1714 1186//1186 1701//1701 
f 1701//1701 1186//1186 1048//1048 
f 1557//1557 915//915 1659//1659 
f 1659//1659 915//915 988//988 
f 721//721 353//353 604//604 
f 604//604 353//353 367//367 
f 1807//1807 1062//1062 1817//1817 
f 1817//1817 1062//1062 889//889 
f 664//664 558//558 727//727 
f 727//727 558//558 539//539 
f 35//35 1278//1278 287//287 
f 287//287 1278//1278 1568//1568 
f 2341//2341 98//98 295//295 
f 295//295 845//845 2258//2258 
f 2//2 1725//1725 1935//1935 
f 1935//1935 1725//1725 291//291 
f 1338//1338 118//118 1356//1356 
f 1356//1356 118//118 240//240 
f 690//690 394//394 755//755 
f 326//326 1557//1557 221//221 
f 221//221 1557//1557 1659//1659 
f 351//351 617//617 1004//1004 
f 991//991 326//326 221//221 
f 2128//2128 1//1 1952//1952 
f 2327//2327 2346//2346 2274//2274 
f 1233//1233 690//690 755//755 
f 567//567 2085//2085 646//646 
f 646//646 2085//2085 2116//2116 
f 433//433 781//781 1991//1991 
f 2326//2326 2347//2347 2325//2325 
f 54//54 2289//2289 285//285 
f 98//98 1360//1360 295//295 
f 295//295 1360//1360 409//409 
f 2117//2117 428//428 354//354 
f 1288//1288 2073//2073 2181//2181 
f 383//383 1255//1255 381//381 
f 381//381 1255//1255 1449//1449 
f 1332//1332 344//344 1452//1452 
f 1452//1452 344//344 341//341 
f 960//960 1788//1788 610//610 
f 1214//1214 1859//1859 925//925 
f 636//636 1912//1912 1129//1129 
f 1129//1129 1912//1912 898//898 
f 2187//2187 895//895 2190//2190 
f 2190//2190 895//895 884//884 
f 1655//1655 326//326 991//991 
f 331//331 311//311 338//338 
f 338//338 311//311 313//313 
f 1767//1767 1983//1983 1838//1838 
f 728//728 1508//1508 501//501 
f 501//501 1508//1508 1478//1478 
f 352//352 1288//1288 357//357 
f 357//357 1288//1288 1025//1025 
f 1186//1186 23//23 1048//1048 
f 1048//1048 23//23 280//280 
f 1255//1255 664//664 1449//1449 
f 1449//1449 664//664 727//727 
f 2359//2359 2325//2325 2324//2324 
f 425//425 1983//1983 1767//1767 
f 435//435 1418//1418 494//494 
f 494//494 1418//1418 1721//1721 
f 724//724 1020//1020 1214//1214 
f 703//703 352//352 705//705 
f 705//705 352//352 357//357 
f 1020//1020 1859//1859 1214//1214 
f 23//23 1085//1085 280//280 
f 280//280 1085//1085 913//913 
f 2254//2254 77//77 41//41 
f 41//41 2255//2255 2254//2254 
f 2257//2257 98//98 2341//2341 
f 2255//2255 1360//1360 2256//2256 
f 2257//2257 2256//2256 98//98 
f 845//845 2342//2342 2259//2259 
f 2258//2258 845//845 2259//2259 
f 2343//2343 2342//2342 143//143 
f 144//144 2261//2261 2260//2260 
f 2263//2263 2262//2262 270//270 
f 270//270 2262//2262 2261//2261 
f 2264//2264 2344//2344 1949//1949 
f 1949//1949 2265//2265 2264//2264 
f 1698//1698 2267//2267 2266//2266 
f 2267//2267 2143//2143 2268//2268 
f 2268//2268 233//233 2269//2269 
f 2322//2322 2323//2323 2321//2321 
f 2345//2345 416//416 2271//2271 
f 2322//2322 2321//2321 2320//2320 
f 2126//2126 2272//2272 2271//2271 
f 2273//2273 2272//2272 2126//2126 
f 1073//1073 2346//2346 2273//2273 
f 1073//1073 2275//2275 2274//2274 
f 2347//2347 2049//2049 2276//2276 
f 2277//2277 2049//2049 2348//2348 
f 2195//2195 2349//2349 2348//2348 
f 2350//2350 1192//1192 2351//2351 
f 1192//1192 2278//2278 2351//2351 
f 2352//2352 2279//2279 2180//2180 
f 2282//2282 2281//2281 1627//1627 
f 2164//2164 2283//2283 2282//2282 
f 2083//2083 2354//2354 2353//2353 
f 2083//2083 2285//2285 2284//2284 
f 2286//2286 2285//2285 2083//2083 
f 1752//1752 2287//2287 2286//2286 
f 285//285 2289//2289 2288//2288 
f 54//54 2290//2290 2289//2289 
f 12//12 2293//2293 2292//2292 
f 2291//2291 2290//2290 54//54 
f 2292//2292 2291//2291 54//54 
f 659//659 2294//2294 2293//2293 
f 2319//2319 2280//2280 2281//2281 
f 2318//2318 2319//2319 2281//2281 
f 2295//2295 2294//2294 659//659 
f 2317//2317 2354//2354 2284//2284 
f 114//114 2355//2355 2296//2296 
f 64//64 2298//2298 2297//2297 
f 64//64 2297//2297 2355//2355 
f 59//59 2356//2356 2298//2298 
f 59//59 2299//2299 2356//2356 
f 2122//2122 2357//2357 2301//2301 
f 2300//2300 2299//2299 59//59 
f 2301//2301 2300//2300 1968//1968 
f 2032//2032 2359//2359 2302//2302 
f 2302//2302 2358//2358 2122//2122 
f 2359//2359 2032//2032 2303//2303 
f 2360//2360 2304//2304 10//10 
f 2304//2304 2303//2303 10//10 
f 614//614 2362//2362 2361//2361 
f 2362//2362 614//614 2363//2363 
f 773//773 2306//2306 2305//2305 
f 2308//2308 2307//2307 2137//2137 
f 2309//2309 2308//2308 1687//1687 
f 932//932 2310//2310 2309//2309 
f 1941//1941 2365//2365 2310//2310 
f 2311//2311 2365//2365 1941//1941 
f 1941//1941 2312//2312 2311//2311 
f 42//42 2313//2313 2312//2312 
f 42//42 2314//2314 2313//2313 
f 1664//1664 2315//2315 2314//2314 
