# Exported from 3D Builder
o Object.1
v -0.036247 0.008675 0.002417
v -0.033035 0.008080 0.002424
v -0.031929 0.008736 0.000463
v -0.024498 0.008034 -0.002724
v -0.023010 0.007408 -0.003664
v -0.026726 0.009453 -0.003260
v -0.021881 0.007721 -0.004938
v -0.025040 0.009422 -0.005186
v -0.028152 0.010002 -0.005405
v -0.029396 0.009796 -0.003357
v -0.023911 0.009766 -0.007256
v -0.021339 0.009277 -0.007380
v -0.019653 0.009430 -0.009563
v -0.001160 0.007439 -0.021091
v -0.005959 0.008194 -0.021149
v -0.005875 0.007141 -0.016630
v -0.011795 0.008736 -0.017130
v -0.010651 0.009193 -0.021278
v -0.015297 0.010353 -0.021078
v -0.016891 0.010010 -0.017162
v -0.007057 0.009277 -0.024710
v -0.008049 0.009766 -0.025454
v -0.009773 0.009453 -0.023310
v -0.011986 0.009918 -0.022943
v -0.020271 0.010696 -0.015242
v -0.022865 0.011559 -0.015257
v -0.023933 0.011292 -0.013283
v -0.018715 0.012413 -0.023375
v -0.017494 0.012886 -0.026535
v -0.020065 0.013222 -0.024761
v -0.051399 0.004753 0.026461
v -0.049889 0.004936 0.026043
v -0.050003 0.005783 0.023926
v -0.025208 -0.001945 0.028133
v -0.024651 -0.001732 0.026638
v -0.025841 -0.001053 0.027399
v 0.025833 -0.002190 0.018335
v 0.025269 -0.002769 0.019983
v 0.030159 -0.002243 0.020004
v 0.024567 -0.004036 0.027977
v 0.024513 -0.003922 0.027700
v 0.021935 -0.004967 0.026936
v 0.021072 -0.006592 0.028702
v 0.027626 -0.004211 0.026381
v 0.022942 -0.003891 0.023911
v 0.026558 -0.004173 0.027760
v 0.028755 -0.003593 0.023962
v 0.023796 -0.003410 0.022629
v 0.029510 -0.002945 0.021959
v 0.031036 -0.001678 0.018066
v 0.031921 -0.001282 0.016109
v 0.027458 -0.001633 0.015230
v 0.027412 -0.001434 0.016815
v 0.040421 -0.001144 0.011169
v 0.028374 -0.000778 0.012060
v 0.039780 -0.001976 0.014126
v 0.032677 -0.000984 0.014273
v 0.028008 0.000450 0.009586
v 0.040421 -0.000465 0.008270
v 0.027237 0.001640 0.008282
v 0.040169 -0.000084 0.006435
v 0.027916 0.002106 0.006371
v 0.033379 0.001686 0.004456
v 0.026878 0.001923 0.003759
v 0.033524 0.001236 0.006004
v 0.033073 0.002335 0.002394
v 0.026253 0.004326 -0.001499
v 0.024467 0.003830 -0.001707
v 0.025810 0.003014 0.000828
v 0.026611 0.004807 -0.003315
v 0.023361 0.004448 -0.003664
v 0.021767 0.004700 -0.005562
v 0.027153 0.005104 -0.005415
v 0.027527 0.005280 -0.007387
v 0.021500 0.005630 -0.007353
v 0.021271 0.006256 -0.011261
v 0.019638 0.005684 -0.008654
v 0.016014 0.004662 -0.011005
v 0.017982 0.005669 -0.010256
v 0.018143 0.006371 -0.013205
v 0.015205 0.006104 -0.012985
v 0.010948 0.005516 -0.013983
v 0.014977 0.006645 -0.014936
v 0.009079 0.005943 -0.015142
v 0.005577 0.005898 -0.016453
v 0.008171 0.005341 -0.015068
v 0.003983 0.006104 -0.017054
v 0.008987 0.006973 -0.019022
v 0.001411 0.005112 -0.016439
v 0.003159 0.005585 -0.016254
v -0.004814 0.006660 -0.015795
v -0.007637 0.006668 -0.014875
v -0.001534 0.006050 -0.017199
v -0.015266 0.008926 -0.013313
v -0.012665 0.006905 -0.013056
v -0.012199 0.008179 -0.014751
v -0.010437 0.007225 -0.014080
v -0.018166 0.008827 -0.010582
v -0.019577 0.009796 -0.011158
v -0.027367 0.006676 0.004505
v -0.025986 0.005295 0.003027
v -0.026276 0.006477 0.002321
v -0.028481 0.006088 0.008163
v -0.026970 0.005295 0.007376
v -0.027992 0.006554 0.006216
v -0.027115 0.004570 0.009754
v -0.028847 0.005440 0.010204
v -0.029381 0.004723 0.012188
v -0.028725 0.003654 0.013851
v -0.028114 0.002724 0.013721
v -0.027847 0.004173 0.011782
v -0.029175 0.002640 0.015867
v -0.028084 0.001587 0.016127
v -0.027359 0.000923 0.017611
v -0.030083 0.001228 0.020046
v -0.026718 0.000153 0.021421
v -0.028961 0.000748 0.021856
v -0.026199 -0.000092 0.023655
v -0.025139 -0.000946 0.024321
v -0.027092 -0.000099 0.026062
v -0.050171 0.004280 0.028105
v -0.052231 0.003494 0.027828
v -0.050842 0.003815 0.028872
v -0.052086 0.006721 0.020817
v -0.052467 0.006073 0.021767
v -0.051590 0.006020 0.023111
v -0.050049 0.010384 0.012247
v -0.051727 0.010277 0.012077
v -0.051544 0.010231 0.013836
v -0.049416 0.010773 0.010332
v -0.051163 0.010750 0.010315
v -0.042580 0.013840 -0.006296
v -0.043900 0.013298 -0.006140
v -0.045258 0.013519 -0.003225
v -0.045578 0.013107 -0.004093
v -0.041039 0.014076 -0.007994
v -0.042755 0.013481 -0.007633
v -0.041138 0.014091 -0.009207
v -0.036591 0.014900 -0.011864
v -0.039574 0.014793 -0.010782
v -0.033119 0.015724 -0.016157
v -0.035439 0.015106 -0.014723
v -0.034752 0.015068 -0.013880
v -0.037910 0.015015 -0.012308
v -0.037041 0.015129 -0.013781
v -0.025536 0.014076 -0.019245
v -0.027672 0.014824 -0.020836
v -0.029823 0.015297 -0.019136
v -0.022987 0.013817 -0.023647
v -0.024330 0.013832 -0.023970
v -0.025787 0.014343 -0.022388
v -0.024643 0.014267 -0.021729
v -0.019218 0.013069 -0.026249
v -0.017227 0.012756 -0.027494
v -0.021019 0.013062 -0.026293
v -0.022507 0.013466 -0.025082
v -0.015053 0.012215 -0.028223
v -0.010307 0.010963 -0.028496
v -0.009552 0.010452 -0.029814
v -0.011940 0.011375 -0.028984
v -0.012688 0.011024 -0.029650
v 0.001175 0.008881 -0.030029
v -0.000618 0.008476 -0.030663
v -0.003609 0.009537 -0.029930
v 0.010857 0.008553 -0.030579
v 0.008507 0.008392 -0.030865
v 0.004677 0.008842 -0.030346
v 0.017517 0.007500 -0.030151
v 0.015732 0.007233 -0.030769
v 0.013123 0.007874 -0.030821
v 0.018997 0.005699 -0.030840
v 0.020691 0.005936 -0.030489
v 0.023781 0.006874 -0.029402
v 0.022728 0.006104 -0.030119
v 0.018768 0.007645 -0.028923
v 0.040833 0.003227 -0.019938
v 0.039528 0.004311 -0.020864
v 0.036697 0.005386 -0.021843
v 0.037140 0.004906 -0.022879
v 0.036522 0.004005 -0.023630
v 0.035301 0.004807 -0.024332
v 0.034477 0.006157 -0.024393
v 0.037560 0.004333 -0.022699
v 0.036598 0.005119 -0.023520
v 0.039680 0.004997 -0.019291
v 0.040985 0.004112 -0.019175
v 0.039665 0.003784 -0.020958
v 0.040894 0.004753 -0.017897
v 0.042648 0.003799 -0.016769
v 0.042549 0.002815 -0.017996
v 0.042770 0.004349 -0.015291
v 0.044357 0.003273 -0.014742
v 0.043755 0.004242 -0.013523
v 0.045609 0.003342 -0.012657
v 0.044678 0.004173 -0.011654
v 0.046677 0.003296 -0.011028
v 0.048035 0.002777 -0.009438
v 0.045494 0.004028 -0.009687
v 0.045517 0.003746 -0.007439
v 0.049232 0.002258 -0.006762
v 0.045364 0.003319 -0.005423
v 0.045227 0.002678 -0.003469
v 0.049591 0.001930 -0.004694
v 0.050224 0.001060 -0.002661
v 0.045212 0.001846 -0.001484
v 0.051491 -0.001198 0.000029
v 0.050087 0.000450 -0.000891
v 0.045647 0.000923 0.000500
v 0.046036 0.000122 0.002384
v 0.050842 -0.001152 0.001591
v 0.046455 -0.000587 0.004379
v 0.051826 -0.002365 0.002928
v 0.046829 -0.001144 0.006363
v 0.052094 -0.003181 0.005898
v 0.051201 -0.002068 0.004419
v 0.051453 -0.002785 0.007141
v 0.047188 -0.001633 0.008274
v 0.052292 -0.003868 0.008883
v 0.047371 -0.002098 0.010206
v 0.051575 -0.003532 0.010309
v 0.047264 -0.002632 0.012161
v 0.051399 -0.004425 0.013195
v 0.052216 -0.004768 0.011967
v 0.051750 -0.005424 0.015121
v 0.046951 -0.003212 0.014179
v 0.051201 -0.005142 0.016203
v 0.046295 -0.003769 0.016165
v 0.050430 -0.005119 0.017630
v 0.045540 -0.004333 0.018143
v 0.049660 -0.005829 0.019175
v 0.044846 -0.004875 0.020023
v 0.044250 -0.005394 0.021975
v 0.049080 -0.006821 0.020798
v 0.043648 -0.005898 0.024063
v 0.047478 -0.007561 0.023706
v 0.048088 -0.006989 0.022371
v 0.046303 -0.007439 0.024944
v 0.042755 -0.006538 0.026304
v 0.044296 -0.007309 0.026691
v 0.040337 -0.007027 0.027994
v 0.042580 -0.008080 0.028042
v 0.045113 -0.008446 0.026752
v -0.050423 0.011497 0.008389
v -0.048843 0.011230 0.008358
v -0.049843 0.012054 0.006197
v -0.047913 0.011520 0.006390
v -0.049362 0.012383 0.004177
v -0.046906 0.011780 0.004358
v -0.048523 0.012741 0.001125
v -0.052307 0.009506 0.015673
v -0.052277 0.009018 0.016863
v -0.050224 0.009216 0.016111
v -0.048271 0.008949 0.014132
v -0.033981 0.007515 0.004370
v -0.029640 0.007820 0.002384
v -0.028671 0.008247 0.000498
v -0.030602 0.007286 0.004414
v -0.025047 0.006409 -0.000195
v -0.052994 0.007378 0.018881
v -0.051315 0.008659 0.018274
v -0.046707 0.006973 0.016159
v -0.045219 0.007225 0.014135
v -0.048279 0.006874 0.018259
v -0.043427 0.005501 0.016134
v -0.041939 0.005959 0.014126
v -0.050354 0.006538 0.021685
v -0.050995 0.007515 0.019808
v -0.048012 0.005928 0.020081
v -0.045044 0.005112 0.018152
v -0.037323 0.008049 0.004372
v -0.034882 0.007019 0.006327
v -0.038254 0.007553 0.006330
v -0.035606 0.006577 0.008255
v -0.039001 0.007149 0.008244
v -0.036369 0.006142 0.010202
v -0.039719 0.006805 0.010216
v -0.037323 0.005577 0.012165
v -0.040710 0.006424 0.012171
v -0.038559 0.004936 0.014135
v -0.040016 0.004280 0.016123
v -0.052048 0.004990 0.025230
v -0.047462 0.004982 0.021961
v -0.044792 0.004166 0.020041
v -0.041634 0.003754 0.018114
v -0.044113 0.003326 0.021954
v -0.041290 0.002831 0.020014
v -0.038086 0.002747 0.018114
v -0.036560 0.003403 0.016150
v -0.050659 0.002808 0.030224
v -0.048851 0.003143 0.030045
v -0.047340 0.003212 0.028725
v -0.045944 0.003189 0.025915
v -0.044991 0.003242 0.023922
v -0.048660 0.002068 0.031345
v -0.045341 0.002510 0.027901
v -0.044548 0.001495 0.030275
v -0.033005 0.002846 0.016191
v -0.035149 0.004204 0.014135
v -0.031036 0.003822 0.014156
v -0.033951 0.004982 0.012190
v -0.032959 0.005707 0.010210
v -0.032166 0.006317 0.008259
v -0.031410 0.006805 0.006348
v -0.050880 0.002388 0.030872
v -0.042496 0.001953 0.025887
v -0.041458 0.002022 0.023912
v -0.040565 0.002106 0.021950
v -0.037659 0.001877 0.020016
v -0.034454 0.002060 0.018126
v -0.034004 0.001335 0.020025
v -0.036896 0.001259 0.021950
v -0.033234 0.000816 0.021957
v -0.034157 0.000610 0.023912
v -0.037849 0.001144 0.023912
v -0.035187 0.000458 0.025896
v -0.031471 0.000229 0.025991
v -0.032692 -0.000465 0.028057
v -0.038841 0.001030 0.025888
v -0.040024 0.000832 0.027935
v -0.036407 0.000145 0.028040
v -0.044281 0.000435 0.031342
v -0.042221 -0.000618 0.031048
v -0.041267 0.000107 0.030170
v -0.039413 -0.001175 0.030703
v -0.037720 -0.000526 0.029882
v -0.037811 -0.002525 0.030684
v -0.046776 0.001297 0.031662
v -0.035454 -0.001694 0.030308
v -0.028984 -0.000732 0.028162
v -0.031525 -0.002098 0.029806
v -0.030457 0.000572 0.023930
v -0.030380 0.001869 0.017988
v -0.027260 -0.002403 0.029289
v -0.025475 -0.002884 0.028814
v 0.027489 -0.004631 0.028294
v 0.031380 -0.007492 0.028959
v 0.028633 -0.006203 0.028801
v 0.033211 -0.006493 0.027962
v 0.035011 -0.005646 0.026007
v 0.036072 -0.004990 0.023979
v 0.036797 -0.004372 0.021959
v 0.037430 -0.003761 0.019989
v 0.038208 -0.003235 0.018089
v 0.039017 -0.002655 0.016153
v 0.035553 -0.007896 0.029114
v 0.039116 -0.007538 0.028837
v 0.003693 0.007202 -0.021091
v 0.008545 0.007217 -0.021101
v 0.012611 0.007492 -0.023144
v 0.014900 0.008354 -0.028587
v 0.023178 0.006844 -0.021084
v 0.017189 0.007362 -0.023151
v 0.018303 0.007057 -0.021101
v 0.013412 0.007187 -0.021103
v 0.014610 0.006905 -0.017172
v 0.020508 0.006645 -0.015247
v 0.019951 0.006790 -0.017174
v 0.012932 0.005714 -0.013435
v 0.020981 0.006424 -0.013262
v 0.027107 0.005615 -0.011307
v 0.026611 0.005882 -0.013283
v 0.026009 0.006256 -0.015257
v 0.025314 0.006508 -0.017168
v 0.020142 0.007553 -0.025406
v 0.027306 0.006760 -0.026804
v 0.025925 0.007095 -0.028034
v 0.032845 0.006111 -0.021091
v 0.030907 0.006538 -0.023226
v 0.028000 0.006462 -0.021093
v 0.032997 0.006073 -0.025450
v 0.030937 0.005898 -0.026363
v 0.032799 0.002907 0.000441
v 0.032600 0.003410 -0.001524
v 0.032791 0.003876 -0.003475
v 0.033409 0.004463 -0.006416
v 0.033325 0.004845 -0.009354
v 0.032875 0.005051 -0.011318
v 0.032219 0.005348 -0.013277
v 0.031494 0.005722 -0.015257
v 0.030540 0.005989 -0.017172
v 0.035812 0.005440 -0.017172
v 0.036919 0.005127 -0.015253
v 0.037796 0.004822 -0.013264
v 0.038498 0.004578 -0.011318
v 0.039085 0.004372 -0.009340
v 0.039391 0.003960 -0.006418
v 0.038956 0.003204 -0.003477
v 0.038864 0.002563 -0.001514
v 0.039162 0.001869 0.000435
v 0.039566 0.001183 0.002396
v 0.039848 0.000511 0.004372
v -0.021912 0.011757 -0.017174
v -0.019913 0.012077 -0.021076
v -0.022148 0.013084 -0.021070
v -0.024384 0.012764 -0.017147
v -0.021118 0.013306 -0.023479
v -0.017670 0.009964 -0.015247
v -0.029358 0.013100 -0.013243
v -0.028038 0.013573 -0.015198
v -0.030968 0.015175 -0.015829
v -0.026794 0.013870 -0.017109
v -0.029556 0.015244 -0.017511
v -0.012688 0.010872 -0.024857
v -0.010910 0.010178 -0.024446
v -0.003784 0.008957 -0.025778
v -0.014351 0.010689 -0.023001
v -0.007172 0.010391 -0.028938
v -0.003319 0.009575 -0.028732
v 0.000473 0.009140 -0.028868
v 0.011284 0.008659 -0.028494
v 0.003784 0.008995 -0.028917
v -0.006645 0.010094 -0.029909
v -0.007713 0.008980 -0.023296
v -0.000740 0.008362 -0.025311
v 0.003471 0.008148 -0.025349
v 0.011856 0.008034 -0.025410
v 0.015938 0.007858 -0.025414
v 0.014099 0.007027 -0.019138
v 0.019249 0.006874 -0.019138
v 0.024307 0.006638 -0.019138
v 0.029411 0.006172 -0.019138
v 0.034470 0.005745 -0.019138
v 0.003456 0.007553 -0.023130
v -0.001007 0.007813 -0.023121
v -0.005539 0.008568 -0.023409
v -0.021225 0.010551 -0.013187
v -0.021820 0.010277 -0.011175
v -0.025040 0.010857 -0.011322
v -0.023048 0.010078 -0.009315
v -0.025986 0.010414 -0.009348
v -0.027023 0.010155 -0.007378
v -0.034233 0.011238 -0.005423
v -0.030022 0.010727 -0.007378
v -0.032959 0.011414 -0.007364
v -0.028923 0.011078 -0.009342
v -0.031822 0.011841 -0.009315
v -0.027847 0.011566 -0.011305
v -0.030685 0.012451 -0.011261
v -0.026642 0.012077 -0.013243
v -0.025482 0.012482 -0.015238
v -0.018288 0.009697 -0.012623
v -0.014954 0.009247 -0.015182
v -0.037445 0.014000 -0.009405
v -0.038742 0.013382 -0.007347
v -0.040314 0.013214 -0.005505
v -0.041702 0.012978 -0.003321
v -0.031723 0.015526 -0.017811
v -0.033424 0.013443 -0.011238
v -0.034676 0.012787 -0.009295
v -0.035896 0.012291 -0.007380
v -0.037247 0.012062 -0.005411
v -0.035606 0.011078 -0.003473
v -0.045609 0.012032 0.002352
v -0.044495 0.012459 0.000423
v -0.047081 0.013397 -0.001179
v -0.043274 0.012863 -0.001564
v -0.041367 0.011215 0.000439
v -0.040085 0.011673 -0.001503
v -0.036980 0.010796 -0.001534
v -0.047157 0.009003 0.012234
v -0.043999 0.007553 0.012167
v -0.046188 0.009155 0.010216
v -0.043007 0.007820 0.010218
v -0.045403 0.009315 0.008261
v -0.042282 0.008057 0.008245
v -0.044647 0.009583 0.006374
v -0.041504 0.008362 0.006334
v -0.043686 0.010017 0.004416
v -0.040565 0.008858 0.004412
v -0.042580 0.010605 0.002417
v -0.039452 0.009537 0.002396
v -0.038277 0.010239 0.000441
v -0.035095 0.009407 0.000433
v -0.033852 0.010033 -0.001541
v -0.030724 0.009399 -0.001524
v -0.024307 0.006851 -0.001751
v -0.026985 0.008949 -0.002048
v -0.016800 0.008842 -0.011894
v 0.020882 -0.007683 0.028746
v 0.020813 -0.008934 0.028412
v 0.024986 -0.010551 0.027641
v 0.034302 -0.020004 0.027990
v 0.034622 -0.020943 0.027933
v 0.036377 -0.018776 0.026136
v 0.040916 -0.013573 0.028694
v 0.041641 -0.011513 0.028702
v 0.036003 -0.011909 0.028948
v 0.036812 -0.008774 0.029202
v 0.041939 -0.009102 0.028727
v 0.040115 -0.015541 0.028536
v 0.038895 -0.017693 0.028097
v 0.034187 -0.015518 0.027729
v 0.038177 -0.018623 0.027576
v 0.033829 -0.015778 0.026896
v 0.035294 -0.018127 0.026207
v 0.034515 -0.018867 0.026905
v 0.033981 -0.017982 0.026962
v 0.036324 -0.018944 0.027168
v 0.035774 -0.018166 0.027664
v 0.034035 -0.018967 0.027313
v 0.032257 -0.018936 0.027761
v 0.034340 -0.018532 0.026699
v 0.034409 -0.019981 0.027426
v 0.029587 -0.014297 0.026585
v 0.027039 -0.014374 0.027411
v 0.028908 -0.015259 0.027189
v 0.031921 -0.020966 0.028629
v 0.023155 -0.016342 0.028114
v 0.025085 -0.010849 0.026514
v 0.025787 -0.013550 0.027599
v 0.027084 -0.013870 0.026802
v 0.030052 -0.012604 0.028280
v 0.030243 -0.014587 0.026375
v 0.030975 -0.015091 0.026880
v 0.031731 -0.014717 0.027695
v 0.030762 -0.015083 0.026289
v 0.030739 -0.015388 0.026896
v 0.029129 -0.015396 0.026934
v 0.029144 -0.014610 0.026884
v 0.028442 -0.016129 0.027704
v 0.025612 -0.008400 0.029070
v 0.030426 -0.011223 0.028646
v 0.021667 -0.009109 0.026262
v 0.021278 -0.009872 0.027153
v 0.022072 -0.010643 0.026396
v 0.022797 -0.010498 0.027227
v 0.020691 -0.010170 0.027205
v 0.026268 -0.012802 0.026573
v 0.026558 -0.012550 0.027500
v 0.026588 -0.013084 0.027464
v 0.027016 -0.013237 0.027264
v 0.028412 -0.013885 0.027664
v 0.024773 0.001984 0.000450
v 0.023064 0.001289 -0.003090
v 0.021339 0.002014 -0.005428
v 0.022873 0.000610 -0.004625
v -0.000381 0.004433 -0.016808
v 0.000755 0.004005 -0.016912
v 0.003769 0.004662 -0.016260
v 0.005402 0.005310 -0.015776
v -0.024536 -0.003860 0.028391
v -0.027649 0.002823 0.012300
v -0.026642 0.005127 0.005827
v -0.017914 0.007202 -0.009806
v -0.016144 0.007195 -0.011093
v -0.014618 0.006958 -0.011827
v 0.022408 0.002983 -0.003813
v 0.025658 0.000992 0.002790
v 0.026985 0.000710 0.007231
v 0.026405 0.000755 0.005375
v 0.027580 -0.000511 0.009144
v 0.023346 -0.004631 0.022236
v 0.021980 -0.005096 0.024496
v -0.024918 -0.004921 0.026955
v -0.024231 -0.001617 0.025331
v -0.024284 -0.004349 0.026136
v -0.025330 0.004944 -0.001518
v -0.023521 0.005692 -0.003378
v -0.021919 0.005775 -0.004934
v -0.019188 0.007294 -0.008255
v -0.020409 0.006134 -0.006641
v -0.018562 0.006142 -0.009298
v -0.016304 0.006195 -0.011053
v -0.013672 0.005409 -0.012749
v -0.011276 0.005371 -0.014034
v -0.008896 0.005882 -0.014421
v -0.026855 0.003853 0.006330
v -0.026871 0.003708 0.008438
v -0.026688 -0.001183 0.021048
v -0.026756 -0.000259 0.018789
v -0.002762 0.005531 -0.016106
v -0.007599 0.004204 -0.015009
v -0.005104 0.005417 -0.015289
v -0.007065 0.005959 -0.014828
v -0.005280 0.004028 -0.016369
v -0.004158 0.004593 -0.016176
v -0.024956 0.004616 0.000889
v -0.027306 0.002640 0.010448
v -0.027748 0.001511 0.012753
v -0.026367 0.004395 0.003761
v -0.026627 0.000397 0.016973
v -0.024918 -0.001717 0.023258
v 0.021820 -0.007233 0.024960
v 0.021080 -0.006630 0.026627
v 0.027176 -0.001175 0.008135
v 0.023376 0.001907 -0.001953
v 0.020729 0.004005 -0.005781
v 0.018929 0.004219 -0.008101
v 0.012871 0.004410 -0.012905
v 0.021301 -0.007744 0.025770
v 0.023483 -0.005424 0.021999
v 0.022636 -0.006119 0.023483
v 0.024712 -0.004524 0.020004
v 0.026337 -0.002701 0.016577
v 0.025551 -0.003838 0.018124
v 0.028091 -0.001877 0.012959
v 0.028145 -0.001976 0.010700
v 0.026718 -0.000542 0.006824
v 0.025574 -0.000168 0.004595
v 0.025337 0.000137 0.001419
v 0.018410 0.003334 -0.008718
v 0.011780 0.003838 -0.013556
v 0.014442 0.003975 -0.012009
v 0.015587 0.003242 -0.011349
v 0.020432 0.002472 -0.006306
v 0.024170 0.000771 -0.000467
v -0.024109 -0.002907 0.025827
v -0.023842 -0.003731 0.027292
v -0.024643 -0.004196 0.025913
v -0.025467 -0.005165 0.028238
v -0.006058 0.004868 -0.015017
v 0.009384 0.004303 -0.014563
v -0.052109 0.001442 0.030224
v -0.050041 0.000114 0.031721
v -0.045357 -0.001381 0.031694
v -0.041557 -0.001945 0.031116
v -0.034172 -0.005211 0.029463
v -0.026917 -0.004028 0.029425
v -0.030014 -0.005203 0.029385
v -0.025749 -0.005440 0.028858
v -0.026772 -0.005127 0.029078
v -0.040733 -0.007477 0.028912
v -0.040764 -0.007820 0.028410
v -0.037498 -0.006531 0.029150
v -0.043961 -0.007721 0.029314
v -0.044128 -0.008705 0.028461
v -0.047958 -0.008377 0.029366
v -0.050003 -0.008377 0.028767
v -0.047958 -0.009422 0.028774
v -0.050468 -0.008759 0.027363
v -0.048279 -0.009949 0.028406
v -0.052040 -0.005424 0.028992
v -0.049179 -0.004272 0.031017
v -0.051559 -0.003754 0.030512
v -0.051598 0.000221 0.031088
v -0.051285 -0.001671 0.031294
v -0.037254 -0.005753 0.029676
v -0.045403 -0.004730 0.030951
v -0.041618 -0.004860 0.030504
v -0.034035 -0.006508 0.028275
v -0.029617 -0.006004 0.028564
v 0.035255 0.002266 -0.024714
v 0.037498 0.003067 -0.023129
v 0.048645 -0.011841 -0.001930
v 0.048882 -0.013008 0.000444
v 0.047752 -0.014389 0.002079
v -0.050461 0.005730 -0.000065
v -0.048904 0.006035 -0.002926
v -0.048553 0.003822 -0.003124
v -0.052849 0.004326 0.005667
v -0.053665 0.003319 0.008673
v -0.053711 0.005608 0.009186
v -0.054100 0.000191 0.020712
v -0.053795 -0.001144 0.023617
v -0.053879 0.000877 0.024101
v -0.054382 0.003372 0.018372
v -0.053726 0.006012 0.019199
v -0.053848 0.007111 0.016235
v -0.021858 0.007172 -0.028076
v -0.021980 0.009354 -0.027859
v -0.019089 0.009087 -0.029037
v 0.046638 -0.013710 -0.001078
v 0.047417 -0.012917 -0.002756
v 0.047577 -0.013618 -0.000669
v -0.028618 0.000252 -0.021706
v -0.029022 -0.000107 -0.020483
v -0.031120 0.000908 -0.020433
v -0.024574 0.012947 -0.025034
v 0.026611 0.004005 -0.028906
v 0.046570 -0.010162 0.024698
v 0.048309 -0.009491 0.022123
v 0.050308 -0.008888 0.017790
v 0.050903 -0.000137 -0.002764
v 0.050171 0.000824 -0.005829
v 0.049187 0.001503 -0.008451
v 0.046013 0.002266 -0.013342
v 0.047760 0.001793 -0.010992
v 0.044128 0.002525 -0.015898
v 0.032234 0.004265 -0.026257
v 0.020927 0.004417 -0.030787
v 0.014938 0.006470 -0.031160
v 0.018074 0.005028 -0.031153
v 0.011696 0.006538 -0.031488
v 0.008438 0.007103 -0.031406
v 0.002266 0.007271 -0.031155
v -0.000771 0.007355 -0.031221
v -0.003464 0.008476 -0.030823
v -0.006699 0.009178 -0.030659
v -0.012810 0.010010 -0.030155
v -0.015373 0.011223 -0.029301
v -0.018524 0.012375 -0.027840
v -0.031471 0.014633 -0.019272
v -0.028854 0.014610 -0.020815
v -0.033745 0.015091 -0.017120
v -0.035965 0.014534 -0.015495
v -0.038246 0.014130 -0.013659
v -0.040329 0.014084 -0.011299
v -0.042465 0.013260 -0.008799
v -0.044479 0.012520 -0.006794
v -0.046379 0.012352 -0.004282
v -0.047913 0.012718 -0.001356
v -0.050354 0.011749 0.003965
v -0.052414 0.009842 0.010536
v -0.052551 0.009773 0.013189
v -0.053261 0.008438 0.016186
v -0.052582 0.000519 0.029785
v -0.052589 -0.001198 0.029869
v -0.052620 -0.003067 0.029299
v -0.051445 -0.007439 0.028009
v -0.049461 -0.009491 0.026619
v -0.050171 -0.008263 0.023724
v -0.051117 -0.006073 0.019398
v -0.051315 -0.007179 0.022861
v -0.051689 -0.006126 0.021217
v -0.052063 -0.004036 0.015326
v -0.050888 -0.004875 0.015366
v -0.051086 -0.005432 0.017378
v -0.051895 -0.003677 0.012472
v -0.050972 -0.004425 0.013338
v -0.050636 -0.004379 0.011047
v -0.051529 -0.003616 0.009350
v -0.050224 -0.004395 0.008429
v -0.051208 -0.002892 0.006500
v -0.050369 -0.003700 0.006302
v -0.049896 -0.001106 0.002068
v -0.049568 -0.003159 0.003979
v -0.048805 -0.002151 0.001942
v -0.048676 -0.000343 -0.000582
v -0.047508 -0.001648 0.000153
v -0.047028 -0.000427 -0.003067
v -0.046715 -0.001419 -0.001850
v -0.045273 -0.000053 -0.005539
v -0.044731 -0.001129 -0.004393
v -0.043152 0.000076 -0.007767
v -0.042557 -0.000664 -0.007084
v -0.039093 0.001045 -0.012156
v -0.040154 -0.000397 -0.009533
v -0.037880 0.000130 -0.011879
v -0.037079 0.001183 -0.014296
v -0.036560 0.000343 -0.013603
v -0.034935 0.001244 -0.016787
v -0.034454 0.000298 -0.015490
v -0.032883 0.000244 -0.017294
v -0.033195 0.001068 -0.018581
v -0.031586 0.000237 -0.019146
v -0.028351 0.001038 -0.022779
v -0.026672 0.000473 -0.023104
v -0.023415 0.000793 -0.025530
v -0.021996 0.000252 -0.025476
v -0.024063 0.000198 -0.024267
v -0.025940 0.001022 -0.024405
v -0.020668 0.001122 -0.027220
v -0.019691 0.000130 -0.026609
v -0.016914 -0.000122 -0.027710
v -0.008926 0.001244 -0.030289
v -0.010101 0.000542 -0.029470
v -0.013184 0.000862 -0.029575
v -0.006165 0.000511 -0.030121
v 0.002953 -0.000626 -0.030144
v -0.003944 -0.000084 -0.029308
v -0.000603 -0.000710 -0.029104
v 0.005150 -0.001068 -0.029552
v 0.008583 -0.001389 -0.029877
v 0.010841 -0.002792 -0.030052
v 0.010689 -0.002769 -0.030756
v 0.012306 -0.001724 -0.030491
v 0.011917 -0.002609 -0.029736
v 0.027534 -0.004326 -0.026146
v 0.022377 -0.004066 -0.027969
v 0.024956 -0.004669 -0.027353
v 0.038109 -0.009293 -0.018457
v 0.035835 -0.008186 -0.019758
v 0.034988 -0.007408 -0.021103
v 0.043335 -0.010620 -0.012167
v 0.043297 -0.011810 -0.010305
v 0.041763 -0.010796 -0.012884
v 0.045357 -0.012573 -0.006651
v 0.044731 -0.012863 -0.006557
v 0.043739 -0.012192 -0.008801
v 0.046257 -0.013016 -0.004639
v 0.045433 -0.013443 -0.004272
v 0.046005 -0.013710 -0.002502
v 0.045357 -0.017021 0.017965
v 0.047195 -0.016235 0.014593
v 0.046585 -0.016457 0.016705
v -0.026688 0.013763 -0.022936
v -0.026779 0.012505 -0.023920
v -0.029694 0.012062 -0.022108
v -0.048782 0.010612 -0.001917
v -0.050217 0.010323 0.000990
v -0.049324 0.012177 0.001068
v -0.051392 0.011086 0.007343
v -0.051270 0.010139 0.003910
v -0.046844 0.011299 -0.004560
v -0.044907 0.011688 -0.007002
v -0.043144 0.012077 -0.009226
v -0.041168 0.012749 -0.011515
v -0.038734 0.013214 -0.013885
v -0.036644 0.013321 -0.015877
v -0.034515 0.012581 -0.018131
v -0.032181 0.012360 -0.020124
v -0.024368 0.011902 -0.025856
v -0.027443 0.009552 -0.024656
v -0.029953 0.009682 -0.022753
v -0.021423 0.012154 -0.027075
v -0.018753 0.011513 -0.028450
v -0.015900 0.006691 -0.030081
v -0.012871 0.006271 -0.030762
v -0.009857 0.007881 -0.030960
v -0.006805 0.005234 -0.031548
v -0.003754 0.004768 -0.031643
v -0.024765 0.009506 -0.026400
v -0.024658 0.007286 -0.026701
v -0.027359 0.007286 -0.025024
v -0.029961 0.007370 -0.023106
v -0.050522 0.007874 0.000326
v -0.049072 0.008163 -0.002533
v -0.053299 0.005081 0.022007
v -0.053268 0.003372 0.024799
v -0.054161 0.002174 0.021229
v -0.052399 0.009140 0.006798
v -0.052917 0.006615 0.006121
v -0.053108 0.008545 0.010010
v -0.047127 0.006256 -0.005577
v -0.047310 0.008408 -0.005236
v -0.045128 0.006615 -0.008064
v -0.045357 0.008781 -0.007751
v -0.041130 0.007530 -0.012653
v -0.053680 0.007423 0.012825
v -0.051781 0.007401 0.003218
v -0.054146 0.004807 0.012171
v -0.054321 0.001350 0.017851
v -0.054329 0.002106 0.014736
v -0.054413 0.004280 0.015245
v -0.054062 0.002487 0.011612
v -0.053383 -0.002495 0.026409
v -0.053421 -0.000427 0.026979
v -0.052887 0.002129 0.027975
v -0.043381 0.009247 -0.010098
v -0.041405 0.009789 -0.012369
v -0.038956 0.007935 -0.014904
v -0.039185 0.010185 -0.014576
v -0.036751 0.008011 -0.017031
v -0.036896 0.010300 -0.016716
v -0.034576 0.007782 -0.019068
v -0.034668 0.010223 -0.018740
v -0.032326 0.007530 -0.021118
v -0.032364 0.009941 -0.020741
v -0.023949 0.002708 -0.026432
v -0.026520 0.002373 -0.024916
v -0.024452 0.005112 -0.026739
v -0.021599 0.005119 -0.028059
v -0.027176 0.005058 -0.025146
v -0.029739 0.005013 -0.023285
v -0.032097 0.005165 -0.021301
v -0.034271 0.005463 -0.019243
v -0.036400 0.005661 -0.017155
v -0.038574 0.005653 -0.014982
v -0.040718 0.005310 -0.012724
v -0.044762 0.004425 -0.008148
v -0.046730 0.004082 -0.005747
v -0.051437 0.003052 0.002453
v -0.051735 0.005264 0.002769
v -0.050140 0.003624 -0.000349
v -0.053032 -0.004425 0.025877
v -0.053001 0.001564 0.006784
v -0.053535 0.000496 0.009739
v -0.053841 0.000076 0.012726
v -0.053986 -0.000221 0.015844
v -0.053734 -0.001755 0.020245
v -0.053436 -0.003128 0.023104
v -0.052132 -0.006409 0.025190
v -0.053116 -0.004005 0.021315
v -0.053085 -0.003128 0.018393
v -0.053253 -0.002197 0.015425
v -0.052696 -0.002609 0.012459
v -0.052551 -0.002075 0.009432
v -0.052353 -0.000633 0.006496
v -0.050865 0.000938 0.002262
v -0.049591 0.001495 -0.000502
v -0.048027 0.001762 -0.003199
v -0.046173 0.001984 -0.005756
v -0.044189 0.002327 -0.008127
v -0.040092 0.003128 -0.012621
v -0.038033 0.003448 -0.014860
v -0.035904 0.003410 -0.017069
v -0.033775 0.003075 -0.019140
v -0.031509 0.002419 -0.021151
v -0.029015 0.002243 -0.023109
v 0.043144 -0.016403 0.025377
v 0.049744 -0.007408 -0.003143
v 0.049431 -0.009590 -0.002268
v 0.048233 -0.009071 -0.005568
v 0.048813 -0.006714 -0.006062
v 0.047707 -0.005928 -0.008833
v 0.047112 -0.008240 -0.008371
v 0.049866 -0.009697 -0.000708
v 0.050446 -0.007675 -0.000563
v 0.050354 -0.011230 0.003548
v 0.050179 -0.010101 0.001198
v 0.050636 -0.008865 0.001728
v 0.049751 -0.012909 0.003786
v 0.050568 -0.011940 0.006229
v 0.051132 -0.009918 0.005880
v 0.050522 -0.012550 0.009262
v 0.051140 -0.010529 0.008995
v 0.050186 -0.013351 0.012484
v 0.050987 -0.011139 0.011341
v 0.049286 -0.015144 0.012825
v 0.049522 -0.014320 0.014503
v 0.050247 -0.012154 0.015112
v 0.048050 -0.015869 0.015486
v 0.046593 -0.016380 0.018192
v 0.049042 -0.012703 0.017954
v 0.045738 -0.016312 0.021267
v 0.047729 -0.013046 0.020750
v 0.046074 -0.013718 0.023388
v 0.044289 -0.016464 0.023422
v 0.044060 -0.014610 0.025774
v 0.046371 -0.005371 -0.011442
v 0.045853 -0.007584 -0.010994
v 0.044968 -0.004723 -0.013998
v 0.044563 -0.006866 -0.013588
v 0.043320 -0.003998 -0.016563
v 0.042992 -0.006104 -0.016096
v 0.041374 -0.003349 -0.018967
v 0.041008 -0.005394 -0.018518
v 0.039207 -0.002670 -0.021141
v 0.038902 -0.004684 -0.020664
v 0.036911 -0.001984 -0.023085
v -0.018707 0.004959 -0.029150
v -0.018883 0.006989 -0.029240
v -0.015266 0.002785 -0.029747
v -0.012047 0.001892 -0.030169
v -0.009628 0.004120 -0.031130
v -0.005783 0.001663 -0.030970
v -0.003227 0.002335 -0.031525
v 0.003113 0.001289 -0.031549
v 0.002342 0.003929 -0.031748
v 0.008904 0.000893 -0.031548
v 0.008560 0.003166 -0.031805
v 0.011963 -0.000282 -0.031311
v 0.011429 0.002708 -0.031790
v 0.014633 -0.001198 -0.030649
v 0.014488 0.002296 -0.031605
v 0.017563 -0.001839 -0.030214
v 0.017601 0.001854 -0.031279
v 0.020660 -0.002808 -0.029539
v 0.020546 0.001228 -0.030811
v 0.023743 -0.001579 -0.029530
v 0.023521 0.000763 -0.030022
v 0.026360 -0.002861 -0.028162
v 0.026443 0.000328 -0.028902
v 0.028809 -0.003883 -0.026499
v 0.029243 -0.000076 -0.027607
v 0.031212 -0.004555 -0.025270
v 0.031883 -0.000572 -0.026255
v 0.034073 -0.005257 -0.023718
v 0.034508 -0.001259 -0.024736
v 0.035522 -0.003578 -0.023621
v 0.041306 -0.017693 0.025438
v 0.039703 -0.018272 0.026203
v 0.041489 -0.017517 0.024212
v 0.042053 -0.017403 0.023508
v 0.044754 -0.017067 0.021503
v 0.045471 -0.017067 0.019197
v 0.048836 -0.013794 0.002443
v 0.049835 -0.013824 0.006771
v 0.047981 -0.015274 0.006216
v 0.047485 -0.014633 0.004080
v 0.047829 -0.016212 0.012018
v 0.049728 -0.014420 0.009764
v 0.047882 -0.016350 0.009882
v 0.047989 -0.015770 0.007778
v 0.047493 -0.011627 -0.004786
v 0.046417 -0.010590 -0.007757
v 0.045212 -0.009789 -0.010401
v 0.044312 -0.008911 -0.012869
v -0.021172 0.002998 -0.027853
v -0.018349 0.002975 -0.028894
v -0.015480 0.000290 -0.028753
v -0.001587 -0.000114 -0.030519
v -0.000633 -0.000717 -0.029184
v 0.000198 -0.000397 -0.030321
v 0.001442 -0.000702 -0.029215
v -0.003235 0.000107 -0.030300
v 0.003723 -0.000557 -0.030592
v 0.005623 -0.000687 -0.030729
v 0.005714 -0.001160 -0.028698
v 0.009125 -0.001450 -0.030731
v 0.009270 -0.001488 -0.029169
v 0.009850 -0.001862 -0.030365
v 0.012283 -0.002060 -0.029385
v 0.010155 -0.002716 -0.030546
v 0.010704 -0.001823 -0.028872
v 0.011040 -0.002472 -0.029779
v 0.011063 -0.002075 -0.029831
v 0.014214 -0.001930 -0.029728
v 0.017212 -0.002480 -0.029522
v 0.020210 -0.003471 -0.028700
v 0.024315 -0.004829 -0.027197
v 0.023621 -0.004578 -0.027142
v 0.025673 -0.004059 -0.027765
v 0.025017 -0.004707 -0.026812
v 0.023262 -0.004433 -0.028147
v 0.028900 -0.004845 -0.025316
v 0.030983 -0.005615 -0.024357
v 0.033127 -0.006508 -0.022930
v 0.036369 -0.005959 -0.021875
v 0.038574 -0.006683 -0.019957
v 0.039452 -0.010025 -0.017038
v 0.040688 -0.007408 -0.017841
v 0.040970 -0.010132 -0.015015
v 0.042564 -0.008163 -0.015480
v 0.051620 -0.005020 0.002588
v 0.051987 -0.005943 0.005638
v 0.052139 -0.006577 0.008696
v 0.048912 -0.000946 -0.008934
v 0.047394 -0.000656 -0.011663
v 0.044350 -0.011032 0.027002
v 0.051422 -0.008423 0.014854
v 0.052010 -0.007431 0.011755
v 0.045044 -0.012703 0.025660
v 0.050842 -0.005981 -0.000221
v 0.051186 -0.003990 -0.000294
v 0.049095 -0.011063 0.019278
v 0.050873 -0.010284 0.014860
v 0.051521 -0.009331 0.011889
v 0.051651 -0.008598 0.008718
v 0.051598 -0.007950 0.005657
v 0.051140 -0.007195 0.002283
v 0.049393 -0.004311 -0.006226
v 0.048286 -0.003586 -0.009066
v 0.049973 -0.001572 -0.006207
v 0.050613 -0.002937 -0.003288
v 0.050156 -0.005241 -0.003317
v 0.039955 0.002182 -0.021132
v 0.042046 0.001656 -0.019070
v 0.043983 0.001266 -0.016642
v 0.045761 0.000175 -0.014154
v 0.023506 0.004883 -0.030169
v 0.029358 0.002983 -0.027781
v 0.039551 -0.000610 -0.021385
v 0.041756 -0.001259 -0.019205
v 0.043686 -0.001823 -0.016802
v 0.045387 -0.002510 -0.014246
v 0.046898 -0.003029 -0.011698
v 0.037170 0.000290 -0.023314
v 0.012741 0.002563 -0.014395
v 0.009918 0.002098 -0.017296
v -0.033165 0.001526 0.004398
v -0.033516 0.001686 0.003298
v -0.031578 0.003120 -0.001112
v -0.035934 0.000969 0.003847
v -0.037842 0.000710 0.002766
v -0.032753 0.001724 0.003824
v -0.034363 0.000763 -0.009890
v -0.037766 -0.000130 -0.010773
v -0.035057 0.000198 -0.012444
v 0.036491 -0.018295 0.026070
v 0.024536 -0.006264 0.021391
v 0.041954 -0.011620 0.009443
v 0.044006 -0.013809 0.011045
v 0.042465 -0.013069 0.012648
v 0.036377 -0.006920 0.006290
v 0.034912 -0.005890 0.006151
v 0.037140 -0.007317 0.003660
v -0.042290 -0.001030 0.004765
v -0.043877 -0.001579 0.004765
v -0.048950 -0.004013 0.006458
v -0.050003 -0.006897 0.020672
v 0.038399 -0.009659 -0.016100
v 0.043945 -0.013100 -0.004753
v -0.026337 -0.005264 0.027252
v -0.027718 -0.004402 0.025555
v -0.025391 -0.002754 0.024267
v -0.028992 -0.003006 0.023245
v -0.031189 -0.002449 0.020643
v -0.027901 -0.000603 0.017433
v -0.028465 0.000694 0.014210
v -0.029526 0.001480 0.009550
v -0.027473 0.002518 0.009279
v -0.027863 0.002541 0.007076
v -0.026756 0.003677 0.002899
v -0.028152 0.002869 0.004507
v -0.031288 0.001961 0.003700
v -0.028816 0.003189 0.000910
v -0.027519 0.003967 -0.001165
v -0.027321 0.004036 -0.003405
v -0.021973 0.004906 -0.006868
v -0.019318 0.005196 -0.009605
v -0.007523 0.003685 -0.016926
v -0.002846 0.003944 -0.017225
v -0.000267 0.003601 -0.017750
v 0.003746 0.003601 -0.017178
v 0.006348 0.003586 -0.016022
v 0.016373 0.002052 -0.012524
v 0.019341 0.000916 -0.012480
v 0.018044 0.002243 -0.010033
v 0.021729 0.000397 -0.010035
v 0.020317 0.001648 -0.007473
v 0.023819 -0.000328 -0.007324
v 0.025940 -0.001381 -0.004656
v 0.024521 -0.000168 -0.002037
v 0.027954 -0.002396 -0.000256
v 0.026047 -0.000816 0.003485
v 0.029251 -0.002853 0.003832
v 0.027351 -0.001610 0.005875
v 0.028038 -0.002060 0.007462
v 0.029633 -0.003929 0.012617
v 0.027908 -0.003365 0.014343
v 0.023254 -0.007385 0.023596
v 0.023727 -0.009033 0.024673
v 0.023865 -0.010071 0.025732
v 0.042061 -0.016464 0.020319
v 0.045235 -0.016235 0.016340
v 0.046066 -0.015076 0.009424
v 0.046410 -0.014404 0.005894
v 0.045296 -0.013481 0.000391
v 0.046318 -0.013962 0.001907
v 0.042824 -0.012444 -0.002281
v 0.040451 -0.010948 -0.007504
v 0.041847 -0.011421 -0.010387
v 0.035118 -0.007553 -0.015829
v 0.033752 -0.007248 -0.019657
v 0.031487 -0.006348 -0.022482
v -0.012642 0.000038 -0.026228
v -0.018898 -0.000114 -0.025469
v -0.029274 0.000275 -0.017578
v -0.027390 0.000084 -0.021099
v -0.046860 -0.002602 0.004017
v -0.049393 -0.004745 0.010012
v -0.049530 -0.004623 0.012259
v -0.049164 -0.005684 0.017481
v -0.048447 -0.009338 0.025686
v -0.046288 -0.008102 0.024405
v -0.045998 -0.009346 0.027294
v -0.038719 -0.007271 0.028423
v -0.042595 -0.000641 0.002989
v -0.045006 -0.001602 0.003006
v -0.041023 -0.000359 0.003643
v -0.043846 -0.001854 0.005798
v -0.042091 -0.001228 0.005791
v -0.046364 -0.003418 0.007408
v -0.044716 -0.002708 0.007885
v -0.046967 -0.003883 0.008575
v -0.037453 0.000374 0.004618
v -0.037170 0.000122 0.006084
v -0.035103 0.000679 0.006073
v -0.039032 -0.000229 0.005461
v -0.032898 0.001251 0.006020
v -0.030533 0.001762 0.006317
v -0.046265 -0.003654 0.009615
v -0.041824 -0.001945 0.009712
v -0.039886 -0.001297 0.009377
v -0.032211 0.000969 0.008854
v -0.044373 -0.002975 0.010441
v -0.046997 -0.004112 0.012770
v -0.044762 -0.003304 0.012814
v -0.049133 -0.004936 0.015083
v -0.036942 -0.000336 0.008842
v -0.034874 0.000122 0.009615
v 0.034195 -0.006729 0.012878
v 0.038521 -0.009689 0.012693
v 0.036263 -0.008606 0.014017
v -0.042313 -0.002426 0.012188
v -0.037247 -0.001167 0.012709
v -0.044731 -0.003929 0.016033
v -0.046616 -0.004997 0.017426
v -0.042160 -0.003082 0.015499
v -0.039986 -0.002213 0.014313
v -0.032166 -0.000008 0.012693
v -0.034721 -0.001068 0.014238
v -0.036819 -0.002007 0.015961
v -0.038727 -0.002968 0.017456
v -0.040375 -0.003952 0.019072
v -0.035065 -0.002708 0.019070
v -0.033432 -0.001907 0.017523
v -0.031601 -0.000954 0.015863
v -0.038452 -0.004662 0.022177
v -0.036621 -0.003624 0.020638
v -0.044907 -0.006981 0.023129
v -0.047096 -0.006485 0.020670
v -0.043007 -0.004616 0.019058
v -0.044487 -0.005699 0.020624
v -0.040985 -0.005440 0.022400
v -0.034409 -0.004234 0.023312
v -0.041283 -0.006477 0.024334
v 0.030655 -0.003700 0.002283
v 0.031731 -0.004539 -0.000256
v 0.031273 -0.003860 0.006195
v 0.029182 -0.002846 0.008802
v 0.028694 -0.002609 0.007490
v 0.042160 -0.011139 0.006229
v 0.038284 -0.008316 0.006229
v 0.040154 -0.009499 0.004608
v 0.043854 -0.012283 0.004620
v 0.043968 -0.012894 0.007824
v 0.041946 -0.010910 0.002335
v 0.038055 -0.008583 0.009434
v 0.036049 -0.007126 0.009451
v 0.040115 -0.009857 0.007814
v 0.032486 -0.004456 0.005062
v 0.032425 -0.004463 0.006733
v 0.032204 -0.004509 0.008829
v 0.033859 -0.005516 0.008881
v 0.031799 -0.004784 0.010921
v 0.040115 -0.010483 0.011108
v 0.041069 -0.012688 0.014305
v -0.036171 -0.005150 0.024359
v -0.030869 -0.004082 0.024387
v -0.033218 -0.005241 0.025497
v -0.038269 -0.006332 0.025457
v -0.043350 -0.007744 0.025457
v -0.040970 -0.007767 0.026838
v -0.035950 -0.006538 0.026833
v -0.030952 -0.005745 0.026720
v -0.041389 -0.001442 0.007662
v -0.042931 -0.002045 0.008024
v 0.039764 -0.012413 0.015820
v 0.037811 -0.010689 0.015654
v 0.039520 -0.011078 0.014032
v 0.037590 -0.009750 0.014372
v 0.037529 -0.012733 0.019548
v 0.035172 -0.011131 0.019201
v 0.034393 -0.009224 0.017021
v 0.032631 -0.006332 0.014168
v 0.034515 -0.007683 0.014524
v 0.033417 -0.007790 0.015841
v 0.035774 -0.008942 0.015278
v 0.028770 -0.005341 0.015852
v 0.027138 -0.005325 0.017464
v 0.029633 -0.006851 0.017443
v 0.028229 -0.007133 0.019089
v 0.030556 -0.008377 0.019098
v 0.028404 -0.008659 0.021523
v 0.030846 -0.009842 0.021482
v 0.033211 -0.011139 0.021475
v 0.030685 -0.011223 0.023567
v 0.025764 -0.005524 0.019310
v 0.025681 -0.007164 0.021452
v 0.028328 -0.009987 0.023445
v 0.026192 -0.010796 0.025377
v 0.025612 -0.009277 0.024000
v 0.035652 -0.012520 0.021502
v 0.037674 -0.013527 0.021082
v 0.031319 -0.006554 0.015738
v 0.032082 -0.008018 0.017319
v 0.032951 -0.009712 0.019106
v 0.042564 -0.017097 0.021177
v 0.039330 -0.015327 0.021910
v 0.042267 -0.017105 0.022154
v 0.040100 -0.017715 0.024601
v 0.028358 -0.012169 0.025570
v 0.030960 -0.013138 0.025244
v 0.028656 -0.011826 0.025135
v 0.032928 -0.012482 0.023626
v 0.033150 -0.014000 0.024946
v 0.032791 -0.014709 0.025623
v 0.035049 -0.015854 0.025326
v 0.035210 -0.013695 0.023430
v 0.037239 -0.017731 0.025574
v 0.037704 -0.014999 0.022989
v 0.021149 -0.003342 -0.026638
v 0.015633 -0.002197 -0.029053
v 0.020233 -0.001984 -0.023970
v 0.017494 -0.001106 -0.023914
v 0.017448 -0.002037 -0.026197
v 0.022812 -0.003563 -0.025578
v 0.023193 -0.003105 -0.024206
v 0.011963 0.000198 -0.024036
v 0.014748 -0.000381 -0.023993
v 0.015251 0.000275 -0.020716
v 0.018196 -0.000481 -0.020712
v 0.021156 -0.001411 -0.020702
v 0.031456 -0.005562 -0.017439
v 0.028633 -0.003960 -0.017511
v 0.029503 -0.005219 -0.020851
v 0.026733 -0.003792 -0.020693
v 0.028519 -0.005066 -0.024187
v 0.025543 -0.004089 -0.024323
v 0.025215 -0.004379 -0.025742
v 0.025734 -0.002518 -0.017494
v 0.023979 -0.002502 -0.020712
v 0.022720 -0.000412 -0.012424
v 0.016754 0.001183 -0.014961
v 0.020050 0.000153 -0.015041
v 0.023254 -0.000984 -0.015062
v 0.025093 -0.001259 -0.010124
v 0.026093 -0.001892 -0.012424
v 0.026443 -0.002365 -0.015076
v 0.027260 -0.002243 -0.007435
v 0.028450 -0.002975 -0.010124
v 0.029327 -0.003578 -0.012434
v 0.029549 -0.003929 -0.015057
v 0.032524 -0.005684 -0.015064
v 0.032471 -0.005409 -0.012434
v 0.031784 -0.004929 -0.010124
v 0.030594 -0.004227 -0.007437
v 0.029396 -0.003502 -0.004698
v 0.028519 -0.002899 -0.002268
v 0.034569 -0.005905 0.002256
v 0.035355 -0.006866 -0.000246
v 0.035652 -0.007439 -0.002268
v 0.032181 -0.005104 -0.002266
v 0.036224 -0.007996 -0.004696
v 0.032867 -0.005714 -0.004700
v 0.037201 -0.008621 -0.007437
v 0.033936 -0.006371 -0.007435
v 0.038048 -0.009087 -0.010099
v 0.034943 -0.006981 -0.010122
v 0.038734 -0.009544 -0.013433
v 0.035629 -0.007515 -0.013376
v 0.038368 -0.008293 0.002275
v 0.042557 -0.011864 -0.000216
v 0.038979 -0.009308 -0.000256
v 0.039124 -0.009865 -0.002268
v 0.039635 -0.010490 -0.004700
v -0.021797 -0.000092 -0.024227
v -0.013710 0.000389 -0.024090
v -0.007057 0.000290 -0.026043
v -0.004028 0.000381 -0.026323
v -0.005951 0.000137 -0.028996
v -0.030762 0.000381 -0.015837
v -0.024078 0.001961 -0.015867
v -0.025032 0.000816 -0.019003
v -0.021912 0.001442 -0.018930
v -0.023445 0.000031 -0.022921
v -0.020424 0.000351 -0.022402
v -0.008942 0.002251 -0.020674
v -0.014481 0.001076 -0.022318
v -0.007942 0.000847 -0.024088
v -0.017433 0.000763 -0.022312
v -0.015686 0.002441 -0.018990
v -0.018852 0.002022 -0.018986
v -0.003235 -0.000122 -0.028091
v -0.000397 0.000061 -0.027542
v -0.001343 0.000435 -0.026495
v 0.001328 0.000381 -0.026613
v 0.003510 0.001083 -0.024059
v 0.005127 -0.000526 -0.027775
v 0.007492 -0.000618 -0.027914
v 0.006927 -0.000031 -0.026659
v 0.014824 -0.001389 -0.026573
v 0.012344 -0.001343 -0.027809
v 0.010292 -0.002602 -0.030428
v 0.002197 -0.000221 -0.028130
v 0.004028 0.000214 -0.026625
v 0.006325 0.000916 -0.024054
v 0.010574 -0.001091 -0.027864
v 0.009544 -0.000336 -0.026676
v 0.012245 -0.000816 -0.026709
v 0.009140 0.000618 -0.024059
v -0.002197 0.001122 -0.024096
v -0.002815 0.002380 -0.020617
v -0.005821 0.003479 -0.017826
v -0.012543 0.002747 -0.018950
v -0.009148 0.003738 -0.016911
v 0.012268 0.000885 -0.020720
v 0.003227 0.002144 -0.020718
v 0.009224 0.001373 -0.020718
v 0.013145 0.001411 -0.017475
v 0.016373 0.000656 -0.017517
v 0.019569 -0.000229 -0.017513
v 0.022682 -0.001259 -0.017508
v -0.013916 0.003677 -0.015730
v -0.017372 0.003212 -0.015890
v -0.032585 0.000381 -0.014296
v -0.038010 0.000130 -0.007504
v -0.030746 0.001732 -0.010126
v -0.031464 0.001068 -0.012432
v -0.027878 0.001945 -0.012423
v -0.025688 0.002022 -0.014263
v -0.018730 0.003403 -0.014263
v -0.015106 0.004112 -0.014074
v -0.016602 0.005096 -0.011745
v -0.024277 0.002785 -0.012432
v -0.027023 0.002708 -0.010122
v -0.030457 0.002457 -0.007433
v -0.033905 0.002113 -0.004623
v -0.037819 0.000778 -0.004669
v -0.034233 0.001350 -0.007437
v -0.044716 -0.001190 0.001514
v -0.043228 -0.000534 -0.000122
v -0.040779 0.000267 -0.001949
v -0.043671 -0.000977 -0.002714
v -0.041580 -0.000557 -0.004587
v -0.020653 0.003555 -0.012426
v -0.023331 0.003586 -0.010061
v -0.026642 0.003471 -0.007414
v -0.030632 0.003250 -0.003765
v -0.038155 0.001312 -0.001417
v -0.040367 0.000504 0.000355
v -0.029930 0.003510 -0.001448
v -0.034866 0.002335 -0.001509
v -0.036705 0.001648 -0.000200
v -0.032539 0.002922 -0.001829
v -0.035370 0.002007 -0.002993
v 0.033150 -0.018188 0.027092
v 0.049858 -0.003433 0.012827
v 0.024467 -0.003746 0.026798
v -0.032936 0.000908 -0.011280
v -0.013290 0.011803 -0.028709
v -0.028587 0.003220 0.014149
v -0.043579 -0.002525 0.009272
v -0.019020 0.005768 -0.009148
v -0.014236 0.010849 -0.029716
v 0.042648 0.003471 -0.017344
v -0.042770 -0.005562 0.021481
v -0.053856 0.006599 0.017700
v 0.043938 -0.008408 0.027575
v 0.041054 0.004356 -0.018841
v -0.028786 0.009933 -0.004414
v 0.020645 0.000626 -0.011414
v -0.044106 0.011261 0.002438
v -0.023361 0.009911 -0.008213
v 0.049042 -0.000488 0.002125
v -0.018188 0.012840 -0.027088
v 0.022896 -0.004288 0.027313
v 0.009399 0.008286 -0.030912
v 0.025383 -0.002655 0.018820
v 0.034981 0.005943 -0.022617
v -0.045586 -0.002075 0.004005
v 0.047791 -0.004913 0.018984
v -0.026161 0.005974 0.003040
v 0.047005 0.003456 -0.009661
v -0.030235 -0.001686 0.029419
v -0.044510 0.013412 -0.004713
v 0.000351 0.001686 -0.022333
v -0.050949 0.011436 0.005741
v -0.023895 0.007904 -0.003309
v 0.026192 -0.004585 -0.026661
v -0.006592 0.003830 -0.015999
v -0.024529 0.010223 -0.009342
v -0.019554 0.006073 -0.008028
v 0.023170 0.006668 -0.029711
v 0.034073 0.001038 0.006536
v -0.032555 0.006020 0.009233
v 0.016441 0.004288 -0.031384
v -0.036034 0.000168 -0.010508
v 0.040878 -0.006409 -0.018198
v 0.027473 0.005974 -0.027647
v -0.044334 -0.008240 0.029049
v 0.044937 -0.006714 0.025448
v -0.051987 0.006012 0.022617
v 0.026588 0.007019 -0.027674
v 0.035461 -0.017570 0.027906
v -0.003639 0.000755 -0.031069
v 0.049309 -0.009308 0.020014
v -0.034012 0.014626 -0.017277
v 0.023560 -0.010216 0.026400
v -0.034561 0.015259 -0.015415
v -0.018867 0.013039 -0.025593
v -0.035797 0.000328 0.026945
v 0.026932 -0.012955 0.027601
v -0.034081 0.003517 0.015142
v 0.049301 -0.003998 0.015240
v 0.014305 0.007576 -0.030863
v -0.027550 0.001060 0.017282
v -0.035446 0.013672 -0.010244
v 0.044632 0.003853 -0.013308
v -0.041862 0.013763 -0.008295
v -0.021591 0.011108 -0.015249
v 0.035011 0.005142 -0.024345
v -0.020462 0.013214 -0.024115
v -0.027000 -0.005310 0.027142
v -0.049026 0.012009 0.006176
v 0.050751 -0.010315 0.004213
v -0.027016 0.000168 0.022478
v 0.043709 -0.012207 0.002394
v -0.023453 0.013901 -0.023594
v 0.007782 0.008469 -0.026796
v -0.007462 0.009361 -0.024675
v -0.020981 0.012527 -0.021017
v -0.040718 0.011459 -0.000538
v 0.007011 0.005524 -0.015762
v 0.049889 -0.001793 0.006186
v 0.030785 -0.014740 0.027159
v -0.052681 0.009575 0.011753
v -0.040779 -0.007057 0.025494
v 0.024231 0.001442 -0.000076
v 0.003044 0.005638 -0.016344
v -0.036026 0.001076 -0.006073
v -0.004669 0.004501 -0.016060
v 0.050102 -0.002434 0.008898
v -0.030205 0.002174 0.003796
v -0.024574 0.001373 -0.017422
v -0.050690 -0.004265 0.009186
v -0.051315 0.004128 0.027918
v -0.034653 0.008362 0.002398
v -0.026146 -0.002922 0.029150
v 0.026306 0.006065 -0.014265
v 0.042595 0.001007 0.001413
v -0.018745 0.009460 -0.011150
v 0.024673 0.004829 -0.003315
v -0.003555 0.007744 -0.021093
v 0.021469 -0.005867 0.028208
v -0.017334 0.007286 -0.010351
v 0.049004 -0.004181 0.016176
v 0.045258 0.003929 -0.008398
v -0.035233 0.015167 -0.014364
v -0.036415 0.013802 -0.015779
v -0.039215 0.015007 -0.010384
v 0.048592 0.002502 -0.004454
v -0.052490 0.008179 0.018166
v 0.036591 0.001091 0.004379
v 0.022911 0.002243 -0.002827
v 0.027184 -0.002060 0.019918
v -0.026878 0.002975 0.010897
v -0.019875 0.006798 -0.007133
v -0.010910 0.009911 -0.023722
v 0.033432 -0.019218 0.027275
v 0.026428 -0.001465 -0.028545
v -0.044556 0.012421 -0.006828
v 0.046028 -0.006485 0.023912
v 0.050865 -0.000595 -0.000071
v 0.050575 -0.000320 -0.004541
v -0.039894 0.000267 -0.010809
v -0.024483 0.008636 -0.003628
v -0.024849 -0.001755 0.027264
v 0.023834 -0.006752 0.022552
v -0.039459 0.014328 -0.012096
v -0.002213 0.000107 -0.030508
v 0.020477 0.006981 -0.029825
v -0.050209 0.010918 0.010448
v -0.032822 0.000404 0.024914
v -0.031105 0.010963 -0.021492
v -0.032478 0.008400 0.001429
v -0.054298 0.004547 0.013706
v 0.044167 -0.006889 0.026264
v 0.045364 0.003716 -0.012251
v 0.033371 -0.005936 -0.010126
v -0.002419 -0.000381 -0.029205
v -0.051117 -0.004921 0.030159
v 0.044121 -0.015884 0.024498
v 0.042923 -0.017082 0.020575
v -0.028160 0.003563 0.012909
v 0.011429 0.008377 -0.026798
v 0.045425 -0.007378 0.025816
v 0.044243 0.004234 -0.012518
v -0.028999 0.004356 0.013060
v 0.021072 0.007126 -0.029516
v -0.034103 0.008698 0.001415
v 0.025330 -0.003204 0.023933
v 0.027824 -0.001640 0.018831
v 0.006638 0.003967 -0.015547
v 0.048637 0.001144 -0.001076
v -0.047218 -0.003670 0.007040
v 0.026039 -0.004128 0.028172
v -0.022530 0.007660 -0.004213
v -0.040977 0.005119 0.015156
v -0.042679 -0.000824 0.003492
v -0.042007 0.013756 -0.007658
v -0.008415 0.008797 -0.021645
v -0.026642 0.009773 -0.005388
v -0.038391 0.008736 0.003370
v 0.043167 -0.000053 0.004374
v 0.016541 0.007645 -0.030302
v 0.035957 0.002365 0.000437
v -0.001572 0.009308 -0.028919
v 0.016579 0.007591 -0.024288
v 0.023827 -0.004059 0.027517
v -0.036552 0.012138 -0.006397
v 0.034103 -0.005989 0.026957
v -0.004662 0.000031 -0.027906
v 0.030655 -0.001961 0.019073
v 0.027306 0.000648 0.008421
v -0.020332 0.009392 -0.008671
v 0.013260 -0.002235 -0.029882
v 0.049774 0.000366 -0.007296
v -0.016220 0.000076 -0.024630
v -0.031105 0.001389 -0.011280
v -0.034760 0.003090 0.016113
v 0.048309 0.001640 -0.001944
v -0.051750 0.010605 0.007610
v 0.020164 0.006111 -0.009501
v 0.051285 -0.001137 -0.001192
v -0.048157 0.007210 -0.004120
v -0.044441 0.001038 0.030979
v 0.024422 -0.003670 0.025986
v 0.045944 -0.013748 -0.001703
v 0.048294 -0.015991 0.013279
v -0.036057 -0.002380 0.017466
v -0.029373 0.004204 0.013218
v -0.003738 0.009270 -0.030367
v -0.050117 0.004639 0.027164
v -0.026566 0.006119 0.004011
v 0.037811 -0.003494 0.019030
v -0.041000 0.010048 0.002396
v -0.047531 -0.009651 0.027184
v -0.039635 0.005722 0.013153
v 0.021553 -0.003616 -0.028652
v 0.025124 0.003532 -0.000584
v -0.028694 0.012283 -0.012266
v -0.022499 0.005844 -0.004204
v 0.029503 -0.010574 0.023497
v -0.035446 0.001221 0.020967
v 0.034294 -0.019310 0.027107
v -0.040802 -0.007568 0.028833
v -0.023605 0.007195 -0.003048
v 0.033134 0.004196 -0.004957
v 0.034592 -0.006866 -0.004690
v 0.014748 0.001038 -0.017517
v -0.045502 0.000847 0.031548
v 0.041969 0.003922 -0.017847
v 0.026962 -0.004265 0.027248
v -0.030663 0.003319 -0.001120
v 0.021523 0.006310 -0.030170
v 0.027992 0.001831 0.007404
v -0.040817 0.000359 -0.010117
v -0.041191 -0.007935 0.028484
v -0.051704 0.010429 0.010677
v -0.024765 -0.001648 0.024359
v -0.051964 0.006210 0.022112
v -0.019150 0.012939 -0.024483
v -0.035179 0.014175 -0.016562
v 0.048485 0.001770 -0.009764
v 0.050056 -0.005402 0.018345
v -0.026955 0.006660 0.003517
v 0.034973 -0.007401 0.028931
v -0.051567 0.010796 0.009031
v -0.043587 0.013664 -0.004807
v -0.025475 0.008865 -0.002768
v 0.024933 0.000252 0.000458
v 0.046257 0.003716 -0.010416
v -0.002106 -0.000359 -0.028778
v -0.027069 0.009659 -0.004196
v 0.029167 -0.006081 0.016644
v 0.022102 -0.004936 0.027693
v 0.038803 -0.005638 -0.020344
v 0.029533 -0.013664 0.027798
v -0.029617 0.004990 0.011675
v 0.017723 0.006020 -0.011423
v -0.010536 0.009575 -0.023083
v 0.029198 -0.001038 0.015652
v 0.047707 -0.007217 0.023111
v 0.048889 0.000557 -0.000120
v 0.036621 0.005402 -0.022488
v -0.025230 0.014435 -0.021996
v 0.027298 0.005455 -0.009359
v -0.029198 0.008011 0.001497
v 0.049553 -0.001099 0.003752
v 0.036377 0.005280 -0.016209
v -0.004967 0.003548 -0.031559
v 0.043724 0.003746 -0.015169
v -0.028915 0.015083 -0.019976
v -0.028954 0.000679 -0.022034
v -0.022232 0.002769 -0.014265
v -0.005074 0.008934 -0.030699
v 0.025848 -0.002869 0.022963
v 0.035172 -0.017097 0.025816
v 0.025375 0.004097 -0.001356
v 0.037308 -0.007637 0.029009
v -0.023338 0.008484 -0.004513
v -0.048203 0.006401 0.019176
v -0.025101 -0.001282 0.026922
v 0.048195 -0.012199 -0.002478
v -0.002083 0.008873 -0.030359
v 0.028908 -0.007004 0.018253
v 0.052025 -0.006027 0.013680
v -0.051262 0.009308 0.016575
v -0.012955 0.007912 -0.013653
v 0.012909 -0.002602 -0.029856
v 0.032562 0.005188 -0.012304
v 0.026917 -0.001541 0.001511
v -0.024200 0.012016 -0.015244
v -0.035988 0.000847 0.023912
v 0.049072 -0.013145 0.001524
v 0.048767 -0.004425 0.017225
v 0.048462 0.002876 -0.007572
v 0.019875 0.005951 -0.030613
v -0.036636 0.015213 -0.013100
v -0.027290 0.000610 0.019747
v 0.006386 0.006371 -0.017185
v 0.033936 0.000656 0.008381
v -0.050674 0.005058 0.026058
v -0.001251 0.006622 -0.018219
v -0.046265 0.004066 0.022957
v 0.029961 0.002327 0.004221
v -0.016136 0.010170 -0.019117
v 0.051514 -0.002396 0.000132
v 0.036148 -0.018860 0.026701
v 0.042900 -0.007416 0.027515
v 0.045692 0.003777 -0.011375
v -0.050743 0.010490 0.012180
v 0.011841 0.006271 -0.014654
v 0.050575 0.000359 -0.004324
v -0.037895 0.002289 0.019039
v -0.049934 0.011520 0.008257
v -0.010735 0.010803 -0.029459
v -0.039116 -0.000107 -0.010620
v -0.013672 0.006897 -0.012402
v 0.022453 0.004517 -0.004663
v -0.006027 0.007668 -0.018475
v -0.038811 0.006798 -0.014942
v -0.030647 -0.004707 0.025322
v -0.045959 -0.008827 0.028961
v -0.031212 0.005623 0.010221
v 0.033745 -0.000717 0.013351
v -0.022163 0.009575 -0.007399
v -0.039398 -0.007347 0.028618
v 0.044853 -0.013161 0.005611
v 0.036354 0.004707 -0.023571
v -0.038338 0.015205 -0.011404
v -0.048447 0.012360 0.004078
v 0.049767 0.001610 -0.003658
v -0.025536 -0.000595 0.025175
v 0.021286 0.006020 -0.009014
v 0.043816 -0.001518 0.010237
v -0.044685 -0.001831 0.004419
v 0.046951 -0.007545 0.024305
v 0.040108 -0.016441 0.022667
v -0.021866 0.009758 -0.008184
v -0.030807 0.015053 -0.019186
v 0.020409 0.005661 -0.008020
v -0.037888 0.007957 -0.015944
v 0.048851 0.000099 0.000753
v 0.036514 0.005379 -0.022097
v -0.027336 0.004684 0.010622
v 0.016792 0.005951 -0.011965
v -0.009460 0.009758 -0.024441
v 0.028862 -0.001068 0.016447
v 0.046272 -0.016327 0.019682
v -0.051270 0.009804 0.015837
v 0.051697 -0.005165 0.014133
v -0.013969 0.008652 -0.014084
v -0.025314 0.009148 -0.003922
v -0.025551 -0.001579 0.027925
v 0.042381 0.003632 -0.005928
v -0.002251 0.009071 -0.030048
v -0.049011 0.005577 0.022991
v -0.053955 0.005203 0.010677
v 0.052254 -0.005836 0.012133
v 0.027588 0.001923 0.005121
v -0.013763 0.009521 -0.019085
v 0.027840 0.000114 -0.028263
v 0.041908 -0.006927 0.027338
v 0.046097 0.003395 -0.011793
v 0.009735 0.005653 -0.014542
v 0.052048 -0.003113 0.006687
v -0.011459 0.011253 -0.028900
v 0.044685 -0.012009 -0.008671
v -0.054031 0.000534 0.022406
v -0.054222 0.002304 0.013176
v -0.014885 0.008057 -0.012228
v 0.024048 0.004951 -0.004114
v -0.003830 0.007034 -0.017855
v 0.050430 -0.012817 0.010828
v 0.041374 -0.017677 0.024837
v -0.034286 0.001030 -0.008795
v -0.027206 0.000572 -0.018318
v -0.011017 0.010803 -0.029518
v 0.029129 -0.003273 0.022951
v -0.027756 0.014214 -0.021847
v -0.050926 0.005348 0.025324
v -0.032082 0.012970 -0.011265
v -0.039330 0.006981 0.009228
v 0.040161 -0.010178 0.009424
v -0.025574 0.013298 -0.017141
v -0.051819 -0.004929 0.017694
v -0.051926 0.008804 0.017523
v -0.038719 0.012573 -0.005390
v -0.021988 0.012360 -0.019125
v -0.041245 0.001396 0.026897
v -0.041687 0.012215 -0.001507
v -0.008865 0.008430 -0.019073
v -0.012085 0.011078 -0.029528
v 0.026138 -0.002708 0.022202
v -0.033470 0.005356 0.011198
v 0.020264 0.006721 -0.016199
v 0.038643 -0.011414 0.015779
v -0.050636 0.008804 0.017361
v -0.024040 0.010399 -0.010317
v 0.024704 -0.003731 0.019995
v 0.026550 -0.000908 0.005110
v 0.039108 0.004623 -0.020590
v -0.050026 0.005455 0.024830
v -0.007530 0.001045 -0.030338
v 0.016930 0.006752 -0.030891
v -0.001183 0.003952 -0.017406
v -0.045593 0.008209 0.012163
v 0.010574 0.007324 -0.022129
v -0.021301 0.012733 -0.026608
v -0.031410 0.007881 0.002459
v -0.007187 0.009087 -0.024067
v 0.045761 0.000534 0.001432
v 0.015976 0.006042 -0.012493
v 0.014313 0.008232 -0.029968
v -0.037323 0.015038 -0.013144
v -0.009125 0.008011 -0.016945
v 0.028152 -0.001640 0.012812
v 0.033974 0.000412 0.009270
v -0.014938 0.011887 -0.029041
v 0.051804 -0.006981 0.005638
v -0.048836 -0.003525 0.005165
v 0.050346 -0.006531 -0.001762
v -0.052414 -0.005867 0.027275
v 0.027107 -0.002144 -0.003487
v -0.051369 0.003792 0.028423
v -0.023392 0.011444 -0.014256
v -0.052086 0.000816 0.030483
v -0.031853 0.007599 0.003401
v -0.008728 0.009483 -0.024166
v -0.047661 0.003983 -0.004480
v 0.033936 -0.000458 0.012323
v -0.045204 0.010780 0.004452
v -0.051193 0.002007 0.002342
v 0.051987 -0.004707 0.012642
v -0.049294 0.003654 0.029419
v -0.037361 0.001190 0.022930
v 0.049438 -0.013199 0.003080
v 0.037582 0.004745 -0.021944
v 0.034119 -0.007011 -0.022007
v 0.031464 -0.001480 0.017132
v -0.027687 0.001045 0.018593
v -0.043503 0.013245 -0.006969
v -0.027641 0.014961 -0.020117
v -0.012993 0.009758 -0.021339
v -0.048615 -0.009628 0.027382
v 0.012978 0.006317 -0.014172
v 0.049049 -0.000717 0.002901
v 0.005402 0.003662 -0.031748
v -0.049995 0.006065 0.022882
v -0.022102 0.011024 -0.014250
v -0.049202 0.011024 0.009344
v 0.049835 -0.014175 0.012596
v -0.050316 0.003983 0.028709
v -0.051239 -0.003532 0.008013
v -0.046211 0.008125 0.013174
v 0.050156 -0.003380 0.012272
v -0.033920 0.002548 -0.001312
v -0.008049 0.009346 -0.024216
v 0.026436 -0.002258 0.016676
v -0.052727 -0.005295 0.025715
v 0.014076 -0.001450 -0.027245
v 0.007309 0.005852 -0.015898
v -0.017960 0.012726 -0.025188
v -0.043221 0.003906 0.019058
v 0.018394 0.006294 -0.030754
v 0.035522 -0.005302 0.024998
v -0.026787 0.013023 -0.015251
v -0.041313 0.006195 0.013163
v 0.022987 0.006561 -0.016209
v 0.022827 -0.004799 0.028135
v -0.019608 0.010109 -0.012789
v -0.039291 0.004593 0.015158
v 0.051750 -0.002312 0.003706
v 0.033493 -0.003349 0.020967
v 0.028343 -0.001297 0.017931
v -0.043037 -0.002419 0.010035
v 0.041695 0.004562 -0.016356
v -0.035065 0.000992 0.021948
v 0.001228 0.007652 -0.023132
v -0.025871 -0.000931 0.022661
v 0.027962 0.001945 -0.028406
v 0.022614 -0.004227 0.026052
v -0.027107 0.003120 0.010941
v 0.045303 -0.006523 0.024769
v 0.003601 0.000099 -0.031424
v 0.045189 0.002258 -0.002443
v 0.047997 -0.015526 0.007151
v 0.023193 -0.003860 0.026814
v -0.006973 0.008652 -0.022541
v -0.051239 0.010086 0.015167
v -0.028328 0.004471 0.011925
v 0.028145 -0.003868 0.024998
v -0.026978 0.002922 0.008419
v -0.042969 0.000763 0.030287
v -0.016281 0.009613 -0.015182
v 0.043633 0.003296 -0.015854
v 0.045937 -0.010094 -0.009020
v -0.051628 0.004143 0.002619
v 0.036530 -0.012459 0.020350
v 0.022873 -0.003746 0.023024
v -0.037682 0.012955 -0.015114
v 0.031616 -0.014465 0.025906
v 0.041206 -0.004387 -0.018740
v -0.028893 0.002968 0.014833
v 0.026779 -0.002388 0.020847
v 0.029816 -0.002579 0.020987
v -0.051529 0.007317 0.020088
v 0.024765 -0.003159 0.021534
v -0.019005 0.006607 -0.008545
v 0.033905 -0.006248 -0.002268
v 0.027321 -0.001572 0.015829
v 0.022179 -0.005814 0.024021
v 0.038277 -0.008446 -0.019053
v -0.044052 -0.001030 -0.002007
v -0.027504 0.000443 0.021032
v 0.003265 0.005127 -0.016113
v 0.029869 -0.003510 -0.000256
v -0.030464 -0.000198 -0.019423
v 0.028702 -0.001144 0.017378
v -0.047775 0.008995 0.013214
v -0.030952 0.002922 -0.004932
v 0.026512 -0.001862 0.017395
v -0.033356 0.006462 -0.020206
v 0.010529 -0.001930 -0.029287
v -0.047333 0.011620 0.005356
v 0.048729 0.001991 -0.003073
v -0.047607 0.000580 -0.003115
v -0.026306 -0.000122 0.024912
v 0.024399 0.005775 -0.009327
v 0.035332 0.005569 -0.023600
v -0.039856 0.014816 -0.010117
v -0.021187 0.000877 -0.020666
v 0.032379 -0.007126 0.015781
v 0.040100 -0.001564 0.012695
v 0.013206 0.008469 -0.029818
v 0.029671 -0.000702 0.013809
v 0.042397 -0.010254 -0.013992
v 0.036247 -0.018547 0.026289
v 0.040726 -0.010834 -0.001268
v 0.029472 -0.000847 0.014242
v 0.032295 -0.001068 0.014984
v 0.012466 -0.002464 -0.029987
v 0.028435 -0.001343 0.013987
v 0.036140 -0.009079 0.029196
v 0.024033 0.005997 -0.012291
v 0.051979 -0.004211 0.011082
v 0.010315 0.007576 -0.031240
v 0.033974 0.000008 0.010660
v -0.050926 0.006287 0.022549
v 0.028114 -0.000305 0.010799
v 0.040390 -0.000786 0.009775
v 0.050827 -0.005127 0.017019
v -0.036346 0.015152 -0.013765
v -0.026886 0.000313 0.019779
v 0.027542 0.001419 0.008512
v 0.045212 -0.007225 -0.012321
v -0.046120 0.004501 0.020994
v -0.026581 0.000221 -0.020929
v -0.048309 0.002769 -0.003189
v 0.043289 -0.002655 0.014183
v 0.007500 0.008820 -0.028675
v -0.027435 0.001183 -0.015875
v 0.033783 0.000961 0.007145
v 0.035217 -0.019028 0.026470
v 0.040306 -0.000259 0.007261
v 0.030701 -0.009132 0.020308
v 0.021309 0.006851 -0.020111
v -0.042549 0.004654 0.017056
v 0.051743 -0.002731 0.005129
v -0.009819 0.010818 -0.029169
v -0.048843 0.012238 0.005199
v 0.040535 -0.017822 0.026525
v 0.024742 -0.003281 -0.022635
v -0.025459 -0.000626 0.024050
v 0.030228 0.002022 0.005463
v -0.040222 0.008858 -0.013666
v 0.009903 -0.000839 -0.031359
v -0.054405 0.002335 0.018105
v 0.026657 -0.013062 0.026320
v 0.030289 0.001823 0.006178
v 0.022026 0.004570 -0.030556
v -0.050804 0.010323 0.013126
v -0.033478 -0.001961 0.030006
v -0.036598 0.006828 -0.017115
v -0.030991 0.007042 0.005363
v 0.048500 -0.015976 0.012232
v 0.022789 0.003746 -0.003626
v 0.033463 0.001343 0.005594
v 0.027000 -0.012199 0.026016
v 0.043411 0.004227 -0.014549
v 0.001999 0.005142 -0.016426
v 0.029854 0.002602 0.003195
v 0.033211 0.002029 0.003378
v 0.008316 -0.000504 -0.027437
v -0.049561 0.010544 0.011232
v -0.051048 0.004494 0.027397
v 0.036201 0.002060 0.001423
v 0.025848 0.003647 -0.000229
v 0.022919 -0.006828 0.023510
v -0.026146 0.001595 -0.024773
v 0.038712 -0.006012 0.026026
v 0.023758 0.000893 -0.001835
v 0.025070 0.004593 -0.002495
v -0.044342 0.006409 0.015106
v -0.035751 0.015015 -0.012743
v -0.031067 0.006256 -0.022249
v -0.014107 0.004791 -0.030428
v -0.033691 0.000336 -0.016563
v -0.043762 -0.005150 0.019842
v -0.047127 -0.000618 0.031826
v -0.028976 0.006989 0.005501
v 0.045113 0.004120 -0.010693
v 0.026382 0.004570 -0.002232
v 0.032509 -0.008919 0.018291
v -0.037621 0.015160 -0.012354
v 0.031281 -0.008247 0.018295
v -0.029472 0.003586 -0.003122
v -0.016541 0.012512 -0.027851
v 0.023933 0.004082 -0.002556
v -0.050743 0.003288 0.029623
v -0.038071 0.012680 -0.006367
v -0.043304 0.008163 -0.010250
v 0.026878 0.004982 -0.004419
v 0.030472 -0.002174 -0.026575
v -0.050957 0.005966 0.023678
v -0.027336 0.005959 0.006807
v -0.036461 0.002121 -0.015776
v -0.039803 0.010719 0.000431
v 0.024170 0.005203 -0.005205
v 0.047523 -0.005272 0.019850
v 0.024513 0.005569 -0.007259
v -0.020256 0.000603 -0.027082
v 0.006454 0.008499 -0.030775
v -0.043915 0.002190 0.026897
v 0.030045 -0.005699 -0.023453
v -0.026070 0.009850 -0.006376
v 0.007568 0.008720 -0.030483
v 0.001968 0.009064 -0.028843
v -0.049904 0.010094 0.013142
v -0.032921 0.009392 -0.000547
v -0.039795 -0.000221 -0.006025
v 0.045151 -0.004608 0.019087
v 0.024323 0.005455 -0.006378
v 0.045280 0.003044 -0.004450
v 0.047340 -0.008919 0.024044
v -0.045097 0.008324 0.011202
v 0.027351 0.005203 -0.006397
v -0.011246 0.008965 -0.019176
v -0.006958 0.010338 -0.029470
v 0.038132 0.004860 -0.021284
v 0.021568 0.005226 -0.006468
v -0.011215 0.000954 -0.023195
v 0.030571 -0.006073 0.028370
v 0.000023 0.008766 -0.030344
v -0.045586 0.013313 -0.003609
v -0.027596 0.005074 0.010082
v 0.016663 0.004990 -0.010656
v -0.024269 -0.003212 0.026497
v 0.027908 0.006256 -0.017170
v -0.008904 0.009201 -0.023184
v 0.048981 -0.000084 0.001047
v 0.015556 0.005219 -0.011801
v 0.050049 -0.003639 -0.004797
v 0.018860 -0.001961 -0.025013
v -0.021400 0.008598 -0.006292
v 0.039841 -0.009377 -0.017292
v -0.036240 0.014954 -0.014505
v -0.048569 0.011467 0.007376
v -0.026497 -0.000153 0.022369
v 0.036003 0.005287 -0.022491
v 0.052017 -0.003410 0.004377
v 0.019592 0.006828 -0.018156
v -0.024384 -0.002052 0.026146
v 0.029587 0.003685 -0.000526
v 0.008377 0.005608 -0.015135
v -0.007500 0.002663 -0.019785
v -0.032326 0.003319 0.015221
v 0.036736 0.000755 0.005440
v 0.043739 -0.001068 0.008253
v -0.049889 0.012138 0.005272
v 0.042755 0.004059 -0.016155
v 0.027046 -0.013245 0.026781
v 0.005394 0.006012 -0.016710
v 0.033775 -0.005196 0.006525
v 0.049683 -0.001511 0.005241
v -0.040947 0.002441 0.020967
v -0.023384 0.009422 -0.027180
v -0.052765 0.009293 0.010300
v 0.002426 0.004906 -0.016273
v 0.048676 0.002632 -0.008074
v 0.006981 0.006233 -0.016563
v 0.031769 -0.004196 0.007544
v -0.033440 0.015526 -0.016495
v -0.014542 0.003815 -0.015017
v 0.003754 0.005646 -0.016535
v 0.029572 0.005737 -0.026934
v -0.027023 0.003868 -0.025051
v -0.047066 -0.004044 0.010599
v -0.038231 0.000496 0.027927
v -0.042358 0.006950 0.012161
v -0.005142 0.006874 -0.016245
v 0.022530 -0.004509 0.023388
v -0.006851 0.006958 -0.015684
v -0.050941 -0.004272 0.011965
v -0.045799 -0.002525 0.005320
v 0.044472 -0.005127 0.020988
v -0.027496 0.005783 0.007639
v -0.042694 0.003029 0.020966
v -0.006104 0.006798 -0.015509
v -0.041023 0.013130 -0.004499
v -0.021118 0.004303 -0.009926
v 0.049995 -0.002731 0.010437
v -0.021210 0.013542 -0.025293
v -0.044800 -0.003548 0.014154
v -0.003326 0.006180 -0.016302
v -0.032669 0.000992 0.008005
v -0.017883 0.003929 -0.013254
v -0.003464 0.006638 -0.016958
v 0.043030 -0.011147 -0.011580
v -0.029701 0.006523 0.007317
v 0.021667 -0.003372 -0.026131
v 0.035225 0.005089 -0.024178
v -0.017502 0.008926 -0.029522
v -0.038536 -0.003799 0.019846
v -0.024963 0.014122 -0.022995
v -0.014297 0.008018 -0.012711
v -0.011963 0.007034 -0.013350
v -0.026199 0.013977 -0.018051
v -0.048119 0.001144 0.031754
v -0.027405 0.012825 -0.014265
v 0.051613 -0.009056 0.010225
v 0.035751 0.002922 -0.001505
v -0.011543 0.007576 -0.013990
v 0.026520 -0.012558 0.027020
v 0.049767 -0.004028 0.014742
v -0.041901 0.000000 0.000130
v 0.026855 0.005730 -0.012300
v -0.008484 0.007111 -0.015055
v 0.036186 0.003883 -0.004948
v 0.014381 0.005280 -0.012457
v -0.008919 0.007339 -0.015253
v 0.027267 -0.013245 0.026409
v 0.004486 -0.000511 -0.030565
v -0.008949 0.006493 -0.014454
v -0.020050 0.009811 -0.010496
v -0.018906 0.009140 -0.010185
v -0.039108 -0.006592 0.029408
v 0.019058 -0.000290 -0.030725
v -0.031830 0.000664 0.022938
v -0.028053 0.001534 0.016863
v -0.028229 0.006348 0.007111
v -0.027596 0.005486 0.008896
v -0.052048 -0.003830 0.014324
v -0.014030 0.000595 -0.029276
v -0.025574 0.006310 0.001232
v 0.040504 -0.001961 -0.020235
v -0.025436 0.005386 0.001675
v 0.043877 -0.005638 0.023018
v -0.027122 0.005119 0.008213
v 0.033234 -0.018669 0.027298
v 0.036804 -0.018311 0.027750
v 0.048134 0.002808 -0.005186
v 0.043320 0.002693 -0.017021
v -0.034431 0.014694 -0.012968
v -0.030121 -0.003639 0.023872
v 0.027023 0.001495 0.005548
v 0.050011 -0.010078 0.000235
v -0.050072 0.001434 0.031553
v -0.028366 0.005692 0.009262
v 0.041473 -0.007668 0.028276
v -0.043343 0.004402 0.018108
v -0.028633 0.002274 0.015903
v -0.024696 0.003944 -0.007399
v -0.001549 0.000595 -0.031252
v -0.008255 0.009727 -0.030407
v -0.045471 0.003204 0.024920
v 0.046440 -0.006020 0.022345
v -0.028381 0.002426 0.014996
v -0.017883 0.009872 -0.013941
v -0.031685 0.000381 -0.015123
v 0.032059 -0.014145 0.028038
v -0.033279 0.001671 0.003599
v 0.042343 0.001389 0.000435
v -0.052223 -0.003487 0.029898
v -0.053673 -0.001244 0.015646
v -0.029541 0.000984 0.020962
v -0.025360 -0.000801 0.025969
v 0.042061 0.002525 -0.002472
v 0.007614 0.008095 -0.025370
v 0.021011 -0.008308 0.028465
v -0.031906 0.003929 -0.021273
v 0.039467 -0.014267 0.019800
v 0.032906 0.002632 0.001410
v -0.018936 0.000557 -0.022343
v 0.035454 0.005737 -0.022909
v -0.004730 0.008659 -0.024342
v 0.041046 -0.010727 0.008636
v -0.024734 -0.001389 0.025532
v 0.022583 -0.008865 0.025146
v 0.010048 0.005043 -0.014259
v 0.022301 0.006721 -0.018152
v -0.027298 0.010674 -0.024424
v -0.051865 0.004150 0.027344
v -0.048965 0.008919 0.015177
v -0.027267 0.004311 0.010851
v -0.052116 0.006470 0.021315
v 0.041824 0.004356 -0.017225
v 0.015854 0.008110 -0.029800
v 0.001640 0.004349 -0.016195
v 0.047401 -0.016327 0.015347
v -0.046585 0.005470 0.019066
v 0.039436 -0.002357 0.015238
v 0.036301 0.001762 0.002386
v -0.051720 0.010170 0.012941
v 0.049446 0.001724 -0.007578
v 0.044205 0.003761 -0.014259
v -0.012070 0.008583 -0.016161
v -0.025063 0.007935 -0.001768
v 0.021904 0.003845 -0.004810
v -0.050499 0.010666 0.011431
v -0.008331 0.008995 -0.030762
v -0.025345 0.004829 -0.000223
v -0.051590 0.010429 0.011225
v -0.002708 0.000725 -0.031248
v -0.051315 -0.004166 0.012897
v -0.029099 0.010338 -0.006413
v -0.025017 -0.002304 0.028357
v 0.048386 -0.004692 0.018196
v -0.040260 0.007713 0.007278
v 0.047386 0.003105 -0.010168
v 0.039719 0.000839 0.003387
v -0.002121 0.007843 -0.031052
v -0.046654 0.013306 -0.000645
v -0.053452 0.006668 0.019049
v -0.025230 0.000801 -0.024635
v -0.043381 0.013550 -0.005787
v -0.044716 0.013344 -0.004656
v 0.018867 0.005699 -0.009428
v -0.043251 0.013374 -0.007051
v -0.010765 0.000618 -0.024080
v 0.031990 -0.005608 -0.016294
v 0.017166 0.003151 -0.009970
v -0.049995 0.011223 0.009365
v 0.018036 0.007713 -0.025414
v -0.042610 0.013657 -0.006664
v 0.042297 0.003365 -0.004936
v -0.018585 0.007301 -0.009058
v -0.017944 0.009079 -0.011251
v -0.041664 0.013901 -0.006813
v -0.029999 0.000313 -0.016705
v 0.037315 -0.018715 0.026337
v 0.015480 0.007835 -0.030319
v 0.022614 0.006668 -0.017174
v -0.016663 0.000298 -0.023630
v -0.043053 -0.001213 0.004454
v -0.040939 0.014206 -0.009186
v -0.049828 0.001991 0.031258
v 0.046600 -0.003471 0.015165
v 0.047653 0.003212 -0.008608
v -0.033646 0.015442 -0.015306
v -0.033165 -0.001068 0.015036
v 0.049660 -0.013527 0.004927
v -0.034691 0.000542 0.024908
v -0.028603 0.015282 -0.019323
v 0.025276 -0.010139 0.025108
v -0.031876 -0.004921 0.029428
v -0.016266 0.006859 -0.011017
v -0.021004 0.001846 -0.027489
v 0.051369 -0.001816 0.002337
v -0.034676 0.005890 0.010197
v -0.030884 0.001884 0.004719
v -0.046234 -0.008011 0.029503
v 0.036499 0.004463 -0.023441
v 0.025063 -0.004143 0.019264
v -0.024643 0.014114 -0.023108
v -0.024605 -0.001579 0.025637
v -0.039192 0.010994 -0.000540
v 0.026695 -0.001190 0.004494
v -0.043236 0.013557 -0.004009
v 0.048561 -0.006943 0.021656
v 0.045418 0.001373 -0.000477
v -0.023712 0.014030 -0.022795
v 0.024185 0.005920 -0.011309
v -0.019783 0.013199 -0.025459
v -0.042305 -0.001556 0.006804
v -0.018753 0.013031 -0.026360
v -0.020607 0.013321 -0.025539
v 0.018303 0.003479 -0.008753
v -0.035416 0.010414 -0.001541
v -0.053238 -0.003723 0.024496
v -0.021355 0.013420 -0.025108
v -0.050514 0.006813 0.000114
v -0.017685 0.012955 -0.027088
v -0.019791 -0.000038 -0.024343
v -0.015999 0.012520 -0.027105
v 0.017288 0.000092 -0.019117
v 0.006859 -0.000992 -0.028666
v -0.050842 -0.003883 0.007887
v 0.049568 -0.001831 0.006907
v -0.013168 0.011703 -0.029032
v 0.040825 0.004784 -0.018597
v 0.051369 -0.008995 0.005764
v -0.006012 0.004616 -0.015518
v -0.047455 0.004471 0.023951
v -0.031296 0.009087 -0.000551
v -0.048843 0.001640 -0.001858
v 0.033691 0.001205 -0.025507
v -0.032135 0.001259 0.020027
v -0.013786 0.011612 -0.029335
v 0.018646 0.006821 -0.030434
v 0.028412 0.006142 -0.016211
v 0.022499 -0.009125 0.028555
v 0.032379 -0.004402 0.023983
v 0.020737 0.006958 -0.021090
v 0.019989 0.006721 -0.030207
v 0.017426 0.007774 -0.029730
v -0.027748 0.003586 0.000429
v 0.038414 0.005081 -0.020769
v 0.041328 -0.011589 -0.004648
v -0.002075 0.000137 -0.027361
v -0.043007 0.013702 -0.004644
v -0.030907 0.008202 0.001448
v -0.050926 -0.008263 0.024929
v 0.040337 0.003693 -0.020222
v -0.053368 -0.000824 0.011036
v -0.052071 0.009300 0.016367
v 0.040947 -0.011330 -0.003416
v 0.050240 -0.002594 0.009451
v 0.042885 -0.010170 -0.013485
v 0.009888 -0.001244 -0.031067
v -0.019951 0.012993 -0.026342
v -0.039474 0.002304 0.019997
v -0.050827 0.003365 0.001055
v 0.047218 -0.001839 0.009233
v 0.041847 0.002716 -0.019056
v 0.040237 0.004372 -0.019670
v 0.027534 -0.014236 0.027893
v 0.028946 -0.003204 -0.003469
v 0.039330 0.004646 -0.020277
v 0.018326 0.000687 -0.015055
v -0.030991 0.012138 -0.021128
v -0.036102 0.007477 0.005337
v 0.040009 0.004189 -0.020147
v -0.042816 -0.006470 0.029884
v 0.042786 0.000648 0.002388
v 0.045052 0.003296 -0.013721
v 0.033089 0.004959 -0.010334
v 0.021561 -0.005936 0.025299
v -0.036011 -0.000496 0.011009
v 0.028328 -0.014412 0.027428
v 0.044975 -0.007957 0.026682
v 0.025200 0.001640 0.001484
v 0.036171 -0.008530 -0.019119
v 0.047012 -0.005905 0.021574
v -0.036667 0.009811 0.000425
v -0.050468 0.002396 0.030762
v 0.048401 0.002869 -0.006529
v -0.027565 0.003242 0.002045
v -0.003929 0.006157 -0.015774
v 0.047379 -0.005707 0.020849
v 0.042992 -0.007828 0.027836
v 0.004715 -0.000931 -0.029964
v 0.045425 0.003548 -0.006388
v -0.049690 0.000023 0.000723
v -0.049721 0.012238 0.004204
v -0.018539 0.003967 -0.029066
v 0.049614 0.001915 -0.005806
v 0.050415 0.000526 -0.001513
v -0.025742 -0.004288 0.028997
v -0.021690 0.010750 -0.027609
v 0.051361 -0.001244 0.000917
v -0.049438 -0.001762 0.002069
v 0.046219 -0.000259 0.003426
v 0.025543 -0.002914 -0.028513
v 0.036400 -0.014351 0.023279
v 0.014946 0.006355 -0.013744
v -0.052017 0.007629 0.019386
v 0.049438 -0.001205 0.004391
v 0.042976 -0.011009 0.028109
v 0.037903 -0.006371 0.027201
v -0.046661 0.009087 0.011215
v -0.043594 -0.003548 0.031145
v 0.046608 -0.000877 0.005363
v 0.025734 -0.002754 0.017561
v 0.046959 -0.001373 0.007290
v -0.050247 0.011978 0.005495
v -0.032127 0.010986 -0.006407
v 0.043381 -0.009827 0.028040
v 0.049927 -0.002113 0.007614
v 0.029366 0.006508 -0.022120
v 0.028282 -0.015427 0.027241
v 0.034134 -0.018456 0.026863
v 0.051933 -0.003426 0.008205
v -0.043709 0.012596 -0.007864
v 0.027023 -0.013191 0.026413
v -0.033661 0.000130 0.010851
v -0.037552 -0.000145 -0.009897
v 0.047287 -0.002350 0.011229
v -0.051338 0.010994 0.009117
v -0.030365 -0.001350 0.017540
v 0.037102 -0.008530 -0.013374
v -0.006165 0.003685 -0.017233
v 0.028748 0.005989 -0.015255
v 0.049965 -0.002899 0.011026
v 0.019554 0.006485 -0.013292
v -0.023048 0.004028 -0.008715
v 0.052094 -0.003723 0.009630
v 0.049789 -0.003723 0.013754
v -0.019241 0.012123 -0.022020
v 0.042374 0.003838 -0.006870
v 0.047066 -0.002922 0.013193
v -0.016251 0.012337 -0.028147
v 0.045883 -0.004044 0.017155
v 0.011795 0.007019 -0.018129
v 0.030746 -0.004288 -0.003479
v 0.010773 -0.001343 -0.028252
v -0.049248 0.012482 0.002954
v 0.051636 -0.005348 0.015608
v 0.005547 0.001671 -0.031557
v 0.046181 -0.008156 0.025476
v -0.032555 0.010406 -0.003510
v 0.049454 -0.006447 0.019970
v -0.038048 0.006447 0.010199
v -0.011131 0.010307 -0.024635
v 0.046349 -0.006363 0.023306
v 0.013008 0.004395 -0.031685
v 0.025902 -0.004257 0.027775
v -0.052338 0.009842 0.012535
v -0.039093 0.011452 -0.014320
v 0.043091 -0.006142 0.025120
v -0.050766 0.011253 0.009293
v -0.042023 -0.000153 -0.001465
v -0.024506 -0.002220 0.024506
v 0.002617 0.008736 -0.030178
v -0.026802 0.003853 0.004744
v -0.049301 0.011749 0.007177
v 0.028183 -0.004929 0.028370
v -0.047905 0.010094 0.010284
v -0.050179 0.011749 0.007187
v -0.029221 0.002571 0.003063
v 0.032669 -0.004684 0.008270
v -0.036934 0.007019 0.007282
v -0.037552 -0.004227 0.021612
v -0.028648 0.014359 -0.016125
v -0.036469 0.001373 0.001429
v -0.043785 -0.001472 0.004560
v -0.022964 0.006462 -0.003618
v -0.048416 0.012711 0.002642
v -0.033493 0.007774 0.003408
v -0.025970 -0.003349 0.029118
v -0.030174 0.007538 0.003469
v 0.051643 -0.008354 0.007174
v -0.036644 0.000038 -0.012346
v -0.028473 0.005035 -0.024252
v -0.006271 0.006508 -0.015043
v 0.024979 0.002670 0.000235
v -0.028168 0.007362 0.003450
v -0.027779 0.007423 0.002605
v -0.045059 0.006180 0.016113
v -0.032227 0.006340 -0.021236
v -0.000702 0.004295 -0.031614
v -0.026871 0.007294 0.001406
v -0.046822 0.003250 0.027569
v 0.021767 0.006783 -0.019133
v 0.034981 -0.019661 0.027233
v 0.049088 -0.011894 0.018600
v 0.017578 0.006790 -0.016201
v 0.013527 0.008308 -0.026817
v -0.036430 0.011559 -0.004461
v -0.040146 -0.000519 0.030437
v -0.052071 0.008095 0.018745
v -0.032700 0.002708 -0.003689
v 0.038879 0.002892 -0.002487
v -0.029663 -0.000793 0.016781
v -0.048851 0.007889 0.017115
v 0.038971 0.002228 -0.000559
v 0.049660 -0.009911 -0.001198
v -0.024330 0.007118 -0.002005
v -0.038452 -0.000832 0.030357
v 0.033859 0.006264 -0.024740
v -0.048019 0.007782 0.016249
v 0.028099 -0.009293 0.028929
v -0.049797 0.002953 0.030365
v -0.045937 0.007072 0.015173
v -0.005661 0.000366 -0.026005
v -0.025665 0.002762 -0.011276
v -0.047432 0.007942 0.015137
v -0.047363 0.006874 0.017159
v -0.005135 0.009933 -0.028795
v -0.032097 -0.001610 0.029554
v -0.045059 0.002121 0.029060
v -0.045906 0.006073 0.017069
v -0.026100 0.012329 -0.014261
v -0.042702 0.005760 0.015125
v -0.051315 0.006668 0.021376
v 0.039284 0.002861 -0.021626
v -0.033379 0.003952 0.014162
v -0.025291 0.011665 -0.013273
v -0.050629 0.006989 0.020721
v -0.034538 0.004585 0.013189
v 0.038666 -0.008781 0.001009
v 0.022308 -0.004433 0.024822
v -0.049721 0.006516 0.021101
v -0.032768 0.004387 0.013208
v 0.011559 0.007088 -0.019133
v 0.040741 -0.010582 -0.000265
v 0.035324 -0.018784 0.026215
v -0.044495 0.003365 -0.008171
v -0.049957 0.006996 0.020193
v 0.050903 -0.008698 0.016325
v 0.035751 -0.018753 0.026842
v -0.046654 0.013489 -0.002478
v -0.049927 0.007439 0.019184
v 0.038734 0.001511 -0.022240
v 0.017822 0.006676 -0.015253
v 0.028366 -0.011124 0.024630
v -0.028389 -0.000107 -0.021032
v -0.031250 0.012138 -0.010303
v 0.034706 -0.007790 -0.019852
v -0.047302 -0.008987 0.029095
v 0.033516 -0.019264 0.027510
v -0.046700 0.005943 0.018162
v 0.029984 -0.003319 0.003006
v -0.039253 -0.007050 0.028997
v -0.047729 0.002701 0.030422
v -0.044266 0.005310 0.017109
v -0.035660 0.007744 0.004372
v 0.046165 -0.002724 -0.012978
v 0.027069 -0.004601 -0.023932
v -0.034416 0.007256 0.005337
v 0.003578 0.007370 -0.022123
v 0.051254 -0.001732 -0.001425
v 0.023041 0.000938 -0.003763
v -0.029831 0.013847 -0.014124
v -0.041458 0.003242 0.019093
v -0.050331 0.004669 -0.000231
v -0.037796 0.007782 0.005352
v -0.036575 0.007248 0.006315
v -0.000320 0.008743 -0.026705
v -0.029297 0.014153 -0.015133
v -0.051140 -0.006432 0.020409
v -0.054306 0.004990 0.017191
v -0.027443 0.013771 -0.016165
v -0.051033 0.001640 0.030895
v 0.048012 -0.007515 -0.007195
v -0.035263 0.006790 0.007284
v -0.038612 0.007332 0.007288
v 0.026093 -0.001663 -0.008770
v -0.029968 0.015152 -0.016634
v 0.012154 -0.000221 -0.025291
v -0.045052 0.009445 0.007303
v -0.008438 0.001526 -0.022379
v -0.025642 -0.005272 0.027609
v 0.032852 -0.006874 0.028465
v -0.037315 0.006828 0.008238
v -0.027985 0.014496 -0.017260
v -0.051750 -0.002792 0.007875
v -0.030952 0.000450 0.024927
v -0.032066 0.004829 0.012199
v -0.037666 0.006638 0.009235
v 0.040390 -0.010010 0.000994
v 0.033287 -0.007729 0.029058
v -0.035988 0.006371 0.009224
v 0.046303 -0.012184 0.024086
v -0.027222 0.014389 -0.021795
v 0.028221 -0.002808 -0.006073
v -0.042130 0.009399 0.004379
v 0.036438 -0.004684 0.022984
v -0.046944 -0.002464 0.003426
v -0.006844 0.004135 -0.015701
v -0.023979 0.005859 -0.002636
v -0.038498 0.006218 0.011200
v -0.027641 0.013390 -0.022709
v 0.026321 0.001472 0.004118
v -0.018631 0.011024 -0.019135
v 0.049995 -0.011559 0.016455
v -0.039230 0.000198 0.003418
v 0.045082 0.002281 -0.014668
v -0.041046 0.008591 0.005358
v -0.036850 0.005875 0.011189
v -0.040207 0.006638 0.011190
v -0.028458 0.000160 -0.021749
v 0.000099 0.004135 -0.017063
v -0.039017 0.005989 0.012161
v -0.041977 0.001984 0.024904
v 0.039360 0.001526 0.001413
v 0.016495 0.002304 -0.011717
v -0.000710 0.000206 -0.027166
v 0.022804 -0.002419 -0.029440
v -0.037933 0.005264 0.013157
v -0.005684 0.009460 -0.026079
v -0.021118 0.006020 -0.005808
v 0.031845 -0.012596 0.024361
v -0.040260 0.005424 0.014126
v -0.041710 0.004860 0.016121
v -0.051765 0.005646 0.024107
v 0.005150 0.004433 -0.016041
v -0.051392 0.005554 0.024635
v 0.014664 0.004364 -0.031546
v -0.028595 0.007156 0.004576
v 0.009628 0.003593 -0.014980
v 0.034454 -0.005714 0.007526
v -0.049484 0.006073 0.022141
v 0.031761 -0.009033 0.019123
v -0.046951 -0.001457 -0.000769
v -0.047775 0.005447 0.021032
v -0.029663 0.000252 -0.020979
v -0.035561 0.002708 0.017090
v 0.001663 0.003975 -0.016645
v -0.046417 0.004982 0.020039
v -0.044914 0.004616 0.019070
v -0.030830 0.005959 0.009268
v -0.040833 0.004005 0.017107
v 0.033806 -0.007202 -0.021431
v -0.029305 0.015350 -0.018532
v -0.045822 0.004082 0.021950
v -0.020447 0.012718 -0.022270
v 0.008148 0.007339 -0.022133
v -0.038734 -0.005821 0.024355
v -0.044441 0.003708 0.020979
v -0.043037 0.003456 0.020006
v -0.045181 0.002136 -0.006971
v 0.010841 -0.001823 -0.028957
v -0.016739 0.012032 -0.028528
v -0.039680 0.002724 0.019049
v -0.036514 0.000771 0.024906
v -0.051971 -0.006142 0.028446
v -0.017685 0.006203 -0.010155
v -0.051964 -0.001083 0.030758
v 0.050262 -0.012886 0.006502
v 0.041733 0.004318 -0.010336
v 0.036797 -0.008240 -0.011751
v -0.039841 0.003212 0.018076
v -0.017319 0.009216 -0.012184
v -0.022636 0.000626 -0.020752
v 0.020187 0.007095 -0.022129
v -0.018600 0.009644 -0.012022
v -0.034546 0.002403 -0.002348
v 0.031052 -0.014977 0.027111
v -0.035774 0.001289 0.002569
v 0.029152 -0.013062 0.025873
v -0.037323 0.003059 0.017122
v -0.039093 0.003510 0.017076
v -0.029884 0.010796 -0.022501
v -0.050079 0.003410 0.029800
v -0.005470 0.006264 -0.014805
v 0.016663 0.006958 -0.019138
v -0.048080 0.003258 0.029440
v 0.029442 0.005615 -0.013290
v 0.048515 -0.007912 -0.005835
v 0.011520 0.002693 -0.015009
v -0.049004 0.003746 0.028820
v 0.010231 0.001442 -0.031715
v 0.051910 -0.007629 0.008718
v 0.050720 0.000450 -0.002651
v -0.054443 0.003815 0.016809
v -0.050804 0.011597 0.006754
v -0.036789 0.008347 0.003387
v 0.001793 0.008629 -0.026793
v -0.053001 0.006203 0.020597
v 0.015991 0.002045 -0.013035
v 0.044319 -0.011559 -0.009892
v -0.048729 0.003838 0.028246
v 0.046867 0.002266 -0.012089
v 0.038582 -0.010452 0.014261
v -0.047546 0.003975 0.025955
v -0.030037 0.012779 -0.012255
v 0.032127 -0.006500 0.014971
v -0.048004 0.004501 0.024933
v 0.036026 -0.007133 0.028702
v 0.008850 0.004829 -0.014612
v -0.029472 -0.004204 0.024902
v 0.029907 -0.005951 0.015852
v -0.031715 0.005234 0.011238
v -0.047722 -0.009895 0.028105
v 0.017616 0.006866 -0.030714
v -0.005493 0.008949 -0.024746
v -0.048538 0.002670 0.030712
v -0.046516 0.002869 0.028650
v -0.046371 0.002380 0.029949
v 0.033401 -0.005173 0.008509
v -0.022408 0.011673 -0.016211
v -0.008392 0.006340 -0.031376
v -0.047333 0.002266 0.031017
v -0.006538 0.003593 -0.031403
v -0.044571 0.003288 0.022940
v -0.028038 0.001167 0.015728
v -0.035858 0.003815 0.015135
v 0.051636 -0.003082 0.001137
v -0.031395 0.013290 -0.012226
v 0.040115 -0.005180 0.022959
v -0.018242 0.006950 -0.009476
v -0.030464 0.004196 0.013399
v -0.030312 0.006256 0.008297
v -0.031769 0.006561 0.007336
v 0.003075 0.000046 -0.027275
v 0.013039 0.007324 -0.022127
v -0.029099 0.006744 0.006414
v -0.044014 0.011650 -0.008287
v -0.027664 0.006622 0.005388
v -0.029869 0.003708 0.014225
v -0.029770 0.003265 0.014933
v -0.030205 0.002838 0.015869
v 0.034958 -0.005898 0.004395
v -0.031212 0.010582 -0.005413
v -0.035172 0.005585 0.011208
v -0.044647 -0.007851 0.024883
v -0.049324 0.002464 0.030952
v -0.051689 0.008484 0.003517
v 0.020737 0.006531 -0.014263
v -0.045662 0.002846 0.026918
v -0.044250 0.002510 0.025890
v -0.043762 0.002556 0.024897
v 0.042068 -0.011360 0.007835
v -0.031937 0.002319 0.017195
v 0.038147 0.004700 -0.012295
v -0.047241 -0.004570 0.031088
v -0.043236 0.002594 0.023912
v -0.014664 0.012184 -0.027880
v -0.044907 -0.006134 0.030294
v -0.042778 0.002632 0.022930
v -0.030945 0.011223 -0.008348
v -0.025002 -0.003899 0.025719
v -0.041016 0.002060 0.022934
v -0.010498 0.009354 -0.022245
v -0.025452 0.005173 0.001852
v -0.024361 -0.004646 0.026611
v -0.042320 0.002670 0.021950
v -0.039108 0.001930 0.020966
v -0.030380 0.011452 -0.009340
v -0.036064 0.001915 0.019033
v 0.023674 0.007370 -0.026165
v 0.026840 0.006409 -0.019138
v 0.010719 0.000801 -0.022409
v -0.036285 0.002365 0.018070
v -0.028488 0.014603 -0.020998
v -0.005188 0.009949 -0.029470
v -0.040390 -0.006805 0.029419
v -0.033730 0.002449 0.017122
v -0.040222 -0.000977 0.006996
v 0.042137 -0.011772 -0.009367
v -0.023239 0.000137 -0.024593
v -0.033600 0.001045 0.020967
v -0.035530 0.000916 0.022930
v -0.042595 -0.001289 0.005362
v -0.033699 0.000694 0.022930
v 0.031013 0.005875 -0.016211
v 0.030121 -0.003922 -0.010126
v -0.037552 0.004173 0.015121
v -0.033302 0.000275 0.025917
v 0.051384 -0.006104 0.002388
v -0.052643 0.002754 0.028000
v -0.038956 0.000092 0.029417
v 0.020241 0.004349 -0.006750
v -0.033951 0.000076 0.027033
v 0.033081 -0.019012 0.027678
v -0.039429 0.013206 -0.006330
v -0.039528 0.001915 -0.012465
v -0.032089 -0.000061 0.027060
v 0.032692 0.003159 -0.000542
v -0.049294 -0.009346 0.027712
v -0.035110 0.011719 -0.006411
v 0.037331 0.004974 -0.014271
v -0.034904 0.014717 -0.016272
v -0.039421 0.000954 0.026909
v 0.039963 -0.010681 -0.005917
v 0.005142 0.000687 -0.025085
v -0.037621 0.000618 0.026909
v -0.043289 -0.000130 0.031267
v 0.040001 0.000206 0.005323
v -0.046280 0.000320 0.031834
v 0.047356 -0.016266 0.013288
v 0.046165 -0.016258 0.015409
v 0.033173 -0.019463 0.027672
v -0.035225 0.012482 -0.008339
v -0.017311 0.006401 -0.010391
v 0.028175 -0.002388 0.006659
v 0.039246 0.004204 -0.007841
v -0.026604 0.000275 -0.022612
v 0.036469 -0.018608 0.027582
v -0.041595 -0.000153 0.030584
v 0.011597 0.004776 -0.013542
v 0.041412 0.004410 -0.011324
v -0.027237 0.003487 0.011450
v 0.034531 -0.018021 0.027325
v -0.042831 0.000290 0.030767
v -0.048347 0.012741 -0.000011
v -0.040779 -0.000992 0.030804
v 0.024086 -0.004745 0.021067
v -0.030243 -0.005814 0.029032
v -0.012329 0.001358 -0.029917
v -0.039444 -0.000191 0.029982
v 0.018990 -0.002083 -0.030033
v -0.038574 -0.001808 0.030771
v -0.045944 0.001602 0.031185
v -0.045067 0.012245 0.001410
v -0.042358 -0.000488 -0.002407
v -0.037560 -0.001457 0.030521
v 0.015854 0.007133 -0.021101
v 0.031113 -0.014130 0.027897
v -0.038277 0.003815 0.016102
v -0.040649 0.000465 0.029383
v -0.029312 -0.002083 0.029520
v -0.016968 0.011253 -0.022057
v -0.049019 -0.004578 0.012583
v -0.042427 0.001091 0.029209
v -0.037132 -0.000153 0.029142
v -0.037033 0.000702 0.025888
v -0.042412 -0.001801 0.007793
v -0.038353 0.001091 0.024904
v -0.035301 -0.000534 0.029032
v -0.003601 0.009644 -0.029528
v 0.024612 0.005386 -0.029709
v -0.029800 0.002602 0.002399
v 0.005623 0.007584 -0.031168
v -0.005798 0.005600 -0.014940
v -0.029617 0.000282 0.026011
v -0.034576 -0.000175 0.028070
v 0.046478 -0.007942 -0.009697
v -0.011444 0.000641 -0.029606
v -0.021561 0.000793 -0.026508
v -0.036545 -0.001251 0.030209
v -0.032761 0.000160 -0.016058
v -0.051064 -0.004089 0.009995
v -0.029266 0.002296 0.016676
v -0.054146 0.004868 0.018749
v 0.022331 -0.007484 0.024433
v -0.030190 0.003479 -0.002695
v -0.034081 -0.001450 0.029819
v -0.028122 -0.000237 0.027075
v -0.026871 -0.001129 0.028101
v 0.046471 -0.016106 0.014162
v -0.026222 -0.000641 0.026770
v -0.051804 -0.005737 0.020147
v 0.045952 0.002846 -0.012943
v -0.053459 -0.001038 0.012550
v -0.032288 0.000526 0.023916
v -0.031754 0.001007 0.020987
v -0.032387 0.011597 -0.008356
v -0.042900 -0.001732 0.006716
v 0.035400 -0.019379 0.027775
v 0.035202 -0.018471 0.025940
v -0.030350 0.001526 0.019012
v -0.032402 0.001572 0.019104
v 0.019234 0.003151 -0.007856
v -0.015480 0.011543 -0.024229
v -0.047668 0.001808 0.031570
v -0.027634 -0.001762 0.029043
v 0.017410 0.006447 -0.013752
v 0.036415 0.005310 -0.022951
v -0.035828 -0.003159 0.019875
v -0.042686 0.001579 0.027870
v -0.025749 0.013542 -0.023735
v -0.037857 0.009079 0.002388
v -0.040680 0.001450 0.025879
v -0.022591 0.010910 -0.013271
v -0.040146 0.001503 0.024904
v -0.046227 0.011871 0.003340
v -0.000648 -0.000336 -0.028540
v -0.039650 0.001564 0.023912
v 0.038795 0.004471 -0.010332
v -0.042801 0.013252 -0.008223
v -0.039192 0.001602 0.022932
v -0.009293 0.000221 -0.028240
v -0.030609 0.000122 0.013618
v -0.038734 0.001640 0.021948
v 0.029182 0.003044 0.001814
v 0.028061 -0.001244 0.011066
v -0.037262 0.001526 0.020969
v 0.028282 -0.014954 0.027214
v 0.047615 -0.013985 0.000227
v -0.051216 -0.004105 0.011633
v -0.050529 -0.002312 0.004337
v -0.035820 0.001534 0.020004
v -0.042297 0.008400 -0.011415
v -0.041283 0.013855 -0.009911
v 0.029182 -0.015396 0.027012
v -0.027077 -0.000687 0.019859
v -0.034218 0.001686 0.019030
v 0.031921 0.005943 -0.019136
v -0.050659 -0.003845 0.030924
v 0.041237 -0.012665 0.028728
v 0.032700 0.003639 -0.002514
v -0.032639 0.001945 0.018211
v -0.054092 -0.000023 0.018276
v -0.004440 0.002739 -0.019730
v -0.028503 0.001503 0.017797
v -0.029472 0.003731 -0.023270
v -0.005585 0.001648 -0.022381
v -0.031364 0.000824 0.021967
v -0.030869 -0.000572 0.028139
v 0.051910 -0.005058 0.004114
v -0.001083 0.007637 -0.022121
v -0.022705 0.012451 -0.026287
v -0.013580 0.010109 -0.022045
v -0.029961 0.000710 0.022982
v 0.025002 -0.001221 -0.029200
v -0.026428 0.014664 -0.021025
v 0.019707 0.006378 -0.012247
v 0.043678 -0.014816 0.014406
v -0.028206 0.000435 0.023863
v 0.023781 0.000473 -0.002523
v -0.029129 0.000458 0.024960
v -0.038185 0.001190 -0.013193
v -0.049278 -0.009148 0.028370
v 0.034302 -0.007149 0.013758
v -0.030228 -0.000015 0.027037
v 0.030617 -0.014854 0.026634
v -0.026436 -0.001678 0.028639
v -0.025970 -0.002220 0.028835
v 0.029640 -0.005669 0.028467
v 0.024818 0.006569 -0.018152
v 0.030190 -0.006844 0.028913
v -0.020874 0.011879 -0.019123
v 0.027603 -0.004974 0.028414
v 0.029404 -0.005478 0.027971
v 0.021049 0.004425 -0.005774
v 0.025696 0.000137 0.002790
v 0.030289 -0.005577 0.027599
v -0.045891 -0.000839 -0.003828
v -0.048775 -0.001282 0.000715
v -0.050377 -0.001411 0.031651
v 0.007996 0.007790 -0.024254
v 0.031342 -0.005081 0.026064
v 0.031006 -0.008926 0.028963
v 0.052216 -0.004234 0.005938
v 0.010666 0.000038 -0.025309
v 0.011620 -0.001419 -0.030661
v 0.031837 -0.004692 0.024937
v -0.051575 -0.004280 0.014463
v 0.032753 -0.004044 0.022968
v 0.015442 0.007256 -0.022131
v -0.024681 -0.002228 0.027704
v 0.019623 0.000542 -0.013750
v -0.039345 0.000488 -0.003485
v 0.040504 -0.004921 0.021971
v 0.025635 -0.004631 -0.027134
v 0.033150 -0.003693 0.021959
v -0.051010 -0.006966 0.021669
v 0.037109 -0.004074 0.020992
v 0.025497 -0.004326 -0.025349
v -0.041550 0.009712 0.003368
v -0.008263 0.006409 -0.014519
v 0.033791 -0.003014 0.019993
v 0.034241 -0.002762 0.019062
v 0.004265 -0.000984 -0.028711
v 0.022652 -0.004112 -0.028263
v -0.014771 0.010460 -0.022049
v 0.001442 -0.000572 -0.028921
v 0.034584 -0.002480 0.018093
v 0.036217 -0.017509 0.028101
v 0.033180 0.005692 -0.017174
v -0.029808 0.011719 -0.010336
v -0.051781 -0.006355 0.022093
v 0.035080 -0.002235 0.017117
v -0.038864 0.009880 0.001427
v -0.009750 0.006691 -0.014082
v 0.038597 -0.002960 0.017132
v 0.035477 -0.001961 0.016148
v -0.007500 0.001717 -0.030758
v -0.052422 0.002090 0.029123
v 0.035904 -0.001633 0.015135
v 0.046524 -0.016594 0.016933
v 0.038483 0.005211 -0.017115
v -0.047882 0.005035 -0.004383
v 0.036255 -0.001320 0.014269
v 0.039703 -0.007278 0.028542
v -0.019814 0.002975 -0.028358
v 0.036926 -0.006798 0.028206
v 0.042870 -0.017067 0.024368
v 0.039238 -0.005707 0.024979
v 0.039780 -0.005455 0.023998
v -0.051003 0.001060 0.031260
v -0.024826 0.005165 -0.002489
v -0.036293 0.010986 -0.002525
v 0.027946 -0.005333 0.016685
v 0.025383 -0.000961 -0.003355
v 0.040817 -0.004631 0.020975
v -0.026680 0.004333 0.006226
v 0.041107 -0.004349 0.019989
v 0.041504 -0.004082 0.019020
v -0.018555 0.010345 -0.016207
v 0.001343 0.007454 -0.022127
v 0.013351 -0.000076 -0.024021
v -0.049820 -0.002228 0.003117
v 0.041832 -0.003815 0.018087
v 0.019508 0.001701 -0.009340
v 0.042213 -0.003548 0.017132
v -0.053467 -0.002480 0.019346
v 0.026642 0.000572 0.006346
v 0.025169 0.006065 -0.029207
v 0.024628 0.007019 -0.028900
v -0.052765 0.008873 0.008547
v 0.042671 -0.003265 0.016132
v 0.022079 0.001038 -0.030432
v -0.027168 0.002945 0.007025
v -0.006149 0.005638 -0.015116
v -0.050095 -0.008812 0.028114
v 0.034187 -0.008583 0.016308
v 0.026688 -0.014114 0.027557
v 0.034424 -0.018700 0.026867
v 0.042976 -0.002960 0.015154
v 0.043640 -0.002174 0.012657
v -0.005852 0.008385 -0.022270
v -0.047356 -0.008698 0.024904
v -0.035522 0.006721 -0.018137
v -0.028076 -0.003548 0.024391
v 0.043823 -0.001900 0.011671
v 0.037445 -0.018753 0.027075
v -0.041977 0.010918 0.001421
v 0.029816 0.006554 -0.026243
v 0.025963 -0.000801 0.001286
v 0.006142 0.007210 -0.021084
v -0.036240 0.004890 0.013182
v 0.012222 0.008278 -0.030613
v -0.028015 0.001198 0.013313
v 0.011879 0.005531 -0.013657
v 0.013832 0.007957 -0.025404
v 0.022469 -0.009506 0.028217
v 0.017723 0.007195 -0.022133
v 0.025581 -0.000717 0.000044
v 0.024818 0.001167 0.000803
v 0.014900 0.007439 -0.023144
v 0.019478 0.006599 -0.014179
v 0.035873 0.003517 -0.003479
v 0.010979 0.007210 -0.021103
v -0.035637 -0.006531 0.028748
v -0.038460 0.015045 -0.011244
v 0.008575 0.006142 -0.015858
v -0.002022 0.009293 -0.029520
v -0.040298 0.011093 -0.013250
v 0.011993 0.006866 -0.017056
v 0.014839 0.006805 -0.016117
v -0.052383 0.005920 0.004408
v -0.020508 -0.000107 -0.024937
v 0.017265 0.006859 -0.017170
v -0.022461 0.010201 -0.010328
v 0.013969 0.006409 -0.014027
v -0.002083 0.005692 -0.016693
v -0.053383 0.004974 0.007402
v 0.014030 0.005836 -0.013132
v -0.024460 0.011063 -0.012266
v 0.021172 0.006348 -0.012291
v -0.010895 0.001076 -0.029947
v -0.024925 -0.004601 0.028248
v 0.050194 0.001152 -0.005072
v 0.019226 0.006134 -0.010386
v -0.009254 0.009102 -0.022360
v 0.041031 -0.011040 0.010225
v -0.051880 -0.004555 0.029821
v -0.042969 -0.000481 0.001146
v 0.023788 0.006104 -0.013273
v -0.037865 0.011406 -0.002525
v 0.042038 0.004211 -0.009344
v 0.032600 -0.004753 0.002237
v -0.021324 -0.000015 -0.023670
v -0.048767 0.004906 -0.003019
v 0.017876 -0.000763 -0.022398
v 0.022102 0.002083 -0.004368
v 0.023560 0.006256 -0.014263
v -0.039497 0.012543 -0.004431
v 0.023270 0.006424 -0.015255
v 0.013016 0.002533 -0.031706
v -0.002441 -0.000351 -0.029602
v 0.039619 -0.016487 0.028351
v 0.025658 0.006409 -0.016211
v -0.052963 0.002937 0.006229
v 0.027420 -0.011528 0.025398
v -0.033783 0.002403 -0.000305
v 0.022873 0.007576 -0.027599
v 0.019287 0.007751 -0.026834
v 0.022202 0.007553 -0.028349
v 0.031982 0.006355 -0.022207
v 0.047333 -0.004486 -0.010286
v -0.018990 0.000427 -0.027485
v 0.034103 -0.018440 0.026863
v 0.034698 0.004868 -0.024858
v -0.002060 0.004257 -0.017097
v 0.030411 0.006302 -0.021072
v 0.022209 -0.008430 0.028891
v 0.024147 -0.004631 -0.027315
v 0.032822 -0.006538 -0.022905
v -0.016136 0.008987 -0.012613
v 0.029533 0.006760 -0.025614
v -0.029907 -0.000137 -0.020166
v 0.034225 0.005424 -0.015257
v 0.027679 0.006760 -0.023964
v 0.025208 0.006981 -0.023926
v -0.021523 0.002716 -0.015081
v 0.029152 0.006332 -0.026726
v -0.025093 -0.003929 0.025650
v -0.049843 -0.003426 0.005192
v -0.033653 0.000336 -0.013355
v 0.026108 -0.006638 0.029003
v 0.025597 0.006653 -0.021091
v 0.021660 0.007179 -0.023252
v -0.032539 0.002197 0.002058
v 0.018646 0.007484 -0.024275
v -0.032997 0.004158 -0.020273
v 0.035805 0.005783 -0.021410
v -0.042397 0.009506 -0.011255
v 0.033867 0.006310 -0.024038
v 0.040771 0.004616 -0.013288
v 0.031219 0.006584 -0.025518
v 0.030434 -0.006706 0.016649
v -0.027756 0.001022 -0.023165
v 0.034599 -0.020744 0.028078
v 0.031975 0.006073 -0.025852
v -0.028641 -0.004662 0.029478
v -0.015068 0.006699 -0.011570
v -0.039734 -0.002357 0.030909
v 0.026253 0.002327 0.002197
v 0.044479 -0.012939 0.000803
v 0.042076 0.002907 -0.003510
v 0.029015 0.003357 0.000870
v -0.046288 0.007477 -0.006695
v -0.047104 0.001854 -0.004517
v -0.000275 0.000809 -0.031199
v 0.010460 -0.002029 -0.029530
v 0.029472 0.003944 -0.001469
v 0.029625 0.004143 -0.002481
v 0.029716 0.004349 -0.003458
v -0.025482 -0.004517 0.026081
v -0.045830 0.011574 -0.005804
v 0.006378 0.008095 -0.031021
v 0.024155 -0.004028 0.020910
v -0.025612 0.003952 -0.025921
v 0.029991 0.004517 -0.004450
v 0.026283 0.006508 -0.020121
v 0.030281 0.004768 -0.005920
v 0.030472 0.004890 -0.006893
v 0.036781 0.004044 -0.023441
v 0.033363 0.004692 -0.007881
v -0.031487 0.011063 -0.007387
v 0.025627 -0.001595 -0.011278
v 0.011917 -0.001793 -0.028803
v 0.023758 0.006729 -0.020111
v 0.030434 0.005035 -0.008369
v 0.013016 0.008568 -0.028589
v -0.044380 0.009010 -0.008928
v 0.048225 -0.012688 -0.001484
v 0.030205 0.005211 -0.010342
v -0.041855 0.007133 0.011189
v 0.044731 -0.013344 -0.000561
v 0.012253 -0.001205 -0.030869
v 0.029976 0.005302 -0.011312
v 0.029739 0.005440 -0.012300
v 0.029129 0.005806 -0.014265
v 0.008629 0.004990 -0.031763
v -0.045837 -0.008736 0.029121
v 0.034073 -0.006561 -0.014227
v 0.031845 0.005547 -0.014275
v 0.039627 0.004990 -0.016331
v -0.020157 0.005035 -0.028629
v 0.043076 -0.011734 0.005430
v 0.027229 0.001266 0.007513
v 0.040016 0.004860 -0.015327
v 0.040436 -0.015709 0.020998
v -0.054184 0.001183 0.020967
v -0.025307 0.014359 -0.020742
v -0.011543 0.009583 -0.022194
v -0.012672 0.010498 -0.023836
v 0.032356 -0.014954 0.027727
v 0.040604 0.004715 -0.014324
v 0.029076 -0.015007 0.027189
v 0.041107 0.004509 -0.012300
v 0.042221 0.004089 -0.008356
v 0.032089 -0.013153 0.024771
v 0.039169 0.003624 -0.004957
v 0.043625 -0.015419 0.025730
v 0.042023 0.002159 -0.001505
v 0.035439 -0.019737 0.027689
v -0.051895 -0.003159 0.009356
v 0.042191 0.001755 -0.000494
v -0.053162 -0.002670 0.016911
v 0.043030 0.000275 0.003387
v -0.053825 0.006378 0.010969
v 0.043335 -0.000359 0.005363
v -0.035049 0.000122 -0.014053
v 0.043526 -0.000633 0.006346
v 0.043671 -0.000862 0.007290
v -0.045296 -0.003296 0.009935
v 0.043907 -0.001297 0.009216
v 0.048721 0.002136 -0.008970
v 0.036842 0.000557 0.006191
v 0.036469 0.001411 0.003389
v 0.042282 0.002213 -0.018681
v 0.035881 0.002632 -0.000540
v 0.035812 0.003220 -0.002487
v -0.022476 0.003174 -0.012396
v -0.007523 0.000534 -0.025053
v -0.019409 0.010834 -0.017174
v 0.030800 -0.003769 0.008274
v 0.036415 0.004196 -0.006416
v 0.022835 0.000000 -0.008945
v 0.012115 0.000557 -0.022409
v 0.036362 0.004425 -0.007866
v 0.033340 0.005264 -0.025545
v -0.045792 0.009239 0.009235
v -0.028648 0.013336 -0.014200
v 0.030212 -0.012260 0.028399
v -0.026909 0.000771 0.017265
v 0.022087 -0.002159 -0.022419
v -0.026787 0.001991 -0.013348
v -0.045700 -0.004417 0.016569
v 0.036354 -0.011925 0.019361
v 0.036209 0.004585 -0.009354
v -0.044609 0.008430 0.010197
v 0.035980 0.004692 -0.010332
v -0.009811 0.010384 -0.026041
v 0.015022 -0.000031 -0.022409
v 0.035690 0.004814 -0.011318
v -0.051094 0.008720 0.002043
v 0.045807 -0.015488 0.022133
v -0.046768 -0.001945 0.001478
v 0.035362 0.004959 -0.012308
v 0.049309 -0.007095 -0.004581
v 0.034988 0.005112 -0.013283
v 0.025528 0.001175 0.002111
v 0.034637 0.005272 -0.014265
v 0.033752 0.005569 -0.016211
v -0.005020 0.000389 -0.030054
v -0.026695 0.014549 -0.021629
v 0.029236 -0.015968 0.027493
v -0.024986 0.013428 -0.018051
v 0.030083 -0.014000 0.026173
v -0.052963 -0.001801 0.028734
v -0.024284 0.013405 -0.019045
v -0.021088 0.011185 -0.016207
v -0.032295 0.000221 -0.018282
v -0.012680 0.004501 -0.030680
v -0.021294 0.013153 -0.022499
v -0.015419 0.008270 -0.012115
v 0.004295 0.009041 -0.029770
v 0.046913 -0.013451 -0.001923
v 0.022278 0.001511 -0.004532
v 0.039055 -0.009613 -0.001247
v -0.019608 0.012802 -0.023533
v -0.017555 0.011154 -0.021086
v -0.000610 -0.000046 -0.030626
v -0.049797 0.011589 0.001404
v -0.018974 0.010315 -0.015245
v -0.032539 0.000702 -0.018774
v -0.017281 0.009972 -0.016209
v -0.010162 0.010353 -0.025599
v 0.044762 -0.013763 0.008686
v -0.009270 0.009834 -0.024763
v 0.043633 -0.009018 0.027843
v -0.005989 0.009384 -0.025600
v 0.010933 0.008644 -0.030201
v -0.016518 0.002861 -0.017496
v 0.042191 -0.008606 0.028475
v -0.005371 0.009018 -0.025011
v -0.021530 0.010429 -0.012190
v -0.013153 0.010780 -0.024181
v -0.012985 0.010284 -0.023102
v -0.016533 0.011467 -0.023018
v -0.015167 0.012177 -0.026651
v 0.035469 -0.007149 -0.001266
v -0.049034 0.009239 -0.002272
v -0.011749 0.011391 -0.028088
v -0.007835 0.009857 -0.025894
v -0.008583 0.010635 -0.028740
v -0.004211 0.009270 -0.026514
v -0.002151 0.009071 -0.027136
v 0.007805 0.008812 -0.030003
v 0.002838 0.009033 -0.029362
v 0.031570 -0.015091 0.027266
v -0.053589 0.007217 0.017742
v 0.000404 0.009079 -0.029631
v -0.038116 0.000053 0.005209
v -0.004997 0.009804 -0.029840
v -0.025818 0.005074 -0.025978
v 0.005905 -0.000206 -0.027222
v -0.027008 0.003586 0.009773
v -0.008339 0.010178 -0.030058
v 0.043793 -0.006485 -0.014885
v -0.008545 0.010551 -0.029415
v -0.053040 -0.000114 0.008060
v -0.013252 0.003212 -0.017456
v 0.021751 -0.010094 0.027395
v -0.043709 -0.001083 0.003021
v -0.002815 0.008568 -0.025143
v 0.023132 -0.003242 -0.029074
v 0.043945 -0.013268 0.009439
v 0.017502 -0.001549 -0.024990
v 0.038643 -0.017738 0.025135
v 0.036545 0.002457 -0.023949
v 0.001320 0.008217 -0.025333
v -0.026428 0.011185 -0.011314
v 0.030914 -0.014458 0.027552
v -0.051018 0.011299 0.008228
v 0.003609 0.008560 -0.026804
v -0.022797 0.000244 -0.025049
v 0.015396 0.008163 -0.026817
v -0.043503 0.011520 0.001432
v 0.050362 0.001053 -0.003960
v 0.000076 0.005554 -0.016666
v -0.007782 0.000687 -0.029926
v 0.001785 0.005737 -0.016907
v 0.038063 -0.002289 -0.022154
v 0.004074 0.006432 -0.017673
v 0.001381 0.006500 -0.018332
v 0.006332 0.007057 -0.020054
v 0.014374 0.006981 -0.018154
v -0.001869 -0.000122 -0.028126
v 0.026566 -0.004562 -0.025682
v 0.038124 0.005325 -0.018492
v 0.017036 0.006912 -0.018154
v 0.027451 0.006332 -0.018147
v 0.030014 0.006081 -0.018156
v 0.032593 0.005814 -0.018156
v 0.035118 0.005592 -0.018152
v 0.037407 0.005501 -0.019745
v 0.019318 0.004257 -0.031078
v 0.021347 -0.000526 -0.016296
v 0.049957 -0.008476 -0.001642
v 0.041565 0.004135 -0.018478
v 0.034950 -0.006325 0.009365
v 0.008308 -0.001129 -0.029512
v 0.041862 0.003639 -0.018446
v 0.043968 -0.009651 -0.012644
v 0.008049 0.007530 -0.023134
v 0.033173 -0.000900 -0.025530
v 0.001282 0.007256 -0.021074
v 0.039505 -0.008743 0.029112
v -0.025528 0.009956 -0.007378
v 0.037422 0.002190 -0.023251
v -0.047829 0.012878 -0.001192
v -0.003334 0.008125 -0.023211
v 0.038460 -0.018219 0.027983
v -0.028397 0.011330 -0.010328
v -0.003372 0.007904 -0.022131
v -0.020714 0.010643 -0.014263
v -0.037247 -0.005714 0.024876
v -0.019432 0.010300 -0.014246
v -0.031250 0.002388 0.002312
v -0.023048 0.010765 -0.012295
v -0.023582 0.010590 -0.011301
v -0.024597 0.005714 -0.001593
v -0.034904 -0.003578 0.021507
v -0.025513 0.010628 -0.010336
v -0.036179 0.000381 -0.009003
v -0.026505 0.010269 -0.008371
v -0.040947 -0.001892 0.011211
v -0.025032 0.010078 -0.008369
v 0.051598 -0.007370 0.014986
v -0.033607 0.011314 -0.006395
v -0.044174 0.009789 0.005371
v -0.029488 0.010872 -0.008371
v -0.015915 0.009621 -0.016207
v 0.044220 -0.012848 0.026489
v -0.029259 0.012001 -0.011318
v -0.027252 0.011826 -0.012281
v -0.028008 0.012558 -0.013262
v 0.012009 -0.002213 -0.030334
v -0.024918 0.012627 -0.016190
v 0.038574 0.005081 -0.020502
v -0.026215 0.013184 -0.016182
v -0.027626 0.014839 -0.018879
v -0.030991 0.000740 0.011049
v -0.020874 0.009804 -0.009344
v -0.053062 0.008003 0.017658
v -0.021004 0.009987 -0.010117
v -0.054131 0.001083 0.013727
v -0.020752 0.010109 -0.011198
v 0.000870 -0.000610 -0.029924
v -0.019951 0.010094 -0.012161
v -0.032669 0.012627 -0.010298
v -0.016609 0.009537 -0.013874
v 0.026962 -0.013054 0.026703
v -0.013390 0.008965 -0.016178
v 0.042915 -0.010666 -0.012615
v -0.014305 0.009331 -0.017160
v -0.006462 0.008743 -0.023403
v -0.002998 0.008339 -0.024265
v 0.036995 -0.016960 0.025089
v -0.022713 0.000740 -0.025835
v -0.034111 0.001183 -0.017702
v -0.026070 -0.005325 0.028889
v 0.017059 0.002563 -0.010517
v 0.021774 -0.006355 0.024712
v -0.045792 -0.006104 0.020624
v -0.000893 0.008064 -0.024214
v 0.001366 0.007904 -0.024252
v 0.003502 0.007828 -0.024235
v -0.045265 0.010040 -0.007446
v 0.036499 -0.008469 -0.015800
v 0.012192 0.007744 -0.024275
v 0.014481 0.007675 -0.024279
v -0.035408 0.000229 -0.014524
v -0.029190 0.009117 -0.001419
v -0.036728 0.001457 0.000713
v 0.017502 0.007935 -0.026834
v -0.042267 0.011986 -0.000523
v 0.016838 0.008064 -0.029005
v -0.039658 0.014893 -0.009783
v -0.043144 -0.001640 0.006147
v -0.048637 -0.008842 0.028938
v 0.026703 -0.003983 -0.027050
v -0.036865 0.014442 -0.010569
v -0.039894 0.014374 -0.008856
v -0.035759 0.009079 -0.017912
v -0.040489 0.014000 -0.007767
v -0.038094 0.013634 -0.008333
v 0.032043 0.001259 -0.026365
v -0.041061 0.013771 -0.006687
v -0.041870 0.013664 -0.005699
v 0.050301 -0.012665 0.013674
v 0.027718 -0.002098 0.014261
v -0.030563 0.015404 -0.018435
v -0.030525 0.015602 -0.017670
v -0.032364 0.015747 -0.016937
v -0.031815 0.015739 -0.016768
v -0.032059 0.015671 -0.016190
v -0.033073 0.015320 -0.015118
v -0.032112 0.014229 -0.013435
v -0.031563 0.014061 -0.019632
v -0.034065 0.013123 -0.010273
v -0.046936 0.005157 -0.005701
v -0.045509 -0.003334 0.031380
v -0.033218 0.012291 -0.009329
v 0.013985 0.003181 -0.012781
v -0.033844 0.012047 -0.008379
v -0.034386 0.011826 -0.007380
v 0.004044 -0.000916 -0.028692
v 0.033714 -0.005974 -0.001266
v -0.035751 0.011635 -0.005434
v -0.034920 0.011177 -0.004459
v -0.047890 0.012825 0.001820
v -0.047333 0.013016 0.000605
v -0.047661 0.013092 0.000019
v -0.043884 0.012642 -0.000536
v -0.044899 0.013115 -0.005154
v 0.023804 -0.003716 0.021887
v -0.036667 -0.002190 0.030537
v -0.026100 0.009544 -0.025566
v -0.045830 0.013542 -0.001705
v 0.033173 -0.019547 0.027571
v 0.044739 -0.011864 0.026375
v -0.035164 0.001030 0.004438
v -0.042915 0.011765 0.000475
v -0.040932 0.012344 -0.002476
v 0.010742 -0.001633 -0.030741
v -0.042442 0.012939 -0.002596
v -0.045097 0.013641 -0.002413
v -0.020493 0.009239 -0.028505
v -0.049370 -0.006256 0.019018
v -0.031677 0.009941 -0.002516
v -0.046684 0.012924 -0.003157
v -0.034821 0.014015 -0.011284
v -0.049568 0.004776 -0.001629
v -0.035995 0.013321 -0.009272
v -0.050705 -0.000031 0.031580
v -0.036697 0.013054 -0.008305
v 0.052094 -0.006447 0.013334
v -0.049522 -0.004349 0.007650
v -0.037346 0.012810 -0.007322
v -0.043152 0.007057 -0.010345
v -0.038689 0.011978 -0.003515
v -0.038536 0.011223 -0.001534
v 0.010284 -0.001686 -0.030251
v -0.033913 0.001060 0.005787
v 0.027283 0.000229 0.008410
v -0.041672 0.001633 -0.010254
v 0.027679 -0.003868 -0.019100
v -0.043488 0.007706 0.011189
v -0.046814 0.008018 0.014172
v -0.003365 -0.000267 -0.028772
v -0.044601 0.007378 0.013182
v -0.048820 -0.003204 0.004175
v 0.052406 -0.005402 0.010277
v 0.031601 0.005043 -0.026394
v -0.044220 0.008514 0.009237
v -0.042648 0.007942 0.009224
v -0.043846 0.008621 0.008244
v -0.043457 0.008751 0.007278
v -0.041901 0.008186 0.007280
v 0.000542 0.000114 -0.027363
v -0.031540 0.000679 -0.019842
v 0.036873 -0.013649 0.022165
v -0.037209 -0.006172 0.029419
v -0.043083 0.008926 0.006315
v 0.000008 0.000443 -0.026514
v -0.053955 0.004044 0.010416
v -0.035797 0.011406 -0.017460
v -0.042587 0.009125 0.005344
v 0.040504 -0.014648 0.028625
v -0.043121 0.010307 0.003386
v -0.025475 -0.005371 0.028860
v -0.053902 0.006989 0.014421
v 0.010849 0.004410 -0.013887
v -0.040016 0.009193 0.003387
v 0.044998 -0.008316 -0.012014
v -0.040405 0.010384 0.001413
v 0.026161 0.000450 0.005182
v -0.037277 0.009430 0.001423
v -0.034462 0.009735 -0.000540
v -0.036057 0.010147 -0.000551
v 0.037262 -0.008179 -0.019674
v 0.027832 -0.002602 -0.008778
v -0.032280 0.009697 -0.001543
v -0.030052 0.009644 -0.002497
v -0.004242 0.003654 -0.017550
v -0.028320 0.009392 -0.002462
v -0.048828 -0.004509 0.008722
v -0.027672 0.009644 -0.003452
v 0.039322 -0.010109 0.012182
v 0.021851 -0.002586 -0.024179
v -0.028206 0.008492 -0.000399
v -0.025307 0.007721 -0.001249
v -0.029701 0.008812 -0.000469
v -0.050911 -0.008095 0.027979
v -0.023125 0.012230 -0.017172
v -0.030319 0.008507 0.000481
v 0.014771 0.004951 -0.012146
v -0.052208 -0.003311 0.012346
v -0.035126 0.008049 0.003368
v -0.052551 0.007156 0.019720
v -0.027885 0.000572 -0.022606
v 0.026779 0.000740 0.006393
v 0.042671 -0.012276 0.027992
v -0.032051 -0.004585 0.024851
v -0.050941 0.008003 0.018963
v 0.005272 0.003639 -0.016428
v 0.040634 -0.008415 0.028879
v -0.050369 0.008224 0.018181
v -0.043579 0.006561 0.014141
v 0.042389 -0.017113 0.025284
v -0.042961 0.006760 0.013163
v -0.041367 0.007286 0.010197
v 0.042992 -0.012695 0.010273
v 0.035240 0.003838 -0.024645
v -0.032349 0.001923 -0.007427
v 0.018539 0.001740 -0.010736
v -0.040977 0.007416 0.009224
v -0.040634 0.007553 0.008238
v -0.039879 0.007912 0.006338
v -0.039421 0.008163 0.005323
v -0.038948 0.008430 0.004362
v 0.022926 -0.005203 0.028498
v -0.035683 0.009041 0.001413
v -0.033508 0.009041 0.000437
v 0.047005 -0.011055 -0.006277
v -0.026787 0.009186 -0.002583
v -0.025299 0.008568 -0.002483
v -0.015282 0.005783 -0.011686
v 0.042099 -0.009689 0.028708
v -0.051826 0.010071 0.014721
v 0.027786 -0.013718 0.026461
v -0.050720 0.010155 0.014143
v -0.048988 0.010056 0.012091
v -0.048462 0.010086 0.011229
v 0.023575 -0.005043 0.021828
v -0.047356 0.010117 0.009287
v -0.050232 0.001183 0.000898
v -0.021774 0.005341 -0.005939
v -0.046906 0.010170 0.008324
v 0.048286 -0.006355 -0.007456
v 0.047401 -0.007133 -0.008604
v -0.046494 0.010269 0.007370
v -0.046082 0.010391 0.006414
v 0.005310 0.005043 -0.031679
v -0.045647 0.010582 0.005423
v 0.040367 0.002800 -0.020594
v -0.047806 -0.004921 0.016178
v 0.027565 -0.011971 0.028202
v -0.044678 0.011009 0.003450
v 0.027985 0.003517 -0.028360
v -0.053955 -0.000458 0.022163
v -0.037613 0.010536 -0.000536
v 0.045113 -0.014191 0.024595
v -0.050034 -0.004585 0.010323
v -0.034714 0.010574 -0.002504
v -0.031860 0.010498 -0.004442
v -0.022896 0.009209 -0.006237
v -0.024574 0.009636 -0.006392
v -0.027596 0.010071 -0.006416
v 0.042015 -0.005760 -0.017345
v -0.028511 0.010399 -0.007383
v 0.036415 -0.008286 0.013025
v -0.028015 0.010536 -0.008381
v -0.004303 0.001694 -0.031225
v -0.027473 0.010719 -0.009354
v -0.026985 0.010948 -0.010324
v -0.026199 -0.003609 0.025009
v -0.025894 0.011444 -0.012293
v -0.014854 0.003052 -0.017475
v -0.024773 0.011871 -0.014236
v -0.023659 0.012131 -0.016201
v -0.023216 0.012924 -0.019070
v -0.023369 0.013771 -0.021564
v 0.028816 -0.003693 0.013424
v -0.022575 0.013672 -0.022583
v -0.022156 0.013611 -0.023376
v 0.028206 -0.014450 0.026873
v -0.021584 0.013527 -0.023895
v 0.024033 -0.000008 -0.003330
v -0.021866 0.013481 -0.024902
v 0.039467 -0.018105 0.025549
v -0.023529 0.013718 -0.024300
v -0.052017 -0.000084 0.030716
v 0.034439 -0.016907 0.026464
v -0.017403 0.008751 -0.011383
v 0.029022 -0.005302 -0.023283
v -0.044205 0.000015 -0.006750
v -0.016747 0.009331 -0.012985
v 0.000160 0.003937 -0.017193
v -0.036316 0.000374 0.005970
v 0.036125 -0.008423 0.029177
v -0.015396 0.009193 -0.013937
v 0.030029 -0.004730 -0.017492
v 0.041565 -0.002296 -0.019121
v -0.013672 0.008835 -0.015137
v -0.044975 -0.000801 -0.004976
v -0.049316 -0.000801 0.000904
v 0.008774 0.007133 -0.020117
v 0.040543 -0.012611 0.015003
v -0.013535 0.001930 -0.020683
v 0.011322 0.007141 -0.020117
v 0.013763 0.007095 -0.020121
v 0.016319 0.007027 -0.020121
v 0.029617 -0.014442 0.027060
v 0.018753 0.006950 -0.020121
v -0.011116 0.010155 -0.030151
v 0.018097 0.004219 -0.031248
v 0.028687 0.006302 -0.020119
v -0.004257 0.005379 -0.015791
v -0.007843 0.002350 -0.030928
v 0.031204 0.006111 -0.020109
v 0.033722 0.005920 -0.020151
v 0.050346 -0.010284 0.002195
v -0.032051 0.000725 -0.013330
v -0.030655 0.000206 -0.020096
v 0.036835 0.005569 -0.020533
v -0.051781 0.004868 0.025843
v -0.034920 0.000587 -0.015892
v 0.000664 0.007698 -0.031076
v -0.024010 -0.003052 0.027452
v -0.036858 0.004539 0.014126
v 0.044731 -0.001106 -0.015545
v -0.035637 0.005264 0.012159
v -0.034286 0.006157 0.009233
v -0.033890 0.006409 0.008232
v -0.033508 0.006645 0.007278
v -0.033157 0.006866 0.006319
v -0.032700 0.007103 0.005342
v 0.034851 -0.004303 -0.023775
v 0.021477 -0.009758 0.028154
v -0.032280 0.007339 0.004366
v -0.026230 0.007378 0.000303
v -0.024727 0.006737 -0.001013
v 0.035225 -0.019905 0.027874
v 0.030251 -0.003479 0.007231
v 0.048012 -0.008789 0.023005
v 0.038834 -0.011902 0.029110
v -0.053879 -0.000114 0.023865
v -0.008354 0.004936 -0.015028
v 0.038437 -0.012886 0.029091
v 0.045471 -0.013275 0.024725
v 0.027916 -0.004768 0.028063
v 0.025497 -0.004265 0.027960
v 0.033707 -0.008301 0.029142
v -0.054031 0.001541 0.022659
v 0.038170 -0.008202 0.029131
v 0.039291 -0.009399 0.029154
v -0.026367 0.014236 -0.022383
v 0.040939 -0.007835 0.028561
v 0.038078 -0.013878 0.028955
v 0.037308 -0.015427 0.028606
v 0.028282 -0.014900 0.027271
v 0.043602 -0.007553 -0.014582
v -0.010307 0.006142 -0.013901
v 0.036842 -0.017204 0.028238
v 0.034096 -0.015884 0.027462
v -0.035683 0.001190 0.003107
v -0.037392 -0.001564 0.014191
v -0.030769 -0.002602 0.029799
v 0.030083 -0.007607 0.018248
v 0.036522 -0.018951 0.026844
v 0.038483 -0.018654 0.026928
v 0.006294 -0.001144 -0.029886
v -0.042816 -0.000374 -0.007509
v 0.033035 -0.018532 0.027258
v 0.035118 -0.017799 0.027706
v 0.033829 -0.018219 0.026752
v -0.051521 0.002159 0.030233
v 0.034210 -0.018616 0.026846
v 0.034393 -0.017784 0.026501
v 0.033478 -0.019928 0.027815
v 0.034569 -0.019554 0.027683
v -0.017525 0.012474 -0.027912
v 0.027702 -0.014824 0.027300
v 0.034981 -0.013954 0.028442
v -0.042076 0.012474 -0.010468
v 0.043144 -0.005058 -0.016367
v -0.016747 0.000900 -0.028673
v 0.034264 -0.018028 0.026600
v 0.026535 -0.012581 0.026953
v -0.051773 -0.004654 0.016602
v 0.025482 -0.013725 0.027544
v -0.050110 -0.008919 0.025045
v 0.026337 -0.013695 0.027084
v 0.029900 -0.014664 0.026699
v 0.030350 -0.013634 0.027973
v 0.048973 -0.012016 -0.000742
v 0.030159 -0.015457 0.027056
v 0.037712 -0.018517 0.026064
v -0.021835 0.000069 -0.025173
v 0.025330 -0.008926 0.028831
v 0.009995 -0.001633 -0.030659
v 0.029381 -0.015030 0.027308
v 0.031471 -0.006119 -0.020203
v -0.025414 0.012360 -0.024942
v 0.022591 -0.010002 0.027029
v 0.030266 -0.014336 0.027651
v 0.029694 -0.014030 0.027649
v 0.039673 -0.018448 0.026594
v -0.050568 -0.003609 0.006510
v 0.032997 -0.015404 0.026342
v -0.017296 0.002220 -0.019039
v 0.027550 -0.013275 0.027634
v 0.032578 -0.015320 0.026552
v -0.053581 -0.001183 0.014099
v 0.031754 -0.015259 0.026503
v -0.041985 0.013573 -0.008972
v -0.020561 0.008614 -0.007280
v 0.028053 -0.000923 0.010981
v 0.030342 -0.014793 0.026907
v 0.024239 0.001915 -0.000507
v 0.028770 -0.014694 0.027065
v 0.028404 -0.007896 0.029194
v 0.033058 -0.011520 0.028761
v 0.034004 -0.008987 0.029137
v 0.024719 -0.005417 0.028666
v 0.048355 -0.008163 0.022427
v 0.020531 -0.006920 0.028759
v 0.025414 0.002083 0.001495
v 0.026047 -0.007713 0.029169
v 0.027679 -0.011543 0.028299
v 0.020897 -0.008339 0.027006
v 0.024040 -0.010643 0.027443
v -0.043571 -0.002861 0.012552
v 0.026512 0.002060 -0.029037
v 0.025398 -0.011024 0.027340
v 0.021461 -0.009209 0.026663
v 0.021111 -0.008911 0.027811
v -0.049004 -0.009476 0.026239
v -0.019005 0.008011 -0.029188
v -0.053001 0.008400 0.017021
v 0.021004 -0.008507 0.026953
v 0.022530 -0.010109 0.027716
v 0.029358 -0.004684 0.014313
v 0.028229 -0.002670 -0.001266
v 0.022202 -0.009827 0.026686
v 0.022369 -0.009758 0.026037
v 0.021477 -0.009987 0.027130
v -0.054451 0.002724 0.016552
v 0.030350 -0.003967 -0.002266
v 0.032043 -0.013542 0.028238
v 0.027115 -0.012321 0.028013
v -0.050781 -0.005196 0.016350
v -0.034645 -0.005150 0.024944
v 0.026199 -0.011749 0.026394
v 0.028297 -0.013016 0.027918
v 0.010651 -0.000847 -0.031414
v 0.027740 -0.012672 0.028011
v 0.026299 -0.011932 0.027346
v 0.026993 -0.007126 0.020288
v -0.021904 0.008247 -0.028027
v 0.027809 -0.013565 0.027653
v 0.029015 -0.013176 0.027941
v -0.005302 0.009506 -0.030399
v 0.028061 -0.013283 0.026279
v 0.024323 0.003075 -0.001087
v -0.049713 0.005875 -0.001495
v 0.022018 0.001366 -0.005255
v -0.030586 0.000526 -0.020618
v 0.001663 0.004120 -0.016602
v 0.004944 0.004753 -0.016109
v -0.024811 -0.003159 0.028507
v 0.007774 0.001183 -0.022406
v -0.037720 -0.005020 0.030037
v 0.049789 -0.004807 -0.004814
v -0.024208 -0.003082 0.027861
v -0.008163 0.000519 -0.029501
v -0.028175 0.002151 0.014484
v -0.027756 0.003479 0.012253
v 0.046837 -0.008614 0.024719
v 0.034981 -0.006363 0.001028
v -0.027275 0.003197 0.011700
v -0.026794 0.004776 0.007273
v -0.026596 0.004646 0.006634
v 0.034149 -0.006248 0.011324
v -0.026802 0.005981 0.005159
v -0.026482 0.005623 0.004438
v -0.026909 0.005798 0.005869
v 0.003754 0.000763 -0.025091
v -0.023735 0.006783 -0.002785
v -0.017464 0.007919 -0.010405
v -0.018311 0.008492 -0.010105
v -0.053368 -0.003075 0.020769
v 0.047302 -0.016029 0.009340
v -0.053688 0.000198 0.025515
v -0.017105 0.007858 -0.010693
v 0.050018 -0.013481 0.013704
v 0.043037 0.001419 -0.017900
v -0.016296 0.008110 -0.011454
v 0.029625 -0.015442 0.027277
v -0.003494 0.005264 -0.015928
v 0.036942 -0.008667 -0.019272
v -0.033195 -0.002632 0.019907
v -0.024261 0.000053 -0.023745
v 0.004738 0.005463 -0.016371
v -0.020790 0.000130 -0.026180
v 0.004265 0.005402 -0.016077
v 0.023445 0.003502 -0.002607
v 0.040230 -0.009720 0.006233
v 0.023849 0.002655 -0.001484
v 0.026016 0.001747 0.002874
v 0.015350 0.006981 -0.030941
v 0.045189 0.002769 -0.014130
v 0.027321 0.001572 0.006502
v -0.019997 0.004082 -0.028551
v 0.044273 0.002953 -0.015285
v -0.028214 0.003830 -0.024227
v 0.026596 0.001572 0.004305
v 0.027634 -0.000229 0.009315
v 0.044533 -0.012749 0.003487
v 0.013412 0.007126 -0.031199
v 0.021767 -0.005112 0.026134
v -0.024681 -0.003754 0.025778
v -0.024902 0.005592 -0.000788
v -0.022186 0.006630 -0.004288
v 0.002220 -0.000648 -0.029312
v 0.034531 -0.008392 0.015667
v -0.015694 0.007622 -0.011488
v 0.044411 -0.017471 0.019825
v -0.014053 0.006073 -0.012165
v -0.012917 0.005905 -0.012930
v -0.036514 0.000031 -0.011478
v -0.029961 0.000740 -0.021358
v 0.032875 -0.005089 0.009768
v -0.030167 0.014503 -0.020212
v 0.021599 -0.007568 0.025484
v -0.029823 -0.001602 0.018768
v -0.012436 0.005333 -0.013515
v -0.011696 0.006195 -0.013403
v -0.009865 0.005493 -0.014439
v 0.046021 -0.013878 -0.000416
v -0.026794 0.003983 0.007223
v -0.026871 0.003654 0.007244
v -0.026855 0.000389 0.018574
v 0.048416 0.000969 -0.010065
v -0.034958 0.000404 0.007858
v -0.026527 -0.000267 0.019678
v -0.029701 0.014885 -0.019958
v -0.045700 0.000816 -0.005686
v -0.018959 0.008377 -0.009233
v -0.020470 0.007446 -0.006468
v 0.035690 -0.001587 -0.023975
v 0.041771 -0.012894 0.013472
v 0.045692 -0.005035 -0.012724
v 0.000534 0.004387 -0.016678
v -0.000847 0.005058 -0.016705
v 0.013367 0.006439 -0.031374
v -0.001678 0.004852 -0.016748
v -0.003494 0.006126 -0.016081
v -0.004822 0.006012 -0.015512
v -0.007896 0.005798 -0.014715
v -0.006790 0.006828 -0.014996
v 0.006508 0.000610 -0.025015
v -0.006477 0.004066 -0.015806
v -0.020905 0.006920 -0.005756
v -0.038651 -0.001656 0.013382
v 0.035851 0.003609 -0.024218
v -0.021538 0.006790 -0.004980
v -0.025070 0.005653 0.000488
v 0.013588 -0.001541 -0.030575
v 0.049965 0.001228 -0.006342
v -0.027641 0.002197 0.011509
v -0.044281 -0.001495 0.003723
v -0.027718 0.002007 0.012577
v 0.024467 -0.007217 0.022482
v -0.027885 0.001846 0.011452
v -0.015160 -0.000175 -0.027878
v -0.026405 0.005028 0.004560
v -0.035980 0.014664 -0.015284
v -0.026161 0.004997 0.003544
v -0.025848 0.004623 0.002462
v -0.034424 0.006645 -0.019196
v -0.026642 0.000168 0.017641
v -0.027870 0.001442 0.016064
v 0.036705 -0.017784 0.025753
v -0.025452 -0.001373 0.023018
v -0.025925 -0.001381 0.022141
v -0.027893 0.001778 0.014420
v -0.027878 0.001938 0.013344
v 0.043770 -0.017036 0.023247
v -0.027008 0.003876 0.010113
v -0.026932 0.004402 0.008797
v 0.037956 -0.009224 -0.004675
v -0.035843 0.000900 0.004223
v -0.026619 0.004234 0.004980
v 0.021431 -0.006798 0.025534
v 0.027084 -0.000343 0.007980
v -0.042076 -0.007813 0.026114
v -0.050346 -0.009117 0.026934
v 0.026680 -0.002579 0.015976
v 0.027496 -0.000900 0.008808
v 0.021507 0.002991 -0.005056
v -0.043457 -0.001595 0.005415
v 0.019409 0.003914 -0.007545
v -0.048157 -0.004402 0.009974
v 0.018326 0.004822 -0.009043
v 0.019455 0.004837 -0.007902
v -0.036972 0.003403 -0.015938
v 0.017616 0.001740 -0.011980
v 0.017685 0.004181 -0.009327
v 0.021080 -0.006386 0.027271
v 0.020821 -0.007156 0.027840
v 0.021210 -0.006081 0.027229
v 0.046143 -0.006462 -0.011215
v 0.022400 -0.004951 0.023561
v 0.024399 -0.003479 0.020899
v -0.026627 0.013077 -0.023659
v 0.020599 0.004967 -0.006895
v -0.037979 0.009102 -0.015848
v 0.050507 -0.009109 0.001408
v 0.013512 0.005333 -0.012922
v 0.012711 0.004669 -0.013016
v 0.034302 -0.012344 0.022419
v 0.021126 -0.007042 0.026402
v 0.020844 -0.007637 0.027273
v -0.047699 0.011238 -0.003351
v 0.021523 -0.008705 0.026197
v 0.023102 -0.005821 0.022772
v 0.022705 -0.005142 0.023085
v 0.025497 -0.003914 0.017929
v 0.037148 -0.005104 -0.021849
v 0.035316 -0.008125 0.014359
v 0.007118 -0.000343 -0.027349
v -0.052368 -0.000252 0.030247
v 0.025879 -0.003876 0.017374
v -0.039543 0.000046 0.003664
v 0.030006 -0.003876 -0.006073
v 0.025078 -0.003799 0.019165
v -0.052307 0.008057 0.004961
v 0.022293 -0.006805 0.024120
v 0.048843 -0.015198 0.015055
v 0.027931 -0.001411 0.010191
v 0.028130 -0.001930 0.011883
v -0.052940 0.009102 0.011686
v 0.027229 -0.002357 0.015129
v 0.027771 -0.001549 0.009111
v 0.026833 0.000244 0.006872
v 0.027046 -0.000381 0.007351
v -0.026573 -0.000565 0.021069
v -0.020805 -0.000015 -0.025692
v 0.025856 0.000809 0.003853
v -0.049042 -0.002792 0.003210
v -0.035896 0.001450 -0.004698
v 0.026291 -0.000046 0.005480
v 0.021049 0.002769 -0.005394
v 0.022308 0.002052 -0.003956
v 0.023094 0.001480 -0.002676
v 0.005325 0.005417 -0.016169
v 0.023819 0.001625 -0.001122
v 0.033966 -0.015251 0.025572
v 0.009514 -0.002556 -0.029768
v -0.023933 -0.002533 0.026976
v -0.023872 0.005150 -0.003944
v 0.007034 0.004890 -0.015394
v 0.009819 0.005074 -0.014254
v 0.012283 0.003891 -0.013275
v 0.013916 0.004387 -0.012295
v 0.047073 -0.012268 -0.004770
v 0.015228 0.003769 -0.011570
v 0.015732 0.003952 -0.011114
v 0.017052 0.003731 -0.009874
v 0.019623 0.002686 -0.007519
v 0.028542 -0.004730 -0.025827
v 0.020256 0.003059 -0.006382
v 0.027916 -0.004250 -0.026505
v -0.040138 -0.001137 0.007950
v -0.048714 -0.006294 0.030186
v 0.020988 0.002213 -0.005716
v -0.026390 -0.001434 0.022104
v -0.036179 0.004524 -0.017136
v -0.024338 -0.002357 0.025644
v -0.024696 -0.004723 0.026480
v -0.024002 -0.003540 0.028065
v -0.024231 -0.004486 0.027859
v -0.025169 -0.005119 0.027546
v 0.031960 -0.004341 0.003006
v -0.005661 0.004745 -0.015581
v 0.046211 -0.013184 -0.004093
v -0.007355 0.005081 -0.015076
v -0.045952 0.012962 -0.003893
v 0.007713 0.004448 -0.015091
v -0.036263 0.000000 0.007973
v -0.038620 -0.000381 0.006470
v 0.026634 -0.014046 0.027012
v 0.010384 0.004051 -0.014223
v -0.029800 0.001312 -0.021999
v -0.049599 0.000992 0.031712
v -0.028664 0.010689 -0.023439
v -0.044930 -0.000175 0.031683
v -0.006897 0.009819 -0.030272
v -0.040222 -0.001465 0.030857
v -0.041908 -0.000908 0.031040
v -0.034760 -0.002327 0.030291
v -0.032776 -0.002594 0.029997
v -0.026924 -0.003273 0.029469
v 0.021812 -0.009918 0.027439
v -0.047287 0.012489 -0.002823
v -0.027969 -0.003654 0.029516
v -0.029655 0.001541 -0.012423
v -0.025467 -0.003777 0.028950
v -0.025902 -0.004738 0.028925
v 0.024529 -0.005768 -0.027494
v -0.042404 -0.007462 0.029226
v -0.042999 -0.008057 0.028908
v -0.052437 -0.004440 0.028942
v -0.036140 -0.003326 0.030331
v -0.037766 -0.006828 0.028799
v 0.046852 0.002808 -0.011690
v -0.042442 -0.008163 0.028667
v 0.040672 -0.016357 0.021791
v -0.009399 0.000763 -0.029852
v 0.046280 -0.014000 0.000937
v 0.031815 -0.007393 0.016632
v -0.049629 -0.008057 0.029152
v 0.036560 -0.008018 -0.020027
v -0.048416 -0.009720 0.028555
v -0.050613 -0.006683 0.029469
v 0.049667 -0.008507 -0.002556
v 0.025078 -0.004303 -0.027725
v -0.051147 -0.006859 0.029009
v -0.051216 -0.000702 0.031445
v -0.050743 -0.002678 0.031347
v 0.027184 -0.008041 0.021513
v -0.029572 0.002159 0.005516
v 0.026131 -0.010208 0.024752
v -0.049904 -0.002373 0.031561
v -0.051521 -0.002731 0.030928
v -0.051537 0.000862 0.031044
v -0.035721 -0.005447 0.029602
v -0.047356 -0.003204 0.031454
v -0.041534 -0.003128 0.030987
v -0.039803 -0.007607 0.028299
v -0.000023 -0.000626 -0.028868
v -0.049088 0.011848 -0.000040
v -0.039825 -0.003159 0.030807
v -0.039444 -0.006035 0.029758
v 0.032494 -0.005409 -0.003485
v -0.035233 -0.006203 0.029076
v -0.046822 -0.005974 0.030514
v -0.033295 0.000572 -0.017761
v -0.027046 -0.004219 0.029387
v -0.042320 -0.000832 0.003914
v -0.025391 0.002411 -0.025568
v 0.050850 -0.011513 0.009121
v 0.040283 -0.018433 0.026785
v -0.043358 -0.001434 0.031446
v -0.028297 -0.005310 0.029205
v -0.027863 -0.005219 0.029243
v -0.032509 -0.005997 0.028843
v -0.031715 -0.006325 0.028496
v -0.034805 0.003197 -0.018141
v -0.033829 -0.006012 0.028931
v 0.035568 -0.007469 -0.007433
v 0.021126 -0.000725 -0.017517
v 0.029472 -0.003738 -0.013758
v 0.009933 -0.000595 -0.027117
v -0.043465 -0.004799 0.030758
v -0.043655 -0.000748 0.031515
v -0.038071 0.000069 -0.011526
v 0.019379 0.002129 -0.008673
v 0.036583 0.003082 -0.023867
v 0.021828 0.001060 -0.006191
v 0.037560 0.003723 -0.022923
v -0.046165 -0.000290 -0.004217
v 0.048317 -0.013840 0.000734
v 0.023331 -0.005997 0.022547
v -0.005089 0.001007 -0.024097
v 0.048065 -0.013786 0.000296
v -0.011726 0.001678 -0.021530
v 0.038345 0.004425 -0.021700
v -0.053307 0.003822 0.007154
v -0.053726 0.004463 0.008924
v 0.020149 0.002037 -0.006948
v -0.020462 0.008125 -0.028637
v 0.021240 -0.000015 -0.013758
v 0.047691 -0.013046 -0.001732
v 0.047028 -0.013664 -0.000910
v 0.039673 -0.018280 0.026741
v -0.023674 0.013405 -0.024752
v -0.024673 0.013580 -0.024128
v -0.031448 0.015305 -0.018391
v -0.032043 0.000076 -0.017073
v 0.026192 0.005905 -0.028614
v -0.027008 -0.001839 0.022125
v 0.045708 -0.009087 0.026049
v 0.048790 -0.007935 0.021574
v 0.021263 0.005432 -0.030533
v 0.050613 -0.006439 0.018135
v 0.032768 -0.005569 -0.008780
v 0.003555 0.008423 -0.030579
v -0.041306 -0.001602 0.008615
v 0.051064 -0.006256 0.017132
v 0.051170 -0.007370 0.016436
v 0.024628 -0.001358 -0.013758
v 0.038956 -0.009758 -0.017694
v 0.001030 0.008141 -0.030861
v 0.022232 0.005470 -0.030365
v 0.050224 -0.006645 0.018881
v 0.049812 -0.007782 0.019453
v 0.052368 -0.004936 0.010601
v 0.018677 -0.003143 -0.028957
v 0.051025 -0.000366 -0.001316
v 0.047379 0.002594 -0.010973
v -0.036865 0.009171 -0.016888
v 0.030785 0.003136 -0.027035
v 0.043427 0.003189 -0.016384
v 0.023758 0.002541 -0.030085
v 0.041214 0.003456 -0.019440
v -0.026375 0.004173 0.003237
v 0.035110 -0.008270 0.014847
v 0.038956 0.004181 -0.021591
v 0.038849 0.003738 -0.021711
v 0.036942 0.005074 -0.023226
v 0.028442 -0.002579 0.002573
v 0.046097 -0.016731 0.018515
v 0.029503 0.004143 -0.027456
v 0.020119 0.005211 -0.030794
v 0.016693 0.006256 -0.031042
v 0.025536 -0.001266 -0.007446
v 0.030891 -0.004456 -0.012434
v 0.051041 -0.006638 0.001204
v 0.011131 0.007851 -0.031126
v -0.000366 0.007896 -0.031059
v 0.044861 0.000694 -0.015429
v 0.006821 -0.001183 -0.029575
v 0.012024 0.007446 -0.031204
v -0.050362 -0.000267 0.002136
v 0.001976 0.008408 -0.030539
v 0.008118 0.007706 -0.031242
v 0.010193 0.006615 -0.031532
v -0.001984 0.008339 -0.030828
v 0.051872 -0.003296 0.002874
v -0.012627 0.010536 -0.029968
v -0.014069 0.011261 -0.029644
v -0.019043 0.012794 -0.027021
v -0.019562 0.012619 -0.027260
v -0.025528 0.013832 -0.023428
v -0.032433 0.015472 -0.017601
v -0.032593 0.015007 -0.018093
v -0.037193 0.014679 -0.014091
v -0.051163 0.006584 0.001537
v -0.034477 0.015244 -0.015747
v -0.038757 0.014603 -0.012413
v -0.038010 0.014587 -0.013369
v -0.037338 0.014153 -0.014620
v -0.040115 0.014412 -0.011007
v -0.035629 0.002022 -0.000755
v -0.039368 0.014557 -0.011831
v -0.040756 0.014221 -0.010168
v -0.044380 0.013039 -0.006096
v -0.043526 0.012772 -0.007921
v 0.047424 -0.009819 0.023596
v 0.031273 -0.005348 0.013479
v -0.022385 0.013412 -0.025488
v 0.039238 -0.008911 0.005419
v -0.045006 0.012787 -0.005644
v -0.028885 0.002228 -0.010126
v -0.046951 0.012810 -0.002798
v -0.051010 -0.007607 0.028603
v -0.052010 0.010162 0.011677
v -0.052422 0.009857 0.013803
v -0.052559 0.009209 0.015968
v -0.052650 0.009514 0.014780
v -0.052864 0.009315 0.014826
v -0.052872 0.006691 0.020046
v -0.042145 -0.008278 0.027981
v -0.051735 0.002724 0.029459
v -0.052567 0.001251 0.029585
v -0.051987 -0.002312 0.030607
v -0.050270 -0.009079 0.025990
v 0.006767 0.003006 -0.016907
v -0.050743 -0.006790 0.020933
v -0.050270 -0.006516 0.019794
v 0.011688 -0.002022 -0.028837
v -0.051422 -0.004616 0.015547
v -0.050972 -0.004608 0.014254
v 0.022041 0.000694 -0.007263
v -0.050476 -0.004356 0.009714
v -0.054047 0.005974 0.012472
v 0.009933 0.002853 -0.031834
v 0.048134 -0.011536 -0.003576
v -0.051605 -0.003784 0.011002
v -0.050072 -0.004242 0.007565
v -0.024017 -0.003853 0.026094
v -0.050308 -0.003120 0.005159
v -0.051399 0.010841 0.005976
v -0.048119 -0.001175 -0.000292
v -0.048241 -0.001877 0.001064
v -0.046867 -0.000969 -0.002554
v 0.051239 -0.009956 0.013306
v 0.027542 -0.004654 -0.023220
v -0.044243 -0.000504 -0.006182
v -0.047699 -0.000984 -0.001287
v -0.031715 0.001465 0.006277
v 0.025909 -0.013290 0.027279
v -0.047913 -0.000450 -0.001804
v -0.045753 -0.001259 -0.003084
v 0.014496 0.003212 -0.012377
v -0.043678 -0.000893 -0.005812
v -0.041588 -0.000130 -0.008890
v -0.045708 0.012215 -0.005400
v 0.050217 -0.000130 -0.005920
v -0.041298 -0.000443 -0.008310
v -0.038864 0.000473 -0.011732
v -0.036087 -0.001091 0.013458
v -0.036972 0.000565 -0.013639
v -0.038048 0.000717 -0.012806
v -0.050880 0.011169 0.004381
v -0.037331 0.000206 -0.012625
v 0.046669 -0.015785 0.010157
v -0.036034 0.000656 -0.014803
v -0.035873 0.001122 -0.015530
v -0.033981 0.000603 -0.016928
v -0.017067 0.003944 -0.029533
v 0.022598 -0.003456 -0.029028
v -0.032211 0.000900 -0.019379
v -0.023956 0.000648 -0.025118
v -0.025505 0.000496 -0.024267
v -0.026474 0.000893 -0.023901
v 0.007736 0.000771 -0.024084
v -0.022087 0.000916 -0.026342
v 0.011505 -0.002953 -0.030163
v -0.018349 -0.000069 -0.026958
v -0.053360 0.006104 0.007641
v -0.000435 -0.000694 -0.028906
v 0.049690 -0.010872 0.017906
v 0.022972 -0.003258 -0.024843
v 0.045456 -0.006142 -0.012529
v 0.044647 -0.009346 -0.011873
v -0.030304 0.001564 0.008224
v 0.000549 -0.000557 -0.029762
v 0.042206 -0.011330 0.001036
v 0.003922 -0.001015 -0.028948
v 0.028030 -0.004448 -0.020737
v 0.016151 -0.001625 -0.026178
v 0.010979 -0.002563 -0.030489
v 0.031685 -0.004013 0.005762
v 0.010017 -0.003090 -0.029440
v 0.029724 -0.005455 -0.024229
v 0.024925 -0.004837 -0.027416
v 0.023376 0.005608 -0.030123
v 0.023842 -0.004791 -0.027563
v 0.035339 -0.007698 -0.020489
v 0.042450 -0.011055 -0.011990
v 0.011292 -0.001305 -0.030739
v 0.032730 -0.006813 -0.021618
v 0.029953 -0.003273 0.005545
v 0.044960 -0.012657 -0.006903
v -0.054413 0.003174 0.014986
v 0.027702 -0.001877 -0.027866
v 0.037361 -0.006416 -0.020950
v 0.044243 -0.012558 -0.007717
v -0.054298 0.003365 0.013430
v 0.045380 -0.013123 -0.005266
v 0.036774 -0.009529 0.015062
v 0.046074 -0.012817 -0.005449
v 0.049576 -0.011124 0.000051
v 0.035301 -0.019386 0.026937
v 0.045090 -0.013222 -0.005253
v 0.046440 -0.013351 -0.003271
v 0.032730 -0.005035 -0.024387
v 0.045517 -0.013588 -0.003399
v 0.033081 -0.002823 -0.025177
v 0.046700 -0.013344 -0.002747
v 0.047173 -0.012810 -0.003483
v 0.046997 -0.014038 0.000324
v -0.028603 0.001549 0.010885
v 0.046379 -0.016319 0.016090
v 0.046806 -0.016281 0.015276
v 0.045822 -0.016785 0.017015
v -0.027794 -0.001030 0.019268
v -0.025581 0.012840 -0.024542
v -0.033142 0.001625 -0.019022
v -0.028206 0.012268 -0.023033
v -0.049568 0.010384 -0.000521
v -0.048370 0.012001 -0.001486
v -0.047562 0.012024 -0.002922
v -0.046730 0.011894 -0.004267
v 0.032112 -0.005150 -0.011280
v -0.042770 0.012764 -0.009186
v -0.041809 0.013115 -0.010317
v 0.026520 -0.013412 0.027502
v -0.040916 0.013344 -0.011396
v -0.039742 0.013611 -0.012598
v -0.039986 0.013084 -0.012663
v 0.049492 -0.014648 0.013676
v -0.038658 0.013809 -0.013596
v -0.037552 0.013947 -0.014568
v -0.035545 0.013168 -0.016930
v -0.032692 0.014244 -0.018682
v -0.003273 0.000580 -0.031109
v -0.033325 0.012466 -0.019175
v -0.030281 0.014069 -0.020483
v 0.025864 -0.000389 0.002266
v -0.028946 0.013741 -0.021589
v -0.025986 0.010849 -0.025263
v 0.040901 -0.011131 -0.008774
v -0.028702 0.009613 -0.023718
v -0.020180 0.010796 -0.028242
v -0.032326 0.011055 -0.020493
v 0.044571 -0.002167 -0.015530
v -0.045753 -0.003578 0.011240
v -0.020134 0.011749 -0.027834
v -0.044807 -0.002480 0.006603
v -0.018913 0.010567 -0.028759
v -0.017525 0.007881 -0.029667
v -0.016937 0.011536 -0.028774
v 0.037544 -0.011673 0.017578
v 0.039825 -0.006058 -0.019300
v -0.015839 0.008919 -0.029852
v -0.014069 0.008888 -0.030243
v -0.014420 0.006485 -0.030441
v -0.040413 0.004234 -0.012730
v -0.012718 0.008850 -0.030470
v -0.037735 -0.003319 0.019068
v 0.038452 -0.009499 -0.014679
v -0.011223 0.009628 -0.030367
v -0.011398 0.006866 -0.030973
v -0.004868 0.000786 -0.030720
v -0.006783 0.007164 -0.031322
v -0.005287 0.006706 -0.031448
v 0.048889 -0.014313 0.016535
v -0.046181 -0.003609 0.008860
v -0.005234 0.005020 -0.031635
v -0.026535 -0.004471 0.025856
v -0.022690 0.013115 -0.025707
v -0.023987 0.012596 -0.025625
v -0.002838 0.003479 -0.018106
v -0.023254 0.010712 -0.026873
v 0.021622 -0.000381 -0.015083
v -0.024544 0.011299 -0.026001
v -0.023323 0.008362 -0.027349
v -0.023277 0.007248 -0.027414
v 0.040871 -0.014282 0.017561
v -0.024734 0.008392 -0.026592
v -0.026100 0.008408 -0.025759
v 0.050201 -0.013451 0.009520
v -0.027420 0.008415 -0.024872
v -0.028664 0.007324 -0.024097
v -0.028717 0.008476 -0.023922
v 0.050262 -0.013191 0.008003
v -0.026031 0.007286 -0.025890
v 0.024689 -0.004662 -0.027342
v -0.049805 0.009087 -0.000847
v -0.050468 0.008926 0.000578
v 0.024277 -0.004494 -0.026596
v -0.049835 0.008011 -0.001116
v 0.039055 -0.003700 -0.020912
v -0.048828 0.012611 0.001369
v 0.029327 -0.014114 0.027319
v 0.043213 -0.013374 0.011831
v -0.048767 0.012413 0.000101
v -0.049034 0.007057 -0.002724
v -0.049797 0.006950 -0.001341
v -0.052444 0.005409 0.023609
v -0.052849 0.005638 0.022095
v 0.003593 -0.000465 -0.028204
v -0.052719 0.005096 0.023693
v -0.053299 0.004318 0.023275
v 0.040901 -0.016235 0.021341
v -0.036087 0.000824 0.004362
v -0.052727 0.004326 0.025143
v -0.053886 0.003639 0.021557
v -0.053856 0.002655 0.022932
v 0.031189 -0.004578 -0.008781
v -0.002495 0.001694 -0.022381
v -0.053749 0.001869 0.024342
v -0.035820 -0.001511 0.015020
v -0.052788 0.007721 0.006424
v -0.053223 0.007248 0.007946
v -0.048035 0.006142 -0.004290
v 0.026886 -0.001045 0.006409
v -0.048218 0.008278 -0.003918
v -0.047234 0.007324 -0.005463
v 0.041679 -0.015968 0.027382
v -0.039780 -0.005074 0.022295
v -0.046135 0.006424 -0.006855
v 0.030785 -0.010376 0.022406
v -0.046326 0.008583 -0.006512
v -0.045296 0.007706 -0.007904
v -0.050568 -0.004585 0.013363
v -0.053520 0.007896 0.016527
v -0.053337 0.008461 0.014809
v 0.015015 -0.002090 -0.029137
v -0.053078 0.008995 0.013325
v 0.010048 -0.001732 -0.030781
v -0.053314 0.008247 0.011215
v -0.018013 0.005402 -0.010429
v 0.037636 -0.008850 -0.008781
v 0.038857 -0.009804 -0.007402
v -0.052231 0.010025 0.008999
v -0.051170 0.007637 0.001785
v 0.033234 -0.008606 0.017189
v -0.050789 0.010269 0.002426
v -0.050423 0.011307 0.002901
v -0.051895 0.009651 0.005348
v -0.050095 0.011810 0.002783
v -0.049408 0.012375 0.002806
v -0.054352 0.001717 0.016293
v -0.054146 0.003677 0.011889
v -0.053894 0.002899 0.010141
v 0.002670 0.001930 -0.031664
v -0.053581 0.005356 0.020523
v -0.054024 0.004257 0.020134
v -0.032440 0.000687 0.009825
v -0.054283 0.002785 0.019804
v 0.014778 -0.000763 -0.025043
v -0.052895 -0.000397 0.029190
v -0.036407 -0.004425 0.022797
v 0.034225 0.005096 -0.025126
v -0.053452 -0.001488 0.026646
v -0.052940 0.000481 0.028948
v -0.052902 0.001343 0.028614
v 0.035995 -0.004730 -0.022858
v -0.053238 0.000801 0.027592
v 0.024139 -0.009781 0.025225
v 0.034729 -0.010338 0.018295
v -0.051956 0.003021 0.028852
v -0.040070 0.007729 -0.013779
v -0.052299 0.004150 0.026516
v -0.052727 0.003525 0.026609
v -0.053101 0.002861 0.026371
v -0.053566 0.001198 0.025782
v 0.009491 0.000275 -0.025126
v -0.053688 -0.000816 0.025269
v 0.026878 -0.003769 0.016052
v -0.053612 -0.001816 0.025009
v 0.049400 -0.014008 0.015694
v -0.052925 0.005455 0.005886
v -0.053574 0.006775 0.009483
v -0.054222 0.005600 0.014019
v -0.054306 0.005325 0.015549
v -0.054298 0.001762 0.019554
v -0.025848 0.004082 0.000908
v -0.054222 0.000771 0.019281
v 0.008324 -0.000854 -0.030674
v -0.041283 0.008644 -0.012550
v 0.049583 -0.005913 -0.004686
v 0.005852 -0.000031 -0.031229
v -0.040291 0.009956 -0.013531
v -0.045204 -0.001831 0.003616
v -0.039101 0.009048 -0.014771
v -0.025581 0.004272 0.001534
v -0.038040 0.010262 -0.015650
v -0.035645 0.007912 -0.018063
v -0.035789 0.010300 -0.017727
v -0.015099 0.005348 -0.012138
v -0.034653 0.009003 -0.018929
v 0.051796 -0.007889 0.013393
v -0.033539 0.008858 -0.019936
v -0.033447 0.007706 -0.020111
v -0.033546 0.010033 -0.019743
v -0.032402 0.008698 -0.020931
v -0.031181 0.008644 -0.021961
v -0.031158 0.007446 -0.022120
v -0.027275 0.003326 0.005554
v -0.031158 0.009773 -0.021763
v 0.034897 0.001350 -0.024870
v -0.029991 0.008507 -0.022951
v 0.035294 -0.007210 -0.011747
v -0.024292 0.004005 -0.026649
v -0.028664 0.002029 0.008398
v 0.018494 0.005447 -0.030994
v -0.023018 0.005112 -0.027435
v -0.010956 0.002953 -0.030643
v -0.022865 0.004005 -0.027342
v -0.025917 0.006180 -0.025974
v -0.027290 0.006180 -0.025114
v -0.030182 -0.006149 0.028124
v -0.028587 0.006142 -0.024212
v -0.029869 0.006187 -0.023237
v -0.030945 0.005074 -0.022322
v -0.033203 0.005287 -0.020273
v -0.035362 0.005577 -0.018166
v -0.037697 0.006790 -0.016045
v -0.037506 0.005653 -0.016056
v 0.035408 -0.006233 0.006435
v -0.039864 0.006599 -0.013857
v -0.039650 0.005508 -0.013874
v 0.047516 -0.014648 0.019630
v -0.040939 0.006424 -0.012720
v -0.042953 0.005951 -0.010422
v -0.042740 0.004883 -0.010448
v 0.048622 -0.015953 0.010811
v -0.044968 0.005516 -0.008121
v -0.040619 0.000481 -0.000608
v -0.045982 0.005333 -0.006918
v -0.045746 0.004272 -0.006989
v 0.046883 -0.013428 0.022158
v -0.051003 0.004433 0.001167
v -0.033508 0.011230 -0.019491
v 0.005493 -0.000916 -0.028255
v -0.034653 0.011406 -0.018480
v -0.036804 0.011711 -0.016430
v -0.037903 0.011627 -0.015419
v 0.023788 0.000069 -0.004147
v -0.041412 0.010872 -0.012110
v -0.042404 0.010674 -0.010975
v -0.043373 0.010551 -0.009747
v -0.044296 0.010414 -0.008575
v -0.046257 0.009804 -0.006199
v -0.047234 0.009590 -0.004957
v -0.048157 0.009354 -0.003662
v -0.030106 -0.002701 0.022013
v -0.052902 -0.003967 0.027918
v 0.026604 -0.012115 0.026091
v -0.052704 -0.004959 0.027538
v -0.052315 0.004784 0.004202
v -0.052200 0.003685 0.004038
v -0.052261 0.002289 0.004599
v -0.053383 0.002441 0.007704
v -0.053337 0.001030 0.008242
v 0.029358 -0.007759 0.019098
v -0.053650 0.001907 0.009201
v -0.053841 0.001488 0.010674
v -0.053719 0.000267 0.011227
v -0.053993 0.001266 0.012171
v -0.053940 -0.000076 0.014278
v -0.054184 0.000916 0.015289
v -0.054184 0.000542 0.016846
v -0.053856 -0.001015 0.018044
v -0.053947 -0.000786 0.020481
v -0.053818 -0.001442 0.021931
v -0.053604 -0.002441 0.021681
v -0.053650 -0.002129 0.023361
v 0.033501 -0.004997 0.005526
v -0.053459 -0.002815 0.024752
v -0.053230 -0.003471 0.026150
v -0.053009 -0.002991 0.028217
v -0.052490 -0.001930 0.029982
v -0.051926 -0.006760 0.027559
v -0.052979 -0.004387 0.023560
v -0.052116 -0.005844 0.022268
v -0.023132 0.006142 -0.027456
v 0.037178 -0.018890 0.026445
v -0.029190 0.001221 -0.014250
v -0.053230 -0.003738 0.022200
v 0.016731 -0.000076 -0.020718
v -0.052963 -0.003777 0.019958
v -0.053535 -0.002022 0.017857
v -0.052902 -0.002548 0.014002
v -0.052658 -0.002312 0.010931
v 0.012222 0.003090 -0.013788
v -0.037781 -0.002434 0.016600
v -0.050102 -0.005753 0.017515
v 0.032257 -0.005264 -0.007437
v -0.053192 -0.000648 0.009554
v -0.052567 -0.001259 0.007919
v 0.042191 -0.004730 -0.017584
v 0.049171 -0.002785 -0.007668
v 0.000023 0.000191 -0.031042
v -0.052734 0.000420 0.006643
v -0.052010 0.001221 0.004463
v 0.046204 -0.009079 -0.009373
v 0.028427 -0.006218 0.017458
v -0.051659 0.000099 0.004339
v -0.050560 0.002258 0.000948
v -0.049904 0.002533 -0.000418
v -0.049110 0.002670 -0.001839
v -0.050873 -0.008553 0.025881
v 0.050652 -0.009865 0.002960
v -0.051666 -0.006866 0.023533
v -0.050949 -0.007851 0.023804
v -0.050125 -0.007668 0.022680
v -0.052513 -0.005020 0.021166
v -0.051758 -0.005371 0.018929
v -0.051048 -0.005760 0.018326
v -0.052330 -0.003944 0.016512
v 0.012688 0.001144 -0.019115
v -0.052589 -0.003273 0.015142
v -0.052414 -0.003288 0.013626
v -0.052078 -0.003197 0.010723
v -0.051605 -0.002197 0.006464
v 0.043976 -0.012550 0.006165
v -0.029541 -0.005074 0.026060
v -0.051247 -0.000931 0.004320
v -0.049149 0.000366 -0.000515
v -0.048386 0.000381 -0.001810
v -0.046700 0.000763 -0.004417
v -0.044807 0.001106 -0.006895
v -0.043762 0.001221 -0.008015
v 0.033745 -0.006180 -0.011751
v -0.042168 0.002754 -0.010355
v 0.050301 -0.010605 0.016457
v -0.038544 0.001907 -0.013454
v -0.039078 0.003349 -0.013754
v -0.048378 -0.006142 0.019079
v -0.037468 0.002121 -0.014681
v 0.039619 0.003937 -0.020868
v -0.035461 0.002167 -0.016884
v -0.034332 0.001839 -0.017939
v -0.006401 0.005188 -0.015049
v -0.044823 -0.004799 0.018250
v -0.047523 -0.003044 0.004765
v -0.032219 0.001701 -0.020031
v 0.044472 -0.007820 -0.013262
v -0.032539 0.002670 -0.020212
v -0.031082 0.001694 -0.021162
v -0.030350 0.002159 -0.022026
v -0.028923 0.001633 -0.022879
v 0.041183 -0.016777 0.027147
v 0.048828 -0.009270 -0.004105
v 0.049019 -0.008324 -0.004377
v 0.047691 -0.008698 -0.006966
v 0.050240 -0.007736 -0.001291
v 0.044426 -0.013451 -0.003447
v 0.050171 -0.008972 -0.000332
v 0.050423 -0.008759 0.000523
v 0.049538 -0.011887 0.001030
v 0.049950 -0.011528 0.002132
v 0.050690 -0.008080 0.001066
v 0.025192 -0.005104 0.019630
v 0.050034 -0.012016 0.003359
v 0.050568 -0.011246 0.004725
v 0.050186 -0.012436 0.004908
v 0.050842 -0.010979 0.006041
v 0.050873 -0.011284 0.007555
v 0.049683 -0.012512 0.016445
v 0.050583 -0.012245 0.007746
v 0.051178 -0.010246 0.007389
v 0.050720 -0.011971 0.010712
v 0.040390 -0.018127 0.025637
v -0.045837 -0.008583 0.025555
v 0.051010 -0.011101 0.010473
v 0.050545 -0.012398 0.012030
v 0.049995 -0.013153 0.014889
v 0.047180 -0.016266 0.016668
v 0.048050 -0.014618 0.018202
v 0.048271 -0.014725 0.004553
v 0.031952 -0.004822 -0.001266
v 0.048409 -0.012894 0.019377
v 0.046768 -0.014908 0.020964
v 0.044868 -0.015892 0.023306
v -0.040474 -0.000519 -0.007826
v 0.045166 -0.016243 0.022306
v 0.043571 -0.016571 0.024416
v 0.046761 -0.006844 -0.009916
v 0.016121 -0.001144 -0.025019
v 0.047058 -0.005646 -0.010132
v 0.044769 -0.005775 -0.013817
v 0.043968 -0.005417 -0.015133
v 0.044159 -0.004333 -0.015331
v 0.042366 -0.003662 -0.017801
v 0.039856 -0.010788 0.012859
v -0.001427 -0.000542 -0.029699
v 0.040154 -0.004036 -0.019852
v -0.039635 -0.007088 0.026123
v 0.040306 -0.003014 -0.020086
v 0.039963 -0.005028 -0.019617
v 0.037941 -0.003311 -0.021923
v -0.028656 -0.000023 -0.019955
v 0.038330 -0.009483 -0.006071
v -0.026932 0.001144 -0.023874
v -0.027512 0.001617 -0.023888
v -0.027832 0.002274 -0.023989
v -0.001480 -0.000557 -0.029358
v -0.021713 0.006203 -0.028101
v -0.020271 0.006104 -0.028681
v 0.036240 -0.002747 -0.023355
v -0.020386 0.007095 -0.028677
v -0.018776 0.006004 -0.029228
v -0.017181 0.004921 -0.029640
v -0.032463 -0.001495 0.016706
v 0.031067 -0.005455 -0.024572
v 0.042557 -0.012085 -0.001245
v -0.017426 0.006828 -0.029686
v -0.015694 0.004807 -0.030029
v -0.013817 0.002274 -0.029957
v -0.011261 0.005241 -0.031029
v 0.028191 -0.012726 0.025923
v -0.008217 0.004654 -0.031399
v 0.026878 -0.012764 0.026398
v -0.027397 0.002548 0.010080
v -0.042320 -0.007095 0.024904
v -0.003464 0.003159 -0.031637
v 0.040512 -0.011345 0.012781
v -0.000557 0.002838 -0.031553
v 0.016518 0.000900 -0.016306
v 0.009232 0.001381 -0.031658
v 0.031952 -0.011017 0.022425
v 0.043694 -0.012627 -0.007278
v 0.010567 0.000221 -0.031515
v 0.011322 0.000771 -0.031580
v 0.012856 0.000397 -0.031425
v 0.018661 -0.002892 -0.029371
v 0.024376 -0.000778 -0.008791
v 0.013107 -0.000847 -0.030989
v 0.014542 0.000641 -0.031343
v 0.016068 0.000374 -0.031162
v 0.023796 -0.004456 -0.027491
v -0.045601 -0.003296 0.008284
v 0.016121 -0.001602 -0.030334
v 0.016022 0.002022 -0.031452
v 0.017609 0.000099 -0.030973
v -0.020271 0.005173 -0.008408
v 0.018875 -0.001556 -0.023985
v 0.019165 0.001663 -0.031071
v 0.020622 -0.000343 -0.030499
v 0.029617 -0.012939 0.025621
v 0.022316 -0.001038 -0.029987
v 0.023766 -0.000847 -0.029701
v 0.025009 0.000542 -0.029495
v 0.027412 -0.003448 -0.027271
v 0.028671 -0.014458 0.027676
v 0.029190 -0.001846 -0.027218
v -0.040512 -0.001427 0.008961
v 0.029961 -0.004280 -0.025860
v 0.030548 -0.000298 -0.026957
v 0.031868 -0.002373 -0.025887
v 0.034363 -0.003166 -0.024422
v 0.034981 -0.002403 -0.024252
v 0.002647 0.000343 -0.026569
v 0.037254 -0.004120 -0.022171
v -0.040871 -0.000465 0.004208
v 0.042999 -0.017212 0.023603
v 0.027847 -0.002739 0.013815
v -0.010391 0.000343 -0.025051
v 0.041664 -0.017372 0.023849
v 0.044350 -0.016998 0.022486
v 0.043716 -0.017006 0.022898
v 0.045258 -0.016785 0.021643
v 0.045616 -0.016876 0.020102
v 0.045326 -0.017075 0.020586
v 0.045914 -0.016815 0.017668
v 0.045532 -0.017014 0.018578
v -0.033440 -0.000557 0.013420
v -0.043121 -0.002548 0.010902
v 0.048225 -0.016052 0.014410
v -0.040398 -0.000946 0.006678
v 0.048767 -0.015480 0.014053
v 0.048569 -0.013977 0.001963
v 0.049095 -0.014748 0.006083
v -0.027916 0.001953 0.010433
v -0.044601 -0.006363 0.022017
v 0.048851 -0.014648 0.005135
v 0.048859 -0.014091 0.003727
v 0.048271 -0.014328 0.003119
v 0.047386 -0.014420 0.003073
v 0.028030 -0.014610 0.027706
v -0.031929 0.001724 0.004522
v 0.026230 -0.003143 -0.019119
v 0.049561 -0.014732 0.011333
v 0.048088 -0.016327 0.010559
v 0.048988 -0.015511 0.009209
v 0.048874 -0.015503 0.008368
v 0.040703 -0.017784 0.024679
v 0.049805 -0.014153 0.008223
v 0.038826 -0.010994 0.014864
v 0.048264 -0.015915 0.008615
v 0.049103 -0.014923 0.006903
v 0.047615 -0.012238 -0.003672
v 0.046387 -0.012283 -0.005831
v 0.035629 -0.013023 0.022314
v 0.043282 -0.012802 -0.003599
v 0.045967 -0.011803 -0.007162
v 0.036797 -0.008469 -0.014601
v 0.045227 -0.011597 -0.008535
v 0.043877 -0.011314 -0.010822
v -0.023453 0.001587 -0.026155
v -0.022049 0.001663 -0.026915
v 0.044327 -0.013054 -0.005859
v 0.026817 -0.001907 -0.002237
v -0.022629 0.002724 -0.027094
v -0.019035 0.000816 -0.027750
v -0.017929 0.000954 -0.028261
v -0.034836 -0.006660 0.027742
v -0.016228 0.000000 -0.028229
v 0.043510 -0.002937 -0.016687
v -0.016869 0.002937 -0.029358
v -0.042580 -0.003883 0.017467
v -0.015335 0.000984 -0.029142
v -0.014137 0.001480 -0.029638
v -0.010437 0.001526 -0.030226
v -0.006172 0.001122 -0.030659
v -0.004333 0.000725 -0.030842
v -0.002037 0.000343 -0.031254
v -0.003647 -0.000031 -0.029547
v 0.001038 -0.000885 -0.029739
v 0.001610 -0.000008 -0.030849
v 0.033119 -0.004776 0.006102
v 0.002731 -0.000351 -0.030661
v 0.002754 0.000412 -0.031244
v 0.004395 -0.000206 -0.031128
v -0.041214 -0.005943 0.023308
v -0.034241 0.001404 0.003704
v 0.005302 -0.000427 -0.031042
v 0.007233 -0.000580 -0.030888
v -0.034691 0.000427 -0.011322
v 0.008476 -0.000198 -0.031176
v 0.009056 -0.001595 -0.029697
v 0.008270 -0.000961 -0.028532
v 0.009682 -0.002426 -0.029877
v 0.010262 -0.002037 -0.029518
v 0.010109 -0.002342 -0.029701
v 0.008835 -0.001350 -0.030024
v 0.035118 -0.007057 0.011955
v 0.007370 -0.001030 -0.029106
v 0.010223 -0.002716 -0.029730
v 0.009003 -0.000389 -0.031246
v 0.010017 -0.001076 -0.031313
v 0.010605 -0.001518 -0.030548
v -0.032043 0.001953 0.003410
v 0.010559 -0.000664 -0.031338
v 0.011185 -0.000237 -0.031460
v 0.049530 -0.001213 -0.007561
v 0.014488 -0.002029 -0.029949
v 0.015884 -0.002029 -0.030062
v -0.026237 -0.005409 0.028519
v 0.015694 -0.002174 -0.029676
v 0.017448 -0.002281 -0.029917
v 0.019112 -0.002960 -0.029331
v 0.020790 -0.003304 -0.029213
v -0.051125 0.005501 0.001347
v 0.022018 -0.003082 -0.029272
v 0.023476 -0.003601 -0.028889
v 0.023720 -0.003838 -0.028763
v 0.024414 -0.003906 -0.028645
v 0.024643 -0.003502 -0.028662
v -0.033005 0.002480 0.000334
v 0.037308 -0.009117 0.013470
v 0.023018 -0.004318 -0.027321
v 0.026268 -0.004501 -0.026503
v 0.025604 -0.003563 -0.028406
v 0.027939 -0.004570 -0.025574
v 0.029793 -0.004944 -0.025408
v 0.045921 -0.003922 -0.012871
v 0.029564 -0.005287 -0.024694
v 0.032501 -0.005661 -0.024010
v 0.031914 -0.006241 -0.023403
v 0.033691 -0.006218 -0.023085
v 0.034767 -0.006744 -0.022156
v 0.034889 -0.005836 -0.022896
v -0.043846 -0.007240 0.024302
v 0.035881 -0.007271 -0.021030
v 0.038986 -0.008736 -0.018438
v 0.039612 -0.007065 -0.018978
v 0.035965 -0.006554 0.004934
v 0.040848 -0.009438 -0.016163
v 0.026596 -0.001831 -0.006075
v 0.040192 -0.009903 -0.015966
v 0.041649 -0.007782 -0.016676
v 0.041817 -0.009758 -0.014965
v 0.041458 -0.010490 -0.014013
v 0.043388 -0.008682 -0.014145
v 0.043411 -0.011406 -0.011198
v 0.043304 -0.012039 -0.009480
v -0.046387 -0.003090 0.006319
v 0.050003 -0.013885 0.010992
v 0.049614 -0.012321 0.002129
v 0.049339 -0.011330 -0.000576
v 0.048943 -0.010872 -0.002316
v 0.033066 -0.004890 0.008095
v 0.047134 -0.014496 0.001833
v 0.048462 -0.010696 -0.003723
v 0.047989 -0.010109 -0.005243
v -0.043892 -0.002350 0.007833
v 0.047417 -0.009720 -0.006716
v 0.046806 -0.009460 -0.008043
v 0.045586 -0.008682 -0.010700
v 0.042786 -0.007164 -0.015823
v 0.044312 -0.017197 0.019087
v 0.041840 -0.006790 -0.017052
v -0.009018 0.001709 -0.030514
v -0.021408 0.004059 -0.027994
v -0.024780 0.001472 -0.025438
v -0.024597 0.000809 -0.025015
v 0.049736 0.000984 -0.007324
v 0.052055 -0.004211 0.004387
v 0.052330 -0.004784 0.007208
v 0.052147 -0.006081 0.007257
v 0.048172 -0.000832 -0.010336
v 0.047630 0.001205 -0.011343
v 0.049133 0.000816 -0.008736
v 0.013054 -0.002251 -0.029264
v 0.048119 0.002426 -0.009865
v 0.044586 -0.009438 0.027168
v 0.045509 -0.010674 0.025881
v 0.052147 -0.006920 0.010315
v 0.052399 -0.004890 0.009151
v 0.052299 -0.004196 0.007534
v 0.042557 -0.014107 0.027489
v 0.044548 -0.013687 0.025751
v -0.020050 0.005775 -0.007626
v 0.045662 -0.011658 0.025330
v 0.047195 -0.011787 0.022808
v 0.024841 -0.001640 -0.015076
v 0.048019 -0.011398 0.021471
v 0.050995 -0.005035 -0.000303
v 0.051514 -0.004280 0.001335
v 0.038383 -0.000259 -0.022369
v 0.051201 -0.005615 0.001034
v 0.051651 -0.002502 0.001471
v 0.039101 -0.009224 0.008629
v 0.048447 -0.012054 0.020020
v 0.048721 -0.010338 0.020731
v 0.036087 0.001617 -0.024174
v 0.049728 -0.010017 0.018524
v 0.051155 -0.009384 0.014851
v 0.006226 0.001808 -0.020681
v 0.051537 -0.008926 0.013315
v -0.033043 0.001564 0.004210
v -0.023201 0.002792 -0.013338
v 0.051758 -0.008492 0.011684
v 0.051880 -0.008049 0.010258
v 0.051880 -0.007324 0.007170
v 0.051636 -0.006516 0.004097
v 0.051407 -0.007553 0.004002
v 0.038704 -0.014404 0.021364
v 0.048882 -0.003967 -0.007681
v 0.049660 -0.003128 -0.006260
v 0.050301 -0.002350 -0.004765
v 0.048592 -0.002365 -0.009050
v -0.042961 -0.006180 0.022774
v 0.024872 -0.006554 0.021383
v -0.034599 -0.005936 0.026150
v 0.033623 -0.005188 0.003561
v 0.050926 -0.001198 -0.002888
v 0.050919 -0.003464 -0.001791
v 0.051414 -0.009308 0.007284
v 0.050499 -0.005684 -0.001795
v 0.050697 -0.004631 -0.001820
v 0.050385 -0.004112 -0.003317
v 0.031929 -0.013847 0.025335
v -0.039200 -0.000381 -0.009287
v 0.039635 0.003265 -0.021118
v 0.038956 0.002945 -0.021914
v 0.038597 0.002365 -0.022326
v 0.041283 0.002434 -0.019791
v 0.001015 0.000839 -0.025082
v 0.041023 0.001907 -0.020153
v 0.006317 -0.000633 -0.028091
v 0.043129 0.002335 -0.017523
v 0.043953 0.002075 -0.016466
v 0.044792 0.001831 -0.015287
v 0.045830 0.001648 -0.013849
v 0.046776 0.001534 -0.012552
v 0.046577 -0.000412 -0.012936
v 0.034561 0.003548 -0.025068
v 0.019646 0.004875 -0.030952
v 0.025314 0.004059 -0.029554
v 0.039856 0.001175 -0.021275
v 0.041023 0.000725 -0.020203
v 0.040665 -0.000946 -0.020334
v 0.041954 0.000145 -0.019205
v 0.042908 -0.000305 -0.018051
v 0.042747 -0.001564 -0.018038
v 0.043884 -0.000725 -0.016762
v 0.045586 -0.001373 -0.014259
v 0.046387 -0.001678 -0.012999
v 0.047188 -0.001930 -0.011660
v 0.047882 -0.002205 -0.010403
v 0.047592 -0.003342 -0.010403
v -0.003754 0.006447 -0.031454
v -0.001854 0.006927 -0.031307
v 0.000862 0.005997 -0.031521
v 0.021797 -0.002869 -0.024971
v 0.002258 0.005379 -0.031651
v 0.009903 0.004509 -0.031826
v 0.011429 0.004372 -0.031786
v 0.020699 0.003647 -0.030874
v 0.042953 -0.012230 0.008642
v 0.022034 0.003578 -0.030586
v 0.025124 0.002289 -0.029627
v -0.015999 0.000916 -0.022314
v 0.029358 0.002022 -0.027779
v 0.030693 0.001495 -0.027073
v 0.031334 -0.014305 0.025900
v 0.035927 -0.000381 -0.024033
v -0.019844 0.012314 -0.027510
v 0.044037 -0.017181 0.022135
v -0.018555 0.012054 -0.028175
v 0.038666 -0.012512 0.017529
v -0.009743 0.009598 -0.030455
v -0.052391 0.007019 0.004660
v -0.051781 0.006340 0.002985
v -0.049339 0.003700 -0.001764
v -0.047424 0.002899 -0.004496
v -0.046471 0.003052 -0.005777
v -0.045486 0.003212 -0.007002
v -0.042465 0.003815 -0.010443
v 0.027107 -0.009521 0.023521
v -0.039383 0.004395 -0.013845
v -0.038315 0.004539 -0.014961
v 0.041115 -0.010803 -0.012104
v -0.037247 0.004539 -0.016048
v -0.035110 0.004349 -0.018192
v -0.034065 0.004242 -0.019234
v -0.026222 -0.005310 0.028797
v 0.024406 -0.001106 -0.012424
v -0.030731 0.004059 -0.022337
v -0.047905 -0.004433 0.013754
v -0.024567 0.006187 -0.026745
v -0.009819 0.005760 -0.031261
v 0.024277 -0.003853 -0.025047
v 0.037041 -0.000946 -0.023222
v 0.038254 -0.001297 -0.022274
v 0.039391 -0.001633 -0.021299
v 0.023911 -0.005096 -0.027418
v 0.042564 -0.002617 -0.017937
v 0.044373 -0.003273 -0.015438
v 0.015816 0.000458 -0.019117
v 0.045189 -0.003586 -0.014135
v 0.046646 -0.004196 -0.011574
v 0.048012 -0.004791 -0.008932
v 0.030830 -0.007454 0.017445
v 0.048584 -0.005173 -0.007589
v 0.049118 -0.005524 -0.006147
v 0.049965 -0.006371 -0.003202
v 0.050659 -0.006897 -0.000225
v 0.050789 -0.007446 0.000893
v 0.050941 -0.008125 0.002356
v 0.050774 -0.009598 0.003197
v 0.023827 -0.000755 -0.011267
v 0.051109 -0.008377 0.003418
v -0.041992 -0.002151 0.010775
v -0.012878 0.000290 -0.029205
v 0.051376 -0.009651 0.008795
v 0.051369 -0.009918 0.010351
v -0.034538 0.001221 0.004253
v 0.051178 -0.010506 0.011763
v 0.050858 -0.011368 0.012566
v 0.050957 -0.010910 0.013124
v 0.050529 -0.011368 0.014860
v 0.042183 -0.015114 0.027414
v 0.011177 0.003227 -0.014402
v -0.033157 0.001923 0.002659
v 0.028145 -0.002167 0.005348
v 0.040367 -0.010300 -0.014381
v -0.032379 0.002525 0.000822
v 0.035355 -0.007736 0.013519
v -0.037148 0.000732 0.003473
v -0.035141 0.001717 0.001408
v 0.023956 -0.006165 0.021791
v 0.000633 0.001122 -0.024097
v 0.035492 -0.017952 0.026094
v 0.024391 -0.005058 0.020781
v 0.042221 -0.012276 0.011065
v 0.036736 -0.007088 0.004980
v -0.050476 -0.007248 0.021870
v 0.013481 -0.000938 -0.026329
v 0.039665 -0.010033 -0.015308
v 0.038902 -0.009926 -0.016521
v 0.044655 -0.013397 -0.004467
v -0.033791 0.000206 -0.015123
v -0.027557 -0.005394 0.028984
v -0.024002 -0.004433 0.026672
v -0.027092 -0.005623 0.028185
v -0.046951 -0.009422 0.028643
v -0.025284 -0.003555 0.025187
v -0.025963 -0.004517 0.025738
v -0.024109 -0.003731 0.025518
v -0.036095 -0.000153 0.009283
v -0.024849 -0.001953 0.023602
v -0.024803 -0.002701 0.024818
v -0.025803 -0.001984 0.023001
v -0.027893 -0.000854 0.018572
v -0.026672 -0.000053 0.017073
v -0.028160 0.000771 0.015465
v -0.028481 0.001938 0.009396
v 0.024063 -0.005150 -0.027620
v -0.026855 0.003746 0.009188
v -0.027092 0.002861 0.008104
v -0.027237 0.003334 0.004038
v 0.042023 -0.010887 0.004608
v -0.026077 0.004448 -0.001020
v -0.026031 0.004250 0.000025
v -0.025017 0.004890 -0.003065
v -0.024796 0.004532 -0.005007
v -0.021034 0.005379 -0.006813
v -0.005768 0.004570 -0.014986
v -0.006447 0.003616 -0.017109
v -0.004913 0.003929 -0.016741
v -0.003937 0.004066 -0.016720
v -0.007736 0.003807 -0.016037
v -0.004845 0.004715 -0.015728
v -0.003075 0.004486 -0.016552
v 0.030968 -0.003967 0.009270
v -0.036636 0.001343 -0.004032
v -0.001556 0.003830 -0.017591
v -0.002472 0.004822 -0.016462
v 0.004128 0.003937 -0.016628
v 0.002678 0.003960 -0.016691
v 0.002739 0.003677 -0.017012
v 0.001724 0.003998 -0.016876
v 0.001595 0.003677 -0.017372
v 0.015579 0.002838 -0.011934
v 0.016792 0.002426 -0.011015
v 0.018166 0.002594 -0.009411
v 0.020576 0.001373 -0.008026
v 0.019180 0.002510 -0.008387
v 0.022812 0.000526 -0.005503
v 0.033943 -0.015732 0.026194
v 0.024315 0.000229 -0.001093
v 0.025620 -0.000397 0.004118
v 0.034218 -0.011131 0.020304
v 0.027657 -0.001686 0.007912
v 0.027473 -0.001434 0.007185
v 0.028435 -0.002602 0.011778
v 0.028458 -0.003006 0.012835
v 0.027252 -0.003334 0.015278
v 0.022354 -0.008255 0.024858
v 0.010330 -0.001900 -0.030752
v 0.022163 -0.008087 0.024992
v 0.022881 -0.008141 0.024431
v 0.023338 -0.009972 0.025930
v 0.022934 -0.009315 0.025331
v 0.021309 -0.010986 0.027355
v 0.033852 -0.020126 0.028036
v 0.034439 -0.020844 0.027920
v 0.045433 -0.016563 0.017208
v 0.046883 -0.015450 0.008673
v 0.047516 -0.015152 0.005772
v 0.047112 -0.014748 0.004969
v 0.046783 -0.014015 0.000250
v 0.045769 -0.013794 -0.000807
v 0.042717 -0.011719 -0.010576
v 0.041817 -0.011131 -0.011534
v 0.034111 -0.007233 -0.017559
v 0.036598 -0.008812 -0.018507
v 0.009964 -0.002357 -0.030365
v 0.035690 -0.008240 -0.017689
v 0.034012 -0.007408 -0.020679
v 0.031227 -0.006042 -0.023563
v 0.025017 -0.005058 -0.027418
v -0.015747 -0.000084 -0.025719
v -0.017700 -0.000145 -0.026688
v -0.019287 -0.000053 -0.026264
v -0.031387 -0.000099 -0.018097
v -0.039024 -0.000298 -0.010166
v -0.049545 -0.004021 0.006266
v -0.049248 -0.004616 0.010990
v -0.050064 -0.004562 0.011578
v -0.050545 -0.004509 0.012854
v -0.049942 -0.005356 0.016439
v -0.050110 -0.006104 0.018496
v -0.049225 -0.009026 0.024782
v 0.020363 -0.000816 -0.019119
v -0.048889 -0.008774 0.024347
v -0.047165 -0.009354 0.026461
v -0.036873 -0.006821 0.028627
v -0.046608 -0.001968 0.001835
v -0.046471 -0.002014 0.002201
v -0.037666 -0.007095 0.027899
v -0.041130 -0.000259 0.003162
v -0.043198 -0.001144 0.004030
v -0.032669 -0.004150 0.023849
v -0.041656 -0.000916 0.005020
v -0.043953 -0.002144 0.006887
v -0.049629 -0.004547 0.008865
v -0.048370 -0.004196 0.007847
v 0.034096 -0.010445 0.019140
v 0.041306 -0.011742 0.011856
v -0.044807 -0.002678 0.007486
v 0.039101 -0.010368 0.013319
v -0.046677 -0.003662 0.007952
v -0.048416 -0.004448 0.009296
v -0.038719 -0.000610 0.007439
v -0.036491 0.000534 0.005026
v -0.034698 0.001038 0.004902
v -0.038391 0.000252 0.004032
v -0.039078 -0.000008 0.004417
v -0.037010 0.000710 0.003836
v 0.032600 -0.018593 0.027466
v -0.033150 0.001434 0.004776
v -0.045876 -0.001434 -0.000347
v -0.041061 -0.000687 0.004818
v -0.040581 -0.000763 0.005741
v -0.027824 0.002861 0.005775
v -0.028938 0.002205 0.006672
v -0.045166 -0.003151 0.008818
v -0.031281 0.001106 0.009245
v -0.031624 0.001259 0.008022
v 0.027641 -0.002029 0.003319
v -0.031113 0.002289 0.002756
v 0.037346 -0.007629 0.006239
v -0.044373 -0.003052 0.011324
v -0.045937 -0.003738 0.012690
v -0.046684 -0.004120 0.013895
v -0.033882 0.000710 0.007793
v -0.033730 0.000496 0.009262
v -0.038422 -0.000839 0.009253
v 0.024956 -0.005676 0.020441
v -0.037247 -0.000587 0.009806
v -0.039841 -0.001778 0.012510
v -0.041054 -0.002174 0.012878
v -0.046806 -0.004433 0.015392
v -0.043503 -0.003510 0.015751
v 0.035851 -0.011063 0.018358
v -0.043503 -0.003197 0.014347
v -0.004700 0.000038 -0.029409
v -0.042404 -0.002647 0.013306
v -0.039749 -0.006401 0.024904
v -0.041100 -0.002678 0.015020
v -0.034760 -0.000572 0.012648
v -0.038452 -0.002060 0.015081
v 0.027222 -0.002396 -0.011278
v 0.011826 -0.001221 -0.027679
v -0.039520 -0.002518 0.015760
v 0.028320 -0.007881 0.020287
v -0.040756 -0.002930 0.016090
v 0.036713 -0.010582 0.016739
v -0.041710 -0.003319 0.016512
v -0.039551 -0.003456 0.018257
v -0.031456 -0.001823 0.018404
v -0.034233 -0.002266 0.018246
v -0.027870 0.000153 0.016142
v -0.030502 -0.000381 0.015181
v 0.035645 -0.009254 0.015863
v -0.039406 -0.004356 0.020727
v -0.047966 -0.008156 0.023603
v -0.045517 -0.007515 0.023779
v -0.047165 -0.007126 0.022017
v -0.049255 -0.006866 0.020571
v -0.045815 -0.006783 0.022018
v -0.045555 -0.005333 0.019030
v -0.042053 -0.005028 0.020695
v -0.043900 -0.004211 0.017414
v -0.041695 -0.004265 0.019058
v -0.040718 -0.004677 0.020700
v -0.027443 -0.001358 0.020712
v -0.032898 -0.003357 0.021929
v -0.031792 -0.003731 0.023331
v 0.030426 -0.005356 -0.019089
v -0.037323 -0.000313 0.008034
v -0.038635 -0.001175 0.010845
v -0.028320 0.001274 0.012505
v -0.032135 -0.000565 0.014275
v 0.037064 -0.007858 0.009434
v -0.034180 -0.001488 0.015844
v -0.035187 -0.001945 0.016657
v -0.036942 -0.002853 0.018284
v 0.027710 -0.006302 0.018284
v -0.033966 -0.003044 0.020651
v -0.037704 -0.004799 0.022919
v -0.037888 -0.005302 0.023802
v 0.028992 -0.002899 0.001410
v 0.035545 -0.011864 0.020250
v 0.031197 -0.004082 0.000994
v 0.029175 -0.002937 0.006891
v 0.028542 -0.002563 0.007511
v 0.028122 -0.002159 0.009352
v 0.030418 -0.015518 0.027283
v 0.027946 -0.002098 0.008371
v 0.027565 -0.001953 0.008055
v 0.029053 -0.002808 0.008204
v 0.030418 -0.003548 0.007521
v 0.041145 -0.010284 0.005419
v 0.046501 -0.014191 0.003992
v 0.046547 -0.014130 0.002880
v 0.046776 -0.014893 0.006903
v 0.044739 -0.013336 0.007109
v 0.043060 -0.011978 0.007051
v 0.041107 -0.010185 0.003416
v 0.042923 -0.011559 0.003407
v 0.007957 0.000458 -0.025089
v 0.033417 -0.006065 -0.006062
v 0.037178 -0.007698 0.007847
v 0.038208 -0.008453 0.007841
v 0.039200 -0.009064 0.007021
v 0.032791 -0.004700 0.007294
v 0.033798 -0.005287 0.007418
v -0.018173 0.005020 -0.010921
v 0.032219 -0.004662 0.009619
v 0.033119 -0.005867 0.012234
v 0.041122 -0.010490 0.007021
v 0.039101 -0.009514 0.010260
v 0.038307 -0.009155 0.011433
v 0.037201 -0.008545 0.012072
v 0.045906 -0.014503 0.007917
v 0.002380 0.000809 -0.025084
v 0.036201 -0.006950 0.007767
v 0.044815 -0.014252 0.010258
v 0.045624 -0.015228 0.011209
v 0.045166 -0.015144 0.012415
v -0.035339 -0.004654 0.023802
v -0.033577 -0.004570 0.024332
v -0.027199 -0.002754 0.023546
v -0.035713 -0.005722 0.025494
v -0.043007 -0.008331 0.026690
v -0.045197 -0.009117 0.028042
v -0.038383 -0.007164 0.027222
v -0.040039 -0.007690 0.027987
v -0.033470 -0.006157 0.026848
v -0.032692 -0.006393 0.027811
v -0.032059 -0.005531 0.026121
v -0.037056 -0.006409 0.026152
v -0.044556 -0.008530 0.026197
v -0.043694 -0.006737 0.023449
v -0.046822 -0.005722 0.019032
v -0.047867 -0.005363 0.017401
v -0.049187 -0.005226 0.016205
v -0.049973 -0.005043 0.015110
v -0.049828 -0.004807 0.013933
v -0.048256 -0.004440 0.010876
v -0.043907 -0.002518 0.008495
v -0.041451 -0.001335 0.006992
v -0.042374 -0.002045 0.008995
v 0.030128 -0.013290 0.025694
v 0.039604 -0.011780 0.015076
v 0.037796 -0.010292 0.015051
v 0.038139 -0.009705 0.013483
v 0.036499 -0.009018 0.014479
v 0.033211 -0.006279 0.013336
v 0.032440 -0.005684 0.012848
v 0.033722 -0.007072 0.014338
v 0.034134 -0.007645 0.014885
v 0.033035 -0.007057 0.015072
v 0.036583 -0.009804 0.015697
v 0.025803 -0.013611 0.027428
v 0.029480 -0.008507 0.020313
v 0.035767 -0.008804 0.014997
v 0.030884 -0.004486 0.011877
v -0.045258 -0.001312 -0.001455
v 0.028549 -0.002525 0.010632
v 0.042618 -0.014450 0.015099
v 0.028244 -0.004288 0.015015
v 0.026398 -0.003937 0.016729
v 0.029633 -0.009232 0.021500
v 0.032028 -0.010483 0.021502
v 0.026260 -0.004662 0.017622
v 0.026459 -0.005348 0.018246
v 0.025711 -0.004814 0.018559
v 0.026688 -0.006081 0.019020
v 0.025520 -0.006104 0.020279
v -0.016975 0.003746 -0.014217
v 0.029587 -0.009766 0.022406
v 0.028374 -0.009224 0.022423
v 0.021713 -0.010513 0.027328
v 0.021873 -0.010170 0.027061
v 0.020973 0.000298 -0.012369
v 0.024742 -0.010506 0.026297
v 0.025139 -0.010422 0.025532
v 0.025909 -0.011116 0.026018
v 0.004761 0.001488 -0.022379
v 0.024643 -0.009270 0.024488
v 0.023911 -0.007965 0.023617
v 0.037659 -0.013107 0.020187
v 0.036644 -0.012932 0.021212
v 0.030502 -0.005341 0.014278
v 0.032936 -0.007957 0.016533
v 0.033554 -0.009598 0.018339
v 0.033058 -0.010429 0.020287
v 0.027184 -0.003204 -0.017504
v 0.034378 -0.011810 0.021473
v 0.044495 -0.017479 0.020552
v 0.042305 -0.017075 0.021975
v 0.044350 -0.017365 0.021099
v 0.042221 -0.017258 0.022854
v 0.040764 -0.016792 0.022509
v 0.041107 -0.017204 0.023268
v 0.028297 -0.012207 0.025572
v 0.029747 -0.012650 0.025358
v 0.029648 -0.011818 0.024694
v 0.030724 -0.012337 0.024666
v 0.027161 -0.008659 0.022432
v 0.025795 -0.007889 0.022306
v 0.025589 -0.013245 0.027565
v 0.026855 -0.011696 0.025723
v 0.027168 -0.010719 0.024780
v 0.033142 -0.011665 0.022406
v 0.031876 -0.011894 0.023619
v 0.033119 -0.013283 0.024330
v 0.032974 -0.014603 0.025473
v 0.031448 -0.013863 0.025541
v 0.028999 -0.014725 0.027082
v 0.029785 -0.015350 0.027069
v 0.028915 -0.015823 0.027573
v 0.032654 -0.015121 0.026058
v 0.030983 -0.015076 0.027367
v 0.034477 -0.016068 0.025803
v 0.034103 -0.014885 0.025188
v 0.033989 -0.014160 0.024628
v 0.034943 -0.015129 0.024839
v 0.034012 -0.013123 0.023632
v 0.031883 -0.009758 0.020288
v 0.038223 -0.018166 0.025740
v 0.039558 -0.017273 0.024137
v 0.038704 -0.015167 0.022369
v 0.038979 -0.014236 0.020586
v 0.037689 -0.013977 0.021870
v 0.035881 -0.015945 0.024887
v 0.036011 -0.016747 0.025328
v 0.035309 -0.017181 0.025717
v 0.033363 -0.018349 0.027077
v 0.033722 -0.018738 0.027119
v 0.033356 -0.018951 0.027353
v 0.033562 -0.018692 0.027225
v 0.017693 -0.002831 -0.028578
v 0.020660 -0.003555 -0.027941
v 0.018883 -0.000366 -0.019119
v 0.017174 -0.002602 -0.029200
v 0.002052 -0.000671 -0.030064
v 0.020462 -0.002449 -0.025030
v 0.019035 -0.002518 -0.026230
v 0.016304 -0.002380 -0.028372
v 0.021469 -0.003754 -0.027697
v 0.022285 -0.003929 -0.026953
v 0.013611 0.000267 -0.022409
v 0.016121 -0.000725 -0.023954
v 0.016388 -0.000359 -0.022408
v 0.019249 -0.001183 -0.022400
v 0.020699 -0.001663 -0.022406
v 0.019669 -0.000923 -0.020718
v 0.028976 -0.004570 -0.019108
v 0.026123 -0.003983 -0.022995
v 0.026909 -0.004623 -0.024651
v 0.027817 -0.002892 -0.013760
v 0.028412 -0.004974 -0.024616
v 0.026871 -0.004585 -0.025070
v 0.024780 -0.004486 -0.026499
v 0.033325 -0.006554 -0.016678
v 0.032265 -0.006256 -0.018337
v 0.030869 -0.006058 -0.022429
v 0.024834 -0.002510 -0.019119
v 0.025352 -0.003120 -0.020708
v 0.023491 -0.002708 -0.022482
v 0.024414 -0.003685 -0.024479
v 0.023529 -0.003929 -0.025780
v 0.023674 -0.004082 -0.026052
v 0.022926 -0.003998 -0.026442
v 0.022141 -0.000031 -0.011280
v 0.014984 0.001740 -0.014830
v 0.013924 0.002853 -0.013165
v 0.017990 0.001137 -0.013733
v 0.023003 -0.000687 -0.013737
v 0.021049 0.001427 -0.006607
v 0.023331 -0.000412 -0.010136
v 0.026268 -0.002121 -0.013760
v 0.024933 -0.000809 -0.006090
v 0.026772 -0.002098 -0.010126
v 0.028885 -0.003273 -0.011280
v 0.027695 -0.002724 -0.012434
v 0.028023 -0.003151 -0.015083
v 0.031044 -0.004791 -0.015074
v 0.011078 -0.000542 -0.026569
v 0.030930 -0.004562 -0.013760
v 0.011292 -0.000954 -0.027372
v 0.032486 -0.005493 -0.013760
v 0.030464 -0.004158 -0.011280
v 0.029510 -0.003548 -0.008781
v 0.028900 -0.003197 -0.007427
v 0.027649 -0.002472 -0.004696
v 0.025963 -0.001221 -0.001143
v 0.031242 -0.003937 0.007427
v 0.028870 -0.002739 0.006201
v 0.030914 -0.003738 0.004490
v 0.033081 -0.005188 0.000978
v 0.033554 -0.005684 -0.000252
v 0.034172 -0.006546 -0.003489
v 0.011177 0.001411 -0.019108
v 0.035965 -0.007774 -0.003487
v 0.035042 -0.007156 -0.006071
v 0.036690 -0.008308 -0.006065
v 0.036003 -0.007729 -0.008781
v 0.034431 -0.006676 -0.008781
v 0.036514 -0.008049 -0.010124
v -0.015656 0.003433 -0.015852
v 0.038467 -0.009308 -0.011709
v 0.035385 -0.007484 -0.014605
v 0.033821 -0.006599 -0.015467
v 0.034050 -0.006432 -0.012901
v 0.031685 -0.004921 -0.006069
v 0.031158 -0.004593 -0.004696
v 0.030052 -0.003700 -0.001261
v 0.037727 -0.007805 0.005011
v 0.038673 -0.008430 0.004189
v 0.039635 -0.009117 0.003016
v 0.037788 -0.007790 0.003035
v 0.040161 -0.009590 0.002262
v 0.040863 -0.011131 -0.002258
v 0.039337 -0.010185 -0.003489
v 0.042809 -0.012306 -0.007389
v 0.042488 -0.012047 -0.008467
v -0.018173 0.001411 -0.020655
v 0.044861 -0.013718 -0.002487
v 0.045273 -0.013863 -0.001736
v 0.044365 -0.016739 0.018206
v 0.041862 -0.014259 0.015892
v 0.040192 -0.011711 0.014084
v 0.035072 -0.006157 0.007809
v -0.022926 -0.000031 -0.023746
v 0.035423 -0.006256 0.003397
v 0.036438 -0.007050 0.002249
v 0.036804 -0.007553 0.000994
v 0.037254 -0.008125 -0.000254
v 0.037262 -0.008354 -0.001255
v -0.000938 -0.000710 -0.029602
v 0.037422 -0.008652 -0.002258
v 0.037598 -0.008919 -0.003489
v 0.039146 -0.009918 -0.008762
v -0.002495 0.000366 -0.026613
v 0.039970 -0.010300 -0.010067
v 0.040863 -0.010574 -0.013330
v -0.013176 0.000160 -0.025051
v -0.031044 0.003319 -0.002274
v -0.009781 0.000206 -0.026024
v -0.005875 0.000107 -0.027931
v -0.011642 0.000198 -0.028801
v -0.013596 0.000015 -0.028730
v -0.027565 0.000145 -0.021992
v -0.023506 0.001106 -0.018919
v -0.023003 0.001717 -0.017431
v -0.024178 0.000359 -0.021200
v -0.021835 0.000107 -0.022779
v -0.015121 0.001778 -0.020704
v -0.016586 0.001602 -0.020704
v 0.013054 -0.002029 -0.028971
v 0.013885 -0.001823 -0.028662
v 0.014160 -0.001793 -0.028568
v 0.011063 -0.001556 -0.030735
v 0.015175 -0.001953 -0.028011
v 0.013901 -0.001595 -0.027763
v 0.011230 -0.002075 -0.029514
v 0.011940 -0.001602 -0.028442
v 0.012650 -0.001701 -0.028431
v 0.003105 -0.000542 -0.028769
v -0.000038 -0.000626 -0.029860
v 0.003433 -0.000252 -0.027885
v 0.004364 -0.000092 -0.027271
v 0.005394 0.000061 -0.026705
v 0.008942 -0.000626 -0.027559
v 0.010590 0.000420 -0.024063
v -0.005905 0.002312 -0.020721
v -0.010735 0.002518 -0.019806
v -0.014122 0.002594 -0.019014
v -0.011116 0.003136 -0.018154
v -0.009293 0.002960 -0.018902
v -0.007225 0.003616 -0.017330
v -0.001007 0.003326 -0.018368
v 0.000397 0.003281 -0.018307
v 0.008362 -0.000122 -0.026527
v 0.013771 0.000587 -0.020721
v 0.004906 0.000999 -0.024097
v 0.003387 0.001579 -0.022396
v 0.010742 0.001144 -0.020720
v 0.014313 0.000801 -0.019119
v 0.000778 -0.000359 -0.028379
v 0.001068 -0.000031 -0.027718
v 0.001915 0.000069 -0.027414
v 0.009178 0.001007 -0.022409
v 0.017967 0.000237 -0.017517
v 0.021919 -0.001335 -0.019117
v 0.009544 -0.001160 -0.028091
v 0.004036 -0.000938 -0.029570
v 0.005791 -0.000992 -0.030279
v 0.009384 -0.002365 -0.029909
v 0.009125 -0.000648 -0.027882
v 0.011314 -0.001259 -0.027918
v 0.012962 -0.001167 -0.027147
v 0.013412 -0.000473 -0.025227
v 0.022568 -0.001938 -0.020721
v 0.023338 -0.001869 -0.019115
v 0.024208 -0.001869 -0.017517
v 0.007423 0.004028 -0.015299
v 0.008377 0.002663 -0.016790
v -0.008453 0.003853 -0.016581
v -0.011734 0.003685 -0.016594
v -0.001823 0.000839 -0.025110
v -0.018135 0.002663 -0.017492
v -0.028397 0.001183 -0.015085
v -0.026718 0.001106 -0.016691
v -0.025345 0.000145 -0.022491
v -0.025085 0.000137 -0.023443
v -0.029312 0.001869 -0.011276
v -0.030266 0.001183 -0.013344
v -0.024910 0.001991 -0.015085
v -0.020683 0.002670 -0.015858
v -0.019691 0.002403 -0.017485
v -0.020386 0.001755 -0.018976
v -0.019623 0.001175 -0.020636
v -0.018143 0.000160 -0.023827
v -0.014091 0.000710 -0.023211
v -0.004662 0.000702 -0.025061
v -0.003220 0.000786 -0.025042
v -0.015808 0.004578 -0.012896
v -0.024971 0.002411 -0.013338
v -0.026070 0.002380 -0.012434
v -0.027443 0.002327 -0.011280
v -0.028725 0.002602 -0.008776
v -0.030594 0.002083 -0.008783
v -0.016701 0.005569 -0.011206
v -0.014061 0.004799 -0.013201
v -0.013405 0.004539 -0.013920
v -0.034073 0.001724 -0.006071
v -0.037926 0.000420 -0.006063
v -0.036125 0.000725 -0.007418
v -0.046623 -0.001785 0.000975
v -0.046509 -0.001694 0.000549
v -0.044487 -0.001022 0.000809
v -0.045433 -0.001404 -0.002310
v -0.043159 -0.000923 -0.003494
v -0.041199 -0.000198 -0.003395
v -0.044479 -0.001251 -0.003540
v -0.043556 -0.001091 -0.004734
v -0.035591 0.000046 -0.013224
v -0.033241 0.000603 -0.012405
v -0.032570 0.001259 -0.010124
v -0.032516 0.001564 -0.008781
v -0.032166 0.002312 -0.006035
v -0.018524 0.004311 -0.012003
v -0.019691 0.003487 -0.013330
v -0.019440 0.004570 -0.010736
v -0.022018 0.003586 -0.011271
v -0.024986 0.003548 -0.008734
v -0.027023 0.003815 -0.005386
v -0.029045 0.003304 -0.005384
v -0.039230 0.000916 -0.001558
v -0.039261 0.000938 -0.000450
v -0.028587 0.003815 -0.002218
v -0.027519 0.004051 -0.002283
v -0.028778 0.003700 -0.001221
v -0.036018 0.001991 -0.001652
v -0.036987 0.001678 -0.001055
v -0.029152 0.003334 0.000063
v -0.032402 0.002922 -0.001265
v -0.039970 0.000206 0.002514
v -0.039459 0.000694 0.000889
v -0.047035 -0.002419 0.003208
v -0.044121 -0.001068 0.002174
v -0.041824 -0.000191 0.001949
v -0.037933 0.001343 -0.000347
v -0.026215 0.004478 -0.002174
v -0.006683 0.005028 -0.014902
v -0.008423 0.004051 -0.015814
v -0.009125 0.004631 -0.015318
v -0.009705 0.004578 -0.015406
v -0.012741 0.004257 -0.014904
v -0.016281 0.003593 -0.015015
v -0.018051 0.003319 -0.015057
v -0.023834 0.003166 -0.011276
v -0.025192 0.003166 -0.010111
v -0.026833 0.003090 -0.008780
v -0.028549 0.002975 -0.007416
v -0.033424 0.002617 -0.003035
v -0.034645 0.002029 -0.003956
v 0.011513 0.001732 -0.017483
v 0.013222 0.001953 -0.015574
v 0.014862 0.001305 -0.016296
v -0.030251 0.003075 0.000250
v -0.031525 0.003174 -0.002851
v -0.033104 0.002792 -0.002300
v -0.036514 0.001793 -0.002142
v -0.037994 0.001236 -0.002319
v -0.039749 0.000076 -0.004641
v -0.041687 -0.000732 -0.006207
v -0.006065 0.000320 -0.029795
v -0.004288 -0.000061 -0.028696
v -0.003319 0.000107 -0.027372
v 0.000175 0.002296 -0.020668
v 0.003197 0.003288 -0.017902
v 0.006294 0.002327 -0.019024
v 0.009560 0.001694 -0.019072
v 0.018105 0.000473 -0.016283
v 0.019783 -0.000023 -0.016296
v 0.022957 -0.001106 -0.016296
v 0.024475 -0.001717 -0.016296
v 0.026077 -0.002403 -0.016293
v 0.027534 -0.003113 -0.016294
v 0.029099 -0.003922 -0.016291
v 0.030540 -0.004730 -0.016294
v 0.024124 -0.003761 0.027201
v -0.027977 0.002632 0.013281
v 0.037590 0.004547 -0.022221
v 0.035805 0.004288 -0.024099
v 0.026512 -0.005020 0.028387
v 0.034241 -0.017059 0.027182
v 0.033386 -0.018013 0.026926
v 0.034729 -0.018501 0.027319
v 0.035271 -0.018883 0.027584
v 0.033974 -0.017868 0.027205
v 0.030762 -0.014969 0.026419
v 0.032425 -0.015221 0.027405
v 0.028923 -0.014061 0.026529
v 0.028595 -0.015633 0.027466
v 0.023834 -0.010460 0.027077
v 0.026443 -0.013176 0.027081
v -0.004677 0.005432 -0.015596
v -0.024109 -0.002991 0.026472
v -0.023987 -0.004166 0.027683
v 0.011528 -0.002136 -0.030384
v -0.000877 -0.000237 -0.030441
v -0.002235 -0.000023 -0.030487
v 0.004311 -0.000488 -0.030748
v 0.007088 -0.001213 -0.030380
v 0.010742 -0.001976 -0.029551
v 0.010368 -0.002548 -0.030241
v 0.009460 -0.001183 -0.028433
v 0.011253 -0.002251 -0.029413
v 0.011810 -0.002441 -0.029602
v 0.026680 -0.004021 -0.027231
v 0.023491 -0.004433 -0.027712
v -0.046242 -0.002075 0.002918
v 0.031990 -0.004181 0.006105


f 1 1490 1543
f 2 1528 1490
f 3 1543 1528
f 1490 1528 1543
f 4 1600 1623
f 5 1431 1600
f 6 1623 1431
f 1600 1431 1623
f 6 1431 1519
f 5 1550 1431
f 7 1519 1550
f 1431 1550 1519
f 8 1555 1627
f 9 1413 1555
f 10 1627 1413
f 1555 1413 1627
f 11 1700 1713
f 12 1568 1700
f 13 1713 1568
f 1700 1568 1713
f 14 1496 1747
f 15 1694 1496
f 16 1747 1694
f 1496 1694 1747
f 16 1694 1790
f 15 1766 1694
f 17 1790 1766
f 1694 1766 1790
f 18 1818 1735
f 19 1680 1818
f 20 1735 1680
f 1818 1680 1735
f 21 1473 1832
f 22 1803 1473
f 23 1832 1803
f 1473 1803 1832
f 23 1803 1634
f 22 1721 1803
f 24 1634 1721
f 1803 1721 1634
f 25 1463 1824
f 26 1800 1463
f 27 1824 1800
f 1463 1800 1824
f 28 1837 1615
f 29 1453 1837
f 30 1615 1453
f 1837 1453 1615
f 31 1676 1755
f 32 1777 1676
f 33 1755 1777
f 1676 1777 1755
f 34 1520 1728
f 35 1656 1520
f 36 1728 1656
f 1520 1656 1728
f 37 1421 1545
f 38 1508 1421
f 39 1545 1508
f 1421 1508 1545
f 40 1562 1629
f 41 1419 1562
f 42 1629 1419
f 1562 1419 1629
f 40 1629 1844
f 42 1497 1629
f 43 1844 1497
f 1629 1497 1844
f 44 1580 1606
f 45 1401 1580
f 46 1606 1401
f 1580 1401 1606
f 46 1401 1862
f 45 1856 1401
f 42 1862 1856
f 1401 1856 1862
f 47 1544 1866
f 45 1580 1544
f 44 1866 1580
f 1544 1580 1866
f 48 1650 1768
f 47 1753 1650
f 49 1768 1753
f 1650 1753 1768
f 48 1874 1650
f 45 1544 1874
f 47 1650 1544
f 1874 1544 1650
f 39 1508 1880
f 38 1879 1508
f 49 1880 1879
f 1508 1879 1880
f 38 1882 1879
f 48 1768 1882
f 49 1879 1768
f 1882 1768 1879
f 50 1849 1566
f 37 1545 1849
f 39 1566 1545
f 1849 1545 1566
f 51 1635 1814
f 52 1722 1635
f 50 1814 1722
f 1635 1722 1814
f 50 1722 1893
f 52 1885 1722
f 53 1893 1885
f 1722 1885 1893
f 50 1893 1849
f 53 1896 1893
f 37 1849 1896
f 1893 1896 1849
f 54 1805 1908
f 55 1699 1805
f 56 1908 1699
f 1805 1699 1908
f 57 1910 1915
f 55 1914 1910
f 51 1915 1914
f 1910 1914 1915
f 51 1914 1635
f 55 1917 1914
f 52 1635 1917
f 1914 1917 1635
f 54 1922 1805
f 58 1924 1922
f 55 1805 1924
f 1922 1924 1805
f 58 1922 1792
f 54 1925 1922
f 59 1792 1925
f 1922 1925 1792
f 58 1792 1929
f 59 1675 1792
f 60 1929 1675
f 1792 1675 1929
f 61 1437 1939
f 62 1937 1437
f 59 1939 1937
f 1437 1937 1939
f 59 1937 1675
f 62 1609 1937
f 60 1675 1609
f 1937 1609 1675
f 63 1679 1949
f 64 1734 1679
f 62 1949 1734
f 1679 1734 1949
f 63 1949 1962
f 62 1954 1949
f 65 1962 1954
f 1949 1954 1962
f 66 1966 1967
f 64 1679 1966
f 63 1967 1679
f 1966 1679 1967
f 67 1652 1972
f 68 1593 1652
f 69 1972 1593
f 1652 1593 1972
f 70 1495 1987
f 71 1977 1495
f 67 1987 1977
f 1495 1977 1987
f 67 1977 1652
f 71 1993 1977
f 68 1652 1993
f 1977 1993 1652
f 71 1495 1693
f 70 1746 1495
f 72 1693 1746
f 1495 1746 1693
f 72 1746 2003
f 70 1997 1746
f 73 2003 1997
f 1746 1997 2003
f 74 2005 2021
f 75 2017 2005
f 73 2021 2017
f 2005 2017 2021
f 73 2017 2003
f 75 2025 2017
f 72 2003 2025
f 2017 2025 2003
f 76 1576 1708
f 77 1715 1576
f 75 1708 1715
f 1576 1715 1708
f 78 2031 1720
f 79 1633 2031
f 80 1720 1633
f 2031 1633 1720
f 80 1787 1720
f 81 2036 1787
f 78 1720 2036
f 1787 2036 1720
f 82 1820 1739
f 83 1686 1820
f 84 1739 1686
f 1820 1686 1739
f 84 1836 2049
f 85 1476 1836
f 86 2049 1476
f 1836 1476 2049
f 87 2057 1674
f 85 2065 2057
f 88 1674 2065
f 2057 2065 1674
f 89 1482 1965
f 90 2069 1482
f 87 1965 2069
f 1482 2069 1965
f 91 2075 2083
f 16 2077 2075
f 92 2083 2077
f 2075 2077 2083
f 16 2075 2092
f 91 2089 2075
f 93 2092 2089
f 2075 2089 2092
f 94 2100 1726
f 95 1662 2100
f 96 1726 1662
f 2100 1662 1726
f 96 1662 2107
f 95 2101 1662
f 97 2107 2101
f 1662 2101 2107
f 96 2107 2115
f 97 2112 2107
f 16 2115 2112
f 2107 2112 2115
f 16 2112 2077
f 97 2118 2112
f 92 2077 2118
f 2112 2118 2077
f 98 1494 2120
f 99 2119 1494
f 13 2120 2119
f 1494 2119 2120
f 100 1587 1619
f 101 1425 1587
f 102 1619 1425
f 1587 1425 1619
f 103 2081 2125
f 104 2000 2081
f 105 2125 2000
f 2081 2000 2125
f 104 2081 2133
f 103 2126 2081
f 106 2133 2126
f 2081 2126 2133
f 106 2126 2030
f 103 2143 2126
f 107 2030 2143
f 2126 2143 2030
f 108 1719 1632
f 106 2030 1719
f 107 1632 2030
f 1719 2030 1632
f 109 1404 1541
f 110 1537 1404
f 111 1541 1537
f 1404 1537 1541
f 109 1878 2152
f 112 2146 1878
f 113 2152 2146
f 1878 2146 2152
f 114 1459 2124
f 113 2146 1459
f 112 2124 2146
f 1459 2146 2124
f 114 1815 1928
f 115 1673 1815
f 116 1928 1673
f 1815 1673 1928
f 116 1673 1889
f 115 2160 1673
f 117 1889 2160
f 1673 2160 1889
f 116 1889 2043
f 117 1469 1889
f 118 2043 1469
f 1889 1469 2043
f 119 1948 1707
f 118 1902 1948
f 120 1707 1902
f 1948 1902 1707
f 119 2161 2172
f 36 1656 2161
f 35 2172 1656
f 2161 1656 2172
f 121 1489 1827
f 122 1799 1489
f 123 1827 1799
f 1489 1799 1827
f 32 1676 1586
f 31 1970 1676
f 121 1586 1970
f 1676 1970 1586
f 121 1970 1489
f 31 2177 1970
f 122 1489 2177
f 1970 2177 1489
f 124 2180 1614
f 125 1445 2180
f 126 1614 1445
f 2180 1445 1614
f 127 1685 1956
f 128 2188 1685
f 129 1956 2188
f 1685 2188 1956
f 130 1525 1969
f 131 2194 1525
f 127 1969 2194
f 1525 2194 1969
f 127 2194 1685
f 131 2197 2194
f 128 1685 2197
f 2194 2197 1685
f 132 2210 1622
f 133 1428 2210
f 134 1622 1428
f 2210 1428 1622
f 134 1428 2029
f 133 2211 1428
f 135 2029 2211
f 1428 2211 2029
f 136 1553 2219
f 137 2213 1553
f 133 2219 2213
f 1553 2213 2219
f 136 2219 2223
f 133 2210 2219
f 132 2223 2210
f 2219 2210 2223
f 136 2230 1553
f 138 1462 2230
f 137 1553 1462
f 2230 1462 1553
f 139 1704 1503
f 140 1905 1704
f 138 1503 1905
f 1704 1905 1503
f 141 1452 2234
f 142 1501 1452
f 143 2234 1501
f 1452 1501 2234
f 143 1501 1672
f 142 1927 1501
f 144 1672 1927
f 1501 1927 1672
f 144 1927 1789
f 142 2041 1927
f 145 1789 2041
f 1927 2041 1789
f 146 1817 2238
f 147 1646 1817
f 148 2238 1646
f 1817 1646 2238
f 149 1471 2249
f 150 2099 1471
f 151 2249 2099
f 1471 2099 2249
f 149 2249 2256
f 151 1639 2249
f 152 2256 1639
f 2249 1639 2256
f 153 2258 1418
f 30 2260 2258
f 154 1418 2260
f 2258 2260 1418
f 30 2261 2265
f 155 2087 2261
f 156 2265 2087
f 2261 2087 2265
f 154 2260 2267
f 30 1453 2260
f 29 2267 1453
f 2260 1453 2267
f 154 2267 1992
f 29 2269 2267
f 157 1992 2269
f 2267 2269 1992
f 158 1944 1741
f 159 1690 1944
f 160 1741 1690
f 1944 1690 1741
f 158 1741 1403
f 160 2274 1741
f 157 1403 2274
f 1741 2274 1403
f 157 2274 2283
f 160 1767 2274
f 161 2283 1767
f 2274 1767 2283
f 162 2028 1730
f 163 1658 2028
f 164 1730 1658
f 2028 1658 1730
f 165 1420 2011
f 166 2007 1420
f 167 2011 2007
f 1420 2007 2011
f 168 1558 2226
f 169 1458 1558
f 170 2226 1458
f 1558 1458 2226
f 171 1839 1671
f 168 2284 1839
f 172 1671 2284
f 1839 2284 1671
f 173 1436 1542
f 174 1524 1436
f 175 1542 1524
f 1436 1524 1542
f 175 1524 2290
f 174 2289 1524
f 168 2290 2289
f 1524 2289 2290
f 168 2289 2284
f 174 1608 2289
f 172 2284 1608
f 2289 1608 2284
f 176 1776 2292
f 177 2024 1776
f 178 2292 2024
f 1776 2024 2292
f 179 1638 1812
f 180 1718 1638
f 178 1812 1718
f 1638 1718 1812
f 181 1464 2247
f 182 2096 1464
f 183 2247 2096
f 1464 2096 2247
f 180 2044 1718
f 182 2169 2044
f 178 1718 2169
f 2044 2169 1718
f 182 1904 2096
f 184 1703 1904
f 183 2096 1703
f 1904 1703 2096
f 185 1412 2310
f 186 2298 1412
f 187 2310 2298
f 1412 2298 2310
f 177 1776 2317
f 176 2313 1776
f 185 2317 2313
f 1776 2313 2317
f 188 2181 1605
f 189 1408 2181
f 190 1605 1408
f 2181 1408 1605
f 189 2181 2055
f 188 1851 2181
f 191 2055 1851
f 2181 1851 2055
f 189 2055 1870
f 191 1645 2055
f 192 1870 1645
f 2055 1645 1870
f 193 1461 2190
f 194 2320 1461
f 192 2190 2320
f 1461 2320 2190
f 193 2190 1964
f 192 1645 2190
f 191 1964 1645
f 2190 1645 1964
f 194 1461 1531
f 193 1540 1461
f 195 1531 1540
f 1461 1540 1531
f 194 1531 1738
f 195 1684 1531
f 196 1738 1684
f 1531 1684 1738
f 197 2204 1426
f 196 1625 2204
f 198 1426 1625
f 2204 1625 1426
f 198 1625 1986
f 196 1684 1625
f 195 1986 1684
f 1625 1684 1986
f 199 1670 2233
f 200 2064 1670
f 197 2233 2064
f 1670 2064 2233
f 199 2233 1500
f 197 1426 2233
f 198 1500 1426
f 2233 1426 1500
f 201 2331 2337
f 200 1670 2331
f 199 2337 1670
f 2331 1670 2337
f 202 1504 2136
f 203 2341 1504
f 200 2136 2341
f 1504 2341 2136
f 202 2136 2018
f 200 2331 2136
f 201 2018 2331
f 2136 2331 2018
f 203 1504 1706
f 202 1900 1504
f 204 1706 1900
f 1504 1900 1706
f 204 1900 1574
f 202 1860 1900
f 205 1574 1860
f 1900 1860 1574
f 206 1516 1717
f 207 1637 1516
f 208 1717 1637
f 1516 1637 1717
f 208 1637 2255
f 207 1547 1637
f 205 2255 1547
f 1637 1547 2255
f 205 1547 1574
f 207 2342 1547
f 204 1574 2342
f 1547 2342 1574
f 206 1717 2035
f 208 1786 1717
f 209 2035 1786
f 1717 1786 2035
f 206 2035 2345
f 209 1417 2035
f 210 2345 1417
f 2035 1417 2345
f 211 1642 1821
f 212 2243 1642
f 210 1821 2243
f 1642 2243 1821
f 211 1821 2347
f 210 1417 1821
f 209 2347 1417
f 1821 1417 2347
f 213 1477 2059
f 214 1943 1477
f 215 2059 1943
f 1477 1943 2059
f 213 2059 2357
f 215 2352 2059
f 211 2357 2352
f 2059 2352 2357
f 211 2352 1642
f 215 1847 2352
f 212 1642 1847
f 2352 1847 1642
f 214 1477 1740
f 213 2273 1477
f 216 1740 2273
f 1477 2273 1740
f 216 2273 2363
f 213 2359 2273
f 217 2363 2359
f 2273 2359 2363
f 216 2363 2367
f 217 1485 2363
f 218 2367 1485
f 2363 1485 2367
f 218 1485 2302
f 217 2308 1485
f 219 2302 2308
f 1485 2308 2302
f 220 2086 2378
f 219 2372 2086
f 221 2378 2372
f 2086 2372 2378
f 219 2086 2302
f 220 2381 2086
f 218 2302 2381
f 2086 2381 2302
f 222 1808 1400
f 223 1830 1808
f 221 1400 1830
f 1808 1830 1400
f 221 1830 2378
f 223 1920 1830
f 220 2378 1920
f 1830 1920 2378
f 224 1725 2109
f 222 2382 1725
f 225 2109 2382
f 1725 2382 2109
f 225 2382 2385
f 222 1400 2382
f 221 2385 1400
f 2382 1400 2385
f 226 1499 1926
f 227 1669 1499
f 228 1926 1669
f 1499 1669 1926
f 228 1669 2202
f 227 2387 1669
f 229 2202 2387
f 1669 2387 2202
f 228 2202 1618
f 229 1424 2202
f 230 1618 1424
f 2202 1424 1618
f 227 1499 2232
f 226 1457 1499
f 225 2232 1457
f 1499 1457 2232
f 225 1457 2109
f 226 2392 1457
f 224 2109 2392
f 1457 2392 2109
f 230 1424 2004
f 229 2016 1424
f 231 2004 2016
f 1424 2016 2004
f 232 2328 2080
f 233 2334 2328
f 231 2080 2334
f 2328 2334 2080
f 231 2334 2004
f 233 2396 2334
f 230 2004 2396
f 2334 2396 2004
f 234 1515 2132
f 235 2399 1515
f 232 2132 2399
f 1515 2399 2132
f 235 1636 2399
f 236 2151 1636
f 232 2399 2151
f 1636 2151 2399
f 232 2151 2328
f 236 2254 2151
f 233 2328 2254
f 2151 2254 2328
f 234 1858 1515
f 237 1711 1858
f 235 1515 1711
f 1858 1711 1515
f 234 2404 1858
f 238 1444 2404
f 237 1858 1444
f 2404 1444 1858
f 237 1444 1539
f 238 1530 1444
f 239 1539 1530
f 1444 1530 1539
f 240 2144 2335
f 241 1411 2144
f 242 2335 1411
f 2144 1411 2335
f 242 2325 2335
f 239 1683 2325
f 240 2335 1683
f 2325 1683 2335
f 240 1683 1737
f 239 1530 1683
f 238 1737 1530
f 1683 1530 1737
f 131 1525 2405
f 130 2217 1525
f 243 2405 2217
f 1525 2217 2405
f 243 2217 1689
f 130 1825 2217
f 244 1689 1825
f 2217 1825 1689
f 243 1689 2413
f 244 2410 1689
f 245 2413 2410
f 1689 2410 2413
f 245 2410 1467
f 244 2042 2410
f 246 1467 2042
f 2410 2042 1467
f 245 1467 2054
f 246 1945 1467
f 247 2054 1945
f 1467 1945 2054
f 247 1945 1705
f 246 1899 1945
f 248 1705 1899
f 1945 1899 1705
f 247 1705 2391
f 248 2422 1705
f 249 2391 2422
f 1705 2422 2391
f 250 2300 1724
f 251 1661 2300
f 252 1724 1661
f 2300 1661 1724
f 250 1724 1864
f 252 2178 1724
f 253 1864 2178
f 1724 2178 1864
f 2 2423 1784
f 254 1802 2423
f 255 1784 1802
f 2423 1802 1784
f 2 1784 2296
f 255 1641 1784
f 256 2296 1641
f 1784 1641 2296
f 255 2425 2432
f 257 2431 2425
f 102 2432 2431
f 2425 2431 2432
f 255 2432 2436
f 102 2129 2432
f 258 2436 2129
f 2432 2129 2436
f 251 1505 1761
f 259 2445 1505
f 260 1761 2445
f 1505 2445 1761
f 252 1772 2455
f 260 2449 1772
f 261 2455 2449
f 1772 2449 2455
f 252 2455 2461
f 261 2458 2455
f 262 2461 2458
f 2455 2458 2461
f 261 2462 2433
f 263 2466 2462
f 264 2433 2466
f 2462 2466 2433
f 261 2433 1978
f 264 2468 2433
f 265 1978 2468
f 2433 2468 1978
f 124 1614 2469
f 126 1923 1614
f 266 2469 1923
f 1614 1923 2469
f 124 2469 1881
f 266 2473 2469
f 267 1881 2473
f 2469 2473 1881
f 267 2473 2483
f 266 2477 2473
f 268 2483 2477
f 2473 2477 2483
f 267 2483 2487
f 268 1655 2483
f 263 2487 1655
f 2483 1655 2487
f 263 1655 2496
f 268 2185 1655
f 269 2496 2185
f 1655 2185 2496
f 263 2496 2466
f 269 2500 2496
f 264 2466 2500
f 2496 2500 2466
f 254 2501 2504
f 270 2316 2501
f 271 2504 2316
f 2501 2316 2504
f 271 2316 2512
f 270 2511 2316
f 272 2512 2511
f 2316 2511 2512
f 271 2512 2520
f 272 2416 2512
f 273 2520 2416
f 2512 2416 2520
f 273 2416 2529
f 272 2521 2416
f 274 2529 2521
f 2416 2521 2529
f 273 2529 2537
f 274 2534 2529
f 275 2537 2534
f 2529 2534 2537
f 275 2534 2397
f 274 1757 2534
f 276 2397 1757
f 2534 1757 2397
f 275 2397 2554
f 276 2546 2397
f 277 2554 2546
f 2397 2546 2554
f 277 2546 2558
f 276 2555 2546
f 278 2558 2555
f 2546 2555 2558
f 277 2558 2564
f 278 1591 2558
f 279 2564 1591
f 2558 1591 2564
f 279 1591 2568
f 278 1842 1591
f 265 2568 1842
f 1591 1842 2568
f 279 2568 1846
f 265 1551 2568
f 280 1846 1551
f 2568 1551 1846
f 280 1551 2569
f 265 2468 1551
f 264 2569 2468
f 1551 2468 2569
f 280 2569 1942
f 264 2500 2569
f 269 1942 2500
f 2569 2500 1942
f 126 2570 1999
f 281 2572 2570
f 33 1999 2572
f 2570 2572 1999
f 126 1999 1923
f 33 1823 1999
f 266 1923 1823
f 1999 1823 1923
f 266 1823 2577
f 33 1731 1823
f 282 2577 1731
f 1823 1731 2577
f 266 2577 2477
f 282 2580 2577
f 268 2477 2580
f 2577 2580 2477
f 268 2580 2584
f 282 1931 2580
f 283 2584 1931
f 2580 1931 2584
f 268 2584 2185
f 283 2585 2584
f 269 2185 2585
f 2584 2585 2185
f 269 2585 2145
f 283 1838 2585
f 284 2145 1838
f 2585 1838 2145
f 269 2145 1942
f 284 2587 2145
f 280 1942 2587
f 2145 2587 1942
f 282 2590 1931
f 285 2594 2590
f 283 1931 2594
f 2590 2594 1931
f 283 2594 2595
f 285 2082 2594
f 286 2595 2082
f 2594 2082 2595
f 283 2595 1838
f 286 2509 2595
f 284 1838 2509
f 2595 2509 1838
f 284 2509 2607
f 286 2599 2509
f 287 2607 2599
f 2509 2599 2607
f 284 2607 2617
f 287 2616 2607
f 288 2617 2616
f 2607 2616 2617
f 123 1994 2619
f 289 2457 1994
f 290 2619 2457
f 1994 2457 2619
f 123 2619 1809
f 290 2622 2619
f 291 1809 2622
f 2619 2622 1809
f 123 1809 1827
f 291 2626 1809
f 121 1827 2626
f 1809 2626 1827
f 121 2626 1586
f 291 2637 2626
f 32 1586 2637
f 2626 2637 1586
f 32 2637 2640
f 291 2437 2637
f 292 2640 2437
f 2637 2437 2640
f 32 2640 1777
f 292 2643 2640
f 33 1777 2643
f 2640 2643 1777
f 33 2643 2278
f 292 2150 2643
f 293 2278 2150
f 2643 2150 2278
f 33 2278 1731
f 293 1678 2278
f 282 1731 1678
f 2278 1678 1731
f 294 2499 2652
f 291 2622 2499
f 290 2652 2622
f 2499 2622 2652
f 295 2653 2465
f 291 2654 2653
f 296 2465 2654
f 2653 2654 2465
f 296 2654 2658
f 291 2499 2654
f 294 2658 2499
f 2654 2499 2658
f 282 1678 2590
f 293 2660 1678
f 285 2590 2660
f 1678 2660 2590
f 288 2616 1573
f 287 2582 2616
f 297 1573 2582
f 2616 2582 1573
f 288 1573 2662
f 297 1456 1573
f 298 2662 1456
f 1573 1456 2662
f 298 1456 2471
f 297 2051 1456
f 299 2471 2051
f 1456 2051 2471
f 298 2471 2474
f 299 2478 2471
f 300 2474 2478
f 2471 2478 2474
f 300 2478 2533
f 299 2667 2478
f 108 2533 2667
f 2478 2667 2533
f 300 2533 1769
f 108 2648 2533
f 301 1769 2648
f 2533 2648 1769
f 301 2648 1698
f 108 1632 2648
f 107 1698 1632
f 2648 1632 1698
f 301 1698 1438
f 107 2586 1698
f 302 1438 2586
f 1698 2586 1438
f 302 2586 2668
f 107 2143 2586
f 103 2668 2143
f 2586 2143 2668
f 302 2668 2669
f 103 2094 2668
f 303 2669 2094
f 2668 2094 2669
f 303 2094 2672
f 103 2125 2094
f 105 2672 2125
f 2094 2125 2672
f 303 2672 1959
f 105 1985 2672
f 257 1959 1985
f 2672 1985 1959
f 257 1985 2574
f 105 2674 1985
f 100 2574 2674
f 1985 2674 2574
f 257 2574 2431
f 100 1619 2574
f 102 2431 1619
f 2574 1619 2431
f 111 2179 1865
f 106 1719 2179
f 108 1865 1719
f 2179 1719 1865
f 111 1865 1541
f 108 1584 1865
f 109 1541 1584
f 1865 1584 1541
f 109 1584 2675
f 108 2667 1584
f 299 2675 2667
f 1584 2667 2675
f 109 2675 1878
f 299 2676 2675
f 112 1878 2676
f 2675 2676 1878
f 112 2676 2677
f 299 2051 2676
f 297 2677 2051
f 2676 2051 2677
f 304 2231 2330
f 294 2682 2231
f 289 2330 2682
f 2231 2682 2330
f 289 2682 2457
f 294 2652 2682
f 290 2457 2652
f 2682 2652 2457
f 291 2653 2437
f 295 2685 2653
f 292 2437 2685
f 2653 2685 2437
f 292 2685 2686
f 295 2008 2685
f 305 2686 2008
f 2685 2008 2686
f 292 2686 2150
f 305 2687 2686
f 293 2150 2687
f 2686 2687 2150
f 293 2687 2692
f 305 2559 2687
f 306 2692 2559
f 2687 2559 2692
f 293 2692 2660
f 306 2695 2692
f 285 2660 2695
f 2692 2695 2660
f 285 2695 2702
f 306 2698 2695
f 307 2702 2698
f 2695 2698 2702
f 285 2702 2082
f 307 2060 2702
f 286 2082 2060
f 2702 2060 2082
f 286 2060 2306
f 307 2703 2060
f 308 2306 2703
f 2060 2703 2306
f 286 2306 2599
f 308 1688 2306
f 287 2599 1688
f 2306 1688 2599
f 287 1688 2709
f 308 2705 1688
f 309 2709 2705
f 1688 2705 2709
f 287 2709 2582
f 309 2713 2709
f 297 2582 2713
f 2709 2713 2582
f 297 2713 2677
f 309 2689 2713
f 112 2677 2689
f 2713 2689 2677
f 310 1597 2717
f 311 1852 1597
f 312 2717 1852
f 1597 1852 2717
f 312 1852 2720
f 311 2718 1852
f 313 2720 2718
f 1852 2718 2720
f 311 1810 2718
f 314 1667 1810
f 313 2718 1667
f 1810 1667 2718
f 313 1667 2237
f 314 2600 1667
f 315 2237 2600
f 1667 2600 2237
f 313 2237 1526
f 315 2724 2237
f 316 1526 2724
f 2237 2724 1526
f 316 2724 2733
f 315 2729 2724
f 317 2733 2729
f 2724 2729 2733
f 119 1854 1948
f 116 2043 1854
f 118 1948 2043
f 1854 2043 1948
f 318 2739 2742
f 319 2073 2739
f 320 2742 2073
f 2739 2073 2742
f 321 2743 2760
f 322 2755 2743
f 323 2760 2755
f 2743 2755 2760
f 323 2755 2444
f 322 2762 2755
f 324 2444 2762
f 2755 2762 2444
f 323 2444 2766
f 324 2453 2444
f 325 2766 2453
f 2444 2453 2766
f 325 2453 2772
f 324 2768 2453
f 326 2772 2768
f 2453 2768 2772
f 327 1604 2769
f 321 1579 1604
f 296 2769 1579
f 1604 1579 2769
f 296 1579 1868
f 321 2760 1579
f 323 1868 2760
f 1579 2760 1868
f 296 1868 2780
f 323 2776 1868
f 319 2780 2776
f 1868 2776 2780
f 319 2776 2073
f 323 2727 2776
f 320 2073 2727
f 2776 2727 2073
f 320 2727 2781
f 323 2766 2727
f 325 2781 2766
f 2727 2766 2781
f 314 2784 2600
f 318 2782 2784
f 315 2600 2782
f 2784 2782 2600
f 315 2782 1454
f 318 2742 2782
f 320 1454 2742
f 2782 2742 1454
f 315 1454 2729
f 320 2792 1454
f 317 2729 2792
f 1454 2792 2729
f 317 2792 2785
f 320 2781 2792
f 325 2785 2781
f 2792 2781 2785
f 317 2785 2803
f 325 2796 2785
f 328 2803 2796
f 2785 2796 2803
f 120 2804 2807
f 329 2805 2804
f 36 2807 2805
f 2804 2805 2807
f 119 1707 2161
f 120 2807 1707
f 36 2161 2807
f 1707 2807 2161
f 328 1957 2803
f 330 2464 1957
f 317 2803 2464
f 1957 2464 2803
f 316 2532 1526
f 331 2811 2532
f 313 1526 2811
f 2532 2811 1526
f 313 2811 2720
f 331 2123 2811
f 312 2720 2123
f 2811 2123 2720
f 312 2812 2717
f 115 2282 2812
f 310 2717 2282
f 2812 2282 2717
f 310 2282 2818
f 115 2817 2282
f 332 2818 2817
f 2282 2817 2818
f 294 2821 2658
f 327 2769 2821
f 296 2658 2769
f 2821 2769 2658
f 295 2465 2826
f 296 2780 2465
f 319 2826 2780
f 2465 2780 2826
f 295 2826 2008
f 319 1764 2826
f 305 2008 1764
f 2826 1764 2008
f 305 1764 2829
f 319 2739 1764
f 318 2829 2739
f 1764 2739 2829
f 305 2829 2559
f 318 2831 2829
f 306 2559 2831
f 2829 2831 2559
f 306 2831 2834
f 318 2784 2831
f 314 2834 2784
f 2831 2784 2834
f 306 2834 2698
f 314 2837 2834
f 307 2698 2837
f 2834 2837 2698
f 307 2837 2840
f 314 1810 2837
f 311 2840 1810
f 2837 1810 2840
f 307 2840 2703
f 311 2843 2840
f 308 2703 2843
f 2840 2843 2703
f 308 2843 2848
f 311 1597 2843
f 310 2848 1597
f 2843 1597 2848
f 308 2848 2705
f 310 2853 2848
f 309 2705 2853
f 2848 2853 2705
f 309 2853 2858
f 310 2818 2853
f 332 2858 2818
f 2853 2818 2858
f 309 2858 2689
f 332 2799 2858
f 112 2689 2799
f 2858 2799 2689
f 112 2799 2124
f 332 2861 2799
f 114 2124 2861
f 2799 2861 2124
f 114 2861 1815
f 332 2817 2861
f 115 1815 2817
f 2861 2817 1815
f 115 2812 2160
f 312 2864 2812
f 117 2160 2864
f 2812 2864 2160
f 117 2864 2870
f 312 2123 2864
f 331 2870 2123
f 2864 2123 2870
f 117 2870 1469
f 331 2875 2870
f 118 1469 2875
f 2870 2875 1469
f 118 2875 2877
f 331 2532 2875
f 316 2877 2532
f 2875 2532 2877
f 118 2877 1902
f 316 2791 2877
f 120 1902 2791
f 2877 2791 1902
f 120 2791 2881
f 316 2733 2791
f 317 2881 2733
f 2791 2733 2881
f 120 2881 2804
f 317 2865 2881
f 329 2804 2865
f 2881 2865 2804
f 329 2865 1427
f 317 2464 2865
f 330 1427 2464
f 2865 2464 1427
f 329 1427 2822
f 330 2777 1427
f 333 2822 2777
f 1427 2777 2822
f 329 2822 2805
f 333 2883 2822
f 36 2805 2883
f 2822 2883 2805
f 36 2883 1728
f 333 2884 2883
f 34 1728 2884
f 2883 2884 1728
f 34 2884 2201
f 333 1491 2884
f 334 2201 1491
f 2884 1491 2201
f 41 1562 2401
f 40 1549 1562
f 335 2401 1549
f 1562 1549 2401
f 40 2411 1549
f 336 2885 2411
f 335 1549 2885
f 2411 2885 1549
f 337 2887 2889
f 336 2411 2887
f 40 2889 2411
f 2887 2411 2889
f 46 2027 2890
f 336 2528 2027
f 338 2890 2528
f 2027 2528 2890
f 46 2890 1606
f 338 2893 2890
f 44 1606 2893
f 2890 2893 1606
f 44 2893 2898
f 338 1564 2893
f 339 2898 1564
f 2893 1564 2898
f 44 2898 1866
f 339 2903 2898
f 47 1866 2903
f 2898 2903 1866
f 47 2903 2287
f 339 1840 2903
f 340 2287 1840
f 2903 1840 2287
f 47 2287 1753
f 340 2905 2287
f 49 1753 2905
f 2287 2905 1753
f 49 2905 2912
f 340 2542 2905
f 341 2912 2542
f 2905 2542 2912
f 49 2912 1880
f 341 1848 2912
f 39 1880 1848
f 2912 1848 1880
f 39 1848 2918
f 341 2914 1848
f 342 2918 2914
f 1848 2914 2918
f 39 2918 1566
f 342 2919 2918
f 50 1566 2919
f 2918 2919 1566
f 50 2919 2924
f 342 1588 2919
f 343 2924 1588
f 2919 1588 2924
f 50 2924 1814
f 343 2929 2924
f 51 1814 2929
f 2924 2929 1814
f 51 2929 2933
f 343 2932 2929
f 344 2933 2932
f 2929 2932 2933
f 51 2933 1915
f 344 2936 2933
f 57 1915 2936
f 2933 2936 1915
f 57 2936 2940
f 344 2186 2936
f 56 2940 2186
f 2936 2186 2940
f 57 2940 1910
f 56 1699 2940
f 55 1910 1699
f 2940 1699 1910
f 336 2536 1620
f 345 1653 2536
f 346 1620 1653
f 2536 1653 1620
f 336 1620 2528
f 346 2644 1620
f 338 2528 2644
f 1620 2644 2528
f 338 2644 2943
f 346 2941 2644
f 240 2943 2941
f 2644 2941 2943
f 338 2943 1564
f 240 2354 2943
f 339 1564 2354
f 2943 2354 1564
f 339 2354 1975
f 240 1737 2354
f 238 1975 1737
f 2354 1737 1975
f 339 1975 1840
f 238 2945 1975
f 340 1840 2945
f 1975 2945 1840
f 340 2945 2946
f 238 2404 2945
f 234 2946 2404
f 2945 2404 2946
f 340 2946 2542
f 234 2665 2946
f 341 2542 2665
f 2946 2665 2542
f 341 2665 2910
f 234 2132 2665
f 232 2910 2132
f 2665 2132 2910
f 341 2910 2914
f 232 2952 2910
f 342 2914 2952
f 2910 2952 2914
f 342 2952 2954
f 232 2080 2952
f 231 2954 2080
f 2952 2080 2954
f 342 2954 1588
f 231 2955 2954
f 343 1588 2955
f 2954 2955 1588
f 343 2955 2960
f 231 2016 2955
f 229 2960 2016
f 2955 2016 2960
f 343 2960 2932
f 229 2962 2960
f 344 2932 2962
f 2960 2962 2932
f 344 2962 2968
f 229 2387 2962
f 227 2968 2387
f 2962 2387 2968
f 344 2968 2186
f 227 2976 2968
f 56 2186 2976
f 2968 2976 2186
f 56 2976 1934
f 227 2232 2976
f 225 1934 2232
f 2976 2232 1934
f 56 1934 1908
f 225 2977 1934
f 54 1908 2977
f 1934 2977 1908
f 54 2977 2982
f 225 2385 2977
f 221 2982 2385
f 2977 2385 2982
f 347 2987 2592
f 348 1782 2987
f 349 2592 1782
f 2987 1782 2592
f 170 2989 1788
f 165 1909 2989
f 350 1788 1909
f 2989 1909 1788
f 351 2610 2288
f 352 2994 2610
f 353 2288 2994
f 2610 2994 2288
f 353 2994 2906
f 352 2997 2994
f 349 2906 2997
f 2994 2997 2906
f 353 2906 2773
f 349 2671 2906
f 354 2773 2671
f 2906 2671 2773
f 354 2671 3000
f 349 1782 2671
f 348 3000 1782
f 2671 1782 3000
f 85 1836 2065
f 84 3003 1836
f 88 2065 3003
f 1836 3003 2065
f 88 3003 3006
f 84 1686 3003
f 83 3006 1686
f 3003 1686 3006
f 88 3006 2388
f 83 3007 3006
f 355 2388 3007
f 3006 3007 2388
f 355 3007 2441
f 83 2489 3007
f 356 2441 2489
f 3007 2489 2441
f 355 2441 3010
f 356 1770 2441
f 357 3010 1770
f 2441 1770 3010
f 82 2991 1820
f 358 3012 2991
f 83 1820 3012
f 2991 3012 1820
f 83 3012 2350
f 358 3015 3012
f 81 2350 3015
f 3012 3015 2350
f 83 2350 2489
f 81 2823 2350
f 356 2489 2823
f 2350 2823 2489
f 356 2823 2998
f 81 1787 2823
f 80 2998 1787
f 2823 1787 2998
f 356 2998 2684
f 80 2379 2998
f 359 2684 2379
f 2998 2379 2684
f 359 2379 3017
f 80 2873 2379
f 76 3017 2873
f 2379 2873 3017
f 76 2873 3021
f 80 1633 2873
f 79 3021 1633
f 2873 1633 3021
f 76 3021 1576
f 79 2212 3021
f 77 1576 2212
f 3021 2212 1576
f 75 2005 1708
f 74 1903 2005
f 76 1708 1903
f 2005 1903 1708
f 76 1903 2257
f 74 1640 1903
f 360 2257 1640
f 1903 1640 2257
f 76 2257 3017
f 360 1919 2257
f 359 3017 1919
f 2257 1919 3017
f 359 1919 3026
f 360 2111 1919
f 361 3026 2111
f 1919 2111 3026
f 359 3026 2684
f 361 3034 3026
f 356 2684 3034
f 3026 3034 2684
f 356 3034 3036
f 361 1492 3034
f 362 3036 1492
f 3034 1492 3036
f 356 3036 1770
f 362 1843 3036
f 357 1770 1843
f 3036 1843 1770
f 357 1843 2227
f 362 3040 1843
f 363 2227 3040
f 1843 3040 2227
f 364 2706 3045
f 365 3044 2706
f 175 3045 3044
f 2706 3044 3045
f 175 3044 3046
f 365 1446 3044
f 366 3046 1446
f 3044 1446 3046
f 175 3046 1542
f 366 2966 3046
f 173 1542 2966
f 3046 2966 1542
f 367 3047 3053
f 368 2364 3047
f 369 3053 2364
f 3047 2364 3053
f 369 2364 3061
f 368 3058 2364
f 365 3061 3058
f 2364 3058 3061
f 369 3061 3069
f 365 3062 3061
f 351 3069 3062
f 3061 3062 3069
f 351 3062 3070
f 365 2706 3062
f 364 3070 2706
f 3062 2706 3070
f 351 3070 2610
f 364 3072 3070
f 352 2610 3072
f 3070 3072 2610
f 367 3074 3047
f 178 1422 3074
f 368 3047 1422
f 3074 1422 3047
f 368 1422 3076
f 178 2169 1422
f 182 3076 2169
f 1422 2169 3076
f 368 3076 3058
f 182 3078 3076
f 365 3058 3078
f 3076 3078 3058
f 365 3078 2985
f 182 2454 3078
f 370 2985 2454
f 3078 2454 2985
f 365 2985 3064
f 370 3082 2985
f 371 3064 3082
f 2985 3082 3064
f 69 3086 2841
f 64 1966 3086
f 66 2841 1966
f 3086 1966 2841
f 69 2841 3089
f 66 2167 2841
f 372 3089 2167
f 2841 2167 3089
f 69 3089 1972
f 372 2048 3089
f 67 1972 2048
f 3089 2048 1972
f 67 2048 3094
f 372 2734 2048
f 373 3094 2734
f 2048 2734 3094
f 67 3094 1987
f 373 3095 3094
f 70 1987 3095
f 3094 3095 1987
f 70 3095 3096
f 373 2857 3095
f 374 3096 2857
f 3095 2857 3096
f 70 3096 1997
f 374 3102 3096
f 73 1997 3102
f 3096 3102 1997
f 73 3102 3104
f 374 1601 3102
f 375 3104 1601
f 3102 1601 3104
f 73 3104 2021
f 375 3105 3104
f 74 2021 3105
f 3104 3105 2021
f 74 3105 3112
f 375 3107 3105
f 376 3112 3107
f 3105 3107 3112
f 74 3112 1640
f 376 3116 3112
f 360 1640 3116
f 3112 3116 1640
f 360 3116 3120
f 376 2321 3116
f 377 3120 2321
f 3116 2321 3120
f 360 3120 2111
f 377 3121 3120
f 361 2111 3121
f 3120 3121 2111
f 361 3121 2623
f 377 1664 3121
f 378 2623 1664
f 3121 1664 2623
f 361 2623 1492
f 378 3122 2623
f 362 1492 3122
f 2623 3122 1492
f 362 3122 2377
f 378 3126 3122
f 379 2377 3126
f 3122 3126 2377
f 362 2377 3040
f 379 2285 2377
f 363 3040 2285
f 2377 2285 3040
f 363 2285 2033
f 379 2721 2285
f 380 2033 2721
f 2285 2721 2033
f 188 2938 1851
f 381 3127 2938
f 191 1851 3127
f 2938 3127 1851
f 191 3127 3131
f 381 1643 3127
f 382 3131 1643
f 3127 1643 3131
f 191 3131 1964
f 382 3138 3131
f 193 1964 3138
f 3131 3138 1964
f 193 3138 3077
f 382 2737 3138
f 383 3077 2737
f 3138 2737 3077
f 193 3077 1540
f 383 3140 3077
f 195 1540 3140
f 3077 3140 1540
f 195 3140 2757
f 383 2690 3140
f 384 2757 2690
f 3140 2690 2757
f 195 2757 1986
f 384 2605 2757
f 198 1986 2605
f 2757 2605 1986
f 198 2605 3028
f 384 2835 2605
f 385 3028 2835
f 2605 2835 3028
f 198 3028 1500
f 385 3141 3028
f 199 1500 3141
f 3028 3141 1500
f 199 3141 2384
f 385 2752 3141
f 386 2384 2752
f 3141 2752 2384
f 199 2384 2337
f 386 1729 2384
f 201 2337 1729
f 2384 1729 2337
f 201 1729 2018
f 386 2220 1729
f 202 2018 2220
f 1729 2220 2018
f 202 2220 3088
f 386 3143 2220
f 387 3088 3143
f 2220 3143 3088
f 202 3088 1860
f 387 2162 3088
f 205 1860 2162
f 3088 2162 1860
f 205 2162 3145
f 387 2447 2162
f 388 3145 2447
f 2162 2447 3145
f 205 3145 2255
f 388 3148 3145
f 208 2255 3148
f 3145 3148 2255
f 208 3148 2157
f 388 2450 3148
f 389 2157 2450
f 3148 2450 2157
f 208 2157 1786
f 389 1493 2157
f 209 1786 1493
f 2157 1493 1786
f 209 1493 2319
f 389 2560 1493
f 390 2319 2560
f 1493 2560 2319
f 209 2319 2347
f 390 3150 2319
f 211 2347 3150
f 2319 3150 2347
f 211 3150 1557
f 390 2205 3150
f 391 1557 2205
f 3150 2205 1557
f 211 1557 2357
f 391 3152 1557
f 213 2357 3152
f 1557 3152 2357
f 213 3152 3154
f 391 2744 3152
f 61 3154 2744
f 3152 2744 3154
f 213 3154 2359
f 61 3155 3154
f 217 2359 3155
f 3154 3155 2359
f 217 3155 2053
f 61 1939 3155
f 59 2053 1939
f 3155 1939 2053
f 217 2053 2308
f 59 3157 2053
f 219 2308 3157
f 2053 3157 2308
f 219 3157 2372
f 59 1709 3157
f 221 2372 1709
f 3157 1709 2372
f 221 1709 2982
f 59 1925 1709
f 54 2982 1925
f 1709 1925 2982
f 65 1954 3159
f 62 1437 1954
f 61 3159 1437
f 1954 1437 3159
f 65 3159 1962
f 61 2052 3159
f 63 1962 2052
f 3159 2052 1962
f 63 2052 1506
f 61 2744 2052
f 391 1506 2744
f 2052 2744 1506
f 63 1506 1967
f 391 3160 1506
f 66 1967 3160
f 1506 3160 1967
f 66 3160 2187
f 391 2205 3160
f 390 2187 2205
f 3160 2205 2187
f 66 2187 2167
f 390 1971 2187
f 372 2167 1971
f 2187 1971 2167
f 372 1971 1559
f 390 2560 1971
f 389 1559 2560
f 1971 2560 1559
f 372 1559 2734
f 389 3162 1559
f 373 2734 3162
f 1559 3162 2734
f 373 3162 2106
f 389 2450 3162
f 388 2106 2450
f 3162 2450 2106
f 373 2106 2857
f 388 3163 2106
f 374 2857 3163
f 2106 3163 2857
f 374 3163 2999
f 388 2447 3163
f 387 2999 2447
f 3163 2447 2999
f 374 2999 1601
f 387 2113 2999
f 375 1601 2113
f 2999 2113 1601
f 375 2113 3168
f 387 3143 2113
f 386 3168 3143
f 2113 3143 3168
f 375 3168 3107
f 386 3171 3168
f 376 3107 3171
f 3168 3171 3107
f 376 3171 3181
f 386 2752 3171
f 385 3181 2752
f 3171 2752 3181
f 376 3181 2321
f 385 3183 3181
f 377 2321 3183
f 3181 3183 2321
f 377 3183 3186
f 385 2835 3183
f 384 3186 2835
f 3183 2835 3186
f 377 3186 1664
f 384 3190 3186
f 378 1664 3190
f 3186 3190 1664
f 378 3190 3192
f 384 2690 3190
f 383 3192 2690
f 3190 2690 3192
f 378 3192 3126
f 383 3194 3192
f 379 3126 3194
f 3192 3194 3126
f 379 3194 3060
f 383 2737 3194
f 382 3060 2737
f 3194 2737 3060
f 379 3060 2721
f 382 3195 3060
f 380 2721 3195
f 3060 3195 2721
f 380 3195 2926
f 382 1643 3195
f 381 2926 1643
f 3195 1643 2926
f 392 2888 1763
f 393 1474 2888
f 394 1763 1474
f 2888 1474 1763
f 151 3197 1639
f 147 2872 3197
f 152 1639 2872
f 3197 2872 1639
f 152 2872 3134
f 147 1817 2872
f 146 3134 1817
f 2872 1817 3134
f 152 3134 3202
f 146 3199 3134
f 395 3202 3199
f 3134 3199 3202
f 26 1463 2656
f 25 3203 1463
f 392 2656 3203
f 1463 3203 2656
f 396 3206 3212
f 394 2591 3206
f 28 3212 2591
f 3206 2591 3212
f 28 2591 2383
f 394 1474 2591
f 393 2383 1474
f 2591 1474 2383
f 28 2383 2778
f 393 3213 2383
f 19 2778 3213
f 2383 3213 2778
f 19 3213 2549
f 393 2888 3213
f 392 2549 2888
f 3213 2888 2549
f 19 2549 1680
f 392 3166 2549
f 20 1680 3166
f 2549 3166 1680
f 20 3166 2956
f 392 3203 3166
f 25 2956 3203
f 3166 3203 2956
f 20 2956 3218
f 25 3216 2956
f 397 3218 3216
f 2956 3216 3218
f 398 3174 2508
f 399 2514 3174
f 400 2508 2514
f 3174 2514 2508
f 400 2514 2418
f 399 2517 2514
f 401 2418 2517
f 2514 2517 2418
f 400 2418 2523
f 401 2530 2418
f 402 2523 2530
f 2418 2530 2523
f 22 3219 3221
f 403 2398 3219
f 404 3221 2398
f 3219 2398 3221
f 405 3223 3227
f 22 1473 3223
f 21 3227 1473
f 3223 1473 3227
f 404 2398 3136
f 403 3229 2398
f 406 3136 3229
f 2398 3229 3136
f 406 3230 3136
f 24 1511 3230
f 404 3136 1511
f 3230 1511 3136
f 404 1511 3221
f 24 1721 1511
f 22 3221 1721
f 1511 1721 3221
f 28 3231 1837
f 406 2820 3231
f 29 1837 2820
f 3231 2820 1837
f 29 2820 3232
f 406 3229 2820
f 403 3232 3229
f 2820 3229 3232
f 29 3232 2269
f 403 2693 3232
f 157 2269 2693
f 3232 2693 2269
f 157 2693 1403
f 403 3235 2693
f 158 1403 3235
f 2693 3235 1403
f 158 3235 3184
f 403 3219 3235
f 22 3184 3219
f 3235 3219 3184
f 158 3184 3237
f 22 3236 3184
f 407 3237 3236
f 3184 3236 3237
f 407 3236 2565
f 22 3223 3236
f 405 2565 3223
f 3236 3223 2565
f 407 2565 2463
f 405 3238 2565
f 408 2463 3238
f 2565 3238 2463
f 408 3238 1560
f 405 3239 3238
f 409 1560 3239
f 3238 3239 1560
f 350 1909 3113
f 165 3224 1909
f 410 3113 3224
f 1909 3224 3113
f 410 3224 3240
f 165 2011 3224
f 167 3240 2011
f 3224 2011 3240
f 410 3240 1935
f 167 3208 3240
f 411 1935 3208
f 3240 3208 1935
f 411 3208 3241
f 167 2408 3208
f 162 3241 2408
f 3208 2408 3241
f 411 3241 2012
f 162 3244 3241
f 409 2012 3244
f 3241 3244 2012
f 409 3244 3004
f 162 1730 3244
f 164 3004 1730
f 3244 1730 3004
f 409 3004 1560
f 164 2786 3004
f 408 1560 2786
f 3004 2786 1560
f 408 2786 2711
f 164 3246 2786
f 412 2711 3246
f 2786 3246 2711
f 408 2711 2463
f 412 2023 2711
f 407 2463 2023
f 2711 2023 2463
f 407 2023 3252
f 412 3250 2023
f 159 3252 3250
f 2023 3250 3252
f 407 3252 3237
f 159 1944 3252
f 158 3237 1944
f 3252 1944 3237
f 30 1465 1615
f 396 3212 1465
f 28 1615 3212
f 1465 3212 1615
f 406 3231 2922
f 28 2778 3231
f 19 2922 2778
f 3231 2778 2922
f 406 2922 3230
f 19 2869 2922
f 24 3230 2869
f 2922 2869 3230
f 24 2869 3135
f 19 1818 2869
f 18 3135 1818
f 2869 1818 3135
f 24 3135 1634
f 18 2699 3135
f 23 1634 2699
f 3135 2699 1634
f 23 2699 2034
f 18 3022 2699
f 413 2034 3022
f 2699 3022 2034
f 23 2034 1832
f 413 1785 2034
f 21 1832 1785
f 2034 1785 1832
f 21 1785 3227
f 413 2651 1785
f 405 3227 2651
f 1785 2651 3227
f 405 3257 3239
f 414 2513 3257
f 409 3239 2513
f 3257 2513 3239
f 409 2513 2633
f 414 3263 2513
f 415 2633 3263
f 2513 3263 2633
f 409 2633 2012
f 415 3267 2633
f 411 2012 3267
f 2633 3267 2012
f 411 3267 1472
f 415 2163 3267
f 416 1472 2163
f 3267 2163 1472
f 411 1472 1935
f 416 1538 1472
f 410 1935 1538
f 1472 1538 1935
f 410 1538 2442
f 416 2992 1538
f 417 2442 2992
f 1538 2992 2442
f 410 2442 3113
f 417 3269 2442
f 350 3113 3269
f 2442 3269 3113
f 93 3272 3274
f 89 1965 3272
f 87 3274 1965
f 3272 1965 3274
f 93 3274 3277
f 87 3276 3274
f 347 3277 3276
f 3274 3276 3277
f 347 3276 3278
f 87 1674 3276
f 88 3278 1674
f 3276 1674 3278
f 88 2388 2479
f 355 3279 2388
f 418 2479 3279
f 2388 3279 2479
f 418 3279 3283
f 355 3010 3279
f 357 3283 3010
f 3279 3010 3283
f 418 3283 2621
f 357 2046 3283
f 419 2621 2046
f 3283 2046 2621
f 419 2046 2175
f 357 2227 2046
f 363 2175 2227
f 2046 2227 2175
f 419 2175 2438
f 363 2886 2175
f 420 2438 2886
f 2175 2886 2438
f 420 2886 3284
f 363 2033 2886
f 380 3284 2033
f 2886 2033 3284
f 420 3284 2707
f 380 3285 3284
f 421 2707 3285
f 3284 3285 2707
f 421 3285 3286
f 380 2926 3285
f 381 3286 2926
f 3285 2926 3286
f 421 3286 2854
f 381 3287 3286
f 422 2854 3287
f 3286 3287 2854
f 422 3287 3282
f 381 2938 3287
f 188 3282 2938
f 3287 2938 3282
f 422 3282 3288
f 188 2275 3282
f 185 3288 2275
f 3282 2275 3288
f 185 2275 3292
f 188 1605 2275
f 190 3292 1605
f 2275 1605 3292
f 185 3292 1412
f 190 3295 3292
f 186 1412 3295
f 3292 3295 1412
f 349 3297 2592
f 423 2505 3297
f 347 2592 2505
f 3297 2505 2592
f 347 2505 2957
f 423 1853 2505
f 424 2957 1853
f 2505 1853 2957
f 347 2957 3299
f 424 2867 2957
f 14 3299 2867
f 2957 2867 3299
f 14 2867 3307
f 424 3304 2867
f 425 3307 3304
f 2867 3304 3307
f 14 3307 1496
f 425 2978 3307
f 15 1496 2978
f 3307 2978 1496
f 397 3216 3310
f 25 3308 3216
f 426 3310 3308
f 3216 3308 3310
f 426 3308 2830
f 25 1824 3308
f 27 2830 1824
f 3308 1824 2830
f 426 2830 3228
f 27 3312 2830
f 427 3228 3312
f 2830 3312 3228
f 427 3312 3313
f 27 3016 3312
f 428 3313 3016
f 3312 3016 3313
f 427 3313 3011
f 428 1773 3313
f 429 3011 1773
f 3313 1773 3011
f 429 1773 1434
f 428 3316 1773
f 430 1434 3316
f 1773 3316 1434
f 429 1434 3320
f 430 3318 1434
f 431 3320 3318
f 1434 3318 3320
f 432 2361 3322
f 433 3108 2361
f 434 3322 3108
f 2361 3108 3322
f 434 3108 2696
f 433 3324 3108
f 435 2696 3324
f 3108 3324 2696
f 434 2696 2813
f 435 2704 2696
f 436 2813 2704
f 2696 2704 2813
f 436 2704 2927
f 435 3306 2704
f 437 2927 3306
f 2704 3306 2927
f 436 2927 2492
f 437 3327 2927
f 438 2492 3327
f 2927 3327 2492
f 438 3327 1594
f 437 3328 3327
f 439 1594 3328
f 3327 3328 1594
f 438 1594 2641
f 439 3329 1594
f 398 2641 3329
f 1594 3329 2641
f 398 3329 2104
f 439 2467 3329
f 440 2104 2467
f 3329 2467 2104
f 398 2104 3174
f 440 1841 2104
f 399 3174 1841
f 2104 1841 3174
f 399 1841 3333
f 440 3331 1841
f 395 3333 3331
f 1841 3331 3333
f 399 3333 2517
f 395 1759 3333
f 401 2517 1759
f 3333 1759 2517
f 401 1759 2102
f 395 3199 1759
f 146 2102 3199
f 1759 3199 2102
f 401 2102 2530
f 146 3334 2102
f 402 2530 3334
f 2102 3334 2530
f 402 3334 2589
f 146 2238 3334
f 148 2589 2238
f 3334 2238 2589
f 431 3301 3320
f 11 1416 3301
f 429 3320 1416
f 3301 1416 3320
f 429 1416 3336
f 11 1713 1416
f 13 3336 1713
f 1416 1713 3336
f 429 3336 3011
f 13 3338 3336
f 427 3011 3338
f 3336 3338 3011
f 427 3338 3340
f 13 2119 3338
f 99 3340 2119
f 3338 2119 3340
f 427 3340 3228
f 99 3342 3340
f 426 3228 3342
f 3340 3342 3228
f 426 3342 1845
f 99 2611 3342
f 441 1845 2611
f 3342 2611 1845
f 426 1845 3310
f 441 2153 1845
f 397 3310 2153
f 1845 2153 3310
f 397 2153 1869
f 441 3344 2153
f 442 1869 3344
f 2153 3344 1869
f 397 1869 3218
f 442 3325 1869
f 20 3218 3325
f 1869 3325 3218
f 20 3325 3348
f 442 3346 3325
f 17 3348 3346
f 3325 3346 3348
f 20 3348 1735
f 17 2022 3348
f 18 1735 2022
f 3348 2022 1735
f 18 2022 1554
f 17 1766 2022
f 15 1554 1766
f 2022 1766 1554
f 18 1554 3022
f 15 1863 1554
f 413 3022 1863
f 1554 1863 3022
f 413 1863 3349
f 15 2978 1863
f 425 3349 2978
f 1863 2978 3349
f 413 3349 2651
f 425 2170 3349
f 405 2651 2170
f 3349 2170 2651
f 405 2170 3350
f 425 3304 2170
f 424 3350 3304
f 2170 3304 3350
f 405 3350 3257
f 424 3358 3350
f 414 3257 3358
f 3350 3358 3257
f 414 3358 3359
f 424 1853 3358
f 423 3359 1853
f 3358 1853 3359
f 414 3359 3263
f 423 3360 3359
f 415 3263 3360
f 3359 3360 3263
f 415 3360 2897
f 423 3297 3360
f 349 2897 3297
f 3360 3297 2897
f 415 2897 2163
f 349 3363 2897
f 416 2163 3363
f 2897 3363 2163
f 416 3363 3364
f 349 2997 3363
f 352 3364 2997
f 3363 2997 3364
f 416 3364 2992
f 352 1561 3364
f 417 2992 1561
f 3364 1561 2992
f 417 1561 2218
f 352 3072 1561
f 364 2218 3072
f 1561 3072 2218
f 417 2218 3269
f 364 3368 2218
f 350 3269 3368
f 2218 3368 3269
f 350 3368 3370
f 364 3045 3368
f 175 3370 3045
f 3368 3045 3370
f 350 3370 1788
f 175 2182 3370
f 170 1788 2182
f 3370 2182 1788
f 170 2182 2226
f 175 2290 2182
f 168 2226 2290
f 2182 2290 2226
f 139 1503 3375
f 138 3371 1503
f 443 3375 3371
f 1503 3371 3375
f 443 3371 3376
f 138 2230 3371
f 136 3376 2230
f 3371 2230 3376
f 443 3376 3379
f 136 3378 3376
f 444 3379 3378
f 3376 3378 3379
f 444 3378 3381
f 136 2223 3378
f 132 3381 2223
f 3378 2223 3381
f 444 3381 2731
f 132 3382 3381
f 445 2731 3382
f 3381 3382 2731
f 445 3382 2295
f 132 1622 3382
f 134 2295 1622
f 3382 1622 2295
f 445 2295 2084
f 134 2253 2295
f 446 2084 2253
f 2295 2253 2084
f 148 3385 2589
f 447 3386 3385
f 402 2589 3386
f 3385 3386 2589
f 402 3386 3388
f 447 3387 3386
f 141 3388 3387
f 3386 3387 3388
f 402 3388 2523
f 141 3389 3388
f 400 2523 3389
f 3388 3389 2523
f 400 3389 3390
f 141 2234 3389
f 143 3390 2234
f 3389 2234 3390
f 400 3390 2508
f 143 3391 3390
f 398 2508 3391
f 3390 3391 2508
f 398 3391 2664
f 143 2138 3391
f 448 2664 2138
f 3391 2138 2664
f 398 2664 2641
f 448 1756 2664
f 438 2641 1756
f 2664 1756 2641
f 438 1756 3343
f 448 3393 1756
f 449 3343 3393
f 1756 3393 3343
f 438 3343 2492
f 449 3396 3343
f 436 2492 3396
f 3343 3396 2492
f 436 3396 3398
f 449 2749 3396
f 450 3398 2749
f 3396 2749 3398
f 436 3398 2813
f 450 3399 3398
f 434 2813 3399
f 3398 3399 2813
f 434 3399 2736
f 450 1563 3399
f 451 2736 1563
f 3399 1563 2736
f 434 2736 3322
f 451 3402 2736
f 432 3322 3402
f 2736 3402 3322
f 432 3402 3403
f 451 2443 3402
f 452 3403 2443
f 3402 2443 3403
f 248 2832 2422
f 453 3404 2832
f 249 2422 3404
f 2832 3404 2422
f 249 3404 3405
f 453 2770 3404
f 454 3405 2770
f 3404 2770 3405
f 249 3405 3406
f 454 2207 3405
f 455 3406 2207
f 3405 2207 3406
f 455 2207 3412
f 454 3407 2207
f 456 3412 3407
f 2207 3407 3412
f 453 3270 2770
f 457 3416 3270
f 454 2770 3416
f 3270 3416 2770
f 454 3416 3369
f 457 1475 3416
f 458 3369 1475
f 3416 1475 3369
f 454 3369 3407
f 458 1765 3369
f 456 3407 1765
f 3369 1765 3407
f 456 1765 3419
f 458 3417 1765
f 446 3419 3417
f 1765 3417 3419
f 456 3419 3412
f 446 3420 3419
f 455 3412 3420
f 3419 3420 3412
f 455 3420 2486
f 446 2253 3420
f 134 2486 2253
f 3420 2253 2486
f 455 2486 3424
f 134 2029 2486
f 135 3424 2029
f 2486 2029 3424
f 144 3002 1672
f 140 1989 3002
f 143 1672 1989
f 3002 1989 1672
f 143 1989 1979
f 140 1704 1989
f 139 1979 1704
f 1989 1704 1979
f 143 1979 2138
f 139 3425 1979
f 448 2138 3425
f 1979 3425 2138
f 448 3425 1460
f 139 3375 3425
f 443 1460 3375
f 3425 3375 1460
f 448 1460 3393
f 443 3427 1460
f 449 3393 3427
f 1460 3427 3393
f 449 3427 3429
f 443 3379 3427
f 444 3429 3379
f 3427 3379 3429
f 449 3429 2749
f 444 3432 3429
f 450 2749 3432
f 3429 3432 2749
f 450 3432 1995
f 444 2731 3432
f 445 1995 2731
f 3432 2731 1995
f 450 1995 1563
f 445 1762 1995
f 451 1563 1762
f 1995 1762 1563
f 451 1762 3035
f 445 2084 1762
f 446 3035 2084
f 1762 2084 3035
f 451 3035 2443
f 446 3434 3035
f 452 2443 3434
f 3035 3434 2443
f 452 3434 3027
f 446 3417 3434
f 458 3027 3417
f 3434 3417 3027
f 452 3027 2949
f 458 3435 3027
f 459 2949 3435
f 3027 3435 2949
f 459 3435 2251
f 458 1475 3435
f 457 2251 1475
f 3435 1475 2251
f 251 1761 1661
f 260 1772 1761
f 252 1661 1772
f 1761 1772 1661
f 253 2178 3442
f 252 2461 2178
f 262 3442 2461
f 2178 2461 3442
f 253 3442 1894
f 262 1829 3442
f 460 1894 1829
f 3442 1829 1894
f 460 1829 1781
f 262 3444 1829
f 461 1781 3444
f 1829 3444 1781
f 460 1781 2355
f 461 2020 1781
f 462 2355 2020
f 1781 2020 2355
f 462 2020 3182
f 461 3441 2020
f 463 3182 3441
f 2020 3441 3182
f 462 3182 3173
f 463 3448 3182
f 464 3173 3448
f 3182 3448 3173
f 464 3448 3450
f 463 3449 3448
f 465 3450 3449
f 3448 3449 3450
f 464 3450 2525
f 465 3451 3450
f 466 2525 3451
f 3450 3451 2525
f 466 3451 3457
f 465 3452 3451
f 467 3457 3452
f 3451 3452 3457
f 466 3457 3323
f 467 3461 3457
f 468 3323 3461
f 3457 3461 3323
f 468 3461 2541
f 467 2553 3461
f 469 2541 2553
f 3461 2553 2541
f 468 2541 3463
f 469 2916 2541
f 470 3463 2916
f 2541 2916 3463
f 470 2916 1589
f 469 3467 2916
f 471 1589 3467
f 2916 3467 1589
f 470 1589 3469
f 471 2930 1589
f 472 3469 2930
f 1589 2930 3469
f 472 2930 2329
f 471 3471 2930
f 473 2329 3471
f 2930 3471 2329
f 472 2329 3473
f 473 3472 2329
f 474 3473 3472
f 2329 3472 3473
f 474 3472 3476
f 473 2014 3472
f 475 3476 2014
f 3472 2014 3476
f 474 3476 3423
f 475 3477 3476
f 10 3423 3477
f 3476 3477 3423
f 10 3477 3481
f 475 3479 3477
f 6 3481 3479
f 3477 3479 3481
f 10 3481 1627
f 6 1727 3481
f 8 1627 1727
f 3481 1727 1627
f 8 1727 1654
f 6 1519 1727
f 7 1654 1519
f 1727 1519 1654
f 476 2192 3485
f 477 3484 2192
f 256 3485 3484
f 2192 3484 3485
f 256 3484 3489
f 477 3486 3484
f 3 3489 3486
f 3484 3486 3489
f 256 3489 2296
f 3 1528 3489
f 2 2296 1528
f 3489 1528 2296
f 254 2423 3492
f 2 1490 2423
f 1 3492 1490
f 2423 1490 3492
f 254 3492 2501
f 1 2632 3492
f 270 2501 2632
f 3492 2632 2501
f 259 3493 2351
f 124 1881 3493
f 267 2351 1881
f 3493 1881 2351
f 259 2351 2445
f 267 3498 2351
f 260 2445 3498
f 2351 3498 2445
f 260 3498 3501
f 267 2487 3498
f 263 3501 2487
f 3498 2487 3501
f 260 3501 2449
f 263 2462 3501
f 261 2449 2462
f 3501 2462 2449
f 262 2458 3502
f 261 1978 2458
f 265 3502 1978
f 2458 1978 3502
f 262 3502 3444
f 265 3504 3502
f 461 3444 3504
f 3502 3504 3444
f 461 3504 2074
f 265 1842 3504
f 278 2074 1842
f 3504 1842 2074
f 461 2074 3441
f 278 3117 2074
f 463 3441 3117
f 2074 3117 3441
f 463 3117 3505
f 278 2555 3117
f 276 3505 2555
f 3117 2555 3505
f 463 3505 3449
f 276 3510 3505
f 465 3449 3510
f 3505 3510 3449
f 465 3510 3511
f 276 1757 3510
f 274 3511 1757
f 3510 1757 3511
f 465 3511 3452
f 274 2203 3511
f 467 3452 2203
f 3511 2203 3452
f 467 2203 3512
f 274 2521 2203
f 272 3512 2521
f 2203 2521 3512
f 467 3512 2553
f 272 3513 3512
f 469 2553 3513
f 3512 3513 2553
f 469 3513 3514
f 272 2511 3513
f 270 3514 2511
f 3513 2511 3514
f 469 3514 3467
f 270 1556 3514
f 471 3467 1556
f 3514 1556 3467
f 471 1556 2828
f 270 2632 1556
f 1 2828 2632
f 1556 2632 2828
f 471 2828 3471
f 1 3516 2828
f 473 3471 3516
f 2828 3516 3471
f 473 3516 3517
f 1 1543 3516
f 3 3517 1543
f 3516 1543 3517
f 473 3517 2014
f 3 2279 3517
f 475 2014 2279
f 3517 2279 2014
f 475 2279 3366
f 3 3486 2279
f 477 3366 3486
f 2279 3486 3366
f 475 3366 3479
f 477 3519 3366
f 6 3479 3519
f 3366 3519 3479
f 6 3519 3520
f 477 2192 3519
f 476 3520 2192
f 3519 2192 3520
f 6 3520 1623
f 476 2452 3520
f 4 1623 2452
f 3520 2452 1623
f 129 3523 3525
f 250 1864 3523
f 253 3525 1864
f 3523 1864 3525
f 129 3525 1956
f 253 2013 3525
f 127 1956 2013
f 3525 2013 1956
f 127 2013 3526
f 253 1894 2013
f 460 3526 1894
f 2013 1894 3526
f 127 3526 1969
f 460 3527 3526
f 130 1969 3527
f 3526 3527 1969
f 130 3527 2412
f 460 2355 3527
f 462 2412 2355
f 3527 2355 2412
f 130 2412 1825
f 462 3529 2412
f 244 1825 3529
f 2412 3529 1825
f 244 3529 3532
f 462 3173 3529
f 464 3532 3173
f 3529 3173 3532
f 244 3532 2042
f 464 3535 3532
f 246 2042 3535
f 3532 3535 2042
f 246 3535 3536
f 464 2525 3535
f 466 3536 2525
f 3535 2525 3536
f 246 3536 1899
f 466 3538 3536
f 248 1899 3538
f 3536 3538 1899
f 248 3538 1806
f 466 3323 3538
f 468 1806 3323
f 3538 3323 1806
f 248 1806 2832
f 468 3542 1806
f 453 2832 3542
f 1806 3542 2832
f 453 3542 1415
f 468 3463 3542
f 470 1415 3463
f 3542 3463 1415
f 453 1415 3270
f 470 2984 1415
f 457 3270 2984
f 1415 2984 3270
f 457 2984 2002
f 470 3469 2984
f 472 2002 3469
f 2984 3469 2002
f 457 2002 2251
f 472 3545 2002
f 459 2251 3545
f 2002 3545 2251
f 459 3545 2263
f 472 3473 3545
f 474 2263 3473
f 3545 3473 2263
f 459 2263 2949
f 474 3548 2263
f 452 2949 3548
f 2263 3548 2949
f 452 3548 2395
f 474 3423 3548
f 10 2395 3423
f 3548 3423 2395
f 452 2395 3403
f 10 3549 2395
f 432 3403 3549
f 2395 3549 3403
f 432 3549 2679
f 10 1413 3549
f 9 2679 1413
f 3549 1413 2679
f 432 2679 2361
f 9 2200 2679
f 433 2361 2200
f 2679 2200 2361
f 7 2039 1654
f 12 3550 2039
f 8 1654 3550
f 2039 3550 1654
f 8 3550 3551
f 12 1700 3550
f 11 3551 1700
f 3550 1700 3551
f 8 3551 1555
f 11 2010 3551
f 9 1555 2010
f 3551 2010 1555
f 9 2010 3552
f 11 3301 2010
f 431 3552 3301
f 2010 3301 3552
f 9 3552 2200
f 431 3554 3552
f 433 2200 3554
f 3552 3554 2200
f 433 3554 3556
f 431 3318 3554
f 430 3556 3318
f 3554 3318 3556
f 433 3556 3324
f 430 3558 3556
f 435 3324 3558
f 3556 3558 3324
f 435 3558 3559
f 430 3316 3558
f 428 3559 3316
f 3558 3316 3559
f 435 3559 3306
f 428 3264 3559
f 437 3306 3264
f 3559 3264 3306
f 437 3264 3561
f 428 3016 3264
f 27 3561 3016
f 3264 3016 3561
f 437 3561 3328
f 27 2472 3561
f 439 3328 2472
f 3561 2472 3328
f 439 2472 3563
f 27 1800 2472
f 26 3563 1800
f 2472 1800 3563
f 439 3563 2467
f 26 1666 3563
f 440 2467 1666
f 3563 1666 2467
f 440 1666 3564
f 26 2656 1666
f 392 3564 2656
f 1666 2656 3564
f 440 3564 3331
f 392 3488 3564
f 395 3331 3488
f 3564 3488 3331
f 395 3488 3565
f 392 1763 3488
f 394 3565 1763
f 3488 1763 3565
f 395 3565 3202
f 394 3566 3565
f 152 3202 3566
f 3565 3566 3202
f 152 3566 3568
f 394 3206 3566
f 396 3568 3206
f 3566 3206 3568
f 152 3568 2256
f 396 3569 3568
f 149 2256 3569
f 3568 3569 2256
f 149 3569 3571
f 396 1465 3569
f 30 3571 1465
f 3569 1465 3571
f 149 3571 1471
f 30 3573 3571
f 150 1471 3573
f 3571 3573 1471
f 150 3573 3575
f 30 2265 3573
f 156 3575 2265
f 3573 2265 3575
f 99 1494 2222
f 98 3578 1494
f 478 2222 3578
f 1494 3578 2222
f 99 2222 2611
f 478 2608 2222
f 441 2611 2608
f 2222 2608 2611
f 441 2608 3581
f 478 3057 2608
f 94 3581 3057
f 2608 3057 3581
f 441 3581 3344
f 94 3585 3581
f 442 3344 3585
f 3581 3585 3344
f 442 3585 3588
f 94 1726 3585
f 96 3588 1726
f 3585 1726 3588
f 442 3588 3346
f 96 2191 3588
f 17 3346 2191
f 3588 2191 3346
f 17 2191 1790
f 96 2115 2191
f 16 1790 2115
f 2191 2115 1790
f 16 2092 1747
f 93 1677 2092
f 14 1747 1677
f 2092 1677 1747
f 14 1677 3299
f 93 3277 1677
f 347 3299 3277
f 1677 3277 3299
f 347 3278 2987
f 88 3591 3278
f 348 2987 3591
f 3278 3591 2987
f 348 3591 3594
f 88 2479 3591
f 418 3594 2479
f 3591 2479 3594
f 348 3594 3000
f 418 3595 3594
f 354 3000 3595
f 3594 3595 3000
f 354 3595 3596
f 418 2621 3595
f 419 3596 2621
f 3595 2621 3596
f 354 3596 2773
f 419 3598 3596
f 353 2773 3598
f 3596 3598 2773
f 353 3598 1941
f 419 2438 3598
f 420 1941 2438
f 3598 2438 1941
f 353 1941 2288
f 420 3111 1941
f 351 2288 3111
f 1941 3111 2288
f 351 3111 3103
f 420 2707 3111
f 421 3103 2707
f 3111 2707 3103
f 351 3103 3069
f 421 3601 3103
f 369 3069 3601
f 3103 3601 3069
f 369 3601 3604
f 421 2854 3601
f 422 3604 2854
f 3601 2854 3604
f 369 3604 3053
f 422 3605 3604
f 367 3053 3605
f 3604 3605 3053
f 367 3605 3609
f 422 3288 3605
f 185 3609 3288
f 3605 3288 3609
f 367 3609 3074
f 185 3332 3609
f 178 3074 3332
f 3609 3332 3074
f 178 3332 2292
f 185 2313 3332
f 176 2292 2313
f 3332 2313 2292
f 281 3610 2572
f 31 1755 3610
f 33 2572 1755
f 3610 1755 2572
f 280 2587 2775
f 284 2617 2587
f 288 2775 2617
f 2587 2617 2775
f 280 2775 1846
f 288 2723 2775
f 279 1846 2723
f 2775 2723 1846
f 279 2723 3614
f 288 2662 2723
f 298 3614 2662
f 2723 2662 3614
f 279 3614 2564
f 298 2988 3614
f 277 2564 2988
f 3614 2988 2564
f 277 2988 3616
f 298 2474 2988
f 300 3616 2474
f 2988 2474 3616
f 277 3616 2554
f 300 2680 3616
f 275 2554 2680
f 3616 2680 2554
f 275 2680 2244
f 300 1769 2680
f 301 2244 1769
f 2680 1769 2244
f 275 2244 2537
f 301 3617 2244
f 273 2537 3617
f 2244 3617 2537
f 273 3617 3618
f 301 1438 3617
f 302 3618 1438
f 3617 1438 3618
f 273 3618 2520
f 302 3619 3618
f 271 2520 3619
f 3618 3619 2520
f 271 3619 3620
f 302 2669 3619
f 303 3620 2669
f 3619 2669 3620
f 271 3620 2504
f 303 3621 3620
f 254 2504 3621
f 3620 3621 2504
f 254 3621 3624
f 303 1959 3621
f 257 3624 1959
f 3621 1959 3624
f 254 3624 1802
f 257 2425 3624
f 255 1802 2425
f 3624 2425 1802
f 256 1641 3625
f 255 2436 1641
f 258 3625 2436
f 1641 2436 3625
f 256 3625 3485
f 258 3626 3625
f 476 3485 3626
f 3625 3626 3485
f 479 2164 2286
f 480 2993 2164
f 481 2286 2993
f 2164 2993 2286
f 482 3081 3627
f 483 2439 3081
f 484 3627 2439
f 3081 2439 3627
f 485 2856 3633
f 486 3630 2856
f 487 3633 3630
f 2856 3630 3633
f 336 2027 2885
f 46 3635 2027
f 335 2885 3635
f 2027 3635 2885
f 40 1844 3636
f 43 3515 1844
f 46 3636 3515
f 1844 3515 3636
f 488 3584 3637
f 345 2536 3584
f 336 3637 2536
f 3584 2536 3637
f 488 3639 3584
f 346 1653 3639
f 345 3584 1653
f 3639 1653 3584
f 488 3640 3300
f 486 3522 3640
f 489 3300 3522
f 3640 3522 3300
f 488 3300 3639
f 489 3500 3300
f 346 3639 3500
f 3300 3500 3639
f 346 3500 2941
f 489 3642 3500
f 240 2941 3642
f 3500 3642 2941
f 490 3462 3643
f 485 3633 3462
f 487 3643 3633
f 3462 3633 3643
f 491 3039 3648
f 490 3644 3039
f 492 3648 3644
f 3039 3644 3648
f 492 2925 3648
f 493 3305 2925
f 491 3648 3305
f 2925 3305 3648
f 493 2925 1447
f 492 3649 2925
f 494 1447 3649
f 2925 3649 1447
f 495 2975 3050
f 496 2366 2975
f 497 3050 2366
f 2975 2366 3050
f 498 3654 2983
f 484 3655 3654
f 493 2983 3655
f 3654 3655 2983
f 493 1447 2135
f 494 3659 1447
f 499 2135 3659
f 1447 3659 2135
f 495 2485 2481
f 499 1682 2485
f 484 2481 1682
f 2485 1682 2481
f 494 3577 2816
f 495 2481 3577
f 484 2816 2481
f 3577 2481 2816
f 500 2730 3662
f 501 3660 2730
f 494 3662 3660
f 2730 3660 3662
f 502 3663 1938
f 494 2816 3663
f 484 1938 2816
f 3663 2816 1938
f 503 3664 1598
f 500 2495 3664
f 502 1598 2495
f 3664 2495 1598
f 484 3146 3627
f 500 3665 3146
f 482 3627 3665
f 3146 3665 3627
f 504 2324 3645
f 505 3667 2324
f 506 3645 3667
f 2324 3667 3645
f 494 3672 3662
f 507 3413 3672
f 500 3662 3413
f 3672 3413 3662
f 508 2108 3675
f 509 3673 2108
f 510 3675 3673
f 2108 3673 3675
f 509 3345 3673
f 511 3677 3345
f 510 3673 3677
f 3345 3677 3673
f 492 2155 3649
f 512 3137 2155
f 494 3649 3137
f 2155 3137 3649
f 504 3200 3678
f 513 2882 3200
f 494 3678 2882
f 3200 2882 3678
f 514 3265 3679
f 515 2774 3265
f 512 3679 2774
f 3265 2774 3679
f 516 3681 3686
f 517 3597 3681
f 504 3686 3597
f 3681 3597 3686
f 504 3690 3691
f 514 3679 3690
f 512 3691 3679
f 3690 3679 3691
f 514 3694 3699
f 494 3697 3694
f 516 3699 3697
f 3694 3697 3699
f 518 3139 2613
f 519 3703 3139
f 494 2613 3703
f 3139 3703 2613
f 506 2365 3645
f 520 3705 2365
f 504 3645 3705
f 2365 3705 3645
f 506 2851 3242
f 518 2613 2851
f 494 3242 2613
f 2851 2613 3242
f 521 2456 3706
f 522 2899 2456
f 336 3706 2899
f 2456 2899 3706
f 336 2899 3708
f 522 3707 2899
f 487 3708 3707
f 2899 3707 3708
f 336 3708 3637
f 487 1918 3708
f 488 3637 1918
f 3708 1918 3637
f 488 1918 3640
f 487 3630 1918
f 486 3640 3630
f 1918 3630 3640
f 336 2887 3068
f 337 3709 2887
f 43 3068 3709
f 2887 3709 3068
f 336 3068 3713
f 43 3711 3068
f 479 3713 3711
f 3068 3711 3713
f 336 3713 3706
f 479 3054 3713
f 521 3706 3054
f 3713 3054 3706
f 479 2286 3054
f 481 3684 2286
f 521 3054 3684
f 2286 3684 3054
f 521 3684 2456
f 481 3714 3684
f 522 2456 3714
f 3684 3714 2456
f 481 2993 3719
f 480 3716 2993
f 509 3719 3716
f 2993 3716 3719
f 523 3720 3725
f 524 3721 3720
f 480 3725 3721
f 3720 3721 3725
f 525 3255 3623
f 526 3726 3255
f 480 3623 3726
f 3255 3726 3623
f 509 3729 1451
f 523 3730 3729
f 525 1451 3730
f 3729 3730 1451
f 509 3689 3729
f 527 3731 3689
f 523 3729 3731
f 3689 3731 3729
f 490 3643 3644
f 487 3668 3643
f 492 3644 3668
f 3643 3668 3644
f 492 3668 3734
f 487 3707 3668
f 522 3734 3707
f 3668 3707 3734
f 492 3734 2155
f 522 3175 3734
f 512 2155 3175
f 3734 3175 2155
f 512 3175 3541
f 522 3714 3175
f 481 3541 3714
f 3175 3714 3541
f 512 3541 3735
f 481 3719 3541
f 509 3735 3719
f 3541 3719 3735
f 509 3738 2116
f 528 1953 3738
f 504 2116 1953
f 3738 1953 2116
f 529 1455 3741
f 530 3739 1455
f 512 3741 3739
f 1455 3739 3741
f 509 3742 3735
f 529 3741 3742
f 512 3735 3741
f 3742 3741 3735
f 531 3745 3746
f 532 1631 3745
f 512 3746 1631
f 3745 1631 3746
f 531 3748 2056
f 504 2369 3748
f 529 2056 2369
f 3748 2369 2056
f 504 3524 2116
f 511 3345 3524
f 509 2116 3345
f 3524 3345 2116
f 69 1593 2430
f 68 3749 1593
f 533 2430 3749
f 1593 3749 2430
f 534 3210 2507
f 535 3751 3210
f 536 2507 3751
f 3210 3751 2507
f 537 2557 2583
f 538 3753 2557
f 539 2583 3753
f 2557 3753 2583
f 537 2583 2063
f 539 3754 2583
f 540 2063 3754
f 2583 3754 2063
f 34 2201 1520
f 334 2907 2201
f 35 1520 2907
f 2201 2907 1520
f 35 2907 3759
f 334 3755 2907
f 541 3759 3755
f 2907 3755 3759
f 110 1404 3761
f 109 2152 1404
f 113 3761 2152
f 1404 2152 3761
f 106 2179 2758
f 111 3762 2179
f 542 2758 3762
f 2179 3762 2758
f 106 2758 1857
f 542 3765 2758
f 109 1857 3765
f 2758 3765 1857
f 104 2133 3767
f 106 3766 2133
f 543 3767 3766
f 2133 3766 3767
f 101 1587 3770
f 100 3769 1587
f 543 3770 3769
f 1587 3769 3770
f 105 2000 3771
f 104 3767 2000
f 543 3771 3767
f 2000 3767 3771
f 476 3773 2452
f 5 1600 3773
f 4 2452 1600
f 3773 1600 2452
f 544 3774 3775
f 98 2120 3774
f 13 3775 2120
f 3774 2120 3775
f 545 3779 1498
f 98 3774 3779
f 544 1498 3774
f 3779 3774 1498
f 545 3207 3782
f 94 3057 3207
f 478 3782 3057
f 3207 3057 3782
f 545 3782 3779
f 478 3578 3782
f 98 3779 3578
f 3782 3578 3779
f 94 1745 2100
f 546 1692 1745
f 95 2100 1692
f 1745 1692 2100
f 87 2069 2057
f 90 3788 2069
f 85 2057 3788
f 2069 3788 2057
f 85 3788 3790
f 90 1482 3788
f 89 3790 1482
f 3788 1482 3790
f 533 3749 3793
f 68 3791 3749
f 547 3793 3791
f 3749 3791 3793
f 547 3791 1961
f 68 1993 3791
f 71 1961 1993
f 3791 1993 1961
f 69 3712 3086
f 548 3794 3712
f 64 3086 3794
f 3712 3794 3086
f 549 3797 3495
f 62 2140 3797
f 550 3495 2140
f 3797 2140 3495
f 550 2140 3801
f 62 1734 2140
f 64 3801 1734
f 2140 1734 3801
f 60 1609 3130
f 62 3797 1609
f 549 3130 3797
f 1609 3797 3130
f 58 1929 3802
f 60 1567 1929
f 551 3802 1567
f 1929 1567 3802
f 551 1567 3438
f 60 3130 1567
f 549 3438 3130
f 1567 3130 3438
f 551 3702 3802
f 55 1924 3702
f 58 3802 1924
f 3702 1924 3802
f 52 1833 1885
f 37 1896 1833
f 53 1885 1896
f 1833 1896 1885
f 45 1874 2076
f 48 3409 1874
f 552 2076 3409
f 1874 3409 2076
f 553 3805 2476
f 42 1856 3805
f 45 2476 1856
f 3805 1856 2476
f 554 2697 2701
f 555 3806 2697
f 556 2701 3806
f 2697 3806 2701
f 557 2948 3314
f 558 2545 2948
f 476 3314 2545
f 2948 2545 3314
f 557 3314 3807
f 476 3626 3314
f 258 3807 3626
f 3314 3626 3807
f 476 2545 3773
f 558 2421 2545
f 5 3773 2421
f 2545 2421 3773
f 5 2421 3808
f 558 1595 2421
f 559 3808 1595
f 2421 1595 3808
f 560 1510 1883
f 561 1435 1510
f 562 1883 1435
f 1510 1435 1883
f 560 1883 2221
f 562 2666 1883
f 544 2221 2666
f 1883 2666 2221
f 544 2666 1498
f 562 2750 2666
f 545 1498 2750
f 2666 2750 1498
f 545 2750 2241
f 562 2602 2750
f 563 2241 2602
f 2750 2602 2241
f 545 2241 3811
f 563 3084 2241
f 546 3811 3084
f 2241 3084 3811
f 546 3084 3813
f 563 3521 3084
f 564 3813 3521
f 3084 3521 3813
f 546 3813 1692
f 564 3814 3813
f 95 1692 3814
f 3813 3814 1692
f 95 3814 3822
f 564 3821 3814
f 565 3822 3821
f 3814 3821 3822
f 95 3822 3647
f 565 3823 3822
f 566 3647 3823
f 3822 3823 3647
f 567 2953 3826
f 543 3825 2953
f 568 3826 3825
f 2953 3825 3826
f 569 2852 3830
f 570 3827 2852
f 114 3830 3827
f 2852 3827 3830
f 546 1745 3811
f 94 3207 1745
f 545 3811 3207
f 1745 3207 3811
f 544 3775 2221
f 13 3833 3775
f 560 2221 3833
f 3775 3833 2221
f 560 3833 3834
f 13 3701 3833
f 7 3834 3701
f 3833 3701 3834
f 7 3701 2039
f 13 1568 3701
f 12 2039 1568
f 3701 1568 2039
f 537 3838 3839
f 89 3272 3838
f 93 3839 3272
f 3838 3272 3839
f 537 3839 3841
f 93 3013 3839
f 571 3841 3013
f 3839 3013 3841
f 571 3013 3842
f 93 2089 3013
f 91 3842 2089
f 3013 2089 3842
f 572 2790 2620
f 573 3843 2790
f 91 2620 3843
f 2790 3843 2620
f 566 3844 3845
f 574 2429 3844
f 91 3845 2429
f 3844 2429 3845
f 566 3632 2544
f 572 1433 3632
f 575 2544 1433
f 3632 1433 2544
f 575 1484 2544
f 576 3847 1484
f 566 2544 3847
f 1484 3847 2544
f 575 3602 2333
f 571 3842 3602
f 91 2333 3842
f 3602 3842 2333
f 566 3845 2917
f 91 2083 3845
f 92 2917 2083
f 3845 2083 2917
f 566 2917 3647
f 92 2931 2917
f 95 3647 2931
f 2917 2931 3647
f 95 2931 2101
f 92 2118 2931
f 97 2101 2118
f 2931 2118 2101
f 561 1510 3848
f 560 3834 1510
f 7 3848 3834
f 1510 3834 3848
f 561 3848 2566
f 7 3851 3848
f 559 2566 3851
f 3848 3851 2566
f 559 3851 3808
f 7 1550 3851
f 5 3808 1550
f 3851 1550 3808
f 258 2129 2131
f 102 1425 2129
f 101 2131 1425
f 2129 1425 2131
f 258 2131 3852
f 101 2700 2131
f 577 3852 2700
f 2131 2700 3852
f 109 3765 1509
f 542 3855 3765
f 578 1509 3855
f 3765 3855 1509
f 578 3855 3859
f 542 3857 3855
f 579 3859 3857
f 3855 3857 3859
f 100 2674 3769
f 105 3771 2674
f 543 3769 3771
f 2674 3771 3769
f 101 3770 3863
f 543 3861 3770
f 580 3863 3861
f 3770 3861 3863
f 101 3863 2700
f 580 3864 3863
f 577 2700 3864
f 3863 3864 2700
f 570 3866 3176
f 581 3867 3866
f 113 3176 3867
f 3866 3867 3176
f 570 3176 3827
f 113 1459 3176
f 114 3827 1459
f 3176 1459 3827
f 116 1854 3869
f 119 1613 1854
f 555 3869 1613
f 1854 1613 3869
f 116 3869 3870
f 555 2407 3869
f 582 3870 2407
f 3869 2407 3870
f 555 1613 2250
f 119 2172 1613
f 35 2250 2172
f 1613 2172 2250
f 581 2661 3867
f 579 3871 2661
f 113 3867 3871
f 2661 3871 3867
f 113 3871 3872
f 579 3857 3871
f 542 3872 3857
f 3871 3857 3872
f 577 2196 3852
f 557 3807 2196
f 258 3852 3807
f 2196 3807 3852
f 106 1857 3874
f 109 1509 1857
f 578 3874 1509
f 1857 1509 3874
f 106 3874 3875
f 578 3249 3874
f 568 3875 3249
f 3874 3249 3875
f 106 3875 3766
f 568 3825 3875
f 543 3766 3825
f 3875 3825 3766
f 543 2953 3861
f 567 3878 2953
f 580 3861 3878
f 2953 3878 3861
f 583 3879 3356
f 584 2322 3879
f 553 3356 2322
f 3879 2322 3356
f 551 3438 3884
f 549 3880 3438
f 585 3884 3880
f 3438 3880 3884
f 586 3704 1507
f 533 3793 3704
f 547 1507 3793
f 3704 3793 1507
f 547 2193 3885
f 72 2891 2193
f 587 3885 2891
f 2193 2891 3885
f 587 2891 3887
f 72 2728 2891
f 588 3887 2728
f 2891 2728 3887
f 77 2212 3890
f 79 3889 2212
f 588 3890 3889
f 2212 3889 3890
f 588 3889 3893
f 79 2031 3889
f 78 3893 2031
f 3889 2031 3893
f 479 3711 3895
f 43 3894 3711
f 584 3895 3894
f 3711 3894 3895
f 43 1497 3896
f 42 3805 1497
f 553 3896 3805
f 1497 3805 3896
f 43 3896 3894
f 553 2322 3896
f 584 3894 2322
f 3896 2322 3894
f 553 2476 3898
f 45 2076 2476
f 552 3898 2076
f 2476 2076 3898
f 48 1882 3409
f 38 3899 1882
f 552 3409 3899
f 1882 3899 3409
f 64 3794 3801
f 548 2548 3794
f 550 3801 2548
f 3794 2548 3801
f 71 1693 1961
f 72 2193 1693
f 547 1961 2193
f 1693 2193 1961
f 72 2025 3901
f 75 1715 2025
f 77 3901 1715
f 2025 1715 3901
f 72 3901 2728
f 77 3890 3901
f 588 2728 3890
f 3901 3890 2728
f 589 3904 3905
f 81 3015 3904
f 358 3905 3015
f 3904 3015 3905
f 589 3905 2756
f 358 2991 3905
f 82 2756 2991
f 3905 2991 2756
f 37 1833 1421
f 52 2358 1833
f 38 1421 2358
f 1833 2358 1421
f 584 3879 3907
f 583 3819 3879
f 590 3907 3819
f 3879 3819 3907
f 479 3895 2164
f 584 3908 3895
f 480 2164 3908
f 3895 3908 2164
f 480 3908 3715
f 584 3907 3908
f 590 3715 3907
f 3908 3907 3715
f 480 3715 3725
f 590 3910 3715
f 523 3725 3910
f 3715 3910 3725
f 552 3528 3912
f 591 3911 3528
f 592 3912 3911
f 3528 3911 3912
f 552 3100 3528
f 593 2763 3100
f 591 3528 2763
f 3100 2763 3528
f 52 3883 2358
f 594 3913 3883
f 38 2358 3913
f 3883 3913 2358
f 38 3913 3921
f 594 3918 3913
f 595 3921 3918
f 3913 3918 3921
f 38 3921 1774
f 595 2248 3921
f 593 1774 2248
f 3921 2248 1774
f 38 1774 3899
f 593 3100 1774
f 552 3899 3100
f 1774 3100 3899
f 553 3898 1886
f 552 3912 3898
f 592 1886 3912
f 3898 3912 1886
f 553 1886 3356
f 592 3923 1886
f 583 3356 3923
f 1886 3923 3356
f 596 3384 1791
f 52 1917 3384
f 55 1791 1917
f 3384 1917 1791
f 596 1791 2842
f 55 3702 1791
f 551 2842 3702
f 1791 3702 2842
f 596 2842 3926
f 551 3925 2842
f 597 3926 3925
f 2842 3925 3926
f 594 3883 3928
f 52 3384 3883
f 596 3928 3384
f 3883 3384 3928
f 597 3925 3929
f 551 3884 3925
f 585 3929 3884
f 3925 3884 3929
f 585 3880 3930
f 549 3495 3880
f 550 3930 3495
f 3880 3495 3930
f 585 3930 3931
f 550 2964 3930
f 598 3931 2964
f 3930 2964 3931
f 598 2964 3470
f 550 2548 2964
f 548 3470 2548
f 2964 2548 3470
f 598 3470 3937
f 548 3934 3470
f 599 3937 3934
f 3470 3934 3937
f 599 3934 2892
f 548 3193 3934
f 600 2892 3193
f 3934 3193 2892
f 588 2262 3887
f 601 2819 2262
f 587 3887 2819
f 2262 2819 3887
f 587 3938 3033
f 535 3210 3938
f 534 3033 3210
f 3938 3210 3033
f 587 3033 3885
f 534 3939 3033
f 547 3885 3939
f 3033 3939 3885
f 547 3939 1507
f 534 3940 3939
f 586 1507 3940
f 3939 3940 1507
f 586 3940 3704
f 534 3942 3940
f 533 3704 3942
f 3940 3942 3704
f 69 2430 3712
f 533 2326 2430
f 548 3712 2326
f 2430 2326 3712
f 85 3790 3941
f 89 1890 3790
f 540 3941 1890
f 3790 1890 3941
f 85 3941 1476
f 540 3947 3941
f 86 1476 3947
f 3941 3947 1476
f 82 2174 3466
f 86 3948 2174
f 602 3466 3948
f 2174 3948 3466
f 82 3466 2756
f 602 3949 3466
f 589 2756 3949
f 3466 3949 2756
f 589 3950 3904
f 603 2114 3950
f 81 3904 2114
f 3950 2114 3904
f 81 2114 3490
f 603 3952 2114
f 604 3490 3952
f 2114 3952 3490
f 81 3490 2036
f 604 3953 3490
f 78 2036 3953
f 3490 3953 2036
f 604 2216 3954
f 601 2262 2216
f 588 3954 2262
f 2216 2262 3954
f 604 3954 3953
f 588 3893 3954
f 78 3953 3893
f 3954 3893 3953
f 86 2174 2049
f 82 1739 2174
f 84 2049 1739
f 2174 1739 2049
f 601 3955 2819
f 605 3957 3955
f 587 2819 3957
f 3955 3957 2819
f 587 3957 3938
f 605 3961 3957
f 535 3938 3961
f 3957 3961 3938
f 534 1976 3942
f 606 1481 1976
f 533 3942 1481
f 1976 1481 3942
f 533 1481 2996
f 606 1624 1481
f 600 2996 1624
f 1481 1624 2996
f 533 2996 2326
f 600 3193 2996
f 548 2326 3193
f 2996 3193 2326
f 114 1928 3830
f 116 3932 1928
f 569 3830 3932
f 1928 3932 3830
f 569 3932 3962
f 116 3870 3932
f 582 3962 3870
f 3932 3870 3962
f 607 3964 2047
f 555 2250 3964
f 35 2047 2250
f 3964 2250 2047
f 608 2032 3613
f 609 3945 2032
f 35 3613 3945
f 2032 3945 3613
f 554 3965 2697
f 609 3065 3965
f 555 2697 3065
f 3965 3065 2697
f 554 3966 3967
f 35 3759 3966
f 541 3967 3759
f 3966 3759 3967
f 554 3967 3968
f 541 3019 3967
f 610 3968 3019
f 3967 3019 3968
f 566 2277 3972
f 571 3970 2277
f 611 3972 3970
f 2277 3970 3972
f 89 3838 1890
f 537 2063 3838
f 540 1890 2063
f 3838 2063 1890
f 86 3947 2645
f 540 3974 3947
f 612 2645 3974
f 3947 3974 2645
f 86 2645 3948
f 612 3978 2645
f 602 3948 3978
f 2645 3978 3948
f 613 2142 2518
f 294 2231 2142
f 304 2518 2231
f 2142 2231 2518
f 327 2821 2103
f 294 3980 2821
f 614 2103 3980
f 2821 3980 2103
f 321 1604 3982
f 327 2745 1604
f 615 3982 2745
f 1604 2745 3982
f 616 3984 3985
f 324 2762 3984
f 322 3985 2762
f 3984 2762 3985
f 330 1957 3987
f 328 3986 1957
f 617 3987 3986
f 1957 3986 3987
f 618 3988 3083
f 333 3991 3988
f 619 3083 3991
f 3988 3991 3083
f 619 3991 3652
f 333 2777 3991
f 330 3652 2777
f 3991 2777 3652
f 541 3755 3993
f 334 2424 3755
f 618 3993 2424
f 3755 2424 3993
f 618 2424 3988
f 334 1491 2424
f 333 3988 1491
f 2424 1491 3988
f 620 3464 3354
f 610 3994 3464
f 621 3354 3994
f 3464 3994 3354
f 622 1599 2498
f 623 1701 1599
f 624 2498 1701
f 1599 1701 2498
f 622 3996 3997
f 625 1443 3996
f 626 3997 1443
f 3996 1443 3997
f 626 4002 3997
f 623 1599 4002
f 622 3997 1599
f 4002 1599 3997
f 627 4007 2494
f 628 3373 4007
f 629 2494 3373
f 4007 3373 2494
f 629 3373 2879
f 628 2972 3373
f 630 2879 2972
f 3373 2972 2879
f 629 2879 4009
f 630 2735 2879
f 631 4009 2735
f 2879 2735 4009
f 632 1534 3024
f 633 2855 1534
f 634 3024 2855
f 1534 2855 3024
f 633 1534 3960
f 632 4010 1534
f 627 3960 4010
f 1534 4010 3960
f 627 4010 4007
f 632 4013 4010
f 628 4007 4013
f 4010 4013 4007
f 614 3428 2896
f 635 4014 3428
f 636 2896 4014
f 3428 4014 2896
f 614 2896 4019
f 636 4015 2896
f 633 4019 4015
f 2896 4015 4019
f 633 4015 2855
f 636 4020 4015
f 634 2855 4020
f 4015 4020 2855
f 635 3428 4021
f 614 2947 3428
f 613 4021 2947
f 3428 2947 4021
f 613 2947 2142
f 614 3980 2947
f 294 2142 3980
f 2947 3980 2142
f 637 4022 3757
f 617 3999 4022
f 326 3757 3999
f 4022 3999 3757
f 326 3999 3410
f 617 3986 3999
f 328 3410 3986
f 3999 3986 3410
f 326 3410 2772
f 328 2796 3410
f 325 2772 2796
f 3410 2796 2772
f 619 3652 2240
f 330 3987 3652
f 617 2240 3987
f 3652 3987 2240
f 610 3019 2343
f 541 3993 3019
f 618 2343 3993
f 3019 3993 2343
f 633 2691 4023
f 638 3395 2691
f 615 4023 3395
f 2691 3395 4023
f 633 4023 4019
f 615 1984 4023
f 614 4019 1984
f 4023 1984 4019
f 614 1984 2103
f 615 2745 1984
f 327 2103 2745
f 1984 2745 2103
f 324 3984 2768
f 616 3085 3984
f 326 2768 3085
f 3984 3085 2768
f 326 3085 4028
f 616 4024 3085
f 639 4028 4024
f 3085 4024 4028
f 326 4028 3757
f 639 4029 4028
f 637 3757 4029
f 4028 4029 3757
f 624 3001 3456
f 640 4031 3001
f 637 3456 4031
f 3001 4031 3456
f 624 3456 2498
f 637 2121 3456
f 622 2498 2121
f 3456 2121 2498
f 622 2121 3996
f 637 2712 2121
f 625 3996 2712
f 2121 2712 3996
f 629 1697 2494
f 626 3124 1697
f 627 2494 3124
f 1697 3124 2494
f 627 3124 2246
f 626 1443 3124
f 625 2246 1443
f 3124 1443 2246
f 627 2246 3960
f 625 4032 2246
f 633 3960 4032
f 2246 4032 3960
f 633 4032 2691
f 625 2694 4032
f 638 2691 2694
f 4032 2694 2691
f 621 3994 4034
f 610 2343 3994
f 618 4034 2343
f 3994 2343 4034
f 621 4034 4041
f 618 4040 4034
f 641 4041 4040
f 4034 4040 4041
f 641 4040 2764
f 618 3083 4040
f 619 2764 3083
f 4040 3083 2764
f 641 2764 4043
f 619 4042 2764
f 640 4043 4042
f 2764 4042 4043
f 640 4042 4045
f 619 2240 4042
f 617 4045 2240
f 4042 2240 4045
f 640 4045 4031
f 617 4022 4045
f 637 4031 4022
f 4045 4022 4031
f 625 2712 2318
f 637 4029 2712
f 639 2318 4029
f 2712 4029 2318
f 625 2318 2694
f 639 4050 2318
f 638 2694 4050
f 2318 4050 2694
f 638 4050 2356
f 639 4024 4050
f 616 2356 4024
f 4050 4024 2356
f 638 2356 3395
f 616 4039 2356
f 615 3395 4039
f 2356 4039 3395
f 615 4039 4051
f 616 3985 4039
f 322 4051 3985
f 4039 3985 4051
f 615 4051 3982
f 322 2743 4051
f 321 3982 2743
f 4051 2743 3982
f 642 4054 3262
f 183 4056 4054
f 643 3262 4056
f 4054 4056 3262
f 644 3680 4061
f 645 4058 3680
f 646 4061 4058
f 3680 4058 4061
f 647 3750 3426
f 648 3031 3750
f 649 3426 3031
f 3750 3031 3426
f 650 4064 3014
f 651 4065 4064
f 652 3014 4065
f 4064 4065 3014
f 653 3544 1743
f 654 3631 3544
f 655 1743 3631
f 3544 3631 1743
f 656 2800 2516
f 657 1410 2800
f 658 2516 1410
f 2800 1410 2516
f 659 3744 4067
f 660 3421 3744
f 661 4067 3421
f 3744 3421 4067
f 662 3209 4070
f 663 4069 3209
f 664 4070 4069
f 3209 4069 4070
f 665 2556 2581
f 666 3752 2556
f 667 2581 3752
f 2556 3752 2581
f 150 3575 4073
f 156 4072 3575
f 668 4073 4072
f 3575 4072 4073
f 173 2966 2965
f 366 4076 2966
f 669 2965 4076
f 2966 4076 2965
f 240 3642 2144
f 489 3226 3642
f 241 2144 3226
f 3642 3226 2144
f 489 3222 3226
f 242 1411 3222
f 241 3226 1411
f 3222 1411 3226
f 670 3763 4078
f 237 2394 3763
f 242 4078 2394
f 3763 2394 4078
f 242 2394 2325
f 237 1539 2394
f 239 2325 1539
f 2394 1539 2325
f 237 3763 1711
f 670 2019 3763
f 235 1711 2019
f 3763 2019 1711
f 671 3710 3629
f 236 1636 3710
f 235 3629 1636
f 3710 1636 3629
f 671 4079 3710
f 233 2254 4079
f 236 3710 2254
f 4079 2254 3710
f 228 4081 1926
f 672 4085 4081
f 226 1926 4085
f 4081 4085 1926
f 226 4085 2392
f 672 4086 4085
f 224 2392 4086
f 4085 4086 2392
f 228 1618 4081
f 230 4091 1618
f 672 4081 4091
f 1618 4091 4081
f 672 4091 4092
f 230 2396 4091
f 233 4092 2396
f 4091 2396 4092
f 223 1808 1660
f 222 1725 1808
f 224 1660 1725
f 1808 1725 1660
f 218 2381 4093
f 220 1920 2381
f 223 4093 1920
f 2381 1920 4093
f 212 1847 2045
f 215 1943 1847
f 214 2045 1943
f 1847 1943 2045
f 207 1516 2342
f 206 4095 1516
f 204 2342 4095
f 1516 4095 2342
f 204 4095 2629
f 206 1577 4095
f 673 2629 1577
f 4095 1577 2629
f 200 2341 3854
f 203 3020 2341
f 674 3854 3020
f 2341 3020 3854
f 674 3020 3271
f 203 1706 3020
f 204 3271 1706
f 3020 1706 3271
f 197 2064 3158
f 200 2189 2064
f 675 3158 2189
f 2064 2189 3158
f 676 2809 2638
f 194 4001 2809
f 677 2638 4001
f 2809 4001 2638
f 677 4001 4096
f 194 1738 4001
f 196 4096 1738
f 4001 1738 4096
f 189 1870 4099
f 192 3799 1870
f 678 4099 3799
f 1870 3799 4099
f 678 3799 2552
f 192 3796 3799
f 676 2552 3796
f 3799 3796 2552
f 676 3796 2809
f 192 2320 3796
f 194 2809 2320
f 3796 2320 2809
f 678 2137 4099
f 190 1408 2137
f 189 4099 1408
f 2137 1408 4099
f 176 4101 2309
f 186 3295 4101
f 190 2309 3295
f 4101 3295 2309
f 183 4063 4105
f 178 4104 4063
f 187 4105 4104
f 4063 4104 4105
f 184 1904 2824
f 182 2044 1904
f 180 2824 2044
f 1904 2044 2824
f 182 1464 3051
f 181 3507 1464
f 642 3051 3507
f 1464 3507 3051
f 180 1638 2824
f 179 4106 1638
f 184 2824 4106
f 1638 4106 2824
f 642 3850 4054
f 180 3106 3850
f 183 4054 3106
f 3850 3106 4054
f 371 3082 3447
f 370 3172 3082
f 679 3447 3172
f 3082 3172 3447
f 669 4076 1442
f 366 1446 4076
f 365 1442 1446
f 4076 1446 1442
f 669 1442 4109
f 365 2070 1442
f 679 4109 2070
f 1442 2070 4109
f 679 2070 3447
f 365 3064 2070
f 371 3447 3064
f 2070 3064 3447
f 173 2965 1436
f 669 2787 2965
f 174 1436 2787
f 2965 2787 1436
f 680 4110 4080
f 171 1671 4110
f 172 4080 1671
f 4110 1671 4080
f 680 4080 4090
f 172 1608 4080
f 174 4090 1608
f 4080 1608 4090
f 681 3804 3795
f 170 1458 3804
f 169 3795 1458
f 3804 1458 3795
f 681 3795 4111
f 169 1779 3795
f 682 4111 1779
f 3795 1779 4111
f 682 1779 2650
f 169 1558 1779
f 168 2650 1558
f 1779 1558 2650
f 683 4115 4119
f 165 2989 4115
f 170 4119 2989
f 4115 2989 4119
f 683 4119 3840
f 170 3804 4119
f 681 3840 3804
f 4119 3804 3840
f 167 3099 4083
f 684 2789 3099
f 685 4083 2789
f 3099 2789 4083
f 167 4083 2408
f 685 4121 4083
f 162 2408 4121
f 4083 4121 2408
f 167 2007 3099
f 166 4122 2007
f 684 3099 4122
f 2007 4122 3099
f 684 4122 4123
f 166 1921 4122
f 683 4123 1921
f 4122 1921 4123
f 683 1921 4115
f 166 1420 1921
f 165 4115 1420
f 1921 1420 4115
f 686 4116 3612
f 163 4089 4116
f 685 3612 4089
f 4116 4089 3612
f 685 4089 4121
f 163 2028 4089
f 162 4121 2028
f 4089 2028 4121
f 687 1585 2206
f 164 4124 1585
f 686 2206 4124
f 1585 4124 2206
f 686 4124 4116
f 164 1658 4124
f 163 4116 1658
f 4124 1658 4116
f 164 1585 3246
f 687 3747 1585
f 412 3246 3747
f 1585 3747 3246
f 412 3747 3983
f 687 1649 3747
f 688 3983 1649
f 3747 1649 3983
f 688 2149 3983
f 159 3250 2149
f 412 3983 3250
f 2149 3250 3983
f 160 1690 1767
f 159 1752 1690
f 161 1767 1752
f 1690 1752 1767
f 161 1752 4126
f 159 3599 1752
f 689 4126 3599
f 1752 3599 4126
f 690 1793 1407
f 157 4127 1793
f 689 1407 4127
f 1793 4127 1407
f 689 4127 4126
f 157 2283 4127
f 161 4126 2283
f 4127 2283 4126
f 153 1418 4128
f 154 3666 1418
f 691 4128 3666
f 1418 3666 4128
f 691 3666 2598
f 154 2386 3666
f 690 2598 2386
f 3666 2386 2598
f 690 2386 1793
f 154 1992 2386
f 157 1793 1992
f 2386 1992 1793
f 155 2305 4129
f 153 4128 2305
f 691 4129 4128
f 2305 4128 4129
f 155 2261 2305
f 30 2258 2261
f 153 2305 2258
f 2261 2258 2305
f 150 4073 2099
f 668 4130 4073
f 151 2099 4130
f 4073 4130 2099
f 447 3385 4074
f 148 1714 3385
f 692 4074 1714
f 3385 1714 4074
f 692 1714 3818
f 148 3831 1714
f 693 3818 3831
f 1714 3831 3818
f 693 3831 2710
f 148 1646 3831
f 147 2710 1646
f 3831 1646 2710
f 694 2067 4132
f 141 4131 2067
f 692 4132 4131
f 2067 4131 4132
f 692 4131 4074
f 141 3387 4131
f 447 4074 3387
f 4131 3387 4074
f 695 4133 3862
f 145 2041 4133
f 142 3862 2041
f 4133 2041 3862
f 695 3862 4135
f 142 1452 3862
f 141 4135 1452
f 3862 1452 4135
f 695 4135 2738
f 141 2067 4135
f 694 2738 2067
f 4135 2067 2738
f 696 4136 4138
f 144 4137 4136
f 695 4138 4137
f 4136 4137 4138
f 695 4137 4133
f 144 1789 4137
f 145 4133 1789
f 4137 1789 4133
f 697 4139 4141
f 140 3002 4139
f 144 4141 3002
f 4139 3002 4141
f 697 4141 1522
f 144 4136 4141
f 696 1522 4136
f 4141 4136 1522
f 137 1462 2836
f 138 3700 1462
f 698 2836 3700
f 1462 3700 2836
f 698 3700 2850
f 138 4142 3700
f 697 2850 4142
f 3700 4142 2850
f 697 4142 4139
f 138 1905 4142
f 140 4139 1905
f 4142 1905 4139
f 699 4143 4144
f 133 1816 4143
f 698 4144 1816
f 4143 1816 4144
f 698 1816 2836
f 133 2213 1816
f 137 2836 2213
f 1816 2213 2836
f 700 3973 4149
f 135 3408 3973
f 699 4149 3408
f 3973 3408 4149
f 699 3408 4143
f 135 2211 3408
f 133 4143 2211
f 3408 2211 4143
f 135 3973 3424
f 700 4151 3973
f 455 3424 4151
f 3973 4151 3424
f 455 4151 3303
f 700 3990 4151
f 701 3303 3990
f 4151 3990 3303
f 249 3406 2761
f 455 3303 3406
f 701 2761 3303
f 3406 3303 2761
f 702 2360 2339
f 245 2054 2360
f 247 2339 2054
f 2360 2054 2339
f 128 2197 4153
f 131 1612 2197
f 703 4153 1612
f 2197 1612 4153
f 704 4154 1479
f 129 2402 4154
f 703 1479 2402
f 4154 2402 1479
f 703 2402 4153
f 129 2188 2402
f 128 4153 2188
f 2402 2188 4153
f 705 4155 4157
f 250 4156 4155
f 704 4157 4156
f 4155 4156 4157
f 704 4156 4154
f 250 3523 4156
f 129 4154 3523
f 4156 3523 4154
f 705 3724 4155
f 251 2300 3724
f 250 4155 2300
f 3724 2300 4155
f 705 3337 3724
f 259 1505 3337
f 251 3724 1505
f 3337 1505 3724
f 125 2180 4158
f 124 3493 2180
f 259 4158 3493
f 2180 3493 4158
f 304 2330 2518
f 289 3661 2330
f 613 2518 3661
f 2330 3661 2518
f 613 3661 4160
f 289 1994 3661
f 123 4160 1994
f 3661 1994 4160
f 635 4021 1801
f 613 4161 4021
f 706 1801 4161
f 4021 4161 1801
f 707 2603 3917
f 636 3576 2603
f 706 3917 3576
f 2603 3576 3917
f 706 3576 1801
f 636 4014 3576
f 635 1801 4014
f 3576 4014 1801
f 708 2158 4162
f 634 4020 2158
f 636 4162 4020
f 2158 4020 4162
f 632 3024 3998
f 634 2158 3024
f 708 3998 2158
f 3024 2158 3998
f 628 4152 2972
f 709 3487 4152
f 630 2972 3487
f 4152 3487 2972
f 710 1819 3882
f 631 2735 1819
f 630 3882 2735
f 1819 2735 3882
f 630 4163 3882
f 711 3676 4163
f 710 3882 3676
f 4163 3676 3882
f 712 4165 2515
f 713 2913 4165
f 714 2515 2913
f 4165 2913 2515
f 715 4168 3674
f 716 3736 4168
f 717 3674 3736
f 4168 3736 3674
f 718 2199 2127
f 719 2904 2199
f 715 2127 2904
f 2199 2904 2127
f 715 2904 4168
f 719 4169 2904
f 716 4168 4169
f 2904 4169 4168
f 718 2846 2199
f 720 2078 2846
f 719 2199 2078
f 2846 2078 2199
f 721 1488 2798
f 722 4171 1488
f 720 2798 4171
f 1488 4171 2798
f 721 2798 4175
f 720 2846 2798
f 718 4175 2846
f 2798 2846 4175
f 723 3693 1828
f 724 2272 3693
f 721 1828 2272
f 3693 2272 1828
f 721 2272 1488
f 724 4176 2272
f 722 1488 4176
f 2272 4176 1488
f 725 2959 2847
f 726 4178 2959
f 723 2847 4178
f 2959 4178 2847
f 726 3066 4178
f 724 3693 3066
f 723 4178 3693
f 3066 3693 4178
f 725 2346 2959
f 727 3935 2346
f 726 2959 3935
f 2346 3935 2959
f 728 4180 2895
f 729 4181 4180
f 727 2895 4181
f 4180 4181 2895
f 728 2895 3590
f 727 2346 2895
f 725 3590 2346
f 2895 2346 3590
f 730 4182 4189
f 731 4186 4182
f 728 4189 4186
f 4182 4186 4189
f 728 4186 4180
f 731 2579 4186
f 729 4180 2579
f 4186 2579 4180
f 732 3589 4057
f 733 2894 3589
f 730 4057 2894
f 3589 2894 4057
f 730 2894 4182
f 733 4190 2894
f 731 4182 4190
f 2894 4190 4182
f 734 3657 4185
f 735 4192 3657
f 733 4185 4192
f 3657 4192 4185
f 734 4185 3580
f 733 3589 4185
f 732 3580 3589
f 4185 3589 3580
f 736 1518 1610
f 737 4193 1518
f 734 1610 4193
f 1518 4193 1610
f 734 4193 3657
f 737 4196 4193
f 735 3657 4196
f 4193 4196 3657
f 736 4197 1518
f 738 1691 4197
f 737 1518 1691
f 4197 1691 1518
f 739 4199 2878
f 740 4200 4199
f 736 2878 4200
f 4199 4200 2878
f 736 4200 4197
f 740 4202 4200
f 738 4197 4202
f 4200 4202 4197
f 741 3611 4204
f 742 3365 3611
f 740 4204 3365
f 3611 3365 4204
f 741 4204 4205
f 740 4199 4204
f 739 4205 4199
f 4204 4199 4205
f 742 3611 1982
f 741 4206 3611
f 743 1982 4206
f 3611 4206 1982
f 743 4206 4033
f 741 3353 4206
f 744 4033 3353
f 4206 3353 4033
f 744 3217 4033
f 745 3204 3217
f 743 4033 3204
f 3217 3204 4033
f 745 3217 3454
f 744 4209 3217
f 667 3454 4209
f 3217 4209 3454
f 745 3454 3608
f 667 3752 3454
f 666 3608 3752
f 3454 3752 3608
f 665 2581 1647
f 667 3816 2581
f 746 1647 3816
f 2581 3816 1647
f 747 3494 3080
f 665 1647 3494
f 746 3080 1647
f 3494 1647 3080
f 748 3352 4210
f 749 3268 3352
f 750 4210 3268
f 3352 3268 4210
f 751 2209 4212
f 750 4211 2209
f 747 4212 4211
f 2209 4211 4212
f 752 2006 2795
f 753 3789 2006
f 749 2795 3789
f 2006 3789 2795
f 752 2795 4214
f 749 3352 2795
f 748 4214 3352
f 2795 3352 4214
f 754 4216 3049
f 753 2006 4216
f 752 3049 2006
f 4216 2006 3049
f 755 4004 3018
f 756 2794 4004
f 757 3018 2794
f 4004 2794 3018
f 755 1778 4004
f 758 3273 1778
f 756 4004 3273
f 1778 3273 4004
f 759 4218 4224
f 760 1533 4218
f 761 4224 1533
f 4218 1533 4224
f 759 4226 2920
f 762 3656 4226
f 763 2920 3656
f 4226 3656 2920
f 764 4229 1916
f 765 3330 4229
f 766 1916 3330
f 4229 3330 1916
f 763 3944 4231
f 764 4215 3944
f 767 4231 4215
f 3944 4215 4231
f 768 4233 1432
f 769 4235 4233
f 770 1432 4235
f 4233 4235 1432
f 771 3785 4008
f 772 4236 3785
f 773 4008 4236
f 3785 4236 4008
f 774 2093 3347
f 775 4237 2093
f 776 3347 4237
f 2093 4237 3347
f 777 4241 1742
f 778 4245 4241
f 779 1742 4245
f 4241 4245 1742
f 780 3971 4249
f 781 4247 3971
f 777 4249 4247
f 3971 4247 4249
f 777 4247 4241
f 781 4252 4247
f 778 4241 4252
f 4247 4252 4241
f 781 3971 4255
f 780 4253 3971
f 782 4255 4253
f 3971 4253 4255
f 663 4257 4258
f 782 4253 4257
f 780 4258 4253
f 4257 4253 4258
f 663 3209 4257
f 662 1581 3209
f 782 4257 1581
f 3209 1581 4257
f 646 4259 2845
f 662 4070 4259
f 664 2845 4070
f 4259 4070 2845
f 783 4261 4263
f 784 4262 4261
f 785 4263 4262
f 4261 4262 4263
f 151 4130 3641
f 668 2827 4130
f 786 3641 2827
f 4130 2827 3641
f 786 2827 3900
f 668 4265 2827
f 787 3900 4265
f 2827 4265 3900
f 786 3900 2547
f 787 4267 3900
f 788 2547 4267
f 3900 4267 2547
f 789 4268 4027
f 790 3215 4268
f 791 4027 3215
f 4268 3215 4027
f 243 2413 3266
f 245 2631 2413
f 792 3266 2631
f 2413 2631 3266
f 792 2631 1430
f 245 2360 2631
f 702 1430 2360
f 2631 2360 1430
f 792 1430 4179
f 702 4201 1430
f 793 4179 4201
f 1430 4201 4179
f 789 4269 3909
f 701 4270 4269
f 794 3909 4270
f 4269 4270 3909
f 794 4270 4271
f 701 3990 4270
f 700 4271 3990
f 4270 3990 4271
f 794 4271 3098
f 700 4194 4271
f 795 3098 4194
f 4271 4194 3098
f 795 4194 1514
f 700 4149 4194
f 699 1514 4149
f 4194 4149 1514
f 795 1514 2673
f 699 2368 1514
f 796 2673 2368
f 1514 2368 2673
f 796 2368 4273
f 699 4144 2368
f 698 4273 4144
f 2368 4144 4273
f 796 4273 3669
f 698 4274 4273
f 797 3669 4274
f 4273 4274 3669
f 797 4274 4276
f 698 2850 4274
f 697 4276 2850
f 4274 2850 4276
f 797 4276 4278
f 697 4277 4276
f 798 4278 4277
f 4276 4277 4278
f 798 4277 4280
f 697 1522 4277
f 696 4280 1522
f 4277 1522 4280
f 798 4280 1875
f 696 4281 4280
f 799 1875 4281
f 4280 4281 1875
f 799 4281 1502
f 696 4138 4281
f 695 1502 4138
f 4281 4138 1502
f 799 1502 4282
f 695 1616 1502
f 800 4282 1616
f 1502 1616 4282
f 800 1616 1450
f 695 2738 1616
f 694 1450 2738
f 1616 2738 1450
f 800 1450 4285
f 694 4283 1450
f 801 4285 4283
f 1450 4283 4285
f 801 4283 3392
f 694 4132 4283
f 692 3392 4132
f 4283 4132 3392
f 801 3392 2315
f 692 4286 3392
f 788 2315 4286
f 3392 4286 2315
f 788 4286 4288
f 692 3818 4286
f 693 4288 3818
f 4286 3818 4288
f 788 4288 2547
f 693 1754 4288
f 786 2547 1754
f 4288 1754 2547
f 786 1754 2539
f 693 2710 1754
f 147 2539 2710
f 1754 2710 2539
f 786 2539 3641
f 147 3197 2539
f 151 3641 3197
f 2539 3197 3641
f 787 3688 2176
f 802 4289 3688
f 803 2176 4289
f 3688 4289 2176
f 787 2176 3981
f 803 4291 2176
f 804 3981 4291
f 2176 4291 3981
f 660 2344 3421
f 805 4292 2344
f 661 3421 4292
f 2344 4292 3421
f 661 4292 4298
f 805 4296 4292
f 806 4298 4296
f 4292 4296 4298
f 661 4298 4299
f 806 2097 4298
f 807 4299 2097
f 4298 2097 4299
f 807 2097 4303
f 806 4300 2097
f 690 4303 4300
f 2097 4300 4303
f 807 4303 4305
f 690 4304 4303
f 808 4305 4304
f 4303 4304 4305
f 808 4304 4307
f 690 1407 4304
f 689 4307 1407
f 4304 1407 4307
f 808 4307 4311
f 689 4310 4307
f 809 4311 4310
f 4307 4310 4311
f 810 2657 4313
f 809 2195 2657
f 688 4313 2195
f 2657 2195 4313
f 810 4313 4317
f 688 4314 4313
f 811 4317 4314
f 4313 4314 4317
f 668 4319 4320
f 805 2868 4319
f 802 4320 2868
f 4319 2868 4320
f 802 2868 4322
f 805 2344 2868
f 660 4322 2344
f 2868 2344 4322
f 802 4322 4324
f 660 2061 4322
f 812 4324 2061
f 4322 2061 4324
f 812 2061 4325
f 660 3744 2061
f 659 4325 3744
f 2061 3744 4325
f 812 4325 4328
f 659 4326 4325
f 813 4328 4326
f 4325 4326 4328
f 803 3411 4331
f 812 4329 3411
f 814 4331 4329
f 3411 4329 4331
f 803 4331 4333
f 814 4332 4331
f 815 4333 4332
f 4331 4332 4333
f 812 4328 4329
f 813 4335 4328
f 814 4329 4335
f 4328 4335 4329
f 790 4268 4338
f 789 4337 4268
f 816 4338 4337
f 4268 4337 4338
f 816 4337 4340
f 789 3234 4337
f 817 4340 3234
f 4337 3234 4340
f 791 4342 4345
f 249 2761 4342
f 701 4345 2761
f 4342 2761 4345
f 791 4345 4027
f 701 4269 4345
f 789 4027 4269
f 4345 4269 4027
f 816 4340 4347
f 817 4346 4340
f 648 4347 4346
f 4340 4346 4347
f 126 1445 2570
f 125 4348 1445
f 281 2570 4348
f 1445 4348 2570
f 281 4348 4351
f 125 4349 4348
f 818 4351 4349
f 4348 4349 4351
f 281 4351 4355
f 818 4352 4351
f 819 4355 4352
f 4351 4352 4355
f 819 4352 4357
f 818 4356 4352
f 820 4357 4356
f 4352 4356 4357
f 819 4357 4360
f 820 3638 4357
f 655 4360 3638
f 4357 3638 4360
f 821 4362 2967
f 822 4363 4362
f 823 2967 4363
f 4362 4363 2967
f 648 4346 4364
f 817 1578 4346
f 824 4364 1578
f 4346 1578 4364
f 824 1578 4367
f 817 4366 1578
f 825 4367 4366
f 1578 4366 4367
f 824 4367 4370
f 825 3090 4367
f 826 4370 3090
f 4367 3090 4370
f 826 3090 4373
f 825 4372 3090
f 827 4373 4372
f 3090 4372 4373
f 826 4373 3433
f 827 1996 4373
f 828 3433 1996
f 4373 1996 3433
f 657 2208 1410
f 259 3243 2208
f 658 1410 3243
f 2208 3243 1410
f 658 3243 4375
f 259 3337 3243
f 705 4375 3337
f 3243 3337 4375
f 658 4375 3465
f 705 4376 4375
f 829 3465 4376
f 4375 4376 3465
f 829 4376 4378
f 705 4157 4376
f 704 4378 4157
f 4376 4157 4378
f 829 4378 4380
f 704 3927 4378
f 823 4380 3927
f 4378 3927 4380
f 823 3927 2062
f 704 1479 3927
f 703 2062 1479
f 3927 1479 2062
f 823 2062 2967
f 703 4384 2062
f 821 2967 4384
f 2062 4384 2967
f 648 3750 4347
f 647 2266 3750
f 816 4347 2266
f 3750 2266 4347
f 816 2266 4385
f 647 4134 2266
f 830 4385 4134
f 2266 4134 4385
f 816 4385 3187
f 830 2683 4385
f 793 3187 2683
f 4385 2683 3187
f 816 3187 4338
f 793 4387 3187
f 790 4338 4387
f 3187 4387 4338
f 790 4387 4388
f 793 4201 4387
f 702 4388 4201
f 4387 4201 4388
f 790 4388 3215
f 702 4390 4388
f 791 3215 4390
f 4388 4390 3215
f 791 4390 4391
f 702 2339 4390
f 247 4391 2339
f 4390 2339 4391
f 791 4391 4342
f 247 2391 4391
f 249 4342 2391
f 4391 2391 4342
f 652 4065 1732
f 651 3459 4065
f 831 1732 3459
f 4065 3459 1732
f 832 1952 4392
f 656 3732 1952
f 833 4392 3732
f 1952 3732 4392
f 833 3732 4242
f 656 2630 3732
f 834 4242 2630
f 3732 2630 4242
f 833 4242 1744
f 834 4246 4242
f 835 1744 4246
f 4242 4246 1744
f 835 4246 4393
f 834 1529 4246
f 831 4393 1529
f 4246 1529 4393
f 835 4393 4394
f 831 3459 4393
f 651 4394 3459
f 4393 3459 4394
f 125 4158 2634
f 259 2208 4158
f 657 2634 2208
f 4158 2208 2634
f 125 2634 4349
f 657 4396 2634
f 818 4349 4396
f 2634 4396 4349
f 818 4396 4397
f 657 2800 4396
f 656 4397 2800
f 4396 2800 4397
f 818 4397 4356
f 656 4399 4397
f 820 4356 4399
f 4397 4399 4356
f 655 3638 1743
f 820 3133 3638
f 653 1743 3133
f 3638 3133 1743
f 836 3201 4404
f 707 4401 3201
f 837 4404 4401
f 3201 4401 4404
f 837 4401 4405
f 707 3917 4401
f 706 4405 3917
f 4401 3917 4405
f 837 4405 4408
f 706 4406 4405
f 838 4408 4406
f 4405 4406 4408
f 838 4406 2935
f 706 4161 4406
f 613 2935 4161
f 4406 4161 2935
f 838 2935 2726
f 613 4411 2935
f 122 2726 4411
f 2935 4411 2726
f 122 4411 1799
f 613 4160 4411
f 123 1799 4160
f 4411 4160 1799
f 31 3610 2177
f 281 4413 3610
f 122 2177 4413
f 3610 4413 2177
f 122 4413 4414
f 281 4355 4413
f 819 4414 4355
f 4413 4355 4414
f 122 4414 2726
f 819 4415 4414
f 838 2726 4415
f 4414 4415 2726
f 838 4415 4416
f 819 4360 4415
f 655 4416 4360
f 4415 4360 4416
f 838 4416 4408
f 655 3778 4416
f 837 4408 3778
f 4416 3778 4408
f 837 3778 4418
f 655 3631 3778
f 654 4418 3631
f 3778 3631 4418
f 837 4418 4404
f 654 4420 4418
f 836 4404 4420
f 4418 4420 4404
f 822 4422 4217
f 650 3014 4422
f 652 4217 3014
f 4422 3014 4217
f 822 4217 4363
f 652 4423 4217
f 823 4363 4423
f 4217 4423 4363
f 823 4423 4380
f 652 3151 4423
f 829 4380 3151
f 4423 3151 4380
f 829 3151 4172
f 652 1732 3151
f 831 4172 1732
f 3151 1732 4172
f 829 4172 3465
f 831 4424 4172
f 658 3465 4424
f 4172 4424 3465
f 658 4424 4425
f 831 1529 4424
f 834 4425 1529
f 4424 1529 4425
f 658 4425 2516
f 834 2630 4425
f 656 2516 2630
f 4425 2630 2516
f 820 4399 4426
f 656 1952 4399
f 832 4426 1952
f 4399 1952 4426
f 820 4426 3133
f 832 4428 4426
f 653 3133 4428
f 4426 4428 3133
f 827 3114 1996
f 839 2849 3114
f 828 1996 2849
f 3114 2849 1996
f 828 2849 4430
f 839 3075 2849
f 840 4430 3075
f 2849 3075 4430
f 828 4430 4412
f 840 1950 4430
f 841 4412 1950
f 4430 1950 4412
f 841 1950 4435
f 840 4433 1950
f 842 4435 4433
f 1950 4433 4435
f 841 4435 1716
f 842 3902 4435
f 843 1716 3902
f 4435 3902 1716
f 843 3902 4097
f 842 4437 3902
f 844 4097 4437
f 3902 4437 4097
f 843 4097 4438
f 844 3377 4097
f 845 4438 3377
f 4097 3377 4438
f 845 3377 4441
f 844 4439 3377
f 846 4441 4439
f 3377 4439 4441
f 845 4441 4444
f 846 4443 4441
f 847 4444 4443
f 4441 4443 4444
f 847 4443 4446
f 846 4445 4443
f 848 4446 4445
f 4443 4445 4446
f 847 4446 4448
f 848 4447 4446
f 815 4448 4447
f 4446 4447 4448
f 815 4447 4452
f 848 4450 4447
f 804 4452 4450
f 4447 4450 4452
f 815 4452 4333
f 804 4291 4452
f 803 4333 4291
f 4452 4291 4333
f 812 3411 4324
f 803 4289 3411
f 802 4324 4289
f 3411 4289 4324
f 849 4036 4454
f 850 3101 4036
f 851 4454 3101
f 4036 3101 4454
f 849 4454 4459
f 851 4457 4454
f 852 4459 4457
f 4454 4457 4459
f 813 4460 4335
f 853 4461 4460
f 814 4335 4461
f 4460 4461 4335
f 814 4461 4463
f 853 2428 4461
f 854 4463 2428
f 4461 2428 4463
f 814 4463 4332
f 854 4464 4463
f 815 4332 4464
f 4463 4464 4332
f 815 4464 1980
f 854 4465 4464
f 855 1980 4465
f 4464 4465 1980
f 815 1980 4448
f 855 2434 1980
f 847 4448 2434
f 1980 2434 4448
f 847 2434 4444
f 855 1897 2434
f 845 4444 1897
f 2434 1897 4444
f 845 1897 3865
f 855 4466 1897
f 856 3865 4466
f 1897 4466 3865
f 845 3865 4438
f 856 2980 3865
f 843 4438 2980
f 3865 2980 4438
f 843 2980 1958
f 856 4467 2980
f 857 1958 4467
f 2980 4467 1958
f 843 1958 1716
f 857 4468 1958
f 841 1716 4468
f 1958 4468 1716
f 841 4468 1695
f 857 4469 4468
f 858 1695 4469
f 4468 4469 1695
f 841 1695 4412
f 858 4471 1695
f 828 4412 4471
f 1695 4471 4412
f 828 4471 4474
f 858 4472 4471
f 859 4474 4472
f 4471 4472 4474
f 828 4474 3433
f 859 4475 4474
f 826 3433 4475
f 4474 4475 3433
f 826 4475 4478
f 859 4476 4475
f 860 4478 4476
f 4475 4476 4478
f 826 4478 4370
f 860 4480 4478
f 824 4370 4480
f 4478 4480 4370
f 824 4480 3394
f 860 4481 4480
f 861 3394 4481
f 4480 4481 3394
f 824 3394 4364
f 861 2939 3394
f 648 4364 2939
f 3394 2939 4364
f 648 2939 3031
f 861 1804 2939
f 649 3031 1804
f 2939 1804 3031
f 862 1872 2307
f 863 4483 1872
f 864 2307 4483
f 1872 4483 2307
f 668 4320 4265
f 802 3688 4320
f 787 4265 3688
f 4320 3688 4265
f 788 4267 2618
f 787 3981 4267
f 804 2618 3981
f 4267 3981 2618
f 788 2618 2315
f 804 1527 2618
f 801 2315 1527
f 2618 1527 2315
f 801 1527 4293
f 804 4450 1527
f 848 4293 4450
f 1527 4450 4293
f 801 4293 4285
f 848 4484 4293
f 800 4285 4484
f 4293 4484 4285
f 800 4484 4486
f 848 4445 4484
f 846 4486 4445
f 4484 4445 4486
f 800 4486 4282
f 846 3460 4486
f 799 4282 3460
f 4486 3460 4282
f 799 3460 4487
f 846 4439 3460
f 844 4487 4439
f 3460 4439 4487
f 799 4487 1875
f 844 4488 4487
f 798 1875 4488
f 4487 4488 1875
f 798 4488 2403
f 844 4437 4488
f 842 2403 4437
f 4488 4437 2403
f 798 2403 4278
f 842 3005 2403
f 797 4278 3005
f 2403 3005 4278
f 797 3005 4490
f 842 4433 3005
f 840 4490 4433
f 3005 4433 4490
f 797 4490 3669
f 840 4491 4490
f 796 3669 4491
f 4490 4491 3669
f 796 4491 4492
f 840 3075 4491
f 839 4492 3075
f 4491 3075 4492
f 796 4492 2673
f 839 4493 4492
f 795 2673 4493
f 4492 4493 2673
f 795 4493 3361
f 839 3114 4493
f 827 3361 3114
f 4493 3114 3361
f 795 3361 3098
f 827 4494 3361
f 794 3098 4494
f 3361 4494 3098
f 794 4494 4495
f 827 4372 4494
f 825 4495 4372
f 4494 4372 4495
f 794 4495 3909
f 825 4496 4495
f 789 3909 4496
f 4495 4496 3909
f 789 4496 3234
f 825 4366 4496
f 817 3234 4366
f 4496 4366 3234
f 632 3998 4500
f 708 4498 3998
f 865 4500 4498
f 3998 4498 4500
f 822 3008 4422
f 863 4501 3008
f 650 4422 4501
f 3008 4501 4422
f 650 4501 4502
f 863 1872 4501
f 862 4502 1872
f 4501 1872 4502
f 650 4502 3041
f 862 4503 4502
f 866 3041 4503
f 4502 4503 3041
f 650 3041 4064
f 866 4504 3041
f 651 4064 4504
f 3041 4504 4064
f 651 4504 4507
f 866 4505 4504
f 867 4507 4505
f 4504 4505 4507
f 651 4507 4394
f 867 4508 4507
f 835 4394 4508
f 4507 4508 4394
f 835 4508 4510
f 867 4509 4508
f 868 4510 4509
f 4508 4509 4510
f 835 4510 1744
f 868 3339 4510
f 833 1744 3339
f 4510 3339 1744
f 833 3339 4512
f 868 4511 3339
f 869 4512 4511
f 3339 4511 4512
f 833 4512 4392
f 869 4513 4512
f 832 4392 4513
f 4512 4513 4392
f 832 4513 4428
f 869 2859 4513
f 653 4428 2859
f 4513 2859 4428
f 653 2859 4515
f 869 4514 2859
f 870 4515 4514
f 2859 4514 4515
f 653 4515 3544
f 870 4516 4515
f 654 3544 4516
f 4515 4516 3544
f 654 4516 4518
f 870 4517 4516
f 871 4518 4517
f 4516 4517 4518
f 654 4518 4420
f 871 4520 4518
f 836 4420 4520
f 4518 4520 4420
f 836 4520 4521
f 871 2264 4520
f 865 4521 2264
f 4520 2264 4521
f 836 4521 4522
f 865 4498 4521
f 708 4522 4498
f 4521 4498 4522
f 836 4522 3201
f 708 4523 4522
f 707 3201 4523
f 4522 4523 3201
f 707 4523 2603
f 708 4162 4523
f 636 2603 4162
f 4523 4162 2603
f 709 4152 2601
f 628 4013 4152
f 632 2601 4013
f 4152 4013 2601
f 709 2601 4524
f 632 1797 2601
f 872 4524 1797
f 2601 1797 4524
f 872 1797 1834
f 632 4500 1797
f 865 1834 4500
f 1797 4500 1834
f 872 1834 4526
f 865 4525 1834
f 873 4526 4525
f 1834 4525 4526
f 873 4525 4530
f 865 2264 4525
f 871 4530 2264
f 4525 2264 4530
f 873 4530 3776
f 871 4517 4530
f 870 3776 4517
f 4530 4517 3776
f 873 3776 4532
f 870 2963 3776
f 874 4532 2963
f 3776 2963 4532
f 874 2963 3149
f 870 4533 2963
f 875 3149 4533
f 2963 4533 3149
f 875 4533 2159
f 870 4514 4533
f 869 2159 4514
f 4533 4514 2159
f 875 2159 4534
f 869 3698 2159
f 876 4534 3698
f 2159 3698 4534
f 876 3698 2810
f 869 4511 3698
f 868 2810 4511
f 3698 4511 2810
f 876 2810 4535
f 868 2299 2810
f 877 4535 2299
f 2810 2299 4535
f 877 2299 4540
f 868 4509 2299
f 867 4540 4509
f 2299 4509 4540
f 877 4540 4541
f 867 3253 4540
f 878 4541 3253
f 4540 3253 4541
f 878 3253 4545
f 867 4505 3253
f 866 4545 4505
f 3253 4505 4545
f 878 4545 4549
f 866 4546 4545
f 879 4549 4546
f 4545 4546 4549
f 879 4546 1807
f 866 4503 4546
f 862 1807 4503
f 4546 4503 1807
f 879 1807 3530
f 862 4550 1807
f 880 3530 4550
f 1807 4550 3530
f 880 4550 4551
f 862 2307 4550
f 864 4551 2307
f 4550 2307 4551
f 880 4551 2280
f 864 4552 4551
f 881 2280 4552
f 4551 4552 2280
f 630 3487 4163
f 709 4553 3487
f 711 4163 4553
f 3487 4553 4163
f 711 4553 2297
f 709 4524 4553
f 872 2297 4524
f 4553 4524 2297
f 711 2297 4556
f 872 4555 2297
f 713 4556 4555
f 2297 4555 4556
f 713 4555 2928
f 872 4526 4555
f 873 2928 4526
f 4555 4526 2928
f 713 2928 2913
f 873 4558 2928
f 714 2913 4558
f 2928 4558 2913
f 714 4558 2515
f 873 2808 4558
f 712 2515 2808
f 4558 2808 2515
f 712 2808 4559
f 873 4532 2808
f 874 4559 4532
f 2808 4532 4559
f 712 4559 4560
f 874 1760 4559
f 717 4560 1760
f 4559 1760 4560
f 717 1760 3674
f 874 4561 1760
f 715 3674 4561
f 1760 4561 3674
f 715 4561 4563
f 874 3149 4561
f 875 4563 3149
f 4561 3149 4563
f 715 4563 2127
f 875 4564 4563
f 718 2127 4564
f 4563 4564 2127
f 718 4564 3491
f 875 4534 4564
f 876 3491 4534
f 4564 4534 3491
f 718 3491 4175
f 876 4565 3491
f 721 4175 4565
f 3491 4565 4175
f 721 4565 3147
f 876 4535 4565
f 877 3147 4535
f 4565 4535 3147
f 721 3147 1828
f 877 2531 3147
f 723 1828 2531
f 3147 2531 1828
f 723 2531 4566
f 877 4541 2531
f 878 4566 4541
f 2531 4541 4566
f 723 4566 2847
f 878 4569 4566
f 725 2847 4569
f 4566 4569 2847
f 725 4569 4120
f 878 4549 4569
f 879 4120 4549
f 4569 4549 4120
f 725 4120 3590
f 879 2338 4120
f 728 3590 2338
f 4120 2338 3590
f 728 2338 4570
f 879 3530 2338
f 880 4570 3530
f 2338 3530 4570
f 728 4570 4189
f 880 4571 4570
f 730 4189 4571
f 4570 4571 4189
f 730 4571 1901
f 880 2280 4571
f 881 1901 2280
f 4571 2280 1901
f 730 1901 4057
f 881 4572 1901
f 732 4057 4572
f 1901 4572 4057
f 732 4572 3832
f 881 3091 4572
f 882 3832 3091
f 4572 3091 3832
f 732 3832 3580
f 882 4573 3832
f 734 3580 4573
f 3832 4573 3580
f 734 4573 4574
f 882 2596 4573
f 883 4574 2596
f 4573 2596 4574
f 734 4574 1610
f 883 3439 4574
f 736 1610 3439
f 4574 3439 1610
f 736 3439 2732
f 883 4576 3439
f 884 2732 4576
f 3439 4576 2732
f 736 2732 2878
f 884 4578 2732
f 739 2878 4578
f 2732 4578 2878
f 739 4578 4581
f 884 4579 4578
f 885 4581 4579
f 4578 4579 4581
f 739 4581 4205
f 885 2001 4581
f 741 4205 2001
f 4581 2001 4205
f 741 2001 4583
f 885 3891 2001
f 886 4583 3891
f 2001 3891 4583
f 741 4583 3353
f 886 4584 4583
f 744 3353 4584
f 4583 4584 3353
f 744 4584 4266
f 886 4044 4584
f 887 4266 4044
f 4584 4044 4266
f 744 4266 4209
f 887 4588 4266
f 667 4209 4588
f 4266 4588 4209
f 667 4588 4591
f 887 4590 4588
f 888 4591 4590
f 4588 4590 4591
f 667 4591 3816
f 888 3979 4591
f 746 3816 3979
f 4591 3979 3816
f 746 3979 4593
f 888 4592 3979
f 889 4593 4592
f 3979 4592 4593
f 490 3039 4368
f 491 4594 3039
f 890 4368 4594
f 3039 4594 4368
f 891 4011 4596
f 892 4595 4011
f 893 4596 4595
f 4011 4595 4596
f 891 4596 3191
f 893 2624 4596
f 894 3191 2624
f 4596 2624 3191
f 894 2624 3533
f 893 2519 2624
f 895 3533 2519
f 2624 2519 3533
f 895 2519 3534
f 893 4597 2519
f 896 3534 4597
f 2519 4597 3534
f 892 4011 2451
f 891 3291 4011
f 897 2451 3291
f 4011 3291 2451
f 897 3291 4600
f 891 4598 3291
f 898 4600 4598
f 3291 4598 4600
f 897 4600 4250
f 898 2141 4600
f 645 4250 2141
f 4600 2141 4250
f 898 3903 4601
f 899 3606 3903
f 900 4601 3606
f 3903 3606 4601
f 645 4602 4603
f 900 3606 4602
f 899 4603 3606
f 4602 3606 4603
f 645 2141 4602
f 898 4601 2141
f 900 4602 4601
f 2141 4601 4602
f 899 3903 4554
f 898 4604 3903
f 901 4554 4604
f 3903 4604 4554
f 902 4606 4608
f 899 4607 4606
f 903 4608 4607
f 4606 4607 4608
f 903 4607 4609
f 899 1468 4607
f 904 4609 1468
f 4607 1468 4609
f 903 4609 4612
f 904 4610 4609
f 905 4612 4610
f 4609 4610 4612
f 905 4610 4037
f 904 4613 4610
f 906 4037 4613
f 4610 4613 4037
f 905 4037 1748
f 906 4614 4037
f 907 1748 4614
f 4037 4614 1748
f 907 4614 4618
f 906 4617 4614
f 908 4618 4617
f 4614 4617 4618
f 909 1826 4279
f 907 3780 1826
f 910 4279 3780
f 1826 3780 4279
f 910 3780 4619
f 907 3383 3780
f 911 4619 3383
f 3780 3383 4619
f 910 4619 3924
f 911 4421 4619
f 912 3924 4421
f 4619 4421 3924
f 912 4421 4620
f 911 4315 4421
f 913 4620 4315
f 4421 4315 4620
f 913 4315 4621
f 911 4611 4315
f 914 4621 4611
f 4315 4611 4621
f 913 4621 1723
f 914 4473 4621
f 915 1723 4473
f 4621 4473 1723
f 915 4473 4625
f 914 4624 4473
f 916 4625 4624
f 4473 4624 4625
f 915 4625 3188
f 916 4482 4625
f 917 3188 4482
f 4625 4482 3188
f 915 3188 4628
f 917 4626 3188
f 918 4628 4626
f 3188 4626 4628
f 918 4626 1535
f 917 3546 4626
f 919 1535 3546
f 4626 3546 1535
f 918 1535 4629
f 919 3144 1535
f 890 4629 3144
f 1535 3144 4629
f 895 3534 4632
f 896 4630 3534
f 920 4632 4630
f 3534 4630 4632
f 920 4630 3897
f 896 2793 4630
f 921 3897 2793
f 4630 2793 3897
f 920 3897 3837
f 921 4221 3897
f 922 3837 4221
f 3897 4221 3837
f 922 4221 4633
f 921 1930 4221
f 923 4633 1930
f 4221 1930 4633
f 922 4633 4635
f 923 4634 4633
f 924 4635 4634
f 4633 4634 4635
f 924 4634 3670
f 923 3251 4634
f 925 3670 3251
f 4634 3251 3670
f 924 3670 4636
f 925 4542 3670
f 926 4636 4542
f 3670 4542 4636
f 926 4542 1877
f 925 3553 4542
f 927 1877 3553
f 4542 3553 1877
f 926 1877 4641
f 927 4639 1877
f 928 4641 4639
f 1877 4639 4641
f 928 4639 4341
f 927 4642 4639
f 929 4341 4642
f 4639 4642 4341
f 928 4341 3275
f 929 4643 4341
f 930 3275 4643
f 4341 4643 3275
f 751 4212 4646
f 747 3080 4212
f 746 4646 3080
f 4212 3080 4646
f 751 4646 1974
f 746 4647 4646
f 850 1974 4647
f 4646 4647 1974
f 850 4647 4648
f 746 4593 4647
f 889 4648 4593
f 4647 4593 4648
f 850 4648 2071
f 889 3800 4648
f 853 2071 3800
f 4648 3800 2071
f 850 2071 3101
f 853 3247 2071
f 851 3101 3247
f 2071 3247 3101
f 852 4457 4650
f 851 4527 4457
f 659 4650 4527
f 4457 4527 4650
f 852 4650 3128
f 659 4651 4650
f 931 3128 4651
f 4650 4651 3128
f 931 4651 4654
f 659 4653 4651
f 932 4654 4653
f 4651 4653 4654
f 931 4654 4207
f 932 4655 4654
f 933 4207 4655
f 4654 4655 4207
f 933 4655 4660
f 932 4659 4655
f 807 4660 4659
f 4655 4659 4660
f 933 4660 4661
f 807 1981 4660
f 934 4661 1981
f 4660 1981 4661
f 934 1981 3205
f 807 4305 1981
f 808 3205 4305
f 1981 4305 3205
f 934 3205 4458
f 808 4662 3205
f 935 4458 4662
f 3205 4662 4458
f 936 3603 2659
f 935 4664 3603
f 810 2659 4664
f 3603 4664 2659
f 936 2659 3557
f 810 1644 2659
f 937 3557 1644
f 2659 1644 3557
f 937 1644 4668
f 810 4317 1644
f 811 4668 4317
f 1644 4317 4668
f 937 4668 3092
f 811 4670 4668
f 938 3092 4670
f 4668 4670 3092
f 938 4670 4395
f 811 2435 4670
f 939 4395 2435
f 4670 2435 4395
f 938 4395 4432
f 939 2393 4395
f 940 4432 2393
f 4395 2393 4432
f 940 2393 4672
f 939 1822 2393
f 941 4672 1822
f 2393 1822 4672
f 940 4672 4675
f 941 2627 4672
f 942 4675 2627
f 4672 2627 4675
f 942 2627 4676
f 941 4173 2627
f 943 4676 4173
f 2627 4173 4676
f 942 4676 4680
f 943 4677 4676
f 944 4680 4677
f 4676 4677 4680
f 944 4677 4681
f 943 3037 4677
f 945 4681 3037
f 4677 3037 4681
f 944 4681 4685
f 945 4682 4681
f 946 4685 4682
f 4681 4682 4685
f 946 4682 4687
f 945 4686 4682
f 947 4687 4686
f 4682 4686 4687
f 946 4687 2767
f 947 2122 4687
f 948 2767 2122
f 4687 2122 2767
f 948 2122 4691
f 947 4690 2122
f 949 4691 4690
f 2122 4690 4691
f 948 4691 2563
f 949 4693 4691
f 950 2563 4693
f 4691 4693 2563
f 950 4693 4694
f 949 2969 4693
f 951 4694 2969
f 4693 2969 4694
f 950 4694 2348
f 951 2871 4694
f 952 2348 2871
f 4694 2871 2348
f 952 2871 1513
f 951 4695 2871
f 953 1513 4695
f 2871 4695 1513
f 952 1513 4696
f 953 4243 1513
f 954 4696 4243
f 1513 4243 4696
f 954 4243 4698
f 953 1736 4243
f 955 4698 1736
f 4243 1736 4698
f 954 4698 4700
f 955 1998 4698
f 956 4700 1998
f 4698 1998 4700
f 956 1998 4702
f 955 4701 1998
f 957 4702 4701
f 1998 4701 4702
f 956 4702 4254
f 957 4256 4702
f 958 4254 4256
f 4702 4256 4254
f 958 4256 4703
f 957 3298 4256
f 959 4703 3298
f 4256 3298 4703
f 958 4703 3622
f 959 4704 4703
f 960 3622 4704
f 4703 4704 3622
f 960 4704 4652
f 959 3835 4704
f 930 4652 3835
f 4704 3835 4652
f 960 4652 4706
f 930 4643 4652
f 929 4706 4643
f 4652 4643 4706
f 493 3655 4071
f 484 3692 3655
f 961 4071 3692
f 3655 3692 4071
f 961 3692 4038
f 484 2225 3692
f 962 4038 2225
f 3692 2225 4038
f 961 4038 1749
f 962 4615 4038
f 963 1749 4615
f 4038 4615 1749
f 961 1749 2944
f 963 4708 1749
f 918 2944 4708
f 1749 4708 2944
f 918 4708 3873
f 963 4711 4708
f 964 3873 4711
f 4708 4711 3873
f 918 3873 4628
f 964 4712 3873
f 915 4628 4712
f 3873 4712 4628
f 915 4712 4714
f 964 4713 4712
f 965 4714 4713
f 4712 4713 4714
f 915 4714 1723
f 965 4715 4714
f 913 1723 4715
f 4714 4715 1723
f 913 4715 4108
f 965 4716 4715
f 966 4108 4716
f 4715 4716 4108
f 913 4108 2937
f 966 4717 4108
f 785 2937 4717
f 4108 4717 2937
f 785 4717 4263
f 966 4718 4717
f 783 4263 4718
f 4717 4718 4263
f 912 2184 4723
f 785 4721 2184
f 909 4723 4721
f 2184 4721 4723
f 909 4721 1582
f 785 4262 4721
f 784 1582 4262
f 4721 4262 1582
f 967 4724 1668
f 646 4058 4724
f 645 1668 4058
f 4724 4058 1668
f 968 4725 2236
f 969 4728 4725
f 902 2236 4728
f 4725 4728 2236
f 902 4728 4729
f 969 4622 4728
f 970 4729 4622
f 4728 4622 4729
f 902 4729 1811
f 970 4730 4729
f 967 1811 4730
f 4729 4730 1811
f 967 4730 4724
f 970 4731 4730
f 646 4724 4731
f 4730 4731 4724
f 646 2845 4061
f 664 3115 2845
f 644 4061 3115
f 2845 3115 4061
f 644 3115 1657
f 664 4069 3115
f 663 1657 4069
f 3115 4069 1657
f 909 1582 1960
f 784 2746 1582
f 971 1960 2746
f 1582 2746 1960
f 909 1960 4735
f 971 4477 1960
f 972 4735 4477
f 1960 4477 4735
f 972 4477 4737
f 971 4736 4477
f 973 4737 4736
f 4477 4736 4737
f 972 4737 4740
f 973 4738 4737
f 968 4740 4738
f 4737 4738 4740
f 968 4738 4743
f 973 4742 4738
f 974 4743 4742
f 4738 4742 4743
f 968 4743 4725
f 974 1861 4743
f 969 4725 1861
f 4743 1861 4725
f 644 1657 4174
f 663 4744 1657
f 975 4174 4744
f 1657 4744 4174
f 975 4744 3951
f 663 4258 4744
f 780 3951 4258
f 4744 4258 3951
f 975 3951 3518
f 780 4745 3951
f 976 3518 4745
f 3951 4745 3518
f 976 4745 4748
f 780 4249 4745
f 777 4748 4249
f 4745 4249 4748
f 976 4748 1871
f 777 4750 4748
f 977 1871 4750
f 4748 4750 1871
f 977 4750 2636
f 777 1742 4750
f 779 2636 1742
f 4750 1742 2636
f 977 2636 4222
f 779 4751 2636
f 978 4222 4751
f 2636 4751 4222
f 748 4752 4214
f 849 4753 4752
f 752 4214 4753
f 4752 4753 4214
f 752 4753 2242
f 849 4756 4753
f 979 2242 4756
f 4753 4756 2242
f 752 2242 3049
f 979 4757 2242
f 754 3049 4757
f 2242 4757 3049
f 754 4757 4758
f 979 2942 4757
f 980 4758 2942
f 4757 2942 4758
f 754 4758 4760
f 980 3671 4758
f 981 4760 3671
f 4758 3671 4760
f 981 3671 4764
f 980 4762 3671
f 933 4764 4762
f 3671 4762 4764
f 981 4764 2128
f 933 4765 4764
f 757 2128 4765
f 4764 4765 2128
f 757 4765 2765
f 933 4661 4765
f 934 2765 4661
f 4765 4661 2765
f 757 2765 3018
f 934 4766 2765
f 755 3018 4766
f 2765 4766 3018
f 758 1778 4767
f 755 2934 1778
f 936 4767 2934
f 1778 2934 4767
f 758 4767 3196
f 936 4312 4767
f 760 3196 4312
f 4767 4312 3196
f 760 4312 4768
f 936 3557 4312
f 937 4768 3557
f 4312 3557 4768
f 982 1523 2198
f 983 4284 1523
f 937 2198 4284
f 1523 4284 2198
f 984 3214 2148
f 985 4769 3214
f 937 2148 4769
f 3214 4769 2148
f 986 4770 1448
f 760 4768 4770
f 937 1448 4768
f 4770 4768 1448
f 983 4771 4026
f 759 3809 4771
f 985 4026 3809
f 4771 3809 4026
f 760 4218 4649
f 759 4771 4218
f 983 4649 4771
f 4218 4771 4649
f 759 4544 4772
f 937 3092 4544
f 938 4772 3092
f 4544 3092 4772
f 987 4774 4775
f 759 4772 4774
f 938 4775 4772
f 4774 4772 4775
f 988 2117 4776
f 989 1859 2117
f 938 4776 1859
f 2117 1859 4776
f 759 2920 3400
f 763 4118 2920
f 989 3400 4118
f 2920 4118 3400
f 763 4779 4780
f 938 4432 4779
f 940 4780 4432
f 4779 4432 4780
f 990 4429 4782
f 763 4780 4429
f 940 4782 4780
f 4429 4780 4782
f 991 4783 4786
f 992 4785 4783
f 993 4786 4785
f 4783 4785 4786
f 994 2597 3093
f 995 1898 2597
f 993 3093 1898
f 2597 1898 3093
f 763 4787 4788
f 993 4785 4787
f 992 4788 4785
f 4787 4785 4788
f 996 4167 4791
f 993 4787 4167
f 763 4791 4787
f 4167 4787 4791
f 995 3685 4793
f 992 4792 3685
f 940 4793 4792
f 3685 4792 4793
f 997 3436 1951
f 995 4793 3436
f 940 1951 4793
f 3436 4793 1951
f 993 4794 3740
f 997 1951 4794
f 940 3740 1951
f 4794 1951 3740
f 767 4238 4796
f 993 3740 4238
f 940 4796 3740
f 4238 3740 4796
f 766 2902 4797
f 767 4796 2902
f 940 4797 4796
f 2902 4796 4797
f 766 4797 3119
f 940 4675 4797
f 942 3119 4675
f 4797 4675 3119
f 766 3119 1569
f 942 3853 3119
f 998 1569 3853
f 3119 3853 1569
f 998 3853 4799
f 942 4680 3853
f 944 4799 4680
f 3853 4680 4799
f 998 4799 4802
f 944 4800 4799
f 999 4802 4800
f 4799 4800 4802
f 999 4800 4803
f 944 4685 4800
f 946 4803 4685
f 4800 4685 4803
f 999 4803 4678
f 946 4804 4803
f 1000 4678 4804
f 4803 4804 4678
f 1000 4804 4805
f 946 2767 4804
f 948 4805 2767
f 4804 2767 4805
f 1000 4805 1592
f 948 4807 4805
f 769 1592 4807
f 4805 4807 1592
f 769 4807 4208
f 948 2563 4807
f 950 4208 2563
f 4807 2563 4208
f 1001 4683 4809
f 1002 4808 4683
f 950 4809 4808
f 4683 4808 4809
f 1003 4012 4811
f 1004 4810 4012
f 950 4811 4810
f 4012 4810 4811
f 1005 2921 3258
f 769 4208 2921
f 950 3258 4208
f 2921 4208 3258
f 769 3055 4814
f 1004 4339 3055
f 1002 4814 4339
f 3055 4339 4814
f 769 4233 3055
f 768 4815 4233
f 1004 3055 4815
f 4233 4815 3055
f 768 4816 3374
f 950 2348 4816
f 952 3374 2348
f 4816 2348 3374
f 768 3374 4817
f 952 3958 3374
f 1006 4817 3958
f 3374 3958 4817
f 1006 3958 3956
f 952 4696 3958
f 954 3956 4696
f 3958 4696 3956
f 1006 3956 4820
f 954 4818 3956
f 1007 4820 4818
f 3956 4818 4820
f 1007 4818 4657
f 954 4700 4818
f 956 4657 4700
f 4818 4700 4657
f 1007 4657 4822
f 956 4821 4657
f 1008 4822 4821
f 4657 4821 4822
f 1008 4821 4823
f 956 4254 4821
f 958 4823 4254
f 4821 4254 4823
f 1008 4823 1813
f 958 4824 4823
f 773 1813 4824
f 4823 4824 1813
f 773 4824 4827
f 958 4825 4824
f 1009 4827 4825
f 4824 4825 4827
f 773 4827 4008
f 1009 3474 4827
f 771 4008 3474
f 4827 3474 4008
f 771 3474 1887
f 1009 4244 3474
f 1010 1887 4244
f 3474 4244 1887
f 771 1887 4088
f 1010 4828 1887
f 1011 4088 4828
f 1887 4828 4088
f 1011 4828 2040
f 1010 4829 4828
f 1012 2040 4829
f 4828 4829 2040
f 1011 2040 4833
f 1012 4831 2040
f 1013 4833 4831
f 2040 4831 4833
f 1013 4831 4835
f 1012 4834 4831
f 1014 4835 4834
f 4831 4834 4835
f 1013 4835 4836
f 1014 1911 4835
f 776 4836 1911
f 4835 1911 4836
f 776 1911 2303
f 1014 4837 1911
f 978 2303 4837
f 1911 4837 2303
f 776 2303 3347
f 978 3296 2303
f 774 3347 3296
f 2303 3296 3347
f 774 3296 4838
f 978 4751 3296
f 779 4838 4751
f 3296 4751 4838
f 774 4838 2093
f 779 4839 4838
f 775 2093 4839
f 4838 4839 2093
f 491 3305 4594
f 493 1946 3305
f 890 4594 1946
f 3305 1946 4594
f 890 1946 3503
f 493 4071 1946
f 961 3503 4071
f 1946 4071 3503
f 890 3503 4629
f 961 2944 3503
f 918 4629 2944
f 3503 2944 4629
f 912 4620 2184
f 913 2937 4620
f 785 2184 2937
f 4620 2937 2184
f 910 3924 4279
f 912 4723 3924
f 909 4279 4723
f 3924 4723 4279
f 907 1826 1748
f 909 4841 1826
f 905 1748 4841
f 1826 4841 1748
f 905 4841 4330
f 909 4735 4841
f 972 4330 4735
f 4841 4735 4330
f 905 4330 4612
f 972 4334 4330
f 903 4612 4334
f 4330 4334 4612
f 903 4334 2604
f 972 4740 4334
f 968 2604 4740
f 4334 4740 2604
f 903 2604 4608
f 968 2236 2604
f 902 4608 2236
f 2604 2236 4608
f 899 4606 4603
f 902 4842 4606
f 645 4603 4842
f 4606 4842 4603
f 645 4842 1668
f 902 1811 4842
f 967 1668 1811
f 4842 1811 1668
f 897 4250 2451
f 645 4843 4250
f 892 2451 4843
f 4250 4843 2451
f 892 4843 4844
f 645 3680 4843
f 644 4844 3680
f 4843 3680 4844
f 892 4844 4595
f 644 4847 4844
f 893 4595 4847
f 4844 4847 4595
f 893 4847 4848
f 644 4174 4847
f 975 4848 4174
f 4847 4174 4848
f 893 4848 4597
f 975 4850 4848
f 896 4597 4850
f 4848 4850 4597
f 896 4850 4851
f 975 3518 4850
f 976 4851 3518
f 4850 3518 4851
f 896 4851 2793
f 976 4547 4851
f 921 2793 4547
f 4851 4547 2793
f 921 4547 4852
f 976 1871 4547
f 977 4852 1871
f 4547 1871 4852
f 921 4852 1930
f 977 3468 4852
f 923 1930 3468
f 4852 3468 1930
f 923 3468 4589
f 977 4222 3468
f 978 4589 4222
f 3468 4222 4589
f 923 4589 3251
f 978 3646 4589
f 925 3251 3646
f 4589 3646 3251
f 925 3646 4853
f 978 4837 3646
f 1014 4853 4837
f 3646 4837 4853
f 925 4853 3553
f 1014 4855 4853
f 927 3553 4855
f 4853 4855 3553
f 927 4855 1441
f 1014 4834 4855
f 1012 1441 4834
f 4855 4834 1441
f 927 1441 4642
f 1012 4302 1441
f 929 4642 4302
f 1441 4302 4642
f 929 4302 1630
f 1012 4829 4302
f 1010 1630 4829
f 4302 4829 1630
f 929 1630 4706
f 1010 3914 1630
f 960 4706 3914
f 1630 3914 4706
f 960 3914 4407
f 1010 4244 3914
f 1009 4407 4244
f 3914 4244 4407
f 960 4407 3622
f 1009 4825 4407
f 958 3622 4825
f 4407 4825 3622
f 935 3603 4856
f 936 2934 3603
f 755 4856 2934
f 3603 2934 4856
f 935 4856 4458
f 755 4766 4856
f 934 4458 4766
f 4856 4766 4458
f 931 4207 2340
f 933 4762 4207
f 980 2340 4762
f 4207 4762 2340
f 931 2340 3128
f 980 3798 2340
f 852 3128 3798
f 2340 3798 3128
f 852 3798 4857
f 980 2942 3798
f 979 4857 2942
f 3798 2942 4857
f 852 4857 4459
f 979 4756 4857
f 849 4459 4756
f 4857 4756 4459
f 850 4036 4858
f 849 4752 4036
f 748 4858 4752
f 4036 4752 4858
f 850 4858 1974
f 748 4859 4858
f 751 1974 4859
f 4858 4859 1974
f 751 4859 2209
f 748 4210 4859
f 750 2209 4210
f 4859 4210 2209
f 674 4860 3854
f 675 2189 4860
f 200 3854 2189
f 4860 2189 3854
f 1015 4125 4861
f 212 2045 4125
f 214 4861 2045
f 4125 2045 4861
f 1015 4861 2866
f 214 2900 4861
f 1016 2866 2900
f 4861 2900 2866
f 1016 2900 4863
f 214 4862 2900
f 1017 4863 4862
f 2900 4862 4863
f 677 3828 4865
f 1018 4864 3828
f 1019 4865 4864
f 3828 4864 4865
f 674 1570 4860
f 1018 4866 1570
f 675 4860 4866
f 1570 4866 4860
f 675 4866 1617
f 1018 3828 4866
f 677 1617 3828
f 4866 3828 1617
f 675 1617 3158
f 677 4868 1617
f 197 3158 4868
f 1617 4868 3158
f 489 3522 3222
f 486 2362 3522
f 242 3222 2362
f 3522 2362 3222
f 242 2362 4869
f 486 2353 2362
f 1020 4869 2353
f 2362 2353 4869
f 242 4869 4078
f 1020 4870 4869
f 670 4078 4870
f 4869 4870 4078
f 235 2019 3629
f 670 4145 2019
f 671 3629 4145
f 2019 4145 3629
f 233 4079 4092
f 671 1449 4079
f 672 4092 1449
f 4079 1449 4092
f 224 4086 3321
f 672 2484 4086
f 1021 3321 2484
f 4086 2484 3321
f 224 3321 1660
f 1021 3430 3321
f 223 1660 3430
f 3321 3430 1660
f 223 3430 1733
f 1021 4442 3430
f 1022 1733 4442
f 3430 4442 1733
f 223 1733 4093
f 1022 3446 1733
f 218 4093 3446
f 1733 3446 4093
f 218 3446 4872
f 1022 4871 3446
f 1017 4872 4871
f 3446 4871 4872
f 218 4872 4873
f 1017 4862 4872
f 214 4873 4862
f 4872 4862 4873
f 218 4873 2367
f 214 1740 4873
f 216 2367 1740
f 4873 1740 2367
f 486 2856 2353
f 485 3496 2856
f 1020 2353 3496
f 2856 3496 2353
f 1020 3496 3326
f 485 4874 3496
f 919 3326 4874
f 3496 4874 3326
f 1020 3326 3414
f 919 4875 3326
f 1023 3414 4875
f 3326 4875 3414
f 1020 3414 4870
f 1023 4877 3414
f 670 4870 4877
f 3414 4877 4870
f 670 4877 2538
f 1023 3634 4877
f 917 2538 3634
f 4877 3634 2538
f 670 2538 4145
f 917 4878 2538
f 671 4145 4878
f 2538 4878 4145
f 671 4878 4880
f 917 4482 4878
f 916 4880 4482
f 4878 4482 4880
f 1024 4881 4884
f 1025 4882 4881
f 1015 4884 4882
f 4881 4882 4884
f 1015 4882 2663
f 1025 1681 4882
f 206 2663 1681
f 4882 1681 2663
f 1015 2663 4125
f 206 4885 2663
f 212 4125 4885
f 2663 4885 4125
f 212 4885 2243
f 206 2345 4885
f 210 2243 2345
f 4885 2345 2243
f 671 4880 4888
f 916 4887 4880
f 1026 4888 4887
f 4880 4887 4888
f 671 4888 1449
f 1026 4890 4888
f 672 1449 4890
f 4888 4890 1449
f 672 4890 4219
f 1026 2440 4890
f 914 4219 2440
f 4890 2440 4219
f 672 4219 2484
f 914 4577 4219
f 1021 2484 4577
f 4219 4577 2484
f 1021 4577 4891
f 914 2550 4577
f 1027 4891 2550
f 4577 2550 4891
f 1021 4891 4442
f 1027 4893 4891
f 1022 4442 4893
f 4891 4893 4442
f 1022 4893 4896
f 1027 4183 4893
f 1028 4896 4183
f 4893 4183 4896
f 1022 4896 4871
f 1028 4897 4896
f 1017 4871 4897
f 4896 4897 4871
f 1017 4897 2628
f 1028 2105 4897
f 1029 2628 2105
f 4897 2105 2628
f 1017 2628 4863
f 1029 4898 2628
f 1016 4863 4898
f 2628 4898 4863
f 1016 4898 1794
f 1029 2426 4898
f 1030 1794 2426
f 4898 2426 1794
f 1016 1794 2866
f 1030 4899 1794
f 1015 2866 4899
f 1794 4899 2866
f 1015 4899 2725
f 1030 4900 4899
f 1031 2725 4900
f 4899 4900 2725
f 1015 2725 4884
f 1031 4114 2725
f 1024 4884 4114
f 2725 4114 4884
f 1032 4902 4903
f 1033 4543 4902
f 1034 4903 4543
f 4902 4543 4903
f 1032 4903 2037
f 1034 4904 4903
f 1035 2037 4904
f 4903 4904 2037
f 1033 4905 4543
f 1018 4798 4905
f 1034 4543 4798
f 4905 4798 4543
f 1035 4904 4910
f 1034 1517 4904
f 673 4910 1517
f 4904 1517 4910
f 1035 4910 4911
f 673 2506 4910
f 1025 4911 2506
f 4910 2506 4911
f 1025 2506 1681
f 673 1577 2506
f 206 1681 1577
f 2506 1577 1681
f 1025 4881 4914
f 1024 4913 4881
f 1036 4914 4913
f 4881 4913 4914
f 1025 4914 4911
f 1036 4915 4914
f 1035 4911 4915
f 4914 4915 4911
f 1035 4915 2037
f 1036 3758 4915
f 1032 2037 3758
f 4915 3758 2037
f 187 4918 4105
f 176 2470 4918
f 183 4105 2470
f 4918 2470 4105
f 183 2470 4919
f 176 3539 2470
f 1037 4919 3539
f 2470 3539 4919
f 183 4919 4056
f 1037 4920 4919
f 643 4056 4920
f 4919 4920 4056
f 1037 3539 4923
f 176 4921 3539
f 1038 4923 4921
f 3539 4921 4923
f 1038 4921 3161
f 176 2309 4921
f 190 3161 2309
f 4921 2309 3161
f 1038 3161 3781
f 190 4925 3161
f 1039 3781 4925
f 3161 4925 3781
f 1039 4925 4926
f 190 2137 4925
f 678 4926 2137
f 4925 2137 4926
f 1039 4926 4117
f 678 4927 4926
f 1040 4117 4927
f 4926 4927 4117
f 1040 4927 4928
f 678 2552 4927
f 676 4928 2552
f 4927 2552 4928
f 1040 4928 4930
f 676 4929 4928
f 1019 4930 4929
f 4928 4929 4930
f 1019 4929 4865
f 676 2638 4929
f 677 4865 2638
f 4929 2638 4865
f 677 4096 4868
f 196 2204 4096
f 197 4868 2204
f 4096 2204 4868
f 642 4931 3051
f 679 4403 4931
f 182 3051 4403
f 4931 4403 3051
f 182 4403 2454
f 679 3172 4403
f 370 2454 3172
f 4403 3172 2454
f 680 4932 4110
f 682 4456 4932
f 171 4110 4456
f 4932 4456 4110
f 680 4090 1955
f 174 4234 4090
f 1041 1955 4234
f 4090 4234 1955
f 1041 4234 4933
f 174 2787 4234
f 669 4933 2787
f 4234 2787 4933
f 1042 3543 4098
f 669 4109 3543
f 679 4098 4109
f 3543 4109 4098
f 1043 4934 4936
f 1037 4935 4934
f 1044 4936 4935
f 4934 4935 4936
f 1044 4935 4937
f 1037 4923 4935
f 1038 4937 4923
f 4935 4923 4937
f 1044 4937 4939
f 1038 4938 4937
f 1045 4939 4938
f 4937 4938 4939
f 1045 4938 4940
f 1038 3781 4938
f 1039 4940 3781
f 4938 3781 4940
f 1045 4940 4294
f 1039 3615 4940
f 1046 4294 3615
f 4940 3615 4294
f 1046 3615 4941
f 1039 4117 3615
f 1040 4941 4117
f 3615 4117 4941
f 1046 4941 2502
f 1040 4942 4941
f 1047 2502 4942
f 4941 4942 2502
f 1047 4942 4943
f 1040 4930 4942
f 1019 4943 4930
f 4942 4930 4943
f 1047 4943 4945
f 1019 4944 4943
f 1033 4945 4944
f 4943 4944 4945
f 1033 4944 4905
f 1019 4864 4944
f 1018 4905 4864
f 4944 4864 4905
f 1034 4798 4195
f 1018 1570 4798
f 674 4195 1570
f 4798 1570 4195
f 1034 4195 1517
f 674 1687 4195
f 673 1517 1687
f 4195 1687 1517
f 673 1687 2629
f 674 3271 1687
f 204 2629 3271
f 1687 3271 2629
f 1048 3302 4883
f 643 2488 3302
f 1043 4883 2488
f 3302 2488 4883
f 1043 2488 4934
f 643 4920 2488
f 1037 4934 4920
f 2488 4920 4934
f 176 4918 4101
f 187 2298 4918
f 186 4101 2298
f 4918 2298 4101
f 688 1649 4314
f 687 4946 1649
f 811 4314 4946
f 1649 4946 4314
f 811 4946 4947
f 687 2206 4946
f 686 4947 2206
f 4946 2206 4947
f 811 4947 2435
f 686 4948 4947
f 939 2435 4948
f 4947 4948 2435
f 939 4948 4950
f 686 3612 4948
f 685 4950 3612
f 4948 3612 4950
f 939 4950 1822
f 685 3537 4950
f 941 1822 3537
f 4950 3537 1822
f 941 3537 3123
f 685 2789 3537
f 684 3123 2789
f 3537 2789 3123
f 941 3123 4173
f 684 4951 3123
f 943 4173 4951
f 3123 4951 4173
f 943 4951 4952
f 684 4123 4951
f 683 4952 4123
f 4951 4123 4952
f 943 4952 3037
f 683 2400 4952
f 945 3037 2400
f 4952 2400 3037
f 945 2400 2573
f 683 3840 2400
f 681 2573 3840
f 2400 3840 2573
f 945 2573 4686
f 681 1439 2573
f 947 4686 1439
f 2573 1439 4686
f 947 1439 3600
f 681 4111 1439
f 682 3600 4111
f 1439 4111 3600
f 947 3600 4690
f 682 3289 3600
f 949 4690 3289
f 3600 3289 4690
f 949 3289 4953
f 682 4932 3289
f 680 4953 4932
f 3289 4932 4953
f 949 4953 2969
f 680 4955 4953
f 951 2969 4955
f 4953 4955 2969
f 951 4955 4100
f 680 1955 4955
f 1041 4100 1955
f 4955 1955 4100
f 951 4100 4695
f 1041 4956 4100
f 953 4695 4956
f 4100 4956 4695
f 953 4956 3718
f 1041 4933 4956
f 669 3718 4933
f 4956 4933 3718
f 953 3718 1736
f 669 1855 3718
f 955 1736 1855
f 3718 1855 1736
f 955 1855 4958
f 669 3543 1855
f 1042 4958 3543
f 1855 3543 4958
f 955 4958 4701
f 1042 4959 4958
f 957 4701 4959
f 4958 4959 4701
f 957 4959 3380
f 1042 4098 4959
f 679 3380 4098
f 4959 4098 3380
f 957 3380 3298
f 679 2281 3380
f 959 3298 2281
f 3380 2281 3298
f 959 2281 4451
f 679 4931 2281
f 642 4451 4931
f 2281 4931 4451
f 959 4451 4961
f 642 4889 4451
f 1048 4961 4889
f 4451 4889 4961
f 1048 4889 3302
f 642 3262 4889
f 643 3302 3262
f 4889 3262 3302
f 668 4072 4147
f 156 2087 4072
f 155 4147 2087
f 4072 2087 4147
f 668 4147 4319
f 155 1783 4147
f 805 4319 1783
f 4147 1783 4319
f 805 1783 4296
f 155 4962 1783
f 806 4296 4962
f 1783 4962 4296
f 806 4962 4964
f 155 4129 4962
f 691 4964 4129
f 4962 4129 4964
f 806 4964 4300
f 691 2598 4964
f 690 4300 2598
f 4964 2598 4300
f 809 4310 4966
f 689 3599 4310
f 159 4966 3599
f 4310 3599 4966
f 809 4966 2195
f 159 2149 4966
f 688 2195 2149
f 4966 2149 2195
f 171 4456 1839
f 682 2650 4456
f 168 1839 2650
f 4456 2650 1839
f 131 2405 1612
f 243 2373 2405
f 703 1612 2373
f 2405 2373 1612
f 703 2373 1621
f 243 3266 2373
f 792 1621 3266
f 2373 3266 1621
f 703 1621 4384
f 792 1575 1621
f 821 4384 1575
f 1621 1575 4384
f 821 1575 4389
f 792 4179 1575
f 793 4389 4179
f 1575 4179 4389
f 821 4389 4362
f 793 3922 4389
f 822 4362 3922
f 4389 3922 4362
f 822 3922 4967
f 793 2683 3922
f 830 4967 2683
f 3922 2683 4967
f 822 4967 3008
f 830 4968 4967
f 863 3008 4968
f 4967 4968 3008
f 863 4968 4806
f 830 4134 4968
f 647 4806 4134
f 4968 4134 4806
f 863 4806 4483
f 647 2510 4806
f 864 4483 2510
f 4806 2510 4483
f 864 2510 4969
f 647 3426 2510
f 649 4969 3426
f 2510 3426 4969
f 864 4969 4552
f 649 1933 4969
f 881 4552 1933
f 4969 1933 4552
f 881 1933 3091
f 649 4970 1933
f 882 3091 4970
f 1933 4970 3091
f 882 4970 4971
f 649 1804 4970
f 861 4971 1804
f 4970 1804 4971
f 882 4971 2596
f 861 4972 4971
f 883 2596 4972
f 4971 4972 2596
f 883 4972 2482
f 861 4481 4972
f 860 2482 4481
f 4972 4481 2482
f 883 2482 4576
f 860 4973 2482
f 884 4576 4973
f 2482 4973 4576
f 884 4973 4306
f 860 4476 4973
f 859 4306 4476
f 4973 4476 4306
f 884 4306 4579
f 859 4975 4306
f 885 4579 4975
f 4306 4975 4579
f 885 4975 4976
f 859 4472 4975
f 858 4976 4472
f 4975 4472 4976
f 885 4976 3891
f 858 4978 4976
f 886 3891 4978
f 4976 4978 3891
f 886 4978 3963
f 858 4469 4978
f 857 3963 4469
f 4978 4469 3963
f 886 3963 4044
f 857 4979 3963
f 887 4044 4979
f 3963 4979 4044
f 887 4979 4980
f 857 4467 4979
f 856 4980 4467
f 4979 4467 4980
f 887 4980 4590
f 856 3073 4980
f 888 4590 3073
f 4980 3073 4590
f 888 3073 2165
f 856 4466 3073
f 855 2165 4466
f 3073 4466 2165
f 888 2165 4592
f 855 4983 2165
f 889 4592 4983
f 2165 4983 4592
f 889 4983 2862
f 855 4465 4983
f 854 2862 4465
f 4983 4465 2862
f 889 2862 3800
f 854 2428 2862
f 853 3800 2428
f 2862 2428 3800
f 851 3247 4985
f 853 4460 3247
f 813 4985 4460
f 3247 4460 4985
f 851 4985 4527
f 813 4326 4985
f 659 4527 4326
f 4985 4326 4527
f 932 4653 3723
f 659 4067 4653
f 661 3723 4067
f 4653 4067 3723
f 932 3723 4659
f 661 4299 3723
f 807 4659 4299
f 3723 4299 4659
f 935 4662 4986
f 808 4311 4662
f 809 4986 4311
f 4662 4311 4986
f 935 4986 4664
f 809 2657 4986
f 810 4664 2657
f 4986 2657 4664
f 930 3835 4988
f 959 4961 3835
f 1048 4988 4961
f 3835 4961 4988
f 930 4988 3275
f 1048 4989 4988
f 928 3275 4989
f 4988 4989 3275
f 928 4989 4990
f 1048 4883 4989
f 1043 4990 4883
f 4989 4883 4990
f 928 4990 4641
f 1043 2130 4990
f 926 4641 2130
f 4990 2130 4641
f 926 2130 3587
f 1043 4936 2130
f 1044 3587 4936
f 2130 4936 3587
f 926 3587 4636
f 1044 4992 3587
f 924 4636 4992
f 3587 4992 4636
f 924 4992 4761
f 1044 4939 4992
f 1045 4761 4939
f 4992 4939 4761
f 924 4761 4635
f 1045 4993 4761
f 922 4635 4993
f 4761 4993 4635
f 922 4993 4995
f 1045 4294 4993
f 1046 4995 4294
f 4993 4294 4995
f 922 4995 3837
f 1046 4819 4995
f 920 3837 4819
f 4995 4819 3837
f 920 4819 4996
f 1046 2502 4819
f 1047 4996 2502
f 4819 2502 4996
f 920 4996 4632
f 1047 3048 4996
f 895 4632 3048
f 4996 3048 4632
f 895 3048 4997
f 1047 4945 3048
f 1033 4997 4945
f 3048 4945 4997
f 895 4997 3533
f 1033 4999 4997
f 894 3533 4999
f 4997 4999 3533
f 894 4999 5000
f 1033 4902 4999
f 1032 5000 4902
f 4999 4902 5000
f 894 5000 3191
f 1032 4431 5000
f 891 3191 4431
f 5000 4431 3191
f 891 4431 5001
f 1032 3758 4431
f 1036 5001 3758
f 4431 3758 5001
f 891 5001 4598
f 1036 1796 5001
f 898 4598 1796
f 5001 1796 4598
f 898 1796 5002
f 1036 4913 1796
f 1024 5002 4913
f 1796 4913 5002
f 898 5002 4604
f 1024 5003 5002
f 901 4604 5003
f 5002 5003 4604
f 901 5003 5004
f 1024 4114 5003
f 1031 5004 4114
f 5003 4114 5004
f 901 5004 4554
f 1031 5005 5004
f 899 4554 5005
f 5004 5005 4554
f 899 5005 1468
f 1031 5007 5005
f 904 1468 5007
f 5005 5007 1468
f 904 5007 2276
f 1031 4900 5007
f 1030 2276 4900
f 5007 4900 2276
f 904 2276 4613
f 1030 4912 2276
f 906 4613 4912
f 2276 4912 4613
f 906 4912 5010
f 1030 2426 4912
f 1029 5010 2426
f 4912 2426 5010
f 906 5010 4617
f 1029 5011 5010
f 908 4617 5011
f 5010 5011 4617
f 908 5011 5013
f 1029 2105 5011
f 1028 5013 2105
f 5011 2105 5013
f 908 5013 4618
f 1028 5014 5013
f 907 4618 5014
f 5013 5014 4618
f 907 5014 3383
f 1028 5015 5014
f 911 3383 5015
f 5014 5015 3383
f 911 5015 5016
f 1028 4183 5015
f 1027 5016 4183
f 5015 4183 5016
f 911 5016 4611
f 1027 2550 5016
f 914 4611 2550
f 5016 2550 4611
f 914 2440 4624
f 1026 4887 2440
f 916 4624 4887
f 2440 4887 4624
f 919 3546 4875
f 917 3634 3546
f 1023 4875 3634
f 3546 3634 4875
f 890 3144 4368
f 919 5017 3144
f 490 4368 5017
f 3144 5017 4368
f 490 5017 3462
f 919 4874 5017
f 485 3462 4874
f 5017 4874 3462
f 1049 5018 2625
f 612 2575 5018
f 1050 2625 2575
f 5018 2575 2625
f 1051 5019 5022
f 1052 4812 5019
f 1053 5022 4812
f 5019 4812 5022
f 1054 5024 3650
f 1055 2614 5024
f 1052 3650 2614
f 5024 2614 3650
f 1056 4778 2156
f 1054 3650 4778
f 1052 2156 3650
f 4778 3650 2156
f 1053 4812 5025
f 1052 2614 4812
f 1055 5025 2614
f 4812 2614 5025
f 1057 1440 4781
f 1058 3815 1440
f 1059 4781 3815
f 1440 3815 4781
f 499 1912 1682
f 1060 4528 1912
f 484 1682 4528
f 1912 4528 1682
f 484 3654 3146
f 498 2815 3654
f 500 3146 2815
f 3654 2815 3146
f 1061 5026 5029
f 591 2763 5026
f 593 5029 2763
f 5026 2763 5029
f 1062 3506 5030
f 1063 4344 3506
f 1064 5030 4344
f 3506 4344 5030
f 1065 4470 5031
f 1066 4830 4470
f 1067 5031 4830
f 4470 4830 5031
f 1068 2420 1710
f 1069 2079 2420
f 1070 1710 2079
f 2420 2079 1710
f 713 4165 5032
f 712 4166 4165
f 1071 5032 4166
f 4165 4166 5032
f 1011 4833 5035
f 1013 5034 4833
f 1072 5035 5034
f 4833 5034 5035
f 778 4252 4754
f 781 5036 4252
f 1073 4754 5036
f 4252 5036 4754
f 641 4981 5038
f 610 3464 4981
f 620 5038 3464
f 4981 3464 5038
f 609 2032 4177
f 608 5039 2032
f 556 4177 5039
f 2032 5039 4177
f 554 2527 3965
f 1074 3097 2527
f 609 3965 3097
f 2527 3097 3965
f 1074 2527 5040
f 554 4801 2527
f 641 5040 4801
f 2527 4801 5040
f 641 4801 4981
f 554 3968 4801
f 610 4981 3968
f 4801 3968 4981
f 1075 5042 4318
f 555 5043 5042
f 1074 4318 5043
f 5042 5043 4318
f 555 3964 3806
f 607 5044 3964
f 556 3806 5044
f 3964 5044 3806
f 555 3065 5043
f 609 3097 3065
f 1074 5043 3097
f 3065 3097 5043
f 1076 5046 5047
f 582 2407 5046
f 555 5047 2407
f 5046 2407 5047
f 569 3962 4077
f 582 5048 3962
f 1077 4077 5048
f 3962 5048 4077
f 570 4264 3866
f 1078 5049 4264
f 581 3866 5049
f 4264 5049 3866
f 581 5049 5050
f 1078 3820 5049
f 1079 5050 3820
f 5049 3820 5050
f 1080 2990 5051
f 579 2661 2990
f 581 5051 2661
f 2990 2661 5051
f 578 4726 4666
f 1081 5052 4726
f 1082 4666 5052
f 4726 5052 4666
f 578 4666 3249
f 1082 5054 4666
f 568 3249 5054
f 4666 5054 3249
f 1081 4726 4260
f 578 3859 4726
f 579 4260 3859
f 4726 3859 4260
f 567 3826 1867
f 568 5054 3826
f 1082 1867 5054
f 3826 5054 1867
f 567 1867 5055
f 1082 5052 1867
f 1081 5055 5052
f 1867 5052 5055
f 1083 2970 4455
f 567 5055 2970
f 1081 4455 5055
f 2970 5055 4455
f 580 3878 4102
f 567 2409 3878
f 1084 4102 2409
f 3878 2409 4102
f 1084 2409 5056
f 567 4449 2409
f 1085 5056 4449
f 2409 4449 5056
f 580 4102 3864
f 1084 4436 4102
f 577 3864 4436
f 4102 4436 3864
f 577 4436 2332
f 1084 2414 4436
f 1086 2332 2414
f 4436 2414 2332
f 577 2332 4427
f 1086 2788 2332
f 1087 4427 2788
f 2332 2788 4427
f 1088 5058 5059
f 557 2196 5058
f 577 5059 2196
f 5058 2196 5059
f 1088 5059 2291
f 577 4427 5059
f 1087 2291 4427
f 5059 4427 2291
f 558 5060 1595
f 1089 3946 5060
f 559 1595 3946
f 5060 3946 1595
f 559 3946 3531
f 1089 5061 3946
f 1090 3531 5061
f 3946 5061 3531
f 559 3531 2566
f 1090 5062 3531
f 561 2566 5062
f 3531 5062 2566
f 563 2602 4381
f 562 1406 2602
f 1091 4381 1406
f 2602 1406 4381
f 1091 1406 4876
f 562 1435 1406
f 561 4876 1435
f 1406 1435 4876
f 1091 4876 4688
f 561 5062 4876
f 1090 4688 5062
f 4876 5062 4688
f 573 2790 5063
f 572 4585 2790
f 611 5063 4585
f 2790 4585 5063
f 575 5064 5066
f 1092 5065 5064
f 1093 5066 5065
f 5064 5065 5066
f 1092 5064 5067
f 575 1433 5064
f 572 5067 1433
f 5064 1433 5067
f 611 3970 5068
f 571 3602 3970
f 575 5068 3602
f 3970 3602 5068
f 576 1484 5069
f 575 5066 1484
f 1093 5069 5066
f 1484 5066 5069
f 1094 1780 5072
f 537 3052 1780
f 1093 5072 3052
f 1780 3052 5072
f 1093 3052 5073
f 537 3841 3052
f 571 5073 3841
f 3052 3841 5073
f 1095 5074 5076
f 539 5075 5074
f 89 5076 5075
f 5074 5075 5076
f 1095 5076 5078
f 89 5077 5076
f 1094 5078 5077
f 5076 5077 5078
f 538 2557 3582
f 537 1780 2557
f 1094 3582 1780
f 2557 1780 3582
f 1096 1546 2571
f 540 3754 1546
f 539 2571 3754
f 1546 3754 2571
f 1096 2571 3499
f 539 5074 2571
f 1095 3499 5074
f 2571 5074 3499
f 1049 4536 5018
f 602 3978 4536
f 612 5018 3978
f 4536 3978 5018
f 603 3950 5079
f 589 4191 3950
f 1097 5079 4191
f 3950 4191 5079
f 1097 4191 3397
f 589 3949 4191
f 602 3397 3949
f 4191 3949 3397
f 603 5079 3952
f 1097 2561 5079
f 604 3952 2561
f 5079 2561 3952
f 604 2561 5080
f 1097 3892 2561
f 1098 5080 3892
f 2561 3892 5080
f 1099 5081 3355
f 601 2216 5081
f 604 3355 2216
f 5081 2216 3355
f 1100 5082 2961
f 1101 4053 5082
f 1099 2961 4053
f 5082 4053 2961
f 1099 4053 5081
f 1101 5083 4053
f 601 5081 5083
f 4053 5083 5081
f 1101 4066 5083
f 605 3955 4066
f 601 5083 3955
f 4066 3955 5083
f 535 4055 3751
f 1102 5084 4055
f 536 3751 5084
f 4055 5084 3751
f 1103 2951 3572
f 1104 2876 2951
f 534 3572 2876
f 2951 2876 3572
f 1104 5086 2876
f 606 1976 5086
f 534 2876 1976
f 5086 1976 2876
f 1105 2986 2995
f 600 1624 2986
f 606 2995 1624
f 2986 1624 2995
f 599 2892 5087
f 600 4287 2892
f 1106 5087 4287
f 2892 4287 5087
f 1107 5020 2252
f 1108 1775 5020
f 599 2252 1775
f 5020 1775 2252
f 598 3937 4365
f 599 1775 3937
f 1108 4365 1775
f 3937 1775 4365
f 1109 5089 5090
f 585 3931 5089
f 598 5090 3931
f 5089 3931 5090
f 596 3926 5092
f 597 5091 3926
f 1110 5092 5091
f 3926 5091 5092
f 594 3928 5093
f 596 4709 3928
f 1111 5093 4709
f 3928 4709 5093
f 1112 2801 1973
f 583 3923 2801
f 592 1973 3923
f 2801 3923 1973
f 1113 5094 5097
f 590 5096 5094
f 1112 5097 5096
f 5094 5096 5097
f 1112 5096 2801
f 590 3819 5096
f 583 2801 3819
f 5096 3819 2801
f 1114 5098 5099
f 525 3730 5098
f 523 5099 3730
f 5098 3730 5099
f 524 3720 5100
f 523 3731 3720
f 527 5100 3731
f 3720 3731 5100
f 1114 5099 4409
f 523 2173 5099
f 1113 4409 2173
f 5099 2173 4409
f 482 3665 3081
f 500 5101 3665
f 483 3081 5101
f 3665 5101 3081
f 500 3664 5101
f 503 5102 3664
f 483 5101 5102
f 3664 5102 5101
f 1115 4854 3812
f 783 4718 4854
f 966 3812 4718
f 4854 4718 3812
f 1116 2747 5103
f 784 4261 2747
f 783 5103 4261
f 2747 4261 5103
f 1116 2806 2747
f 971 2746 2806
f 784 2747 2746
f 2806 2746 2747
f 1117 5104 3777
f 974 4742 5104
f 973 3777 4742
f 5104 4742 3777
f 969 5105 4622
f 1118 5106 5105
f 970 4622 5106
f 5105 5106 4622
f 1119 3824 5107
f 662 4259 3824
f 646 5107 4259
f 3824 4259 5107
f 1119 5107 4005
f 646 4846 5107
f 1120 4005 4846
f 5107 4846 4005
f 782 1581 5108
f 662 3824 1581
f 1119 5108 3824
f 1581 3824 5108
f 1073 5036 4747
f 781 4599 5036
f 1121 4747 4599
f 5036 4599 4747
f 778 4754 4245
f 1073 4674 4754
f 779 4245 4674
f 4754 4674 4245
f 1122 4290 2715
f 1123 5109 4290
f 775 2715 5109
f 4290 5109 2715
f 1123 5110 5109
f 776 4237 5110
f 775 5109 4237
f 5110 4237 5109
f 1072 3362 5114
f 1124 5111 3362
f 1125 5114 5111
f 3362 5111 5114
f 1125 2327 5112
f 771 4088 2327
f 1011 5112 4088
f 2327 4088 5112
f 1125 5112 5114
f 1011 5035 5112
f 1072 5114 5035
f 5112 5035 5114
f 1125 2493 2327
f 772 3785 2493
f 771 2327 3785
f 2493 3785 2327
f 1126 3056 2588
f 1008 1813 3056
f 773 2588 1813
f 3056 1813 2588
f 1126 2588 4239
f 773 5115 2588
f 1125 4239 5115
f 2588 5115 4239
f 1125 5115 2493
f 773 4236 5115
f 772 2493 4236
f 5115 4236 2493
f 1126 5116 3056
f 1007 4822 5116
f 1008 3056 4822
f 5116 4822 3056
f 756 5009 2794
f 981 2128 5009
f 757 2794 2128
f 5009 2128 2794
f 1127 5118 3860
f 1128 5119 5118
f 754 3860 5119
f 5118 5119 3860
f 1128 3933 5120
f 749 3789 3933
f 753 5120 3789
f 3933 3789 5120
f 1128 5120 5119
f 753 4216 5120
f 754 5119 4216
f 5120 4216 5119
f 1129 5121 4644
f 743 1892 5121
f 1130 4644 1892
f 5121 1892 4644
f 1130 1892 3059
f 743 3204 1892
f 745 3059 3204
f 1892 3204 3059
f 737 1691 5122
f 738 4052 1691
f 1058 5122 4052
f 1691 4052 5122
f 1058 4052 3815
f 738 2427 4052
f 1059 3815 2427
f 4052 2427 3815
f 1131 1795 3445
f 724 3066 1795
f 726 3445 3066
f 1795 3066 3445
f 1070 3431 5123
f 722 4176 3431
f 724 5123 4176
f 3431 4176 5123
f 720 3547 5125
f 1132 5124 3547
f 1133 5125 5124
f 3547 5124 5125
f 1133 5126 5125
f 719 2078 5126
f 720 5125 2078
f 5126 2078 5125
f 719 5126 4169
f 1133 4374 5126
f 716 4169 4374
f 5126 4374 4169
f 1134 4538 5127
f 717 3736 4538
f 716 5127 3736
f 4538 3736 5127
f 1134 5128 4538
f 712 4560 5128
f 717 4538 4560
f 5128 4560 4538
f 711 4556 4557
f 713 5032 4556
f 1071 4557 5032
f 4556 5032 4557
f 710 3676 3722
f 711 5129 3676
f 1135 3722 5129
f 3676 5129 3722
f 1135 5129 2979
f 711 5131 5129
f 1136 2979 5131
f 5129 5131 2979
f 710 3722 1590
f 1135 5132 3722
f 1137 1590 5132
f 3722 5132 1590
f 626 1697 5041
f 629 4009 1697
f 631 5041 4009
f 1697 4009 5041
f 1138 4025 1611
f 623 4002 4025
f 626 1611 4002
f 4025 4002 1611
f 640 3001 5133
f 624 4000 3001
f 1138 5133 4000
f 3001 4000 5133
f 1138 4000 4025
f 624 1701 4000
f 623 4025 1701
f 4000 1701 4025
f 620 3354 5038
f 621 4041 3354
f 641 5038 4041
f 3354 4041 5038
f 726 3935 5134
f 727 3189 3935
f 1139 5134 3189
f 3935 3189 5134
f 1139 3256 5134
f 1140 5135 3256
f 726 5134 5135
f 3256 5135 5134
f 1141 4035 5137
f 1142 1552 4035
f 1139 5137 1552
f 4035 1552 5137
f 1139 1552 3856
f 1142 5138 1552
f 1131 3856 5138
f 1552 5138 3856
f 1069 2420 2719
f 1068 5140 2420
f 1143 2719 5140
f 2420 5140 2719
f 1142 3372 4297
f 1143 5141 3372
f 1144 4297 5141
f 3372 5141 4297
f 1142 4297 4840
f 1144 1548 4297
f 1070 4840 1548
f 4297 1548 4840
f 1132 5142 3480
f 722 5143 5142
f 1144 3480 5143
f 5142 5143 3480
f 1144 5146 5148
f 1145 4684 5146
f 1146 5148 4684
f 5146 4684 5148
f 1144 5148 3480
f 1146 5149 5148
f 1132 3480 5149
f 5148 5149 3480
f 1132 5149 4316
f 1146 4684 5149
f 1145 4316 4684
f 5149 4684 4316
f 1147 4354 5151
f 1051 3415 4354
f 1148 5151 3415
f 4354 3415 5151
f 1148 3415 3583
f 1051 5152 3415
f 1149 3583 5152
f 3415 5152 3583
f 1055 5153 5154
f 1147 3245 5153
f 1150 5154 3245
f 5153 3245 5154
f 1150 3245 3976
f 1147 5151 3245
f 1148 3976 5151
f 3245 5151 3976
f 1147 5153 5155
f 1055 5024 5153
f 1054 5155 5024
f 5153 5024 5155
f 1054 4778 5155
f 1056 3877 4778
f 1147 5155 3877
f 4778 3877 5155
f 1051 4354 5012
f 1147 3877 4354
f 1056 5012 3877
f 4354 3877 5012
f 1056 4795 5012
f 1086 4894 4795
f 1051 5012 4894
f 4795 4894 5012
f 1051 4894 5152
f 1086 5157 4894
f 1149 5152 5157
f 4894 5157 5152
f 1149 5157 3437
f 1086 4733 5157
f 1151 3437 4733
f 5157 4733 3437
f 1068 3919 5159
f 1055 5154 3919
f 1150 5159 5154
f 3919 5154 5159
f 1068 5159 5140
f 1150 5160 5159
f 1143 5140 5160
f 5159 5160 5140
f 567 2970 4449
f 1083 5161 2970
f 1085 4449 5161
f 2970 5161 4449
f 1085 5161 4017
f 1083 5162 5161
f 1152 4017 5162
f 5161 5162 4017
f 1145 5163 4316
f 1153 3888 5163
f 1132 4316 3888
f 5163 3888 4316
f 722 5142 4171
f 1132 3547 5142
f 720 4171 3547
f 5142 3547 4171
f 1150 3976 2714
f 1148 3959 3976
f 1154 2714 3959
f 3976 3959 2714
f 1154 3959 4699
f 1148 5150 3959
f 1155 4699 5150
f 3959 5150 4699
f 1081 5164 4455
f 1156 4223 5164
f 1083 4455 4223
f 5164 4223 4455
f 1083 4223 5162
f 1156 5165 4223
f 1152 5162 5165
f 4223 5165 5162
f 1152 4187 4017
f 1151 2245 4187
f 1085 4017 2245
f 4187 2245 4017
f 1085 2245 1486
f 1151 4733 2245
f 1086 1486 4733
f 2245 4733 1486
f 1085 1486 5056
f 1086 2414 1486
f 1084 5056 2414
f 1486 2414 5056
f 1056 2156 5167
f 1052 3311 2156
f 1087 5167 3311
f 2156 3311 5167
f 1086 4795 2788
f 1056 5167 4795
f 1087 2788 5167
f 4795 5167 2788
f 1153 3156 2072
f 1157 4295 3156
f 1158 2072 4295
f 3156 4295 2072
f 1158 4295 5170
f 1157 5169 4295
f 1159 5170 5169
f 4295 5169 5170
f 1158 5170 4984
f 1159 5171 5170
f 1160 4984 5171
f 5170 5171 4984
f 1149 3437 3975
f 1151 3829 3437
f 1161 3975 3829
f 3437 3829 3975
f 1161 3829 5045
f 1151 5172 3829
f 1162 5045 5172
f 3829 5172 5045
f 1162 5173 4398
f 1156 5164 5173
f 1081 4398 5164
f 5173 5164 4398
f 1155 5174 5176
f 1161 5045 5174
f 1162 5176 5045
f 5174 5045 5176
f 1156 5173 5165
f 1162 2090 5173
f 1152 5165 2090
f 5173 2090 5165
f 1152 2090 4187
f 1162 5172 2090
f 1151 4187 5172
f 2090 5172 4187
f 1163 3555 5023
f 1164 4813 3555
f 1165 5023 4813
f 3555 4813 5023
f 1159 3717 5178
f 1166 5177 3717
f 1167 5178 5177
f 3717 5177 5178
f 1166 3717 5008
f 1159 4720 3717
f 1154 5008 4720
f 3717 4720 5008
f 1154 4720 1850
f 1159 5169 4720
f 1157 1850 5169
f 4720 5169 1850
f 1160 5171 5179
f 1159 2088 5171
f 1168 5179 2088
f 5171 2088 5179
f 1160 5179 3540
f 1168 3179 5179
f 1169 3540 3179
f 5179 3179 3540
f 1170 5180 5182
f 1168 2088 5180
f 1159 5182 2088
f 5180 2088 5182
f 1170 5182 5186
f 1159 5184 5182
f 1171 5186 5184
f 5182 5184 5186
f 1171 5184 3849
f 1159 5178 5184
f 1167 3849 5178
f 5184 5178 3849
f 1167 5187 3849
f 1172 4198 5187
f 1171 3849 4198
f 5187 4198 3849
f 1171 4198 3651
f 1172 4719 4198
f 1173 3651 4719
f 4198 4719 3651
f 1171 3651 5186
f 1173 5188 3651
f 1170 5186 5188
f 3651 5188 5186
f 1170 5188 5191
f 1173 4361 5188
f 1174 5191 4361
f 5188 4361 5191
f 1170 5191 5180
f 1174 5193 5191
f 1168 5180 5193
f 5191 5193 5180
f 1168 5193 5195
f 1174 4537 5193
f 1175 5195 4537
f 5193 4537 5195
f 1168 5195 4763
f 1175 5196 5195
f 1176 4763 5196
f 5195 5196 4763
f 1078 3786 3820
f 1177 5197 3786
f 1079 3820 5197
f 3786 5197 3820
f 1079 5197 2374
f 1177 5198 5197
f 1178 2374 5198
f 5197 5198 2374
f 1079 2374 5050
f 1178 2448 2374
f 581 5050 2448
f 2374 2448 5050
f 581 2448 5199
f 1178 4656 2448
f 1179 5199 4656
f 2448 4656 5199
f 581 5199 5051
f 1179 5200 5199
f 1080 5051 5200
f 5199 5200 5051
f 1180 5202 2417
f 1176 2098 5202
f 1181 2417 2098
f 5202 2098 2417
f 1136 5131 5204
f 711 5203 5131
f 1182 5204 5203
f 5131 5203 5204
f 1182 5203 5205
f 711 4557 5203
f 1071 5205 4557
f 5203 4557 5205
f 712 5128 4166
f 1134 3422 5128
f 1071 4166 3422
f 5128 3422 4166
f 1071 3422 5206
f 1134 4580 3422
f 1183 5206 4580
f 3422 4580 5206
f 1071 5206 5205
f 1183 5207 5206
f 1182 5205 5207
f 5206 5207 5205
f 1169 4586 5208
f 1184 1983 4586
f 1185 5208 1983
f 4586 1983 5208
f 1185 1983 1409
f 1184 5209 1983
f 1186 1409 5209
f 1983 5209 1409
f 1169 3179 4586
f 1168 5210 3179
f 1184 4586 5210
f 3179 5210 4586
f 1184 5210 5211
f 1168 4763 5210
f 1176 5211 4763
f 5210 4763 5211
f 1184 5211 5209
f 1176 5212 5211
f 1186 5209 5212
f 5211 5212 5209
f 1186 5212 4369
f 1176 5202 5212
f 1180 4369 5202
f 5212 5202 4369
f 1078 4264 5213
f 570 2852 4264
f 569 5213 2852
f 4264 2852 5213
f 1078 5213 5214
f 569 4497 5213
f 1187 5214 4497
f 5213 4497 5214
f 1187 4497 5215
f 569 4077 4497
f 1077 5215 4077
f 4497 4077 5215
f 1148 3583 5150
f 1149 5217 3583
f 1155 5150 5217
f 3583 5217 5150
f 1155 5217 5174
f 1149 3975 5217
f 1161 5174 3975
f 5217 3975 5174
f 1154 4699 5008
f 1155 3319 4699
f 1166 5008 3319
f 4699 3319 5008
f 1166 3319 5218
f 1155 5176 3319
f 1162 5218 5176
f 3319 5176 5218
f 1166 5218 5177
f 1162 2323 5218
f 1167 5177 2323
f 5218 2323 5177
f 1167 2323 2370
f 1162 4398 2323
f 1081 2370 4398
f 2323 4398 2370
f 1167 2370 5187
f 1081 3335 2370
f 1172 5187 3335
f 2370 3335 5187
f 1172 3335 5219
f 1081 4260 3335
f 579 5219 4260
f 3335 4260 5219
f 1172 5219 4719
f 579 2839 5219
f 1173 4719 2839
f 5219 2839 4719
f 1173 2839 5220
f 579 2990 2839
f 1080 5220 2990
f 2839 2990 5220
f 1173 5220 4361
f 1080 2235 5220
f 1174 4361 2235
f 5220 2235 4361
f 1174 2235 5222
f 1080 5200 2235
f 1179 5222 5200
f 2235 5200 5222
f 1174 5222 4537
f 1179 5223 5222
f 1175 4537 5223
f 5222 5223 4537
f 1175 5223 1583
f 1179 4656 5223
f 1178 1583 4656
f 5223 4656 1583
f 1175 1583 5196
f 1178 5224 1583
f 1176 5196 5224
f 1583 5224 5196
f 1176 5224 4308
f 1178 5198 5224
f 1177 4308 5198
f 5224 5198 4308
f 1176 4308 2098
f 1177 2825 4308
f 1181 2098 2825
f 4308 2825 2098
f 1181 2825 5226
f 1177 3786 2825
f 1078 5226 3786
f 2825 3786 5226
f 1181 5226 2417
f 1078 3315 5226
f 1180 2417 3315
f 5226 3315 2417
f 1180 3315 4402
f 1078 5214 3315
f 1187 4402 5214
f 3315 5214 4402
f 1180 4402 4369
f 1187 5227 4402
f 1186 4369 5227
f 4402 5227 4369
f 1186 5227 4777
f 1187 5228 5227
f 1188 4777 5228
f 5227 5228 4777
f 1107 2252 2497
f 599 5166 2252
f 1189 2497 5166
f 2252 5166 2497
f 1189 5166 4107
f 599 5087 5166
f 1106 4107 5087
f 5166 5087 4107
f 1189 4107 5231
f 1106 5229 4107
f 1190 5231 5229
f 4107 5229 5231
f 1109 5232 5089
f 1191 5233 5232
f 585 5089 5233
f 5232 5233 5089
f 1192 5234 5236
f 597 3929 5234
f 585 5236 3929
f 5234 3929 5236
f 1191 3628 5233
f 1193 5237 3628
f 585 5233 5237
f 3628 5237 5233
f 1192 5236 5238
f 585 5237 5236
f 1193 5238 5237
f 5236 5237 5238
f 1192 5238 5239
f 1193 3628 5238
f 1191 5239 3628
f 5238 3628 5239
f 1194 3792 5240
f 1195 4148 3792
f 1196 5240 4148
f 3792 4148 5240
f 646 4731 5242
f 970 5241 4731
f 1197 5242 5241
f 4731 5241 5242
f 1197 5241 1702
f 970 5106 5241
f 1118 1702 5106
f 5241 5106 1702
f 969 5243 5105
f 1198 5244 5243
f 1118 5105 5244
f 5243 5244 5105
f 1118 5244 4567
f 1198 5245 5244
f 1194 4567 5245
f 5244 5245 4567
f 1118 4567 1702
f 1194 3129 4567
f 1197 1702 3129
f 4567 3129 1702
f 1197 3129 5057
f 1194 5240 3129
f 1196 5057 5240
f 3129 5240 5057
f 1197 5057 5247
f 1196 5246 5057
f 1199 5247 5246
f 5057 5246 5247
f 1200 5221 5251
f 1201 5250 5221
f 1195 5251 5250
f 5221 5250 5251
f 1200 5251 4886
f 1195 5252 5251
f 1202 4886 5252
f 5251 5252 4886
f 1203 5253 4845
f 1204 2058 5253
f 1066 4845 2058
f 5253 2058 4845
f 1203 4845 2415
f 1066 5254 4845
f 1205 2415 5254
f 4845 5254 2415
f 1205 5254 2655
f 1066 2576 5254
f 1206 2655 2576
f 5254 2576 2655
f 1205 2655 5256
f 1206 3817 2655
f 1207 5256 3817
f 2655 3817 5256
f 1207 3817 5257
f 1206 3768 3817
f 1163 5257 3768
f 3817 3768 5257
f 1194 2688 5258
f 1062 2171 2688
f 1202 5258 2171
f 2688 2171 5258
f 1202 2171 1758
f 1062 3023 2171
f 1208 1758 3023
f 2171 3023 1758
f 1202 1758 4886
f 1208 5259 1758
f 1200 4886 5259
f 1758 5259 4886
f 1200 5259 5260
f 1208 3482 5259
f 1164 5260 3482
f 5259 3482 5260
f 1200 5260 5221
f 1164 5261 5260
f 1201 5221 5261
f 5260 5261 5221
f 1209 4669 3836
f 1208 5145 4669
f 1064 3836 5145
f 4669 5145 3836
f 1064 5145 5030
f 1208 3023 5145
f 1062 5030 3023
f 5145 3023 5030
f 1117 3220 5104
f 1198 5262 3220
f 974 5104 5262
f 3220 5262 5104
f 974 5262 1861
f 1198 5243 5262
f 969 1861 5243
f 5262 5243 1861
f 1201 5264 5250
f 1065 5168 5264
f 1195 5250 5168
f 5264 5168 5250
f 1202 5252 5258
f 1195 3792 5252
f 1194 5258 3792
f 5252 3792 5258
f 1194 5245 2688
f 1198 4954 5245
f 1062 2688 4954
f 5245 4954 2688
f 1062 4954 3259
f 1198 3220 4954
f 1117 3259 3220
f 4954 3220 3259
f 1062 3259 3506
f 1117 5265 3259
f 1063 3506 5265
f 3259 5265 3506
f 1063 5265 4203
f 1117 3777 5265
f 973 4203 3777
f 5265 3777 4203
f 1063 4203 4344
f 973 5266 4203
f 1064 4344 5266
f 4203 5266 4344
f 1064 5266 5267
f 973 4736 5266
f 971 5267 4736
f 5266 4736 5267
f 1188 5228 2593
f 1187 5268 5228
f 1210 2593 5268
f 5228 5268 2593
f 1210 5268 5139
f 1187 5215 5268
f 1077 5139 5215
f 5268 5215 5139
f 1210 5139 5269
f 1077 2139 5139
f 1211 5269 2139
f 5139 2139 5269
f 1211 2139 5270
f 1077 5048 2139
f 582 5270 5048
f 2139 5048 5270
f 1211 5270 2981
f 582 5046 5270
f 1076 2981 5046
f 5270 5046 2981
f 555 5042 5047
f 1075 3560 5042
f 1076 5047 3560
f 5042 3560 5047
f 1076 3560 2646
f 1075 1696 3560
f 1212 2646 1696
f 3560 1696 2646
f 1076 2646 2981
f 1212 3497 2646
f 1211 2981 3497
f 2646 3497 2981
f 1211 3497 3737
f 1212 5271 3497
f 1213 3737 5271
f 3497 5271 3737
f 1211 3737 5269
f 1213 3309 3737
f 1210 5269 3309
f 3737 3309 5269
f 1210 3309 5185
f 1213 1480 3309
f 1214 5185 1480
f 3309 1480 5185
f 1210 5185 2593
f 1214 4667 5185
f 1188 2593 4667
f 5185 4667 2593
f 710 1590 1819
f 1137 2649 1590
f 631 1819 2649
f 1590 2649 1819
f 631 2649 5273
f 1137 5272 2649
f 1215 5273 5272
f 2649 5272 5273
f 631 5273 5041
f 1215 4159 5273
f 626 5041 4159
f 5273 4159 5041
f 626 4159 5275
f 1215 5274 4159
f 1216 5275 5274
f 4159 5274 5275
f 626 5275 1611
f 1216 5136 5275
f 1138 1611 5136
f 5275 5136 1611
f 1138 5136 4759
f 1216 5276 5136
f 1217 4759 5276
f 5136 5276 4759
f 1138 4759 5133
f 1217 5277 4759
f 640 5133 5277
f 4759 5277 5133
f 641 4043 5040
f 640 4462 4043
f 1074 5040 4462
f 4043 4462 5040
f 1074 4462 1466
f 640 5277 4462
f 1217 1466 5277
f 4462 5277 1466
f 1074 1466 4318
f 1217 4568 1466
f 1075 4318 4568
f 1466 4568 4318
f 1075 4568 5278
f 1217 5276 4568
f 1216 5278 5276
f 4568 5276 5278
f 1075 5278 1696
f 1216 4908 5278
f 1212 1696 4908
f 5278 4908 1696
f 1212 4908 5279
f 1216 5274 4908
f 1215 5279 5274
f 4908 5274 5279
f 1212 5279 5271
f 1215 4640 5279
f 1213 5271 4640
f 5279 4640 5271
f 1213 4640 3881
f 1215 5272 4640
f 1137 3881 5272
f 4640 5272 3881
f 1213 3881 1480
f 1137 5280 3881
f 1214 1480 5280
f 3881 5280 1480
f 1214 5280 4616
f 1137 5132 5280
f 1135 4616 5132
f 5280 5132 4616
f 1214 4616 4667
f 1135 2681 4616
f 1188 4667 2681
f 4616 2681 4667
f 1188 2681 4826
f 1135 2979 2681
f 1136 4826 2979
f 2681 2979 4826
f 1188 4826 4777
f 1136 5281 4826
f 1186 4777 5281
f 4826 5281 4777
f 1186 5281 4906
f 1136 5204 5281
f 1182 4906 5204
f 5281 5204 4906
f 1186 4906 1409
f 1182 4727 4906
f 1185 1409 4727
f 4906 4727 1409
f 1185 4727 3357
f 1182 5207 4727
f 1183 3357 5207
f 4727 5207 3357
f 1185 3357 5208
f 1183 5282 3357
f 1169 5208 5282
f 3357 5282 5208
f 1169 5282 5283
f 1183 4580 5282
f 1134 5283 4580
f 5282 4580 5283
f 1169 5283 3540
f 1134 5284 5283
f 1160 3540 5284
f 5283 5284 3540
f 1160 5284 5285
f 1134 5127 5284
f 716 5285 5127
f 5284 5127 5285
f 1160 5285 4984
f 716 5286 5285
f 1158 4984 5286
f 5285 5286 4984
f 1158 5286 2779
f 716 4374 5286
f 1133 2779 4374
f 5286 4374 2779
f 1158 2779 2072
f 1133 5287 2779
f 1153 2072 5287
f 2779 5287 2072
f 1153 5287 3888
f 1133 5124 5287
f 1132 3888 5124
f 5287 5124 3888
f 1157 3156 1850
f 1153 1405 3156
f 1154 1850 1405
f 3156 1405 1850
f 1154 1405 5288
f 1153 5163 1405
f 1145 5288 5163
f 1405 5163 5288
f 1150 4722 5289
f 1218 2783 4722
f 1219 5289 2783
f 4722 2783 5289
f 1150 5289 2259
f 1219 4849 5289
f 1145 2259 4849
f 5289 4849 2259
f 1154 5288 5290
f 1145 4849 5288
f 1219 5290 4849
f 5288 4849 5290
f 1154 5290 4084
f 1219 2783 5290
f 1218 4084 2783
f 5290 2783 4084
f 1154 4084 2714
f 1218 4722 4084
f 1150 2714 4722
f 4084 4722 2714
f 1150 2259 5160
f 1145 2814 2259
f 1143 5160 2814
f 2259 2814 5160
f 1143 2814 5141
f 1145 5146 2814
f 1144 5141 5146
f 2814 5146 5141
f 1070 1548 3431
f 1144 5143 1548
f 722 3431 5143
f 1548 5143 3431
f 1220 1771 5292
f 1221 4741 1771
f 1222 5292 4741
f 1771 4741 5292
f 1222 4741 2639
f 1221 5293 4741
f 1223 2639 5293
f 4741 5293 2639
f 1222 2639 5147
f 1223 5294 2639
f 1164 5147 5294
f 2639 5294 5147
f 1164 5294 4813
f 1223 5295 5294
f 1165 4813 5295
f 5294 5295 4813
f 1224 3180 5181
f 1225 4410 3180
f 1226 5181 4410
f 3180 4410 5181
f 1207 5257 5297
f 1163 5296 5257
f 1227 5297 5296
f 5257 5296 5297
f 1227 5296 5298
f 1163 2880 5296
f 1228 5298 2880
f 5296 2880 5298
f 1227 5298 5300
f 1228 5299 5298
f 1229 5300 5299
f 5298 5299 5300
f 1229 5299 3810
f 1228 4103 5299
f 1230 3810 4103
f 5299 4103 3810
f 1229 3810 2973
f 1230 5201 3810
f 1226 2973 5201
f 3810 5201 2973
f 1226 5201 5181
f 1230 5194 5201
f 1224 5181 5194
f 5201 5194 5181
f 1220 4965 1771
f 1224 4301 4965
f 1221 1771 4301
f 4965 4301 1771
f 1221 4301 5301
f 1224 5194 4301
f 1230 5301 5194
f 4301 5194 5301
f 1221 5301 5293
f 1230 4248 5301
f 1223 5293 4248
f 5301 4248 5293
f 1223 4248 5304
f 1230 4103 4248
f 1228 5304 4103
f 4248 4103 5304
f 1223 5304 5295
f 1228 3915 5304
f 1165 5295 3915
f 5304 3915 5295
f 1165 3915 5023
f 1228 2880 3915
f 1163 5023 2880
f 3915 2880 5023
f 1207 5305 5307
f 1110 5091 5305
f 597 5307 5091
f 5305 5091 5307
f 1064 5267 2874
f 971 2806 5267
f 1116 2874 2806
f 5267 2806 2874
f 1064 2874 3836
f 1116 5308 2874
f 1209 3836 5308
f 2874 5308 3836
f 594 5093 4419
f 1111 5309 5093
f 1231 4419 5309
f 5093 5309 4419
f 594 4419 5310
f 1231 2950 4419
f 1232 5310 2950
f 4419 2950 5310
f 1232 2950 4548
f 1231 1628 2950
f 1233 4548 1628
f 2950 1628 4548
f 1232 4548 5225
f 1233 1659 4548
f 1234 5225 1659
f 4548 1659 5225
f 1234 1659 4506
f 1233 3653 1659
f 1235 4506 3653
f 1659 3653 4506
f 1234 4506 5192
f 1235 5303 4506
f 1236 5192 5303
f 4506 5303 5192
f 1236 5303 5311
f 1235 1940 5303
f 1237 5311 1940
f 5303 1940 5311
f 1237 5312 4371
f 1238 4673 5312
f 1239 4371 4673
f 5312 4673 4371
f 595 3918 5313
f 594 5310 3918
f 1232 5313 5310
f 3918 5310 5313
f 595 5313 5315
f 1232 5314 5313
f 1240 5315 5314
f 5313 5314 5315
f 1240 5314 5316
f 1232 5225 5314
f 1234 5316 5225
f 5314 5225 5316
f 1240 5316 5317
f 1234 3743 5316
f 1241 5317 3743
f 5316 3743 5317
f 1241 3743 4016
f 1234 5192 3743
f 1236 4016 5192
f 3743 5192 4016
f 1236 5311 5320
f 1237 5319 5311
f 1242 5320 5319
f 5311 5319 5320
f 1242 5319 1596
f 1237 4371 5319
f 1239 1596 4371
f 5319 4371 1596
f 1113 2173 5094
f 523 3910 2173
f 590 5094 3910
f 2173 3910 5094
f 526 3255 5322
f 525 5321 3255
f 527 5322 5321
f 3255 5321 5322
f 525 5098 1451
f 1114 5324 5098
f 509 1451 5324
f 5098 5324 1451
f 509 5324 5326
f 1114 5325 5324
f 1243 5326 5325
f 5324 5325 5326
f 1243 5325 2239
f 1114 4409 5325
f 1113 2239 4409
f 5325 4409 2239
f 1243 2239 4018
f 1113 5328 2239
f 1244 4018 5328
f 2239 5328 4018
f 1244 5328 5329
f 1113 5097 5328
f 1112 5329 5097
f 5328 5097 5329
f 1112 1973 1521
f 592 4059 1973
f 1061 1521 4059
f 1973 4059 1521
f 1225 3180 5230
f 1224 1873 3180
f 1245 5230 1873
f 3180 1873 5230
f 1245 1873 5331
f 1224 5330 1873
f 1246 5331 5330
f 1873 5330 5331
f 1110 5305 4146
f 1207 5297 5305
f 1227 4146 5297
f 5305 5297 4146
f 1110 4146 5332
f 1227 2642 4146
f 1247 5332 2642
f 4146 2642 5332
f 1247 2642 1907
f 1227 5300 2642
f 1229 1907 5300
f 2642 5300 1907
f 1247 1907 4006
f 1229 5333 1907
f 1248 4006 5333
f 1907 5333 4006
f 1248 5333 4386
f 1229 2973 5333
f 1226 4386 2973
f 5333 2973 4386
f 1248 4386 1988
f 1226 5334 4386
f 1249 1988 5334
f 4386 5334 1988
f 1249 5334 5144
f 1226 4410 5334
f 1225 5144 4410
f 5334 4410 5144
f 1249 5144 5335
f 1225 5088 5144
f 1238 5335 5088
f 5144 5088 5335
f 1238 5088 5337
f 1225 5230 5088
f 1245 5337 5230
f 5088 5230 5337
f 1115 3812 1536
f 966 5338 3812
f 1250 1536 5338
f 3812 5338 1536
f 1115 1536 3132
f 1250 4353 1536
f 1251 3132 4353
f 1536 4353 3132
f 1251 4353 4003
f 1250 5339 4353
f 1252 4003 5339
f 4353 5339 4003
f 1250 5338 5339
f 966 5340 5338
f 1252 5339 5340
f 5338 5340 5339
f 1252 5340 4963
f 966 4716 5340
f 965 4963 4716
f 5340 4716 4963
f 1252 4963 5341
f 965 4713 4963
f 964 5341 4713
f 4963 4713 5341
f 1252 5341 4003
f 964 5342 5341
f 1251 4003 5342
f 5341 5342 4003
f 1251 5342 1712
f 964 5343 5342
f 1253 1712 5343
f 5342 5343 1712
f 1253 5343 4739
f 964 4711 5343
f 963 4739 4711
f 5343 4711 4739
f 505 2324 2974
f 504 4697 2324
f 510 2974 4697
f 2324 4697 2974
f 532 3745 2311
f 531 4275 3745
f 510 2311 4275
f 3745 4275 2311
f 531 4663 3748
f 1254 2615 4663
f 504 3748 2615
f 4663 2615 3748
f 504 2615 5291
f 1254 4692 2615
f 1255 5291 4692
f 2615 4692 5291
f 1255 4692 5345
f 1254 5344 4692
f 1256 5345 5344
f 4692 5344 5345
f 1255 5345 5347
f 1256 5346 5345
f 1239 5347 5346
f 5345 5346 5347
f 1239 5346 1596
f 1256 2490 5346
f 1242 1596 2490
f 5346 2490 1596
f 1242 4974 5320
f 1244 5348 4974
f 1236 5320 5348
f 4974 5348 5320
f 1236 5348 4016
f 1244 5349 5348
f 1241 4016 5349
f 5348 5349 4016
f 1241 4907 5317
f 1061 5175 4907
f 1240 5317 5175
f 4907 5175 5317
f 1240 5175 4605
f 1061 5029 5175
f 593 4605 5029
f 5175 5029 4605
f 1240 4605 5315
f 593 2248 4605
f 595 5315 2248
f 4605 2248 5315
f 1254 4663 4665
f 531 2056 4663
f 529 4665 2056
f 4663 2056 4665
f 529 4188 5350
f 508 3675 4188
f 510 5350 3675
f 4188 3675 5350
f 530 1455 5302
f 529 5350 1455
f 510 5302 5350
f 1455 5350 5302
f 528 3738 4499
f 509 1963 3738
f 1254 4499 1963
f 3738 1963 4499
f 508 4188 2108
f 529 3742 4188
f 509 2108 3742
f 4188 3742 2108
f 1254 1963 5344
f 509 5351 1963
f 1256 5344 5351
f 1963 5351 5344
f 1256 5351 3042
f 509 5326 5351
f 1243 3042 5326
f 5351 5326 3042
f 1256 3042 2490
f 1243 5352 3042
f 1242 2490 5352
f 3042 5352 2490
f 1242 5352 4974
f 1243 4018 5352
f 1244 4974 4018
f 5352 4018 4974
f 1244 5329 5349
f 1112 3858 5329
f 1241 5349 3858
f 5329 3858 5349
f 1241 3858 4907
f 1112 1521 3858
f 1061 4907 1521
f 3858 1521 4907
f 1061 4059 5026
f 592 3911 4059
f 591 5026 3911
f 4059 3911 5026
f 1239 4673 5354
f 1238 5353 4673
f 1257 5354 5353
f 4673 5353 5354
f 1239 5354 5347
f 1257 2567 5354
f 1255 5347 2567
f 5354 2567 5347
f 1255 2567 3142
f 1257 5355 2567
f 1258 3142 5355
f 2567 5355 3142
f 1255 3142 5291
f 1258 4916 3142
f 504 5291 4916
f 3142 4916 5291
f 504 4916 5357
f 1258 5356 4916
f 1259 5357 5356
f 4916 5356 5357
f 513 3200 4960
f 504 5357 3200
f 1259 4960 5357
f 3200 5357 4960
f 516 3686 5359
f 504 5358 3686
f 518 5359 5358
f 3686 5358 5359
f 519 3139 3570
f 518 2844 3139
f 511 3570 2844
f 3139 2844 3570
f 520 2365 3198
f 506 5360 2365
f 516 3198 5360
f 2365 5360 3198
f 517 3681 3783
f 516 5360 3681
f 506 3783 5360
f 3681 5360 3783
f 1259 5361 1876
f 514 3699 5361
f 516 1876 3699
f 5361 3699 1876
f 518 2851 2844
f 506 4732 2851
f 511 2844 4732
f 2851 4732 2844
f 515 3265 5362
f 514 5235 3265
f 506 5362 5235
f 3265 5235 5362
f 514 5361 3694
f 1259 5085 5361
f 494 3694 5085
f 5361 5085 3694
f 494 5085 5363
f 1259 3943 5085
f 1260 5363 3943
f 5085 3943 5363
f 1260 3943 5364
f 1259 5356 3943
f 1258 5364 5356
f 3943 5356 5364
f 1260 5364 5366
f 1258 5365 5364
f 1261 5366 5365
f 5364 5365 5366
f 1261 5365 5367
f 1258 5355 5365
f 1257 5367 5355
f 5365 5355 5367
f 1261 5367 4746
f 1257 3906 5367
f 1245 4746 3906
f 5367 3906 4746
f 1245 3906 5337
f 1257 5353 3906
f 1238 5337 5353
f 3906 5353 5337
f 1238 5312 5335
f 1237 5368 5312
f 1249 5335 5368
f 5312 5368 5335
f 1249 5368 2578
f 1237 1940 5368
f 1235 2578 1940
f 5368 1940 2578
f 1249 2578 1988
f 1235 1990 2578
f 1248 1988 1990
f 2578 1990 1988
f 1248 1990 4998
f 1235 3653 1990
f 1233 4998 3653
f 1990 3653 4998
f 1248 4998 4006
f 1233 3079 4998
f 1247 4006 3079
f 4998 3079 4006
f 1247 3079 2647
f 1233 1628 3079
f 1231 2647 1628
f 3079 1628 2647
f 1247 2647 5332
f 1231 3727 2647
f 1110 5332 3727
f 2647 3727 5332
f 1110 3727 3567
f 1231 5309 3727
f 1111 3567 5309
f 3727 5309 3567
f 1110 3567 5092
f 1111 4709 3567
f 596 5092 4709
f 3567 4709 5092
f 1253 4739 3574
f 963 4615 4739
f 962 3574 4615
f 4739 4615 3574
f 962 2225 3682
f 484 4528 2225
f 1060 3682 4528
f 2225 4528 3682
f 962 3682 5369
f 1060 3868 3682
f 1262 5369 3868
f 3682 3868 5369
f 962 5369 3574
f 1262 3261 5369
f 1253 3574 3261
f 5369 3261 3574
f 1253 3261 5370
f 1262 3351 3261
f 1263 5370 3351
f 3261 3351 5370
f 1253 5370 1712
f 1263 5371 5370
f 1251 1712 5371
f 5370 5371 1712
f 1220 4327 4965
f 1115 2166 4327
f 1224 4965 2166
f 4327 2166 4965
f 1224 2166 5372
f 1115 3132 2166
f 1251 5372 3132
f 2166 3132 5372
f 1224 5372 5330
f 1251 4901 5372
f 1246 5330 4901
f 5372 4901 5330
f 1246 4901 5331
f 1251 5373 4901
f 1245 5331 5373
f 4901 5373 5331
f 1245 5373 3455
f 1251 5371 5373
f 1263 3455 5371
f 5373 5371 3455
f 1245 3455 4746
f 1263 2349 3455
f 1261 4746 2349
f 3455 2349 4746
f 1261 2349 5366
f 1263 5374 2349
f 1260 5366 5374
f 2349 5374 5366
f 1260 5374 5375
f 1263 3351 5374
f 1262 5375 3351
f 5374 3351 5375
f 1260 5375 5363
f 1262 5376 5375
f 494 5363 5376
f 5375 5376 5363
f 494 5376 1651
f 1262 3868 5376
f 1060 1651 3868
f 5376 3868 1651
f 1060 5028 1651
f 495 3577 5028
f 494 1651 3577
f 5028 3577 1651
f 495 3050 5378
f 497 5377 3050
f 502 5378 5377
f 3050 5377 5378
f 494 3663 3672
f 502 1512 3663
f 507 3672 1512
f 3663 1512 3672
f 1060 1912 5028
f 499 2485 1912
f 495 5028 2485
f 1912 2485 5028
f 501 2730 5379
f 500 2748 2730
f 495 5379 2748
f 2730 2748 5379
f 496 2975 5380
f 495 2748 2975
f 500 5380 2748
f 2975 2748 5380
f 502 2495 1512
f 500 3413 2495
f 507 1512 3413
f 2495 3413 1512
f 1264 5381 5382
f 1265 4094 5381
f 1000 5382 4094
f 5381 4094 5382
f 1000 4094 4678
f 1265 5384 4094
f 999 4678 5384
f 4094 5384 4678
f 1266 4689 5386
f 1267 2038 4689
f 1264 5386 2038
f 4689 2038 5386
f 1264 2038 5387
f 1267 3260 2038
f 1268 5387 3260
f 2038 3260 5387
f 1264 5387 5381
f 1268 5388 5387
f 1265 5381 5388
f 5387 5388 5381
f 1000 1592 5382
f 769 5389 1592
f 1264 5382 5389
f 1592 5389 5382
f 1264 5389 2095
f 769 5390 5389
f 1269 2095 5390
f 5389 5390 2095
f 1264 2095 5386
f 1269 4949 2095
f 1266 5386 4949
f 2095 4949 5386
f 1266 4949 3483
f 1269 4220 4949
f 1270 3483 4220
f 4949 4220 3483
f 1271 2958 5391
f 1272 3185 2958
f 1273 5391 3185
f 2958 3185 5391
f 1273 3185 5393
f 1272 5392 3185
f 1267 5393 5392
f 3185 5392 5393
f 1273 5393 4531
f 1267 3032 5393
f 1274 4531 3032
f 5393 3032 4531
f 1274 3032 5394
f 1267 4689 3032
f 1266 5394 4689
f 3032 4689 5394
f 1274 5394 5396
f 1266 5395 5394
f 1275 5396 5395
f 5394 5395 5396
f 1276 3586 5216
f 1277 5397 3586
f 1278 5216 5397
f 3586 5397 5216
f 1278 5397 4227
f 1277 3440 5397
f 1279 4227 3440
f 5397 3440 4227
f 1278 4227 3579
f 1279 4184 4227
f 1280 3579 4184
f 4227 4184 3579
f 1280 4184 2503
f 1279 5398 4184
f 1281 2503 5398
f 4184 5398 2503
f 1280 2503 5401
f 1281 5399 2503
f 1006 5401 5399
f 2503 5399 5401
f 1006 5399 5402
f 1281 2915 5399
f 1282 5402 2915
f 5399 2915 5402
f 1006 5402 4817
f 1282 3281 5402
f 768 4817 3281
f 5402 3281 4817
f 1004 4815 5403
f 768 3281 4815
f 1282 5403 3281
f 4815 3281 5403
f 1004 4012 5117
f 1003 2911 4012
f 770 5117 2911
f 4012 2911 5117
f 1124 5404 5111
f 1276 5405 5404
f 1125 5111 5405
f 5404 5405 5111
f 1125 5405 3687
f 1276 5216 5405
f 1278 3687 5216
f 5405 5216 3687
f 1125 3687 4239
f 1278 5406 3687
f 1126 4239 5406
f 3687 5406 4239
f 1126 5406 2009
f 1278 3579 5406
f 1280 2009 3579
f 5406 3579 2009
f 1126 2009 5116
f 1280 4232 2009
f 1007 5116 4232
f 2009 4232 5116
f 1007 4232 4820
f 1280 5401 4232
f 1006 4820 5401
f 4232 5401 4820
f 1277 5336 3440
f 1283 4734 5336
f 1279 3440 4734
f 5336 4734 3440
f 1279 4734 5408
f 1283 5407 4734
f 1284 5408 5407
f 4734 5407 5408
f 1279 5408 5398
f 1284 1947 5408
f 1281 5398 1947
f 5408 1947 5398
f 1281 1947 5410
f 1284 5409 1947
f 1270 5410 5409
f 1947 5409 5410
f 1281 5410 2915
f 1270 4987 5410
f 1282 2915 4987
f 5410 4987 2915
f 1282 4987 5411
f 1270 4220 4987
f 1269 5411 4220
f 4987 4220 5411
f 1002 4339 5413
f 1004 5412 4339
f 1269 5413 5412
f 4339 5412 5413
f 1282 5411 5403
f 1269 5412 5411
f 1004 5403 5412
f 5411 5412 5403
f 1002 4683 5053
f 1001 3995 4683
f 770 5053 3995
f 4683 3995 5053
f 769 2921 4235
f 1005 4991 2921
f 770 4235 4991
f 2921 4991 4235
f 769 4814 5390
f 1002 5413 4814
f 1269 5390 5413
f 4814 5413 5390
f 604 5080 3355
f 1098 3509 5080
f 1099 3355 3509
f 5080 3509 3355
f 1099 3509 1414
f 1098 5323 3509
f 1285 1414 5323
f 3509 5323 1414
f 1099 1414 2961
f 1285 5414 1414
f 1100 2961 5414
f 1414 5414 2961
f 602 4536 5416
f 1049 5415 4536
f 1286 5416 5415
f 4536 5415 5416
f 602 5416 3397
f 1286 2635 5416
f 1097 3397 2635
f 5416 2635 3397
f 1097 2635 5417
f 1286 2314 2635
f 1287 5417 2314
f 2635 2314 5417
f 1097 5417 3892
f 1287 2908 5417
f 1098 3892 2908
f 5417 2908 3892
f 1098 2908 4068
f 1287 4323 2908
f 1288 4068 4323
f 2908 4323 4068
f 1098 4068 5323
f 1288 5418 4068
f 1285 5323 5418
f 4068 5418 5323
f 535 3961 4055
f 605 5419 3961
f 1102 4055 5419
f 3961 5419 4055
f 1102 5419 4170
f 605 4066 5419
f 1101 4170 4066
f 5419 4066 4170
f 1102 4170 4679
f 1101 3169 4170
f 1289 4679 3169
f 4170 3169 4679
f 1289 3169 5420
f 1101 5082 3169
f 1100 5420 5082
f 3169 5082 5420
f 1289 5420 3109
f 1100 5006 5420
f 1290 3109 5006
f 5420 5006 3109
f 1290 5006 4982
f 1100 5414 5006
f 1285 4982 5414
f 5006 5414 4982
f 1290 4982 5421
f 1285 4087 4982
f 1291 5421 4087
f 4982 4087 5421
f 1291 4087 4879
f 1285 5418 4087
f 1288 4879 5418
f 4087 5418 4879
f 1103 3572 4489
f 534 2507 3572
f 536 4489 2507
f 3572 2507 4489
f 1103 4489 4832
f 536 5422 4489
f 1292 4832 5422
f 4489 5422 4832
f 1292 5422 4112
f 536 5084 5422
f 1102 4112 5084
f 5422 5084 4112
f 1292 4112 3475
f 1102 2522 4112
f 1293 3475 2522
f 4112 2522 3475
f 1293 2522 5423
f 1102 4679 2522
f 1289 5423 4679
f 2522 4679 5423
f 1293 5423 5424
f 1289 5189 5423
f 1294 5424 5189
f 5423 5189 5424
f 1294 5189 5425
f 1289 3109 5189
f 1290 5425 3109
f 5189 3109 5425
f 1294 5425 4048
f 1290 5400 5425
f 1295 4048 5400
f 5425 5400 4048
f 1295 5400 5426
f 1290 5421 5400
f 1291 5426 5421
f 5400 5421 5426
f 1295 5427 4048
f 1296 5429 5427
f 1294 4048 5429
f 5427 5429 4048
f 1294 5429 4113
f 1296 5431 5429
f 1297 4113 5431
f 5429 5431 4113
f 1294 4113 5424
f 1297 5432 4113
f 1293 5424 5432
f 4113 5432 5424
f 1293 5432 2722
f 1297 4272 5432
f 1298 2722 4272
f 5432 4272 2722
f 1293 2722 3475
f 1298 5433 2722
f 1292 3475 5433
f 2722 5433 3475
f 1292 5433 5434
f 1298 4358 5433
f 1299 5434 4358
f 5433 4358 5434
f 1292 5434 4832
f 1299 2540 5434
f 1103 4832 2540
f 5434 2540 4832
f 1103 2540 5435
f 1299 3920 2540
f 1300 5435 3920
f 2540 3920 5435
f 1103 5435 2951
f 1300 1798 5435
f 1104 2951 1798
f 5435 1798 2951
f 1104 1798 4755
f 1300 2312 1798
f 1301 4755 2312
f 1798 2312 4755
f 1104 4755 5086
f 1301 5436 4755
f 606 5086 5436
f 4755 5436 5086
f 606 5436 2995
f 1301 3728 5436
f 1105 2995 3728
f 5436 3728 2995
f 1207 5307 5070
f 597 5234 5307
f 1192 5070 5234
f 5307 5234 5070
f 1207 5070 5256
f 1192 3167 5070
f 1205 5256 3167
f 5070 3167 5256
f 1205 3167 5437
f 1192 5239 3167
f 1191 5437 5239
f 3167 5239 5437
f 1204 5253 2066
f 1203 2415 5253
f 1205 2066 2415
f 5253 2415 2066
f 1191 5232 2751
f 1109 5090 5232
f 598 2751 5090
f 5232 5090 2751
f 1191 2751 5438
f 598 4365 2751
f 1108 5438 4365
f 2751 4365 5438
f 1191 5438 4230
f 1108 4240 5438
f 1203 4230 4240
f 5438 4240 4230
f 1203 4240 5439
f 1108 5020 4240
f 1107 5439 5020
f 4240 5020 5439
f 1203 5439 4909
f 1107 3969 5439
f 1302 4909 3969
f 5439 3969 4909
f 1302 3969 3029
f 1107 2497 3969
f 1189 3029 2497
f 3969 2497 3029
f 1302 3029 3764
f 1189 5440 3029
f 1303 3764 5440
f 3029 5440 3764
f 1303 5440 5441
f 1189 5231 5440
f 1190 5441 5231
f 5440 5231 5441
f 1303 5441 3233
f 1190 3401 5441
f 1304 3233 3401
f 5441 3401 3233
f 1304 3401 1884
f 1190 4623 3401
f 1305 1884 4623
f 3401 4623 1884
f 1304 1884 5444
f 1305 5442 1884
f 1306 5444 5442
f 1884 5442 5444
f 1306 5442 1602
f 1305 4030 5442
f 1307 1602 4030
f 5442 4030 1602
f 1306 1602 5446
f 1307 5445 1602
f 1308 5446 5445
f 1602 5445 5446
f 1308 5445 4046
f 1307 5249 5445
f 1309 4046 5249
f 5445 5249 4046
f 1308 4046 4382
f 1309 5447 4046
f 1310 4382 5447
f 4046 5447 4382
f 1310 5447 5449
f 1309 5448 5447
f 1311 5449 5448
f 5447 5448 5449
f 1310 5449 5451
f 1311 2606 5449
f 1312 5451 2606
f 5449 2606 5451
f 1312 2606 2375
f 1311 4453 2606
f 1313 2375 4453
f 2606 4453 2375
f 1312 2375 4309
f 1313 4749 2375
f 1072 4309 4749
f 2375 4749 4309
f 1072 4749 3362
f 1313 5452 4749
f 1124 3362 5452
f 4749 5452 3362
f 1296 5453 3125
f 1124 5452 5453
f 1313 3125 5452
f 5453 5452 3125
f 1296 3125 5431
f 1313 5454 3125
f 1297 5431 5454
f 3125 5454 5431
f 1297 5454 4272
f 1313 4575 5454
f 1298 4272 4575
f 5454 4575 4272
f 1298 4575 1532
f 1313 4453 4575
f 1311 1532 4453
f 4575 4453 1532
f 1298 1532 4358
f 1311 4082 1532
f 1299 4358 4082
f 1532 4082 4358
f 1299 4082 4539
f 1311 5448 4082
f 1309 4539 5448
f 4082 5448 4539
f 1299 4539 3920
f 1309 5455 4539
f 1300 3920 5455
f 4539 5455 3920
f 1300 5455 5456
f 1309 5249 5455
f 1307 5456 5249
f 5455 5249 5456
f 1300 5456 2312
f 1307 2389 5456
f 1301 2312 2389
f 5456 2389 2312
f 1301 2389 3733
f 1307 4030 2389
f 1305 3733 4030
f 2389 4030 3733
f 1301 3733 3728
f 1305 5457 3733
f 1105 3728 5457
f 3733 5457 3728
f 1105 5457 1891
f 1305 4623 5457
f 1190 1891 4623
f 5457 4623 1891
f 1105 1891 1665
f 1190 5229 1891
f 1106 1665 5229
f 1891 5229 1665
f 1105 1665 2986
f 1106 4287 1665
f 600 2986 4287
f 1665 4287 2986
f 1195 5168 5458
f 1065 5031 5168
f 1067 5458 5031
f 5168 5031 5458
f 1195 5458 4148
f 1067 5459 5458
f 1196 4148 5459
f 5458 5459 4148
f 1196 5459 5246
f 1067 5460 5459
f 1199 5246 5460
f 5459 5460 5246
f 1199 5460 5462
f 1067 5461 5460
f 1314 5462 5461
f 5460 5461 5462
f 1199 5462 4225
f 1314 2535 5462
f 1315 4225 2535
f 5462 2535 4225
f 1315 2535 2480
f 1314 2475 2535
f 1316 2480 2475
f 2535 2475 2480
f 1315 2480 4658
f 1316 1913 2480
f 1121 4658 1913
f 2480 1913 4658
f 1121 1913 5463
f 1316 3211 1913
f 1317 5463 3211
f 1913 3211 5463
f 1121 5463 4747
f 1317 2301 5463
f 1073 4747 2301
f 5463 2301 4747
f 1073 2301 2293
f 1317 5464 2301
f 1318 2293 5464
f 2301 5464 2293
f 1073 2293 4674
f 1318 5465 2293
f 779 4674 5465
f 2293 5465 4674
f 779 5465 5466
f 1318 2740 5465
f 1122 5466 2740
f 5465 2740 5466
f 779 5466 4839
f 1122 2715 5466
f 775 4839 2715
f 5466 2715 4839
f 1121 4599 5468
f 781 4255 4599
f 782 5468 4255
f 4599 4255 5468
f 1121 5468 4658
f 782 5469 5468
f 1315 4658 5469
f 5468 5469 4658
f 1315 5469 3118
f 782 5108 5469
f 1119 3118 5108
f 5469 5108 3118
f 1315 3118 4225
f 1119 3087 3118
f 1199 4225 3087
f 3118 3087 4225
f 1199 3087 1470
f 1119 4005 3087
f 1120 1470 4005
f 3087 4005 1470
f 1199 1470 5247
f 1120 3803 1470
f 1197 5247 3803
f 1470 3803 5247
f 1197 3803 5242
f 1120 4846 3803
f 646 5242 4846
f 3803 4846 5242
f 783 4854 5103
f 1115 5470 4854
f 1116 5103 5470
f 4854 5470 5103
f 1116 5470 5471
f 1115 4327 5470
f 1220 5471 4327
f 5470 4327 5471
f 1116 5471 5308
f 1220 3592 5471
f 1209 5308 3592
f 5471 3592 5308
f 1209 3592 5472
f 1220 5292 3592
f 1222 5472 5292
f 3592 5292 5472
f 1209 5472 4669
f 1222 4637 5472
f 1208 4669 4637
f 5472 4637 4669
f 1208 4637 3482
f 1222 5147 4637
f 1164 3482 5147
f 4637 5147 3482
f 1164 3555 5261
f 1163 4789 3555
f 1201 5261 4789
f 3555 4789 5261
f 1201 4789 3293
f 1163 3768 4789
f 1206 3293 3768
f 4789 3768 3293
f 1201 3293 5264
f 1206 5473 3293
f 1065 5264 5473
f 3293 5473 5264
f 1065 5473 4470
f 1206 2576 5473
f 1066 4470 2576
f 5473 2576 4470
f 1066 4773 4830
f 1191 4519 4773
f 1067 4830 4519
f 4773 4519 4830
f 1067 4519 2678
f 1191 4230 4519
f 1203 2678 4230
f 4519 4230 2678
f 1067 2678 5461
f 1203 5475 2678
f 1314 5461 5475
f 2678 5475 5461
f 1314 5475 5476
f 1203 4909 5475
f 1302 5476 4909
f 5475 4909 5476
f 1314 5476 2475
f 1302 5477 5476
f 1316 2475 5477
f 5476 5477 2475
f 1316 5477 5478
f 1302 3764 5477
f 1303 5478 3764
f 5477 3764 5478
f 1316 5478 3211
f 1303 5479 5478
f 1317 3211 5479
f 5478 5479 3211
f 1317 5479 5481
f 1303 3233 5479
f 1304 5481 3233
f 5479 3233 5481
f 1317 5481 5464
f 1304 5482 5481
f 1318 5464 5482
f 5481 5482 5464
f 1318 5482 3876
f 1304 5444 5482
f 1306 3876 5444
f 5482 5444 3876
f 1318 3876 2740
f 1306 4645 3876
f 1122 2740 4645
f 3876 4645 2740
f 1122 4645 4383
f 1306 5446 4645
f 1308 4383 5446
f 4645 5446 4383
f 1122 4383 4290
f 1308 5483 4383
f 1123 4290 5483
f 4383 5483 4290
f 1123 5483 5485
f 1308 4382 5483
f 1310 5485 4382
f 5483 4382 5485
f 1123 5485 5110
f 1310 4977 5485
f 776 5110 4977
f 5485 4977 5110
f 776 4977 5486
f 1310 5451 4977
f 1312 5486 5451
f 4977 5451 5486
f 776 5486 4836
f 1312 5021 5486
f 1013 4836 5021
f 5486 5021 4836
f 1013 5021 5034
f 1312 4309 5021
f 1072 5034 4309
f 5021 4309 5034
f 747 4211 3787
f 750 2716 4211
f 1319 3787 2716
f 4211 2716 3787
f 1319 2716 3683
f 750 3268 2716
f 749 3683 3268
f 2716 3268 3683
f 1128 3009 3933
f 1319 3683 3009
f 749 3933 3683
f 3009 3683 3933
f 1128 5118 1571
f 1127 5487 5118
f 1320 1571 5487
f 5118 5487 1571
f 1320 5487 4710
f 1127 5489 5487
f 1321 4710 5489
f 5487 5489 4710
f 1322 2459 1565
f 1321 5490 2459
f 1323 1565 5490
f 2459 5490 1565
f 1323 5490 2838
f 1321 5489 5490
f 1127 2838 5489
f 5490 5489 2838
f 1323 2838 3760
f 1127 5491 2838
f 756 3760 5491
f 2838 5491 3760
f 756 5491 5492
f 1127 3860 5491
f 754 5492 3860
f 5491 3860 5492
f 756 5492 5009
f 754 4760 5492
f 981 5009 4760
f 5492 4760 5009
f 665 3494 2556
f 747 5493 3494
f 666 2556 5493
f 3494 5493 2556
f 666 5493 2491
f 747 2753 5493
f 1130 2491 2753
f 5493 2753 2491
f 666 2491 3608
f 1130 3059 2491
f 745 3608 3059
f 2491 3059 3608
f 1324 2797 4075
f 742 1982 2797
f 743 4075 1982
f 2797 1982 4075
f 1324 4075 2224
f 743 5121 4075
f 1129 2224 5121
f 4075 5121 2224
f 1325 1487 5495
f 1326 5494 1487
f 1327 5495 5494
f 1487 5494 5495
f 1327 5494 2609
f 1326 5496 5494
f 1328 2609 5496
f 5494 5496 2609
f 1327 2609 1906
f 1328 5497 2609
f 1329 1906 5497
f 2609 5497 1906
f 1330 4062 2526
f 1331 2026 4062
f 1332 2526 2026
f 4062 2026 2526
f 1333 4957 5499
f 1331 5498 4957
f 1334 5499 5498
f 4957 5498 5499
f 1333 5499 5467
f 1334 3695 5499
f 1335 5467 3695
f 5499 3695 5467
f 758 3196 5183
f 760 3443 3196
f 1336 5183 3443
f 3196 3443 5183
f 1336 3443 3280
f 760 1626 3443
f 1337 3280 1626
f 3443 1626 3280
f 1336 3280 2294
f 1337 2562 3280
f 1338 2294 2562
f 3280 2562 2294
f 1338 2562 3458
f 1337 3453 2562
f 1339 3458 3453
f 2562 3453 3458
f 1338 3458 4922
f 1339 5263 3458
f 1340 4922 5263
f 3458 5263 4922
f 1341 4924 3248
f 1342 3916 4924
f 1343 3248 3916
f 4924 3916 3248
f 764 1916 1663
f 766 1569 1916
f 998 1663 1569
f 1916 1569 1663
f 993 4167 5501
f 996 5500 4167
f 998 5501 5500
f 4167 5500 5501
f 993 5501 5502
f 998 4377 5501
f 1265 5502 4377
f 5501 4377 5502
f 998 4867 1663
f 767 4215 4867
f 764 1663 4215
f 4867 4215 1663
f 765 4229 5503
f 764 3418 4229
f 993 5503 3418
f 4229 3418 5503
f 1265 4377 5384
f 998 4802 4377
f 999 5384 4802
f 4377 4802 5384
f 1267 5392 3260
f 1272 4631 5392
f 1268 3260 4631
f 5392 4631 3260
f 1268 4631 4228
f 1272 4400 4631
f 1344 4228 4400
f 4631 4400 4228
f 1268 4228 5388
f 1344 5504 4228
f 1265 5388 5504
f 4228 5504 5388
f 1265 5504 5505
f 1344 1835 5504
f 1345 5505 1835
f 5504 1835 5505
f 997 5506 5507
f 1346 3110 5506
f 1345 5507 3110
f 5506 3110 5507
f 1265 5505 5502
f 1345 5508 5505
f 993 5502 5508
f 5505 5508 5502
f 993 3418 4794
f 764 5095 3418
f 997 4794 5095
f 3418 5095 4794
f 1347 2923 5509
f 985 3809 2923
f 759 5509 3809
f 2923 3809 5509
f 985 3214 5510
f 984 3341 3214
f 761 5510 3341
f 3214 3341 5510
f 1347 5509 5511
f 759 4350 5509
f 1341 5511 4350
f 5509 4350 5511
f 1347 5511 2670
f 1341 5512 5511
f 1348 2670 5512
f 5511 5512 2670
f 1348 5512 5513
f 1341 3248 5512
f 1343 5513 3248
f 5512 3248 5513
f 1348 5513 2741
f 1343 3846 5513
f 1349 2741 3846
f 5513 3846 2741
f 1342 5514 1968
f 1350 4049 5514
f 1351 1968 4049
f 5514 4049 1968
f 1351 4049 5428
f 1350 5430 4049
f 1352 5428 5430
f 4049 5430 5428
f 1351 5428 4417
f 1352 2901 5428
f 1353 4417 2901
f 5428 2901 4417
f 1353 2901 5515
f 1352 2524 2901
f 1271 5515 2524
f 2901 2524 5515
f 1332 4060 2526
f 1354 2863 4060
f 1330 2526 2863
f 4060 2863 2526
f 1330 2863 5516
f 1354 4359 2863
f 1355 5516 4359
f 2863 4359 5516
f 1355 2860 5516
f 1356 2050 2860
f 1330 5516 2050
f 2860 2050 5516
f 1331 4062 3593
f 1330 5517 4062
f 1357 3593 5517
f 4062 5517 3593
f 1331 3593 5498
f 1357 5518 3593
f 1334 5498 5518
f 3593 5518 5498
f 1358 5519 5520
f 1357 5517 5519
f 1330 5520 5517
f 5519 5517 5520
f 1358 5520 5521
f 1330 2050 5520
f 1356 5521 2050
f 5520 2050 5521
f 1093 3478 4321
f 1356 2860 3478
f 1355 4321 2860
f 3478 2860 4321
f 1093 4321 5072
f 1355 5522 4321
f 1094 5072 5522
f 4321 5522 5072
f 1094 5522 5078
f 1355 5523 5522
f 1095 5078 5523
f 5522 5523 5078
f 1342 1968 3916
f 1351 5524 1968
f 1343 3916 5524
f 1968 5524 3916
f 1343 5524 3846
f 1351 5248 5524
f 1349 3846 5248
f 5524 5248 3846
f 1349 5248 4213
f 1351 4417 5248
f 1353 4213 4417
f 5248 4417 4213
f 1353 5515 2708
f 1271 3170 5515
f 1359 2708 3170
f 5515 3170 2708
f 1359 3170 5525
f 1271 5391 3170
f 1273 5525 5391
f 3170 5391 5525
f 1340 5526 5527
f 1349 5327 5526
f 1360 5527 5327
f 5526 5327 5527
f 1360 5327 4892
f 1349 3756 5327
f 1361 4892 3756
f 5327 3756 4892
f 1361 5528 5443
f 1359 4562 5528
f 1362 5443 4562
f 5528 4562 5443
f 1362 4562 1603
f 1359 5529 4562
f 1363 1603 5529
f 4562 5529 1603
f 1337 1626 2833
f 760 4649 1626
f 983 2833 4649
f 1626 4649 2833
f 760 4770 1533
f 986 3038 4770
f 761 1533 3038
f 4770 3038 1533
f 983 1523 4638
f 982 5480 1523
f 761 4638 5480
f 1523 5480 4638
f 1337 2833 5530
f 983 4026 2833
f 985 5530 4026
f 2833 4026 5530
f 1347 5531 2923
f 1337 5530 5531
f 985 2923 5530
f 5531 5530 2923
f 1337 5531 3453
f 1347 5532 5531
f 1339 3453 5532
f 5531 5532 3453
f 1339 5532 4705
f 1347 2670 5532
f 1348 4705 2670
f 5532 2670 4705
f 1339 4705 5263
f 1348 3772 4705
f 1340 5263 3772
f 4705 3772 5263
f 1340 3772 5526
f 1348 2741 3772
f 1349 5526 2741
f 3772 2741 5526
f 1349 4213 3756
f 1353 5533 4213
f 1361 3756 5533
f 4213 5533 3756
f 1361 5533 5528
f 1353 2708 5533
f 1359 5528 2708
f 5533 2708 5528
f 1359 5525 5529
f 1273 4994 5525
f 1363 5529 4994
f 5525 4994 5529
f 1363 4994 2270
f 1273 4531 4994
f 1274 2270 4531
f 4994 4531 2270
f 1363 2270 5534
f 1274 5383 2270
f 1364 5534 5383
f 2270 5383 5534
f 1364 5383 5130
f 1274 5396 5383
f 1275 5130 5396
f 5383 5396 5130
f 1364 5130 4047
f 1275 5535 5130
f 1365 4047 5535
f 5130 5535 4047
f 759 3400 4350
f 989 4485 3400
f 1341 4350 4485
f 3400 4485 4350
f 759 4774 4226
f 987 5537 4774
f 762 4226 5537
f 4774 5537 4226
f 989 2117 2336
f 988 5538 2117
f 762 2336 5538
f 2117 5538 2336
f 989 4118 4485
f 763 2271 4118
f 1341 4485 2271
f 4118 2271 4485
f 1341 2271 4924
f 763 4790 2271
f 1342 4924 4790
f 2271 4790 4924
f 763 4429 3944
f 990 5539 4429
f 764 3944 5539
f 4429 5539 3944
f 763 4788 4790
f 992 3294 4788
f 1342 4790 3294
f 4788 3294 4790
f 1350 5514 5536
f 1342 5540 5514
f 995 5536 5540
f 5514 5540 5536
f 992 4783 3294
f 991 4784 4783
f 1342 3294 4784
f 4783 4784 3294
f 995 4379 3685
f 764 5113 4379
f 992 3685 5113
f 4379 5113 3685
f 1345 5190 5507
f 1350 5541 5190
f 997 5507 5541
f 5190 5541 5507
f 995 2597 5536
f 994 2390 2597
f 1350 5536 2390
f 2597 2390 5536
f 997 5095 3436
f 764 4379 5095
f 995 3436 4379
f 5095 4379 3436
f 1350 5190 5430
f 1345 5542 5190
f 1352 5430 5542
f 5190 5542 5430
f 1352 5542 5033
f 1345 1835 5542
f 1344 5033 1835
f 5542 1835 5033
f 1352 5033 2524
f 1344 5543 5033
f 1271 2524 5543
f 5033 5543 2524
f 1271 5543 2958
f 1344 4400 5543
f 1272 2958 4400
f 5543 4400 2958
f 1266 3483 5395
f 1270 3177 3483
f 1275 5395 3177
f 3483 3177 5395
f 1275 3177 5544
f 1270 5409 3177
f 1284 5544 5409
f 3177 5409 5544
f 1275 5544 5535
f 1284 5545 5544
f 1365 5535 5545
f 5544 5545 5535
f 1365 5545 5546
f 1284 5407 5545
f 1283 5546 5407
f 5545 5407 5546
f 612 3974 2575
f 540 5547 3974
f 1050 2575 5547
f 3974 5547 2575
f 1050 5547 5548
f 540 1546 5547
f 1096 5548 1546
f 5547 1546 5548
f 1050 5548 4164
f 1096 3499 5548
f 1095 4164 3499
f 5548 3499 4164
f 1356 3478 2376
f 1093 5065 3478
f 1092 2376 5065
f 3478 5065 2376
f 1356 2376 5521
f 1092 5549 2376
f 1358 5521 5549
f 2376 5549 5521
f 1357 5519 3254
f 1358 5550 5519
f 1366 3254 5550
f 5519 5550 3254
f 1357 3254 5518
f 1366 3562 3254
f 1334 5518 3562
f 3254 3562 5518
f 1334 3562 3225
f 1366 5450 3562
f 1367 3225 5450
f 3562 5450 3225
f 1334 3225 3695
f 1367 5552 3225
f 1335 3695 5552
f 3225 5552 3695
f 740 3365 3153
f 742 5037 3365
f 1368 3153 5037
f 3365 5037 3153
f 1368 5037 2154
f 742 2797 5037
f 1324 2154 2797
f 5037 2797 2154
f 1368 2154 5553
f 1324 1936 2154
f 1325 5553 1936
f 2154 1936 5553
f 1325 1936 5554
f 1324 2224 1936
f 1129 5554 2224
f 1936 2224 5554
f 1325 5554 1487
f 1129 1751 5554
f 1326 1487 1751
f 5554 1751 1487
f 1326 1751 1932
f 1129 4644 1751
f 1130 1932 4644
f 1751 4644 1932
f 1326 1932 5496
f 1130 5555 1932
f 1328 5496 5555
f 1932 5555 5496
f 1328 5555 5556
f 1130 2753 5555
f 747 5556 2753
f 5555 2753 5556
f 1328 5556 5474
f 747 3787 5556
f 1319 5474 3787
f 5556 3787 5474
f 1328 5474 5497
f 1319 3030 5474
f 1329 5497 3030
f 5474 3030 5497
f 1329 3030 2268
f 1319 3009 3030
f 1128 2268 3009
f 3030 3009 2268
f 735 4196 4627
f 737 4917 4196
f 1369 4627 4917
f 4196 4917 4627
f 1370 1572 5557
f 1371 3992 1572
f 1372 5557 3992
f 1572 3992 5557
f 1372 3992 5558
f 1371 3607 3992
f 1368 5558 3607
f 3992 3607 5558
f 1372 5558 3178
f 1368 4529 5558
f 1373 3178 4529
f 5558 4529 3178
f 1373 4529 5559
f 1368 5553 4529
f 1325 5559 5553
f 4529 5553 5559
f 1373 5559 3063
f 1325 5560 5559
f 1367 3063 5560
f 5559 5560 3063
f 1367 5560 5561
f 1325 5495 5560
f 1327 5561 5495
f 5560 5495 5561
f 1367 5561 5552
f 1327 5562 5561
f 1335 5552 5562
f 5561 5562 5552
f 1335 5562 5563
f 1327 1906 5562
f 1329 5563 1906
f 5562 1906 5563
f 1335 5563 5467
f 1329 2168 5563
f 1333 5467 2168
f 5563 2168 5467
f 1333 2168 5564
f 1329 2268 2168
f 1128 5564 2268
f 2168 2268 5564
f 1333 5564 4957
f 1128 2228 5564
f 1331 4957 2228
f 5564 2228 4957
f 1331 2228 5565
f 1128 1571 2228
f 1320 5565 1571
f 2228 1571 5565
f 1331 5565 2026
f 1320 2214 5565
f 1332 2026 2214
f 5565 2214 2026
f 1332 2214 3165
f 1320 4710 2214
f 1321 3165 4710
f 2214 4710 3165
f 1332 3165 4060
f 1321 5566 3165
f 1354 4060 5566
f 3165 5566 4060
f 1354 5566 5567
f 1321 2459 5566
f 1322 5567 2459
f 5566 2459 5567
f 1374 5318 2091
f 1375 5568 5318
f 1376 2091 5568
f 5318 5568 2091
f 1373 5569 3178
f 1377 5570 5569
f 1372 3178 5570
f 5569 5570 3178
f 1372 5570 5571
f 1377 2460 5570
f 1378 5571 2460
f 5570 2460 5571
f 1372 5571 5557
f 1378 4150 5571
f 1370 5557 4150
f 5571 4150 5557
f 1370 4150 5573
f 1378 5572 4150
f 1379 5573 5572
f 4150 5572 5573
f 563 4381 5574
f 1091 5255 4381
f 1376 5574 5255
f 4381 5255 5574
f 563 5574 3521
f 1376 4440 5574
f 564 3521 4440
f 5574 4440 3521
f 564 4440 5575
f 1376 5568 4440
f 1375 5575 5568
f 4440 5568 5575
f 564 5575 3821
f 1375 5576 5575
f 565 3821 5576
f 5575 5576 3821
f 1380 3936 5577
f 1381 1483 3936
f 1382 5577 1483
f 3936 1483 5577
f 1382 1483 5579
f 1381 5578 1483
f 1369 5579 5578
f 1483 5578 5579
f 1382 5579 1750
f 1369 3317 5579
f 1057 1750 3317
f 5579 3317 1750
f 1057 3317 2371
f 1369 4917 3317
f 737 2371 4917
f 3317 4917 2371
f 1057 2371 1440
f 737 5122 2371
f 1058 1440 5122
f 2371 5122 1440
f 1383 5580 5582
f 727 5581 5580
f 1384 5582 5581
f 5580 5581 5582
f 1384 5581 5158
f 727 4181 5581
f 729 5158 4181
f 5581 4181 5158
f 1384 5158 5306
f 729 2579 5158
f 731 5306 2579
f 5158 2579 5306
f 1384 5306 2406
f 731 1888 5306
f 1385 2406 1888
f 5306 1888 2406
f 1385 1888 2771
f 731 5583 1888
f 1386 2771 5583
f 1888 5583 2771
f 1385 2771 5585
f 1386 5584 2771
f 1387 5585 5584
f 2771 5584 5585
f 1387 5584 5586
f 1386 5583 5584
f 731 5586 5583
f 5584 5583 5586
f 1387 5586 5587
f 731 4190 5586
f 733 5587 4190
f 5586 4190 5587
f 738 4202 5588
f 740 3153 4202
f 1368 5588 3153
f 4202 3153 5588
f 738 5588 2427
f 1368 3067 5588
f 1059 2427 3067
f 5588 3067 2427
f 1059 3067 5589
f 1368 3607 3067
f 1371 5589 3607
f 3067 3607 5589
f 1059 5589 4781
f 1371 1402 5589
f 1057 4781 1402
f 5589 1402 4781
f 1057 1402 5590
f 1371 1572 1402
f 1370 5590 1572
f 1402 1572 5590
f 1057 5590 1750
f 1370 5591 5590
f 1382 1750 5591
f 5590 5591 1750
f 1382 5591 3508
f 1370 5573 5591
f 1379 3508 5573
f 5591 5573 3508
f 1382 3508 5577
f 1379 5592 3508
f 1380 5577 5592
f 3508 5592 5577
f 1374 2091 5594
f 1376 5593 2091
f 1388 5594 5593
f 2091 5593 5594
f 1388 5593 5595
f 1376 5255 5593
f 1091 5595 5255
f 5593 5255 5595
f 1388 5595 5596
f 1091 2085 5595
f 1389 5596 2085
f 5595 2085 5596
f 1389 2085 2380
f 1091 4688 2085
f 1090 2380 4688
f 2085 4688 2380
f 1389 2380 5597
f 1090 2147 2380
f 1390 5597 2147
f 2380 2147 5597
f 1390 2147 5598
f 1090 5061 2147
f 1089 5598 5061
f 2147 5061 5598
f 1390 5598 5599
f 1089 1991 5598
f 1391 5599 1991
f 5598 1991 5599
f 1385 5600 2406
f 1392 4479 5600
f 1384 2406 4479
f 5600 4479 2406
f 1384 4479 2110
f 1392 5601 4479
f 1393 2110 5601
f 4479 5601 2110
f 1384 2110 5582
f 1393 3025 2110
f 1383 5582 3025
f 2110 3025 5582
f 1391 1991 2802
f 1089 5602 1991
f 1394 2802 5602
f 1991 5602 2802
f 1394 5602 5604
f 1089 5603 5602
f 1088 5604 5603
f 5602 5603 5604
f 1392 5605 5606
f 1395 4140 5605
f 1396 5606 4140
f 5605 4140 5606
f 1088 2291 5604
f 1087 5607 2291
f 1394 5604 5607
f 2291 5607 5604
f 1395 1831 3043
f 1397 5608 1831
f 1053 3043 5608
f 1831 5608 3043
f 1395 3043 2419
f 1053 5025 3043
f 1055 2419 5025
f 3043 5025 2419
f 1396 4140 3367
f 1395 2419 4140
f 1055 3367 2419
f 4140 2419 3367
f 1396 3367 5610
f 1055 5609 3367
f 1139 5610 5609
f 3367 5609 5610
f 1139 5609 5137
f 1055 2551 5609
f 1141 5137 2551
f 5609 2551 5137
f 1140 3256 4434
f 1139 3856 3256
f 1131 4434 3856
f 3256 3856 4434
f 1383 2543 5611
f 1131 3445 2543
f 726 5611 3445
f 2543 3445 5611
f 727 5580 3189
f 1383 5612 5580
f 1139 3189 5612
f 5580 5612 3189
f 1139 5612 5613
f 1383 3025 5612
f 1393 5613 3025
f 5612 3025 5613
f 1139 5613 5610
f 1393 5614 5613
f 1396 5610 5614
f 5613 5614 5610
f 1396 5614 5606
f 1393 5601 5614
f 1392 5606 5601
f 5614 5601 5606
f 1089 5060 5615
f 558 2948 5060
f 557 5615 2948
f 5060 2948 5615
f 1089 5615 5603
f 557 5058 5615
f 1088 5603 5058
f 5615 5058 5603
f 574 3844 5616
f 566 3972 3844
f 611 5616 3972
f 3844 3972 5616
f 1092 5067 5617
f 572 3632 5067
f 566 5617 3632
f 5067 3632 5617
f 1092 5617 5549
f 566 5618 5617
f 1358 5549 5618
f 5617 5618 5549
f 1358 5618 5619
f 566 3823 5618
f 565 5619 3823
f 5618 3823 5619
f 1358 5619 5550
f 565 5620 5619
f 1366 5550 5620
f 5619 5620 5550
f 1366 5620 2068
f 565 5576 5620
f 1375 2068 5576
f 5620 5576 2068
f 1366 2068 5450
f 1375 5621 2068
f 1367 5450 5621
f 2068 5621 5450
f 1367 5621 5622
f 1375 5318 5621
f 1374 5622 5318
f 5621 5318 5622
f 1367 5622 3063
f 1374 1648 5622
f 1373 3063 1648
f 5622 1648 3063
f 1373 1648 4895
f 1374 5594 1648
f 1388 4895 5594
f 1648 5594 4895
f 1373 4895 5569
f 1388 3164 4895
f 1377 5569 3164
f 4895 3164 5569
f 1377 3164 5623
f 1388 5596 3164
f 1389 5623 5596
f 3164 5596 5623
f 1377 5623 2460
f 1389 5624 5623
f 1378 2460 5624
f 5623 5624 2460
f 1378 5624 5625
f 1389 5597 5624
f 1390 5625 5597
f 5624 5597 5625
f 1378 5625 5572
f 1390 5626 5625
f 1379 5572 5626
f 5625 5626 5572
f 1379 5626 1895
f 1390 5599 5626
f 1391 1895 5599
f 5626 5599 1895
f 1379 1895 5592
f 1391 2446 1895
f 1380 5592 2446
f 1895 2446 5592
f 1380 2446 5628
f 1391 5627 2446
f 1398 5628 5627
f 2446 5627 5628
f 1380 5628 3936
f 1398 5071 5628
f 1381 3936 5071
f 5628 5071 3936
f 1050 5629 2625
f 1362 5630 5629
f 1049 2625 5630
f 5629 5630 2625
f 1049 5630 5415
f 1362 5631 5630
f 1286 5415 5631
f 5630 5631 5415
f 1070 5123 4587
f 724 1795 5123
f 1131 4587 1795
f 5123 1795 4587
f 1070 4587 1710
f 1131 1423 4587
f 1068 1710 1423
f 4587 1423 1710
f 1068 1423 2229
f 1131 5138 1423
f 1142 2229 5138
f 1423 5138 2229
f 1068 2229 4707
f 1142 4035 2229
f 1141 4707 4035
f 2229 4035 4707
f 1068 4707 3919
f 1141 2551 4707
f 1055 3919 2551
f 4707 2551 3919
f 1051 3071 5019
f 1087 3311 3071
f 1052 5019 3311
f 3071 3311 5019
f 1087 3071 5632
f 1051 5022 3071
f 1053 5632 5022
f 3071 5022 5632
f 1053 1607 5632
f 1394 5607 1607
f 1087 5632 5607
f 1607 5607 5632
f 1394 1607 2802
f 1053 5488 1607
f 1391 2802 5488
f 1607 5488 2802
f 1391 5488 5633
f 1053 5608 5488
f 1397 5633 5608
f 5488 5608 5633
f 1395 5605 5634
f 1392 2612 5605
f 1391 5634 2612
f 5605 2612 5634
f 1397 1831 5633
f 1395 5634 1831
f 1391 5633 5634
f 1831 5634 5633
f 1391 2612 5627
f 1392 5635 2612
f 1398 5627 5635
f 2612 5635 5627
f 1398 5635 5636
f 1392 5600 5635
f 1385 5636 5600
f 5635 5600 5636
f 1398 5636 5071
f 1385 2909 5636
f 1381 5071 2909
f 5636 2909 5071
f 1381 2909 5637
f 1385 5585 2909
f 1387 5637 5585
f 2909 5585 5637
f 1381 5637 5578
f 1387 2015 5637
f 1369 5578 2015
f 5637 2015 5578
f 1369 2015 5638
f 1387 5587 2015
f 733 5638 5587
f 2015 5587 5638
f 1369 5638 4627
f 733 4192 5638
f 735 4627 4192
f 5638 4192 4627
f 756 3273 3760
f 758 5639 3273
f 1323 3760 5639
f 3273 5639 3760
f 1323 5639 5640
f 758 5183 5639
f 1336 5640 5183
f 5639 5183 5640
f 1323 5640 1565
f 1336 5641 5640
f 1322 1565 5641
f 5640 5641 1565
f 1322 5641 5484
f 1336 2294 5641
f 1338 5484 2294
f 5641 2294 5484
f 1322 5484 5567
f 1338 5551 5484
f 1354 5567 5551
f 5484 5551 5567
f 1354 5551 5027
f 1338 4922 5551
f 1340 5027 4922
f 5551 4922 5027
f 1354 5027 4359
f 1340 1429 5027
f 1355 4359 1429
f 5027 1429 4359
f 1355 1429 5642
f 1340 5527 1429
f 1360 5642 5527
f 1429 5527 5642
f 1355 5642 5523
f 1360 5643 5642
f 1095 5523 5643
f 5642 5643 5523
f 1095 5643 5644
f 1360 4892 5643
f 1361 5644 4892
f 5643 4892 5644
f 1095 5644 4164
f 1361 5645 5644
f 1050 4164 5645
f 5644 5645 4164
f 1050 5645 5629
f 1361 5443 5645
f 1362 5629 5443
f 5645 5443 5629
f 1362 1603 5631
f 1363 4671 1603
f 1286 5631 4671
f 1603 4671 5631
f 1286 4671 5646
f 1363 5534 4671
f 1364 5646 5534
f 4671 5534 5646
f 1286 5646 2314
f 1364 5647 5646
f 1287 2314 5647
f 5646 5647 2314
f 1287 5647 3290
f 1364 4047 5647
f 1365 3290 4047
f 5647 4047 3290
f 1287 3290 4323
f 1365 5648 3290
f 1288 4323 5648
f 3290 5648 4323
f 1288 5648 5649
f 1365 5546 5648
f 1283 5649 5546
f 5648 5546 5649
f 1288 5649 4879
f 1283 5650 5649
f 1291 4879 5650
f 5649 5650 4879
f 1291 5650 5651
f 1283 5336 5650
f 1277 5651 5336
f 5650 5336 5651
f 1291 5651 5426
f 1277 5652 5651
f 1295 5426 5652
f 5651 5652 5426
f 1295 5652 5653
f 1277 3586 5652
f 1276 5653 3586
f 5652 3586 5653
f 1295 5653 5427
f 1276 2215 5653
f 1296 5427 2215
f 5653 2215 5427
f 1296 2215 5453
f 1276 5404 2215
f 1124 5453 5404
f 2215 5404 5453
f 41 5654 1419
f 46 1862 5654
f 42 1419 1862
f 5654 1862 1419
f 46 5654 3635
f 41 2401 5654
f 335 3635 2401
f 5654 2401 3635
f 110 5655 1537
f 542 3762 5655
f 111 1537 3762
f 5655 3762 1537
f 542 5655 3872
f 110 3761 5655
f 113 3872 3761
f 5655 3761 3872
f 177 4582 2024
f 187 4104 4582
f 178 2024 4104
f 4582 4104 2024
f 187 4582 2310
f 177 2317 4582
f 185 2310 2317
f 4582 2317 2310
f 183 5656 4063
f 179 1812 5656
f 178 4063 1812
f 5656 1812 4063
f 179 5656 4106
f 183 1703 5656
f 184 4106 1703
f 5656 1703 4106
f 180 5657 3106
f 181 2247 5657
f 183 3106 2247
f 5657 2247 3106
f 181 5657 3507
f 180 3850 5657
f 642 3507 3850
f 5657 3850 3507
f 46 5658 3636
f 337 2889 5658
f 40 3636 2889
f 5658 2889 3636
f 337 5658 3709
f 46 3515 5658
f 43 3709 3515
f 5658 3515 3709
f 494 5659 3659
f 497 2759 5659
f 499 3659 2759
f 5659 2759 3659
f 1399 3658 5660
f 502 5377 3658
f 497 5660 5377
f 3658 5377 5660
f 496 5661 2366
f 499 2759 5661
f 497 2366 2759
f 5661 2759 2366
f 499 5661 5662
f 496 5380 5661
f 500 5662 5380
f 5661 5380 5662
f 499 2754 2135
f 498 2983 2754
f 493 2135 2983
f 2754 2983 2135
f 498 2754 2815
f 499 5662 2754
f 500 2815 5662
f 2754 5662 2815
f 502 3658 5156
f 1399 2134 3658
f 501 5156 2134
f 3658 2134 5156
f 502 5156 5378
f 501 5379 5156
f 495 5378 5379
f 5156 5379 5378
f 1399 5663 2134
f 494 3660 5663
f 501 2134 3660
f 5663 3660 2134
f 494 5663 5659
f 1399 5660 5663
f 497 5659 5660
f 5663 5660 5659
f 484 4251 1938
f 503 1598 4251
f 502 1938 1598
f 4251 1598 1938
f 503 4251 5102
f 484 2439 4251
f 483 5102 2439
f 4251 2439 5102
f 505 3977 3667
f 511 4732 3977
f 506 3667 4732
f 3977 4732 3667
f 511 3977 3677
f 505 2974 3977
f 510 3677 2974
f 3977 2974 3677
f 513 5664 2882
f 516 3697 5664
f 494 2882 3697
f 5664 3697 2882
f 516 5664 1876
f 513 4960 5664
f 1259 1876 4960
f 5664 4960 1876
f 515 5665 2774
f 494 3137 5665
f 512 2774 3137
f 5665 3137 2774
f 494 5665 3242
f 515 5362 5665
f 506 3242 5362
f 5665 5362 3242
f 517 1478 3597
f 514 3690 1478
f 504 3597 3690
f 1478 3690 3597
f 514 1478 5235
f 517 3783 1478
f 506 5235 3783
f 1478 3783 5235
f 519 5666 3703
f 504 3678 5666
f 494 3703 3678
f 5666 3678 3703
f 504 5666 3524
f 519 3570 5666
f 511 3524 3570
f 5666 3570 3524
f 520 5667 3705
f 518 5358 5667
f 504 3705 5358
f 5667 5358 3705
f 518 5667 5359
f 520 3198 5667
f 516 5359 3198
f 5667 3198 5359
f 524 3989 3721
f 525 3623 3989
f 480 3721 3623
f 3989 3623 3721
f 525 3989 5321
f 524 5100 3989
f 527 5321 5100
f 3989 5100 5321
f 526 5668 3726
f 509 3716 5668
f 480 3726 3716
f 5668 3716 3726
f 509 5668 3689
f 526 5322 5668
f 527 3689 5322
f 5668 5322 3689
f 528 5669 1953
f 529 2369 5669
f 504 1953 2369
f 5669 2369 1953
f 529 5669 4665
f 528 4499 5669
f 1254 4665 4499
f 5669 4499 4665
f 530 3696 3739
f 531 3746 3696
f 512 3739 3746
f 3696 3746 3739
f 531 3696 4275
f 530 5302 3696
f 510 4275 5302
f 3696 5302 4275
f 532 4343 1631
f 504 3691 4343
f 512 1631 3691
f 4343 3691 1631
f 504 4343 4697
f 532 2311 4343
f 510 4697 2311
f 4343 2311 4697
f 538 2183 3753
f 89 5075 2183
f 539 3753 5075
f 2183 5075 3753
f 89 2183 5077
f 538 3582 2183
f 1094 5077 3582
f 2183 3582 5077
f 573 5670 3843
f 575 2333 5670
f 91 3843 2333
f 5670 2333 3843
f 575 5670 5068
f 573 5063 5670
f 611 5068 5063
f 5670 5063 5068
f 574 2971 2429
f 572 2620 2971
f 91 2429 2620
f 2971 2620 2429
f 572 2971 4585
f 574 5616 2971
f 611 4585 5616
f 2971 5616 4585
f 576 3784 3847
f 571 2277 3784
f 566 3847 2277
f 3784 2277 3847
f 571 3784 5073
f 576 5069 3784
f 1093 5073 5069
f 3784 5069 5073
f 609 5671 3945
f 607 2047 5671
f 35 3945 2047
f 5671 2047 3945
f 607 5671 5044
f 609 4177 5671
f 556 5044 4177
f 5671 4177 5044
f 554 5672 3966
f 608 3613 5672
f 35 3966 3613
f 5672 3613 3966
f 608 5672 5039
f 554 2701 5672
f 556 5039 2701
f 5672 2701 5039
f 765 5673 3330
f 767 2902 5673
f 766 3330 2902
f 5673 2902 3330
f 767 5673 4238
f 765 5503 5673
f 993 4238 5503
f 5673 5503 4238
f 985 5674 4769
f 982 2198 5674
f 937 4769 2198
f 5674 2198 4769
f 982 5674 5480
f 985 5510 5674
f 761 5480 5510
f 5674 5510 5480
f 759 5385 4544
f 984 2148 5385
f 937 4544 2148
f 5385 2148 4544
f 984 5385 3341
f 759 4224 5385
f 761 3341 4224
f 5385 4224 3341
f 983 5675 4284
f 986 1448 5675
f 937 4284 1448
f 5675 1448 4284
f 986 5675 3038
f 983 4638 5675
f 761 3038 4638
f 5675 4638 3038
f 989 5676 1859
f 987 4775 5676
f 938 1859 4775
f 5676 4775 1859
f 987 5676 5537
f 989 2336 5676
f 762 5537 2336
f 5676 2336 5537
f 763 5677 4779
f 988 4776 5677
f 938 4779 4776
f 5677 4776 4779
f 988 5677 5538
f 763 3656 5677
f 762 5538 3656
f 5677 3656 5538
f 992 2304 4792
f 990 4782 2304
f 940 4792 4782
f 2304 4782 4792
f 990 2304 5539
f 992 5113 2304
f 764 5539 5113
f 2304 5113 5539
f 1346 5506 5679
f 997 5678 5506
f 994 5679 5678
f 5506 5678 5679
f 994 5678 2390
f 997 5541 5678
f 1350 2390 5541
f 5678 5541 2390
f 995 5680 1898
f 991 4786 5680
f 993 1898 4786
f 5680 4786 1898
f 991 5680 4784
f 995 5540 5680
f 1342 4784 5540
f 5680 5540 4784
f 993 5681 3093
f 1346 5679 5681
f 994 3093 5679
f 5681 5679 3093
f 1346 5681 3110
f 993 5508 5681
f 1345 3110 5508
f 5681 5508 3110
f 767 5682 4231
f 996 4791 5682
f 763 4231 4791
f 5682 4791 4231
f 996 5682 5500
f 767 4867 5682
f 998 5500 4867
f 5682 4867 5500
f 1004 4336 4810
f 1001 4809 4336
f 950 4810 4809
f 4336 4809 4810
f 1001 4336 3995
f 1004 5117 4336
f 770 3995 5117
f 4336 5117 3995
f 768 5683 4816
f 1003 4811 5683
f 950 4816 4811
f 5683 4811 4816
f 1003 5683 2911
f 768 1432 5683
f 770 2911 1432
f 5683 1432 2911
f 1002 5684 4808
f 1005 3258 5684
f 950 4808 3258
f 5684 3258 4808
f 1005 5684 4991
f 1002 5053 5684
f 770 4991 5053
f 5684 5053 4991
f 1069 3886 2079
f 1142 4840 3886
f 1070 2079 4840
f 3886 4840 2079
f 1142 3886 3372
f 1069 2719 3886
f 1143 3372 2719
f 3886 2719 3372
f 1140 5685 5135
f 1383 5611 5685
f 726 5135 5611
f 5685 5611 5135
f 1383 5685 2543
f 1140 4434 5685
f 1131 2543 4434
f 5685 4434 2543
f 1204 5686 2058
f 1191 4773 5686
f 1066 2058 4773
f 5686 4773 2058
f 1191 5686 5437
f 1204 2066 5686
f 1205 5437 2066
f 5686 2066 5437
