solid "metatarsal_index_l"
  facet normal 0.0594318881631 -0.694476902485 0.717056274414
    outer loop
      vertex 0.0992950350046 -0.021990917623 0.172302722931
      vertex 0.0999077707529 -0.0224565844983 0.172835960984
      vertex 0.09916523844 -0.0224795825779 0.172796174884
    endloop
  endfacet
  facet normal -0.101004190743 -0.77599132061 0.62260389328
    outer loop
      vertex 0.0938384085894 -0.0210628062487 0.171587690711
      vertex 0.0944475159049 -0.0207403376698 0.171249687672
      vertex 0.0945465192199 -0.0213203988969 0.171702206135
    endloop
  endfacet
  facet normal 0.17572247982 -0.980982542038 -0.0824307575822
    outer loop
      vertex 0.094394735992 -0.0173977836967 0.169417187572
      vertex 0.0946692973375 -0.0171452388167 0.169487595558
      vertex 0.0948534160852 -0.017449580133 0.169495001435
    endloop
  endfacet
  facet normal -0.00955534167588 -0.960489153862 -0.278153389692
    outer loop
      vertex 0.094394735992 -0.0173977836967 0.169417187572
      vertex 0.0941528752446 -0.0171612016857 0.169488102198
      vertex 0.0946692973375 -0.0171452388167 0.169487595558
    endloop
  endfacet
  facet normal -0.00661472789943 -0.983223319054 -0.182285770774
    outer loop
      vertex 0.0945074409246 -0.0169412717223 0.169526487589
      vertex 0.0946692973375 -0.0171452388167 0.169487595558
      vertex 0.0941528752446 -0.0171612016857 0.169488102198
    endloop
  endfacet
  facet normal 0.0507373437285 -0.972847163677 -0.22581872344
    outer loop
      vertex 0.0946692973375 -0.0171452388167 0.169487595558
      vertex 0.0945074409246 -0.0169412717223 0.169526487589
      vertex 0.0948069095612 -0.0168582312763 0.169561386108
    endloop
  endfacet
  facet normal 0.0556999370456 -0.976252317429 -0.209353461862
    outer loop
      vertex 0.0948069095612 -0.0168582312763 0.169561386108
      vertex 0.0945074409246 -0.0169412717223 0.169526487589
      vertex 0.0945300161839 -0.0164187140763 0.169639840722
    endloop
  endfacet
  facet normal -0.0428612604737 -0.975990414619 -0.213554784656
    outer loop
      vertex 0.0945074409246 -0.0169412717223 0.169526487589
      vertex 0.094115562737 -0.0167670417577 0.169581830502
      vertex 0.0945300161839 -0.0164187140763 0.169639840722
    endloop
  endfacet
  facet normal -0.0332557670772 -0.978701412678 -0.20257730782
    outer loop
      vertex 0.094115562737 -0.0167670417577 0.169581830502
      vertex 0.0937725380063 -0.016314201057 0.169687211514
      vertex 0.0945300161839 -0.0164187140763 0.169639840722
    endloop
  endfacet
  facet normal -0.227723419666 -0.972240269184 -0.0537670962512
    outer loop
      vertex 0.0933730900288 -0.0167314447463 0.169757694006
      vertex 0.0937725380063 -0.016314201057 0.169687211514
      vertex 0.094115562737 -0.0167670417577 0.169581830502
    endloop
  endfacet
  facet normal -0.0675820112228 -0.992388308048 0.102946966887
    outer loop
      vertex 0.0933730900288 -0.0167314447463 0.169757694006
      vertex 0.093209862709 -0.0161391720176 0.169707372785
      vertex 0.0937725380063 -0.016314201057 0.169687211514
    endloop
  endfacet
  facet normal 0.0737140327692 -0.995207905769 0.0642450004816
    outer loop
      vertex 0.0927437469363 -0.0164744108915 0.169694498181
      vertex 0.093209862709 -0.0161391720176 0.169707372785
      vertex 0.0933730900288 -0.0167314447463 0.169757694006
    endloop
  endfacet
  facet normal 0.0422516651452 -0.998899579048 0.0203582495451
    outer loop
      vertex 0.0927437469363 -0.0164744108915 0.169694498181
      vertex 0.0928210690618 -0.0158197842538 0.169684424996
      vertex 0.093209862709 -0.0161391720176 0.169707372785
    endloop
  endfacet
  facet normal -0.103877127171 -0.994585514069 0.00303137139417
    outer loop
      vertex 0.0928210690618 -0.0158197842538 0.169684424996
      vertex 0.0927437469363 -0.0164744108915 0.169694498181
      vertex 0.0920787677169 -0.016223706305 0.169763177633
    endloop
  endfacet
  facet normal -0.364116340876 -0.513183116913 0.77721452713
    outer loop
      vertex 0.0893657878041 -0.0233059749007 0.175644636154
      vertex 0.088799379766 -0.0229174047709 0.175458028913
      vertex 0.0893407687545 -0.0229039005935 0.175053447485
    endloop
  endfacet
  facet normal -0.513407886028 -0.73677611351 0.439969718456
    outer loop
      vertex 0.0876557528973 -0.0201243124902 0.173324838281
      vertex 0.087281703949 -0.0206867866218 0.173921361566
      vertex 0.0871061906219 -0.0200893469155 0.173686906695
    endloop
  endfacet
  facet normal -0.215970337391 -0.930919289589 0.294526994228
    outer loop
      vertex 0.0971753448248 -0.0192545838654 0.170056894422
      vertex 0.0970812886953 -0.0184255577624 0.169816419482
      vertex 0.0978282988071 -0.0187967419624 0.169760555029
    endloop
  endfacet
  facet normal -0.339864820242 -0.676164805889 0.653676569462
    outer loop
      vertex 0.0892769545317 -0.021405223757 0.173374831676
      vertex 0.0898279771209 -0.0213528126478 0.173047199845
      vertex 0.0900315493345 -0.0218831934035 0.173457622528
    endloop
  endfacet
  facet normal -0.216151088476 -0.954284906387 -0.206443682313
    outer loop
      vertex 0.0936978459358 -0.0170473903418 0.169615790248
      vertex 0.094115562737 -0.0167670417577 0.169581830502
      vertex 0.0941528752446 -0.0171612016857 0.169488102198
    endloop
  endfacet
  facet normal -0.402898192406 -0.786207795143 0.468562036753
    outer loop
      vertex 0.0895367786288 -0.0180795378983 0.17092256248
      vertex 0.0890355706215 -0.0186209697276 0.17150208354
      vertex 0.0889065265656 -0.0180268213153 0.1712141186
    endloop
  endfacet
  facet normal -0.467143088579 -0.764022290707 0.445025086403
    outer loop
      vertex 0.0884103775024 -0.0176549442112 0.17130087316
      vertex 0.08902554214 -0.017428342253 0.170792758465
      vertex 0.0889065265656 -0.0180268213153 0.1712141186
    endloop
  endfacet
  facet normal 0.111220873892 -0.883487999439 0.455059230328
    outer loop
      vertex 0.0952974334359 -0.0175592601299 0.169571191072
      vertex 0.09571172297 -0.017815027386 0.169755071402
      vertex 0.0951825007796 -0.0177664458752 0.16966342926
    endloop
  endfacet
  facet normal 0.23742043972 -0.929130375385 0.283457666636
    outer loop
      vertex 0.09571172297 -0.017815027386 0.169755071402
      vertex 0.0952974334359 -0.0175592601299 0.169571191072
      vertex 0.0957795530558 -0.0172163285315 0.169589757919
    endloop
  endfacet
  facet normal 0.0624791160226 -0.997473359108 0.0338114202023
    outer loop
      vertex 0.0950135812163 -0.0170641541481 0.169536620378
      vertex 0.0957795530558 -0.0172163285315 0.169589757919
      vertex 0.0952974334359 -0.0175592601299 0.169571191072
    endloop
  endfacet
  facet normal 0.102829486132 -0.979054272175 -0.175723820925
    outer loop
      vertex 0.0950135812163 -0.0170641541481 0.169536620378
      vertex 0.0953003689647 -0.0166161358356 0.169647157192
      vertex 0.0957795530558 -0.0172163285315 0.169589757919
    endloop
  endfacet
  facet normal 0.0752579793334 -0.978272795677 -0.193180069327
    outer loop
      vertex 0.0953003689647 -0.0166161358356 0.169647157192
      vertex 0.0950135812163 -0.0170641541481 0.169536620378
      vertex 0.0948069095612 -0.0168582312763 0.169561386108
    endloop
  endfacet
  facet normal 0.0685083940625 -0.986456573009 -0.14903023839
    outer loop
      vertex 0.0960511192679 -0.0161863751709 0.169764220715
      vertex 0.0957795530558 -0.0172163285315 0.169589757919
      vertex 0.0953003689647 -0.0166161358356 0.169647157192
    endloop
  endfacet
  facet normal -0.0159388408065 -0.985129654408 -0.171071738005
    outer loop
      vertex 0.0957795530558 -0.0172163285315 0.169589757919
      vertex 0.0960511192679 -0.0161863751709 0.169764220715
      vertex 0.0966434031725 -0.0168291777372 0.169643014669
    endloop
  endfacet
  facet normal 0.127173513174 -0.94677644968 -0.295704632998
    outer loop
      vertex 0.0976781323552 -0.0153190493584 0.170253649354
      vertex 0.0966434031725 -0.0168291777372 0.169643014669
      vertex 0.0960511192679 -0.0161863751709 0.169764220715
    endloop
  endfacet
  facet normal 0.103511281312 -0.94472694397 -0.311089128256
    outer loop
      vertex 0.0976781323552 -0.0153190493584 0.170253649354
      vertex 0.097786873579 -0.01674958691 0.169794514775
      vertex 0.0966434031725 -0.0168291777372 0.169643014669
    endloop
  endfacet
  facet normal 0.192012429237 -0.930100083351 -0.313121408224
    outer loop
      vertex 0.097786873579 -0.01674958691 0.169794514775
      vertex 0.0976781323552 -0.0153190493584 0.170253649354
      vertex 0.0991231501102 -0.016911868006 0.170015737414
    endloop
  endfacet
  facet normal 0.315144449472 -0.854228317738 -0.413494795561
    outer loop
      vertex 0.0991231501102 -0.016911868006 0.170015737414
      vertex 0.0976781323552 -0.0153190493584 0.170253649354
      vertex 0.0990364700556 -0.0150491567329 0.170885413885
    endloop
  endfacet
  facet normal 0.33785918355 -0.874781906605 -0.347286373377
    outer loop
      vertex 0.0986432358623 -0.0139386989176 0.171174392104
      vertex 0.0990364700556 -0.0150491567329 0.170885413885
      vertex 0.0976781323552 -0.0153190493584 0.170253649354
    endloop
  endfacet
  facet normal 0.337839126587 -0.874791443348 -0.347281754017
    outer loop
      vertex 0.0986432358623 -0.0139386989176 0.171174392104
      vertex 0.100394770503 -0.014779035002 0.17151722312
      vertex 0.0990364700556 -0.0150491567329 0.170885413885
    endloop
  endfacet
  facet normal 0.413776904345 -0.706414103508 -0.574254095554
    outer loop
      vertex 0.100999057293 -0.0134940091521 0.172915801406
      vertex 0.100394770503 -0.014779035002 0.17151722312
      vertex 0.0986432358623 -0.0139386989176 0.171174392104
    endloop
  endfacet
  facet normal 0.401388347149 -0.707673847675 -0.581450879574
    outer loop
      vertex 0.100999057293 -0.0134940091521 0.172915801406
      vertex 0.103168196976 -0.0150681072846 0.172852784395
      vertex 0.100394770503 -0.014779035002 0.17151722312
    endloop
  endfacet
  facet normal 0.538612484932 -0.369877904654 -0.757025063038
    outer loop
      vertex 0.103837035596 -0.0144675737247 0.175055846572
      vertex 0.103168196976 -0.0150681072846 0.172852784395
      vertex 0.100999057293 -0.0134940091521 0.172915801406
    endloop
  endfacet
  facet normal 0.699651062489 -0.377729535103 -0.606472432613
    outer loop
      vertex 0.105499707162 -0.0171679724008 0.173799857497
      vertex 0.103168196976 -0.0150681072846 0.172852784395
      vertex 0.103837035596 -0.0144675737247 0.175055846572
    endloop
  endfacet
  facet normal 0.579663932323 -0.756694555283 -0.302329391241
    outer loop
      vertex 0.103168196976 -0.0150681072846 0.172852784395
      vertex 0.105499707162 -0.0171679724008 0.173799857497
      vertex 0.104278311133 -0.0175806209445 0.172699332237
    endloop
  endfacet
  facet normal 0.644565343857 -0.756598770618 -0.109971605241
    outer loop
      vertex 0.104278311133 -0.0175806209445 0.172699332237
      vertex 0.105499707162 -0.0171679724008 0.173799857497
      vertex 0.105151362717 -0.0185127221048 0.173307627439
    endloop
  endfacet
  facet normal 0.648049473763 -0.753890633583 -0.108077786863
    outer loop
      vertex 0.10725248605 -0.0190943144262 0.175030395389
      vertex 0.105151362717 -0.0185127221048 0.173307627439
      vertex 0.105499707162 -0.0171679724008 0.173799857497
    endloop
  endfacet
  facet normal 0.648237526417 -0.753435373306 -0.110105678439
    outer loop
      vertex 0.10725248605 -0.0190943144262 0.175030395389
      vertex 0.105384729803 -0.0204785652459 0.173221126199
      vertex 0.105151362717 -0.0185127221048 0.173307627439
    endloop
  endfacet
  facet normal 0.650624930859 -0.752087950706 -0.105123244226
    outer loop
      vertex 0.105384729803 -0.0204785652459 0.173221126199
      vertex 0.10725248605 -0.0190943144262 0.175030395389
      vertex 0.107640042901 -0.0213921777904 0.175044476986
    endloop
  endfacet
  facet normal 0.827724099159 -0.544338345528 -0.136266544461
    outer loop
      vertex 0.109702467918 -0.0204590409994 0.178414210677
      vertex 0.107640042901 -0.0213921777904 0.175044476986
      vertex 0.10725248605 -0.0190943144262 0.175030395389
    endloop
  endfacet
  facet normal 0.700970649719 -0.553551852703 -0.449689328671
    outer loop
      vertex 0.109702467918 -0.0204590409994 0.178414210677
      vertex 0.109953276813 -0.0234060250223 0.176337763667
      vertex 0.107640042901 -0.0213921777904 0.175044476986
    endloop
  endfacet
  facet normal 0.421710759401 -0.723930954933 -0.545970678329
    outer loop
      vertex 0.114527307451 -0.0238921791315 0.178635627031
      vertex 0.109953276813 -0.0234060250223 0.176337763667
      vertex 0.109702467918 -0.0204590409994 0.178414210677
    endloop
  endfacet
  facet normal 0.456080764532 -0.880482196808 -0.129388600588
    outer loop
      vertex 0.112176686525 -0.0265156328678 0.177032515407
      vertex 0.109953276813 -0.0234060250223 0.176337763667
      vertex 0.114527307451 -0.0238921791315 0.178635627031
    endloop
  endfacet
  facet normal 0.177193403244 -0.979846060276 0.092218503356
    outer loop
      vertex 0.109953276813 -0.0234060250223 0.176337763667
      vertex 0.112176686525 -0.0265156328678 0.177032515407
      vertex 0.10743009299 -0.0266416221857 0.17618599534
    endloop
  endfacet
  facet normal 0.173039659858 -0.916659891605 0.360266506672
    outer loop
      vertex 0.112176686525 -0.0265156328678 0.177032515407
      vertex 0.11095289886 -0.0305733010173 0.178396239877
      vertex 0.10743009299 -0.0266416221857 0.17618599534
    endloop
  endfacet
  facet normal 0.142017915845 -0.924565315247 0.353567332029
    outer loop
      vertex 0.11095289886 -0.0305733010173 0.178396239877
      vertex 0.112176686525 -0.0265156328678 0.177032515407
      vertex 0.116218827665 -0.027810420841 0.178148552775
    endloop
  endfacet
  facet normal 0.0172008238733 -0.992411255836 0.121754094958
    outer loop
      vertex 0.11095289886 -0.0305733010173 0.178396239877
      vertex 0.116218827665 -0.027810420841 0.178148552775
      vertex 0.117449909449 -0.0313429012895 0.178603261709
    endloop
  endfacet
  facet normal 0.298268169165 -0.954295098782 0.018894623965
    outer loop
      vertex 0.116218827665 -0.027810420841 0.178148552775
      vertex 0.120171360672 -0.0277690812945 0.17938311398
      vertex 0.117449909449 -0.0313429012895 0.178603261709
    endloop
  endfacet
  facet normal 0.280421823263 -0.908195793629 -0.310715317726
    outer loop
      vertex 0.120171360672 -0.0277690812945 0.17938311398
      vertex 0.116218827665 -0.027810420841 0.178148552775
      vertex 0.118604131043 -0.02574178949 0.179592788219
    endloop
  endfacet
  facet normal 0.329197615385 -0.909140527248 -0.255132198334
    outer loop
      vertex 0.116218827665 -0.027810420841 0.178148552775
      vertex 0.114527307451 -0.0238921791315 0.178635627031
      vertex 0.118604131043 -0.02574178949 0.179592788219
    endloop
  endfacet
  facet normal 0.450773000717 -0.525170564651 -0.72180300951
    outer loop
      vertex 0.118368148804 -0.0230876691639 0.1830381006
      vertex 0.118604131043 -0.02574178949 0.179592788219
      vertex 0.114527307451 -0.0238921791315 0.178635627031
    endloop
  endfacet
  facet normal 0.481053829193 -0.514104008675 -0.710129737854
    outer loop
      vertex 0.118368148804 -0.0230876691639 0.1830381006
      vertex 0.122094675899 -0.025568831712 0.183097839355
      vertex 0.118604131043 -0.02574178949 0.179592788219
    endloop
  endfacet
  facet normal 0.554049193859 -0.0511688776314 -0.830909848213
    outer loop
      vertex 0.118368148804 -0.0230876691639 0.1830381006
      vertex 0.120057187974 -0.0239042341709 0.188066914678
      vertex 0.122094675899 -0.025568831712 0.183097839355
    endloop
  endfacet
  facet normal 0.640083312988 -0.0911111161113 -0.76288408041
    outer loop
      vertex 0.118368148804 -0.0230876691639 0.1830381006
      vertex 0.115434080362 -0.0200624726713 0.187755674124
      vertex 0.120057187974 -0.0239042341709 0.188066914678
    endloop
  endfacet
  facet normal 0.539918780327 -0.190025374293 -0.819986641407
    outer loop
      vertex 0.118368148804 -0.0230876691639 0.1830381006
      vertex 0.111116655171 -0.0188280940056 0.18081510067
      vertex 0.115434080362 -0.0200624726713 0.187755674124
    endloop
  endfacet
  facet normal 0.682789921761 -0.306805998087 -0.663074672222
    outer loop
      vertex 0.110594749451 -0.0158659555018 0.18605543673
      vertex 0.115434080362 -0.0200624726713 0.187755674124
      vertex 0.111116655171 -0.0188280940056 0.18081510067
    endloop
  endfacet
  facet normal 0.654355883598 0.00391806988046 -0.756176590919
    outer loop
      vertex 0.111371837556 -0.0165644548833 0.191082820296
      vertex 0.115434080362 -0.0200624726713 0.187755674124
      vertex 0.110594749451 -0.0158659555018 0.18605543673
    endloop
  endfacet
  facet normal 0.762140333652 0.377721339464 -0.525802850723
    outer loop
      vertex 0.111371837556 -0.0165644548833 0.191082820296
      vertex 0.112432926893 -0.0194395408034 0.192944064736
      vertex 0.115434080362 -0.0200624726713 0.187755674124
    endloop
  endfacet
  facet normal 0.656469523907 0.499268889427 -0.565489470959
    outer loop
      vertex 0.111371837556 -0.0165644548833 0.191082820296
      vertex 0.108538553119 -0.0165018625557 0.194737300277
      vertex 0.112432926893 -0.0194395408034 0.192944064736
    endloop
  endfacet
  facet normal 0.753369212151 0.578731417656 -0.312257528305
    outer loop
      vertex 0.111371837556 -0.0165644548833 0.191082820296
      vertex 0.108154684305 -0.0130490902811 0.193374052644
      vertex 0.108538553119 -0.0165018625557 0.194737300277
    endloop
  endfacet
  facet normal 0.776784360409 0.153670594096 -0.610730171204
    outer loop
      vertex 0.108154684305 -0.0130490902811 0.193374052644
      vertex 0.111371837556 -0.0165644548833 0.191082820296
      vertex 0.10876506567 -0.0128269763663 0.18940590322
    endloop
  endfacet
  facet normal 0.872608542442 0.160054534674 -0.461450815201
    outer loop
      vertex 0.107408747077 -0.0108010713011 0.190959602594
      vertex 0.108154684305 -0.0130490902811 0.193374052644
      vertex 0.10876506567 -0.0128269763663 0.18940590322
    endloop
  endfacet
  facet normal 0.877712965012 0.15196210146 -0.454452991486
    outer loop
      vertex 0.106336966157 -0.00990399904549 0.194467321038
      vertex 0.108154684305 -0.0130490902811 0.193374052644
      vertex 0.107408747077 -0.0108010713011 0.190959602594
    endloop
  endfacet
  facet normal 0.811314821243 0.50584757328 -0.293064028025
    outer loop
      vertex 0.105249620974 -0.0110711883754 0.196887493134
      vertex 0.108154684305 -0.0130490902811 0.193374052644
      vertex 0.106336966157 -0.00990399904549 0.194467321038
    endloop
  endfacet
  facet normal 0.739381849766 0.666199684143 0.0974293649197
    outer loop
      vertex 0.105249620974 -0.0110711883754 0.196887493134
      vertex 0.105473943055 -0.0152224600315 0.196031421423
      vertex 0.108154684305 -0.0130490902811 0.193374052644
    endloop
  endfacet
  facet normal 0.513869583607 0.845259606838 0.14654096961
    outer loop
      vertex 0.105249620974 -0.0110711883754 0.196887493134
      vertex 0.103461034596 -0.0124531444162 0.197735264897
      vertex 0.105473943055 -0.0152224600315 0.196031421423
    endloop
  endfacet
  facet normal 0.415147155523 0.909519851208 -0.0206511933357
    outer loop
      vertex 0.105249620974 -0.0110711883754 0.196887493134
      vertex 0.101744189858 -0.00986896455288 0.198460236192
      vertex 0.103461034596 -0.0124531444162 0.197735264897
    endloop
  endfacet
  facet normal 0.458915621042 0.86375617981 -0.208138644695
    outer loop
      vertex 0.101744189858 -0.00986896455288 0.198460236192
      vertex 0.105249620974 -0.0110711883754 0.196887493134
      vertex 0.104251123965 -0.00829751044512 0.19674962759
    endloop
  endfacet
  facet normal 0.489021033049 0.85849994421 -0.154389902949
    outer loop
      vertex 0.101003929973 -0.0078889997676 0.198525831103
      vertex 0.101744189858 -0.00986896455288 0.198460236192
      vertex 0.104251123965 -0.00829751044512 0.19674962759
    endloop
  endfacet
  facet normal 0.0166229028255 0.99949991703 0.0268997456878
    outer loop
      vertex 0.0982880145311 -0.00930036138743 0.198533028364
      vertex 0.101744189858 -0.00986896455288 0.198460236192
      vertex 0.101003929973 -0.0078889997676 0.198525831103
    endloop
  endfacet
  facet normal -0.0210887063295 0.967490375042 0.252027094364
    outer loop
      vertex 0.0991475880146 -0.0128448912874 0.197628423572
      vertex 0.101744189858 -0.00986896455288 0.198460236192
      vertex 0.0982880145311 -0.00930036138743 0.198533028364
    endloop
  endfacet
  facet normal 0.0160572249442 0.969744324684 0.243594154716
    outer loop
      vertex 0.0982880145311 -0.00930036138743 0.198533028364
      vertex 0.0961095765233 -0.0106747420505 0.198223859072
      vertex 0.0991475880146 -0.0128448912874 0.197628423572
    endloop
  endfacet
  facet normal -0.13683116436 0.990576505661 0.00594729417935
    outer loop
      vertex 0.0982880145311 -0.00930036138743 0.198533028364
      vertex 0.0968977659941 -0.00697355205193 0.198354959488
      vertex 0.0961095765233 -0.0106747420505 0.198223859072
    endloop
  endfacet
  facet normal 0.158507302403 0.972760558128 -0.169151887298
    outer loop
      vertex 0.0995145216584 -0.00547754950821 0.197668418288
      vertex 0.0968977659941 -0.00697355205193 0.198354959488
      vertex 0.0982880145311 -0.00930036138743 0.198533028364
    endloop
  endfacet
  facet normal -0.168120697141 0.75089597702 -0.638663172722
    outer loop
      vertex 0.0968977659941 -0.00697355205193 0.198354959488
      vertex 0.0995145216584 -0.00547754950821 0.197668418288
      vertex 0.0980319455266 -0.00383339449763 0.195938080549
    endloop
  endfacet
  facet normal 0.346496045589 0.472894459963 -0.810130417347
    outer loop
      vertex 0.101327255368 -0.00479122111574 0.195164442062
      vertex 0.0980319455266 -0.00383339449763 0.195938080549
      vertex 0.0995145216584 -0.00547754950821 0.197668418288
    endloop
  endfacet
  facet normal 0.336222201586 0.34930112958 -0.874610424042
    outer loop
      vertex 0.0997410267591 -0.00342741073109 0.193276450038
      vertex 0.0980319455266 -0.00383339449763 0.195938080549
      vertex 0.101327255368 -0.00479122111574 0.195164442062
    endloop
  endfacet
  facet normal 0.276831328869 0.316168785095 -0.907414853573
    outer loop
      vertex 0.0969733893871 -0.00277553545311 0.193828836083
      vertex 0.0980319455266 -0.00383339449763 0.195938080549
      vertex 0.0997410267591 -0.00342741073109 0.193276450038
    endloop
  endfacet
  facet normal -0.0696567744017 0.474935024977 -0.877259731293
    outer loop
      vertex 0.0969733893871 -0.00277553545311 0.193828836083
      vertex 0.0950196459889 -0.0038873734884 0.195595979691
      vertex 0.0980319455266 -0.00383339449763 0.195938080549
    endloop
  endfacet
  facet normal -0.192207857966 0.361514687538 -0.912339448929
    outer loop
      vertex 0.0969733893871 -0.00277553545311 0.193828836083
      vertex 0.0949293971062 -0.00255388161168 0.192182719707
      vertex 0.0950196459889 -0.0038873734884 0.195595979691
    endloop
  endfacet
  facet normal 0.107083946466 0.000911298906431 -0.994249582291
    outer loop
      vertex 0.0969733893871 -0.00277553545311 0.193828836083
      vertex 0.0983357578516 -0.00291989697143 0.191243156791
      vertex 0.0949293971062 -0.00255388161168 0.192182719707
    endloop
  endfacet
  facet normal 0.0697538554668 -0.132286965847 -0.988754034042
    outer loop
      vertex 0.0983357578516 -0.00291989697143 0.191243156791
      vertex 0.095785908401 -0.00290910433978 0.189979299903
      vertex 0.0949293971062 -0.00255388161168 0.192182719707
    endloop
  endfacet
  facet normal 0.0697009563446 -0.132180079818 -0.98877209425
    outer loop
      vertex 0.0983357578516 -0.00291989697143 0.191243156791
      vertex 0.0966428816319 -0.00326409679838 0.187775686383
      vertex 0.095785908401 -0.00290910433978 0.189979299903
    endloop
  endfacet
  facet normal 0.42799577117 -0.293796420097 -0.854694843292
    outer loop
      vertex 0.0983357578516 -0.00291989697143 0.191243156791
      vertex 0.0997068285942 -0.00508833024651 0.186932221055
      vertex 0.0966428816319 -0.00326409679838 0.187775686383
    endloop
  endfacet
  facet normal 0.440295547247 -0.287768274546 -0.850487649441
    outer loop
      vertex 0.101968877017 -0.00495522143319 0.190786629915
      vertex 0.0997068285942 -0.00508833024651 0.186932221055
      vertex 0.0983357578516 -0.00291989697143 0.191243156791
    endloop
  endfacet
  facet normal 0.521998941898 -0.333458334208 -0.785062193871
    outer loop
      vertex 0.103124141693 -0.00719738984481 0.187316343188
      vertex 0.0997068285942 -0.00508833024651 0.186932221055
      vertex 0.101968877017 -0.00495522143319 0.190786629915
    endloop
  endfacet
  facet normal 0.521668612957 -0.336541205645 -0.783965468407
    outer loop
      vertex 0.0997068285942 -0.00508833024651 0.186932221055
      vertex 0.103124141693 -0.00719738984481 0.187316343188
      vertex 0.101770177484 -0.00830865092576 0.182628929615
    endloop
  endfacet
  facet normal 0.643951535225 -0.347583144903 -0.681551456451
    outer loop
      vertex 0.103124141693 -0.00719738984481 0.187316343188
      vertex 0.105572298169 -0.0100702932104 0.18621866405
      vertex 0.101770177484 -0.00830865092576 0.182628929615
    endloop
  endfacet
  facet normal 0.654337048531 -0.32619741559 -0.68223041296
    outer loop
      vertex 0.105572298169 -0.0100702932104 0.18621866405
      vertex 0.103124141693 -0.00719738984481 0.187316343188
      vertex 0.105235539377 -0.00840351451188 0.189029142261
    endloop
  endfacet
  facet normal 0.610998988152 -0.217110008001 -0.761277556419
    outer loop
      vertex 0.103124141693 -0.00719738984481 0.187316343188
      vertex 0.104095295072 -0.00666334480047 0.19192199409
      vertex 0.105235539377 -0.00840351451188 0.189029142261
    endloop
  endfacet
  facet normal 0.769206225872 -0.0782997757196 -0.634185254574
    outer loop
      vertex 0.105235539377 -0.00840351451188 0.189029142261
      vertex 0.104095295072 -0.00666334480047 0.19192199409
      vertex 0.107408747077 -0.0108010713011 0.190959602594
    endloop
  endfacet
  facet normal 0.77980941534 -0.113197267056 -0.615697681904
    outer loop
      vertex 0.107408747077 -0.0108010713011 0.190959602594
      vertex 0.107703000307 -0.0115476939827 0.188925653696
      vertex 0.105235539377 -0.00840351451188 0.189029142261
    endloop
  endfacet
  facet normal 0.754111230373 -0.265803426504 -0.600553750992
    outer loop
      vertex 0.105235539377 -0.00840351451188 0.189029142261
      vertex 0.107703000307 -0.0115476939827 0.188925653696
      vertex 0.105572298169 -0.0100702932104 0.18621866405
    endloop
  endfacet
  facet normal 0.74471193552 -0.248015388846 -0.619590580463
    outer loop
      vertex 0.107735596597 -0.0124300653115 0.186819195747
      vertex 0.105572298169 -0.0100702932104 0.18621866405
      vertex 0.107703000307 -0.0115476939827 0.188925653696
    endloop
  endfacet
  facet normal 0.735709428787 -0.333231449127 -0.589651107788
    outer loop
      vertex 0.107735596597 -0.0124300653115 0.186819195747
      vertex 0.106371849775 -0.0129264350981 0.182929992676
      vertex 0.105572298169 -0.0100702932104 0.18621866405
    endloop
  endfacet
  facet normal 0.690326035023 -0.324586302042 -0.646601676941
    outer loop
      vertex 0.110594749451 -0.0158659555018 0.18605543673
      vertex 0.106371849775 -0.0129264350981 0.182929992676
      vertex 0.107735596597 -0.0124300653115 0.186819195747
    endloop
  endfacet
  facet normal 0.73306620121 -0.191611945629 -0.652609229088
    outer loop
      vertex 0.10876506567 -0.0128269763663 0.18940590322
      vertex 0.110594749451 -0.0158659555018 0.18605543673
      vertex 0.107735596597 -0.0124300653115 0.186819195747
    endloop
  endfacet
  facet normal 0.789501786232 -0.226694956422 -0.570347547531
    outer loop
      vertex 0.107735596597 -0.0124300653115 0.186819195747
      vertex 0.107703000307 -0.0115476939827 0.188925653696
      vertex 0.10876506567 -0.0128269763663 0.18940590322
    endloop
  endfacet
  facet normal 0.664474308491 -0.391359955072 -0.636640608311
    outer loop
      vertex 0.105572298169 -0.0100702932104 0.18621866405
      vertex 0.106371849775 -0.0129264350981 0.182929992676
      vertex 0.101770177484 -0.00830865092576 0.182628929615
    endloop
  endfacet
  facet normal 0.680669546127 -0.323713809252 -0.65718972683
    outer loop
      vertex 0.102884523571 -0.0110413264483 0.179424285889
      vertex 0.101770177484 -0.00830865092576 0.182628929615
      vertex 0.106371849775 -0.0129264350981 0.182929992676
    endloop
  endfacet
  facet normal 0.525363206863 -0.438903719187 -0.728942394257
    outer loop
      vertex 0.102884523571 -0.0110413264483 0.179424285889
      vertex 0.0990272387862 -0.00837503373623 0.179235413671
      vertex 0.101770177484 -0.00830865092576 0.182628929615
    endloop
  endfacet
  facet normal 0.550105690956 -0.314681321383 -0.773536920547
    outer loop
      vertex 0.0990272387862 -0.00837503373623 0.179235413671
      vertex 0.102884523571 -0.0110413264483 0.179424285889
      vertex 0.101603336632 -0.0122088715434 0.174314603209
    endloop
  endfacet
  facet normal 0.723959088326 -0.321039259434 -0.610587418079
    outer loop
      vertex 0.102884523571 -0.0110413264483 0.179424285889
      vertex 0.103837035596 -0.0144675737247 0.175055846572
      vertex 0.101603336632 -0.0122088715434 0.174314603209
    endloop
  endfacet
  facet normal 0.702190160751 -0.338267505169 -0.626501441002
    outer loop
      vertex 0.102884523571 -0.0110413264483 0.179424285889
      vertex 0.106175616384 -0.0154759278521 0.178042799234
      vertex 0.103837035596 -0.0144675737247 0.175055846572
    endloop
  endfacet
  facet normal 0.497582882643 -0.355837404728 -0.791069567204
    outer loop
      vertex 0.0983915925026 -0.0102216638625 0.174241274595
      vertex 0.0990272387862 -0.00837503373623 0.179235413671
      vertex 0.101603336632 -0.0122088715434 0.174314603209
    endloop
  endfacet
  facet normal 0.567022323608 -0.34819200635 -0.746490478516
    outer loop
      vertex 0.0990272387862 -0.00837503373623 0.179235413671
      vertex 0.0983915925026 -0.0102216638625 0.174241274595
      vertex 0.0965439528227 -0.00834770221263 0.175250023603
    endloop
  endfacet
  facet normal 0.449846237898 -0.522122442722 -0.724587142467
    outer loop
      vertex 0.094774864614 -0.00928691960871 0.172422409058
      vertex 0.0965439528227 -0.00834770221263 0.175250023603
      vertex 0.0983915925026 -0.0102216638625 0.174241274595
    endloop
  endfacet
  facet normal 0.331053942442 -0.477465897799 -0.813897788525
    outer loop
      vertex 0.094774864614 -0.00928691960871 0.172422409058
      vertex 0.0925175920129 -0.0072164516896 0.174386680126
      vertex 0.0965439528227 -0.00834770221263 0.175250023603
    endloop
  endfacet
  facet normal 0.123746871948 -0.649019241333 -0.75064021349
    outer loop
      vertex 0.0917248874903 -0.00897568743676 0.172200843692
      vertex 0.0925175920129 -0.0072164516896 0.174386680126
      vertex 0.094774864614 -0.00928691960871 0.172422409058
    endloop
  endfacet
  facet normal 0.129571378231 -0.649797320366 -0.748982429504
    outer loop
      vertex 0.0917248874903 -0.00897568743676 0.172200843692
      vertex 0.0895027369261 -0.00723000615835 0.173769891262
      vertex 0.0925175920129 -0.0072164516896 0.174386680126
    endloop
  endfacet
  facet normal 0.251049369574 -0.538995027542 -0.804026484489
    outer loop
      vertex 0.0895027369261 -0.00723000615835 0.173769891262
      vertex 0.0917248874903 -0.00897568743676 0.172200843692
      vertex 0.0893489271402 -0.00840443558991 0.171946331859
    endloop
  endfacet
  facet normal 0.165026828647 -0.950619161129 -0.262848615646
    outer loop
      vertex 0.0917248874903 -0.00897568743676 0.172200843692
      vertex 0.0892312824726 -0.00991030968726 0.171509534121
      vertex 0.0893489271402 -0.00840443558991 0.171946331859
    endloop
  endfacet
  facet normal -0.0343102104962 -0.757548093796 -0.651877045631
    outer loop
      vertex 0.0917248874903 -0.00897568743676 0.172200843692
      vertex 0.0910033211112 -0.0105961775407 0.170839086175
      vertex 0.0892312824726 -0.00991030968726 0.171509534121
    endloop
  endfacet
  facet normal 0.25175601244 -0.793211340904 -0.554467976093
    outer loop
      vertex 0.0910033211112 -0.0105961775407 0.170839086175
      vertex 0.0917248874903 -0.00897568743676 0.172200843692
      vertex 0.092927031219 -0.0111775361001 0.171043261886
    endloop
  endfacet
  facet normal 0.168394044042 -0.960919201374 -0.219721987844
    outer loop
      vertex 0.0910033211112 -0.0105961775407 0.170839086175
      vertex 0.092927031219 -0.0111775361001 0.171043261886
      vertex 0.0918716862798 -0.0121637312695 0.170632824302
    endloop
  endfacet
  facet normal 0.0483944565058 -0.939466297626 -0.339206576347
    outer loop
      vertex 0.0918716862798 -0.0121637312695 0.170632824302
      vertex 0.092927031219 -0.0111775361001 0.171043261886
      vertex 0.093137614429 -0.0134276263416 0.170241683722
    endloop
  endfacet
  facet normal 0.143337979913 -0.927966177464 -0.343995600939
    outer loop
      vertex 0.092927031219 -0.0111775361001 0.171043261886
      vertex 0.0950669497252 -0.0124335056171 0.170908227563
      vertex 0.093137614429 -0.0134276263416 0.170241683722
    endloop
  endfacet
  facet normal 0.181954041123 -0.895443379879 -0.406292885542
    outer loop
      vertex 0.0950669497252 -0.0124335056171 0.170908227563
      vertex 0.092927031219 -0.0111775361001 0.171043261886
      vertex 0.0958335101604 -0.0111926971003 0.171626985073
    endloop
  endfacet
  facet normal 0.177019625902 -0.869446873665 -0.461222559214
    outer loop
      vertex 0.094774864614 -0.00928691960871 0.172422409058
      vertex 0.0958335101604 -0.0111926971003 0.171626985073
      vertex 0.092927031219 -0.0111775361001 0.171043261886
    endloop
  endfacet
  facet normal 0.1228723526 -0.889789998531 -0.439518094063
    outer loop
      vertex 0.0968916788697 -0.0130984783173 0.170831739902
      vertex 0.0950669497252 -0.0124335056171 0.170908227563
      vertex 0.0958335101604 -0.0111926971003 0.171626985073
    endloop
  endfacet
  facet normal 0.0828288272023 -0.938485622406 -0.335237324238
    outer loop
      vertex 0.0968916788697 -0.0130984783173 0.170831739902
      vertex 0.0955781266093 -0.0144934086129 0.170217514038
      vertex 0.0950669497252 -0.0124335056171 0.170908227563
    endloop
  endfacet
  facet normal 0.131537079811 -0.946986019611 -0.29311349988
    outer loop
      vertex 0.0976781323552 -0.0153190493584 0.170253649354
      vertex 0.0955781266093 -0.0144934086129 0.170217514038
      vertex 0.0968916788697 -0.0130984783173 0.170831739902
    endloop
  endfacet
  facet normal 0.0927127450705 -0.936874747276 -0.337149918079
    outer loop
      vertex 0.0955781266093 -0.0144934086129 0.170217514038
      vertex 0.0945713222027 -0.0144357616082 0.170138627291
      vertex 0.0950669497252 -0.0124335056171 0.170908227563
    endloop
  endfacet
  facet normal 0.0902117416263 -0.961416006088 -0.259886771441
    outer loop
      vertex 0.0944411531091 -0.0156541727483 0.169797062874
      vertex 0.0945713222027 -0.0144357616082 0.170138627291
      vertex 0.0955781266093 -0.0144934086129 0.170217514038
    endloop
  endfacet
  facet normal 0.066954664886 -0.96255427599 -0.262690544128
    outer loop
      vertex 0.0935866981745 -0.0153546519578 0.169819369912
      vertex 0.0945713222027 -0.0144357616082 0.170138627291
      vertex 0.0944411531091 -0.0156541727483 0.169797062874
    endloop
  endfacet
  facet normal 0.0765418559313 -0.964416742325 -0.253064632416
    outer loop
      vertex 0.0929793715477 -0.0146237621084 0.169962957501
      vertex 0.0945713222027 -0.0144357616082 0.170138627291
      vertex 0.0935866981745 -0.0153546519578 0.169819369912
    endloop
  endfacet
  facet normal 0.0818750485778 -0.972976148129 -0.215902432799
    outer loop
      vertex 0.0945713222027 -0.0144357616082 0.170138627291
      vertex 0.0929793715477 -0.0146237621084 0.169962957501
      vertex 0.093137614429 -0.0134276263416 0.170241683722
    endloop
  endfacet
  facet normal 0.0722539126873 -0.973431169987 -0.21728131175
    outer loop
      vertex 0.0929793715477 -0.0146237621084 0.169962957501
      vertex 0.0921953991055 -0.0137959467247 0.170089542866
      vertex 0.093137614429 -0.0134276263416 0.170241683722
    endloop
  endfacet
  facet normal 0.118945039809 -0.958468258381 -0.259211570024
    outer loop
      vertex 0.0929793715477 -0.0146237621084 0.169962957501
      vertex 0.0916899517179 -0.0151783647016 0.169652953744
      vertex 0.0921953991055 -0.0137959467247 0.170089542866
    endloop
  endfacet
  facet normal 0.143938332796 -0.96783554554 -0.206339746714
    outer loop
      vertex 0.0916899517179 -0.0151783647016 0.169652953744
      vertex 0.0929793715477 -0.0146237621084 0.169962957501
      vertex 0.0928210690618 -0.0158197842538 0.169684424996
    endloop
  endfacet
  facet normal -0.0288736280054 -0.950097560883 -0.310613751411
    outer loop
      vertex 0.0921953991055 -0.0137959467247 0.170089542866
      vertex 0.0916899517179 -0.0151783647016 0.169652953744
      vertex 0.0904718786478 -0.0142909362912 0.169980093837
    endloop
  endfacet
  facet normal -0.0440987460315 -0.955491423607 -0.29170435667
    outer loop
      vertex 0.0916899517179 -0.0151783647016 0.169652953744
      vertex 0.0906837061048 -0.0154116144404 0.169628173113
      vertex 0.0904718786478 -0.0142909362912 0.169980093837
    endloop
  endfacet
  facet normal 0.0608387440443 -0.985594749451 0.157802537084
    outer loop
      vertex 0.0916899517179 -0.0151783647016 0.169652953744
      vertex 0.0912376046181 -0.0161869488657 0.169786512852
      vertex 0.0906837061048 -0.0154116144404 0.169628173113
    endloop
  endfacet
  facet normal -0.0326339304447 -0.99261790514 0.116810530424
    outer loop
      vertex 0.0916899517179 -0.0151783647016 0.169652953744
      vertex 0.0920787677169 -0.016223706305 0.169763177633
      vertex 0.0912376046181 -0.0161869488657 0.169786512852
    endloop
  endfacet
  facet normal 0.0629829838872 -0.715864598751 0.695392727852
    outer loop
      vertex 0.0997177585959 -0.0212880149484 0.171681076288
      vertex 0.099738240242 -0.0217198356986 0.172102361917
      vertex 0.0992236062884 -0.0214467346668 0.171791791916
    endloop
  endfacet
  facet normal 0.0441832207143 -0.750019431114 0.659938395023
    outer loop
      vertex 0.0992236062884 -0.0214467346668 0.171791791916
      vertex 0.0986617803574 -0.0216871276498 0.17197021842
      vertex 0.0986533537507 -0.0211871229112 0.171529769897
    endloop
  endfacet
  facet normal -0.0599625259638 -0.857135415077 0.511589109898
    outer loop
      vertex 0.0971753448248 -0.0192545838654 0.170056894422
      vertex 0.0975624471903 -0.0198865160346 0.170406982303
      vertex 0.0968269333243 -0.0199196375906 0.170478209853
    endloop
  endfacet
  facet normal -0.18073579669 -0.702892959118 0.687950611115
    outer loop
      vertex 0.0921573713422 -0.0219117701054 0.172690972686
      vertex 0.0927796587348 -0.0219356715679 0.17255435884
      vertex 0.0925087109208 -0.0223807729781 0.173059657216
    endloop
  endfacet
  facet normal -0.340074360371 -0.873033285141 0.349517196417
    outer loop
      vertex 0.0888678953052 -0.0167231336236 0.170475438237
      vertex 0.0895094871521 -0.0162335783243 0.170029520988
      vertex 0.0894178524613 -0.0169298499823 0.170343965292
    endloop
  endfacet
  facet normal -0.265081524849 -0.872043788433 0.411426067352
    outer loop
      vertex 0.0900217220187 -0.016751293093 0.170076161623
      vertex 0.0897222608328 -0.0174015481025 0.170473977923
      vertex 0.0894178524613 -0.0169298499823 0.170343965292
    endloop
  endfacet
  facet normal -0.01672177203 -0.977847754955 0.208648338914
    outer loop
      vertex 0.0970701351762 -0.017780456692 0.16967895627
      vertex 0.0970812886953 -0.0184255577624 0.169816419482
      vertex 0.0964006707072 -0.0178766995668 0.169710949063
    endloop
  endfacet
  facet normal 0.0630086660385 -0.976321518421 0.206944867969
    outer loop
      vertex 0.0970701351762 -0.017780456692 0.16967895627
      vertex 0.0978679805994 -0.0180101506412 0.169779136777
      vertex 0.0970812886953 -0.0184255577624 0.169816419482
    endloop
  endfacet
  facet normal 0.130355641246 -0.991255939007 -0.0204720702022
    outer loop
      vertex 0.097786873579 -0.01674958691 0.169794514775
      vertex 0.0978679805994 -0.0180101506412 0.169779136777
      vertex 0.0970701351762 -0.017780456692 0.16967895627
    endloop
  endfacet
  facet normal -0.0613671317697 -0.997758865356 -0.0266710743308
    outer loop
      vertex 0.0978679805994 -0.0180101506412 0.169779136777
      vertex 0.0978282988071 -0.0187967419624 0.169760555029
      vertex 0.0970812886953 -0.0184255577624 0.169816419482
    endloop
  endfacet
  facet normal -0.0221144836396 -0.999449491501 -0.0247309152037
    outer loop
      vertex 0.0986343100667 -0.0184164866805 0.169752135873
      vertex 0.0978282988071 -0.0187967419624 0.169760555029
      vertex 0.0978679805994 -0.0180101506412 0.169779136777
    endloop
  endfacet
  facet normal -0.0812901332974 -0.985265731812 -0.15047711134
    outer loop
      vertex 0.0986343100667 -0.0184164866805 0.169752135873
      vertex 0.0984473675489 -0.0191161334515 0.169660702348
      vertex 0.0978282988071 -0.0187967419624 0.169760555029
    endloop
  endfacet
  facet normal 0.697225451469 -0.710739791393 0.0934110879898
    outer loop
      vertex 0.0984473675489 -0.0191161334515 0.169660702348
      vertex 0.0986343100667 -0.0184164866805 0.169752135873
      vertex 0.0987850874662 -0.0192552134395 0.170010268688
    endloop
  endfacet
  facet normal 0.209767833352 -0.944458127022 0.25297498703
    outer loop
      vertex 0.0986343100667 -0.0184164866805 0.169752135873
      vertex 0.099970497191 -0.0189187079668 0.170183420181
      vertex 0.0987850874662 -0.0192552134395 0.170010268688
    endloop
  endfacet
  facet normal 0.326692730188 -0.943279504776 -0.0591234154999
    outer loop
      vertex 0.099970497191 -0.0189187079668 0.170183420181
      vertex 0.0986343100667 -0.0184164866805 0.169752135873
      vertex 0.0991231501102 -0.016911868006 0.170015737414
    endloop
  endfacet
  facet normal 0.281086325645 -0.958907485008 -0.0385611914098
    outer loop
      vertex 0.0991231501102 -0.016911868006 0.170015737414
      vertex 0.100977823138 -0.0171452388167 0.170550018549
      vertex 0.099970497191 -0.0189187079668 0.170183420181
    endloop
  endfacet
  facet normal 0.407495439053 -0.912199318409 0.042893871665
    outer loop
      vertex 0.101379804313 -0.0196089446545 0.17084543407
      vertex 0.099970497191 -0.0189187079668 0.170183420181
      vertex 0.100977823138 -0.0171452388167 0.170550018549
    endloop
  endfacet
  facet normal 0.210249528289 -0.883662283421 0.418253600597
    outer loop
      vertex 0.099970497191 -0.0189187079668 0.170183420181
      vertex 0.101379804313 -0.0196089446545 0.17084543407
      vertex 0.0998727381229 -0.0198222175241 0.170587807894
    endloop
  endfacet
  facet normal 0.214910984039 -0.826646327972 0.52006649971
    outer loop
      vertex 0.0998727381229 -0.0198222175241 0.170587807894
      vertex 0.101379804313 -0.0196089446545 0.17084543407
      vertex 0.10015424341 -0.0206493474543 0.171181365848
    endloop
  endfacet
  facet normal 0.257002770901 -0.789324641228 0.557598650455
    outer loop
      vertex 0.101313084364 -0.0205607973039 0.171496123075
      vertex 0.10015424341 -0.0206493474543 0.171181365848
      vertex 0.101379804313 -0.0196089446545 0.17084543407
    endloop
  endfacet
  facet normal 0.252754896879 -0.763285577297 0.59456717968
    outer loop
      vertex 0.101313084364 -0.0205607973039 0.171496123075
      vertex 0.100530788302 -0.021333836019 0.171839237213
      vertex 0.10015424341 -0.0206493474543 0.171181365848
    endloop
  endfacet
  facet normal 0.204320713878 -0.801227867603 0.562393963337
    outer loop
      vertex 0.100530788302 -0.021333836019 0.171839237213
      vertex 0.101313084364 -0.0205607973039 0.171496123075
      vertex 0.101961024106 -0.0216908939183 0.172454595566
    endloop
  endfacet
  facet normal 0.221496403217 -0.80266982317 0.553769350052
    outer loop
      vertex 0.103131771088 -0.0207079164684 0.172099500895
      vertex 0.101961024106 -0.0216908939183 0.172454595566
      vertex 0.101313084364 -0.0205607973039 0.171496123075
    endloop
  endfacet
  facet normal 0.189366161823 -0.829618513584 0.525236666203
    outer loop
      vertex 0.103131771088 -0.0207079164684 0.172099500895
      vertex 0.103728331625 -0.0224601440132 0.173345014453
      vertex 0.101961024106 -0.0216908939183 0.172454595566
    endloop
  endfacet
  facet normal 0.438793152571 -0.796200871468 0.416563034058
    outer loop
      vertex 0.105384729803 -0.0204785652459 0.173221126199
      vertex 0.103728331625 -0.0224601440132 0.173345014453
      vertex 0.103131771088 -0.0207079164684 0.172099500895
    endloop
  endfacet
  facet normal 0.29274263978 -0.907435595989 0.301433831453
    outer loop
      vertex 0.105384729803 -0.0204785652459 0.173221126199
      vertex 0.105381481349 -0.0228708349168 0.174014747143
      vertex 0.103728331625 -0.0224601440132 0.173345014453
    endloop
  endfacet
  facet normal 0.132975697517 -0.735569536686 0.664270222187
    outer loop
      vertex 0.103282019496 -0.0235035307705 0.174206569791
      vertex 0.103728331625 -0.0224601440132 0.173345014453
      vertex 0.105381481349 -0.0228708349168 0.174014747143
    endloop
  endfacet
  facet normal 0.0517324954271 -0.759083390236 0.648934602737
    outer loop
      vertex 0.10205796361 -0.0232655666769 0.173919722438
      vertex 0.103728331625 -0.0224601440132 0.173345014453
      vertex 0.103282019496 -0.0235035307705 0.174206569791
    endloop
  endfacet
  facet normal 0.0865439400077 -0.717330396175 0.691337287426
    outer loop
      vertex 0.103728331625 -0.0224601440132 0.173345014453
      vertex 0.10205796361 -0.0232655666769 0.173919722438
      vertex 0.101736925542 -0.0225987657905 0.173238351941
    endloop
  endfacet
  facet normal 0.0694734081626 -0.714262545109 0.696421205997
    outer loop
      vertex 0.100676327944 -0.023048274219 0.173573464155
      vertex 0.101736925542 -0.0225987657905 0.173238351941
      vertex 0.10205796361 -0.0232655666769 0.173919722438
    endloop
  endfacet
  facet normal 0.10296984762 -0.665597200394 0.739173591137
    outer loop
      vertex 0.101736925542 -0.0225987657905 0.173238351941
      vertex 0.100676327944 -0.023048274219 0.173573464155
      vertex 0.100599750876 -0.0226549245417 0.173124790192
    endloop
  endfacet
  facet normal 0.0391988120973 -0.662489950657 0.74804443121
    outer loop
      vertex 0.100599750876 -0.0226549245417 0.173124790192
      vertex 0.100676327944 -0.023048274219 0.173573464155
      vertex 0.100219599903 -0.0229711011052 0.173459306359
    endloop
  endfacet
  facet normal 0.0458607897162 -0.678860127926 0.732834041119
    outer loop
      vertex 0.1002118662 -0.0235367231071 0.1740693748
      vertex 0.100219599903 -0.0229711011052 0.173459306359
      vertex 0.100676327944 -0.023048274219 0.173573464155
    endloop
  endfacet
  facet normal 0.030107807368 -0.679374694824 0.73317360878
    outer loop
      vertex 0.1002118662 -0.0235367231071 0.1740693748
      vertex 0.0996269136667 -0.0233206935227 0.173810318112
      vertex 0.100219599903 -0.0229711011052 0.173459306359
    endloop
  endfacet
  facet normal 0.0338726602495 -0.684079110622 0.728620886803
    outer loop
      vertex 0.1002118662 -0.0235367231071 0.1740693748
      vertex 0.0994922891259 -0.0237394273281 0.174249649048
      vertex 0.0996269136667 -0.0233206935227 0.173810318112
    endloop
  endfacet
  facet normal 0.0296970065683 -0.69224023819 0.721055865288
    outer loop
      vertex 0.1002118662 -0.0235367231071 0.1740693748
      vertex 0.100059174001 -0.0240295343101 0.174576148391
      vertex 0.0994922891259 -0.0237394273281 0.174249649048
    endloop
  endfacet
  facet normal 0.0511600077152 -0.688282847404 0.723636209965
    outer loop
      vertex 0.101008795202 -0.0238267108798 0.174433499575
      vertex 0.100059174001 -0.0240295343101 0.174576148391
      vertex 0.1002118662 -0.0235367231071 0.1740693748
    endloop
  endfacet
  facet normal 0.0313689187169 -0.742501497269 0.669109463692
    outer loop
      vertex 0.101343199611 -0.0245649516582 0.175112888217
      vertex 0.100059174001 -0.0240295343101 0.174576148391
      vertex 0.101008795202 -0.0238267108798 0.174433499575
    endloop
  endfacet
  facet normal 0.0416531898081 -0.753804683685 0.655777037144
    outer loop
      vertex 0.100059174001 -0.0240295343101 0.174576148391
      vertex 0.101343199611 -0.0245649516582 0.175112888217
      vertex 0.100150063634 -0.0253437310457 0.175724461675
    endloop
  endfacet
  facet normal -0.012802798301 -0.795846521854 0.60536301136
    outer loop
      vertex 0.100150063634 -0.0253437310457 0.175724461675
      vertex 0.101343199611 -0.0245649516582 0.175112888217
      vertex 0.10159496218 -0.0263406038284 0.176459491253
    endloop
  endfacet
  facet normal -0.0164949521422 -0.795550823212 0.605662286282
    outer loop
      vertex 0.101343199611 -0.0245649516582 0.175112888217
      vertex 0.102835260332 -0.0245468057692 0.17506814003
      vertex 0.10159496218 -0.0263406038284 0.176459491253
    endloop
  endfacet
  facet normal -0.0139061240479 -0.737452924252 0.675255358219
    outer loop
      vertex 0.101343199611 -0.0245649516582 0.175112888217
      vertex 0.102184318006 -0.0240464136004 0.174622222781
      vertex 0.102835260332 -0.0245468057692 0.17506814003
    endloop
  endfacet
  facet normal 0.0288767442107 -0.764631509781 0.643820464611
    outer loop
      vertex 0.103282019496 -0.0235035307705 0.174206569791
      vertex 0.102835260332 -0.0245468057692 0.17506814003
      vertex 0.102184318006 -0.0240464136004 0.174622222781
    endloop
  endfacet
  facet normal -0.0778842493892 -0.784837126732 0.614788353443
    outer loop
      vertex 0.105142958462 -0.0243963561952 0.174721285701
      vertex 0.102835260332 -0.0245468057692 0.17506814003
      vertex 0.103282019496 -0.0235035307705 0.174206569791
    endloop
  endfacet
  facet normal -0.090552739799 -0.836721658707 0.540089845657
    outer loop
      vertex 0.102835260332 -0.0245468057692 0.17506814003
      vertex 0.105142958462 -0.0243963561952 0.174721285701
      vertex 0.103774935007 -0.0260070897639 0.175909042358
    endloop
  endfacet
  facet normal -0.0372922085226 -0.819149196148 0.572366952896
    outer loop
      vertex 0.10743009299 -0.0266416221857 0.17618599534
      vertex 0.103774935007 -0.0260070897639 0.175909042358
      vertex 0.105142958462 -0.0243963561952 0.174721285701
    endloop
  endfacet
  facet normal -0.0235366038978 -0.859429955482 0.510711491108
    outer loop
      vertex 0.103774935007 -0.0260070897639 0.175909042358
      vertex 0.10743009299 -0.0266416221857 0.17618599534
      vertex 0.10425426811 -0.0293183661997 0.177863612771
    endloop
  endfacet
  facet normal -0.134055137634 -0.844774544239 0.518059074879
    outer loop
      vertex 0.10159496218 -0.0263406038284 0.176459491253
      vertex 0.103774935007 -0.0260070897639 0.175909042358
      vertex 0.10425426811 -0.0293183661997 0.177863612771
    endloop
  endfacet
  facet normal -0.194857344031 -0.808523952961 0.555265367031
    outer loop
      vertex 0.10425426811 -0.0293183661997 0.177863612771
      vertex 0.100647367537 -0.028032541275 0.177849829197
      vertex 0.10159496218 -0.0263406038284 0.176459491253
    endloop
  endfacet
  facet normal -0.139617756009 -0.905222117901 0.40134742856
    outer loop
      vertex 0.10425426811 -0.0293183661997 0.177863612771
      vertex 0.10152990371 -0.0322458259761 0.17958176136
      vertex 0.100647367537 -0.028032541275 0.177849829197
    endloop
  endfacet
  facet normal -0.0752001106739 -0.888966679573 0.451755642891
    outer loop
      vertex 0.10152990371 -0.0322458259761 0.17958176136
      vertex 0.10425426811 -0.0293183661997 0.177863612771
      vertex 0.107113324106 -0.033779039979 0.17988859117
    endloop
  endfacet
  facet normal -0.00571739813313 -0.909167528152 0.416391283274
    outer loop
      vertex 0.11095289886 -0.0305733010173 0.178396239877
      vertex 0.107113324106 -0.033779039979 0.17988859117
      vertex 0.10425426811 -0.0293183661997 0.177863612771
    endloop
  endfacet
  facet normal -0.0491260737181 -0.926705241203 0.372564077377
    outer loop
      vertex 0.11095289886 -0.0305733010173 0.178396239877
      vertex 0.112375698984 -0.033692330122 0.179574757814
      vertex 0.107113324106 -0.033779039979 0.17988859117
    endloop
  endfacet
  facet normal -0.0489553809166 -0.925007998943 0.376780539751
    outer loop
      vertex 0.109344400465 -0.036872792989 0.181030675769
      vertex 0.107113324106 -0.033779039979 0.17988859117
      vertex 0.112375698984 -0.033692330122 0.179574757814
    endloop
  endfacet
  facet normal 0.0296635273844 -0.944466114044 0.327267199755
    outer loop
      vertex 0.103795513511 -0.0363062508404 0.18066008389
      vertex 0.107113324106 -0.033779039979 0.17988859117
      vertex 0.109344400465 -0.036872792989 0.181030675769
    endloop
  endfacet
  facet normal 0.0408761762083 -0.971158027649 0.234906926751
    outer loop
      vertex 0.109344400465 -0.036872792989 0.181030675769
      vertex 0.104844339192 -0.0390540957451 0.181368887424
      vertex 0.103795513511 -0.0363062508404 0.18066008389
    endloop
  endfacet
  facet normal 0.12100289762 -0.912361979485 0.391093283892
    outer loop
      vertex 0.104844339192 -0.0390540957451 0.181368887424
      vertex 0.109344400465 -0.036872792989 0.181030675769
      vertex 0.107640966773 -0.0408566221595 0.182512462139
    endloop
  endfacet
  facet normal 0.198453053832 -0.887867629528 0.415099382401
    outer loop
      vertex 0.107640966773 -0.0408566221595 0.182512462139
      vertex 0.109344400465 -0.036872792989 0.181030675769
      vertex 0.110009327531 -0.0406745895743 0.182956725359
    endloop
  endfacet
  facet normal 0.0120280645788 -0.892835855484 0.450221538544
    outer loop
      vertex 0.112494893372 -0.0384642407298 0.181875631213
      vertex 0.110009327531 -0.0406745895743 0.182956725359
      vertex 0.109344400465 -0.036872792989 0.181030675769
    endloop
  endfacet
  facet normal 0.051245264709 -0.873175024986 0.484705418348
    outer loop
      vertex 0.112494893372 -0.0384642407298 0.181875631213
      vertex 0.112039409578 -0.0415927916765 0.183585569263
      vertex 0.110009327531 -0.0406745895743 0.182956725359
    endloop
  endfacet
  facet normal -0.0843942984939 -0.879475712776 0.468401670456
    outer loop
      vertex 0.116879858077 -0.0398587137461 0.182197526097
      vertex 0.112039409578 -0.0415927916765 0.183585569263
      vertex 0.112494893372 -0.0384642407298 0.181875631213
    endloop
  endfacet
  facet normal 0.0354229398072 -0.729636728764 0.682916879654
    outer loop
      vertex 0.112039409578 -0.0415927916765 0.183585569263
      vertex 0.116879858077 -0.0398587137461 0.182197526097
      vertex 0.117074422538 -0.0434640049934 0.185581415892
    endloop
  endfacet
  facet normal -0.200753539801 -0.708867967129 0.6761687994
    outer loop
      vertex 0.121202737093 -0.0406853854656 0.181761816144
      vertex 0.117074422538 -0.0434640049934 0.185581415892
      vertex 0.116879858077 -0.0398587137461 0.182197526097
    endloop
  endfacet
  facet normal -0.311490535736 -0.755730092525 0.576060473919
    outer loop
      vertex 0.1213985309 -0.0437429696321 0.184011787176
      vertex 0.117074422538 -0.0434640049934 0.185581415892
      vertex 0.121202737093 -0.0406853854656 0.181761816144
    endloop
  endfacet
  facet normal -0.208039462566 -0.415767371655 0.885357022285
    outer loop
      vertex 0.117074422538 -0.0434640049934 0.185581415892
      vertex 0.1213985309 -0.0437429696321 0.184011787176
      vertex 0.120002746582 -0.0449272692204 0.187232106924
    endloop
  endfacet
  facet normal -0.240103453398 -0.42503002286 0.87275415659
    outer loop
      vertex 0.120002746582 -0.0449272692204 0.187232106924
      vertex 0.1213985309 -0.0437429696321 0.184011787176
      vertex 0.123680599034 -0.0461962223053 0.18776011467
    endloop
  endfacet
  facet normal -0.377134472132 -0.335408568382 0.863290607929
    outer loop
      vertex 0.124632813036 -0.0451841875911 0.184084624052
      vertex 0.123680599034 -0.0461962223053 0.18776011467
      vertex 0.1213985309 -0.0437429696321 0.184011787176
    endloop
  endfacet
  facet normal -0.505523860455 -0.348319202662 0.789379119873
    outer loop
      vertex 0.124632813036 -0.0451841875911 0.184084624052
      vertex 0.126340433955 -0.0469015017152 0.185498163104
      vertex 0.123680599034 -0.0461962223053 0.18776011467
    endloop
  endfacet
  facet normal -0.233700230718 -0.623792290688 0.745833337307
    outer loop
      vertex 0.126484692097 -0.0452570021152 0.183477878571
      vertex 0.126340433955 -0.0469015017152 0.185498163104
      vertex 0.124632813036 -0.0451841875911 0.184084624052
    endloop
  endfacet
  facet normal -0.386050492525 -0.59877538681 0.70173573494
    outer loop
      vertex 0.12966299057 -0.0475387871265 0.184102877975
      vertex 0.126340433955 -0.0469015017152 0.185498163104
      vertex 0.126484692097 -0.0452570021152 0.183477878571
    endloop
  endfacet
  facet normal -0.371351450682 -0.538964390755 0.756052613258
    outer loop
      vertex 0.126340433955 -0.0469015017152 0.185498163104
      vertex 0.12966299057 -0.0475387871265 0.184102877975
      vertex 0.128160640597 -0.0482605993748 0.186150550842
    endloop
  endfacet
  facet normal -0.293445050716 -0.502064585686 0.813523888588
    outer loop
      vertex 0.130056589842 -0.0496390014887 0.187275916338
      vertex 0.128160640597 -0.0482605993748 0.186150550842
      vertex 0.12966299057 -0.0475387871265 0.184102877975
    endloop
  endfacet
  facet normal -0.522611737251 -0.14795859158 0.83963394165
    outer loop
      vertex 0.130056589842 -0.0496390014887 0.187275916338
      vertex 0.128209590912 -0.0487321615219 0.188653632998
      vertex 0.128160640597 -0.0482605993748 0.186150550842
    endloop
  endfacet
  facet normal -0.484736174345 -0.0763230025768 0.871324062347
    outer loop
      vertex 0.128209590912 -0.0487321615219 0.188653632998
      vertex 0.130056589842 -0.0496390014887 0.187275916338
      vertex 0.129490748048 -0.0494924560189 0.189196586609
    endloop
  endfacet
  facet normal -0.404156029224 -0.0493768416345 0.913356363773
    outer loop
      vertex 0.129490748048 -0.0494924560189 0.189196586609
      vertex 0.130056589842 -0.0496390014887 0.187275916338
      vertex 0.132420808077 -0.0508136600256 0.189652860165
    endloop
  endfacet
  facet normal -0.306442350149 -0.15900157392 0.938515603542
    outer loop
      vertex 0.132420808077 -0.0508136600256 0.189652860165
      vertex 0.130056589842 -0.0496390014887 0.187275916338
      vertex 0.132784560323 -0.0503929704428 0.186468660831
    endloop
  endfacet
  facet normal -0.401950180531 -0.164914309978 0.900688230991
    outer loop
      vertex 0.134818091989 -0.0514826476574 0.187463626266
      vertex 0.132420808077 -0.0508136600256 0.189652860165
      vertex 0.132784560323 -0.0503929704428 0.186468660831
    endloop
  endfacet
  facet normal -0.241983294487 0.0313656292856 0.969773292542
    outer loop
      vertex 0.132420808077 -0.0508136600256 0.189652860165
      vertex 0.134818091989 -0.0514826476574 0.187463626266
      vertex 0.134797111154 -0.0513802021742 0.190469324589
    endloop
  endfacet
  facet normal -0.48106649518 0.0265113208443 0.876283168793
    outer loop
      vertex 0.134797111154 -0.0513802021742 0.190469324589
      vertex 0.134818091989 -0.0514826476574 0.187463626266
      vertex 0.1364569664 -0.0523381456733 0.188925430179
    endloop
  endfacet
  facet normal -0.36381572485 -0.13175933063 0.92210495472
    outer loop
      vertex 0.134818091989 -0.0514826476574 0.187463626266
      vertex 0.13608391583 -0.0519188344479 0.187021017075
      vertex 0.1364569664 -0.0523381456733 0.188925430179
    endloop
  endfacet
  facet normal -0.414372861385 -0.362301230431 0.834885001183
    outer loop
      vertex 0.134818091989 -0.0514826476574 0.187463626266
      vertex 0.135723248124 -0.050901055336 0.185088157654
      vertex 0.13608391583 -0.0519188344479 0.187021017075
    endloop
  endfacet
  facet normal -0.269503980875 -0.408829748631 0.871909320354
    outer loop
      vertex 0.13608391583 -0.0519188344479 0.187021017075
      vertex 0.135723248124 -0.050901055336 0.185088157654
      vertex 0.139312595129 -0.0517724007368 0.184580340981
    endloop
  endfacet
  facet normal -0.2610706985 -0.693998456001 0.67097556591
    outer loop
      vertex 0.139312595129 -0.0517724007368 0.184580340981
      vertex 0.135723248124 -0.050901055336 0.185088157654
      vertex 0.13797056675 -0.0500677227974 0.18343706429
    endloop
  endfacet
  facet normal -0.24775993824 -0.683683335781 0.686434388161
    outer loop
      vertex 0.135723248124 -0.050901055336 0.185088157654
      vertex 0.133924111724 -0.0487894713879 0.183620065451
      vertex 0.13797056675 -0.0500677227974 0.18343706429
    endloop
  endfacet
  facet normal -0.391124546528 -0.565289497375 0.726270854473
    outer loop
      vertex 0.132784560323 -0.0503929704428 0.186468660831
      vertex 0.133924111724 -0.0487894713879 0.183620065451
      vertex 0.135723248124 -0.050901055336 0.185088157654
    endloop
  endfacet
  facet normal -0.291542112827 -0.555131196976 0.778994560242
    outer loop
      vertex 0.132784560323 -0.0503929704428 0.186468660831
      vertex 0.12966299057 -0.0475387871265 0.184102877975
      vertex 0.133924111724 -0.0487894713879 0.183620065451
    endloop
  endfacet
  facet normal -0.235723376274 -0.847233653069 0.476056277752
    outer loop
      vertex 0.133924111724 -0.0487894713879 0.183620065451
      vertex 0.12966299057 -0.0475387871265 0.184102877975
      vertex 0.133933916688 -0.0466383844614 0.182408645749
    endloop
  endfacet
  facet normal -0.207371711731 -0.812395691872 0.544986486435
    outer loop
      vertex 0.12966299057 -0.0475387871265 0.184102877975
      vertex 0.13005425036 -0.0453044325113 0.182504102588
      vertex 0.133933916688 -0.0466383844614 0.182408645749
    endloop
  endfacet
  facet normal -0.146594464779 -0.921192646027 0.360436111689
    outer loop
      vertex 0.133933916688 -0.0466383844614 0.182408645749
      vertex 0.13005425036 -0.0453044325113 0.182504102588
      vertex 0.13258177042 -0.0439187958837 0.181559726596
    endloop
  endfacet
  facet normal -0.144243106246 -0.920154809952 0.364017903805
    outer loop
      vertex 0.130148619413 -0.0415372103453 0.180998980999
      vertex 0.13258177042 -0.0439187958837 0.181559726596
      vertex 0.13005425036 -0.0453044325113 0.182504102588
    endloop
  endfacet
  facet normal -0.0870364904404 -0.946185350418 0.311701655388
    outer loop
      vertex 0.130148619413 -0.0415372103453 0.180998980999
      vertex 0.133643805981 -0.0421194881201 0.180869296193
      vertex 0.13258177042 -0.0439187958837 0.181559726596
    endloop
  endfacet
  facet normal -0.0786197185516 -0.963098168373 0.257411956787
    outer loop
      vertex 0.133643805981 -0.0421194881201 0.180869296193
      vertex 0.130148619413 -0.0415372103453 0.180998980999
      vertex 0.133726328611 -0.0398932807148 0.180267542601
    endloop
  endfacet
  facet normal -0.137659847736 -0.980976343155 0.136876359582
    outer loop
      vertex 0.132569074631 -0.0369990170002 0.180026099086
      vertex 0.133726328611 -0.0398932807148 0.180267542601
      vertex 0.130148619413 -0.0415372103453 0.180998980999
    endloop
  endfacet
  facet normal -0.0539480671287 -0.993069708347 0.104413352907
    outer loop
      vertex 0.134586468339 -0.0377858318388 0.179999232292
      vertex 0.133726328611 -0.0398932807148 0.180267542601
      vertex 0.132569074631 -0.0369990170002 0.180026099086
    endloop
  endfacet
  facet normal -0.0320358015597 -0.993038237095 0.11335260421
    outer loop
      vertex 0.133726328611 -0.0398932807148 0.180267542601
      vertex 0.134586468339 -0.0377858318388 0.179999232292
      vertex 0.135218560696 -0.0403322353959 0.180269509554
    endloop
  endfacet
  facet normal -0.0309216603637 -0.993104279041 0.113083057106
    outer loop
      vertex 0.135218560696 -0.0403322353959 0.180269509554
      vertex 0.134586468339 -0.0377858318388 0.179999232292
      vertex 0.136788249016 -0.0383256152272 0.179992154241
    endloop
  endfacet
  facet normal 0.0923291742802 -0.916746139526 -0.3886539042
    outer loop
      vertex 0.137175872922 -0.0352868698537 0.181319460273
      vertex 0.136788249016 -0.0383256152272 0.179992154241
      vertex 0.134586468339 -0.0377858318388 0.179999232292
    endloop
  endfacet
  facet normal 0.0516278408468 -0.917570829391 -0.394206017256
    outer loop
      vertex 0.137175872922 -0.0352868698537 0.181319460273
      vertex 0.138597711921 -0.0366102606058 0.180830910802
      vertex 0.136788249016 -0.0383256152272 0.179992154241
    endloop
  endfacet
  facet normal 0.554383933544 -0.385115534067 -0.737797021866
    outer loop
      vertex 0.137175872922 -0.0352868698537 0.181319460273
      vertex 0.139723181725 -0.0357990898192 0.184005081654
      vertex 0.138597711921 -0.0366102606058 0.180830910802
    endloop
  endfacet
  facet normal 0.516318798065 -0.339798152447 -0.78609931469
    outer loop
      vertex 0.136517241597 -0.0340630561113 0.183149904013
      vertex 0.139723181725 -0.0357990898192 0.184005081654
      vertex 0.137175872922 -0.0352868698537 0.181319460273
    endloop
  endfacet
  facet normal 0.485598087311 -0.0485587008297 -0.872832477093
    outer loop
      vertex 0.139723181725 -0.0357990898192 0.184005081654
      vertex 0.136517241597 -0.0340630561113 0.183149904013
      vertex 0.138213396072 -0.0348693989217 0.185617998242
    endloop
  endfacet
  facet normal 0.489329040051 -0.0518666394055 -0.870555520058
    outer loop
      vertex 0.138213396072 -0.0348693989217 0.185617998242
      vertex 0.136517241597 -0.0340630561113 0.183149904013
      vertex 0.134980916977 -0.0330409184098 0.185811638832
    endloop
  endfacet
  facet normal 0.386729508638 -0.127514064312 -0.913334786892
    outer loop
      vertex 0.134980916977 -0.0330409184098 0.185811638832
      vertex 0.136517241597 -0.0340630561113 0.183149904013
      vertex 0.133655250072 -0.0330465435982 0.181750848889
    endloop
  endfacet
  facet normal 0.511547625065 -0.598477363586 -0.616558134556
    outer loop
      vertex 0.136517241597 -0.0340630561113 0.183149904013
      vertex 0.134682148695 -0.0351504310966 0.180461123586
      vertex 0.133655250072 -0.0330465435982 0.181750848889
    endloop
  endfacet
  facet normal 0.256475150585 -0.763223230839 -0.593052089214
    outer loop
      vertex 0.134682148695 -0.0351504310966 0.180461123586
      vertex 0.131326675415 -0.0339138694108 0.180294394493
      vertex 0.133655250072 -0.0330465435982 0.181750848889
    endloop
  endfacet
  facet normal 0.0948015451431 -0.987733960152 -0.124073773623
    outer loop
      vertex 0.131326675415 -0.0339138694108 0.180294394493
      vertex 0.134682148695 -0.0351504310966 0.180461123586
      vertex 0.132569074631 -0.0369990170002 0.180026099086
    endloop
  endfacet
  facet normal -0.0887906104326 -0.994756519794 -0.0507516413927
    outer loop
      vertex 0.131326675415 -0.0339138694108 0.180294394493
      vertex 0.132569074631 -0.0369990170002 0.180026099086
      vertex 0.129046484828 -0.0385488830507 0.180261448026
    endloop
  endfacet
  facet normal 0.120169892907 -0.991386830807 0.0520703606308
    outer loop
      vertex 0.128548666835 -0.0344228744507 0.179984405637
      vertex 0.131326675415 -0.0339138694108 0.180294394493
      vertex 0.129046484828 -0.0385488830507 0.180261448026
    endloop
  endfacet
  facet normal 0.0712818577886 -0.976074099541 -0.205422133207
    outer loop
      vertex 0.131326675415 -0.0339138694108 0.180294394493
      vertex 0.128548666835 -0.0344228744507 0.179984405637
      vertex 0.130837976933 -0.0325393751264 0.180547982454
    endloop
  endfacet
  facet normal 0.13734857738 -0.982347667217 -0.12699778378
    outer loop
      vertex 0.130837976933 -0.0325393751264 0.180547982454
      vertex 0.128548666835 -0.0344228744507 0.179984405637
      vertex 0.126572042704 -0.0313385315239 0.180106773973
    endloop
  endfacet
  facet normal 0.113786786795 -0.987161874771 -0.112089037895
    outer loop
      vertex 0.126572042704 -0.0313385315239 0.180106773973
      vertex 0.128548666835 -0.0344228744507 0.179984405637
      vertex 0.126100763679 -0.0337628498673 0.179777175188
    endloop
  endfacet
  facet normal 0.0487115457654 -0.990284740925 0.130243137479
    outer loop
      vertex 0.128548666835 -0.0344228744507 0.179984405637
      vertex 0.125516489148 -0.0385980308056 0.180384367704
      vertex 0.126100763679 -0.0337628498673 0.179777175188
    endloop
  endfacet
  facet normal 0.0817893519998 -0.987613320351 0.133904710412
    outer loop
      vertex 0.12324129045 -0.0371932201087 0.180005475879
      vertex 0.126100763679 -0.0337628498673 0.179777175188
      vertex 0.125516489148 -0.0385980308056 0.180384367704
    endloop
  endfacet
  facet normal 0.0858174115419 -0.986817598343 0.137209445238
    outer loop
      vertex 0.126100763679 -0.0337628498673 0.179777175188
      vertex 0.12324129045 -0.0371932201087 0.180005475879
      vertex 0.123404338956 -0.0331095941365 0.179451867938
    endloop
  endfacet
  facet normal -0.0666596144438 -0.989081919193 0.131428405643
    outer loop
      vertex 0.120099306107 -0.0366133600473 0.180140182376
      vertex 0.123404338956 -0.0331095941365 0.179451867938
      vertex 0.12324129045 -0.0371932201087 0.180005475879
    endloop
  endfacet
  facet normal 0.063585087657 -0.966209471226 0.249792188406
    outer loop
      vertex 0.117449909449 -0.0313429012895 0.178603261709
      vertex 0.123404338956 -0.0331095941365 0.179451867938
      vertex 0.120099306107 -0.0366133600473 0.180140182376
    endloop
  endfacet
  facet normal 0.156940683722 -0.986057579517 -0.055318210274
    outer loop
      vertex 0.123404338956 -0.0331095941365 0.179451867938
      vertex 0.117449909449 -0.0313429012895 0.178603261709
      vertex 0.123227573931 -0.030153311789 0.179589569569
    endloop
  endfacet
  facet normal 0.171973407269 -0.983502984047 -0.0560980513692
    outer loop
      vertex 0.123227573931 -0.030153311789 0.179589569569
      vertex 0.126572042704 -0.0313385315239 0.180106773973
      vertex 0.123404338956 -0.0331095941365 0.179451867938
    endloop
  endfacet
  facet normal 0.294293940067 -0.834166526794 -0.466430425644
    outer loop
      vertex 0.124893665314 -0.0280239228159 0.181368038058
      vertex 0.126572042704 -0.0313385315239 0.180106773973
      vertex 0.123227573931 -0.030153311789 0.179589569569
    endloop
  endfacet
  facet normal 0.582883000374 -0.61622941494 -0.52963078022
    outer loop
      vertex 0.127975955606 -0.0289534963667 0.183484584093
      vertex 0.126572042704 -0.0313385315239 0.180106773973
      vertex 0.124893665314 -0.0280239228159 0.181368038058
    endloop
  endfacet
  facet normal 0.402597814798 -0.193336501718 -0.894726753235
    outer loop
      vertex 0.124893665314 -0.0280239228159 0.181368038058
      vertex 0.126399755478 -0.0277844667435 0.185612425208
      vertex 0.127975955606 -0.0289534963667 0.183484584093
    endloop
  endfacet
  facet normal 0.551638364792 -0.240797221661 -0.798568606377
    outer loop
      vertex 0.124893665314 -0.0280239228159 0.181368038058
      vertex 0.122094675899 -0.025568831712 0.183097839355
      vertex 0.126399755478 -0.0277844667435 0.185612425208
    endloop
  endfacet
  facet normal 0.290343523026 -0.594475626945 -0.749866187572
    outer loop
      vertex 0.120171360672 -0.0277690812945 0.17938311398
      vertex 0.122094675899 -0.025568831712 0.183097839355
      vertex 0.124893665314 -0.0280239228159 0.181368038058
    endloop
  endfacet
  facet normal 0.456678181887 0.00201313197613 -0.889629721642
    outer loop
      vertex 0.122094675899 -0.025568831712 0.183097839355
      vertex 0.123367577791 -0.0262332223356 0.187944278121
      vertex 0.126399755478 -0.0277844667435 0.185612425208
    endloop
  endfacet
  facet normal 0.512238562107 0.0985112786293 -0.853174746037
    outer loop
      vertex 0.127035886049 -0.0284281894565 0.18787971139
      vertex 0.126399755478 -0.0277844667435 0.185612425208
      vertex 0.123367577791 -0.0262332223356 0.187944278121
    endloop
  endfacet
  facet normal 0.508143544197 0.100295633078 -0.855412721634
    outer loop
      vertex 0.12790851295 -0.0288255624473 0.186847791076
      vertex 0.126399755478 -0.0277844667435 0.185612425208
      vertex 0.127035886049 -0.0284281894565 0.18787971139
    endloop
  endfacet
  facet normal 0.547461926937 0.145616039634 -0.824063956738
    outer loop
      vertex 0.12790851295 -0.0288255624473 0.186847791076
      vertex 0.127035886049 -0.0284281894565 0.18787971139
      vertex 0.128202721477 -0.029277715832 0.188300460577
    endloop
  endfacet
  facet normal 0.49409776926 0.286853283644 -0.820720791817
    outer loop
      vertex 0.127035886049 -0.0284281894565 0.18787971139
      vertex 0.127021163702 -0.0291774496436 0.190048798919
      vertex 0.128202721477 -0.029277715832 0.188300460577
    endloop
  endfacet
  facet normal 0.517605245113 0.282494336367 -0.807639598846
    outer loop
      vertex 0.127021163702 -0.0291774496436 0.190048798919
      vertex 0.127035886049 -0.0284281894565 0.18787971139
      vertex 0.125575259328 -0.0282105542719 0.189933761954
    endloop
  endfacet
  facet normal 0.485338062048 0.406411409378 -0.77412968874
    outer loop
      vertex 0.125575259328 -0.0282105542719 0.189933761954
      vertex 0.125162810087 -0.0293622426689 0.192620038986
      vertex 0.127021163702 -0.0291774496436 0.190048798919
    endloop
  endfacet
  facet normal 0.540845572948 0.400218039751 -0.739805102348
    outer loop
      vertex 0.123655855656 -0.0278955250978 0.191945269704
      vertex 0.125162810087 -0.0293622426689 0.192620038986
      vertex 0.125575259328 -0.0282105542719 0.189933761954
    endloop
  endfacet
  facet normal 0.37944200635 0.628487825394 -0.678989589214
    outer loop
      vertex 0.123655855656 -0.0278955250978 0.191945269704
      vertex 0.121501199901 -0.0293652266264 0.194833919406
      vertex 0.125162810087 -0.0293622426689 0.192620038986
    endloop
  endfacet
  facet normal 0.4510884583 0.648458957672 -0.61320489645
    outer loop
      vertex 0.121501199901 -0.0293652266264 0.194833919406
      vertex 0.123655855656 -0.0278955250978 0.191945269704
      vertex 0.119156524539 -0.0254194140434 0.19273366034
    endloop
  endfacet
  facet normal 0.499713301659 0.301386356354 -0.81206703186
    outer loop
      vertex 0.119156524539 -0.0254194140434 0.19273366034
      vertex 0.123655855656 -0.0278955250978 0.191945269704
      vertex 0.123367577791 -0.0262332223356 0.187944278121
    endloop
  endfacet
  facet normal 0.547238826752 0.352140337229 -0.759293675423
    outer loop
      vertex 0.119156524539 -0.0254194140434 0.19273366034
      vertex 0.123367577791 -0.0262332223356 0.187944278121
      vertex 0.120057187974 -0.0239042341709 0.188066914678
    endloop
  endfacet
  facet normal 0.657925665379 0.344416707754 -0.669709563255
    outer loop
      vertex 0.119156524539 -0.0254194140434 0.19273366034
      vertex 0.120057187974 -0.0239042341709 0.188066914678
      vertex 0.116148099303 -0.0216192305088 0.191091164947
    endloop
  endfacet
  facet normal 0.485768765211 0.593962490559 -0.641277849674
    outer loop
      vertex 0.116148099303 -0.0216192305088 0.191091164947
      vertex 0.113660342991 -0.0225211270154 0.194099500775
      vertex 0.119156524539 -0.0254194140434 0.19273366034
    endloop
  endfacet
  facet normal 0.600433647633 0.640193760395 -0.479198694229
    outer loop
      vertex 0.116148099303 -0.0216192305088 0.191091164947
      vertex 0.112432926893 -0.0194395408034 0.192944064736
      vertex 0.113660342991 -0.0225211270154 0.194099500775
    endloop
  endfacet
  facet normal 0.288747161627 0.85296434164 -0.434829771519
    outer loop
      vertex 0.113660342991 -0.0225211270154 0.194099500775
      vertex 0.112432926893 -0.0194395408034 0.192944064736
      vertex 0.110707253218 -0.0224260315299 0.1950507164
    endloop
  endfacet
  facet normal 0.509038448334 0.813927471638 -0.280003517866
    outer loop
      vertex 0.110707253218 -0.0224260315299 0.1950507164
      vertex 0.112432926893 -0.0194395408034 0.192944064736
      vertex 0.109691232443 -0.0203600488603 0.194975405931
    endloop
  endfacet
  facet normal 0.139526188374 0.984688222408 -0.104506164789
    outer loop
      vertex 0.108123630285 -0.023215264082 0.195500567555
      vertex 0.110707253218 -0.0224260315299 0.1950507164
      vertex 0.109691232443 -0.0203600488603 0.194975405931
    endloop
  endfacet
  facet normal 0.164018973708 0.986136496067 -0.0251524522901
    outer loop
      vertex 0.110707253218 -0.0224260315299 0.1950507164
      vertex 0.108123630285 -0.023215264082 0.195500567555
      vertex 0.108759880066 -0.0252554155886 0.195446774364
    endloop
  endfacet
  facet normal 0.192493721843 0.980702877045 -0.0341759547591
    outer loop
      vertex 0.108123630285 -0.023215264082 0.195500567555
      vertex 0.107498057187 -0.024404283613 0.195664793253
      vertex 0.108759880066 -0.0252554155886 0.195446774364
    endloop
  endfacet
  facet normal 0.184871539474 0.982013463974 -0.0383672192693
    outer loop
      vertex 0.106395564973 -0.0232644230127 0.195827811956
      vertex 0.107498057187 -0.024404283613 0.195664793253
      vertex 0.108123630285 -0.023215264082 0.195500567555
    endloop
  endfacet
  facet normal 0.22511176765 0.971137702465 -0.0788434967399
    outer loop
      vertex 0.106433041394 -0.0257002152503 0.19601687789
      vertex 0.107498057187 -0.024404283613 0.195664793253
      vertex 0.106395564973 -0.0232644230127 0.195827811956
    endloop
  endfacet
  facet normal 0.262801915407 0.963759064674 -0.0458646267653
    outer loop
      vertex 0.107498057187 -0.024404283613 0.195664793253
      vertex 0.106433041394 -0.0257002152503 0.19601687789
      vertex 0.107695788145 -0.0265103504062 0.195711091161
    endloop
  endfacet
  facet normal 0.26121532917 0.964314162731 -0.0431820899248
    outer loop
      vertex 0.107695788145 -0.0265103504062 0.195711091161
      vertex 0.106433041394 -0.0257002152503 0.19601687789
      vertex 0.106898471713 -0.0278260409832 0.195985987782
    endloop
  endfacet
  facet normal 0.368636548519 0.927138447762 -0.067241102457
    outer loop
      vertex 0.106433041394 -0.0257002152503 0.19601687789
      vertex 0.105348289013 -0.0274261422455 0.196573346853
      vertex 0.106898471713 -0.0278260409832 0.195985987782
    endloop
  endfacet
  facet normal 0.32121860981 0.941530168056 -0.101683713496
    outer loop
      vertex 0.106433041394 -0.0257002152503 0.19601687789
      vertex 0.104646280408 -0.0249226987362 0.196542486548
      vertex 0.105348289013 -0.0274261422455 0.196573346853
    endloop
  endfacet
  facet normal 0.505749464035 0.849131941795 -0.152290448546
    outer loop
      vertex 0.104646280408 -0.0249226987362 0.196542486548
      vertex 0.10235247016 -0.0273617189378 0.198346123099
      vertex 0.105348289013 -0.0274261422455 0.196573346853
    endloop
  endfacet
  facet normal 0.47765237093 0.858682215214 -0.185777023435
    outer loop
      vertex 0.10235247016 -0.0273617189378 0.198346123099
      vertex 0.104646280408 -0.0249226987362 0.196542486548
      vertex 0.102826669812 -0.0227412879467 0.197082713246
    endloop
  endfacet
  facet normal 0.389307409525 0.915888547897 -0.0979176089168
    outer loop
      vertex 0.104646280408 -0.0249226987362 0.196542486548
      vertex 0.104952640831 -0.0229150541127 0.196197628975
      vertex 0.102826669812 -0.0227412879467 0.197082713246
    endloop
  endfacet
  facet normal 0.274044632912 0.953941881657 -0.122042909265
    outer loop
      vertex 0.106395564973 -0.0232644230127 0.195827811956
      vertex 0.104952640831 -0.0229150541127 0.196197628975
      vertex 0.104646280408 -0.0249226987362 0.196542486548
    endloop
  endfacet
  facet normal 0.260214418173 0.964025735855 -0.0542483441532
    outer loop
      vertex 0.104952640831 -0.0229150541127 0.196197628975
      vertex 0.106395564973 -0.0232644230127 0.195827811956
      vertex 0.106330178678 -0.0220781601965 0.195778697729
    endloop
  endfacet
  facet normal 0.258291840553 0.964349746704 -0.0575751326978
    outer loop
      vertex 0.104735955596 -0.021247472614 0.196156099439
      vertex 0.104952640831 -0.0229150541127 0.196197628975
      vertex 0.106330178678 -0.0220781601965 0.195778697729
    endloop
  endfacet
  facet normal 0.244862928987 0.969104468822 -0.0296426843852
    outer loop
      vertex 0.106330178678 -0.0220781601965 0.195778697729
      vertex 0.106529526412 -0.0190523900092 0.195635780692
      vertex 0.104735955596 -0.021247472614 0.196156099439
    endloop
  endfacet
  facet normal 0.216931626201 0.97566896677 -0.0317929498851
    outer loop
      vertex 0.106529526412 -0.0190523900092 0.195635780692
      vertex 0.106330178678 -0.0220781601965 0.195778697729
      vertex 0.109691232443 -0.0203600488603 0.194975405931
    endloop
  endfacet
  facet normal 0.255971372128 0.95713442564 -0.135544538498
    outer loop
      vertex 0.108538553119 -0.0165018625557 0.194737300277
      vertex 0.106529526412 -0.0190523900092 0.195635780692
      vertex 0.109691232443 -0.0203600488603 0.194975405931
    endloop
  endfacet
  facet normal 0.393788993359 0.919100403786 -0.0135886147618
    outer loop
      vertex 0.108538553119 -0.0165018625557 0.194737300277
      vertex 0.105473943055 -0.0152224600315 0.196031421423
      vertex 0.106529526412 -0.0190523900092 0.195635780692
    endloop
  endfacet
  facet normal 0.132309004664 0.989028573036 0.0657028630376
    outer loop
      vertex 0.105473943055 -0.0152224600315 0.196031421423
      vertex 0.102341227233 -0.0182248055935 0.196251049638
      vertex 0.106529526412 -0.0190523900092 0.195635780692
    endloop
  endfacet
  facet normal 0.178531527519 0.977214515209 0.114796712995
    outer loop
      vertex 0.101220369339 -0.0150823518634 0.196824982762
      vertex 0.102341227233 -0.0182248055935 0.196251049638
      vertex 0.105473943055 -0.0152224600315 0.196031421423
    endloop
  endfacet
  facet normal 0.254567742348 0.963300228119 0.0851346328855
    outer loop
      vertex 0.0989223495126 -0.0190753601491 0.197079375386
      vertex 0.102341227233 -0.0182248055935 0.196251049638
      vertex 0.101220369339 -0.0150823518634 0.196824982762
    endloop
  endfacet
  facet normal 0.184255287051 0.962910354137 -0.197113260627
    outer loop
      vertex 0.0989223495126 -0.0190753601491 0.197079375386
      vertex 0.102826669812 -0.0227412879467 0.197082713246
      vertex 0.102341227233 -0.0182248055935 0.196251049638
    endloop
  endfacet
  facet normal 0.336839318275 0.870214641094 -0.359535396099
    outer loop
      vertex 0.0985851213336 -0.0226566456258 0.198689550161
      vertex 0.102826669812 -0.0227412879467 0.197082713246
      vertex 0.0989223495126 -0.0190753601491 0.197079375386
    endloop
  endfacet
  facet normal 0.180683717132 0.903296351433 -0.389113217592
    outer loop
      vertex 0.0933248475194 -0.0206320025027 0.198869585991
      vertex 0.0985851213336 -0.0226566456258 0.198689550161
      vertex 0.0989223495126 -0.0190753601491 0.197079375386
    endloop
  endfacet
  facet normal 0.0610621385276 0.995668828487 -0.070107229054
    outer loop
      vertex 0.0985851213336 -0.0226566456258 0.198689550161
      vertex 0.0933248475194 -0.0206320025027 0.198869585991
      vertex 0.0941031873226 -0.023778475821 0.199043408036
    endloop
  endfacet
  facet normal 0.000667135231197 0.998468339443 -0.0553219988942
    outer loop
      vertex 0.0941031873226 -0.023778475821 0.199043408036
      vertex 0.0933248475194 -0.0206320025027 0.198869585991
      vertex 0.0903818830848 -0.0250854417682 0.199118301272
    endloop
  endfacet
  facet normal 0.131868243217 0.990756690502 0.0318102426827
    outer loop
      vertex 0.0933248475194 -0.0206320025027 0.198869585991
      vertex 0.0888542458415 -0.020486259833 0.199469298124
      vertex 0.0903818830848 -0.0250854417682 0.199118301272
    endloop
  endfacet
  facet normal 0.134114176035 0.990180075169 -0.0394556932151
    outer loop
      vertex 0.0933248475194 -0.0206320025027 0.198869585991
      vertex 0.0912981405854 -0.0182978436351 0.199051082134
      vertex 0.0888542458415 -0.020486259833 0.199469298124
    endloop
  endfacet
  facet normal 0.253882288933 0.956138074398 -0.146094962955
    outer loop
      vertex 0.0933248475194 -0.0206320025027 0.198869585991
      vertex 0.0962328538299 -0.0164227336645 0.1974542588
      vertex 0.0912981405854 -0.0182978436351 0.199051082134
    endloop
  endfacet
  facet normal 0.313634365797 0.949393451214 0.0168976597488
    outer loop
      vertex 0.0962328538299 -0.0164227336645 0.1974542588
      vertex 0.0930100977421 -0.0147051885724 0.198549479246
      vertex 0.0912981405854 -0.0182978436351 0.199051082134
    endloop
  endfacet
  facet normal 0.281640082598 0.956078648567 0.0811937749386
    outer loop
      vertex 0.0950878486037 -0.0131210973486 0.198071941733
      vertex 0.0930100977421 -0.0147051885724 0.198549479246
      vertex 0.0962328538299 -0.0164227336645 0.1974542588
    endloop
  endfacet
  facet normal -0.0366880521178 0.942481577396 -0.332238584757
    outer loop
      vertex 0.0930100977421 -0.0147051885724 0.198549479246
      vertex 0.0950878486037 -0.0131210973486 0.198071941733
      vertex 0.0920375585556 -0.0123010911047 0.197664141655
    endloop
  endfacet
  facet normal -0.0513643361628 0.957165837288 -0.284947872162
    outer loop
      vertex 0.0950878486037 -0.0131210973486 0.198071941733
      vertex 0.0924891382456 -0.0101664206013 0.197052881122
      vertex 0.0920375585556 -0.0123010911047 0.197664141655
    endloop
  endfacet
  facet normal -0.298719644547 0.952080965042 -0.0656388327479
    outer loop
      vertex 0.0924891382456 -0.0101664206013 0.197052881122
      vertex 0.0950878486037 -0.0131210973486 0.198071941733
      vertex 0.0961095765233 -0.0106747420505 0.198223859072
    endloop
  endfacet
  facet normal -0.288334578276 0.948482632637 -0.131315752864
    outer loop
      vertex 0.0946128666401 -0.00627160212025 0.197159260511
      vertex 0.0924891382456 -0.0101664206013 0.197052881122
      vertex 0.0961095765233 -0.0106747420505 0.198223859072
    endloop
  endfacet
  facet normal -0.723954796791 0.576404631138 -0.379008084536
    outer loop
      vertex 0.0924891382456 -0.0101664206013 0.197052881122
      vertex 0.0946128666401 -0.00627160212025 0.197159260511
      vertex 0.0930969491601 -0.00606958707795 0.19512245059
    endloop
  endfacet
  facet normal -0.680569350719 0.554072022438 -0.479405373335
    outer loop
      vertex 0.0950196459889 -0.0038873734884 0.195595979691
      vertex 0.0930969491601 -0.00606958707795 0.19512245059
      vertex 0.0946128666401 -0.00627160212025 0.197159260511
    endloop
  endfacet
  facet normal -0.673090577126 0.625495791435 -0.394593596458
    outer loop
      vertex 0.0930969491601 -0.00606958707795 0.19512245059
      vertex 0.0909420847893 -0.00863803643733 0.194423928857
      vertex 0.0924891382456 -0.0101664206013 0.197052881122
    endloop
  endfacet
  facet normal -0.746385276318 0.427708268166 -0.509877085686
    outer loop
      vertex 0.0930969491601 -0.00606958707795 0.19512245059
      vertex 0.0914134457707 -0.00618144962937 0.192317962646
      vertex 0.0909420847893 -0.00863803643733 0.194423928857
    endloop
  endfacet
  facet normal -0.660117983818 0.370190083981 -0.653608083725
    outer loop
      vertex 0.0949293971062 -0.00255388161168 0.192182719707
      vertex 0.0914134457707 -0.00618144962937 0.192317962646
      vertex 0.0930969491601 -0.00606958707795 0.19512245059
    endloop
  endfacet
  facet normal -0.677886843681 0.306038200855 -0.66843855381
    outer loop
      vertex 0.0914134457707 -0.00618144962937 0.192317962646
      vertex 0.0949293971062 -0.00255388161168 0.192182719707
      vertex 0.093318991363 -0.00320919719525 0.190046936274
    endloop
  endfacet
  facet normal -0.741025090218 0.212061434984 -0.637112021446
    outer loop
      vertex 0.093318991363 -0.00320919719525 0.190046936274
      vertex 0.0910665243864 -0.00577615248039 0.189888045192
      vertex 0.0914134457707 -0.00618144962937 0.192317962646
    endloop
  endfacet
  facet normal -0.733853578568 -0.17981608212 -0.655076384544
    outer loop
      vertex 0.0910665243864 -0.00577615248039 0.189888045192
      vertex 0.093318991363 -0.00320919719525 0.190046936274
      vertex 0.0933515280485 -0.0035892308224 0.18852968514
    endloop
  endfacet
  facet normal -0.123697526753 -0.243598222733 -0.961955726147
    outer loop
      vertex 0.095785908401 -0.00290910433978 0.189979299903
      vertex 0.0933515280485 -0.0035892308224 0.18852968514
      vertex 0.093318991363 -0.00320919719525 0.190046936274
    endloop
  endfacet
  facet normal -0.580086946487 0.264524906874 -0.770406186581
    outer loop
      vertex 0.0910665243864 -0.00577615248039 0.189888045192
      vertex 0.0933515280485 -0.0035892308224 0.18852968514
      vertex 0.0913469865918 -0.00454510329291 0.186917737126
    endloop
  endfacet
  facet normal -0.352027148008 -0.113196954131 -0.929119646549
    outer loop
      vertex 0.0942003428936 -0.00352261424996 0.186436772346
      vertex 0.0913469865918 -0.00454510329291 0.186917737126
      vertex 0.0933515280485 -0.0035892308224 0.18852968514
    endloop
  endfacet
  facet normal -0.362831741571 -0.236145585775 -0.90143686533
    outer loop
      vertex 0.0931160598993 -0.00474194996059 0.183448180556
      vertex 0.0913469865918 -0.00454510329291 0.186917737126
      vertex 0.0942003428936 -0.00352261424996 0.186436772346
    endloop
  endfacet
  facet normal -0.206174969673 -0.159895569086 -0.965362787247
    outer loop
      vertex 0.0913469865918 -0.00454510329291 0.186917737126
      vertex 0.0931160598993 -0.00474194996059 0.183448180556
      vertex 0.0906531661749 -0.00540588563308 0.182615444064
    endloop
  endfacet
  facet normal -0.102620556951 -0.416648834944 -0.903256773949
    outer loop
      vertex 0.0931160598993 -0.00474194996059 0.183448180556
      vertex 0.0926949158311 -0.00572676816955 0.181416913867
      vertex 0.0906531661749 -0.00540588563308 0.182615444064
    endloop
  endfacet
  facet normal 0.178209334612 -0.458947241306 -0.870407283306
    outer loop
      vertex 0.0960527285933 -0.00567887397483 0.182811588049
      vertex 0.0926949158311 -0.00572676816955 0.181416913867
      vertex 0.0931160598993 -0.00474194996059 0.183448180556
    endloop
  endfacet
  facet normal 0.102763906121 -0.280190229416 -0.954428136349
    outer loop
      vertex 0.0960527285933 -0.00567887397483 0.182811588049
      vertex 0.0951247662306 -0.00673317583278 0.178879916668
      vertex 0.0926949158311 -0.00572676816955 0.181416913867
    endloop
  endfacet
  facet normal 0.35170340538 -0.31900793314 -0.880078792572
    outer loop
      vertex 0.0986032634974 -0.00716901756823 0.181512519717
      vertex 0.0951247662306 -0.00673317583278 0.178879916668
      vertex 0.0960527285933 -0.00567887397483 0.182811588049
    endloop
  endfacet
  facet normal 0.388413727283 -0.373772114515 -0.842276215553
    outer loop
      vertex 0.0951247662306 -0.00673317583278 0.178879916668
      vertex 0.0986032634974 -0.00716901756823 0.181512519717
      vertex 0.0990272387862 -0.00837503373623 0.179235413671
    endloop
  endfacet
  facet normal 0.300457686186 -0.402167111635 -0.864862322807
    outer loop
      vertex 0.0986032634974 -0.00716901756823 0.181512519717
      vertex 0.0960527285933 -0.00567887397483 0.182811588049
      vertex 0.0981793180108 -0.00596277974546 0.183789804578
    endloop
  endfacet
  facet normal 0.29016071558 -0.375296801329 -0.880317568779
    outer loop
      vertex 0.0961898192763 -0.00474275741726 0.18511338532
      vertex 0.0981793180108 -0.00596277974546 0.183789804578
      vertex 0.0960527285933 -0.00567887397483 0.182811588049
    endloop
  endfacet
  facet normal 0.284340023994 -0.382812738419 -0.878979623318
    outer loop
      vertex 0.0997068285942 -0.00508833024651 0.186932221055
      vertex 0.0981793180108 -0.00596277974546 0.183789804578
      vertex 0.0961898192763 -0.00474275741726 0.18511338532
    endloop
  endfacet
  facet normal 0.425719887018 -0.360378831625 -0.829993784428
    outer loop
      vertex 0.101770177484 -0.00830865092576 0.182628929615
      vertex 0.0986032634974 -0.00716901756823 0.181512519717
      vertex 0.0981793180108 -0.00596277974546 0.183789804578
    endloop
  endfacet
  facet normal 0.23050147295 -0.15999007225 -0.95982927084
    outer loop
      vertex 0.0951247662306 -0.00673317583278 0.178879916668
      vertex 0.090640053153 -0.00606085779145 0.176452115178
      vertex 0.0926949158311 -0.00572676816955 0.181416913867
    endloop
  endfacet
  facet normal 0.280245363712 -0.261939466 -0.923498928547
    outer loop
      vertex 0.0951247662306 -0.00673317583278 0.178879916668
      vertex 0.0925175920129 -0.0072164516896 0.174386680126
      vertex 0.090640053153 -0.00606085779145 0.176452115178
    endloop
  endfacet
  facet normal 0.0305515192449 -0.0796910151839 -0.99635130167
    outer loop
      vertex 0.0894643440843 -0.0057484745048 0.179907009006
      vertex 0.0926949158311 -0.00572676816955 0.181416913867
      vertex 0.090640053153 -0.00606085779145 0.176452115178
    endloop
  endfacet
  facet normal -0.0460364185274 -0.105483151972 -0.993354916573
    outer loop
      vertex 0.090640053153 -0.00606085779145 0.176452115178
      vertex 0.0882750526071 -0.00609117653221 0.177198752761
      vertex 0.0894643440843 -0.0057484745048 0.179907009006
    endloop
  endfacet
  facet normal -0.0753185227513 -0.198892802 -0.977122724056
    outer loop
      vertex 0.090640053153 -0.00606085779145 0.176452115178
      vertex 0.0884038805962 -0.00648889504373 0.175196051598
      vertex 0.0882750526071 -0.00609117653221 0.177198752761
    endloop
  endfacet
  facet normal 0.0634416043758 -0.421256780624 -0.904719769955
    outer loop
      vertex 0.0884038805962 -0.00648889504373 0.175196051598
      vertex 0.090640053153 -0.00606085779145 0.176452115178
      vertex 0.0895027369261 -0.00723000615835 0.173769891262
    endloop
  endfacet
  facet normal 0.0731711387634 -0.414902895689 -0.90691870451
    outer loop
      vertex 0.0895027369261 -0.00723000615835 0.173769891262
      vertex 0.0872369632125 -0.00718728359789 0.173463687301
      vertex 0.0884038805962 -0.00648889504373 0.175196051598
    endloop
  endfacet
  facet normal -0.208519056439 -0.241601288319 -0.947707056999
    outer loop
      vertex 0.0864694565535 -0.00671790121123 0.175967305899
      vertex 0.0884038805962 -0.00648889504373 0.175196051598
      vertex 0.0872369632125 -0.00718728359789 0.173463687301
    endloop
  endfacet
  facet normal -0.627084255219 -0.324962347746 -0.707929909229
    outer loop
      vertex 0.0872369632125 -0.00718728359789 0.173463687301
      vertex 0.0847516879439 -0.00824261084199 0.175960510969
      vertex 0.0864694565535 -0.00671790121123 0.175967305899
    endloop
  endfacet
  facet normal -0.725506544113 -0.543938934803 -0.421628534794
    outer loop
      vertex 0.0872369632125 -0.00718728359789 0.173463687301
      vertex 0.0851910933852 -0.00995602365583 0.174046307802
      vertex 0.0847516879439 -0.00824261084199 0.175960510969
    endloop
  endfacet
  facet normal -0.704657077789 -0.588143110275 -0.396920710802
    outer loop
      vertex 0.0872369632125 -0.00718728359789 0.173463687301
      vertex 0.0869027376175 -0.00975814368576 0.172129124403
      vertex 0.0851910933852 -0.00995602365583 0.174046307802
    endloop
  endfacet
  facet normal -0.320968955755 -0.822873592377 -0.468890190125
    outer loop
      vertex 0.0869027376175 -0.00975814368576 0.172129124403
      vertex 0.0872369632125 -0.00718728359789 0.173463687301
      vertex 0.0893489271402 -0.00840443558991 0.171946331859
    endloop
  endfacet
  facet normal -0.747226178646 -0.663786292076 -0.0322614423931
    outer loop
      vertex 0.0869027376175 -0.00975814368576 0.172129124403
      vertex 0.0858138427138 -0.0114567298442 0.17327234149
      vertex 0.0851910933852 -0.00995602365583 0.174046307802
    endloop
  endfacet
  facet normal -0.735070228577 -0.677824556828 -0.0150204729289
    outer loop
      vertex 0.0874310359359 -0.0114815374836 0.171518012881
      vertex 0.0858138427138 -0.0114567298442 0.17327234149
      vertex 0.0869027376175 -0.00975814368576 0.172129124403
    endloop
  endfacet
  facet normal -0.734512805939 -0.677614033222 -0.0364709384739
    outer loop
      vertex 0.0874310359359 -0.0114815374836 0.171518012881
      vertex 0.0868172645569 -0.0130195710808 0.172100543976
      vertex 0.0858138427138 -0.0114567298442 0.17327234149
    endloop
  endfacet
  facet normal -0.720317900181 -0.693196892738 -0.0249042920768
    outer loop
      vertex 0.0874310359359 -0.0114815374836 0.171518012881
      vertex 0.0879593268037 -0.0132048260421 0.170907139778
      vertex 0.0868172645569 -0.0130195710808 0.172100543976
    endloop
  endfacet
  facet normal -0.256624877453 -0.933058559895 -0.252082169056
    outer loop
      vertex 0.0891136303544 -0.0114161921665 0.171072900295
      vertex 0.0879593268037 -0.0132048260421 0.170907139778
      vertex 0.0874310359359 -0.0114815374836 0.171518012881
    endloop
  endfacet
  facet normal -0.230814725161 -0.943836927414 -0.236424297094
    outer loop
      vertex 0.0891136303544 -0.0114161921665 0.171072900295
      vertex 0.0901015251875 -0.0131635935977 0.17039360106
      vertex 0.0879593268037 -0.0132048260421 0.170907139778
    endloop
  endfacet
  facet normal -0.0602494627237 -0.941388130188 -0.33190125227
    outer loop
      vertex 0.0891136303544 -0.0114161921665 0.171072900295
      vertex 0.0918716862798 -0.0121637312695 0.170632824302
      vertex 0.0901015251875 -0.0131635935977 0.17039360106
    endloop
  endfacet
  facet normal -0.0451865941286 -0.950502276421 -0.307414442301
    outer loop
      vertex 0.0918716862798 -0.0121637312695 0.170632824302
      vertex 0.0921953991055 -0.0137959467247 0.170089542866
      vertex 0.0901015251875 -0.0131635935977 0.17039360106
    endloop
  endfacet
  facet normal -0.231543555856 -0.948503553867 -0.216168045998
    outer loop
      vertex 0.0879593268037 -0.0132048260421 0.170907139778
      vertex 0.0901015251875 -0.0131635935977 0.17039360106
      vertex 0.0890462175012 -0.0143044842407 0.170391201973
    endloop
  endfacet
  facet normal -0.270341306925 -0.929195463657 -0.252014696598
    outer loop
      vertex 0.0904718786478 -0.0142909362912 0.169980093837
      vertex 0.0890462175012 -0.0143044842407 0.170391201973
      vertex 0.0901015251875 -0.0131635935977 0.17039360106
    endloop
  endfacet
  facet normal -0.265662610531 -0.910867631435 -0.31582197547
    outer loop
      vertex 0.0890462175012 -0.0143044842407 0.170391201973
      vertex 0.0904718786478 -0.0142909362912 0.169980093837
      vertex 0.0897275581956 -0.0151645801961 0.169894263148
    endloop
  endfacet
  facet normal -0.437441647053 -0.884112358093 -0.164286717772
    outer loop
      vertex 0.0890462175012 -0.0143044842407 0.170391201973
      vertex 0.0897275581956 -0.0151645801961 0.169894263148
      vertex 0.0888853520155 -0.0161365307868 0.170130357146
    endloop
  endfacet
  facet normal -0.172327294946 -0.981013059616 0.0889755785465
    outer loop
      vertex 0.0888853520155 -0.0161365307868 0.170130357146
      vertex 0.0897275581956 -0.0151645801961 0.169894263148
      vertex 0.0895094871521 -0.0162335783243 0.170029520988
    endloop
  endfacet
  facet normal -0.395982563496 -0.917578279972 0.035325601697
    outer loop
      vertex 0.0895094871521 -0.0162335783243 0.170029520988
      vertex 0.0897275581956 -0.0151645801961 0.169894263148
      vertex 0.0900253504515 -0.0161118432879 0.169802218676
    endloop
  endfacet
  facet normal -0.265648752451 -0.964016318321 -0.0101597737521
    outer loop
      vertex 0.0897275581956 -0.0151645801961 0.169894263148
      vertex 0.0906837061048 -0.0154116144404 0.169628173113
      vertex 0.0900253504515 -0.0161118432879 0.169802218676
    endloop
  endfacet
  facet normal -0.15400326252 -0.983043730259 0.0995388329029
    outer loop
      vertex 0.0906837061048 -0.0154116144404 0.169628173113
      vertex 0.0905515775084 -0.0162386335433 0.169732615352
      vertex 0.0900253504515 -0.0161118432879 0.169802218676
    endloop
  endfacet
  facet normal -0.276286900043 -0.501937150955 0.819588065147
    outer loop
      vertex 0.0913075059652 -0.0245279166847 0.176348119974
      vertex 0.0912967994809 -0.0241777896881 0.175782307982
      vertex 0.0918578803539 -0.0246190465987 0.176193967462
    endloop
  endfacet
  facet normal 0.0827842727304 -0.731922566891 0.676340222359
    outer loop
      vertex 0.0992236062884 -0.0214467346668 0.171791791916
      vertex 0.099738240242 -0.0217198356986 0.172102361917
      vertex 0.0992950350046 -0.021990917623 0.172302722931
    endloop
  endfacet
  facet normal 0.0530001856387 -0.775394439697 0.629249095917
    outer loop
      vertex 0.0983633995056 -0.0206579044461 0.171080470085
      vertex 0.0986533537507 -0.0211871229112 0.171529769897
      vertex 0.0979465469718 -0.0210477411747 0.171368345618
    endloop
  endfacet
  facet normal 0.0388440564275 -0.751017928123 0.659138262272
    outer loop
      vertex 0.0979399308562 -0.0216251090169 0.171874731779
      vertex 0.0974223762751 -0.0211802087724 0.171457484365
      vertex 0.0979465469718 -0.0210477411747 0.171368345618
    endloop
  endfacet
  facet normal 0.097454868257 -0.674419701099 0.731888353825
    outer loop
      vertex 0.0987084060907 -0.0234053917229 0.173773884773
      vertex 0.0994922891259 -0.0237394273281 0.174249649048
      vertex 0.0987380221486 -0.0239097438753 0.174325481057
    endloop
  endfacet
  facet normal 0.0490199364722 -0.777713060379 0.626705229282
    outer loop
      vertex 0.0974268764257 -0.0205673985183 0.170948505402
      vertex 0.0983633995056 -0.0206579044461 0.171080470085
      vertex 0.0979465469718 -0.0210477411747 0.171368345618
    endloop
  endfacet
  facet normal -0.201657682657 -0.91426807642 0.351351737976
    outer loop
      vertex 0.0929347872734 -0.0187320224941 0.170292258263
      vertex 0.0922108069062 -0.0186243951321 0.170410588384
      vertex 0.0926760062575 -0.018112115562 0.170111104846
    endloop
  endfacet
  facet normal -0.542157888412 -0.731391310692 0.413680523634
    outer loop
      vertex 0.0871066153049 -0.0189721137285 0.173044025898
      vertex 0.0875009223819 -0.0193295180798 0.172953888774
      vertex 0.0869900733232 -0.019474459812 0.173414543271
    endloop
  endfacet
  facet normal -0.656342446804 -0.740208029747 0.145967945457
    outer loop
      vertex 0.0888853520155 -0.0161365307868 0.170130357146
      vertex 0.0883498340845 -0.0164920985699 0.170675322413
      vertex 0.0881190896034 -0.0154835106805 0.170681029558
    endloop
  endfacet
  facet normal -0.635057747364 -0.759489059448 0.140989229083
    outer loop
      vertex 0.0878225341439 -0.0165893733501 0.171134293079
      vertex 0.0881190896034 -0.0154835106805 0.170681029558
      vertex 0.0883498340845 -0.0164920985699 0.170675322413
    endloop
  endfacet
  facet normal -0.586010336876 -0.792744755745 0.167772546411
    outer loop
      vertex 0.0881190896034 -0.0154835106805 0.170681029558
      vertex 0.0878225341439 -0.0165893733501 0.171134293079
      vertex 0.0872991457582 -0.0158900693059 0.171373188496
    endloop
  endfacet
  facet normal -0.691591024399 -0.660673499107 0.29191160202
    outer loop
      vertex 0.0872991457582 -0.0158900693059 0.171373188496
      vertex 0.0878225341439 -0.0165893733501 0.171134293079
      vertex 0.0874257832766 -0.0169437937438 0.171706199646
    endloop
  endfacet
  facet normal -0.657244384289 -0.669927477837 0.345292598009
    outer loop
      vertex 0.0874257832766 -0.0169437937438 0.171706199646
      vertex 0.0878225341439 -0.0165893733501 0.171134293079
      vertex 0.0879230648279 -0.0172460712492 0.17137414217
    endloop
  endfacet
  facet normal -0.574230790138 -0.736759603024 0.356993436813
    outer loop
      vertex 0.0879230648279 -0.0172460712492 0.17137414217
      vertex 0.0878225341439 -0.0165893733501 0.171134293079
      vertex 0.0882704555988 -0.0170724242926 0.171019241214
    endloop
  endfacet
  facet normal -0.163022622466 -0.841818213463 0.514553844929
    outer loop
      vertex 0.0931765437126 -0.0194520018995 0.170607596636
      vertex 0.0935865864158 -0.0200604833663 0.170900121331
      vertex 0.0928850322962 -0.0200298652053 0.171017274261
    endloop
  endfacet
  facet normal 0.0582961030304 -0.731592655182 0.679244995117
    outer loop
      vertex 0.0992236062884 -0.0214467346668 0.171791791916
      vertex 0.0992950350046 -0.021990917623 0.172302722931
      vertex 0.0986617803574 -0.0216871276498 0.17197021842
    endloop
  endfacet
  facet normal 0.0425076596439 -0.750059962273 0.660002350807
    outer loop
      vertex 0.0979399308562 -0.0216251090169 0.171874731779
      vertex 0.0986533537507 -0.0211871229112 0.171529769897
      vertex 0.0986617803574 -0.0216871276498 0.17197021842
    endloop
  endfacet
  facet normal -0.516394793987 -0.74261534214 0.426449120045
    outer loop
      vertex 0.0871061906219 -0.0200893469155 0.173686906695
      vertex 0.0869900733232 -0.019474459812 0.173414543271
      vertex 0.0876557528973 -0.0201243124902 0.173324838281
    endloop
  endfacet
  facet normal 0.0802846029401 -0.795361578465 0.600794792175
    outer loop
      vertex 0.098942629993 -0.0204886719584 0.171009406447
      vertex 0.0987435951829 -0.0202532336116 0.170811474323
      vertex 0.0991649478674 -0.0201139263809 0.170748770237
    endloop
  endfacet
  facet normal 0.107375904918 -0.743920981884 0.659584701061
    outer loop
      vertex 0.0986897349358 -0.0199051313102 0.170495063066
      vertex 0.0991649478674 -0.0201139263809 0.170748770237
      vertex 0.0987435951829 -0.0202532336116 0.170811474323
    endloop
  endfacet
  facet normal 0.117446273565 -0.752897918224 0.647573232651
    outer loop
      vertex 0.0990516468883 -0.0197129920125 0.170386254787
      vertex 0.0991649478674 -0.0201139263809 0.170748770237
      vertex 0.0986897349358 -0.0199051313102 0.170495063066
    endloop
  endfacet
  facet normal 0.0977927222848 -0.751782953739 0.652118861675
    outer loop
      vertex 0.0990516468883 -0.0197129920125 0.170386254787
      vertex 0.0998727381229 -0.0198222175241 0.170587807894
      vertex 0.0991649478674 -0.0201139263809 0.170748770237
    endloop
  endfacet
  facet normal 0.0365435816348 -0.834812045097 0.549320816994
    outer loop
      vertex 0.0998727381229 -0.0198222175241 0.170587807894
      vertex 0.0995242521167 -0.0204442255199 0.1709818542
      vertex 0.0991649478674 -0.0201139263809 0.170748770237
    endloop
  endfacet
  facet normal -0.0079950792715 -0.81291872263 0.58232229948
    outer loop
      vertex 0.0995242521167 -0.0204442255199 0.1709818542
      vertex 0.0991717129946 -0.0206565782428 0.171137437224
      vertex 0.0991649478674 -0.0201139263809 0.170748770237
    endloop
  endfacet
  facet normal 0.0334063209593 -0.778964221478 0.626177847385
    outer loop
      vertex 0.0994590222836 -0.020921651274 0.171362832189
      vertex 0.0991717129946 -0.0206565782428 0.171137437224
      vertex 0.0995242521167 -0.0204442255199 0.1709818542
    endloop
  endfacet
  facet normal -0.189666226506 -0.862286448479 0.469562351704
    outer loop
      vertex 0.0925110504031 -0.0191120319068 0.170568853617
      vertex 0.0931765437126 -0.0194520018995 0.170607596636
      vertex 0.0925615131855 -0.019590023905 0.170818045735
    endloop
  endfacet
  facet normal -0.31638866663 -0.718368828297 0.619551837444
    outer loop
      vertex 0.0903124064207 -0.0214915499091 0.172953501344
      vertex 0.0898279771209 -0.0213528126478 0.173047199845
      vertex 0.0901541635394 -0.0209340155125 0.172542348504
    endloop
  endfacet
  facet normal 0.0423701778054 -0.778098464012 0.626711726189
    outer loop
      vertex 0.0995242521167 -0.0204442255199 0.1709818542
      vertex 0.10015424341 -0.0206493474543 0.171181365848
      vertex 0.0994590222836 -0.020921651274 0.171362832189
    endloop
  endfacet
  facet normal 0.0478158257902 -0.770549297333 0.635584294796
    outer loop
      vertex 0.10015424341 -0.0206493474543 0.171181365848
      vertex 0.0997177585959 -0.0212880149484 0.171681076288
      vertex 0.0994590222836 -0.020921651274 0.171362832189
    endloop
  endfacet
  facet normal -0.363775134087 -0.816331207752 0.448632389307
    outer loop
      vertex 0.08902554214 -0.017428342253 0.170792758465
      vertex 0.0888678953052 -0.0167231336236 0.170475438237
      vertex 0.0894178524613 -0.0169298499823 0.170343965292
    endloop
  endfacet
  facet normal 0.0343475155532 -0.766377270222 0.641471862793
    outer loop
      vertex 0.0994590222836 -0.020921651274 0.171362832189
      vertex 0.0997177585959 -0.0212880149484 0.171681076288
      vertex 0.0992236062884 -0.0214467346668 0.171791791916
    endloop
  endfacet
  facet normal -0.355613589287 -0.569313883781 0.741229176521
    outer loop
      vertex 0.0892493799329 -0.0224071778357 0.174463808537
      vertex 0.0899006277323 -0.0228410921991 0.17462195456
      vertex 0.0893407687545 -0.0229039005935 0.175053447485
    endloop
  endfacet
  facet normal 0.0999862328172 -0.714573502541 0.692378103733
    outer loop
      vertex 0.100530788302 -0.021333836019 0.171839237213
      vertex 0.099738240242 -0.0217198356986 0.172102361917
      vertex 0.0997177585959 -0.0212880149484 0.171681076288
    endloop
  endfacet
  facet normal 0.0563859529793 -0.76730453968 0.638799190521
    outer loop
      vertex 0.100530788302 -0.021333836019 0.171839237213
      vertex 0.10009803623 -0.0220009833574 0.172362864017
      vertex 0.099738240242 -0.0217198356986 0.172102361917
    endloop
  endfacet
  facet normal 0.13510504365 -0.734981060028 0.664491891861
    outer loop
      vertex 0.100530788302 -0.021333836019 0.171839237213
      vertex 0.10087120533 -0.0221724510193 0.172660008073
      vertex 0.10009803623 -0.0220009833574 0.172362864017
    endloop
  endfacet
  facet normal 0.0945309773088 -0.670560777187 0.7358071208
    outer loop
      vertex 0.10009803623 -0.0220009833574 0.172362864017
      vertex 0.10087120533 -0.0221724510193 0.172660008073
      vertex 0.0999077707529 -0.0224565844983 0.172835960984
    endloop
  endfacet
  facet normal 0.0843623429537 -0.693479418755 0.715520322323
    outer loop
      vertex 0.0999077707529 -0.0224565844983 0.172835960984
      vertex 0.10087120533 -0.0221724510193 0.172660008073
      vertex 0.100599750876 -0.0226549245417 0.173124790192
    endloop
  endfacet
  facet normal 0.0480629727244 -0.641127288342 0.765928030014
    outer loop
      vertex 0.0997203588486 -0.0229060985148 0.173358932137
      vertex 0.0999077707529 -0.0224565844983 0.172835960984
      vertex 0.100599750876 -0.0226549245417 0.173124790192
    endloop
  endfacet
  facet normal 0.0557125248015 -0.775995373726 0.628273248672
    outer loop
      vertex 0.0986533537507 -0.0211871229112 0.171529769897
      vertex 0.0983633995056 -0.0206579044461 0.171080470085
      vertex 0.0991717129946 -0.0206565782428 0.171137437224
    endloop
  endfacet
  facet normal -0.0592813827097 -0.956904411316 0.28428798914
    outer loop
      vertex 0.0970812886953 -0.0184255577624 0.169816419482
      vertex 0.0971753448248 -0.0192545838654 0.170056894422
      vertex 0.096720546484 -0.0189222171903 0.169986322522
    endloop
  endfacet
  facet normal -0.133251845837 -0.923999547958 0.358425408602
    outer loop
      vertex 0.0963850542903 -0.0193585045636 0.17020393908
      vertex 0.0962624028325 -0.0186044350266 0.169929116964
      vertex 0.096720546484 -0.0189222171903 0.169986322522
    endloop
  endfacet
  facet normal 0.0304012764245 -0.665824472904 0.74548882246
    outer loop
      vertex 0.0981523394585 -0.0241071879864 0.174492314458
      vertex 0.0975584089756 -0.0240524224937 0.174403876066
      vertex 0.0978834927082 -0.0236650258303 0.173984974623
    endloop
  endfacet
  facet normal 0.0312651582062 -0.671258687973 0.740563452244
    outer loop
      vertex 0.097101829946 -0.0234101712704 0.173667401075
      vertex 0.0978272557259 -0.0231486111879 0.173412621021
      vertex 0.0978834927082 -0.0236650258303 0.173984974623
    endloop
  endfacet
  facet normal -0.366649329662 -0.654603898525 0.661106646061
    outer loop
      vertex 0.0894723907113 -0.0220363214612 0.173902735114
      vertex 0.0887558981776 -0.0217643957585 0.174029424787
      vertex 0.0892769545317 -0.021405223757 0.173374831676
    endloop
  endfacet
  facet normal -0.160537272692 -0.62596976757 0.763144612312
    outer loop
      vertex 0.0933689698577 -0.0233919806778 0.173978388309
      vertex 0.0929432660341 -0.0237129032612 0.174478814006
      vertex 0.0925095677376 -0.0232597999275 0.174037650228
    endloop
  endfacet
  facet normal -0.0407213456929 -0.728425979614 0.683913230896
    outer loop
      vertex 0.099292576313 -0.0242732390761 0.174767330289
      vertex 0.100150063634 -0.0253437310457 0.175724461675
      vertex 0.0987495183945 -0.0247700661421 0.175264149904
    endloop
  endfacet
  facet normal -0.0484002456069 -0.718034684658 0.694322407246
    outer loop
      vertex 0.100150063634 -0.0253437310457 0.175724461675
      vertex 0.0989798381925 -0.0258077122271 0.176252007484
      vertex 0.0987495183945 -0.0247700661421 0.175264149904
    endloop
  endfacet
  facet normal -0.0537287145853 -0.724017620087 0.687685728073
    outer loop
      vertex 0.100150063634 -0.0253437310457 0.175724461675
      vertex 0.0994864404202 -0.0264748632908 0.176848083735
      vertex 0.0989798381925 -0.0258077122271 0.176252007484
    endloop
  endfacet
  facet normal -0.132466301322 -0.687043070793 0.714439988136
    outer loop
      vertex 0.0989798381925 -0.0258077122271 0.176252007484
      vertex 0.0994864404202 -0.0264748632908 0.176848083735
      vertex 0.0985803678632 -0.0263671353459 0.176910758018
    endloop
  endfacet
  facet normal -0.125894263387 -0.791052341461 0.598654150963
    outer loop
      vertex 0.0991368815303 -0.0275167524815 0.177692204714
      vertex 0.0985803678632 -0.0263671353459 0.176910758018
      vertex 0.0994864404202 -0.0264748632908 0.176848083735
    endloop
  endfacet
  facet normal -0.185473844409 -0.768609642982 0.612240672112
    outer loop
      vertex 0.0991368815303 -0.0275167524815 0.177692204714
      vertex 0.0975187420845 -0.0266585033387 0.177399024367
      vertex 0.0985803678632 -0.0263671353459 0.176910758018
    endloop
  endfacet
  facet normal -0.228411734104 -0.704965114594 0.671455323696
    outer loop
      vertex 0.0991368815303 -0.0275167524815 0.177692204714
      vertex 0.0966781824827 -0.027555692941 0.178525924683
      vertex 0.0975187420845 -0.0266585033387 0.177399024367
    endloop
  endfacet
  facet normal -0.270576328039 -0.821400880814 0.502084732056
    outer loop
      vertex 0.0991368815303 -0.0275167524815 0.177692204714
      vertex 0.0983494222164 -0.0291503444314 0.178950130939
      vertex 0.0966781824827 -0.027555692941 0.178525924683
    endloop
  endfacet
  facet normal -0.110643476248 -0.812518239021 0.572339177132
    outer loop
      vertex 0.100647367537 -0.028032541275 0.177849829197
      vertex 0.0983494222164 -0.0291503444314 0.178950130939
      vertex 0.0991368815303 -0.0275167524815 0.177692204714
    endloop
  endfacet
  facet normal -0.359251886606 -0.73696410656 0.572557389736
    outer loop
      vertex 0.0966289713979 -0.0286214724183 0.179377928376
      vertex 0.0966781824827 -0.027555692941 0.178525924683
      vertex 0.0983494222164 -0.0291503444314 0.178950130939
    endloop
  endfacet
  facet normal -0.260903209448 -0.759875833988 0.595414400101
    outer loop
      vertex 0.0966781824827 -0.027555692941 0.178525924683
      vertex 0.0966289713979 -0.0286214724183 0.179377928376
      vertex 0.0951382368803 -0.0284037217498 0.179719150066
    endloop
  endfacet
  facet normal -0.260317146778 -0.869792580605 0.419160872698
    outer loop
      vertex 0.0954911112785 -0.0309295617044 0.18083076179
      vertex 0.0951382368803 -0.0284037217498 0.179719150066
      vertex 0.0966289713979 -0.0286214724183 0.179377928376
    endloop
  endfacet
  facet normal -0.372539073229 -0.829088747501 0.416925102472
    outer loop
      vertex 0.0954911112785 -0.0309295617044 0.18083076179
      vertex 0.0927657410502 -0.0285444073379 0.180855944753
      vertex 0.0951382368803 -0.0284037217498 0.179719150066
    endloop
  endfacet
  facet normal -0.307204812765 -0.888201594353 0.341647744179
    outer loop
      vertex 0.0927657410502 -0.0285444073379 0.180855944753
      vertex 0.0954911112785 -0.0309295617044 0.18083076179
      vertex 0.09234944731 -0.0306117795408 0.18179513514
    endloop
  endfacet
  facet normal -0.306880265474 -0.88135188818 0.359225958586
    outer loop
      vertex 0.0926333218813 -0.0325887612998 0.182502090931
      vertex 0.09234944731 -0.0306117795408 0.18179513514
      vertex 0.0954911112785 -0.0309295617044 0.18083076179
    endloop
  endfacet
  facet normal -0.209280878305 -0.910844504833 0.355758100748
    outer loop
      vertex 0.09234944731 -0.0306117795408 0.18179513514
      vertex 0.0926333218813 -0.0325887612998 0.182502090931
      vertex 0.0908180400729 -0.0312974154949 0.182414799929
    endloop
  endfacet
  facet normal -0.196584776044 -0.920186698437 0.338542282581
    outer loop
      vertex 0.0906413644552 -0.0329907312989 0.183075532317
      vertex 0.0908180400729 -0.0312974154949 0.182414799929
      vertex 0.0926333218813 -0.0325887612998 0.182502090931
    endloop
  endfacet
  facet normal -0.0742240324616 -0.931621134281 0.355770856142
    outer loop
      vertex 0.0908180400729 -0.0312974154949 0.182414799929
      vertex 0.0906413644552 -0.0329907312989 0.183075532317
      vertex 0.0894269868731 -0.0312131233513 0.182493448257
    endloop
  endfacet
  facet normal 0.0130556104705 -0.9528683424 0.303102999926
    outer loop
      vertex 0.0906413644552 -0.0329907312989 0.183075532317
      vertex 0.0889105498791 -0.0327122211456 0.182963222265
      vertex 0.0894269868731 -0.0312131233513 0.182493448257
    endloop
  endfacet
  facet normal -0.00403891643509 -0.918471038342 0.395467638969
    outer loop
      vertex 0.0906413644552 -0.0329907312989 0.183075532317
      vertex 0.0892160311341 -0.0334744676948 0.183290079236
      vertex 0.0889105498791 -0.0327122211456 0.182963222265
    endloop
  endfacet
  facet normal 0.0180039610714 -0.893237054348 0.449225336313
    outer loop
      vertex 0.0906413644552 -0.0329907312989 0.183075532317
      vertex 0.0896159857512 -0.0341854840517 0.183655723929
      vertex 0.0892160311341 -0.0334744676948 0.183290079236
    endloop
  endfacet
  facet normal -0.0900783091784 -0.924076497555 0.371441185474
    outer loop
      vertex 0.0910178571939 -0.0341433398426 0.183502137661
      vertex 0.0896159857512 -0.0341854840517 0.183655723929
      vertex 0.0906413644552 -0.0329907312989 0.183075532317
    endloop
  endfacet
  facet normal -0.0722307786345 -0.816451013088 0.572879076004
    outer loop
      vertex 0.0910178571939 -0.0341433398426 0.183502137661
      vertex 0.0900855958462 -0.0346962101758 0.183972537518
      vertex 0.0896159857512 -0.0341854840517 0.183655723929
    endloop
  endfacet
  facet normal -0.0618521682918 -0.809226095676 0.584232389927
    outer loop
      vertex 0.0912782549858 -0.034706659615 0.183888927102
      vertex 0.0900855958462 -0.0346962101758 0.183972537518
      vertex 0.0910178571939 -0.0341433398426 0.183502137661
    endloop
  endfacet
  facet normal -0.061853107065 -0.80924230814 0.584209799767
    outer loop
      vertex 0.0912782549858 -0.034706659615 0.183888927102
      vertex 0.0904753133655 -0.0355412550271 0.184552803636
      vertex 0.0900855958462 -0.0346962101758 0.183972537518
    endloop
  endfacet
  facet normal -0.254432916641 -0.861103355885 0.440187364817
    outer loop
      vertex 0.0923857018352 -0.0355561859906 0.183995977044
      vertex 0.0904753133655 -0.0355412550271 0.184552803636
      vertex 0.0912782549858 -0.034706659615 0.183888927102
    endloop
  endfacet
  facet normal -0.254412353039 -0.86102861166 0.440345436335
    outer loop
      vertex 0.0923857018352 -0.0355561859906 0.183995977044
      vertex 0.0915831923485 -0.0363906659186 0.184659868479
      vertex 0.0904753133655 -0.0355412550271 0.184552803636
    endloop
  endfacet
  facet normal -0.323632061481 -0.867123961449 0.378626942635
    outer loop
      vertex 0.0923857018352 -0.0355561859906 0.183995977044
      vertex 0.0933443754911 -0.0373422913253 0.184418067336
      vertex 0.0915831923485 -0.0363906659186 0.184659868479
    endloop
  endfacet
  facet normal -0.408634215593 -0.814509034157 0.411816865206
    outer loop
      vertex 0.0942166596651 -0.0349874608219 0.182789847255
      vertex 0.0933443754911 -0.0373422913253 0.184418067336
      vertex 0.0923857018352 -0.0355561859906 0.183995977044
    endloop
  endfacet
  facet normal -0.44984421134 -0.803851425648 0.389182597399
    outer loop
      vertex 0.0942166596651 -0.0349874608219 0.182789847255
      vertex 0.0958739891648 -0.0376755818725 0.183163836598
      vertex 0.0933443754911 -0.0373422913253 0.184418067336
    endloop
  endfacet
  facet normal -0.532261550426 -0.729453623295 0.429645299911
    outer loop
      vertex 0.0965690016747 -0.0363123454154 0.181853756309
      vertex 0.0958739891648 -0.0376755818725 0.183163836598
      vertex 0.0942166596651 -0.0349874608219 0.182789847255
    endloop
  endfacet
  facet normal -0.190239965916 -0.939331293106 0.285421580076
    outer loop
      vertex 0.0965690016747 -0.0363123454154 0.181853756309
      vertex 0.100252181292 -0.0351229868829 0.180746421218
      vertex 0.101164154708 -0.0384565405548 0.181574642658
    endloop
  endfacet
  facet normal -0.42239844799 -0.751474678516 0.506818830967
    outer loop
      vertex 0.0965690016747 -0.0363123454154 0.181853756309
      vertex 0.0993212386966 -0.0393721051514 0.182370349765
      vertex 0.0958739891648 -0.0376755818725 0.183163836598
    endloop
  endfacet
  facet normal -0.130298420787 -0.93781298399 0.32175937295
    outer loop
      vertex 0.103795513511 -0.0363062508404 0.18066008389
      vertex 0.100252181292 -0.0351229868829 0.180746421218
      vertex 0.10152990371 -0.0322458259761 0.17958176136
    endloop
  endfacet
  facet normal -0.411631554365 -0.890085935593 0.195720344782
    outer loop
      vertex 0.0965690016747 -0.0363123454154 0.181853756309
      vertex 0.0959277451038 -0.0339950658381 0.181640774012
      vertex 0.0977979078889 -0.0320041887462 0.1803381145
    endloop
  endfacet
  facet normal -0.208087831736 -0.935302376747 0.28619736433
    outer loop
      vertex 0.10152990371 -0.0322458259761 0.17958176136
      vertex 0.100252181292 -0.0351229868829 0.180746421218
      vertex 0.0977979078889 -0.0320041887462 0.1803381145
    endloop
  endfacet
  facet normal -0.206970736384 -0.894946634769 0.395263999701
    outer loop
      vertex 0.10152990371 -0.0322458259761 0.17958176136
      vertex 0.0977979078889 -0.0320041887462 0.1803381145
      vertex 0.0983494222164 -0.0291503444314 0.178950130939
    endloop
  endfacet
  facet normal -0.193951591849 -0.941422402859 0.275874376297
    outer loop
      vertex 0.0965690016747 -0.0363123454154 0.181853756309
      vertex 0.0977979078889 -0.0320041887462 0.1803381145
      vertex 0.100252181292 -0.0351229868829 0.180746421218
    endloop
  endfacet
  facet normal -0.112998254597 -0.956606030464 0.268582075834
    outer loop
      vertex 0.103795513511 -0.0363062508404 0.18066008389
      vertex 0.101164154708 -0.0384565405548 0.181574642658
      vertex 0.100252181292 -0.0351229868829 0.180746421218
    endloop
  endfacet
  facet normal -0.325176090002 -0.901809632778 0.284604728222
    outer loop
      vertex 0.0977979078889 -0.0320041887462 0.1803381145
      vertex 0.0959277451038 -0.0339950658381 0.181640774012
      vertex 0.0954911112785 -0.0309295617044 0.18083076179
    endloop
  endfacet
  facet normal -0.218933790922 -0.910552084446 0.35066062212
    outer loop
      vertex 0.0965690016747 -0.0363123454154 0.181853756309
      vertex 0.101164154708 -0.0384565405548 0.181574642658
      vertex 0.0993212386966 -0.0393721051514 0.182370349765
    endloop
  endfacet
  facet normal -0.195804700255 -0.90043669939 0.388425379992
    outer loop
      vertex 0.101164154708 -0.0384565405548 0.181574642658
      vertex 0.101478412747 -0.0415361747146 0.182834789157
      vertex 0.0993212386966 -0.0393721051514 0.182370349765
    endloop
  endfacet
  facet normal -0.113880038261 -0.915368676186 0.386175483465
    outer loop
      vertex 0.104844339192 -0.0390540957451 0.181368887424
      vertex 0.101478412747 -0.0415361747146 0.182834789157
      vertex 0.101164154708 -0.0384565405548 0.181574642658
    endloop
  endfacet
  facet normal -0.0327663235366 -0.879409909248 0.474936336279
    outer loop
      vertex 0.101478412747 -0.0415361747146 0.182834789157
      vertex 0.104844339192 -0.0390540957451 0.181368887424
      vertex 0.1052037552 -0.0413417443633 0.182590976357
    endloop
  endfacet
  facet normal -0.0259450953454 -0.834889411926 0.549805939198
    outer loop
      vertex 0.103843741119 -0.0432389006019 0.183882579207
      vertex 0.101478412747 -0.0415361747146 0.182834789157
      vertex 0.1052037552 -0.0413417443633 0.182590976357
    endloop
  endfacet
  facet normal -0.289853602648 -0.581264257431 0.760339915752
    outer loop
      vertex 0.103843741119 -0.0432389006019 0.183882579207
      vertex 0.102517850697 -0.043895021081 0.185402020812
      vertex 0.101478412747 -0.0415361747146 0.182834789157
    endloop
  endfacet
  facet normal -0.141862541437 -0.494170725346 0.857712268829
    outer loop
      vertex 0.104890502989 -0.0439470484853 0.184811189771
      vertex 0.102517850697 -0.043895021081 0.185402020812
      vertex 0.103843741119 -0.0432389006019 0.183882579207
    endloop
  endfacet
  facet normal -0.100018002093 -0.318655371666 0.942578971386
    outer loop
      vertex 0.104890502989 -0.0439470484853 0.184811189771
      vertex 0.104353092611 -0.0447188317776 0.187262803316
      vertex 0.102517850697 -0.043895021081 0.185402020812
    endloop
  endfacet
  facet normal 0.00210355268791 -0.299859046936 0.953981220722
    outer loop
      vertex 0.104890502989 -0.0439470484853 0.184811189771
      vertex 0.106638364494 -0.0440600588918 0.185182988644
      vertex 0.104353092611 -0.0447188317776 0.187262803316
    endloop
  endfacet
  facet normal 0.0423065200448 -0.467308074236 0.88308173418
    outer loop
      vertex 0.106638364494 -0.0440600588918 0.185182988644
      vertex 0.104890502989 -0.0439470484853 0.184811189771
      vertex 0.105455949903 -0.0434748008847 0.183969974518
    endloop
  endfacet
  facet normal 0.0625245347619 -0.482477068901 0.873674154282
    outer loop
      vertex 0.107991866767 -0.043398424983 0.184160292149
      vertex 0.106638364494 -0.0440600588918 0.185182988644
      vertex 0.105455949903 -0.0434748008847 0.183969974518
    endloop
  endfacet
  facet normal 0.188718423247 -0.345055162907 0.919414103031
    outer loop
      vertex 0.108249902725 -0.0442729890347 0.18663173914
      vertex 0.106638364494 -0.0440600588918 0.185182988644
      vertex 0.107991866767 -0.043398424983 0.184160292149
    endloop
  endfacet
  facet normal 0.0823268890381 -0.340092748404 0.936781287193
    outer loop
      vertex 0.107991866767 -0.043398424983 0.184160292149
      vertex 0.110753528774 -0.0436250194907 0.185452967882
      vertex 0.108249902725 -0.0442729890347 0.18663173914
    endloop
  endfacet
  facet normal 0.310549020767 -0.762863576412 0.567096531391
    outer loop
      vertex 0.110753528774 -0.0436250194907 0.185452967882
      vertex 0.107991866767 -0.043398424983 0.184160292149
      vertex 0.110009327531 -0.0406745895743 0.182956725359
    endloop
  endfacet
  facet normal 0.183442831039 -0.144853204489 0.972299456596
    outer loop
      vertex 0.111173704267 -0.0439274087548 0.188014820218
      vertex 0.108249902725 -0.0442729890347 0.18663173914
      vertex 0.110753528774 -0.0436250194907 0.185452967882
    endloop
  endfacet
  facet normal 0.0704100802541 0.0991626605392 0.992577016354
    outer loop
      vertex 0.10741571337 -0.0440729260445 0.189226597548
      vertex 0.108249902725 -0.0442729890347 0.18663173914
      vertex 0.111173704267 -0.0439274087548 0.188014820218
    endloop
  endfacet
  facet normal 0.131752923131 0.118237525225 0.984205782413
    outer loop
      vertex 0.10741571337 -0.0440729260445 0.189226597548
      vertex 0.104353092611 -0.0447188317776 0.187262803316
      vertex 0.108249902725 -0.0442729890347 0.18663173914
    endloop
  endfacet
  facet normal -0.0275307465345 0.350806057453 0.936043381691
    outer loop
      vertex 0.10741571337 -0.0440729260445 0.189226597548
      vertex 0.105665422976 -0.043432995677 0.190796732903
      vertex 0.104353092611 -0.0447188317776 0.187262803316
    endloop
  endfacet
  facet normal 0.10458444804 0.473108768463 0.874774336815
    outer loop
      vertex 0.10741571337 -0.0440729260445 0.189226597548
      vertex 0.109447397292 -0.0425152480602 0.191657617688
      vertex 0.105665422976 -0.043432995677 0.190796732903
    endloop
  endfacet
  facet normal 0.0339267067611 0.655359625816 0.754554688931
    outer loop
      vertex 0.105665422976 -0.043432995677 0.190796732903
      vertex 0.109447397292 -0.0425152480602 0.191657617688
      vertex 0.106193073094 -0.0413093492389 0.193214505911
    endloop
  endfacet
  facet normal 0.0833600088954 0.713269114494 0.695915460587
    outer loop
      vertex 0.109447397292 -0.0425152480602 0.191657617688
      vertex 0.110957831144 -0.0397989936173 0.19413125515
      vertex 0.106193073094 -0.0413093492389 0.193214505911
    endloop
  endfacet
  facet normal -0.0959100648761 0.761918365955 0.640532314777
    outer loop
      vertex 0.11525721848 -0.0417574942112 0.193025976419
      vertex 0.110957831144 -0.0397989936173 0.19413125515
      vertex 0.109447397292 -0.0425152480602 0.191657617688
    endloop
  endfacet
  facet normal -0.000714196357876 0.870215296745 0.492671072483
    outer loop
      vertex 0.110957831144 -0.0397989936173 0.19413125515
      vertex 0.11525721848 -0.0417574942112 0.193025976419
      vertex 0.11331204325 -0.0379412248731 0.195184960961
    endloop
  endfacet
  facet normal -0.06655947119 0.853521645069 0.516788780689
    outer loop
      vertex 0.11331204325 -0.0379412248731 0.195184960961
      vertex 0.11525721848 -0.0417574942112 0.193025976419
      vertex 0.116147227585 -0.0378166139126 0.19548150897
    endloop
  endfacet
  facet normal -0.2627376616 0.844424247742 0.46681535244
    outer loop
      vertex 0.116147227585 -0.0378166139126 0.19548150897
      vertex 0.11525721848 -0.0417574942112 0.193025976419
      vertex 0.118667468429 -0.0401555933058 0.194972619414
    endloop
  endfacet
  facet normal -0.109625339508 0.739028573036 0.664694726467
    outer loop
      vertex 0.11525721848 -0.0417574942112 0.193025976419
      vertex 0.119382254779 -0.044011130929 0.191610917449
      vertex 0.118667468429 -0.0401555933058 0.194972619414
    endloop
  endfacet
  facet normal -0.298473507166 0.460926115513 0.835739612579
    outer loop
      vertex 0.119382254779 -0.044011130929 0.191610917449
      vertex 0.11525721848 -0.0417574942112 0.193025976419
      vertex 0.116694144905 -0.0439917221665 0.189905419946
    endloop
  endfacet
  facet normal -0.122168600559 0.539979457855 0.832764685154
    outer loop
      vertex 0.113633841276 -0.0435830950737 0.189843222499
      vertex 0.116694144905 -0.0439917221665 0.189905419946
      vertex 0.11525721848 -0.0417574942112 0.193025976419
    endloop
  endfacet
  facet normal -0.133787989616 0.11962235719 0.983763813972
    outer loop
      vertex 0.113633841276 -0.0435830950737 0.189843222499
      vertex 0.114108145237 -0.0438874438405 0.187870755792
      vertex 0.116694144905 -0.0439917221665 0.189905419946
    endloop
  endfacet
  facet normal 0.0211747810245 0.157431408763 0.987302899361
    outer loop
      vertex 0.114108145237 -0.0438874438405 0.187870755792
      vertex 0.113633841276 -0.0435830950737 0.189843222499
      vertex 0.111173704267 -0.0439274087548 0.188014820218
    endloop
  endfacet
  facet normal -0.103313051164 0.316573232412 0.942925155163
    outer loop
      vertex 0.111173704267 -0.0439274087548 0.188014820218
      vertex 0.113633841276 -0.0435830950737 0.189843222499
      vertex 0.109447397292 -0.0425152480602 0.191657617688
    endloop
  endfacet
  facet normal 0.0516697987914 -0.116504244506 0.99184525013
    outer loop
      vertex 0.117074422538 -0.0434640049934 0.185581415892
      vertex 0.116694144905 -0.0439917221665 0.189905419946
      vertex 0.114108145237 -0.0438874438405 0.187870755792
    endloop
  endfacet
  facet normal -0.12514474988 0.186155930161 0.974517703056
    outer loop
      vertex 0.119382254779 -0.044011130929 0.191610917449
      vertex 0.116694144905 -0.0439917221665 0.189905419946
      vertex 0.120002746582 -0.0449272692204 0.187232106924
    endloop
  endfacet
  facet normal -0.340570271015 0.146065279841 0.92880398035
    outer loop
      vertex 0.120002746582 -0.0449272692204 0.187232106924
      vertex 0.122659035027 -0.0453001782298 0.191054329276
      vertex 0.119382254779 -0.044011130929 0.191610917449
    endloop
  endfacet
  facet normal -0.192871704698 0.622029781342 0.758867204189
    outer loop
      vertex 0.121283821762 -0.0425694584846 0.193959355354
      vertex 0.119382254779 -0.044011130929 0.191610917449
      vertex 0.122659035027 -0.0453001782298 0.191054329276
    endloop
  endfacet
  facet normal -0.284025967121 0.581883013248 0.762063920498
    outer loop
      vertex 0.125924631953 -0.0443186983466 0.193933710456
      vertex 0.121283821762 -0.0425694584846 0.193959355354
      vertex 0.122659035027 -0.0453001782298 0.191054329276
    endloop
  endfacet
  facet normal -0.150553062558 0.898387014866 0.412594944239
    outer loop
      vertex 0.125388607383 -0.0395513810217 0.196033328772
      vertex 0.121283821762 -0.0425694584846 0.193959355354
      vertex 0.125924631953 -0.0443186983466 0.193933710456
    endloop
  endfacet
  facet normal -0.197029262781 0.912320137024 0.35895884037
    outer loop
      vertex 0.125388607383 -0.0395513810217 0.196033328772
      vertex 0.12236815691 -0.0375124923885 0.196183234453
      vertex 0.121283821762 -0.0425694584846 0.193959355354
    endloop
  endfacet
  facet normal 0.0585292205215 0.998196899891 -0.0133163891733
    outer loop
      vertex 0.125665575266 -0.0345111861825 0.195949852467
      vertex 0.12236815691 -0.0375124923885 0.196183234453
      vertex 0.125388607383 -0.0395513810217 0.196033328772
    endloop
  endfacet
  facet normal -0.0464091412723 0.990684628487 -0.12802387774
    outer loop
      vertex 0.125665575266 -0.0345111861825 0.195949852467
      vertex 0.123561382294 -0.0323024466634 0.195565849543
      vertex 0.12236815691 -0.0375124923885 0.196183234453
    endloop
  endfacet
  facet normal 0.326848298311 0.828143537045 -0.455355376005
    outer loop
      vertex 0.125665575266 -0.0345111861825 0.195949852467
      vertex 0.126967802644 -0.031379994005 0.19371420145
      vertex 0.123561382294 -0.0323024466634 0.195565849543
    endloop
  endfacet
  facet normal 0.169065058231 0.834029316902 -0.525178134441
    outer loop
      vertex 0.126967802644 -0.031379994005 0.19371420145
      vertex 0.125665575266 -0.0345111861825 0.195949852467
      vertex 0.128844454885 -0.0338640250266 0.194897949696
    endloop
  endfacet
  facet normal 0.195638433099 0.869848012924 -0.452868670225
    outer loop
      vertex 0.128162875772 -0.0359581559896 0.196141511202
      vertex 0.128844454885 -0.0338640250266 0.194897949696
      vertex 0.125665575266 -0.0345111861825 0.195949852467
    endloop
  endfacet
  facet normal 0.268773853779 0.86406069994 -0.425628662109
    outer loop
      vertex 0.128844454885 -0.0338640250266 0.194897949696
      vertex 0.128162875772 -0.0359581559896 0.196141511202
      vertex 0.130476877093 -0.0349504835904 0.194925352931
    endloop
  endfacet
  facet normal 0.204884588718 0.825534939766 -0.525846362114
    outer loop
      vertex 0.131065562367 -0.0366408079863 0.195855945349
      vertex 0.130476877093 -0.0349504835904 0.194925352931
      vertex 0.128162875772 -0.0359581559896 0.196141511202
    endloop
  endfacet
  facet normal 0.289731919765 0.792227268219 -0.537058055401
    outer loop
      vertex 0.130476877093 -0.0349504835904 0.194925352931
      vertex 0.131065562367 -0.0366408079863 0.195855945349
      vertex 0.131653174758 -0.0349260233343 0.194478571415
    endloop
  endfacet
  facet normal 0.305266231298 0.790768742561 -0.530563235283
    outer loop
      vertex 0.131653174758 -0.0349260233343 0.194478571415
      vertex 0.131065562367 -0.0366408079863 0.195855945349
      vertex 0.133350148797 -0.0360979214311 0.194609761238
    endloop
  endfacet
  facet normal 0.39664876461 0.863213896751 -0.312300413847
    outer loop
      vertex 0.131065562367 -0.0366408079863 0.195855945349
      vertex 0.132046535611 -0.0396541692317 0.196495383978
      vertex 0.133350148797 -0.0360979214311 0.194609761238
    endloop
  endfacet
  facet normal 0.16943949461 0.951427221298 -0.257053405046
    outer loop
      vertex 0.132046535611 -0.0396541692317 0.196495383978
      vertex 0.131065562367 -0.0366408079863 0.195855945349
      vertex 0.129821792245 -0.0379954315722 0.19644343853
    endloop
  endfacet
  facet normal -0.111020497978 0.986788094044 0.117998845875
    outer loop
      vertex 0.129821792245 -0.0379954315722 0.19644343853
      vertex 0.129241704941 -0.0426962450147 0.19581605494
      vertex 0.132046535611 -0.0396541692317 0.196495383978
    endloop
  endfacet
  facet normal -0.0472976788878 0.990850567818 0.12640440464
    outer loop
      vertex 0.129241704941 -0.0426962450147 0.19581605494
      vertex 0.129821792245 -0.0379954315722 0.19644343853
      vertex 0.125388607383 -0.0395513810217 0.196033328772
    endloop
  endfacet
  facet normal -0.111520558596 0.992169976234 -0.0562304966152
    outer loop
      vertex 0.125388607383 -0.0395513810217 0.196033328772
      vertex 0.129821792245 -0.0379954315722 0.19644343853
      vertex 0.128162875772 -0.0359581559896 0.196141511202
    endloop
  endfacet
  facet normal -0.129190504551 0.986445426941 0.10116943717
    outer loop
      vertex 0.129241704941 -0.0426962450147 0.19581605494
      vertex 0.132612884045 -0.0422799289227 0.196300268173
      vertex 0.132046535611 -0.0396541692317 0.196495383978
    endloop
  endfacet
  facet normal -0.0785008072853 0.905359685421 0.41732659936
    outer loop
      vertex 0.132612884045 -0.0422799289227 0.196300268173
      vertex 0.129241704941 -0.0426962450147 0.19581605494
      vertex 0.130693554878 -0.0453837886453 0.194703117013
    endloop
  endfacet
  facet normal -0.224434524775 0.851517021656 0.473864883184
    outer loop
      vertex 0.130693554878 -0.0453837886453 0.194703117013
      vertex 0.129241704941 -0.0426962450147 0.19581605494
      vertex 0.128746464849 -0.0451491549611 0.194320484996
    endloop
  endfacet
  facet normal -0.253300100565 0.847858309746 0.46580606699
    outer loop
      vertex 0.129241704941 -0.0426962450147 0.19581605494
      vertex 0.125924631953 -0.0443186983466 0.193933710456
      vertex 0.128746464849 -0.0451491549611 0.194320484996
    endloop
  endfacet
  facet normal -0.280837595463 0.742081403732 0.608642280102
    outer loop
      vertex 0.12798550725 -0.0464673787355 0.192951321602
      vertex 0.128746464849 -0.0451491549611 0.194320484996
      vertex 0.125924631953 -0.0443186983466 0.193933710456
    endloop
  endfacet
  facet normal -0.338769704103 0.743459105492 0.576631247997
    outer loop
      vertex 0.12798550725 -0.0464673787355 0.192951321602
      vertex 0.129670336843 -0.0472350120544 0.193123668432
      vertex 0.128746464849 -0.0451491549611 0.194320484996
    endloop
  endfacet
  facet normal -0.352201282978 0.705895662308 0.614545047283
    outer loop
      vertex 0.129670336843 -0.0472350120544 0.193123668432
      vertex 0.12798550725 -0.0464673787355 0.192951321602
      vertex 0.129100114107 -0.0482830032706 0.191926792264
    endloop
  endfacet
  facet normal -0.540755689144 0.545875966549 0.640002131462
    outer loop
      vertex 0.12701100111 -0.0476663783193 0.19058021903
      vertex 0.129100114107 -0.0482830032706 0.191926792264
      vertex 0.12798550725 -0.0464673787355 0.192951321602
    endloop
  endfacet
  facet normal -0.484912097454 0.395003736019 0.780277073383
    outer loop
      vertex 0.129100114107 -0.0482830032706 0.191926792264
      vertex 0.12701100111 -0.0476663783193 0.19058021903
      vertex 0.12908706069 -0.0488911122084 0.190709516406
    endloop
  endfacet
  facet normal -0.509212434292 0.151837259531 0.84714114666
    outer loop
      vertex 0.128209590912 -0.0487321615219 0.188653632998
      vertex 0.12908706069 -0.0488911122084 0.190709516406
      vertex 0.12701100111 -0.0476663783193 0.19058021903
    endloop
  endfacet
  facet normal -0.576984703541 0.0901056528091 0.811769425869
    outer loop
      vertex 0.12701100111 -0.0476663783193 0.19058021903
      vertex 0.12657995522 -0.0476617887616 0.187861427665
      vertex 0.128209590912 -0.0487321615219 0.188653632998
    endloop
  endfacet
  facet normal -0.522367537022 0.081384010613 0.848827898502
    outer loop
      vertex 0.12701100111 -0.0476663783193 0.19058021903
      vertex 0.125243917108 -0.0465392693877 0.190993741155
      vertex 0.12657995522 -0.0476617887616 0.187861427665
    endloop
  endfacet
  facet normal -0.451078921556 0.124317891896 0.883783280849
    outer loop
      vertex 0.12657995522 -0.0476617887616 0.187861427665
      vertex 0.125243917108 -0.0465392693877 0.190993741155
      vertex 0.123680599034 -0.0461962223053 0.18776011467
    endloop
  endfacet
  facet normal -0.427443414927 0.111473895609 0.897143065929
    outer loop
      vertex 0.125243917108 -0.0465392693877 0.190993741155
      vertex 0.122659035027 -0.0453001782298 0.191054329276
      vertex 0.123680599034 -0.0461962223053 0.18776011467
    endloop
  endfacet
  facet normal -0.461113810539 0.400510489941 0.791811466217
    outer loop
      vertex 0.129100114107 -0.0482830032706 0.191926792264
      vertex 0.12908706069 -0.0488911122084 0.190709516406
      vertex 0.130013823509 -0.0486919656396 0.192170232534
    endloop
  endfacet
  facet normal -0.471280425787 0.405772894621 0.783098399639
    outer loop
      vertex 0.129933312535 -0.0493693426251 0.190769463778
      vertex 0.130013823509 -0.0486919656396 0.192170232534
      vertex 0.12908706069 -0.0488911122084 0.190709516406
    endloop
  endfacet
  facet normal -0.303122788668 0.428927123547 0.850963056087
    outer loop
      vertex 0.130013823509 -0.0486919656396 0.192170232534
      vertex 0.129933312535 -0.0493693426251 0.190769463778
      vertex 0.132778286934 -0.0496622025967 0.192198991776
    endloop
  endfacet
  facet normal -0.302584022284 0.427687972784 0.85177809
    outer loop
      vertex 0.129933312535 -0.0493693426251 0.190769463778
      vertex 0.132420808077 -0.0508136600256 0.189652860165
      vertex 0.132778286934 -0.0496622025967 0.192198991776
    endloop
  endfacet
  facet normal -0.229836821556 0.739290297031 0.632949352264
    outer loop
      vertex 0.131595164537 -0.0479284599423 0.193315535784
      vertex 0.130013823509 -0.0486919656396 0.192170232534
      vertex 0.132778286934 -0.0496622025967 0.192198991776
    endloop
  endfacet
  facet normal -0.282547384501 0.770782709122 0.571017503738
    outer loop
      vertex 0.130013823509 -0.0486919656396 0.192170232534
      vertex 0.131595164537 -0.0479284599423 0.193315535784
      vertex 0.129670336843 -0.0472350120544 0.193123668432
    endloop
  endfacet
  facet normal -0.271939486265 0.801101326942 0.533184349537
    outer loop
      vertex 0.129670336843 -0.0472350120544 0.193123668432
      vertex 0.131595164537 -0.0479284599423 0.193315535784
      vertex 0.130693554878 -0.0453837886453 0.194703117013
    endloop
  endfacet
  facet normal -0.252173274755 0.809232234955 0.530614614487
    outer loop
      vertex 0.131595164537 -0.0479284599423 0.193315535784
      vertex 0.135613322258 -0.0475896671414 0.19478982687
      vertex 0.130693554878 -0.0453837886453 0.194703117013
    endloop
  endfacet
  facet normal -0.220165520906 0.744812548161 0.629905879498
    outer loop
      vertex 0.132778286934 -0.0496622025967 0.192198991776
      vertex 0.135613322258 -0.0475896671414 0.19478982687
      vertex 0.131595164537 -0.0479284599423 0.193315535784
    endloop
  endfacet
  facet normal -0.26907274127 0.763781428337 0.586717844009
    outer loop
      vertex 0.132778286934 -0.0496622025967 0.192198991776
      vertex 0.136696368456 -0.0510326698422 0.1925265342
      vertex 0.135613322258 -0.0475896671414 0.19478982687
    endloop
  endfacet
  facet normal -0.328662335873 0.444223374128 0.833454668522
    outer loop
      vertex 0.136696368456 -0.0510326698422 0.1925265342
      vertex 0.132778286934 -0.0496622025967 0.192198991776
      vertex 0.134797111154 -0.0513802021742 0.190469324589
    endloop
  endfacet
  facet normal -0.329938739538 0.445226073265 0.83241468668
    outer loop
      vertex 0.136942833662 -0.0524687319994 0.190024256706
      vertex 0.136696368456 -0.0510326698422 0.1925265342
      vertex 0.134797111154 -0.0513802021742 0.190469324589
    endloop
  endfacet
  facet normal -0.362640321255 0.436746776104 0.823252260685
    outer loop
      vertex 0.139625608921 -0.0534356236458 0.190429270267
      vertex 0.136696368456 -0.0510326698422 0.1925265342
      vertex 0.136942833662 -0.0524687319994 0.190024256706
    endloop
  endfacet
  facet normal -0.291344225407 0.516005516052 0.805516541004
    outer loop
      vertex 0.139625608921 -0.0534356236458 0.190429270267
      vertex 0.139219522476 -0.0512083992362 0.193676814437
      vertex 0.136696368456 -0.0510326698422 0.1925265342
    endloop
  endfacet
  facet normal -0.457993149757 0.463120311499 0.758789718151
    outer loop
      vertex 0.139625608921 -0.0534356236458 0.190429270267
      vertex 0.14157821238 -0.0531289801002 0.192862674594
      vertex 0.139219522476 -0.0512083992362 0.193676814437
    endloop
  endfacet
  facet normal -0.434434503317 0.447126805782 0.78188508749
    outer loop
      vertex 0.139625608921 -0.0534356236458 0.190429270267
      vertex 0.141219884157 -0.0542712509632 0.190517038107
      vertex 0.14157821238 -0.0531289801002 0.192862674594
    endloop
  endfacet
  facet normal -0.465638130903 0.0418216735125 0.883986473083
    outer loop
      vertex 0.139625608921 -0.0534356236458 0.190429270267
      vertex 0.140180140734 -0.0538579151034 0.187677279115
      vertex 0.141219884157 -0.0542712509632 0.190517038107
    endloop
  endfacet
  facet normal -0.339228659868 0.0755302160978 0.937666833401
    outer loop
      vertex 0.139625608921 -0.0534356236458 0.190429270267
      vertex 0.137724488974 -0.0529038831592 0.188492015004
      vertex 0.140180140734 -0.0538579151034 0.187677279115
    endloop
  endfacet
  facet normal -0.445380955935 -0.410918474197 0.795475840569
    outer loop
      vertex 0.139312595129 -0.0517724007368 0.184580340981
      vertex 0.140180140734 -0.0538579151034 0.187677279115
      vertex 0.137724488974 -0.0529038831592 0.188492015004
    endloop
  endfacet
  facet normal -0.402002573013 -0.431299954653 0.80769687891
    outer loop
      vertex 0.139312595129 -0.0517724007368 0.184580340981
      vertex 0.141921564937 -0.0536104217172 0.185590669513
      vertex 0.140180140734 -0.0538579151034 0.187677279115
    endloop
  endfacet
  facet normal -0.257693350315 -0.644376456738 0.719981312752
    outer loop
      vertex 0.141921564937 -0.0536104217172 0.185590669513
      vertex 0.139312595129 -0.0517724007368 0.184580340981
      vertex 0.143103510141 -0.0522894486785 0.183642029762
    endloop
  endfacet
  facet normal -0.271635204554 -0.818375945091 0.506433725357
    outer loop
      vertex 0.143103510141 -0.0522894486785 0.183642029762
      vertex 0.139312595129 -0.0517724007368 0.184580340981
      vertex 0.141367167234 -0.0489054694772 0.182124257088
    endloop
  endfacet
  facet normal -0.190918564796 -0.855343878269 0.481598317623
    outer loop
      vertex 0.143103510141 -0.0522894486785 0.183642029762
      vertex 0.141367167234 -0.0489054694772 0.182124257088
      vertex 0.14470204711 -0.0501509979367 0.182081177831
    endloop
  endfacet
  facet normal -0.136664524674 -0.932735443115 0.333657562733
    outer loop
      vertex 0.14470204711 -0.0501509979367 0.182081177831
      vertex 0.141367167234 -0.0489054694772 0.182124257088
      vertex 0.142674475908 -0.0476088449359 0.181468874216
    endloop
  endfacet
  facet normal -0.145240992308 -0.934228181839 0.32576495409
    outer loop
      vertex 0.142674475908 -0.0476088449359 0.181468874216
      vertex 0.141367167234 -0.0489054694772 0.182124257088
      vertex 0.13916914165 -0.0464214384556 0.181599795818
    endloop
  endfacet
  facet normal -0.216759562492 -0.898585021496 0.381523638964
    outer loop
      vertex 0.141367167234 -0.0489054694772 0.182124257088
      vertex 0.13797056675 -0.0500677227974 0.18343706429
      vertex 0.13916914165 -0.0464214384556 0.181599795818
    endloop
  endfacet
  facet normal -0.108385413885 -0.901639699936 0.418686568737
    outer loop
      vertex 0.13916914165 -0.0464214384556 0.181599795818
      vertex 0.13797056675 -0.0500677227974 0.18343706429
      vertex 0.13667050004 -0.0468695685267 0.182108253241
    endloop
  endfacet
  facet normal -0.139909952879 -0.945810496807 0.293031871319
    outer loop
      vertex 0.13916914165 -0.0464214384556 0.181599795818
      vertex 0.13667050004 -0.0468695685267 0.182108253241
      vertex 0.13861361146 -0.0428570359945 0.180577650666
    endloop
  endfacet
  facet normal -0.0897947698832 -0.944262444973 0.316710203886
    outer loop
      vertex 0.13861361146 -0.0428570359945 0.180577650666
      vertex 0.13667050004 -0.0468695685267 0.182108253241
      vertex 0.13489510119 -0.042981185019 0.180972903967
    endloop
  endfacet
  facet normal -0.130613803864 -0.934061408043 0.332369327545
    outer loop
      vertex 0.13489510119 -0.042981185019 0.180972903967
      vertex 0.13667050004 -0.0468695685267 0.182108253241
      vertex 0.133933916688 -0.0466383844614 0.182408645749
    endloop
  endfacet
  facet normal -0.0944017916918 -0.964989840984 0.244709953666
    outer loop
      vertex 0.13861361146 -0.0428570359945 0.180577650666
      vertex 0.13489510119 -0.042981185019 0.180972903967
      vertex 0.135218560696 -0.0403322353959 0.180269509554
    endloop
  endfacet
  facet normal -0.0890971943736 -0.965308129787 0.245442211628
    outer loop
      vertex 0.13489510119 -0.042981185019 0.180972903967
      vertex 0.133643805981 -0.0421194881201 0.180869296193
      vertex 0.135218560696 -0.0403322353959 0.180269509554
    endloop
  endfacet
  facet normal -0.0655876398087 -0.956431567669 0.284494251013
    outer loop
      vertex 0.13916914165 -0.0464214384556 0.181599795818
      vertex 0.13861361146 -0.0428570359945 0.180577650666
      vertex 0.14268219471 -0.0434641167521 0.180479213595
    endloop
  endfacet
  facet normal -0.0441969931126 -0.989759027958 0.135733738542
    outer loop
      vertex 0.13861361146 -0.0428570359945 0.180577650666
      vertex 0.139741837978 -0.0394699536264 0.180062770844
      vertex 0.14268219471 -0.0434641167521 0.180479213595
    endloop
  endfacet
  facet normal -0.0306663028896 -0.989644885063 0.140223369002
    outer loop
      vertex 0.136788249016 -0.0383256152272 0.179992154241
      vertex 0.139741837978 -0.0394699536264 0.180062770844
      vertex 0.13861361146 -0.0428570359945 0.180577650666
    endloop
  endfacet
  facet normal 0.177444025874 -0.983730792999 -0.0280587356538
    outer loop
      vertex 0.144707024097 -0.0400005578995 0.180943250656
      vertex 0.14268219471 -0.0434641167521 0.180479213595
      vertex 0.139741837978 -0.0394699536264 0.180062770844
    endloop
  endfacet
  facet normal -0.0419029071927 -0.986757457256 -0.156696811318
    outer loop
      vertex 0.145990028977 -0.0423289686441 0.180519014597
      vertex 0.14268219471 -0.0434641167521 0.180479213595
      vertex 0.144707024097 -0.0400005578995 0.180943250656
    endloop
  endfacet
  facet normal 0.0130822099745 -0.999909698963 0.0030696769245
    outer loop
      vertex 0.145990028977 -0.0423289686441 0.180519014597
      vertex 0.146286129951 -0.0458315834403 0.180533632636
      vertex 0.14268219471 -0.0434641167521 0.180479213595
    endloop
  endfacet
  facet normal -0.105506770313 -0.994332671165 0.013071583584
    outer loop
      vertex 0.148509562016 -0.0451632812619 0.180288925767
      vertex 0.146286129951 -0.0458315834403 0.180533632636
      vertex 0.145990028977 -0.0423289686441 0.180519014597
    endloop
  endfacet
  facet normal -0.0580776333809 -0.984217107296 0.16716362536
    outer loop
      vertex 0.146286129951 -0.0458315834403 0.180533632636
      vertex 0.148509562016 -0.0451632812619 0.180288925767
      vertex 0.149152040482 -0.0480756983161 0.18074567616
    endloop
  endfacet
  facet normal -0.00384908495471 -0.987787365913 0.155760571361
    outer loop
      vertex 0.15225751698 -0.0458921045065 0.180389255285
      vertex 0.149152040482 -0.0480756983161 0.18074567616
      vertex 0.148509562016 -0.0451632812619 0.180288925767
    endloop
  endfacet
  facet normal -0.0761156305671 -0.99562138319 0.0542629174888
    outer loop
      vertex 0.152962863445 -0.0489495769143 0.180501967669
      vertex 0.149152040482 -0.0480756983161 0.18074567616
      vertex 0.15225751698 -0.0458921045065 0.180389255285
    endloop
  endfacet
  facet normal -0.125074446201 -0.951823949814 0.279977709055
    outer loop
      vertex 0.152962863445 -0.0489495769143 0.180501967669
      vertex 0.148958131671 -0.0501841828227 0.181391358376
      vertex 0.149152040482 -0.0480756983161 0.18074567616
    endloop
  endfacet
  facet normal -0.126373946667 -0.952699542046 0.27639323473
    outer loop
      vertex 0.152962863445 -0.0489495769143 0.180501967669
      vertex 0.152174755931 -0.0519522577524 0.181477636099
      vertex 0.148958131671 -0.0501841828227 0.181391358376
    endloop
  endfacet
  facet normal -0.23208977282 -0.941345095634 0.24495652318
    outer loop
      vertex 0.152174755931 -0.0519522577524 0.181477636099
      vertex 0.152962863445 -0.0489495769143 0.180501967669
      vertex 0.154899641871 -0.0521922856569 0.180868268013
    endloop
  endfacet
  facet normal -0.109106451273 -0.97838139534 0.175686120987
    outer loop
      vertex 0.152962863445 -0.0489495769143 0.180501967669
      vertex 0.156149357557 -0.0490489155054 0.180164456367
      vertex 0.154899641871 -0.0521922856569 0.180868268013
    endloop
  endfacet
  facet normal -0.0967365801334 -0.973832964897 -0.205648586154
    outer loop
      vertex 0.156149357557 -0.0490489155054 0.180164456367
      vertex 0.152962863445 -0.0489495769143 0.180501967669
      vertex 0.155470758677 -0.0467377230525 0.180719926953
    endloop
  endfacet
  facet normal 0.214587315917 -0.933475852013 -0.287358850241
    outer loop
      vertex 0.157019942999 -0.0480704158545 0.180665805936
      vertex 0.156149357557 -0.0490489155054 0.180164456367
      vertex 0.155470758677 -0.0467377230525 0.180719926953
    endloop
  endfacet
  facet normal 0.138178318739 -0.925941884518 -0.351480275393
    outer loop
      vertex 0.156149357557 -0.0490489155054 0.180164456367
      vertex 0.157019942999 -0.0480704158545 0.180665805936
      vertex 0.158143058419 -0.0498650223017 0.180152177811
    endloop
  endfacet
  facet normal 0.143498972058 -0.924066245556 -0.354273319244
    outer loop
      vertex 0.157019942999 -0.0480704158545 0.180665805936
      vertex 0.159029409289 -0.0487095415592 0.180732816458
      vertex 0.158143058419 -0.0498650223017 0.180152177811
    endloop
  endfacet
  facet normal 0.23562155664 -0.707135021687 -0.666665196419
    outer loop
      vertex 0.158850416541 -0.0469503104687 0.182331725955
      vertex 0.159029409289 -0.0487095415592 0.180732816458
      vertex 0.157019942999 -0.0480704158545 0.180665805936
    endloop
  endfacet
  facet normal 0.304577738047 -0.689233481884 -0.657411277294
    outer loop
      vertex 0.162103831768 -0.0493224784732 0.181506797671
      vertex 0.159029409289 -0.0487095415592 0.180732816458
      vertex 0.158850416541 -0.0469503104687 0.182331725955
    endloop
  endfacet
  facet normal 0.298397868872 -0.863779366016 -0.406009763479
    outer loop
      vertex 0.159029409289 -0.0487095415592 0.180732816458
      vertex 0.162103831768 -0.0493224784732 0.181506797671
      vertex 0.160769924521 -0.0511259287596 0.180198296905
    endloop
  endfacet
  facet normal 0.18274410069 -0.855073392391 -0.485236108303
    outer loop
      vertex 0.160769924521 -0.0511259287596 0.180198296905
      vertex 0.162103831768 -0.0493224784732 0.181506797671
      vertex 0.164268061519 -0.0510942339897 0.180963888764
    endloop
  endfacet
  facet normal 0.488899886608 -0.463275015354 -0.73915708065
    outer loop
      vertex 0.162103831768 -0.0493224784732 0.181506797671
      vertex 0.165242299438 -0.0498734042048 0.183939859271
      vertex 0.164268061519 -0.0510942339897 0.180963888764
    endloop
  endfacet
  facet normal 0.324119389057 -0.209182918072 -0.922599136829
    outer loop
      vertex 0.165242299438 -0.0498734042048 0.183939859271
      vertex 0.162103831768 -0.0493224784732 0.181506797671
      vertex 0.162157356739 -0.0483551174402 0.18585626781
    endloop
  endfacet
  facet normal 0.512596786022 0.156257420778 -0.844291508198
    outer loop
      vertex 0.165437459946 -0.0508277863264 0.188456341624
      vertex 0.165242299438 -0.0498734042048 0.183939859271
      vertex 0.162157356739 -0.0483551174402 0.18585626781
    endloop
  endfacet
  facet normal 0.372858673334 0.176385417581 -0.910969018936
    outer loop
      vertex 0.165242299438 -0.0498734042048 0.183939859271
      vertex 0.165437459946 -0.0508277863264 0.188456341624
      vertex 0.16736420989 -0.0514369383454 0.187529489398
    endloop
  endfacet
  facet normal 0.449749916792 0.415225923061 -0.790767014027
    outer loop
      vertex 0.167395859957 -0.053086027503 0.190635770559
      vertex 0.16736420989 -0.0514369383454 0.187529489398
      vertex 0.165437459946 -0.0508277863264 0.188456341624
    endloop
  endfacet
  facet normal 0.334722578526 0.439195007086 -0.833707690239
    outer loop
      vertex 0.167395859957 -0.053086027503 0.190635770559
      vertex 0.170728102326 -0.0533023998141 0.188506916165
      vertex 0.16736420989 -0.0514369383454 0.187529489398
    endloop
  endfacet
  facet normal 0.428356766701 0.602003335953 -0.673871278763
    outer loop
      vertex 0.168425992131 -0.0554123744369 0.192506849766
      vertex 0.170728102326 -0.0533023998141 0.188506916165
      vertex 0.167395859957 -0.053086027503 0.190635770559
    endloop
  endfacet
  facet normal 0.342787981033 0.585012435913 -0.735021650791
    outer loop
      vertex 0.172362908721 -0.0568333864212 0.191985398531
      vertex 0.170728102326 -0.0533023998141 0.188506916165
      vertex 0.168425992131 -0.0554123744369 0.192506849766
    endloop
  endfacet
  facet normal 0.408732503653 0.548418402672 -0.729503214359
    outer loop
      vertex 0.174667999148 -0.0542919263244 0.186886802316
      vertex 0.170728102326 -0.0533023998141 0.188506916165
      vertex 0.172362908721 -0.0568333864212 0.191985398531
    endloop
  endfacet
  facet normal 0.338552772999 0.273400217295 -0.900352358818
    outer loop
      vertex 0.170464664698 -0.0524684935808 0.186086937785
      vertex 0.170728102326 -0.0533023998141 0.188506916165
      vertex 0.174667999148 -0.0542919263244 0.186886802316
    endloop
  endfacet
  facet normal 0.383000344038 0.084361679852 -0.919887959957
    outer loop
      vertex 0.174667999148 -0.0542919263244 0.186886802316
      vertex 0.173167064786 -0.0533899143338 0.183865383267
      vertex 0.170464664698 -0.0524684935808 0.186086937785
    endloop
  endfacet
  facet normal 0.350965827703 0.103488735855 -0.930651962757
    outer loop
      vertex 0.176420807838 -0.0545911043882 0.183632835746
      vertex 0.173167064786 -0.0533899143338 0.183865383267
      vertex 0.174667999148 -0.0542919263244 0.186886802316
    endloop
  endfacet
  facet normal 0.310272872448 -0.306662708521 -0.899827063084
    outer loop
      vertex 0.173167064786 -0.0533899143338 0.183865383267
      vertex 0.176420807838 -0.0545911043882 0.183632835746
      vertex 0.175010144711 -0.0546592101455 0.182005703449
    endloop
  endfacet
  facet normal 0.382788538933 -0.367348521948 -0.847660303116
    outer loop
      vertex 0.175944253802 -0.0553627610207 0.181355640292
      vertex 0.175010144711 -0.0546592101455 0.182005703449
      vertex 0.176420807838 -0.0545911043882 0.183632835746
    endloop
  endfacet
  facet normal 0.177855879068 -0.59374499321 -0.784751057625
    outer loop
      vertex 0.175944253802 -0.0553627610207 0.181355640292
      vertex 0.174248561263 -0.0554711818695 0.180704399943
      vertex 0.175010144711 -0.0546592101455 0.182005703449
    endloop
  endfacet
  facet normal 0.29671522975 -0.846252322197 -0.442512214184
    outer loop
      vertex 0.175944253802 -0.0553627610207 0.181355640292
      vertex 0.17506031692 -0.0563404560089 0.180534467101
      vertex 0.174248561263 -0.0554711818695 0.180704399943
    endloop
  endfacet
  facet normal 0.127988442779 -0.813392341137 -0.567460954189
    outer loop
      vertex 0.175944253802 -0.0553627610207 0.181355640292
      vertex 0.176883995533 -0.0564716234803 0.180729925632
      vertex 0.17506031692 -0.0563404560089 0.180534467101
    endloop
  endfacet
  facet normal 0.44021371007 -0.569312572479 -0.694330692291
    outer loop
      vertex 0.176883995533 -0.0564716234803 0.180729925632
      vertex 0.175944253802 -0.0553627610207 0.181355640292
      vertex 0.178078949451 -0.055496789515 0.182842805982
    endloop
  endfacet
  facet normal 0.211240977049 -0.505454003811 -0.836596369743
    outer loop
      vertex 0.178757548332 -0.0562515631318 0.181877151132
      vertex 0.176883995533 -0.0564716234803 0.180729925632
      vertex 0.178078949451 -0.055496789515 0.182842805982
    endloop
  endfacet
  facet normal 0.260363459587 -0.574106693268 -0.776281118393
    outer loop
      vertex 0.176883995533 -0.0564716234803 0.180729925632
      vertex 0.178757548332 -0.0562515631318 0.181877151132
      vertex 0.177523836493 -0.0571115463972 0.180154815316
    endloop
  endfacet
  facet normal 0.207787007093 -0.552040159702 -0.80751234293
    outer loop
      vertex 0.178757548332 -0.0562515631318 0.181877151132
      vertex 0.179002046585 -0.057820148766 0.179674685001
      vertex 0.177523836493 -0.0571115463972 0.180154815316
    endloop
  endfacet
  facet normal 0.367601782084 -0.512072920799 -0.776305556297
    outer loop
      vertex 0.181528925896 -0.0569842979312 0.182755813003
      vertex 0.179002046585 -0.057820148766 0.179674685001
      vertex 0.178757548332 -0.0562515631318 0.181877151132
    endloop
  endfacet
  facet normal 0.219610378146 -0.419099479914 -0.880980670452
    outer loop
      vertex 0.181528925896 -0.0569842979312 0.182755813003
      vertex 0.183169692755 -0.0587609782815 0.179880857468
      vertex 0.179002046585 -0.057820148766 0.179674685001
    endloop
  endfacet
  facet normal 0.342941135168 -0.344372272491 -0.873956024647
    outer loop
      vertex 0.181528925896 -0.0569842979312 0.182755813003
      vertex 0.186183705926 -0.0586644038558 0.183127433062
      vertex 0.183169692755 -0.0587609782815 0.179880857468
    endloop
  endfacet
  facet normal 0.344965189695 -0.103059828281 -0.932940363884
    outer loop
      vertex 0.186183705926 -0.0586644038558 0.183127433062
      vertex 0.181528925896 -0.0569842979312 0.182755813003
      vertex 0.183527380228 -0.0574343800545 0.185370758176
    endloop
  endfacet
  facet normal 0.369571834803 -0.123937681317 -0.920899629593
    outer loop
      vertex 0.180237442255 -0.0562454760075 0.184394434094
      vertex 0.183527380228 -0.0574343800545 0.185370758176
      vertex 0.181528925896 -0.0569842979312 0.182755813003
    endloop
  endfacet
  facet normal 0.305945068598 0.119264550507 -0.944549381733
    outer loop
      vertex 0.180237442255 -0.0562454760075 0.184394434094
      vertex 0.181934848428 -0.057344570756 0.188744723797
      vertex 0.183527380228 -0.0574343800545 0.185370758176
    endloop
  endfacet
  facet normal 0.423794746399 0.0629283264279 -0.903569638729
    outer loop
      vertex 0.178078085184 -0.0553650557995 0.186295107007
      vertex 0.181934848428 -0.057344570756 0.188744723797
      vertex 0.180237442255 -0.0562454760075 0.184394434094
    endloop
  endfacet
  facet normal 0.185777768493 0.423854798079 -0.886472642422
    outer loop
      vertex 0.181934848428 -0.057344570756 0.188744723797
      vertex 0.178078085184 -0.0553650557995 0.186295107007
      vertex 0.178085044026 -0.0576617792249 0.191095545888
    endloop
  endfacet
  facet normal 0.337678402662 0.405837982893 -0.84927546978
    outer loop
      vertex 0.178078085184 -0.0553650557995 0.186295107007
      vertex 0.174667999148 -0.0542919263244 0.186886802316
      vertex 0.178085044026 -0.0576617792249 0.191095545888
    endloop
  endfacet
  facet normal 0.240520521998 0.505683243275 -0.828513324261
    outer loop
      vertex 0.178085044026 -0.0576617792249 0.191095545888
      vertex 0.181471049786 -0.0599717125297 0.193269640207
      vertex 0.181934848428 -0.057344570756 0.188744723797
    endloop
  endfacet
  facet normal -0.0711325183511 0.776280462742 -0.626361608505
    outer loop
      vertex 0.178085044026 -0.0576617792249 0.191095545888
      vertex 0.178036153316 -0.060547888279 0.193419799209
      vertex 0.181471049786 -0.0599717125297 0.193269640207
    endloop
  endfacet
  facet normal 0.0619335323572 0.777859389782 -0.625379085541
    outer loop
      vertex 0.178085044026 -0.0576617792249 0.191095545888
      vertex 0.175470873713 -0.0604919567704 0.193579077721
      vertex 0.178036153316 -0.060547888279 0.193419799209
    endloop
  endfacet
  facet normal 0.204781502485 0.821681082249 -0.531887948513
    outer loop
      vertex 0.175470873713 -0.0604919567704 0.193579077721
      vertex 0.178085044026 -0.0576617792249 0.191095545888
      vertex 0.172362908721 -0.0568333864212 0.191985398531
    endloop
  endfacet
  facet normal 0.144292294979 0.856453061104 -0.495648920536
    outer loop
      vertex 0.175470873713 -0.0604919567704 0.193579077721
      vertex 0.172362908721 -0.0568333864212 0.191985398531
      vertex 0.172482609749 -0.060334160924 0.193991214037
    endloop
  endfacet
  facet normal 0.321609288454 0.816786825657 -0.478985100985
    outer loop
      vertex 0.168592169881 -0.0581062361598 0.194216564298
      vertex 0.172482609749 -0.060334160924 0.193991214037
      vertex 0.172362908721 -0.0568333864212 0.191985398531
    endloop
  endfacet
  facet normal 0.165574133396 0.967471003532 -0.191272169352
    outer loop
      vertex 0.169460728765 -0.0616026520729 0.19475916028
      vertex 0.172482609749 -0.060334160924 0.193991214037
      vertex 0.168592169881 -0.0581062361598 0.194216564298
    endloop
  endfacet
  facet normal 0.13553224504 0.956995248795 -0.256497859955
    outer loop
      vertex 0.172482609749 -0.060334160924 0.193991214037
      vertex 0.169460728765 -0.0616026520729 0.19475916028
      vertex 0.173856794834 -0.0630306601524 0.194519326091
    endloop
  endfacet
  facet normal 0.0279502626508 0.996298491955 0.0812902152538
    outer loop
      vertex 0.169460728765 -0.0616026520729 0.19475916028
      vertex 0.169341683388 -0.0644806101918 0.194527685642
      vertex 0.173856794834 -0.0630306601524 0.194519326091
    endloop
  endfacet
  facet normal -0.0487970337272 0.995752811432 0.0780716091394
    outer loop
      vertex 0.169341683388 -0.0644806101918 0.194527685642
      vertex 0.169460728765 -0.0616026520729 0.19475916028
      vertex 0.165916919708 -0.0626601651311 0.194502592087
    endloop
  endfacet
  facet normal -0.013889009133 0.981381773949 0.191564425826
    outer loop
      vertex 0.169460728765 -0.0616026520729 0.19475916028
      vertex 0.165797710419 -0.0603291094303 0.194955915213
      vertex 0.165916919708 -0.0626601651311 0.194502592087
    endloop
  endfacet
  facet normal -0.0110762314871 0.981443285942 0.19143255055
    outer loop
      vertex 0.165916919708 -0.0626601651311 0.194502592087
      vertex 0.165797710419 -0.0603291094303 0.194955915213
      vertex 0.1631218642 -0.0606193244457 0.194869115949
    endloop
  endfacet
  facet normal -0.00917475391179 0.978093743324 0.207962706685
    outer loop
      vertex 0.1631218642 -0.0606193244457 0.194869115949
      vertex 0.165797710419 -0.0603291094303 0.194955915213
      vertex 0.163671538234 -0.0593191459775 0.195150718093
    endloop
  endfacet
  facet normal 0.0872721597552 0.99614906311 0.00840582884848
    outer loop
      vertex 0.165797710419 -0.0603291094303 0.194955915213
      vertex 0.164903074503 -0.0585912391543 0.195048958063
      vertex 0.163671538234 -0.0593191459775 0.195150718093
    endloop
  endfacet
  facet normal 0.212582141161 0.975467026234 -0.0572089478374
    outer loop
      vertex 0.165797710419 -0.0603291094303 0.194955915213
      vertex 0.168592169881 -0.0581062361598 0.194216564298
      vertex 0.164903074503 -0.0585912391543 0.195048958063
    endloop
  endfacet
  facet normal 0.187210902572 0.95751106739 -0.219373270869
    outer loop
      vertex 0.168592169881 -0.0581062361598 0.194216564298
      vertex 0.165162622929 -0.0567745789886 0.194582000375
      vertex 0.164903074503 -0.0585912391543 0.195048958063
    endloop
  endfacet
  facet normal 0.289332747459 0.800021111965 -0.525597512722
    outer loop
      vertex 0.165162622929 -0.0567745789886 0.194582000375
      vertex 0.168592169881 -0.0581062361598 0.194216564298
      vertex 0.168425992131 -0.0554123744369 0.192506849766
    endloop
  endfacet
  facet normal 0.362463206053 0.837897777557 -0.408102631569
    outer loop
      vertex 0.165162622929 -0.0567745789886 0.194582000375
      vertex 0.168425992131 -0.0554123744369 0.192506849766
      vertex 0.16461545229 -0.0544814243913 0.193701803684
    endloop
  endfacet
  facet normal 0.369371533394 0.724190831184 -0.582333564758
    outer loop
      vertex 0.168425992131 -0.0554123744369 0.192506849766
      vertex 0.16520100832 -0.0529782995582 0.192194461823
      vertex 0.16461545229 -0.0544814243913 0.193701803684
    endloop
  endfacet
  facet normal 0.468846917152 0.70833325386 -0.527680397034
    outer loop
      vertex 0.16461545229 -0.0544814243913 0.193701803684
      vertex 0.16520100832 -0.0529782995582 0.192194461823
      vertex 0.163706168532 -0.0527366623282 0.193003877997
    endloop
  endfacet
  facet normal 0.432801514864 0.597872614861 -0.67470818758
    outer loop
      vertex 0.163706168532 -0.0527366623282 0.193003877997
      vertex 0.16520100832 -0.0529782995582 0.192194461823
      vertex 0.163714945316 -0.0518294870853 0.191973775625
    endloop
  endfacet
  facet normal 0.487679392099 0.487197816372 -0.724435687065
    outer loop
      vertex 0.164754375815 -0.0512613430619 0.190088525414
      vertex 0.163714945316 -0.0518294870853 0.191973775625
      vertex 0.16520100832 -0.0529782995582 0.192194461823
    endloop
  endfacet
  facet normal 0.442985922098 0.473636806011 -0.761204063892
    outer loop
      vertex 0.163185670972 -0.050153516233 0.189775258303
      vertex 0.163714945316 -0.0518294870853 0.191973775625
      vertex 0.164754375815 -0.0512613430619 0.190088525414
    endloop
  endfacet
  facet normal 0.478361725807 0.45665076375 -0.750093400478
    outer loop
      vertex 0.161981374025 -0.0506208315492 0.191804438829
      vertex 0.163714945316 -0.0518294870853 0.191973775625
      vertex 0.163185670972 -0.050153516233 0.189775258303
    endloop
  endfacet
  facet normal 0.420600503683 0.593267738819 -0.686388075352
    outer loop
      vertex 0.163714945316 -0.0518294870853 0.191973775625
      vertex 0.161981374025 -0.0506208315492 0.191804438829
      vertex 0.162846848369 -0.0521441623569 0.192953273654
    endloop
  endfacet
  facet normal 0.40013718605 0.60791349411 -0.685807108879
    outer loop
      vertex 0.162846848369 -0.0521441623569 0.192953273654
      vertex 0.161981374025 -0.0506208315492 0.191804438829
      vertex 0.160833448172 -0.0513908788562 0.193428725004
    endloop
  endfacet
  facet normal 0.436567753553 0.61834281683 -0.653498828411
    outer loop
      vertex 0.161981374025 -0.0506208315492 0.191804438829
      vertex 0.159353300929 -0.0501963570714 0.193211317062
      vertex 0.160833448172 -0.0513908788562 0.193428725004
    endloop
  endfacet
  facet normal 0.393963366747 0.504029929638 -0.768600463867
    outer loop
      vertex 0.159353300929 -0.0501963570714 0.193211317062
      vertex 0.161981374025 -0.0506208315492 0.191804438829
      vertex 0.160290077329 -0.0486228317022 0.19007961452
    endloop
  endfacet
  facet normal 0.496114134789 0.503732681274 -0.707194566727
    outer loop
      vertex 0.157672613859 -0.0477254167199 0.191397607327
      vertex 0.159353300929 -0.0501963570714 0.193211317062
      vertex 0.160290077329 -0.0486228317022 0.19007961452
    endloop
  endfacet
  facet normal 0.446721345186 0.548736214638 -0.70663189888
    outer loop
      vertex 0.156966000795 -0.0492117702961 0.193886905909
      vertex 0.159353300929 -0.0501963570714 0.193211317062
      vertex 0.157672613859 -0.0477254167199 0.191397607327
    endloop
  endfacet
  facet normal 0.430170804262 0.71284866333 -0.553895175457
    outer loop
      vertex 0.15820863843 -0.0514343008399 0.194863975048
      vertex 0.159353300929 -0.0501963570714 0.193211317062
      vertex 0.156966000795 -0.0492117702961 0.193886905909
    endloop
  endfacet
  facet normal 0.277511388063 0.812657833099 -0.512420356274
    outer loop
      vertex 0.156966000795 -0.0492117702961 0.193886905909
      vertex 0.155853047967 -0.051597610116 0.195771351457
      vertex 0.15820863843 -0.0514343008399 0.194863975048
    endloop
  endfacet
  facet normal 0.365950196981 0.805733978748 -0.46569648385
    outer loop
      vertex 0.155853047967 -0.051597610116 0.195771351457
      vertex 0.156966000795 -0.0492117702961 0.193886905909
      vertex 0.153826653957 -0.0486128404737 0.194966569543
    endloop
  endfacet
  facet normal 0.352367699146 0.652321219444 -0.671054422855
    outer loop
      vertex 0.153826653957 -0.0486128404737 0.194966569543
      vertex 0.156966000795 -0.0492117702961 0.193886905909
      vertex 0.154336646199 -0.0460650622845 0.192070141435
    endloop
  endfacet
  facet normal 0.459718286991 0.630800366402 -0.625100016594
    outer loop
      vertex 0.154336646199 -0.0460650622845 0.192070141435
      vertex 0.151573911309 -0.0450693368912 0.193096846342
      vertex 0.153826653957 -0.0486128404737 0.194966569543
    endloop
  endfacet
  facet normal 0.435378789902 0.380099862814 -0.816069483757
    outer loop
      vertex 0.154336646199 -0.0460650622845 0.192070141435
      vertex 0.151778414845 -0.0434588342905 0.18940487504
      vertex 0.151573911309 -0.0450693368912 0.193096846342
    endloop
  endfacet
  facet normal 0.552983403206 0.247259274125 -0.795658349991
    outer loop
      vertex 0.154336646199 -0.0460650622845 0.192070141435
      vertex 0.153811350465 -0.0439544022083 0.186453014612
      vertex 0.151778414845 -0.0434588342905 0.18940487504
    endloop
  endfacet
  facet normal 0.478796511889 0.26921620965 -0.835629403591
    outer loop
      vertex 0.153811350465 -0.0439544022083 0.186453014612
      vertex 0.154336646199 -0.0460650622845 0.192070141435
      vertex 0.157026186585 -0.04566321522 0.18603952229
    endloop
  endfacet
  facet normal 0.471984416246 0.266493618488 -0.840364158154
    outer loop
      vertex 0.157026186585 -0.04566321522 0.18603952229
      vertex 0.154336646199 -0.0460650622845 0.192070141435
      vertex 0.157672613859 -0.0477254167199 0.191397607327
    endloop
  endfacet
  facet normal 0.468320131302 -0.0100785205141 -0.88350135088
    outer loop
      vertex 0.157026186585 -0.04566321522 0.18603952229
      vertex 0.15465785563 -0.0444483608007 0.182486534119
      vertex 0.153811350465 -0.0439544022083 0.186453014612
    endloop
  endfacet
  facet normal 0.617772817612 -0.147701427341 -0.772360682487
    outer loop
      vertex 0.157026186585 -0.04566321522 0.18603952229
      vertex 0.156773760915 -0.0462937280536 0.181686654687
      vertex 0.15465785563 -0.0444483608007 0.182486534119
    endloop
  endfacet
  facet normal 0.341063290834 -0.154101133347 -0.927323400974
    outer loop
      vertex 0.158850416541 -0.0469503104687 0.182331725955
      vertex 0.156773760915 -0.0462937280536 0.181686654687
      vertex 0.157026186585 -0.04566321522 0.18603952229
    endloop
  endfacet
  facet normal 0.460831224918 -0.0800902843475 -0.883866608143
    outer loop
      vertex 0.158850416541 -0.0469503104687 0.182331725955
      vertex 0.157026186585 -0.04566321522 0.18603952229
      vertex 0.162157356739 -0.0483551174402 0.18585626781
    endloop
  endfacet
  facet normal 0.45626437664 0.255755573511 -0.852298021317
    outer loop
      vertex 0.160290077329 -0.0486228317022 0.19007961452
      vertex 0.162157356739 -0.0483551174402 0.18585626781
      vertex 0.157026186585 -0.04566321522 0.18603952229
    endloop
  endfacet
  facet normal 0.472390621901 0.262200117111 -0.84148567915
    outer loop
      vertex 0.162157356739 -0.0483551174402 0.18585626781
      vertex 0.160290077329 -0.0486228317022 0.19007961452
      vertex 0.163185670972 -0.050153516233 0.189775258303
    endloop
  endfacet
  facet normal 0.299509346485 -0.700966119766 -0.64725625515
    outer loop
      vertex 0.15465785563 -0.0444483608007 0.182486534119
      vertex 0.156773760915 -0.0462937280536 0.181686654687
      vertex 0.155470758677 -0.0467377230525 0.180719926953
    endloop
  endfacet
  facet normal 0.244308292866 -0.723818898201 -0.645290374756
    outer loop
      vertex 0.155470758677 -0.0467377230525 0.180719926953
      vertex 0.15225751698 -0.0458921045065 0.180389255285
      vertex 0.15465785563 -0.0444483608007 0.182486534119
    endloop
  endfacet
  facet normal 0.366010844707 -0.774282872677 -0.516257762909
    outer loop
      vertex 0.149818241596 -0.0432324707508 0.181009501219
      vertex 0.15465785563 -0.0444483608007 0.182486534119
      vertex 0.15225751698 -0.0458921045065 0.180389255285
    endloop
  endfacet
  facet normal 0.359192430973 -0.566207528114 -0.741882622242
    outer loop
      vertex 0.150650128722 -0.0420614853501 0.183071538806
      vertex 0.15465785563 -0.0444483608007 0.182486534119
      vertex 0.149818241596 -0.0432324707508 0.181009501219
    endloop
  endfacet
  facet normal 0.464410364628 -0.571533977985 -0.676514565945
    outer loop
      vertex 0.150650128722 -0.0420614853501 0.183071538806
      vertex 0.149818241596 -0.0432324707508 0.181009501219
      vertex 0.146802321076 -0.0400169715285 0.182364985347
    endloop
  endfacet
  facet normal 0.233339369297 -0.798215866089 -0.555341541767
    outer loop
      vertex 0.145990028977 -0.0423289686441 0.180519014597
      vertex 0.146802321076 -0.0400169715285 0.182364985347
      vertex 0.149818241596 -0.0432324707508 0.181009501219
    endloop
  endfacet
  facet normal 0.472140669823 -0.0211432985961 -0.88126963377
    outer loop
      vertex 0.150650128722 -0.0420614853501 0.183071538806
      vertex 0.146802321076 -0.0400169715285 0.182364985347
      vertex 0.14901958406 -0.0411142259836 0.18614345789
    endloop
  endfacet
  facet normal 0.450047373772 -0.00477446103469 -0.892991900444
    outer loop
      vertex 0.146802321076 -0.0400169715285 0.182364985347
      vertex 0.145742237568 -0.0394599623978 0.186620846391
      vertex 0.14901958406 -0.0411142259836 0.18614345789
    endloop
  endfacet
  facet normal 0.533648133278 0.02227650024 -0.845413148403
    outer loop
      vertex 0.144586667418 -0.0386388078332 0.183139875531
      vertex 0.145742237568 -0.0394599623978 0.186620846391
      vertex 0.146802321076 -0.0400169715285 0.182364985347
    endloop
  endfacet
  facet normal 0.525394499302 0.0262058265507 -0.850455105305
    outer loop
      vertex 0.145742237568 -0.0394599623978 0.186620846391
      vertex 0.144586667418 -0.0386388078332 0.183139875531
      vertex 0.142319738865 -0.0373078435659 0.185395285487
    endloop
  endfacet
  facet normal 0.37119230628 -0.166040673852 -0.913590073586
    outer loop
      vertex 0.142319738865 -0.0373078435659 0.185395285487
      vertex 0.144586667418 -0.0386388078332 0.183139875531
      vertex 0.140810877085 -0.037423606962 0.181385219097
    endloop
  endfacet
  facet normal 0.456349074841 -0.450634598732 -0.767250955105
    outer loop
      vertex 0.144586667418 -0.0386388078332 0.183139875531
      vertex 0.144707024097 -0.0400005578995 0.180943250656
      vertex 0.140810877085 -0.037423606962 0.181385219097
    endloop
  endfacet
  facet normal 0.580823838711 -0.240990236402 -0.77753931284
    outer loop
      vertex 0.142319738865 -0.0373078435659 0.185395285487
      vertex 0.140810877085 -0.037423606962 0.181385219097
      vertex 0.139723181725 -0.0357990898192 0.184005081654
    endloop
  endfacet
  facet normal 0.477395325899 0.0597539395094 -0.87665450573
    outer loop
      vertex 0.139723181725 -0.0357990898192 0.184005081654
      vertex 0.139320716262 -0.0358313582838 0.187693834305
      vertex 0.142319738865 -0.0373078435659 0.185395285487
    endloop
  endfacet
  facet normal 0.526912689209 0.150118678808 -0.836556851864
    outer loop
      vertex 0.142319738865 -0.0373078435659 0.185395285487
      vertex 0.139320716262 -0.0358313582838 0.187693834305
      vertex 0.141847401857 -0.0377358756959 0.189438447356
    endloop
  endfacet
  facet normal 0.486511826515 0.218765839934 -0.845841467381
    outer loop
      vertex 0.141847401857 -0.0377358756959 0.189438447356
      vertex 0.139320716262 -0.0358313582838 0.187693834305
      vertex 0.138478517532 -0.0359384007752 0.18998067081
    endloop
  endfacet
  facet normal 0.496876507998 0.222256988287 -0.838877558708
    outer loop
      vertex 0.137989759445 -0.0351739749312 0.188188120723
      vertex 0.138478517532 -0.0359384007752 0.18998067081
      vertex 0.139320716262 -0.0358313582838 0.187693834305
    endloop
  endfacet
  facet normal 0.478158831596 0.230976641178 -0.847357034683
    outer loop
      vertex 0.136152163148 -0.0346049107611 0.18990457058
      vertex 0.138478517532 -0.0359384007752 0.18998067081
      vertex 0.137989759445 -0.0351739749312 0.188188120723
    endloop
  endfacet
  facet normal 0.433729708195 0.447278529406 -0.782189548016
    outer loop
      vertex 0.135829240084 -0.0365335382521 0.193590462208
      vertex 0.138478517532 -0.0359384007752 0.18998067081
      vertex 0.136152163148 -0.0346049107611 0.18990457058
    endloop
  endfacet
  facet normal 0.392668366432 0.422834962606 -0.8167142272
    outer loop
      vertex 0.135829240084 -0.0365335382521 0.193590462208
      vertex 0.140192866325 -0.0376521497965 0.191698774695
      vertex 0.138478517532 -0.0359384007752 0.18998067081
    endloop
  endfacet
  facet normal 0.431160032749 0.591856956482 -0.681033313274
    outer loop
      vertex 0.135829240084 -0.0365335382521 0.193590462208
      vertex 0.138429686427 -0.0391489565372 0.194705545902
      vertex 0.140192866325 -0.0376521497965 0.191698774695
    endloop
  endfacet
  facet normal 0.192829996347 0.818748533726 -0.540802598
    outer loop
      vertex 0.138429686427 -0.0391489565372 0.194705545902
      vertex 0.135829240084 -0.0365335382521 0.193590462208
      vertex 0.134199798107 -0.0398780070245 0.19618332386
    endloop
  endfacet
  facet normal 0.407010525465 0.807206392288 -0.427504718304
    outer loop
      vertex 0.134199798107 -0.0398780070245 0.19618332386
      vertex 0.135829240084 -0.0365335382521 0.193590462208
      vertex 0.133350148797 -0.0360979214311 0.194609761238
    endloop
  endfacet
  facet normal 0.38222655654 0.648147940636 -0.658640384674
    outer loop
      vertex 0.133131429553 -0.0342148840427 0.192825227976
      vertex 0.133350148797 -0.0360979214311 0.194609761238
      vertex 0.135829240084 -0.0365335382521 0.193590462208
    endloop
  endfacet
  facet normal 0.267521291971 0.914892435074 -0.30233129859
    outer loop
      vertex 0.134199798107 -0.0398780070245 0.19618332386
      vertex 0.13615898788 -0.042210444808 0.196381211281
      vertex 0.138429686427 -0.0391489565372 0.194705545902
    endloop
  endfacet
  facet normal -0.0240363944322 0.997631430626 -0.0644499957561
    outer loop
      vertex 0.134199798107 -0.0398780070245 0.19618332386
      vertex 0.132612884045 -0.0422799289227 0.196300268173
      vertex 0.13615898788 -0.042210444808 0.196381211281
    endloop
  endfacet
  facet normal -0.0163691136986 0.959239125252 0.282121181488
    outer loop
      vertex 0.135613322258 -0.0475896671414 0.19478982687
      vertex 0.13615898788 -0.042210444808 0.196381211281
      vertex 0.132612884045 -0.0422799289227 0.196300268173
    endloop
  endfacet
  facet normal -0.262307912111 0.932254552841 0.249190628529
    outer loop
      vertex 0.138548493385 -0.0454757809639 0.196180731058
      vertex 0.13615898788 -0.042210444808 0.196381211281
      vertex 0.135613322258 -0.0475896671414 0.19478982687
    endloop
  endfacet
  facet normal 0.0218299925327 0.998732864857 0.0453449971974
    outer loop
      vertex 0.139474526048 -0.0427934080362 0.19628226757
      vertex 0.13615898788 -0.042210444808 0.196381211281
      vertex 0.138548493385 -0.0454757809639 0.196180731058
    endloop
  endfacet
  facet normal -0.0236161239445 0.999280512333 0.0296764783561
    outer loop
      vertex 0.14303804934 -0.0457281023264 0.196279332042
      vertex 0.139474526048 -0.0427934080362 0.19628226757
      vertex 0.138548493385 -0.0454757809639 0.196180731058
    endloop
  endfacet
  facet normal 0.306135296822 0.876783072948 -0.370853871107
    outer loop
      vertex 0.142334297299 -0.0415265336633 0.194747909904
      vertex 0.139474526048 -0.0427934080362 0.19628226757
      vertex 0.14303804934 -0.0457281023264 0.196279332042
    endloop
  endfacet
  facet normal 0.261976599693 0.856101512909 -0.445486813784
    outer loop
      vertex 0.138429686427 -0.0391489565372 0.194705545902
      vertex 0.139474526048 -0.0427934080362 0.19628226757
      vertex 0.142334297299 -0.0415265336633 0.194747909904
    endloop
  endfacet
  facet normal 0.212667003274 0.90604442358 -0.365863651037
    outer loop
      vertex 0.14303804934 -0.0457281023264 0.196279332042
      vertex 0.146559163928 -0.0434328764677 0.194526031613
      vertex 0.142334297299 -0.0415265336633 0.194747909904
    endloop
  endfacet
  facet normal 0.191222816706 0.899202108383 -0.39353454113
    outer loop
      vertex 0.146718367934 -0.0467579364777 0.195947393775
      vertex 0.146559163928 -0.0434328764677 0.194526031613
      vertex 0.14303804934 -0.0457281023264 0.196279332042
    endloop
  endfacet
  facet normal 0.169216454029 0.903297901154 -0.394231796265
    outer loop
      vertex 0.150743126869 -0.046804793179 0.195213869214
      vertex 0.146559163928 -0.0434328764677 0.194526031613
      vertex 0.146718367934 -0.0467579364777 0.195947393775
    endloop
  endfacet
  facet normal 0.395876854658 0.670087277889 -0.627904891968
    outer loop
      vertex 0.146559163928 -0.0434328764677 0.194526031613
      vertex 0.150743126869 -0.046804793179 0.195213869214
      vertex 0.151573911309 -0.0450693368912 0.193096846342
    endloop
  endfacet
  facet normal 0.395200282335 0.518227100372 -0.758457243443
    outer loop
      vertex 0.147776484489 -0.0419961363077 0.191494956613
      vertex 0.146559163928 -0.0434328764677 0.194526031613
      vertex 0.151573911309 -0.0450693368912 0.193096846342
    endloop
  endfacet
  facet normal 0.474854201078 0.525372624397 -0.706043303013
    outer loop
      vertex 0.144489616156 -0.0406342856586 0.192635580897
      vertex 0.146559163928 -0.0434328764677 0.194526031613
      vertex 0.147776484489 -0.0419961363077 0.191494956613
    endloop
  endfacet
  facet normal 0.445241719484 0.260012954473 -0.856827318668
    outer loop
      vertex 0.145742237568 -0.0394599623978 0.186620846391
      vertex 0.144489616156 -0.0406342856586 0.192635580897
      vertex 0.147776484489 -0.0419961363077 0.191494956613
    endloop
  endfacet
  facet normal 0.545692324638 0.268620252609 -0.793765068054
    outer loop
      vertex 0.144489616156 -0.0406342856586 0.192635580897
      vertex 0.145742237568 -0.0394599623978 0.186620846391
      vertex 0.141847401857 -0.0377358756959 0.189438447356
    endloop
  endfacet
  facet normal 0.489253878593 0.328197389841 -0.808032870293
    outer loop
      vertex 0.141847401857 -0.0377358756959 0.189438447356
      vertex 0.140192866325 -0.0376521497965 0.191698774695
      vertex 0.144489616156 -0.0406342856586 0.192635580897
    endloop
  endfacet
  facet normal 0.339972376823 0.638531088829 -0.690432310104
    outer loop
      vertex 0.140192866325 -0.0376521497965 0.191698774695
      vertex 0.142334297299 -0.0415265336633 0.194747909904
      vertex 0.144489616156 -0.0406342856586 0.192635580897
    endloop
  endfacet
  facet normal 0.172531887889 0.92505723238 -0.338381320238
    outer loop
      vertex 0.149121999741 -0.0487317144871 0.196221083403
      vertex 0.150743126869 -0.046804793179 0.195213869214
      vertex 0.146718367934 -0.0467579364777 0.195947393775
    endloop
  endfacet
  facet normal 0.24116179347 0.928479075432 -0.282431483269
    outer loop
      vertex 0.151937276125 -0.0509977564216 0.196179151535
      vertex 0.150743126869 -0.046804793179 0.195213869214
      vertex 0.149121999741 -0.0487317144871 0.196221083403
    endloop
  endfacet
  facet normal 0.23995359242 0.928869366646 -0.282177239656
    outer loop
      vertex 0.151937276125 -0.0509977564216 0.196179151535
      vertex 0.153826653957 -0.0486128404737 0.194966569543
      vertex 0.150743126869 -0.046804793179 0.195213869214
    endloop
  endfacet
  facet normal 0.108316712081 0.918193876743 -0.38103479147
    outer loop
      vertex 0.153599604964 -0.0514566898346 0.196173503995
      vertex 0.153826653957 -0.0486128404737 0.194966569543
      vertex 0.151937276125 -0.0509977564216 0.196179151535
    endloop
  endfacet
  facet normal -0.019509639591 0.996363759041 0.0829377472401
    outer loop
      vertex 0.153599604964 -0.0514566898346 0.196173503995
      vertex 0.151937276125 -0.0509977564216 0.196179151535
      vertex 0.1519857198 -0.0533026307821 0.195988237858
    endloop
  endfacet
  facet normal -0.0729736983776 0.993802845478 0.0838494673371
    outer loop
      vertex 0.1519857198 -0.0533026307821 0.195988237858
      vertex 0.151937276125 -0.0509977564216 0.196179151535
      vertex 0.148249313235 -0.0519984215498 0.195823922753
    endloop
  endfacet
  facet normal -0.163406535983 0.921616852283 0.352023661137
    outer loop
      vertex 0.14990234375 -0.0549021065235 0.195007905364
      vertex 0.1519857198 -0.0533026307821 0.195988237858
      vertex 0.148249313235 -0.0519984215498 0.195823922753
    endloop
  endfacet
  facet normal -0.173764362931 0.924191951752 0.340110510588
    outer loop
      vertex 0.152183964849 -0.0553501322865 0.195272013545
      vertex 0.1519857198 -0.0533026307821 0.195988237858
      vertex 0.14990234375 -0.0549021065235 0.195007905364
    endloop
  endfacet
  facet normal -0.028595129028 0.942663729191 0.332516729832
    outer loop
      vertex 0.1519857198 -0.0533026307821 0.195988237858
      vertex 0.152183964849 -0.0553501322865 0.195272013545
      vertex 0.155156508088 -0.0536870211363 0.195948839188
    endloop
  endfacet
  facet normal -0.0609391964972 0.957809090614 0.280870437622
    outer loop
      vertex 0.155798181891 -0.0575820729136 0.194847464561
      vertex 0.155156508088 -0.0536870211363 0.195948839188
      vertex 0.152183964849 -0.0553501322865 0.195272013545
    endloop
  endfacet
  facet normal -0.018617104739 0.961297035217 0.274884432554
    outer loop
      vertex 0.155798181891 -0.0575820729136 0.194847464561
      vertex 0.157655820251 -0.0546580627561 0.195719569921
      vertex 0.155156508088 -0.0536870211363 0.195948839188
    endloop
  endfacet
  facet normal -0.0654791221023 0.966858923435 0.246771767735
    outer loop
      vertex 0.157655820251 -0.0546580627561 0.195719569921
      vertex 0.155798181891 -0.0575820729136 0.194847464561
      vertex 0.159512490034 -0.0557398051023 0.195569217205
    endloop
  endfacet
  facet normal -0.116763316095 0.98187983036 0.14925929904
    outer loop
      vertex 0.159594878554 -0.0583678558469 0.195179522038
      vertex 0.159512490034 -0.0557398051023 0.195569217205
      vertex 0.155798181891 -0.0575820729136 0.194847464561
    endloop
  endfacet
  facet normal -0.0712538287044 0.986342906952 0.148494467139
    outer loop
      vertex 0.161002784967 -0.0573601946235 0.195432931185
      vertex 0.159512490034 -0.0557398051023 0.195569217205
      vertex 0.159594878554 -0.0583678558469 0.195179522038
    endloop
  endfacet
  facet normal 0.112007625401 0.993516981602 -0.019449705258
    outer loop
      vertex 0.159512490034 -0.0557398051023 0.195569217205
      vertex 0.161002784967 -0.0573601946235 0.195432931185
      vertex 0.16182243824 -0.0561103075743 0.195316046476
    endloop
  endfacet
  facet normal 0.0855310633779 0.995647788048 -0.0370117127895
    outer loop
      vertex 0.162219554186 -0.0575195923448 0.195334330201
      vertex 0.16182243824 -0.0561103075743 0.195316046476
      vertex 0.161002784967 -0.0573601946235 0.195432931185
    endloop
  endfacet
  facet normal 0.2522341609 0.964050233364 -0.0835764780641
    outer loop
      vertex 0.16182243824 -0.0561103075743 0.195316046476
      vertex 0.162219554186 -0.0575195923448 0.195334330201
      vertex 0.163531035185 -0.0562412291765 0.194880366325
    endloop
  endfacet
  facet normal 0.15342348814 0.970274746418 -0.187158152461
    outer loop
      vertex 0.163531035185 -0.0562412291765 0.194880366325
      vertex 0.162219554186 -0.0575195923448 0.195334330201
      vertex 0.1632168293 -0.0579447597265 0.195258647203
    endloop
  endfacet
  facet normal 0.0536516942084 0.997222304344 0.051663774997
    outer loop
      vertex 0.1632168293 -0.0579447597265 0.195258647203
      vertex 0.162219554186 -0.0575195923448 0.195334330201
      vertex 0.162694707513 -0.058810479939 0.195241883397
    endloop
  endfacet
  facet normal -0.0967750549316 0.98959338665 0.106487378478
    outer loop
      vertex 0.162219554186 -0.0575195923448 0.195334330201
      vertex 0.161040708423 -0.0592130199075 0.195036813617
      vertex 0.162694707513 -0.058810479939 0.195241883397
    endloop
  endfacet
  facet normal -0.0679888948798 0.973856687546 0.216750204563
    outer loop
      vertex 0.1631218642 -0.0606193244457 0.194869115949
      vertex 0.162694707513 -0.058810479939 0.195241883397
      vertex 0.161040708423 -0.0592130199075 0.195036813617
    endloop
  endfacet
  facet normal -0.187736928463 0.903382539749 0.385557830334
    outer loop
      vertex 0.1631218642 -0.0606193244457 0.194869115949
      vertex 0.161040708423 -0.0592130199075 0.195036813617
      vertex 0.161947891116 -0.0624378174543 0.193849027157
    endloop
  endfacet
  facet normal -0.18849350512 0.903167843819 0.385691583157
    outer loop
      vertex 0.158750668168 -0.0604704916477 0.194021880627
      vertex 0.161947891116 -0.0624378174543 0.193849027157
      vertex 0.161040708423 -0.0592130199075 0.195036813617
    endloop
  endfacet
  facet normal -0.334533810616 0.720849573612 0.607011556625
    outer loop
      vertex 0.161947891116 -0.0624378174543 0.193849027157
      vertex 0.158750668168 -0.0604704916477 0.194021880627
      vertex 0.160125911236 -0.0639155581594 0.191759094596
    endloop
  endfacet
  facet normal -0.376829057932 0.698023617268 0.608902990818
    outer loop
      vertex 0.15793658793 -0.0626902505755 0.191646054387
      vertex 0.160125911236 -0.0639155581594 0.191759094596
      vertex 0.158750668168 -0.0604704916477 0.194021880627
    endloop
  endfacet
  facet normal -0.482959449291 0.246710032225 0.840169250965
    outer loop
      vertex 0.160125911236 -0.0639155581594 0.191759094596
      vertex 0.15793658793 -0.0626902505755 0.191646054387
      vertex 0.159828916192 -0.0644721090794 0.189282357693
    endloop
  endfacet
  facet normal -0.523798763752 0.204108178616 0.827027618885
    outer loop
      vertex 0.15793658793 -0.0626902505755 0.191646054387
      vertex 0.157472804189 -0.0630802735686 0.188875541091
      vertex 0.159828916192 -0.0644721090794 0.189282357693
    endloop
  endfacet
  facet normal -0.426867038012 0.195744141936 0.882875263691
    outer loop
      vertex 0.157472804189 -0.0630802735686 0.188875541091
      vertex 0.15793658793 -0.0626902505755 0.191646054387
      vertex 0.154659479856 -0.0616075843573 0.189382761717
    endloop
  endfacet
  facet normal -0.460021972656 0.25995400548 0.849001586437
    outer loop
      vertex 0.154659479856 -0.0616075843573 0.189382761717
      vertex 0.15793658793 -0.0626902505755 0.191646054387
      vertex 0.152953594923 -0.0598234310746 0.19219096005
    endloop
  endfacet
  facet normal -0.58756929636 0.148444578052 0.795441091061
    outer loop
      vertex 0.152443438768 -0.0602149516344 0.188073694706
      vertex 0.154659479856 -0.0616075843573 0.189382761717
      vertex 0.152953594923 -0.0598234310746 0.19219096005
    endloop
  endfacet
  facet normal -0.456020236015 -0.159484803677 0.875562787056
    outer loop
      vertex 0.154092758894 -0.0609791427851 0.18755312264
      vertex 0.154659479856 -0.0616075843573 0.189382761717
      vertex 0.152443438768 -0.0602149516344 0.188073694706
    endloop
  endfacet
  facet normal -0.460673898458 -0.157339081168 0.87351244688
    outer loop
      vertex 0.15499356389 -0.0614505931735 0.187533020973
      vertex 0.154659479856 -0.0616075843573 0.189382761717
      vertex 0.154092758894 -0.0609791427851 0.18755312264
    endloop
  endfacet
  facet normal -0.460707247257 -0.157343536615 0.873494029045
    outer loop
      vertex 0.156795218587 -0.0623936057091 0.187492847443
      vertex 0.154659479856 -0.0616075843573 0.189382761717
      vertex 0.15499356389 -0.0614505931735 0.187533020973
    endloop
  endfacet
  facet normal -0.394360423088 -0.558663249016 0.729640483856
    outer loop
      vertex 0.156112968922 -0.0612839460373 0.186525180936
      vertex 0.156795218587 -0.0623936057091 0.187492847443
      vertex 0.15499356389 -0.0614505931735 0.187533020973
    endloop
  endfacet
  facet normal -0.331955194473 -0.600329041481 0.727606236935
    outer loop
      vertex 0.157620444894 -0.0610516145825 0.185410022736
      vertex 0.156795218587 -0.0623936057091 0.187492847443
      vertex 0.156112968922 -0.0612839460373 0.186525180936
    endloop
  endfacet
  facet normal -0.381242513657 -0.602710664272 0.700994968414
    outer loop
      vertex 0.156795218587 -0.0623936057091 0.187492847443
      vertex 0.157620444894 -0.0610516145825 0.185410022736
      vertex 0.159045517445 -0.0631433278322 0.18694140017
    endloop
  endfacet
  facet normal -0.39820304513 -0.589448392391 0.70284062624
    outer loop
      vertex 0.160984456539 -0.0627141445875 0.18511980772
      vertex 0.159045517445 -0.0631433278322 0.18694140017
      vertex 0.157620444894 -0.0610516145825 0.185410022736
    endloop
  endfacet
  facet normal -0.393011540174 -0.585401296616 0.709117233753
    outer loop
      vertex 0.162455096841 -0.0657573640347 0.187818855047
      vertex 0.159045517445 -0.0631433278322 0.18694140017
      vertex 0.160984456539 -0.0627141445875 0.18511980772
    endloop
  endfacet
  facet normal -0.540761113167 -0.271043181419 0.796312153339
    outer loop
      vertex 0.162455096841 -0.0657573640347 0.187818855047
      vertex 0.159828916192 -0.0644721090794 0.189282357693
      vertex 0.159045517445 -0.0631433278322 0.18694140017
    endloop
  endfacet
  facet normal -0.454102873802 -0.0329656936228 0.890339195728
    outer loop
      vertex 0.159828916192 -0.0644721090794 0.189282357693
      vertex 0.162455096841 -0.0657573640347 0.187818855047
      vertex 0.163545399904 -0.0664098188281 0.190421327949
    endloop
  endfacet
  facet normal -0.399036288261 -0.0621746182442 0.914824783802
    outer loop
      vertex 0.162455096841 -0.0657573640347 0.187818855047
      vertex 0.165219590068 -0.066881492734 0.186616495252
      vertex 0.163545399904 -0.0664098188281 0.190421327949
    endloop
  endfacet
  facet normal -0.509462296963 -0.562795519829 0.650929629803
    outer loop
      vertex 0.165219590068 -0.066881492734 0.186616495252
      vertex 0.162455096841 -0.0657573640347 0.187818855047
      vertex 0.16351673007 -0.0642404705286 0.185103386641
    endloop
  endfacet
  facet normal -0.382686346769 -0.673379004002 0.632543981075
    outer loop
      vertex 0.165678039193 -0.0650133863091 0.184601143003
      vertex 0.165219590068 -0.066881492734 0.186616495252
      vertex 0.16351673007 -0.0642404705286 0.185103386641
    endloop
  endfacet
  facet normal -0.446430385113 -0.660813570023 0.603345155716
    outer loop
      vertex 0.168118268251 -0.0682861879468 0.185940742493
      vertex 0.165219590068 -0.066881492734 0.186616495252
      vertex 0.165678039193 -0.0650133863091 0.184601143003
    endloop
  endfacet
  facet normal -0.471709907055 -0.299455761909 0.829346716404
    outer loop
      vertex 0.168063297868 -0.0697316601872 0.190030604601
      vertex 0.165219590068 -0.066881492734 0.186616495252
      vertex 0.168118268251 -0.0682861879468 0.185940742493
    endloop
  endfacet
  facet normal -0.562382221222 -0.201137244701 0.802041172981
    outer loop
      vertex 0.168063297868 -0.0697316601872 0.190030604601
      vertex 0.16523899138 -0.067774772644 0.190124243498
      vertex 0.165219590068 -0.066881492734 0.186616495252
    endloop
  endfacet
  facet normal -0.461951851845 0.553249895573 0.693191945553
    outer loop
      vertex 0.16523899138 -0.067774772644 0.190124243498
      vertex 0.168063297868 -0.0697316601872 0.190030604601
      vertex 0.16802226007 -0.0670085176826 0.193408295512
    endloop
  endfacet
  facet normal -0.450840502977 0.556909322739 0.697563529015
    outer loop
      vertex 0.16802226007 -0.0670085176826 0.193408295512
      vertex 0.168063297868 -0.0697316601872 0.190030604601
      vertex 0.171159029007 -0.0687376558781 0.193781778216
    endloop
  endfacet
  facet normal -0.6505382061 0.64368057251 0.403082281351
    outer loop
      vertex 0.170836657286 -0.0713228732347 0.191837072372
      vertex 0.171159029007 -0.0687376558781 0.193781778216
      vertex 0.168063297868 -0.0697316601872 0.190030604601
    endloop
  endfacet
  facet normal -0.517547547817 0.713547825813 0.472222417593
    outer loop
      vertex 0.171159029007 -0.0687376558781 0.193781778216
      vertex 0.170836657286 -0.0713228732347 0.191837072372
      vertex 0.173098355532 -0.0725030526519 0.192696481943
    endloop
  endfacet
  facet normal -0.527622640133 0.294180542231 0.796914160252
    outer loop
      vertex 0.17119140923 -0.0728349611163 0.188377201557
      vertex 0.173098355532 -0.0725030526519 0.192696481943
      vertex 0.170836657286 -0.0713228732347 0.191837072372
    endloop
  endfacet
  facet normal -0.772147715092 0.380034387112 0.509275794029
    outer loop
      vertex 0.173098355532 -0.0725030526519 0.192696481943
      vertex 0.17119140923 -0.0728349611163 0.188377201557
      vertex 0.173745408654 -0.0763550326228 0.188849210739
    endloop
  endfacet
  facet normal -0.687327921391 -0.461827427149 0.560620844364
    outer loop
      vertex 0.173745408654 -0.0763550326228 0.188849210739
      vertex 0.17119140923 -0.0728349611163 0.188377201557
      vertex 0.174130290747 -0.073818847537 0.185197681189
    endloop
  endfacet
  facet normal -0.702343642712 -0.489161401987 0.517140746117
    outer loop
      vertex 0.171119019389 -0.0690125972033 0.184440135956
      vertex 0.174130290747 -0.073818847537 0.185197681189
      vertex 0.17119140923 -0.0728349611163 0.188377201557
    endloop
  endfacet
  facet normal -0.411658078432 -0.824665904045 0.387896567583
    outer loop
      vertex 0.174130290747 -0.073818847537 0.185197681189
      vertex 0.171119019389 -0.0690125972033 0.184440135956
      vertex 0.175518319011 -0.0698693618178 0.182647094131
    endloop
  endfacet
  facet normal -0.411179959774 -0.800408840179 0.436207264662
    outer loop
      vertex 0.175518319011 -0.0698693618178 0.182647094131
      vertex 0.171119019389 -0.0690125972033 0.184440135956
      vertex 0.173572063446 -0.0665889754891 0.181859150529
    endloop
  endfacet
  facet normal -0.387696534395 -0.799423515797 0.458926439285
    outer loop
      vertex 0.171119019389 -0.0690125972033 0.184440135956
      vertex 0.169507265091 -0.0645918995142 0.182683989406
      vertex 0.173572063446 -0.0665889754891 0.181859150529
    endloop
  endfacet
  facet normal -0.483190178871 -0.738865733147 0.469685763121
    outer loop
      vertex 0.171119019389 -0.0690125972033 0.184440135956
      vertex 0.168118268251 -0.0682861879468 0.185940742493
      vertex 0.169507265091 -0.0645918995142 0.182683989406
    endloop
  endfacet
  facet normal -0.369036495686 -0.836157500744 0.405774265528
    outer loop
      vertex 0.17432820797 -0.0642156600952 0.180373698473
      vertex 0.173572063446 -0.0665889754891 0.181859150529
      vertex 0.169507265091 -0.0645918995142 0.182683989406
    endloop
  endfacet
  facet normal -0.406167924404 -0.827182114124 0.388326406479
    outer loop
      vertex 0.173572063446 -0.0665889754891 0.181859150529
      vertex 0.17432820797 -0.0642156600952 0.180373698473
      vertex 0.177137061954 -0.067549906671 0.180559769273
    endloop
  endfacet
  facet normal -0.441532075405 -0.794816732407 0.416312068701
    outer loop
      vertex 0.177137061954 -0.067549906671 0.180559769273
      vertex 0.17432820797 -0.0642156600952 0.180373698473
      vertex 0.17760258913 -0.0654050186276 0.179177701473
    endloop
  endfacet
  facet normal -0.413061082363 -0.873008131981 0.25930160284
    outer loop
      vertex 0.17760258913 -0.0654050186276 0.179177701473
      vertex 0.17432820797 -0.0642156600952 0.180373698473
      vertex 0.176745846868 -0.0625303909183 0.178729236126
    endloop
  endfacet
  facet normal -0.411548644304 -0.873060107231 0.26152202487
    outer loop
      vertex 0.17432820797 -0.0642156600952 0.180373698473
      vertex 0.174460053444 -0.0610972121358 0.179377436638
      vertex 0.176745846868 -0.0625303909183 0.178729236126
    endloop
  endfacet
  facet normal -0.352968066931 -0.895480334759 0.271161466837
    outer loop
      vertex 0.17432820797 -0.0642156600952 0.180373698473
      vertex 0.17267383635 -0.060873940587 0.180013895035
      vertex 0.174460053444 -0.0610972121358 0.179377436638
    endloop
  endfacet
  facet normal -0.342551887035 -0.936906933784 0.0697393864393
    outer loop
      vertex 0.17267383635 -0.060873940587 0.180013895035
      vertex 0.174333825707 -0.0591988936067 0.179282277822
      vertex 0.174460053444 -0.0610972121358 0.179377436638
    endloop
  endfacet
  facet normal -0.393046975136 -0.919439196587 0.0120687717572
    outer loop
      vertex 0.174333825707 -0.0591988936067 0.179282277822
      vertex 0.17267383635 -0.060873940587 0.180013895035
      vertex 0.173284009099 -0.0583630353212 0.17972008884
    endloop
  endfacet
  facet normal -0.115499034524 -0.989427983761 0.0877055227757
    outer loop
      vertex 0.171327039599 -0.0585562065244 0.179965659976
      vertex 0.173284009099 -0.0583630353212 0.17972008884
      vertex 0.17267383635 -0.060873940587 0.180013895035
    endloop
  endfacet
  facet normal -0.10746691376 -0.981427311897 0.15890660882
    outer loop
      vertex 0.173284009099 -0.0583630353212 0.17972008884
      vertex 0.171327039599 -0.0585562065244 0.179965659976
      vertex 0.172253981233 -0.0574656203389 0.179687574506
    endloop
  endfacet
  facet normal -0.0609515979886 -0.978373110294 0.197663739324
    outer loop
      vertex 0.171327039599 -0.0585562065244 0.179965659976
      vertex 0.170323699713 -0.0576368570328 0.179842427373
      vertex 0.172253981233 -0.0574656203389 0.179687574506
    endloop
  endfacet
  facet normal -0.0893853902817 -0.969660580158 0.227527096868
    outer loop
      vertex 0.170323699713 -0.0576368570328 0.179842427373
      vertex 0.171327039599 -0.0585562065244 0.179965659976
      vertex 0.170207902789 -0.0594693571329 0.180283084512
    endloop
  endfacet
  facet normal -0.218815371394 -0.951774358749 0.21504740417
    outer loop
      vertex 0.16727873683 -0.0581077337265 0.180648863316
      vertex 0.170323699713 -0.0576368570328 0.179842427373
      vertex 0.170207902789 -0.0594693571329 0.180283084512
    endloop
  endfacet
  facet normal -0.262189030647 -0.963989377022 -0.0445122979581
    outer loop
      vertex 0.170323699713 -0.0576368570328 0.179842427373
      vertex 0.16727873683 -0.0581077337265 0.180648863316
      vertex 0.169656649232 -0.0552907511592 0.180132180452
    endloop
  endfacet
  facet normal -0.111199714243 -0.989920914173 0.087699636817
    outer loop
      vertex 0.169656649232 -0.0552907511592 0.180132180452
      vertex 0.16727873683 -0.0581077337265 0.180648863316
      vertex 0.166271179914 -0.0535036101937 0.180354148149
    endloop
  endfacet
  facet normal -0.11033257097 -0.990034103394 0.0875171199441
    outer loop
      vertex 0.166271179914 -0.0535036101937 0.180354148149
      vertex 0.16727873683 -0.0581077337265 0.180648863316
      vertex 0.162608280778 -0.0563100203872 0.181010439992
    endloop
  endfacet
  facet normal -0.226544722915 -0.883060514927 0.410952061415
    outer loop
      vertex 0.16727873683 -0.0581077337265 0.180648863316
      vertex 0.16334797442 -0.0605586841702 0.182797878981
      vertex 0.162608280778 -0.0563100203872 0.181010439992
    endloop
  endfacet
  facet normal -0.247430324554 -0.889826536179 0.383388847113
    outer loop
      vertex 0.16727873683 -0.0581077337265 0.180648863316
      vertex 0.165709972382 -0.0624239221215 0.182944744825
      vertex 0.16334797442 -0.0605586841702 0.182797878981
    endloop
  endfacet
  facet normal -0.352472215891 -0.785799264908 0.508215367794
    outer loop
      vertex 0.16334797442 -0.0605586841702 0.182797878981
      vertex 0.165709972382 -0.0624239221215 0.182944744825
      vertex 0.16351673007 -0.0642404705286 0.185103386641
    endloop
  endfacet
  facet normal -0.315010368824 -0.79783308506 0.514033854008
    outer loop
      vertex 0.160984456539 -0.0627141445875 0.18511980772
      vertex 0.16334797442 -0.0605586841702 0.182797878981
      vertex 0.16351673007 -0.0642404705286 0.185103386641
    endloop
  endfacet
  facet normal -0.25819709897 -0.785249769688 0.562776148319
    outer loop
      vertex 0.159486278892 -0.0603857263923 0.183943688869
      vertex 0.16334797442 -0.0605586841702 0.182797878981
      vertex 0.160984456539 -0.0627141445875 0.18511980772
    endloop
  endfacet
  facet normal -0.269831985235 -0.837755084038 0.474717974663
    outer loop
      vertex 0.159486278892 -0.0603857263923 0.183943688869
      vertex 0.16000059247 -0.058591119945 0.182761102915
      vertex 0.16334797442 -0.0605586841702 0.182797878981
    endloop
  endfacet
  facet normal -0.245020210743 -0.840335905552 0.483529418707
    outer loop
      vertex 0.16000059247 -0.058591119945 0.182761102915
      vertex 0.159486278892 -0.0603857263923 0.183943688869
      vertex 0.158702015877 -0.0589686259627 0.183356955647
    endloop
  endfacet
  facet normal -0.398674726486 -0.748154222965 0.530399620533
    outer loop
      vertex 0.159486278892 -0.0603857263923 0.183943688869
      vertex 0.157620444894 -0.0610516145825 0.185410022736
      vertex 0.158702015877 -0.0589686259627 0.183356955647
    endloop
  endfacet
  facet normal -0.272550791502 -0.752222001553 0.599898457527
    outer loop
      vertex 0.157620444894 -0.0610516145825 0.185410022736
      vertex 0.156176671386 -0.060081154108 0.18515920639
      vertex 0.158702015877 -0.0589686259627 0.183356955647
    endloop
  endfacet
  facet normal -0.32167378068 -0.781099200249 0.535172820091
    outer loop
      vertex 0.15639783442 -0.0565229505301 0.182630211115
      vertex 0.158702015877 -0.0589686259627 0.183356955647
      vertex 0.156176671386 -0.060081154108 0.18515920639
    endloop
  endfacet
  facet normal -0.232013598084 -0.850840508938 0.471423447132
    outer loop
      vertex 0.158702015877 -0.0589686259627 0.183356955647
      vertex 0.15639783442 -0.0565229505301 0.182630211115
      vertex 0.158708155155 -0.0564689710736 0.18197029829
    endloop
  endfacet
  facet normal -0.236499324441 -0.864295065403 0.443916767836
    outer loop
      vertex 0.15639783442 -0.0565229505301 0.182630211115
      vertex 0.157961517572 -0.0543061643839 0.181063756347
      vertex 0.158708155155 -0.0564689710736 0.18197029829
    endloop
  endfacet
  facet normal -0.213999211788 -0.862524390221 0.458536863327
    outer loop
      vertex 0.155699208379 -0.0540239885449 0.181475043297
      vertex 0.157961517572 -0.0543061643839 0.181063756347
      vertex 0.15639783442 -0.0565229505301 0.182630211115
    endloop
  endfacet
  facet normal -0.207793027163 -0.925273299217 0.317319005728
    outer loop
      vertex 0.155699208379 -0.0540239885449 0.181475043297
      vertex 0.15716971457 -0.0524614900351 0.180608943105
      vertex 0.157961517572 -0.0543061643839 0.181063756347
    endloop
  endfacet
  facet normal -0.148551359773 -0.917562127113 0.36879837513
    outer loop
      vertex 0.15716971457 -0.0524614900351 0.180608943105
      vertex 0.155699208379 -0.0540239885449 0.181475043297
      vertex 0.154899641871 -0.0521922856569 0.180868268013
    endloop
  endfacet
  facet normal -0.236731663346 -0.886729001999 0.397076517344
    outer loop
      vertex 0.155699208379 -0.0540239885449 0.181475043297
      vertex 0.15235824883 -0.0546922832727 0.182666242123
      vertex 0.154899641871 -0.0521922856569 0.180868268013
    endloop
  endfacet
  facet normal -0.180416196585 -0.9341994524 0.307768374681
    outer loop
      vertex 0.15716971457 -0.0524614900351 0.180608943105
      vertex 0.158775493503 -0.0529507398605 0.1804600209
      vertex 0.157961517572 -0.0543061643839 0.181063756347
    endloop
  endfacet
  facet normal -0.129211068153 -0.98375505209 0.124621547759
    outer loop
      vertex 0.15716971457 -0.0524614900351 0.180608943105
      vertex 0.158143058419 -0.0498650223017 0.180152177811
      vertex 0.158775493503 -0.0529507398605 0.1804600209
    endloop
  endfacet
  facet normal -0.0334342643619 -0.993804454803 0.105994448066
    outer loop
      vertex 0.158775493503 -0.0529507398605 0.1804600209
      vertex 0.158143058419 -0.0498650223017 0.180152177811
      vertex 0.160769924521 -0.0511259287596 0.180198296905
    endloop
  endfacet
  facet normal -0.0254618544132 -0.993084847927 0.114604689181
    outer loop
      vertex 0.158775493503 -0.0529507398605 0.1804600209
      vertex 0.160769924521 -0.0511259287596 0.180198296905
      vertex 0.160817831755 -0.05385722965 0.180512264371
    endloop
  endfacet
  facet normal -0.126677364111 -0.932169437408 0.339135617018
    outer loop
      vertex 0.158775493503 -0.0529507398605 0.1804600209
      vertex 0.160817831755 -0.05385722965 0.180512264371
      vertex 0.157961517572 -0.0543061643839 0.181063756347
    endloop
  endfacet
  facet normal -0.215585187078 -0.862017989159 0.458746165037
    outer loop
      vertex 0.15235824883 -0.0546922832727 0.182666242123
      vertex 0.155699208379 -0.0540239885449 0.181475043297
      vertex 0.15639783442 -0.0565229505301 0.182630211115
    endloop
  endfacet
  facet normal -0.24540732801 -0.814641773701 0.52548456192
    outer loop
      vertex 0.15639783442 -0.0565229505301 0.182630211115
      vertex 0.154154241085 -0.0580738484859 0.184306487441
      vertex 0.15235824883 -0.0546922832727 0.182666242123
    endloop
  endfacet
  facet normal -0.38952600956 -0.730339467525 0.561136066914
    outer loop
      vertex 0.154154241085 -0.0580738484859 0.184306487441
      vertex 0.151088371873 -0.0580021813512 0.185886606574
      vertex 0.15235824883 -0.0546922832727 0.182666242123
    endloop
  endfacet
  facet normal -0.362055808306 -0.673249065876 0.644710242748
    outer loop
      vertex 0.1538772434 -0.0598744228482 0.186179697514
      vertex 0.151088371873 -0.0580021813512 0.185886606574
      vertex 0.154154241085 -0.0580738484859 0.184306487441
    endloop
  endfacet
  facet normal -0.454077631235 -0.478837281466 0.751350998878
    outer loop
      vertex 0.152443438768 -0.0602149516344 0.188073694706
      vertex 0.151088371873 -0.0580021813512 0.185886606574
      vertex 0.1538772434 -0.0598744228482 0.186179697514
    endloop
  endfacet
  facet normal -0.705300271511 -0.238453283906 0.66760134697
    outer loop
      vertex 0.151088371873 -0.0580021813512 0.185886606574
      vertex 0.152443438768 -0.0602149516344 0.188073694706
      vertex 0.150382891297 -0.0589997470379 0.190766185522
    endloop
  endfacet
  facet normal -0.322052925825 -0.234096109867 0.917322695255
    outer loop
      vertex 0.151088371873 -0.0580021813512 0.185886606574
      vertex 0.150382891297 -0.0589997470379 0.190766185522
      vertex 0.147309139371 -0.0575472712517 0.189303204417
    endloop
  endfacet
  facet normal -0.530151844025 0.34477481246 0.77464145422
    outer loop
      vertex 0.147114470601 -0.0556580424309 0.193248569965
      vertex 0.147309139371 -0.0575472712517 0.189303204417
      vertex 0.150382891297 -0.0589997470379 0.190766185522
    endloop
  endfacet
  facet normal -0.242484092712 0.409236639738 0.879617452621
    outer loop
      vertex 0.144914463162 -0.0559320598841 0.191356033087
      vertex 0.147309139371 -0.0575472712517 0.189303204417
      vertex 0.147114470601 -0.0556580424309 0.193248569965
    endloop
  endfacet
  facet normal -0.533272087574 0.0426818691194 0.844866335392
    outer loop
      vertex 0.144336804748 -0.0557549744844 0.187644124031
      vertex 0.147309139371 -0.0575472712517 0.189303204417
      vertex 0.144914463162 -0.0559320598841 0.191356033087
    endloop
  endfacet
  facet normal -0.27321434021 -0.436545610428 0.857194185257
    outer loop
      vertex 0.144336804748 -0.0557549744844 0.187644124031
      vertex 0.148085415363 -0.0554886385798 0.184775069356
      vertex 0.147309139371 -0.0575472712517 0.189303204417
    endloop
  endfacet
  facet normal -0.355939149857 -0.536112785339 0.765434801579
    outer loop
      vertex 0.144336804748 -0.0557549744844 0.187644124031
      vertex 0.14564576745 -0.0541077107191 0.184423193336
      vertex 0.148085415363 -0.0554886385798 0.184775069356
    endloop
  endfacet
  facet normal -0.271923035383 -0.523474693298 0.807485044003
    outer loop
      vertex 0.141921564937 -0.0536104217172 0.185590669513
      vertex 0.14564576745 -0.0541077107191 0.184423193336
      vertex 0.144336804748 -0.0557549744844 0.187644124031
    endloop
  endfacet
  facet normal -0.242177352309 -0.747652173042 0.618357777596
    outer loop
      vertex 0.148085415363 -0.0554886385798 0.184775069356
      vertex 0.14564576745 -0.0541077107191 0.184423193336
      vertex 0.146890968084 -0.0530297532678 0.18312831223
    endloop
  endfacet
  facet normal -0.224161311984 -0.741761624813 0.632092893124
    outer loop
      vertex 0.14564576745 -0.0541077107191 0.184423193336
      vertex 0.143103510141 -0.0522894486785 0.183642029762
      vertex 0.146890968084 -0.0530297532678 0.18312831223
    endloop
  endfacet
  facet normal -0.220710411668 -0.757431387901 0.614479124546
    outer loop
      vertex 0.146890968084 -0.0530297532678 0.18312831223
      vertex 0.150011867285 -0.0538719296455 0.182902127504
      vertex 0.148085415363 -0.0554886385798 0.184775069356
    endloop
  endfacet
  facet normal -0.176896780729 -0.892004609108 0.415975123644
    outer loop
      vertex 0.150011867285 -0.0538719296455 0.182902127504
      vertex 0.146890968084 -0.0530297532678 0.18312831223
      vertex 0.148958131671 -0.0501841828227 0.181391358376
    endloop
  endfacet
  facet normal -0.147354274988 -0.888227462769 0.43513071537
    outer loop
      vertex 0.146890968084 -0.0530297532678 0.18312831223
      vertex 0.14470204711 -0.0501509979367 0.182081177831
      vertex 0.148958131671 -0.0501841828227 0.181391358376
    endloop
  endfacet
  facet normal -0.153031513095 -0.927822947502 0.340185165405
    outer loop
      vertex 0.145956367254 -0.0483125150204 0.181200221181
      vertex 0.148958131671 -0.0501841828227 0.181391358376
      vertex 0.14470204711 -0.0501509979367 0.182081177831
    endloop
  endfacet
  facet normal -0.228113517165 -0.759975969791 0.608605563641
    outer loop
      vertex 0.151088371873 -0.0580021813512 0.185886606574
      vertex 0.148085415363 -0.0554886385798 0.184775069356
      vertex 0.150011867285 -0.0538719296455 0.182902127504
    endloop
  endfacet
  facet normal -0.41387706995 0.0209898184985 0.910090744495
    outer loop
      vertex 0.144336804748 -0.0557549744844 0.187644124031
      vertex 0.144914463162 -0.0559320598841 0.191356033087
      vertex 0.141219884157 -0.0542712509632 0.190517038107
    endloop
  endfacet
  facet normal -0.44963312149 0.427289009094 0.784381389618
    outer loop
      vertex 0.141219884157 -0.0542712509632 0.190517038107
      vertex 0.144914463162 -0.0559320598841 0.191356033087
      vertex 0.142505526543 -0.0539587512612 0.192443564534
    endloop
  endfacet
  facet normal -0.33962777257 0.584619045258 0.736799538136
    outer loop
      vertex 0.144914463162 -0.0559320598841 0.191356033087
      vertex 0.143913120031 -0.0537632852793 0.193507641554
      vertex 0.142505526543 -0.0539587512612 0.192443564534
    endloop
  endfacet
  facet normal -0.370399922132 0.617452800274 0.693942308426
    outer loop
      vertex 0.142505526543 -0.0539587512612 0.192443564534
      vertex 0.143913120031 -0.0537632852793 0.193507641554
      vertex 0.142522126436 -0.0529026165605 0.193640500307
    endloop
  endfacet
  facet normal -0.301301956177 0.740115761757 0.601203620434
    outer loop
      vertex 0.142522126436 -0.0529026165605 0.193640500307
      vertex 0.143913120031 -0.0537632852793 0.193507641554
      vertex 0.143904969096 -0.0521471500397 0.194817125797
    endloop
  endfacet
  facet normal -0.265218138695 0.748486995697 0.607804656029
    outer loop
      vertex 0.145599082112 -0.0525353327394 0.195102185011
      vertex 0.143904969096 -0.0521471500397 0.194817125797
      vertex 0.143913120031 -0.0537632852793 0.193507641554
    endloop
  endfacet
  facet normal -0.238662749529 0.890334188938 0.387743681669
    outer loop
      vertex 0.145767241716 -0.0505573228002 0.196008697152
      vertex 0.143904969096 -0.0521471500397 0.194817125797
      vertex 0.145599082112 -0.0525353327394 0.195102185011
    endloop
  endfacet
  facet normal -0.198096334934 0.881492853165 0.428635329008
    outer loop
      vertex 0.143904969096 -0.0521471500397 0.194817125797
      vertex 0.145767241716 -0.0505573228002 0.196008697152
      vertex 0.14159989357 -0.0491440072656 0.195759415627
    endloop
  endfacet
  facet normal -0.0500091910362 0.998338341713 -0.0286285225302
    outer loop
      vertex 0.14159989357 -0.0491440072656 0.195759415627
      vertex 0.145767241716 -0.0505573228002 0.196008697152
      vertex 0.146718367934 -0.0467579364777 0.195947393775
    endloop
  endfacet
  facet normal -0.290113300085 0.82670456171 0.482072412968
    outer loop
      vertex 0.14159989357 -0.0491440072656 0.195759415627
      vertex 0.14196741581 -0.0522268638015 0.194090694189
      vertex 0.143904969096 -0.0521471500397 0.194817125797
    endloop
  endfacet
  facet normal -0.302329987288 0.822724342346 0.48137435317
    outer loop
      vertex 0.14159989357 -0.0491440072656 0.195759415627
      vertex 0.139219522476 -0.0512083992362 0.193676814437
      vertex 0.14196741581 -0.0522268638015 0.194090694189
    endloop
  endfacet
  facet normal -0.24309925735 0.808745205402 0.535568773746
    outer loop
      vertex 0.13826239109 -0.0491724982858 0.19473734498
      vertex 0.139219522476 -0.0512083992362 0.193676814437
      vertex 0.14159989357 -0.0491440072656 0.195759415627
    endloop
  endfacet
  facet normal -0.273686826229 0.902933716774 0.331370145082
    outer loop
      vertex 0.138548493385 -0.0454757809639 0.196180731058
      vertex 0.13826239109 -0.0491724982858 0.19473734498
      vertex 0.14159989357 -0.0491440072656 0.195759415627
    endloop
  endfacet
  facet normal -0.164710611105 0.901891350746 0.399327367544
    outer loop
      vertex 0.145599082112 -0.0525353327394 0.195102185011
      vertex 0.148249313235 -0.0519984215498 0.195823922753
      vertex 0.145767241716 -0.0505573228002 0.196008697152
    endloop
  endfacet
  facet normal -0.114755108953 0.82879704237 0.547655642033
    outer loop
      vertex 0.147114470601 -0.0556580424309 0.193248569965
      vertex 0.148249313235 -0.0519984215498 0.195823922753
      vertex 0.145599082112 -0.0525353327394 0.195102185011
    endloop
  endfacet
  facet normal 0.00331223220564 0.99257838726 0.121561475098
    outer loop
      vertex 0.145767241716 -0.0505573228002 0.196008697152
      vertex 0.148249313235 -0.0519984215498 0.195823922753
      vertex 0.149121999741 -0.0487317144871 0.196221083403
    endloop
  endfacet
  facet normal -0.286875903606 0.75620675087 0.588093161583
    outer loop
      vertex 0.147114470601 -0.0556580424309 0.193248569965
      vertex 0.145599082112 -0.0525353327394 0.195102185011
      vertex 0.143913120031 -0.0537632852793 0.193507641554
    endloop
  endfacet
  facet normal -0.237657055259 0.7069850564 0.666101515293
    outer loop
      vertex 0.143904969096 -0.0521471500397 0.194817125797
      vertex 0.14196741581 -0.0522268638015 0.194090694189
      vertex 0.142522126436 -0.0529026165605 0.193640500307
    endloop
  endfacet
  facet normal -0.346440911293 0.624203026295 0.700249433517
    outer loop
      vertex 0.14157821238 -0.0531289801002 0.192862674594
      vertex 0.142522126436 -0.0529026165605 0.193640500307
      vertex 0.14196741581 -0.0522268638015 0.194090694189
    endloop
  endfacet
  facet normal -0.345658361912 0.623538136482 0.701227843761
    outer loop
      vertex 0.142505526543 -0.0539587512612 0.192443564534
      vertex 0.142522126436 -0.0529026165605 0.193640500307
      vertex 0.14157821238 -0.0531289801002 0.192862674594
    endloop
  endfacet
  facet normal -0.388745069504 0.558047771454 0.73311662674
    outer loop
      vertex 0.144914463162 -0.0559320598841 0.191356033087
      vertex 0.147114470601 -0.0556580424309 0.193248569965
      vertex 0.143913120031 -0.0537632852793 0.193507641554
    endloop
  endfacet
  facet normal -0.39767536521 0.506392657757 0.765127956867
    outer loop
      vertex 0.147114470601 -0.0556580424309 0.193248569965
      vertex 0.150382891297 -0.0589997470379 0.190766185522
      vertex 0.151263996959 -0.0576702728868 0.193466886878
    endloop
  endfacet
  facet normal -0.505154013634 0.508187353611 0.697542130947
    outer loop
      vertex 0.151263996959 -0.0576702728868 0.193466886878
      vertex 0.150382891297 -0.0589997470379 0.190766185522
      vertex 0.152953594923 -0.0598234310746 0.19219096005
    endloop
  endfacet
  facet normal -0.217872142792 0.7550573349 0.618401229382
    outer loop
      vertex 0.155798181891 -0.0575820729136 0.194847464561
      vertex 0.151263996959 -0.0576702728868 0.193466886878
      vertex 0.152953594923 -0.0598234310746 0.19219096005
    endloop
  endfacet
  facet normal -0.307815372944 0.784194290638 0.538784742355
    outer loop
      vertex 0.158750668168 -0.0604704916477 0.194021880627
      vertex 0.155798181891 -0.0575820729136 0.194847464561
      vertex 0.152953594923 -0.0598234310746 0.19219096005
    endloop
  endfacet
  facet normal -0.318880409002 0.752755701542 0.575911581516
    outer loop
      vertex 0.147114470601 -0.0556580424309 0.193248569965
      vertex 0.151263996959 -0.0576702728868 0.193466886878
      vertex 0.14990234375 -0.0549021065235 0.195007905364
    endloop
  endfacet
  facet normal -0.480636268854 -0.4298825562 0.764323055744
    outer loop
      vertex 0.147309139371 -0.0575472712517 0.189303204417
      vertex 0.148085415363 -0.0554886385798 0.184775069356
      vertex 0.151088371873 -0.0580021813512 0.185886606574
    endloop
  endfacet
  facet normal -0.357312381268 -0.674167096615 0.646395027637
    outer loop
      vertex 0.1538772434 -0.0598744228482 0.186179697514
      vertex 0.154154241085 -0.0580738484859 0.184306487441
      vertex 0.156176671386 -0.060081154108 0.18515920639
    endloop
  endfacet
  facet normal -0.331898748875 -0.600470364094 0.727515339851
    outer loop
      vertex 0.155046850443 -0.060896910727 0.186772048473
      vertex 0.1538772434 -0.0598744228482 0.186179697514
      vertex 0.156176671386 -0.060081154108 0.18515920639
    endloop
  endfacet
  facet normal -0.379862695932 -0.542859494686 0.749004602432
    outer loop
      vertex 0.1538772434 -0.0598744228482 0.186179697514
      vertex 0.155046850443 -0.060896910727 0.186772048473
      vertex 0.154092758894 -0.0609791427851 0.18755312264
    endloop
  endfacet
  facet normal -0.390712201595 -0.618520319462 0.681745290756
    outer loop
      vertex 0.155046850443 -0.060896910727 0.186772048473
      vertex 0.156176671386 -0.060081154108 0.18515920639
      vertex 0.156112968922 -0.0612839460373 0.186525180936
    endloop
  endfacet
  facet normal -0.287262529135 -0.739272415638 0.60906201601
    outer loop
      vertex 0.150011867285 -0.0538719296455 0.182902127504
      vertex 0.15235824883 -0.0546922832727 0.182666242123
      vertex 0.151088371873 -0.0580021813512 0.185886606574
    endloop
  endfacet
  facet normal -0.229138404131 -0.887296378613 0.400250822306
    outer loop
      vertex 0.15235824883 -0.0546922832727 0.182666242123
      vertex 0.150011867285 -0.0538719296455 0.182902127504
      vertex 0.152174755931 -0.0519522577524 0.181477636099
    endloop
  endfacet
  facet normal -0.108924522996 -0.902808725834 0.416019082069
    outer loop
      vertex 0.160817831755 -0.05385722965 0.180512264371
      vertex 0.158708155155 -0.0564689710736 0.18197029829
      vertex 0.157961517572 -0.0543061643839 0.181063756347
    endloop
  endfacet
  facet normal -0.211590215564 -0.916119873524 0.340520173311
    outer loop
      vertex 0.162608280778 -0.0563100203872 0.181010439992
      vertex 0.158708155155 -0.0564689710736 0.18197029829
      vertex 0.160817831755 -0.05385722965 0.180512264371
    endloop
  endfacet
  facet normal -0.196817353368 -0.873454868793 0.445353209972
    outer loop
      vertex 0.158708155155 -0.0564689710736 0.18197029829
      vertex 0.162608280778 -0.0563100203872 0.181010439992
      vertex 0.16000059247 -0.058591119945 0.182761102915
    endloop
  endfacet
  facet normal -0.2144857198 -0.802370488644 0.556953728199
    outer loop
      vertex 0.156176671386 -0.060081154108 0.18515920639
      vertex 0.154154241085 -0.0580738484859 0.184306487441
      vertex 0.15639783442 -0.0565229505301 0.182630211115
    endloop
  endfacet
  facet normal -0.252077519894 -0.846484303474 0.46895763278
    outer loop
      vertex 0.16000059247 -0.058591119945 0.182761102915
      vertex 0.158702015877 -0.0589686259627 0.183356955647
      vertex 0.158708155155 -0.0564689710736 0.18197029829
    endloop
  endfacet
  facet normal -0.232045471668 -0.881492137909 0.411249905825
    outer loop
      vertex 0.16334797442 -0.0605586841702 0.182797878981
      vertex 0.16000059247 -0.058591119945 0.182761102915
      vertex 0.162608280778 -0.0563100203872 0.181010439992
    endloop
  endfacet
  facet normal -0.0147722056136 -0.977726340294 0.209363415837
    outer loop
      vertex 0.166271179914 -0.0535036101937 0.180354148149
      vertex 0.162608280778 -0.0563100203872 0.181010439992
      vertex 0.160817831755 -0.05385722965 0.180512264371
    endloop
  endfacet
  facet normal -0.0420625209808 -0.976339221001 -0.212114214897
    outer loop
      vertex 0.160817831755 -0.05385722965 0.180512264371
      vertex 0.164268061519 -0.0510942339897 0.180963888764
      vertex 0.166271179914 -0.0535036101937 0.180354148149
    endloop
  endfacet
  facet normal 0.491846829653 -0.654256880283 -0.574486374855
    outer loop
      vertex 0.167120039463 -0.0509816780686 0.183206737041
      vertex 0.166271179914 -0.0535036101937 0.180354148149
      vertex 0.164268061519 -0.0510942339897 0.180963888764
    endloop
  endfacet
  facet normal -0.00387733615935 -0.661698281765 -0.749760210514
    outer loop
      vertex 0.166271179914 -0.0535036101937 0.180354148149
      vertex 0.167120039463 -0.0509816780686 0.183206737041
      vertex 0.168613880873 -0.0526120513678 0.181350633502
    endloop
  endfacet
  facet normal 0.370308309793 -0.426717221737 -0.825096428394
    outer loop
      vertex 0.168613880873 -0.0526120513678 0.181350633502
      vertex 0.167120039463 -0.0509816780686 0.183206737041
      vertex 0.170413687825 -0.052349857986 0.183419495821
    endloop
  endfacet
  facet normal 0.381536006927 0.0337929464877 -0.923736095428
    outer loop
      vertex 0.167120039463 -0.0509816780686 0.183206737041
      vertex 0.170464664698 -0.0524684935808 0.186086937785
      vertex 0.170413687825 -0.052349857986 0.183419495821
    endloop
  endfacet
  facet normal 0.347522079945 0.0787743777037 -0.934356987476
    outer loop
      vertex 0.16736420989 -0.0514369383454 0.187529489398
      vertex 0.170464664698 -0.0524684935808 0.186086937785
      vertex 0.167120039463 -0.0509816780686 0.183206737041
    endloop
  endfacet
  facet normal 0.419728070498 -0.46400514245 -0.780081748962
    outer loop
      vertex 0.1703774333 -0.0536031872034 0.181279599667
      vertex 0.168613880873 -0.0526120513678 0.181350633502
      vertex 0.170413687825 -0.052349857986 0.183419495821
    endloop
  endfacet
  facet normal 0.233654484153 -0.847564458847 -0.476487219334
    outer loop
      vertex 0.169656649232 -0.0552907511592 0.180132180452
      vertex 0.168613880873 -0.0526120513678 0.181350633502
      vertex 0.1703774333 -0.0536031872034 0.181279599667
    endloop
  endfacet
  facet normal 0.063806630671 -0.837730109692 -0.542343914509
    outer loop
      vertex 0.172095909715 -0.0555856823921 0.180127024651
      vertex 0.169656649232 -0.0552907511592 0.180132180452
      vertex 0.1703774333 -0.0536031872034 0.181279599667
    endloop
  endfacet
  facet normal 0.18449690938 -0.771734774113 -0.608593702316
    outer loop
      vertex 0.1703774333 -0.0536031872034 0.181279599667
      vertex 0.172682389617 -0.0539990663528 0.181518450379
      vertex 0.172095909715 -0.0555856823921 0.180127024651
    endloop
  endfacet
  facet normal 0.174339532852 -0.771375834942 -0.612033545971
    outer loop
      vertex 0.172682389617 -0.0539990663528 0.181518450379
      vertex 0.174248561263 -0.0554711818695 0.180704399943
      vertex 0.172095909715 -0.0555856823921 0.180127024651
    endloop
  endfacet
  facet normal 0.235321179032 -0.932020783424 -0.275610655546
    outer loop
      vertex 0.174248561263 -0.0554711818695 0.180704399943
      vertex 0.173127427697 -0.0564785078168 0.180123448372
      vertex 0.172095909715 -0.0555856823921 0.180127024651
    endloop
  endfacet
  facet normal 0.203623041511 -0.949415028095 -0.239058092237
    outer loop
      vertex 0.172253981233 -0.0574656203389 0.179687574506
      vertex 0.172095909715 -0.0555856823921 0.180127024651
      vertex 0.173127427697 -0.0564785078168 0.180123448372
    endloop
  endfacet
  facet normal -0.020007153973 -0.907939314842 -0.418623775244
    outer loop
      vertex 0.172253981233 -0.0574656203389 0.179687574506
      vertex 0.173127427697 -0.0564785078168 0.180123448372
      vertex 0.174176365137 -0.0573179274797 0.179713308811
    endloop
  endfacet
  facet normal 0.132963135839 -0.814812421799 -0.564270794392
    outer loop
      vertex 0.173127427697 -0.0564785078168 0.180123448372
      vertex 0.17506031692 -0.0563404560089 0.180534467101
      vertex 0.174176365137 -0.0573179274797 0.179713308811
    endloop
  endfacet
  facet normal -0.00565678346902 -0.763134598732 -0.646214842796
    outer loop
      vertex 0.17506031692 -0.0563404560089 0.180534467101
      vertex 0.176095694304 -0.0571803376079 0.179815590382
      vertex 0.174176365137 -0.0573179274797 0.179713308811
    endloop
  endfacet
  facet normal 0.0356692299247 -0.973455011845 -0.226082071662
    outer loop
      vertex 0.176095694304 -0.0571803376079 0.179815590382
      vertex 0.174734801054 -0.0582240670919 0.179523319006
      vertex 0.174176365137 -0.0573179274797 0.179713308811
    endloop
  endfacet
  facet normal -0.0107403583825 -0.959178805351 -0.282596349716
    outer loop
      vertex 0.176095694304 -0.0571803376079 0.179815590382
      vertex 0.176666900516 -0.0580752268434 0.179545536637
      vertex 0.174734801054 -0.0582240670919 0.179523319006
    endloop
  endfacet
  facet normal 0.194259300828 -0.897924005985 -0.394963026047
    outer loop
      vertex 0.176666900516 -0.0580752268434 0.179545536637
      vertex 0.176095694304 -0.0571803376079 0.179815590382
      vertex 0.177523836493 -0.0571115463972 0.180154815316
    endloop
  endfacet
  facet normal -0.0151361478493 -0.941382408142 -0.337001621723
    outer loop
      vertex 0.176666900516 -0.0580752268434 0.179545536637
      vertex 0.175809830427 -0.0593077689409 0.179118081927
      vertex 0.174734801054 -0.0582240670919 0.179523319006
    endloop
  endfacet
  facet normal -0.142005562782 -0.900488734245 -0.411040693521
    outer loop
      vertex 0.176666900516 -0.0580752268434 0.179545536637
      vertex 0.177736982703 -0.059314660728 0.1788110286
      vertex 0.175809830427 -0.0593077689409 0.179118081927
    endloop
  endfacet
  facet normal -0.00743496697396 -0.863061487675 -0.505044162273
    outer loop
      vertex 0.176666900516 -0.0580752268434 0.179545536637
      vertex 0.179002046585 -0.057820148766 0.179674685001
      vertex 0.177736982703 -0.059314660728 0.1788110286
    endloop
  endfacet
  facet normal -0.0439517647028 -0.848420917988 -0.527494192123
    outer loop
      vertex 0.179002046585 -0.057820148766 0.179674685001
      vertex 0.179565742612 -0.0605446770787 0.177951544523
      vertex 0.177736982703 -0.059314660728 0.1788110286
    endloop
  endfacet
  facet normal -0.266355186701 -0.929874956608 -0.253746926785
    outer loop
      vertex 0.177045986056 -0.0611182227731 0.178516805172
      vertex 0.177736982703 -0.059314660728 0.1788110286
      vertex 0.179565742612 -0.0605446770787 0.177951544523
    endloop
  endfacet
  facet normal -0.229254499078 -0.97212678194 -0.0491116419435
    outer loop
      vertex 0.177045986056 -0.0611182227731 0.178516805172
      vertex 0.179565742612 -0.0605446770787 0.177951544523
      vertex 0.178323581815 -0.0631118565798 0.178114786744
    endloop
  endfacet
  facet normal -0.33527803421 -0.936507344246 -0.102677613497
    outer loop
      vertex 0.179565742612 -0.0605446770787 0.177951544523
      vertex 0.180512145162 -0.0641090795398 0.177221938968
      vertex 0.178323581815 -0.0631118565798 0.178114786744
    endloop
  endfacet
  facet normal -0.301279783249 -0.946721255779 -0.113795362413
    outer loop
      vertex 0.180512145162 -0.0641090795398 0.177221938968
      vertex 0.179565742612 -0.0605446770787 0.177951544523
      vertex 0.182310804725 -0.0612538605928 0.176992729306
    endloop
  endfacet
  facet normal -0.0297408923507 -0.648036837578 -0.761028110981
    outer loop
      vertex 0.183169692755 -0.0587609782815 0.179880857468
      vertex 0.182310804725 -0.0612538605928 0.176992729306
      vertex 0.179565742612 -0.0605446770787 0.177951544523
    endloop
  endfacet
  facet normal -0.113639496267 -0.629594624043 -0.768567979336
    outer loop
      vertex 0.182310804725 -0.0612538605928 0.176992729306
      vertex 0.183169692755 -0.0587609782815 0.179880857468
      vertex 0.186387494206 -0.0605815425515 0.177077621222
    endloop
  endfacet
  facet normal -0.0935935750604 -0.744103372097 -0.66147595644
    outer loop
      vertex 0.186387494206 -0.0605815425515 0.177077621222
      vertex 0.185834541917 -0.0622227117419 0.175688251853
      vertex 0.182310804725 -0.0612538605928 0.176992729306
    endloop
  endfacet
  facet normal -0.198201730847 -0.714141011238 -0.671355843544
    outer loop
      vertex 0.185834541917 -0.0622227117419 0.175688251853
      vertex 0.186387494206 -0.0605815425515 0.177077621222
      vertex 0.187777683139 -0.0617844536901 0.175560951233
    endloop
  endfacet
  facet normal 0.189217239618 -0.497842818499 -0.8463742733
    outer loop
      vertex 0.187777683139 -0.0617844536901 0.175560951233
      vertex 0.186387494206 -0.0605815425515 0.177077621222
      vertex 0.189594954252 -0.0609558299184 0.177660375834
    endloop
  endfacet
  facet normal 0.163174673915 -0.29303920269 -0.94207328558
    outer loop
      vertex 0.189594954252 -0.0609558299184 0.177660375834
      vertex 0.186387494206 -0.0605815425515 0.177077621222
      vertex 0.186183705926 -0.0586644038558 0.183127433062
    endloop
  endfacet
  facet normal 0.338271975517 -0.1763664186 -0.924373805523
    outer loop
      vertex 0.189594954252 -0.0609558299184 0.177660375834
      vertex 0.186183705926 -0.0586644038558 0.183127433062
      vertex 0.191651716828 -0.0611197128892 0.180746302009
    endloop
  endfacet
  facet normal 0.388721078634 -0.0556675009429 -0.919672250748
    outer loop
      vertex 0.188339322805 -0.0593198314309 0.187351733446
      vertex 0.191651716828 -0.0611197128892 0.180746302009
      vertex 0.186183705926 -0.0586644038558 0.183127433062
    endloop
  endfacet
  facet normal 0.316752254963 -0.0982250720263 -0.943408608437
    outer loop
      vertex 0.191651716828 -0.0611197128892 0.180746302009
      vertex 0.188339322805 -0.0593198314309 0.187351733446
      vertex 0.194095626473 -0.0614896416664 0.185074359179
    endloop
  endfacet
  facet normal 0.347026616335 -0.0162780862302 -0.937713980675
    outer loop
      vertex 0.194095626473 -0.0614896416664 0.185074359179
      vertex 0.188339322805 -0.0593198314309 0.187351733446
      vertex 0.193383380771 -0.0611318871379 0.190498962998
    endloop
  endfacet
  facet normal 0.266344457865 0.123519644141 -0.955930709839
    outer loop
      vertex 0.191008552909 -0.0607837885618 0.192925825715
      vertex 0.193383380771 -0.0611318871379 0.190498962998
      vertex 0.188339322805 -0.0593198314309 0.187351733446
    endloop
  endfacet
  facet normal 0.362375855446 0.224869325757 -0.904498517513
    outer loop
      vertex 0.193383380771 -0.0611318871379 0.190498962998
      vertex 0.191008552909 -0.0607837885618 0.192925825715
      vertex 0.195198789239 -0.0627305656672 0.194003865123
    endloop
  endfacet
  facet normal 0.153551861644 0.686550080776 -0.710683345795
    outer loop
      vertex 0.19131462276 -0.0639304891229 0.196114689112
      vertex 0.195198789239 -0.0627305656672 0.194003865123
      vertex 0.191008552909 -0.0607837885618 0.192925825715
    endloop
  endfacet
  facet normal 0.312786608934 0.83397758007 -0.454583227634
    outer loop
      vertex 0.19131462276 -0.0639304891229 0.196114689112
      vertex 0.19356970489 -0.0663820207119 0.196605190635
      vertex 0.195198789239 -0.0627305656672 0.194003865123
    endloop
  endfacet
  facet normal 0.273472487926 0.863251030445 -0.424276381731
    outer loop
      vertex 0.190926775336 -0.0672637075186 0.197875782847
      vertex 0.19356970489 -0.0663820207119 0.196605190635
      vertex 0.19131462276 -0.0639304891229 0.196114689112
    endloop
  endfacet
  facet normal 0.310774207115 0.885721325874 -0.344843626022
    outer loop
      vertex 0.192650973797 -0.0688325166702 0.197881609201
      vertex 0.19356970489 -0.0663820207119 0.196605190635
      vertex 0.190926775336 -0.0672637075186 0.197875782847
    endloop
  endfacet
  facet normal 0.149741157889 0.898785233498 -0.412022650242
    outer loop
      vertex 0.194645270705 -0.0684319362044 0.1973657161
      vertex 0.19356970489 -0.0663820207119 0.196605190635
      vertex 0.192650973797 -0.0688325166702 0.197881609201
    endloop
  endfacet
  facet normal 0.115857034922 0.909882187843 -0.398361057043
    outer loop
      vertex 0.19356970489 -0.0663820207119 0.196605190635
      vertex 0.194645270705 -0.0684319362044 0.1973657161
      vertex 0.196248948574 -0.0676672756672 0.196826741099
    endloop
  endfacet
  facet normal 0.172571375966 0.938362181187 -0.29949221015
    outer loop
      vertex 0.196248948574 -0.0676672756672 0.196826741099
      vertex 0.194645270705 -0.0684319362044 0.1973657161
      vertex 0.196152687073 -0.0710440203547 0.197922170162
    endloop
  endfacet
  facet normal 0.0943577438593 0.961197912693 -0.259220451117
    outer loop
      vertex 0.194645270705 -0.0684319362044 0.1973657161
      vertex 0.193476691842 -0.069791264832 0.197847023606
      vertex 0.196152687073 -0.0710440203547 0.197922170162
    endloop
  endfacet
  facet normal 0.0922923609614 0.962555527687 -0.254890054464
    outer loop
      vertex 0.193476691842 -0.069791264832 0.197847023606
      vertex 0.192368656397 -0.071676492691 0.198452487588
      vertex 0.196152687073 -0.0710440203547 0.197922170162
    endloop
  endfacet
  facet normal 0.213590443134 0.959691524506 -0.18267826736
    outer loop
      vertex 0.191530808806 -0.0700209587812 0.198323816061
      vertex 0.192368656397 -0.071676492691 0.198452487588
      vertex 0.193476691842 -0.069791264832 0.197847023606
    endloop
  endfacet
  facet normal 0.0698119997978 0.991211891174 -0.112362451851
    outer loop
      vertex 0.192368656397 -0.071676492691 0.198452487588
      vertex 0.191530808806 -0.0700209587812 0.198323816061
      vertex 0.190631076694 -0.07108938694 0.198508307338
    endloop
  endfacet
  facet normal 0.0761941149831 0.991334199905 -0.10700917989
    outer loop
      vertex 0.190631076694 -0.07108938694 0.198508307338
      vertex 0.191530808806 -0.0700209587812 0.198323816061
      vertex 0.189600333571 -0.0701939240098 0.198490872979
    endloop
  endfacet
  facet normal 0.0818088054657 0.995474934578 -0.0483427271247
    outer loop
      vertex 0.189600333571 -0.0701939240098 0.198490872979
      vertex 0.191530808806 -0.0700209587812 0.198323816061
      vertex 0.190521761775 -0.069043494761 0.198359280825
    endloop
  endfacet
  facet normal 0.199518799782 0.964864253998 -0.170965626836
    outer loop
      vertex 0.191530808806 -0.0700209587812 0.198323816061
      vertex 0.192650973797 -0.0688325166702 0.197881609201
      vertex 0.190521761775 -0.069043494761 0.198359280825
    endloop
  endfacet
  facet normal -0.0667514428496 0.983863472939 -0.166002690792
    outer loop
      vertex 0.190521761775 -0.069043494761 0.198359280825
      vertex 0.188128679991 -0.0692451670766 0.198230937123
      vertex 0.189600333571 -0.0701939240098 0.198490872979
    endloop
  endfacet
  facet normal -0.0463097020984 0.995397269726 0.0839030519128
    outer loop
      vertex 0.188128679991 -0.0692451670766 0.198230937123
      vertex 0.190521761775 -0.069043494761 0.198359280825
      vertex 0.18951228261 -0.0680660307407 0.198394700885
    endloop
  endfacet
  facet normal 0.232263788581 0.950714409351 -0.205415785313
    outer loop
      vertex 0.190926775336 -0.0672637075186 0.197875782847
      vertex 0.18951228261 -0.0680660307407 0.198394700885
      vertex 0.190521761775 -0.069043494761 0.198359280825
    endloop
  endfacet
  facet normal 0.0176379289478 0.853442072868 -0.520889222622
    outer loop
      vertex 0.18951228261 -0.0680660307407 0.198394700885
      vertex 0.190926775336 -0.0672637075186 0.197875782847
      vertex 0.188015207648 -0.0664997398853 0.197469681501
    endloop
  endfacet
  facet normal -0.205805853009 0.916030943394 -0.344283759594
    outer loop
      vertex 0.188015207648 -0.0664997398853 0.197469681501
      vertex 0.187615871429 -0.0682285353541 0.198029711843
      vertex 0.18951228261 -0.0680660307407 0.198394700885
    endloop
  endfacet
  facet normal -0.180051445961 0.922830283642 -0.340537458658
    outer loop
      vertex 0.188015207648 -0.0664997398853 0.197469681501
      vertex 0.185677856207 -0.0663304552436 0.196951165795
      vertex 0.187615871429 -0.0682285353541 0.198029711843
    endloop
  endfacet
  facet normal -0.18779155612 0.939777195454 -0.285575211048
    outer loop
      vertex 0.186601564288 -0.0642296671867 0.196497380733
      vertex 0.185677856207 -0.0663304552436 0.196951165795
      vertex 0.188015207648 -0.0664997398853 0.197469681501
    endloop
  endfacet
  facet normal -0.150842130184 0.950502693653 -0.271645456553
    outer loop
      vertex 0.186601564288 -0.0642296671867 0.196497380733
      vertex 0.183802038431 -0.065711081028 0.196476474404
      vertex 0.185677856207 -0.0663304552436 0.196951165795
    endloop
  endfacet
  facet normal -0.178526833653 0.928966641426 -0.324267089367
    outer loop
      vertex 0.183802038431 -0.065711081028 0.196476474404
      vertex 0.186601564288 -0.0642296671867 0.196497380733
      vertex 0.184488624334 -0.0623659268022 0.195440754294
    endloop
  endfacet
  facet normal -0.0137085998431 0.876428186893 -0.481337457895
    outer loop
      vertex 0.184488624334 -0.0623659268022 0.195440754294
      vertex 0.186601564288 -0.0642296671867 0.196497380733
      vertex 0.188399404287 -0.0618840232491 0.195237264037
    endloop
  endfacet
  facet normal 0.0442475490272 0.8938113451 -0.446254909039
    outer loop
      vertex 0.186601564288 -0.0642296671867 0.196497380733
      vertex 0.19131462276 -0.0639304891229 0.196114689112
      vertex 0.188399404287 -0.0618840232491 0.195237264037
    endloop
  endfacet
  facet normal -0.0476291254163 0.721216022968 -0.691070854664
    outer loop
      vertex 0.185929626226 -0.0597185790539 0.192999213934
      vertex 0.184488624334 -0.0623659268022 0.195440754294
      vertex 0.188399404287 -0.0618840232491 0.195237264037
    endloop
  endfacet
  facet normal 0.00630471669137 0.736797690392 -0.676083922386
    outer loop
      vertex 0.184488624334 -0.0623659268022 0.195440754294
      vertex 0.185929626226 -0.0597185790539 0.192999213934
      vertex 0.181471049786 -0.0599717125297 0.193269640207
    endloop
  endfacet
  facet normal -0.198559105396 0.837454915047 -0.509159684181
    outer loop
      vertex 0.184488624334 -0.0623659268022 0.195440754294
      vertex 0.181471049786 -0.0599717125297 0.193269640207
      vertex 0.178671404719 -0.0636439472437 0.194838523865
    endloop
  endfacet
  facet normal 0.175545439124 0.577623069286 -0.797204732895
    outer loop
      vertex 0.191008552909 -0.0607837885618 0.192925825715
      vertex 0.185929626226 -0.0597185790539 0.192999213934
      vertex 0.188399404287 -0.0618840232491 0.195237264037
    endloop
  endfacet
  facet normal -0.167354106903 0.931561768055 -0.322777420282
    outer loop
      vertex 0.184488624334 -0.0623659268022 0.195440754294
      vertex 0.178671404719 -0.0636439472437 0.194838523865
      vertex 0.183802038431 -0.065711081028 0.196476474404
    endloop
  endfacet
  facet normal -0.235709026456 0.956345021725 -0.172758311033
    outer loop
      vertex 0.183802038431 -0.065711081028 0.196476474404
      vertex 0.178671404719 -0.0636439472437 0.194838523865
      vertex 0.178518787026 -0.0697169601917 0.195897951722
    endloop
  endfacet
  facet normal -0.115003466606 0.97809278965 -0.173518717289
    outer loop
      vertex 0.175786554813 -0.06686013937 0.195069894195
      vertex 0.178518787026 -0.0697169601917 0.195897951722
      vertex 0.178671404719 -0.0636439472437 0.194838523865
    endloop
  endfacet
  facet normal -0.253822624683 0.966527402401 -0.0374013632536
    outer loop
      vertex 0.175786554813 -0.06686013937 0.195069894195
      vertex 0.173576280475 -0.06881724298 0.194565176964
      vertex 0.178518787026 -0.0697169601917 0.195897951722
    endloop
  endfacet
  facet normal -0.15840369463 0.984521746635 0.0750014185905
    outer loop
      vertex 0.175786554813 -0.06686013937 0.195069894195
      vertex 0.171796008945 -0.0666586905718 0.194443181157
      vertex 0.173576280475 -0.06881724298 0.194565176964
    endloop
  endfacet
  facet normal -0.151591405272 0.986276865005 -0.0654063597322
    outer loop
      vertex 0.175786554813 -0.06686013937 0.195069894195
      vertex 0.173856794834 -0.0630306601524 0.194519326091
      vertex 0.171796008945 -0.0666586905718 0.194443181157
    endloop
  endfacet
  facet normal 0.0945110395551 0.977577984333 -0.188172578812
    outer loop
      vertex 0.176596775651 -0.0615699216723 0.193973243237
      vertex 0.173856794834 -0.0630306601524 0.194519326091
      vertex 0.175786554813 -0.06686013937 0.195069894195
    endloop
  endfacet
  facet normal 0.0026263857726 0.938290297985 -0.345838755369
    outer loop
      vertex 0.176596775651 -0.0615699216723 0.193973243237
      vertex 0.175470873713 -0.0604919567704 0.193579077721
      vertex 0.173856794834 -0.0630306601524 0.194519326091
    endloop
  endfacet
  facet normal -0.307974100113 0.929822087288 0.201451763511
    outer loop
      vertex 0.173576280475 -0.06881724298 0.194565176964
      vertex 0.171796008945 -0.0666586905718 0.194443181157
      vertex 0.171159029007 -0.0687376558781 0.193781778216
    endloop
  endfacet
  facet normal -0.270701557398 0.960518658161 0.0642223507166
    outer loop
      vertex 0.178518787026 -0.0697169601917 0.195897951722
      vertex 0.173576280475 -0.06881724298 0.194565176964
      vertex 0.176466077566 -0.0729927495122 0.195100411773
    endloop
  endfacet
  facet normal -0.582158863544 0.753150641918 0.306357979774
    outer loop
      vertex 0.173098355532 -0.0725030526519 0.192696481943
      vertex 0.176466077566 -0.0729927495122 0.195100411773
      vertex 0.173576280475 -0.06881724298 0.194565176964
    endloop
  endfacet
  facet normal -0.571337759495 0.720245659351 0.393470883369
    outer loop
      vertex 0.176466077566 -0.0729927495122 0.195100411773
      vertex 0.173098355532 -0.0725030526519 0.192696481943
      vertex 0.176063880324 -0.0762497037649 0.193002104759
    endloop
  endfacet
  facet normal -0.658118665218 0.667321264744 0.348657608032
    outer loop
      vertex 0.180506795645 -0.0759009122849 0.197565972805
      vertex 0.176466077566 -0.0729927495122 0.195100411773
      vertex 0.176063880324 -0.0762497037649 0.193002104759
    endloop
  endfacet
  facet normal -0.405831098557 0.893246531487 -0.193421274424
    outer loop
      vertex 0.180811688304 -0.072334907949 0.196932330728
      vertex 0.176466077566 -0.0729927495122 0.195100411773
      vertex 0.180506795645 -0.0759009122849 0.197565972805
    endloop
  endfacet
  facet normal -0.436993002892 0.878415644169 -0.193450376391
    outer loop
      vertex 0.180506795645 -0.0759009122849 0.197565972805
      vertex 0.182439014316 -0.0739874541759 0.198105812073
      vertex 0.180811688304 -0.072334907949 0.196932330728
    endloop
  endfacet
  facet normal -0.436362236738 0.878899037838 -0.19267706573
    outer loop
      vertex 0.184599459171 -0.0773432850838 0.199914127588
      vertex 0.182439014316 -0.0739874541759 0.198105812073
      vertex 0.180506795645 -0.0759009122849 0.197565972805
    endloop
  endfacet
  facet normal -0.163524881005 0.908598065376 -0.384329468012
    outer loop
      vertex 0.184599459171 -0.0773432850838 0.199914127588
      vertex 0.187490984797 -0.0742776617408 0.199137806892
      vertex 0.182439014316 -0.0739874541759 0.198105812073
    endloop
  endfacet
  facet normal -0.00451263599098 0.968368530273 -0.249483555555
    outer loop
      vertex 0.186944574118 -0.0784114822745 0.200200259686
      vertex 0.187490984797 -0.0742776617408 0.199137806892
      vertex 0.184599459171 -0.0773432850838 0.199914127588
    endloop
  endfacet
  facet normal 0.0443549305201 0.968967020512 -0.243178039789
    outer loop
      vertex 0.18954141438 -0.0764269158244 0.199583336711
      vertex 0.187490984797 -0.0742776617408 0.199137806892
      vertex 0.186944574118 -0.0784114822745 0.200200259686
    endloop
  endfacet
  facet normal 0.0189057160169 0.975270271301 -0.220205619931
    outer loop
      vertex 0.190716534853 -0.0731866136193 0.198828920722
      vertex 0.187490984797 -0.0742776617408 0.199137806892
      vertex 0.18954141438 -0.0764269158244 0.199583336711
    endloop
  endfacet
  facet normal 0.0340638794005 0.983491420746 -0.177719667554
    outer loop
      vertex 0.189187720418 -0.0712046921253 0.198523744941
      vertex 0.187490984797 -0.0742776617408 0.199137806892
      vertex 0.190716534853 -0.0731866136193 0.198828920722
    endloop
  endfacet
  facet normal -0.0153842456639 0.978830993176 -0.204091131687
    outer loop
      vertex 0.187490984797 -0.0742776617408 0.199137806892
      vertex 0.189187720418 -0.0712046921253 0.198523744941
      vertex 0.187085047364 -0.0715767964721 0.198568284512
    endloop
  endfacet
  facet normal -0.00200564810075 0.991510748863 -0.130009397864
    outer loop
      vertex 0.189187720418 -0.0712046921253 0.198523744941
      vertex 0.18816138804 -0.0702955573797 0.198402449489
      vertex 0.187085047364 -0.0715767964721 0.198568284512
    endloop
  endfacet
  facet normal -0.0653761774302 0.996110022068 -0.0590828098357
    outer loop
      vertex 0.189187720418 -0.0712046921253 0.198523744941
      vertex 0.189600333571 -0.0701939240098 0.198490872979
      vertex 0.18816138804 -0.0702955573797 0.198402449489
    endloop
  endfacet
  facet normal -0.158895209432 0.953296363354 -0.256862431765
    outer loop
      vertex 0.18816138804 -0.0702955573797 0.198402449489
      vertex 0.186655879021 -0.0697877034545 0.198014676571
      vertex 0.187085047364 -0.0715767964721 0.198568284512
    endloop
  endfacet
  facet normal -0.19815762341 0.968321502209 -0.151944324374
    outer loop
      vertex 0.188128679991 -0.0692451670766 0.198230937123
      vertex 0.186655879021 -0.0697877034545 0.198014676571
      vertex 0.18816138804 -0.0702955573797 0.198402449489
    endloop
  endfacet
  facet normal -0.181261613965 0.978112816811 -0.102174296975
    outer loop
      vertex 0.187615871429 -0.0682285353541 0.198029711843
      vertex 0.186655879021 -0.0697877034545 0.198014676571
      vertex 0.188128679991 -0.0692451670766 0.198230937123
    endloop
  endfacet
  facet normal -0.29632973671 0.939213395119 -0.173397988081
    outer loop
      vertex 0.184966370463 -0.0689142942429 0.197320371866
      vertex 0.186655879021 -0.0697877034545 0.198014676571
      vertex 0.187615871429 -0.0682285353541 0.198029711843
    endloop
  endfacet
  facet normal -0.233621746302 0.92910861969 -0.286667197943
    outer loop
      vertex 0.184916436672 -0.0718645006418 0.198218077421
      vertex 0.186655879021 -0.0697877034545 0.198014676571
      vertex 0.184966370463 -0.0689142942429 0.197320371866
    endloop
  endfacet
  facet normal -0.316050052643 0.906150281429 -0.281076490879
    outer loop
      vertex 0.180811688304 -0.072334907949 0.196932330728
      vertex 0.184916436672 -0.0718645006418 0.198218077421
      vertex 0.184966370463 -0.0689142942429 0.197320371866
    endloop
  endfacet
  facet normal -0.232767447829 0.956808507442 -0.174174651504
    outer loop
      vertex 0.178518787026 -0.0697169601917 0.195897951722
      vertex 0.180811688304 -0.072334907949 0.196932330728
      vertex 0.184966370463 -0.0689142942429 0.197320371866
    endloop
  endfacet
  facet normal -0.186533823609 0.950291156769 -0.249302640557
    outer loop
      vertex 0.184916436672 -0.0718645006418 0.198218077421
      vertex 0.187085047364 -0.0715767964721 0.198568284512
      vertex 0.186655879021 -0.0697877034545 0.198014676571
    endloop
  endfacet
  facet normal -0.179749205709 0.967652082443 -0.177030012012
    outer loop
      vertex 0.187490984797 -0.0742776617408 0.199137806892
      vertex 0.187085047364 -0.0715767964721 0.198568284512
      vertex 0.184916436672 -0.0718645006418 0.198218077421
    endloop
  endfacet
  facet normal -0.00149749056436 0.988523006439 -0.151062995195
    outer loop
      vertex 0.189187720418 -0.0712046921253 0.198523744941
      vertex 0.190716534853 -0.0731866136193 0.198828920722
      vertex 0.190631076694 -0.07108938694 0.198508307338
    endloop
  endfacet
  facet normal 0.275586158037 0.953496932983 -0.122048690915
    outer loop
      vertex 0.190716534853 -0.0731866136193 0.198828920722
      vertex 0.18954141438 -0.0764269158244 0.199583336711
      vertex 0.193288743496 -0.0772837996483 0.198609933257
    endloop
  endfacet
  facet normal 0.261681467295 0.96388733387 -0.0494373030961
    outer loop
      vertex 0.191301986575 -0.0788907408714 0.199231728911
      vertex 0.193288743496 -0.0772837996483 0.198609933257
      vertex 0.18954141438 -0.0764269158244 0.199583336711
    endloop
  endfacet
  facet normal 0.364087790251 0.926858961582 0.0915015861392
    outer loop
      vertex 0.193021252751 -0.0812405124307 0.198324397206
      vertex 0.193288743496 -0.0772837996483 0.198609933257
      vertex 0.191301986575 -0.0788907408714 0.199231728911
    endloop
  endfacet
  facet normal 0.369448632002 0.924714624882 0.0917092636228
    outer loop
      vertex 0.196925908327 -0.0798737257719 0.196899935603
      vertex 0.193288743496 -0.0772837996483 0.198609933257
      vertex 0.193021252751 -0.0812405124307 0.198324397206
    endloop
  endfacet
  facet normal 0.325823366642 0.932153999805 0.157886296511
    outer loop
      vertex 0.19764816761 -0.0757802128792 0.197340831161
      vertex 0.193288743496 -0.0772837996483 0.198609933257
      vertex 0.196925908327 -0.0798737257719 0.196899935603
    endloop
  endfacet
  facet normal 0.276322633028 0.96101295948 -0.00999218784273
    outer loop
      vertex 0.193288743496 -0.0772837996483 0.198609933257
      vertex 0.19764816761 -0.0757802128792 0.197340831161
      vertex 0.194286614656 -0.0744258165359 0.198293298483
    endloop
  endfacet
  facet normal 0.226329386234 0.966853022575 0.118195988238
    outer loop
      vertex 0.19764816761 -0.0757802128792 0.197340831161
      vertex 0.19793023169 -0.0738021954894 0.197516605258
      vertex 0.194286614656 -0.0744258165359 0.198293298483
    endloop
  endfacet
  facet normal 0.0325522683561 0.995126783848 0.0930756554008
    outer loop
      vertex 0.19764816761 -0.0757802128792 0.197340831161
      vertex 0.19945935905 -0.0748818740249 0.19736559689
      vertex 0.19793023169 -0.0738021954894 0.197516605258
    endloop
  endfacet
  facet normal 0.119755908847 0.955999493599 0.267812311649
    outer loop
      vertex 0.19764816761 -0.0757802128792 0.197340831161
      vertex 0.199994176626 -0.0789378210902 0.196162372828
      vertex 0.19945935905 -0.0748818740249 0.19736559689
    endloop
  endfacet
  facet normal 0.327818125486 0.916641116142 0.228701323271
    outer loop
      vertex 0.202387988567 -0.0758891999722 0.196066901088
      vertex 0.19945935905 -0.0748818740249 0.19736559689
      vertex 0.199994176626 -0.0789378210902 0.196162372828
    endloop
  endfacet
  facet normal 0.336252868176 0.918760895729 0.206911623478
    outer loop
      vertex 0.19945935905 -0.0748818740249 0.19736559689
      vertex 0.202387988567 -0.0758891999722 0.196066901088
      vertex 0.201229229569 -0.0716413408518 0.197447642684
    endloop
  endfacet
  facet normal 0.437685251236 0.883344829082 0.167730540037
    outer loop
      vertex 0.201229229569 -0.0716413408518 0.197447642684
      vertex 0.202387988567 -0.0758891999722 0.196066901088
      vertex 0.203886806965 -0.0733981654048 0.195797264576
    endloop
  endfacet
  facet normal 0.763792335987 0.502448737621 0.405174702406
    outer loop
      vertex 0.203886806965 -0.0733981654048 0.195797264576
      vertex 0.202387988567 -0.0758891999722 0.196066901088
      vertex 0.204654633999 -0.0749373435974 0.193388864398
    endloop
  endfacet
  facet normal 0.772699475288 0.529641032219 0.349879860878
    outer loop
      vertex 0.202585801482 -0.078088991344 0.194325134158
      vertex 0.204654633999 -0.0749373435974 0.193388864398
      vertex 0.202387988567 -0.0758891999722 0.196066901088
    endloop
  endfacet
  facet normal 0.743604660034 0.591081917286 0.312528789043
    outer loop
      vertex 0.202585801482 -0.078088991344 0.194325134158
      vertex 0.204445645213 -0.0771541297436 0.192479684949
      vertex 0.204654633999 -0.0749373435974 0.193388864398
    endloop
  endfacet
  facet normal 0.741118907928 0.557077527046 0.374709755182
    outer loop
      vertex 0.204445645213 -0.0771541297436 0.192479684949
      vertex 0.202585801482 -0.078088991344 0.194325134158
      vertex 0.202783092856 -0.0802885442972 0.192583188415
    endloop
  endfacet
  facet normal 0.633161365986 0.633415818214 0.444849550724
    outer loop
      vertex 0.202585801482 -0.078088991344 0.194325134158
      vertex 0.199897095561 -0.0809979662299 0.194969788194
      vertex 0.202783092856 -0.0802885442972 0.192583188415
    endloop
  endfacet
  facet normal 0.612554013729 0.67121809721 0.417425215244
    outer loop
      vertex 0.202585801482 -0.078088991344 0.194325134158
      vertex 0.199994176626 -0.0789378210902 0.196162372828
      vertex 0.199897095561 -0.0809979662299 0.194969788194
    endloop
  endfacet
  facet normal 0.341165214777 0.806465506554 0.48292824626
    outer loop
      vertex 0.199994176626 -0.0789378210902 0.196162372828
      vertex 0.196925908327 -0.0798737257719 0.196899935603
      vertex 0.199897095561 -0.0809979662299 0.194969788194
    endloop
  endfacet
  facet normal 0.403653085232 0.836810708046 0.369881093502
    outer loop
      vertex 0.199897095561 -0.0809979662299 0.194969788194
      vertex 0.196925908327 -0.0798737257719 0.196899935603
      vertex 0.196618244052 -0.0836134925485 0.195395320654
    endloop
  endfacet
  facet normal 0.470486074686 0.804554462433 0.362401634455
    outer loop
      vertex 0.193427801132 -0.0838459432125 0.197156324983
      vertex 0.196618244052 -0.0836134925485 0.195395320654
      vertex 0.196925908327 -0.0798737257719 0.196899935603
    endloop
  endfacet
  facet normal 0.377463102341 0.589603304863 0.714065492153
    outer loop
      vertex 0.194317623973 -0.0861023366451 0.19385394454
      vertex 0.196618244052 -0.0836134925485 0.195395320654
      vertex 0.193427801132 -0.0838459432125 0.197156324983
    endloop
  endfacet
  facet normal 0.391274333 0.575519442558 0.71810990572
    outer loop
      vertex 0.196618244052 -0.0836134925485 0.195395320654
      vertex 0.194317623973 -0.0861023366451 0.19385394454
      vertex 0.19654417038 -0.0866052657366 0.191712662578
    endloop
  endfacet
  facet normal 0.2537753582 0.463308006525 0.849084079266
    outer loop
      vertex 0.192303806543 -0.0876121297479 0.19219006598
      vertex 0.19654417038 -0.0866052657366 0.191712662578
      vertex 0.194317623973 -0.0861023366451 0.19385394454
    endloop
  endfacet
  facet normal 0.25257563591 0.311109006405 0.916196882725
    outer loop
      vertex 0.195256888866 -0.0879470184445 0.188806369901
      vertex 0.19654417038 -0.0866052657366 0.191712662578
      vertex 0.192303806543 -0.0876121297479 0.19219006598
    endloop
  endfacet
  facet normal 0.487027168274 0.178946167231 0.854858338833
    outer loop
      vertex 0.19654417038 -0.0866052657366 0.191712662578
      vertex 0.195256888866 -0.0879470184445 0.188806369901
      vertex 0.197946980596 -0.0864332318306 0.188716560602
    endloop
  endfacet
  facet normal 0.485600441694 -0.0975206419826 0.868724286556
    outer loop
      vertex 0.197946980596 -0.0864332318306 0.188716560602
      vertex 0.195256888866 -0.0879470184445 0.188806369901
      vertex 0.196548327804 -0.0867094323039 0.184212461114
    endloop
  endfacet
  facet normal 0.543022453785 -0.072714343667 0.836563944817
    outer loop
      vertex 0.196548327804 -0.0867094323039 0.184212461114
      vertex 0.195256888866 -0.0879470184445 0.188806369901
      vertex 0.193996280432 -0.0884770601988 0.185490325093
    endloop
  endfacet
  facet normal 0.350852429867 0.0162797179073 0.936289250851
    outer loop
      vertex 0.192382082343 -0.0890287905931 0.188547089696
      vertex 0.193996280432 -0.0884770601988 0.185490325093
      vertex 0.195256888866 -0.0879470184445 0.188806369901
    endloop
  endfacet
  facet normal 0.187517344952 -0.0777152329683 0.979182124138
    outer loop
      vertex 0.191244602203 -0.0888578742743 0.183649003506
      vertex 0.193996280432 -0.0884770601988 0.185490325093
      vertex 0.192382082343 -0.0890287905931 0.188547089696
    endloop
  endfacet
  facet normal 0.374857783318 -0.385849297047 0.842972099781
    outer loop
      vertex 0.193364620209 -0.0873618796468 0.182440295815
      vertex 0.193996280432 -0.0884770601988 0.185490325093
      vertex 0.191244602203 -0.0888578742743 0.183649003506
    endloop
  endfacet
  facet normal -0.0548701360822 -0.813250780106 0.579320669174
    outer loop
      vertex 0.193364620209 -0.0873618796468 0.182440295815
      vertex 0.191244602203 -0.0888578742743 0.183649003506
      vertex 0.190931588411 -0.0853434354067 0.181166604161
    endloop
  endfacet
  facet normal 0.230845525861 -0.804299771786 0.54755115509
    outer loop
      vertex 0.190931588411 -0.0853434354067 0.181166604161
      vertex 0.191244602203 -0.0888578742743 0.183649003506
      vertex 0.187575548887 -0.0879010930657 0.181944578886
    endloop
  endfacet
  facet normal 0.125910311937 -0.67771846056 0.724461376667
    outer loop
      vertex 0.191244602203 -0.0888578742743 0.183649003506
      vertex 0.188800081611 -0.0896827057004 0.184076562524
      vertex 0.187575548887 -0.0879010930657 0.181944578886
    endloop
  endfacet
  facet normal 0.286203533411 -0.17942969501 0.941218614578
    outer loop
      vertex 0.188800081611 -0.0896827057004 0.184076562524
      vertex 0.191244602203 -0.0888578742743 0.183649003506
      vertex 0.189589425921 -0.089972704649 0.186856850982
    endloop
  endfacet
  facet normal 0.172106325626 -0.150406643748 0.973528265953
    outer loop
      vertex 0.188800081611 -0.0896827057004 0.184076562524
      vertex 0.189589425921 -0.089972704649 0.186856850982
      vertex 0.187603384256 -0.0901639312506 0.18582201004
    endloop
  endfacet
  facet normal 0.0154120381922 0.153010994196 0.98810428381
    outer loop
      vertex 0.187603384256 -0.0901639312506 0.18582201004
      vertex 0.189589425921 -0.089972704649 0.186856850982
      vertex 0.18823261559 -0.0897347480059 0.188530191779
    endloop
  endfacet
  facet normal 0.161444187164 0.266051083803 0.950343430042
    outer loop
      vertex 0.18823261559 -0.0897347480059 0.188530191779
      vertex 0.189589425921 -0.089972704649 0.186856850982
      vertex 0.190649658442 -0.0888625830412 0.190178886056
    endloop
  endfacet
  facet normal 0.159907132387 0.266579031944 0.950455307961
    outer loop
      vertex 0.192382082343 -0.0890287905931 0.188547089696
      vertex 0.190649658442 -0.0888625830412 0.190178886056
      vertex 0.189589425921 -0.089972704649 0.186856850982
    endloop
  endfacet
  facet normal 0.248594403267 0.355692148209 0.900934994221
    outer loop
      vertex 0.192303806543 -0.0876121297479 0.19219006598
      vertex 0.190649658442 -0.0888625830412 0.190178886056
      vertex 0.192382082343 -0.0890287905931 0.188547089696
    endloop
  endfacet
  facet normal 0.105891317129 0.460777103901 0.881176173687
    outer loop
      vertex 0.187815278769 -0.0881304442883 0.192230373621
      vertex 0.190649658442 -0.0888625830412 0.190178886056
      vertex 0.192303806543 -0.0876121297479 0.19219006598
    endloop
  endfacet
  facet normal 0.104303263128 0.490630298853 0.86510270834
    outer loop
      vertex 0.187815278769 -0.0881304442883 0.192230373621
      vertex 0.192303806543 -0.0876121297479 0.19219006598
      vertex 0.188796743751 -0.0861711502075 0.195476442575
    endloop
  endfacet
  facet normal 0.0786728188396 0.469545871019 0.879395961761
    outer loop
      vertex 0.188796743751 -0.0861711502075 0.195476442575
      vertex 0.192303806543 -0.0876121297479 0.19219006598
      vertex 0.192091092467 -0.0855994224548 0.195995241404
    endloop
  endfacet
  facet normal 0.0367549918592 0.625487625599 0.779367864132
    outer loop
      vertex 0.188796743751 -0.0861711502075 0.195476442575
      vertex 0.192091092467 -0.0855994224548 0.195995241404
      vertex 0.190266519785 -0.0840095952153 0.198083415627
    endloop
  endfacet
  facet normal 0.243164673448 0.713093519211 0.657547414303
    outer loop
      vertex 0.193427801132 -0.0838459432125 0.197156324983
      vertex 0.190266519785 -0.0840095952153 0.198083415627
      vertex 0.192091092467 -0.0855994224548 0.195995241404
    endloop
  endfacet
  facet normal 0.279896497726 0.891568660736 0.356038361788
    outer loop
      vertex 0.193427801132 -0.0838459432125 0.197156324983
      vertex 0.193021252751 -0.0812405124307 0.198324397206
      vertex 0.190266519785 -0.0840095952153 0.198083415627
    endloop
  endfacet
  facet normal 0.274367928505 0.895329773426 0.350865781307
    outer loop
      vertex 0.189913183451 -0.0814421921968 0.199197813869
      vertex 0.190266519785 -0.0840095952153 0.198083415627
      vertex 0.193021252751 -0.0812405124307 0.198324397206
    endloop
  endfacet
  facet normal 0.163307487965 0.913009345531 0.373824238777
    outer loop
      vertex 0.190266519785 -0.0840095952153 0.198083415627
      vertex 0.189913183451 -0.0814421921968 0.199197813869
      vertex 0.188168853521 -0.0840957313776 0.198423340917
    endloop
  endfacet
  facet normal 0.290555357933 0.850145757198 0.439123898745
    outer loop
      vertex 0.187830835581 -0.0817816853523 0.199734136462
      vertex 0.188168853521 -0.0840957313776 0.198423340917
      vertex 0.189913183451 -0.0814421921968 0.199197813869
    endloop
  endfacet
  facet normal -0.243886590004 0.828119158745 0.504715740681
    outer loop
      vertex 0.184077993035 -0.082938991487 0.19792355597
      vertex 0.188168853521 -0.0840957313776 0.198423340917
      vertex 0.187830835581 -0.0817816853523 0.199734136462
    endloop
  endfacet
  facet normal -0.273309648037 0.692951858044 0.667172789574
    outer loop
      vertex 0.184077993035 -0.082938991487 0.19792355597
      vertex 0.186490893364 -0.0859587937593 0.195967778563
      vertex 0.188168853521 -0.0840957313776 0.198423340917
    endloop
  endfacet
  facet normal -0.384704709053 0.60361456871 0.698320686817
    outer loop
      vertex 0.183400407434 -0.0859145745635 0.194049268961
      vertex 0.186490893364 -0.0859587937593 0.195967778563
      vertex 0.184077993035 -0.082938991487 0.19792355597
    endloop
  endfacet
  facet normal -0.267818957567 0.411340713501 0.871247291565
    outer loop
      vertex 0.186490893364 -0.0859587937593 0.195967778563
      vertex 0.183400407434 -0.0859145745635 0.194049268961
      vertex 0.187815278769 -0.0881304442883 0.192230373621
    endloop
  endfacet
  facet normal -0.185742914677 0.545113563538 0.817527234554
    outer loop
      vertex 0.18444404006 -0.0889908894897 0.189791202545
      vertex 0.187815278769 -0.0881304442883 0.192230373621
      vertex 0.183400407434 -0.0859145745635 0.194049268961
    endloop
  endfacet
  facet normal -0.049644920975 0.392584055662 0.918375253677
    outer loop
      vertex 0.187815278769 -0.0881304442883 0.192230373621
      vertex 0.18444404006 -0.0889908894897 0.189791202545
      vertex 0.18823261559 -0.0897347480059 0.188530191779
    endloop
  endfacet
  facet normal -0.0505836568773 0.390306025743 0.919294536114
    outer loop
      vertex 0.186590984464 -0.0902652293444 0.187067985535
      vertex 0.18823261559 -0.0897347480059 0.188530191779
      vertex 0.18444404006 -0.0889908894897 0.189791202545
    endloop
  endfacet
  facet normal -0.202423661947 0.279601991177 0.938534677029
    outer loop
      vertex 0.186590984464 -0.0902652293444 0.187067985535
      vertex 0.18444404006 -0.0889908894897 0.189791202545
      vertex 0.183066040277 -0.0897565707564 0.186223432422
    endloop
  endfacet
  facet normal -0.11151381582 0.249510347843 0.96192997694
    outer loop
      vertex 0.18444404006 -0.0889908894897 0.189791202545
      vertex 0.180272430182 -0.0888450071216 0.188489198685
      vertex 0.183066040277 -0.0897565707564 0.186223432422
    endloop
  endfacet
  facet normal -0.238445162773 0.687075316906 0.686346411705
    outer loop
      vertex 0.18444404006 -0.0889908894897 0.189791202545
      vertex 0.180029585958 -0.0856929197907 0.191553667188
      vertex 0.180272430182 -0.0888450071216 0.188489198685
    endloop
  endfacet
  facet normal -0.533516526222 0.585520744324 0.610348701477
    outer loop
      vertex 0.177264884114 -0.0851752981544 0.189574092627
      vertex 0.180272430182 -0.0888450071216 0.188489198685
      vertex 0.180029585958 -0.0856929197907 0.191553667188
    endloop
  endfacet
  facet normal -0.446372419596 0.689977109432 0.569809854031
    outer loop
      vertex 0.180272430182 -0.0888450071216 0.188489198685
      vertex 0.177264884114 -0.0851752981544 0.189574092627
      vertex 0.176901578903 -0.0873822048306 0.187516510487
    endloop
  endfacet
  facet normal -0.917913496494 0.354095906019 0.179027616978
    outer loop
      vertex 0.176901578903 -0.0873822048306 0.187516510487
      vertex 0.177264884114 -0.0851752981544 0.189574092627
      vertex 0.176178082824 -0.0843841210008 0.187156796455
    endloop
  endfacet
  facet normal -0.919569909573 0.373155266047 0.123070590198
    outer loop
      vertex 0.176178082824 -0.0843841210008 0.187156796455
      vertex 0.177264884114 -0.0851752981544 0.189574092627
      vertex 0.177428379655 -0.0822960808873 0.190926596522
    endloop
  endfacet
  facet normal -0.862221300602 0.432241678238 0.264086216688
    outer loop
      vertex 0.175453230739 -0.0806892439723 0.187968343496
      vertex 0.176178082824 -0.0843841210008 0.187156796455
      vertex 0.177428379655 -0.0822960808873 0.190926596522
    endloop
  endfacet
  facet normal -0.921082496643 -0.376852601767 0.0979242324829
    outer loop
      vertex 0.175453230739 -0.0806892439723 0.187968343496
      vertex 0.176526665688 -0.0807086527348 0.185349747539
      vertex 0.176178082824 -0.0843841210008 0.187156796455
    endloop
  endfacet
  facet normal -0.868369579315 -0.353391081095 0.347921013832
    outer loop
      vertex 0.174871757627 -0.0777082741261 0.186462312937
      vertex 0.176526665688 -0.0807086527348 0.185349747539
      vertex 0.175453230739 -0.0806892439723 0.187968343496
    endloop
  endfacet
  facet normal -0.711630165577 -0.689067721367 0.136997178197
    outer loop
      vertex 0.174871757627 -0.0777082741261 0.186462312937
      vertex 0.176542893052 -0.0775125697255 0.184697568417
      vertex 0.176526665688 -0.0807086527348 0.185349747539
    endloop
  endfacet
  facet normal -0.662833750248 -0.665683805943 0.342806786299
    outer loop
      vertex 0.174871757627 -0.0777082741261 0.186462312937
      vertex 0.174130290747 -0.073818847537 0.185197681189
      vertex 0.176542893052 -0.0775125697255 0.184697568417
    endloop
  endfacet
  facet normal -0.495098412037 -0.843274056911 0.209204241633
    outer loop
      vertex 0.174130290747 -0.073818847537 0.185197681189
      vertex 0.177123010159 -0.073843434453 0.183446705341
      vertex 0.176542893052 -0.0775125697255 0.184697568417
    endloop
  endfacet
  facet normal -0.457159996033 -0.86139190197 0.22137928009
    outer loop
      vertex 0.176542893052 -0.0775125697255 0.184697568417
      vertex 0.177123010159 -0.073843434453 0.183446705341
      vertex 0.178589642048 -0.0770814344287 0.183500513434
    endloop
  endfacet
  facet normal -0.386481493711 -0.902503967285 0.19004906714
    outer loop
      vertex 0.179420754313 -0.0747471600771 0.182653054595
      vertex 0.178589642048 -0.0770814344287 0.183500513434
      vertex 0.177123010159 -0.073843434453 0.183446705341
    endloop
  endfacet
  facet normal -0.384205818176 -0.903247237206 0.191129148006
    outer loop
      vertex 0.181863024831 -0.0759654641151 0.18187199533
      vertex 0.178589642048 -0.0770814344287 0.183500513434
      vertex 0.179420754313 -0.0747471600771 0.182653054595
    endloop
  endfacet
  facet normal -0.402832746506 -0.904713690281 0.138632297516
    outer loop
      vertex 0.181660622358 -0.0800608024001 0.182589665055
      vertex 0.178589642048 -0.0770814344287 0.183500513434
      vertex 0.181863024831 -0.0759654641151 0.18187199533
    endloop
  endfacet
  facet normal -0.358480125666 -0.929632306099 0.0852978229523
    outer loop
      vertex 0.178521603346 -0.0800157785416 0.18379598856
      vertex 0.178589642048 -0.0770814344287 0.183500513434
      vertex 0.181660622358 -0.0800608024001 0.182589665055
    endloop
  endfacet
  facet normal -0.35789886117 -0.932845592499 -0.0413213148713
    outer loop
      vertex 0.181660622358 -0.0800608024001 0.182589665055
      vertex 0.179749488831 -0.0822770148516 0.183224722743
      vertex 0.178521603346 -0.0800157785416 0.18379598856
    endloop
  endfacet
  facet normal -0.345252692699 -0.938064038754 -0.0289205964655
    outer loop
      vertex 0.181660622358 -0.0800608024001 0.182589665055
      vertex 0.182661533356 -0.0847455412149 0.182076841593
      vertex 0.179749488831 -0.0822770148516 0.183224722743
    endloop
  endfacet
  facet normal -0.257473140955 -0.96495872736 -0.0506190247834
    outer loop
      vertex 0.181660622358 -0.0800608024001 0.182589665055
      vertex 0.185570642352 -0.0815199390054 0.181469842792
      vertex 0.182661533356 -0.0847455412149 0.182076841593
    endloop
  endfacet
  facet normal -0.318461984396 -0.938547492027 0.133080884814
    outer loop
      vertex 0.185570642352 -0.0815199390054 0.181469842792
      vertex 0.181660622358 -0.0800608024001 0.182589665055
      vertex 0.184093445539 -0.0782160162926 0.181502595544
    endloop
  endfacet
  facet normal -0.310935527086 -0.941541612148 0.129686117172
    outer loop
      vertex 0.185719519854 -0.0778243690729 0.180911645293
      vertex 0.185570642352 -0.0815199390054 0.181469842792
      vertex 0.184093445539 -0.0782160162926 0.181502595544
    endloop
  endfacet
  facet normal -0.245559558272 -0.959921658039 0.135095909238
    outer loop
      vertex 0.185570642352 -0.0815199390054 0.181469842792
      vertex 0.185719519854 -0.0778243690729 0.180911645293
      vertex 0.187425926328 -0.0813204497099 0.180967152119
    endloop
  endfacet
  facet normal -0.182683974504 -0.977582335472 0.10468710959
    outer loop
      vertex 0.187425926328 -0.0813204497099 0.180967152119
      vertex 0.185719519854 -0.0778243690729 0.180911645293
      vertex 0.188569843769 -0.0784621238708 0.180447295308
    endloop
  endfacet
  facet normal -0.201186478138 -0.958678722382 0.201144456863
    outer loop
      vertex 0.188569843769 -0.0784621238708 0.180447295308
      vertex 0.185719519854 -0.0778243690729 0.180911645293
      vertex 0.187516435981 -0.0766853317618 0.180295571685
    endloop
  endfacet
  facet normal -0.216849893332 -0.959997355938 0.177147462964
    outer loop
      vertex 0.187516435981 -0.0766853317618 0.180295571685
      vertex 0.185719519854 -0.0778243690729 0.180911645293
      vertex 0.185156479478 -0.0756192058325 0.180631920695
    endloop
  endfacet
  facet normal -0.255578577518 -0.927395403385 0.27316185832
    outer loop
      vertex 0.187516435981 -0.0766853317618 0.180295571685
      vertex 0.185156479478 -0.0756192058325 0.180631920695
      vertex 0.186429560184 -0.0749333202839 0.180079042912
    endloop
  endfacet
  facet normal -0.232503041625 -0.92146140337 0.311209201813
    outer loop
      vertex 0.185156479478 -0.0756192058325 0.180631920695
      vertex 0.18550722301 -0.0737646371126 0.179917067289
      vertex 0.186429560184 -0.0749333202839 0.180079042912
    endloop
  endfacet
  facet normal -0.275013208389 -0.913414895535 0.300068199635
    outer loop
      vertex 0.18550722301 -0.0737646371126 0.179917067289
      vertex 0.185156479478 -0.0756192058325 0.180631920695
      vertex 0.182758018374 -0.0736314207315 0.180701047182
    endloop
  endfacet
  facet normal -0.301471501589 -0.893552780151 0.332683563232
    outer loop
      vertex 0.181863024831 -0.0759654641151 0.18187199533
      vertex 0.182758018374 -0.0736314207315 0.180701047182
      vertex 0.185156479478 -0.0756192058325 0.180631920695
    endloop
  endfacet
  facet normal -0.384472459555 -0.875761032104 0.291930794716
    outer loop
      vertex 0.180865809321 -0.0731977596879 0.18138718605
      vertex 0.182758018374 -0.0736314207315 0.180701047182
      vertex 0.181863024831 -0.0759654641151 0.18187199533
    endloop
  endfacet
  facet normal -0.394175738096 -0.785626351833 0.476882308722
    outer loop
      vertex 0.182758018374 -0.0736314207315 0.180701047182
      vertex 0.180865809321 -0.0731977596879 0.18138718605
      vertex 0.182880431414 -0.0715877115726 0.179399073124
    endloop
  endfacet
  facet normal -0.4329867661 -0.790116906166 0.433863788843
    outer loop
      vertex 0.182880431414 -0.0715877115726 0.179399073124
      vertex 0.180865809321 -0.0731977596879 0.18138718605
      vertex 0.18113809824 -0.0700223371387 0.179494306445
    endloop
  endfacet
  facet normal -0.494929730892 -0.764392316341 0.413217872381
    outer loop
      vertex 0.180865809321 -0.0731977596879 0.18138718605
      vertex 0.179461374879 -0.0713442340493 0.181294545531
      vertex 0.18113809824 -0.0700223371387 0.179494306445
    endloop
  endfacet
  facet normal -0.427963286638 -0.826556682587 0.365583777428
    outer loop
      vertex 0.179311364889 -0.0729252174497 0.182071492076
      vertex 0.179461374879 -0.0713442340493 0.181294545531
      vertex 0.180865809321 -0.0731977596879 0.18138718605
    endloop
  endfacet
  facet normal -0.428133785725 -0.826489984989 0.365534842014
    outer loop
      vertex 0.17799064517 -0.0708851888776 0.18185338378
      vertex 0.179461374879 -0.0713442340493 0.181294545531
      vertex 0.179311364889 -0.0729252174497 0.182071492076
    endloop
  endfacet
  facet normal -0.428149938583 -0.826422274113 0.365669041872
    outer loop
      vertex 0.17799064517 -0.0708851888776 0.18185338378
      vertex 0.178056910634 -0.0694904774427 0.181201934814
      vertex 0.179461374879 -0.0713442340493 0.181294545531
    endloop
  endfacet
  facet normal -0.417891234159 -0.830583691597 0.368100076914
    outer loop
      vertex 0.178056910634 -0.0694904774427 0.181201934814
      vertex 0.17799064517 -0.0708851888776 0.18185338378
      vertex 0.175518319011 -0.0698693618178 0.182647094131
    endloop
  endfacet
  facet normal -0.410296291113 -0.847702741623 0.336239486933
    outer loop
      vertex 0.175518319011 -0.0698693618178 0.182647094131
      vertex 0.17799064517 -0.0708851888776 0.18185338378
      vertex 0.177123010159 -0.073843434453 0.183446705341
    endloop
  endfacet
  facet normal -0.389923840761 -0.803079783916 0.450579941273
    outer loop
      vertex 0.178056910634 -0.0694904774427 0.181201934814
      vertex 0.175518319011 -0.0698693618178 0.182647094131
      vertex 0.177137061954 -0.067549906671 0.180559769273
    endloop
  endfacet
  facet normal -0.489603817463 -0.731716990471 0.474213451147
    outer loop
      vertex 0.178056910634 -0.0694904774427 0.181201934814
      vertex 0.177137061954 -0.067549906671 0.180559769273
      vertex 0.179637297988 -0.0685574635863 0.17953979969
    endloop
  endfacet
  facet normal -0.52052885294 -0.736970365047 0.431189477444
    outer loop
      vertex 0.179461374879 -0.0713442340493 0.181294545531
      vertex 0.178056910634 -0.0694904774427 0.181201934814
      vertex 0.179637297988 -0.0685574635863 0.17953979969
    endloop
  endfacet
  facet normal -0.391527354717 -0.853168427944 0.344688177109
    outer loop
      vertex 0.179311364889 -0.0729252174497 0.182071492076
      vertex 0.177123010159 -0.073843434453 0.183446705341
      vertex 0.17799064517 -0.0708851888776 0.18185338378
    endloop
  endfacet
  facet normal -0.427885144949 -0.853274583817 0.298055022955
    outer loop
      vertex 0.179420754313 -0.0747471600771 0.182653054595
      vertex 0.179311364889 -0.0729252174497 0.182071492076
      vertex 0.180865809321 -0.0731977596879 0.18138718605
    endloop
  endfacet
  facet normal -0.463374495506 -0.7627825737 0.451050817966
    outer loop
      vertex 0.179637297988 -0.0685574635863 0.17953979969
      vertex 0.18113809824 -0.0700223371387 0.179494306445
      vertex 0.179461374879 -0.0713442340493 0.181294545531
    endloop
  endfacet
  facet normal -0.47277367115 -0.750945985317 0.461047947407
    outer loop
      vertex 0.181124210358 -0.0673497244716 0.17786218226
      vertex 0.18113809824 -0.0700223371387 0.179494306445
      vertex 0.179637297988 -0.0685574635863 0.17953979969
    endloop
  endfacet
  facet normal -0.560850977898 -0.705280900002 0.433618575335
    outer loop
      vertex 0.18113809824 -0.0700223371387 0.179494306445
      vertex 0.181124210358 -0.0673497244716 0.17786218226
      vertex 0.182587996125 -0.0694332867861 0.177979171276
    endloop
  endfacet
  facet normal -0.613008916378 -0.637675285339 0.466465771198
    outer loop
      vertex 0.181124210358 -0.0673497244716 0.17786218226
      vertex 0.182386234403 -0.067851036787 0.177015691996
      vertex 0.182587996125 -0.0694332867861 0.177979171276
    endloop
  endfacet
  facet normal -0.604313313961 -0.760766386986 0.236727505922
    outer loop
      vertex 0.182386234403 -0.067851036787 0.177015691996
      vertex 0.181124210358 -0.0673497244716 0.17786218226
      vertex 0.182587474585 -0.0661071911454 0.176313191652
    endloop
  endfacet
  facet normal -0.587634563446 -0.765458583832 0.262218803167
    outer loop
      vertex 0.180512145162 -0.0641090795398 0.177221938968
      vertex 0.182587474585 -0.0661071911454 0.176313191652
      vertex 0.181124210358 -0.0673497244716 0.17786218226
    endloop
  endfacet
  facet normal -0.457560300827 -0.886243760586 0.0721843764186
    outer loop
      vertex 0.182587474585 -0.0661071911454 0.176313191652
      vertex 0.180512145162 -0.0641090795398 0.177221938968
      vertex 0.183477833867 -0.0638808757067 0.175672188401
    endloop
  endfacet
  facet normal -0.514254570007 -0.856657385826 0.0409925468266
    outer loop
      vertex 0.182587474585 -0.0661071911454 0.176313191652
      vertex 0.183477833867 -0.0638808757067 0.175672188401
      vertex 0.184689849615 -0.065636433661 0.175028607249
    endloop
  endfacet
  facet normal -0.276205569506 -0.948202729225 -0.156914204359
    outer loop
      vertex 0.184689849615 -0.065636433661 0.175028607249
      vertex 0.183477833867 -0.0638808757067 0.175672188401
      vertex 0.186267569661 -0.0635606795549 0.174912542105
    endloop
  endfacet
  facet normal -0.283137738705 -0.866640508175 -0.410812884569
    outer loop
      vertex 0.186267569661 -0.0635606795549 0.174912542105
      vertex 0.183477833867 -0.0638808757067 0.175672188401
      vertex 0.185834541917 -0.0622227117419 0.175688251853
    endloop
  endfacet
  facet normal -0.377486377954 -0.895210802555 -0.236857801676
    outer loop
      vertex 0.184689849615 -0.065636433661 0.175028607249
      vertex 0.186267569661 -0.0635606795549 0.174912542105
      vertex 0.186541631818 -0.0654005333781 0.174310177565
    endloop
  endfacet
  facet normal -0.155299931765 -0.94544005394 -0.286400079727
    outer loop
      vertex 0.186267569661 -0.0635606795549 0.174912542105
      vertex 0.187499940395 -0.0642759501934 0.174493432045
      vertex 0.186541631818 -0.0654005333781 0.174310177565
    endloop
  endfacet
  facet normal -0.078390866518 -0.913158535957 -0.39999550581
    outer loop
      vertex 0.187499940395 -0.0642759501934 0.174493432045
      vertex 0.186267569661 -0.0635606795549 0.174912542105
      vertex 0.187777683139 -0.0617844536901 0.175560951233
    endloop
  endfacet
  facet normal 0.144145131111 -0.915296494961 -0.376104384661
    outer loop
      vertex 0.189819440246 -0.0626335218549 0.175533607602
      vertex 0.187499940395 -0.0642759501934 0.174493432045
      vertex 0.187777683139 -0.0617844536901 0.175560951233
    endloop
  endfacet
  facet normal 0.265891075134 -0.938786506653 -0.219047650695
    outer loop
      vertex 0.188689872622 -0.0659698322415 0.174435213208
      vertex 0.187499940395 -0.0642759501934 0.174493432045
      vertex 0.189819440246 -0.0626335218549 0.175533607602
    endloop
  endfacet
  facet normal 0.125661343336 -0.954173982143 -0.271590262651
    outer loop
      vertex 0.189819440246 -0.0626335218549 0.175533607602
      vertex 0.190725624561 -0.0651491358876 0.174936920404
      vertex 0.188689872622 -0.0659698322415 0.174435213208
    endloop
  endfacet
  facet normal 0.384266912937 -0.857603430748 -0.341841042042
    outer loop
      vertex 0.190725624561 -0.0651491358876 0.174936920404
      vertex 0.189819440246 -0.0626335218549 0.175533607602
      vertex 0.192366942763 -0.064228862524 0.176039174199
    endloop
  endfacet
  facet normal 0.465363055468 -0.719881534576 -0.514983296394
    outer loop
      vertex 0.192366942763 -0.064228862524 0.176039174199
      vertex 0.189819440246 -0.0626335218549 0.175533607602
      vertex 0.191252484918 -0.062293112278 0.176703512669
    endloop
  endfacet
  facet normal 0.286871850491 -0.574460744858 -0.766615569592
    outer loop
      vertex 0.189594954252 -0.0609558299184 0.177660375834
      vertex 0.191252484918 -0.062293112278 0.176703512669
      vertex 0.189819440246 -0.0626335218549 0.175533607602
    endloop
  endfacet
  facet normal 0.602945387363 -0.581130802631 -0.5465747118
    outer loop
      vertex 0.192366942763 -0.064228862524 0.176039174199
      vertex 0.191252484918 -0.062293112278 0.176703512669
      vertex 0.194382295012 -0.0632587447762 0.179042592645
    endloop
  endfacet
  facet normal 0.472474247217 -0.288380950689 -0.832829236984
    outer loop
      vertex 0.191651716828 -0.0611197128892 0.180746302009
      vertex 0.194382295012 -0.0632587447762 0.179042592645
      vertex 0.191252484918 -0.062293112278 0.176703512669
    endloop
  endfacet
  facet normal 0.37261095643 -0.502105116844 -0.780417561531
    outer loop
      vertex 0.194706335664 -0.0649266764522 0.176690608263
      vertex 0.192366942763 -0.064228862524 0.176039174199
      vertex 0.194382295012 -0.0632587447762 0.179042592645
    endloop
  endfacet
  facet normal 0.330696702003 -0.906541824341 -0.262338757515
    outer loop
      vertex 0.194706335664 -0.0649266764522 0.176690608263
      vertex 0.194405242801 -0.0669455751777 0.175996541977
      vertex 0.192366942763 -0.064228862524 0.176039174199
    endloop
  endfacet
  facet normal -0.0292463842779 -0.94392234087 -0.328869611025
    outer loop
      vertex 0.194405242801 -0.0669455751777 0.175996541977
      vertex 0.194706335664 -0.0649266764522 0.176690608263
      vertex 0.196329057217 -0.0667937472463 0.175989836454
    endloop
  endfacet
  facet normal 0.484299868345 -0.592832505703 -0.643430829048
    outer loop
      vertex 0.196157708764 -0.0643717348576 0.178478583694
      vertex 0.196329057217 -0.0667937472463 0.175989836454
      vertex 0.194706335664 -0.0649266764522 0.176690608263
    endloop
  endfacet
  facet normal -0.0543485619128 -0.698320925236 -0.713718473911
    outer loop
      vertex 0.196329057217 -0.0667937472463 0.175989836454
      vertex 0.196157708764 -0.0643717348576 0.178478583694
      vertex 0.198251992464 -0.0659967064857 0.176654785872
    endloop
  endfacet
  facet normal 0.17473167181 -0.53552532196 -0.826245427132
    outer loop
      vertex 0.198251992464 -0.0659967064857 0.176654785872
      vertex 0.196157708764 -0.0643717348576 0.178478583694
      vertex 0.199470683932 -0.0647843778133 0.178922891617
    endloop
  endfacet
  facet normal 0.156287059188 -0.287854492664 -0.944835484028
    outer loop
      vertex 0.196157708764 -0.0643717348576 0.178478583694
      vertex 0.19681224227 -0.0633876100183 0.182064190507
      vertex 0.199470683932 -0.0647843778133 0.178922891617
    endloop
  endfacet
  facet normal 0.431846559048 -0.311184495687 -0.846565246582
    outer loop
      vertex 0.19681224227 -0.0633876100183 0.182064190507
      vertex 0.196157708764 -0.0643717348576 0.178478583694
      vertex 0.194382295012 -0.0632587447762 0.179042592645
    endloop
  endfacet
  facet normal 0.355509370565 -0.247459366918 -0.901319563389
    outer loop
      vertex 0.194382295012 -0.0632587447762 0.179042592645
      vertex 0.194095626473 -0.0614896416664 0.185074359179
      vertex 0.19681224227 -0.0633876100183 0.182064190507
    endloop
  endfacet
  facet normal 0.395250022411 -0.207502290606 -0.894829690456
    outer loop
      vertex 0.196898087859 -0.062025859952 0.188100099564
      vertex 0.19681224227 -0.0633876100183 0.182064190507
      vertex 0.194095626473 -0.0614896416664 0.185074359179
    endloop
  endfacet
  facet normal 0.148886039853 -0.219638362527 -0.964153468609
    outer loop
      vertex 0.199639633298 -0.0634969398379 0.183500856161
      vertex 0.19681224227 -0.0633876100183 0.182064190507
      vertex 0.196898087859 -0.062025859952 0.188100099564
    endloop
  endfacet
  facet normal 0.322894304991 -0.108259923756 -0.940222859383
    outer loop
      vertex 0.200846970081 -0.0635567754507 0.186582162976
      vertex 0.199639633298 -0.0634969398379 0.183500856161
      vertex 0.196898087859 -0.062025859952 0.188100099564
    endloop
  endfacet
  facet normal 0.579084157944 -0.211610630155 -0.787326157093
    outer loop
      vertex 0.199639633298 -0.0634969398379 0.183500856161
      vertex 0.200846970081 -0.0635567754507 0.186582162976
      vertex 0.202267408371 -0.0655832588673 0.182929486036
    endloop
  endfacet
  facet normal 0.791596412659 -0.0307394284755 -0.610270619392
    outer loop
      vertex 0.200846970081 -0.0635567754507 0.186582162976
      vertex 0.203135386109 -0.0665278807282 0.18652792275
      vertex 0.202267408371 -0.0655832588673 0.182929486036
    endloop
  endfacet
  facet normal 0.79085701704 0.071247510612 -0.607839584351
    outer loop
      vertex 0.200918391347 -0.0641286075115 0.190667763352
      vertex 0.203135386109 -0.0665278807282 0.18652792275
      vertex 0.200846970081 -0.0635567754507 0.186582162976
    endloop
  endfacet
  facet normal 0.77482008934 0.0496848225594 -0.630226373672
    outer loop
      vertex 0.203135386109 -0.0665278807282 0.18652792275
      vertex 0.200918391347 -0.0641286075115 0.190667763352
      vertex 0.203761860728 -0.067693926394 0.191548973322
    endloop
  endfacet
  facet normal 0.757946014404 0.13573910296 -0.638038218021
    outer loop
      vertex 0.203761860728 -0.067693926394 0.191548973322
      vertex 0.200918391347 -0.0641286075115 0.190667763352
      vertex 0.201789259911 -0.0657768920064 0.193552717566
    endloop
  endfacet
  facet normal 0.331936329603 0.390416502953 -0.858716011047
    outer loop
      vertex 0.201789259911 -0.0657768920064 0.193552717566
      vertex 0.200918391347 -0.0641286075115 0.190667763352
      vertex 0.197994142771 -0.0647387877107 0.194496080279
    endloop
  endfacet
  facet normal 0.40318068862 0.436191409826 -0.804476439953
    outer loop
      vertex 0.198406606913 -0.0626784265041 0.190314859152
      vertex 0.197994142771 -0.0647387877107 0.194496080279
      vertex 0.200918391347 -0.0641286075115 0.190667763352
    endloop
  endfacet
  facet normal 0.477246701717 0.425861477852 -0.768685638905
    outer loop
      vertex 0.195198789239 -0.0627305656672 0.194003865123
      vertex 0.197994142771 -0.0647387877107 0.194496080279
      vertex 0.198406606913 -0.0626784265041 0.190314859152
    endloop
  endfacet
  facet normal 0.344511002302 0.544108510017 -0.765021622181
    outer loop
      vertex 0.201789259911 -0.0657768920064 0.193552717566
      vertex 0.197994142771 -0.0647387877107 0.194496080279
      vertex 0.200487449765 -0.0671394392848 0.196292743087
    endloop
  endfacet
  facet normal 0.0229005645961 0.788848042488 -0.614161431789
    outer loop
      vertex 0.200487449765 -0.0671394392848 0.196292743087
      vertex 0.197994142771 -0.0647387877107 0.194496080279
      vertex 0.196248948574 -0.0676672756672 0.196826741099
    endloop
  endfacet
  facet normal 0.0743044838309 0.934332430363 -0.348570942879
    outer loop
      vertex 0.200487449765 -0.0671394392848 0.196292743087
      vertex 0.196248948574 -0.0676672756672 0.196826741099
      vertex 0.199108675122 -0.0708447620273 0.197784736753
    endloop
  endfacet
  facet normal 0.252175152302 0.926517307758 -0.279237151146
    outer loop
      vertex 0.199108675122 -0.0708447620273 0.197784736753
      vertex 0.201229229569 -0.0716413408518 0.197447642684
      vertex 0.200487449765 -0.0671394392848 0.196292743087
    endloop
  endfacet
  facet normal 0.107062637806 0.985450387001 0.132004201412
    outer loop
      vertex 0.201229229569 -0.0716413408518 0.197447642684
      vertex 0.199108675122 -0.0708447620273 0.197784736753
      vertex 0.19793023169 -0.0738021954894 0.197516605258
    endloop
  endfacet
  facet normal 0.0536450631917 0.992333054543 0.111343130469
    outer loop
      vertex 0.199108675122 -0.0708447620273 0.197784736753
      vertex 0.196152687073 -0.0710440203547 0.197922170162
      vertex 0.19793023169 -0.0738021954894 0.197516605258
    endloop
  endfacet
  facet normal 0.479956448078 0.827494740486 -0.291366130114
    outer loop
      vertex 0.200487449765 -0.0671394392848 0.196292743087
      vertex 0.201229229569 -0.0716413408518 0.197447642684
      vertex 0.202853068709 -0.0682938843966 0.195327147841
    endloop
  endfacet
  facet normal 0.53649687767 0.566114723682 -0.625847637653
    outer loop
      vertex 0.202853068709 -0.0682938843966 0.195327147841
      vertex 0.201789259911 -0.0657768920064 0.193552717566
      vertex 0.200487449765 -0.0671394392848 0.196292743087
    endloop
  endfacet
  facet normal 0.799425125122 0.276950836182 -0.533120691776
    outer loop
      vertex 0.203761860728 -0.067693926394 0.191548973322
      vertex 0.201789259911 -0.0657768920064 0.193552717566
      vertex 0.202853068709 -0.0682938843966 0.195327147841
    endloop
  endfacet
  facet normal 0.865795373917 0.274677723646 -0.418270915747
    outer loop
      vertex 0.203761860728 -0.067693926394 0.191548973322
      vertex 0.202853068709 -0.0682938843966 0.195327147841
      vertex 0.204618304968 -0.0704649612308 0.193069085479
    endloop
  endfacet
  facet normal 0.859259009361 0.463373631239 -0.216699823737
    outer loop
      vertex 0.203886806965 -0.0733981654048 0.195797264576
      vertex 0.204618304968 -0.0704649612308 0.193069085479
      vertex 0.202853068709 -0.0682938843966 0.195327147841
    endloop
  endfacet
  facet normal 0.938245713711 0.0834407880902 -0.335756808519
    outer loop
      vertex 0.203761860728 -0.067693926394 0.191548973322
      vertex 0.204618304968 -0.0704649612308 0.193069085479
      vertex 0.204960644245 -0.0706129968166 0.189815342426
    endloop
  endfacet
  facet normal 0.994464099407 0.103926122189 -0.01550912112
    outer loop
      vertex 0.204618304968 -0.0704649612308 0.193069085479
      vertex 0.204654633999 -0.0749373435974 0.193388864398
      vertex 0.204960644245 -0.0706129968166 0.189815342426
    endloop
  endfacet
  facet normal 0.982506811619 0.171620577574 -0.072296179831
    outer loop
      vertex 0.205320209265 -0.0765760987997 0.190268918872
      vertex 0.204960644245 -0.0706129968166 0.189815342426
      vertex 0.204654633999 -0.0749373435974 0.193388864398
    endloop
  endfacet
  facet normal 0.979626536369 0.186976835132 -0.0732905641198
    outer loop
      vertex 0.205320209265 -0.0765760987997 0.190268918872
      vertex 0.205827489495 -0.0750466883183 0.187011614442
      vertex 0.204960644245 -0.0706129968166 0.189815342426
    endloop
  endfacet
  facet normal 0.961016535759 0.0201912391931 0.275752723217
    outer loop
      vertex 0.205827489495 -0.0750466883183 0.187011614442
      vertex 0.205320209265 -0.0765760987997 0.190268918872
      vertex 0.204703629017 -0.0788087397814 0.189123809338
    endloop
  endfacet
  facet normal 0.890962839127 0.25405356288 0.376353621483
    outer loop
      vertex 0.204445645213 -0.0771541297436 0.192479684949
      vertex 0.204703629017 -0.0788087397814 0.189123809338
      vertex 0.205320209265 -0.0765760987997 0.190268918872
    endloop
  endfacet
  facet normal 0.967506349087 0.105599328876 0.229739457369
    outer loop
      vertex 0.204703629017 -0.0788087397814 0.189123809338
      vertex 0.205183684826 -0.0783469378948 0.185730174184
      vertex 0.205827489495 -0.0750466883183 0.187011614442
    endloop
  endfacet
  facet normal 0.845795094967 0.0473320186138 0.531404137611
    outer loop
      vertex 0.205183684826 -0.0783469378948 0.185730174184
      vertex 0.204703629017 -0.0788087397814 0.189123809338
      vertex 0.203028604388 -0.0815144330263 0.188678249717
    endloop
  endfacet
  facet normal 0.812679111958 0.220434322953 0.539408385754
    outer loop
      vertex 0.202783092856 -0.0802885442972 0.192583188415
      vertex 0.203028604388 -0.0815144330263 0.188678249717
      vertex 0.204703629017 -0.0788087397814 0.189123809338
    endloop
  endfacet
  facet normal 0.755098164082 0.239116549492 0.610450685024
    outer loop
      vertex 0.203028604388 -0.0815144330263 0.188678249717
      vertex 0.202783092856 -0.0802885442972 0.192583188415
      vertex 0.200335338712 -0.0832509174943 0.192750096321
    endloop
  endfacet
  facet normal 0.799603760242 0.309389770031 0.514695882797
    outer loop
      vertex 0.20025639236 -0.0847686305642 0.190429270267
      vertex 0.203028604388 -0.0815144330263 0.188678249717
      vertex 0.200335338712 -0.0832509174943 0.192750096321
    endloop
  endfacet
  facet normal 0.765940546989 0.0182957351208 0.642651081085
    outer loop
      vertex 0.203028604388 -0.0815144330263 0.188678249717
      vertex 0.20025639236 -0.0847686305642 0.190429270267
      vertex 0.20151604712 -0.0833628848195 0.187072664499
    endloop
  endfacet
  facet normal 0.625385820866 -0.0899269655347 0.775116562843
    outer loop
      vertex 0.197946980596 -0.0864332318306 0.188716560602
      vertex 0.20151604712 -0.0833628848195 0.187072664499
      vertex 0.20025639236 -0.0847686305642 0.190429270267
    endloop
  endfacet
  facet normal 0.587626516819 -0.192188635468 0.785976231098
    outer loop
      vertex 0.197946980596 -0.0864332318306 0.188716560602
      vertex 0.199145555496 -0.0844288021326 0.184183955193
      vertex 0.20151604712 -0.0833628848195 0.187072664499
    endloop
  endfacet
  facet normal 0.645883023739 -0.265958219767 0.715612530708
    outer loop
      vertex 0.199145555496 -0.0844288021326 0.184183955193
      vertex 0.203314930201 -0.0804827511311 0.183691725135
      vertex 0.20151604712 -0.0833628848195 0.187072664499
    endloop
  endfacet
  facet normal 0.589027166367 -0.440743893385 0.6773416996
    outer loop
      vertex 0.199145555496 -0.0844288021326 0.184183955193
      vertex 0.201736792922 -0.0801579654217 0.181083500385
      vertex 0.203314930201 -0.0804827511311 0.183691725135
    endloop
  endfacet
  facet normal 0.331229507923 -0.656590878963 0.677624821663
    outer loop
      vertex 0.201736792922 -0.0801579654217 0.181083500385
      vertex 0.199145555496 -0.0844288021326 0.184183955193
      vertex 0.198191478848 -0.0815345197916 0.18071565032
    endloop
  endfacet
  facet normal 0.286196172237 -0.659097135067 0.695473015308
    outer loop
      vertex 0.198191478848 -0.0815345197916 0.18071565032
      vertex 0.199145555496 -0.0844288021326 0.184183955193
      vertex 0.195053204894 -0.0830927789211 0.18099719286
    endloop
  endfacet
  facet normal 0.427027642727 -0.756220936775 0.495759308338
    outer loop
      vertex 0.199145555496 -0.0844288021326 0.184183955193
      vertex 0.196548327804 -0.0867094323039 0.184212461114
      vertex 0.195053204894 -0.0830927789211 0.18099719286
    endloop
  endfacet
  facet normal 0.503099560738 -0.738634109497 0.448676347733
    outer loop
      vertex 0.195053204894 -0.0830927789211 0.18099719286
      vertex 0.196548327804 -0.0867094323039 0.184212461114
      vertex 0.193364620209 -0.0873618796468 0.182440295815
    endloop
  endfacet
  facet normal 0.193741410971 -0.82013630867 0.538368523121
    outer loop
      vertex 0.198191478848 -0.0815345197916 0.18071565032
      vertex 0.195053204894 -0.0830927789211 0.18099719286
      vertex 0.197011426091 -0.0788993537426 0.178707063198
    endloop
  endfacet
  facet normal -0.189770743251 -0.896270811558 0.40085619688
    outer loop
      vertex 0.193604201078 -0.0780715346336 0.179058253765
      vertex 0.197011426091 -0.0788993537426 0.178707063198
      vertex 0.195053204894 -0.0830927789211 0.18099719286
    endloop
  endfacet
  facet normal -0.220806375146 -0.788200259209 0.574443101883
    outer loop
      vertex 0.197011426091 -0.0788993537426 0.178707063198
      vertex 0.193604201078 -0.0780715346336 0.179058253765
      vertex 0.196774721146 -0.0775334760547 0.177777931094
    endloop
  endfacet
  facet normal -0.277853280306 -0.864275157452 0.419316053391
    outer loop
      vertex 0.196774721146 -0.0775334760547 0.177777931094
      vertex 0.193604201078 -0.0780715346336 0.179058253765
      vertex 0.195937111974 -0.0752891302109 0.176958322525
    endloop
  endfacet
  facet normal -0.353370070457 -0.86490291357 0.356472343206
    outer loop
      vertex 0.193604201078 -0.0780715346336 0.179058253765
      vertex 0.192762166262 -0.0755106657743 0.178346812725
      vertex 0.195937111974 -0.0752891302109 0.176958322525
    endloop
  endfacet
  facet normal -0.296398431063 -0.890619456768 0.344884037971
    outer loop
      vertex 0.193604201078 -0.0780715346336 0.179058253765
      vertex 0.190185829997 -0.0763568580151 0.179531902075
      vertex 0.192762166262 -0.0755106657743 0.178346812725
    endloop
  endfacet
  facet normal -0.248142063618 -0.939760923386 0.235106155276
    outer loop
      vertex 0.190185829997 -0.0763568580151 0.179531902075
      vertex 0.193604201078 -0.0780715346336 0.179058253765
      vertex 0.191342905164 -0.0792854726315 0.17995904386
    endloop
  endfacet
  facet normal -0.234700009227 -0.944352567196 0.23046502471
    outer loop
      vertex 0.188569843769 -0.0784621238708 0.180447295308
      vertex 0.190185829997 -0.0763568580151 0.179531902075
      vertex 0.191342905164 -0.0792854726315 0.17995904386
    endloop
  endfacet
  facet normal -0.299060940742 -0.892063438892 0.338799953461
    outer loop
      vertex 0.190185829997 -0.0763568580151 0.179531902075
      vertex 0.191311895847 -0.0726541802287 0.177748128772
      vertex 0.192762166262 -0.0755106657743 0.178346812725
    endloop
  endfacet
  facet normal -0.224949404597 -0.902809023857 0.366515547037
    outer loop
      vertex 0.191311895847 -0.0726541802287 0.177748128772
      vertex 0.190185829997 -0.0763568580151 0.179531902075
      vertex 0.189313560724 -0.0728293210268 0.178317144513
    endloop
  endfacet
  facet normal -0.310962229967 -0.872328162193 0.377287715673
    outer loop
      vertex 0.189313560724 -0.0728293210268 0.178317144513
      vertex 0.190185829997 -0.0763568580151 0.179531902075
      vertex 0.188217446208 -0.0749580264091 0.179628565907
    endloop
  endfacet
  facet normal -0.234788388014 -0.935009360313 0.265766710043
    outer loop
      vertex 0.190185829997 -0.0763568580151 0.179531902075
      vertex 0.187516435981 -0.0766853317618 0.180295571685
      vertex 0.188217446208 -0.0749580264091 0.179628565907
    endloop
  endfacet
  facet normal -0.34299710393 -0.868309915066 0.35831668973
    outer loop
      vertex 0.187262415886 -0.0738064423203 0.179530605674
      vertex 0.189313560724 -0.0728293210268 0.178317144513
      vertex 0.188217446208 -0.0749580264091 0.179628565907
    endloop
  endfacet
  facet normal -0.152175560594 -0.76305192709 0.628167450428
    outer loop
      vertex 0.187262415886 -0.0738064423203 0.179530605674
      vertex 0.187032788992 -0.071540273726 0.177710831165
      vertex 0.189313560724 -0.0728293210268 0.178317144513
    endloop
  endfacet
  facet normal -0.210675671697 -0.751685500145 0.624967753887
    outer loop
      vertex 0.187262415886 -0.0738064423203 0.179530605674
      vertex 0.185222879052 -0.0723488032818 0.178890317678
      vertex 0.187032788992 -0.071540273726 0.177710831165
    endloop
  endfacet
  facet normal -0.185484901071 -0.777411580086 0.601021289825
    outer loop
      vertex 0.185222879052 -0.0723488032818 0.178890317678
      vertex 0.187262415886 -0.0738064423203 0.179530605674
      vertex 0.18550722301 -0.0737646371126 0.179917067289
    endloop
  endfacet
  facet normal -0.234517127275 -0.76820731163 0.595700621605
    outer loop
      vertex 0.185222879052 -0.0723488032818 0.178890317678
      vertex 0.183838441968 -0.0698098689318 0.177344158292
      vertex 0.187032788992 -0.071540273726 0.177710831165
    endloop
  endfacet
  facet normal -0.353516101837 -0.700835764408 0.619560778141
    outer loop
      vertex 0.182880431414 -0.0715877115726 0.179399073124
      vertex 0.183838441968 -0.0698098689318 0.177344158292
      vertex 0.185222879052 -0.0723488032818 0.178890317678
    endloop
  endfacet
  facet normal -0.505955696106 -0.687060534954 0.521494567394
    outer loop
      vertex 0.182880431414 -0.0715877115726 0.179399073124
      vertex 0.182587996125 -0.0694332867861 0.177979171276
      vertex 0.183838441968 -0.0698098689318 0.177344158292
    endloop
  endfacet
  facet normal -0.302245348692 -0.651364147663 0.695968747139
    outer loop
      vertex 0.187032788992 -0.071540273726 0.177710831165
      vertex 0.183838441968 -0.0698098689318 0.177344158292
      vertex 0.186288654804 -0.069095402956 0.175443828106
    endloop
  endfacet
  facet normal -0.454857975245 -0.760623276234 0.463202416897
    outer loop
      vertex 0.183627530932 -0.0672973543406 0.175940215588
      vertex 0.186288654804 -0.069095402956 0.175443828106
      vertex 0.183838441968 -0.0698098689318 0.177344158292
    endloop
  endfacet
  facet normal -0.399768620729 -0.843474984169 0.358796596527
    outer loop
      vertex 0.186288654804 -0.069095402956 0.175443828106
      vertex 0.183627530932 -0.0672973543406 0.175940215588
      vertex 0.186185747385 -0.0667061284184 0.174476251006
    endloop
  endfacet
  facet normal -0.455065369606 -0.870643496513 0.186803147197
    outer loop
      vertex 0.183627530932 -0.0672973543406 0.175940215588
      vertex 0.184689849615 -0.065636433661 0.175028607249
      vertex 0.186185747385 -0.0667061284184 0.174476251006
    endloop
  endfacet
  facet normal -0.148664683104 -0.914337456226 0.376677393913
    outer loop
      vertex 0.188221037388 -0.0673040151596 0.174391642213
      vertex 0.186288654804 -0.069095402956 0.175443828106
      vertex 0.186185747385 -0.0667061284184 0.174476251006
    endloop
  endfacet
  facet normal 0.0408250428736 -0.841692328453 0.538411915302
    outer loop
      vertex 0.18903042376 -0.0703243911266 0.176362961531
      vertex 0.186288654804 -0.069095402956 0.175443828106
      vertex 0.188221037388 -0.0673040151596 0.174391642213
    endloop
  endfacet
  facet normal 0.251099586487 -0.840012133121 0.480966389179
    outer loop
      vertex 0.188221037388 -0.0673040151596 0.174391642213
      vertex 0.190312832594 -0.0675963014364 0.17518427968
      vertex 0.18903042376 -0.0703243911266 0.176362961531
    endloop
  endfacet
  facet normal 0.341943591833 -0.935438454151 0.0896075069904
    outer loop
      vertex 0.188689872622 -0.0659698322415 0.174435213208
      vertex 0.190312832594 -0.0675963014364 0.17518427968
      vertex 0.188221037388 -0.0673040151596 0.174391642213
    endloop
  endfacet
  facet normal 0.0114829149097 -0.915946543217 0.401135951281
    outer loop
      vertex 0.190312832594 -0.0675963014364 0.17518427968
      vertex 0.191981598735 -0.0706180557609 0.176528573036
      vertex 0.18903042376 -0.0703243911266 0.176362961531
    endloop
  endfacet
  facet normal 0.336226224899 -0.915355086327 0.221533343196
    outer loop
      vertex 0.190312832594 -0.0675963014364 0.17518427968
      vertex 0.192109644413 -0.0669544190168 0.175688937306
      vertex 0.191981598735 -0.0706180557609 0.176528573036
    endloop
  endfacet
  facet normal 0.316082835197 -0.937109947205 0.148042693734
    outer loop
      vertex 0.190312832594 -0.0675963014364 0.17518427968
      vertex 0.190725624561 -0.0651491358876 0.174936920404
      vertex 0.192109644413 -0.0669544190168 0.175688937306
    endloop
  endfacet
  facet normal -0.0172521900386 -0.974715232849 0.222783744335
    outer loop
      vertex 0.192109644413 -0.0669544190168 0.175688937306
      vertex 0.194131433964 -0.0685868635774 0.176026269794
      vertex 0.191981598735 -0.0706180557609 0.176528573036
    endloop
  endfacet
  facet normal 0.132857039571 -0.990323781967 0.0400980822742
    outer loop
      vertex 0.194405242801 -0.0669455751777 0.175996541977
      vertex 0.194131433964 -0.0685868635774 0.176026269794
      vertex 0.192109644413 -0.0669544190168 0.175688937306
    endloop
  endfacet
  facet normal -0.0836607664824 -0.996485888958 0.00408812239766
    outer loop
      vertex 0.194131433964 -0.0685868635774 0.176026269794
      vertex 0.194405242801 -0.0669455751777 0.175996541977
      vertex 0.196474909782 -0.0687102079391 0.175830021501
    endloop
  endfacet
  facet normal -0.0818585902452 -0.996201336384 -0.0296996552497
    outer loop
      vertex 0.195393279195 -0.0705044716597 0.175865411758
      vertex 0.194131433964 -0.0685868635774 0.176026269794
      vertex 0.196474909782 -0.0687102079391 0.175830021501
    endloop
  endfacet
  facet normal -0.196187511086 -0.975553274155 -0.0990267917514
    outer loop
      vertex 0.197519302368 -0.0695645585656 0.175533264875
      vertex 0.195393279195 -0.0705044716597 0.175865411758
      vertex 0.196474909782 -0.0687102079391 0.175830021501
    endloop
  endfacet
  facet normal -0.130468353629 -0.989941775799 0.0547108054161
    outer loop
      vertex 0.197519302368 -0.0695645585656 0.175533264875
      vertex 0.198906183243 -0.0720067843795 0.17548546195
      vertex 0.195393279195 -0.0705044716597 0.175865411758
    endloop
  endfacet
  facet normal -0.00128975429107 -0.999821662903 -0.0188398659229
    outer loop
      vertex 0.197519302368 -0.0695645585656 0.175533264875
      vertex 0.199442535639 -0.0694136470556 0.175533622503
      vertex 0.198906183243 -0.0720067843795 0.17548546195
    endloop
  endfacet
  facet normal -0.0155202522874 -0.979643464088 -0.200144559145
    outer loop
      vertex 0.197363421321 -0.0676779597998 0.175921171904
      vertex 0.199442535639 -0.0694136470556 0.175533622503
      vertex 0.197519302368 -0.0695645585656 0.175533264875
    endloop
  endfacet
  facet normal 0.104397490621 -0.936701953411 -0.334201514721
    outer loop
      vertex 0.199710160494 -0.0669922083616 0.176427394152
      vertex 0.199442535639 -0.0694136470556 0.175533622503
      vertex 0.197363421321 -0.0676779597998 0.175921171904
    endloop
  endfacet
  facet normal 0.307371109724 -0.903254568577 -0.299423009157
    outer loop
      vertex 0.199442535639 -0.0694136470556 0.175533622503
      vertex 0.199710160494 -0.0669922083616 0.176427394152
      vertex 0.201520994306 -0.0686195939779 0.176504135132
    endloop
  endfacet
  facet normal 0.579267323017 -0.529677569866 -0.619589388371
    outer loop
      vertex 0.201520994306 -0.0686195939779 0.176504135132
      vertex 0.199710160494 -0.0669922083616 0.176427394152
      vertex 0.202501788735 -0.0669757798314 0.179499596357
    endloop
  endfacet
  facet normal 0.564153373241 -0.516077160835 -0.644511699677
    outer loop
      vertex 0.199470683932 -0.0647843778133 0.178922891617
      vertex 0.202501788735 -0.0669757798314 0.179499596357
      vertex 0.199710160494 -0.0669922083616 0.176427394152
    endloop
  endfacet
  facet normal 0.597497045994 -0.26625713706 -0.756375849247
    outer loop
      vertex 0.202501788735 -0.0669757798314 0.179499596357
      vertex 0.199470683932 -0.0647843778133 0.178922891617
      vertex 0.202267408371 -0.0655832588673 0.182929486036
    endloop
  endfacet
  facet normal 0.879493892193 -0.126202732325 -0.458871781826
    outer loop
      vertex 0.204282149673 -0.0696952566504 0.182018831372
      vertex 0.202501788735 -0.0669757798314 0.179499596357
      vertex 0.202267408371 -0.0655832588673 0.182929486036
    endloop
  endfacet
  facet normal 0.900910973549 -0.269178658724 -0.340444236994
    outer loop
      vertex 0.203346818686 -0.0703061297536 0.178115785122
      vertex 0.202501788735 -0.0669757798314 0.179499596357
      vertex 0.204282149673 -0.0696952566504 0.182018831372
    endloop
  endfacet
  facet normal 0.941971719265 -0.259134322405 -0.213397994637
    outer loop
      vertex 0.204828649759 -0.0736187845469 0.180774331093
      vertex 0.203346818686 -0.0703061297536 0.178115785122
      vertex 0.204282149673 -0.0696952566504 0.182018831372
    endloop
  endfacet
  facet normal 0.877887070179 -0.478793233633 -0.00844525638968
    outer loop
      vertex 0.204828649759 -0.0736187845469 0.180774331093
      vertex 0.203526049852 -0.0740622133017 0.178378134966
      vertex 0.203346818686 -0.0703061297536 0.178115785122
    endloop
  endfacet
  facet normal 0.878137409687 -0.444742769003 0.176291108131
    outer loop
      vertex 0.204536497593 -0.0769871324301 0.181532651186
      vertex 0.203526049852 -0.0740622133017 0.178378134966
      vertex 0.204828649759 -0.0736187845469 0.180774331093
    endloop
  endfacet
  facet normal 0.832990467548 -0.495355933905 0.246473893523
    outer loop
      vertex 0.204536497593 -0.0769871324301 0.181532651186
      vertex 0.202677235007 -0.0762545391917 0.178041607141
      vertex 0.203526049852 -0.0740622133017 0.178378134966
    endloop
  endfacet
  facet normal 0.527154386044 -0.434056699276 0.730549812317
    outer loop
      vertex 0.204536497593 -0.0769871324301 0.181532651186
      vertex 0.200209155679 -0.07858800143 0.17897157371
      vertex 0.202677235007 -0.0762545391917 0.178041607141
    endloop
  endfacet
  facet normal 0.571963012218 -0.713958024979 0.403883904219
    outer loop
      vertex 0.200209155679 -0.07858800143 0.17897157371
      vertex 0.204536497593 -0.0769871324301 0.181532651186
      vertex 0.201736792922 -0.0801579654217 0.181083500385
    endloop
  endfacet
  facet normal 0.348321855068 -0.683957278728 0.640994787216
    outer loop
      vertex 0.202677235007 -0.0762545391917 0.178041607141
      vertex 0.200209155679 -0.07858800143 0.17897157371
      vertex 0.200550228357 -0.0763314813375 0.177030488849
    endloop
  endfacet
  facet normal 0.335386902094 -0.688541054726 0.642982721329
    outer loop
      vertex 0.200550228357 -0.0763314813375 0.177030488849
      vertex 0.200209155679 -0.07858800143 0.17897157371
      vertex 0.199087455869 -0.0773671716452 0.177285134792
    endloop
  endfacet
  facet normal 0.126722961664 -0.635588943958 0.761556267738
    outer loop
      vertex 0.200209155679 -0.07858800143 0.17897157371
      vertex 0.197011426091 -0.0788993537426 0.178707063198
      vertex 0.199087455869 -0.0773671716452 0.177285134792
    endloop
  endfacet
  facet normal 0.257158607244 -0.789474546909 0.557314455509
    outer loop
      vertex 0.198478013277 -0.0764668807387 0.176451086998
      vertex 0.200550228357 -0.0763314813375 0.177030488849
      vertex 0.199087455869 -0.0773671716452 0.177285134792
    endloop
  endfacet
  facet normal 0.273952841759 -0.901453197002 0.335159599781
    outer loop
      vertex 0.200550228357 -0.0763314813375 0.177030488849
      vertex 0.198478013277 -0.0764668807387 0.176451086998
      vertex 0.198249384761 -0.074102178216 0.175502404571
    endloop
  endfacet
  facet normal -0.346566021442 -0.858521938324 0.37793135643
    outer loop
      vertex 0.198478013277 -0.0764668807387 0.176451086998
      vertex 0.195937111974 -0.0752891302109 0.176958322525
      vertex 0.198249384761 -0.074102178216 0.175502404571
    endloop
  endfacet
  facet normal -0.3832269907 -0.867403805256 0.317407727242
    outer loop
      vertex 0.194765806198 -0.0725455358624 0.176471859217
      vertex 0.198249384761 -0.074102178216 0.175502404571
      vertex 0.195937111974 -0.0752891302109 0.176958322525
    endloop
  endfacet
  facet normal -0.239500239491 -0.968565285206 -0.0672375559807
    outer loop
      vertex 0.198906183243 -0.0720067843795 0.17548546195
      vertex 0.198249384761 -0.074102178216 0.175502404571
      vertex 0.194765806198 -0.0725455358624 0.176471859217
    endloop
  endfacet
  facet normal 0.297775238752 -0.949276447296 0.101015485823
    outer loop
      vertex 0.201897442341 -0.0729642659426 0.17652566731
      vertex 0.198249384761 -0.074102178216 0.175502404571
      vertex 0.198906183243 -0.0720067843795 0.17548546195
    endloop
  endfacet
  facet normal 0.337219387293 -0.901839315891 0.270127654076
    outer loop
      vertex 0.201897442341 -0.0729642659426 0.17652566731
      vertex 0.200550228357 -0.0763314813375 0.177030488849
      vertex 0.198249384761 -0.074102178216 0.175502404571
    endloop
  endfacet
  facet normal -0.0972595885396 -0.696412980556 0.711020052433
    outer loop
      vertex 0.198478013277 -0.0764668807387 0.176451086998
      vertex 0.199087455869 -0.0773671716452 0.177285134792
      vertex 0.196774721146 -0.0775334760547 0.177777931094
    endloop
  endfacet
  facet normal 0.418779402971 -0.85840600729 0.296248137951
    outer loop
      vertex 0.201897442341 -0.0729642659426 0.17652566731
      vertex 0.202677235007 -0.0762545391917 0.178041607141
      vertex 0.200550228357 -0.0763314813375 0.177030488849
    endloop
  endfacet
  facet normal 0.692368030548 -0.703565776348 0.160067811608
    outer loop
      vertex 0.202677235007 -0.0762545391917 0.178041607141
      vertex 0.201897442341 -0.0729642659426 0.17652566731
      vertex 0.203526049852 -0.0740622133017 0.178378134966
    endloop
  endfacet
  facet normal 0.924314320087 -0.347232401371 0.158343672752
    outer loop
      vertex 0.204828649759 -0.0736187845469 0.180774331093
      vertex 0.205728963017 -0.0757140591741 0.184126406908
      vertex 0.204536497593 -0.0769871324301 0.181532651186
    endloop
  endfacet
  facet normal 0.973273098469 -0.156145021319 -0.168399095535
    outer loop
      vertex 0.205230653286 -0.0717055499554 0.185343444347
      vertex 0.205728963017 -0.0757140591741 0.184126406908
      vertex 0.204828649759 -0.0736187845469 0.180774331093
    endloop
  endfacet
  facet normal 0.987459897995 -0.0668062493205 -0.143038138747
    outer loop
      vertex 0.205728963017 -0.0757140591741 0.184126406908
      vertex 0.205230653286 -0.0717055499554 0.185343444347
      vertex 0.205827489495 -0.0750466883183 0.187011614442
    endloop
  endfacet
  facet normal 0.906606435776 -0.24993032217 0.339999377728
    outer loop
      vertex 0.204536497593 -0.0769871324301 0.181532651186
      vertex 0.205728963017 -0.0757140591741 0.184126406908
      vertex 0.205183684826 -0.0783469378948 0.185730174184
    endloop
  endfacet
  facet normal 0.83894777298 -0.280442744493 0.466388821602
    outer loop
      vertex 0.203314930201 -0.0804827511311 0.183691725135
      vertex 0.204536497593 -0.0769871324301 0.181532651186
      vertex 0.205183684826 -0.0783469378948 0.185730174184
    endloop
  endfacet
  facet normal 0.74783962965 -0.663793504238 0.0106818452477
    outer loop
      vertex 0.201897442341 -0.0729642659426 0.17652566731
      vertex 0.203346818686 -0.0703061297536 0.178115785122
      vertex 0.203526049852 -0.0740622133017 0.178378134966
    endloop
  endfacet
  facet normal 0.689373552799 -0.722226440907 -0.0561525151134
    outer loop
      vertex 0.201520994306 -0.0686195939779 0.176504135132
      vertex 0.203346818686 -0.0703061297536 0.178115785122
      vertex 0.201897442341 -0.0729642659426 0.17652566731
    endloop
  endfacet
  facet normal 0.968713819981 -0.163435593247 -0.18676815927
    outer loop
      vertex 0.204828649759 -0.0736187845469 0.180774331093
      vertex 0.204282149673 -0.0696952566504 0.182018831372
      vertex 0.205230653286 -0.0717055499554 0.185343444347
    endloop
  endfacet
  facet normal 0.923828721046 -0.0329508297145 -0.381385296583
    outer loop
      vertex 0.205230653286 -0.0717055499554 0.185343444347
      vertex 0.204282149673 -0.0696952566504 0.182018831372
      vertex 0.203135386109 -0.0665278807282 0.18652792275
    endloop
  endfacet
  facet normal 0.923295080662 -0.0376418232918 -0.382242500782
    outer loop
      vertex 0.204960644245 -0.0706129968166 0.189815342426
      vertex 0.205230653286 -0.0717055499554 0.185343444347
      vertex 0.203135386109 -0.0665278807282 0.18652792275
    endloop
  endfacet
  facet normal 0.785582602024 -0.474891990423 -0.39665800333
    outer loop
      vertex 0.201520994306 -0.0686195939779 0.176504135132
      vertex 0.202501788735 -0.0669757798314 0.179499596357
      vertex 0.203346818686 -0.0703061297536 0.178115785122
    endloop
  endfacet
  facet normal 0.413043141365 -0.910174131393 -0.0312789715827
    outer loop
      vertex 0.201520994306 -0.0686195939779 0.176504135132
      vertex 0.201897442341 -0.0729642659426 0.17652566731
      vertex 0.199442535639 -0.0694136470556 0.175533622503
    endloop
  endfacet
  facet normal 0.0970094799995 -0.929996907711 -0.354534745216
    outer loop
      vertex 0.197363421321 -0.0676779597998 0.175921171904
      vertex 0.198251992464 -0.0659967064857 0.176654785872
      vertex 0.199710160494 -0.0669922083616 0.176427394152
    endloop
  endfacet
  facet normal 0.314505279064 -0.948069632053 0.0474383234978
    outer loop
      vertex 0.199442535639 -0.0694136470556 0.175533622503
      vertex 0.201897442341 -0.0729642659426 0.17652566731
      vertex 0.198906183243 -0.0720067843795 0.17548546195
    endloop
  endfacet
  facet normal -0.198435097933 -0.954500615597 0.222603008151
    outer loop
      vertex 0.198906183243 -0.0720067843795 0.17548546195
      vertex 0.194765806198 -0.0725455358624 0.176471859217
      vertex 0.195393279195 -0.0705044716597 0.175865411758
    endloop
  endfacet
  facet normal -0.178350031376 -0.956835448742 0.229471445084
    outer loop
      vertex 0.195393279195 -0.0705044716597 0.175865411758
      vertex 0.194765806198 -0.0725455358624 0.176471859217
      vertex 0.191981598735 -0.0706180557609 0.176528573036
    endloop
  endfacet
  facet normal -0.304036170244 -0.858035266399 0.413929373026
    outer loop
      vertex 0.194765806198 -0.0725455358624 0.176471859217
      vertex 0.191311895847 -0.0726541802287 0.177748128772
      vertex 0.191981598735 -0.0706180557609 0.176528573036
    endloop
  endfacet
  facet normal -0.121143646538 -0.974222421646 -0.190302178264
    outer loop
      vertex 0.196474909782 -0.0687102079391 0.175830021501
      vertex 0.197363421321 -0.0676779597998 0.175921171904
      vertex 0.197519302368 -0.0695645585656 0.175533264875
    endloop
  endfacet
  facet normal 0.00522723887116 -0.996494531631 -0.0834942758083
    outer loop
      vertex 0.196474909782 -0.0687102079391 0.175830021501
      vertex 0.196329057217 -0.0667937472463 0.175989836454
      vertex 0.197363421321 -0.0676779597998 0.175921171904
    endloop
  endfacet
  facet normal -0.189282312989 -0.981012761593 0.042262904346
    outer loop
      vertex 0.191981598735 -0.0706180557609 0.176528573036
      vertex 0.194131433964 -0.0685868635774 0.176026269794
      vertex 0.195393279195 -0.0705044716597 0.175865411758
    endloop
  endfacet
  facet normal -0.00289691821672 -0.858301520348 0.513137578964
    outer loop
      vertex 0.191981598735 -0.0706180557609 0.176528573036
      vertex 0.191311895847 -0.0726541802287 0.177748128772
      vertex 0.18903042376 -0.0703243911266 0.176362961531
    endloop
  endfacet
  facet normal -0.0289468448609 -0.998664498329 -0.0427930280566
    outer loop
      vertex 0.186185747385 -0.0667061284184 0.174476251006
      vertex 0.188689872622 -0.0659698322415 0.174435213208
      vertex 0.188221037388 -0.0673040151596 0.174391642213
    endloop
  endfacet
  facet normal 0.0226402711123 -0.990961194038 0.132224693894
    outer loop
      vertex 0.186541631818 -0.0654005333781 0.174310177565
      vertex 0.188689872622 -0.0659698322415 0.174435213208
      vertex 0.186185747385 -0.0667061284184 0.174476251006
    endloop
  endfacet
  facet normal -0.453013777733 -0.761514306068 0.463545501232
    outer loop
      vertex 0.183627530932 -0.0672973543406 0.175940215588
      vertex 0.183838441968 -0.0698098689318 0.177344158292
      vertex 0.182386234403 -0.067851036787 0.177015691996
    endloop
  endfacet
  facet normal -0.0671579167247 -0.721347928047 0.689309060574
    outer loop
      vertex 0.18903042376 -0.0703243911266 0.176362961531
      vertex 0.187032788992 -0.071540273726 0.177710831165
      vertex 0.186288654804 -0.069095402956 0.175443828106
    endloop
  endfacet
  facet normal -0.14441883564 -0.772201776505 0.618746817112
    outer loop
      vertex 0.187032788992 -0.071540273726 0.177710831165
      vertex 0.18903042376 -0.0703243911266 0.176362961531
      vertex 0.189313560724 -0.0728293210268 0.178317144513
    endloop
  endfacet
  facet normal -0.238369226456 -0.930872499943 0.276869148016
    outer loop
      vertex 0.188217446208 -0.0749580264091 0.179628565907
      vertex 0.186429560184 -0.0749333202839 0.180079042912
      vertex 0.187262415886 -0.0738064423203 0.179530605674
    endloop
  endfacet
  facet normal -0.164667442441 -0.768574237823 0.618205666542
    outer loop
      vertex 0.189313560724 -0.0728293210268 0.178317144513
      vertex 0.18903042376 -0.0703243911266 0.176362961531
      vertex 0.191311895847 -0.0726541802287 0.177748128772
    endloop
  endfacet
  facet normal -0.315683454275 -0.883729994297 0.345492839813
    outer loop
      vertex 0.192762166262 -0.0755106657743 0.178346812725
      vertex 0.191311895847 -0.0726541802287 0.177748128772
      vertex 0.194765806198 -0.0725455358624 0.176471859217
    endloop
  endfacet
  facet normal -0.362591207027 -0.878668487072 0.310595095158
    outer loop
      vertex 0.192762166262 -0.0755106657743 0.178346812725
      vertex 0.194765806198 -0.0725455358624 0.176471859217
      vertex 0.195937111974 -0.0752891302109 0.176958322525
    endloop
  endfacet
  facet normal -0.366460472345 -0.821541726589 0.436778992414
    outer loop
      vertex 0.195937111974 -0.0752891302109 0.176958322525
      vertex 0.198478013277 -0.0764668807387 0.176451086998
      vertex 0.196774721146 -0.0775334760547 0.177777931094
    endloop
  endfacet
  facet normal -0.131164118648 -0.8089671731 0.573034107685
    outer loop
      vertex 0.199087455869 -0.0773671716452 0.177285134792
      vertex 0.197011426091 -0.0788993537426 0.178707063198
      vertex 0.196774721146 -0.0775334760547 0.177777931094
    endloop
  endfacet
  facet normal -0.150039836764 -0.906985878944 0.393528461456
    outer loop
      vertex 0.191342905164 -0.0792854726315 0.17995904386
      vertex 0.193604201078 -0.0780715346336 0.179058253765
      vertex 0.195053204894 -0.0830927789211 0.18099719286
    endloop
  endfacet
  facet normal 0.0687708929181 -0.977478682995 0.199514329433
    outer loop
      vertex 0.195053204894 -0.0830927789211 0.18099719286
      vertex 0.190931588411 -0.0853434354067 0.181166604161
      vertex 0.191342905164 -0.0792854726315 0.17995904386
    endloop
  endfacet
  facet normal -0.15478657186 -0.970848560333 0.183014184237
    outer loop
      vertex 0.191342905164 -0.0792854726315 0.17995904386
      vertex 0.190931588411 -0.0853434354067 0.181166604161
      vertex 0.187425926328 -0.0813204497099 0.180967152119
    endloop
  endfacet
  facet normal -0.0217612013221 -0.997419774532 0.0684121400118
    outer loop
      vertex 0.187157541513 -0.0851546227932 0.181235998869
      vertex 0.187425926328 -0.0813204497099 0.180967152119
      vertex 0.190931588411 -0.0853434354067 0.181166604161
    endloop
  endfacet
  facet normal 0.122556090355 -0.815009772778 0.5663382411
    outer loop
      vertex 0.198191478848 -0.0815345197916 0.18071565032
      vertex 0.197011426091 -0.0788993537426 0.178707063198
      vertex 0.200209155679 -0.07858800143 0.17897157371
    endloop
  endfacet
  facet normal 0.31955203414 -0.703248143196 0.635081529617
    outer loop
      vertex 0.198191478848 -0.0815345197916 0.18071565032
      vertex 0.200209155679 -0.07858800143 0.17897157371
      vertex 0.201736792922 -0.0801579654217 0.181083500385
    endloop
  endfacet
  facet normal 0.688847899437 -0.483997613192 0.539661824703
    outer loop
      vertex 0.201736792922 -0.0801579654217 0.181083500385
      vertex 0.204536497593 -0.0769871324301 0.181532651186
      vertex 0.203314930201 -0.0804827511311 0.183691725135
    endloop
  endfacet
  facet normal 0.803074359894 -0.0761599317193 0.590991675854
    outer loop
      vertex 0.203314930201 -0.0804827511311 0.183691725135
      vertex 0.203028604388 -0.0815144330263 0.188678249717
      vertex 0.20151604712 -0.0833628848195 0.187072664499
    endloop
  endfacet
  facet normal 0.516309559345 0.456349104643 0.724686086178
    outer loop
      vertex 0.20025639236 -0.0847686305642 0.190429270267
      vertex 0.200335338712 -0.0832509174943 0.192750096321
      vertex 0.19654417038 -0.0866052657366 0.191712662578
    endloop
  endfacet
  facet normal 0.787249624729 -0.0812612846494 0.611256599426
    outer loop
      vertex 0.205183684826 -0.0783469378948 0.185730174184
      vertex 0.203028604388 -0.0815144330263 0.188678249717
      vertex 0.203314930201 -0.0804827511311 0.183691725135
    endloop
  endfacet
  facet normal 0.980558037758 0.0118218557909 0.195872962475
    outer loop
      vertex 0.205728963017 -0.0757140591741 0.184126406908
      vertex 0.205827489495 -0.0750466883183 0.187011614442
      vertex 0.205183684826 -0.0783469378948 0.185730174184
    endloop
  endfacet
  facet normal 0.983018398285 0.0146616082639 -0.182920277119
    outer loop
      vertex 0.204960644245 -0.0706129968166 0.189815342426
      vertex 0.205827489495 -0.0750466883183 0.187011614442
      vertex 0.205230653286 -0.0717055499554 0.185343444347
    endloop
  endfacet
  facet normal 0.919734239578 -0.0237609967589 -0.391821801662
    outer loop
      vertex 0.203135386109 -0.0665278807282 0.18652792275
      vertex 0.203761860728 -0.067693926394 0.191548973322
      vertex 0.204960644245 -0.0706129968166 0.189815342426
    endloop
  endfacet
  facet normal 0.484857678413 0.112908959389 -0.867274224758
    outer loop
      vertex 0.198406606913 -0.0626784265041 0.190314859152
      vertex 0.200918391347 -0.0641286075115 0.190667763352
      vertex 0.200846970081 -0.0635567754507 0.186582162976
    endloop
  endfacet
  facet normal 0.885602474213 -0.0942311435938 -0.454784274101
    outer loop
      vertex 0.203135386109 -0.0665278807282 0.18652792275
      vertex 0.204282149673 -0.0696952566504 0.182018831372
      vertex 0.202267408371 -0.0655832588673 0.182929486036
    endloop
  endfacet
  facet normal 0.570564031601 -0.241778209805 -0.784856677055
    outer loop
      vertex 0.199639633298 -0.0634969398379 0.183500856161
      vertex 0.202267408371 -0.0655832588673 0.182929486036
      vertex 0.199470683932 -0.0647843778133 0.178922891617
    endloop
  endfacet
  facet normal 0.368892759085 0.0225220955908 -0.929199039936
    outer loop
      vertex 0.200846970081 -0.0635567754507 0.186582162976
      vertex 0.196898087859 -0.062025859952 0.188100099564
      vertex 0.198406606913 -0.0626784265041 0.190314859152
    endloop
  endfacet
  facet normal 0.295970290899 0.0788898020983 -0.951933801174
    outer loop
      vertex 0.196898087859 -0.062025859952 0.188100099564
      vertex 0.193383380771 -0.0611318871379 0.190498962998
      vertex 0.198406606913 -0.0626784265041 0.190314859152
    endloop
  endfacet
  facet normal 0.17506031692 -0.272524297237 -0.946088969707
    outer loop
      vertex 0.199470683932 -0.0647843778133 0.178922891617
      vertex 0.19681224227 -0.0633876100183 0.182064190507
      vertex 0.199639633298 -0.0634969398379 0.183500856161
    endloop
  endfacet
  facet normal 0.39128524065 -0.588441193104 -0.707554101944
    outer loop
      vertex 0.198251992464 -0.0659967064857 0.176654785872
      vertex 0.199470683932 -0.0647843778133 0.178922891617
      vertex 0.199710160494 -0.0669922083616 0.176427394152
    endloop
  endfacet
  facet normal 0.196947976947 -0.932482540607 -0.302799999714
    outer loop
      vertex 0.198251992464 -0.0659967064857 0.176654785872
      vertex 0.197363421321 -0.0676779597998 0.175921171904
      vertex 0.196329057217 -0.0667937472463 0.175989836454
    endloop
  endfacet
  facet normal -0.00997379235923 -0.996554195881 -0.0823424383998
    outer loop
      vertex 0.196474909782 -0.0687102079391 0.175830021501
      vertex 0.194405242801 -0.0669455751777 0.175996541977
      vertex 0.196329057217 -0.0667937472463 0.175989836454
    endloop
  endfacet
  facet normal 0.131512463093 -0.984723687172 -0.114121362567
    outer loop
      vertex 0.192366942763 -0.064228862524 0.176039174199
      vertex 0.194405242801 -0.0669455751777 0.175996541977
      vertex 0.192109644413 -0.0669544190168 0.175688937306
    endloop
  endfacet
  facet normal 0.331969290972 -0.514802694321 -0.790426850319
    outer loop
      vertex 0.194382295012 -0.0632587447762 0.179042592645
      vertex 0.196157708764 -0.0643717348576 0.178478583694
      vertex 0.194706335664 -0.0649266764522 0.176690608263
    endloop
  endfacet
  facet normal 0.533963739872 -0.843516886234 -0.0579825900495
    outer loop
      vertex 0.190725624561 -0.0651491358876 0.174936920404
      vertex 0.192366942763 -0.064228862524 0.176039174199
      vertex 0.192109644413 -0.0669544190168 0.175688937306
    endloop
  endfacet
  facet normal 0.291384607553 -0.945593476295 0.144734114408
    outer loop
      vertex 0.188689872622 -0.0659698322415 0.174435213208
      vertex 0.190725624561 -0.0651491358876 0.174936920404
      vertex 0.190312832594 -0.0675963014364 0.17518427968
    endloop
  endfacet
  facet normal 0.0820824727416 -0.992391765118 -0.0917661562562
    outer loop
      vertex 0.186541631818 -0.0654005333781 0.174310177565
      vertex 0.187499940395 -0.0642759501934 0.174493432045
      vertex 0.188689872622 -0.0659698322415 0.174435213208
    endloop
  endfacet
  facet normal -0.359326124191 -0.932981789112 0.0207289699465
    outer loop
      vertex 0.184689849615 -0.065636433661 0.175028607249
      vertex 0.186541631818 -0.0654005333781 0.174310177565
      vertex 0.186185747385 -0.0667061284184 0.174476251006
    endloop
  endfacet
  facet normal -0.488774806261 -0.857933998108 0.158267095685
    outer loop
      vertex 0.182587474585 -0.0661071911454 0.176313191652
      vertex 0.184689849615 -0.065636433661 0.175028607249
      vertex 0.183627530932 -0.0672973543406 0.175940215588
    endloop
  endfacet
  facet normal -0.458711028099 -0.851263940334 0.254821270704
    outer loop
      vertex 0.180512145162 -0.0641090795398 0.177221938968
      vertex 0.181124210358 -0.0673497244716 0.17786218226
      vertex 0.17760258913 -0.0654050186276 0.179177701473
    endloop
  endfacet
  facet normal -0.567747712135 -0.784199535847 0.250387012959
    outer loop
      vertex 0.182386234403 -0.067851036787 0.177015691996
      vertex 0.182587474585 -0.0661071911454 0.176313191652
      vertex 0.183627530932 -0.0672973543406 0.175940215588
    endloop
  endfacet
  facet normal -0.507322728634 -0.705783367157 0.49446284771
    outer loop
      vertex 0.182386234403 -0.067851036787 0.177015691996
      vertex 0.183838441968 -0.0698098689318 0.177344158292
      vertex 0.182587996125 -0.0694332867861 0.177979171276
    endloop
  endfacet
  facet normal -0.51080083847 -0.752291798592 0.416100382805
    outer loop
      vertex 0.17760258913 -0.0654050186276 0.179177701473
      vertex 0.181124210358 -0.0673497244716 0.17786218226
      vertex 0.179637297988 -0.0685574635863 0.17953979969
    endloop
  endfacet
  facet normal -0.506058752537 -0.687002897263 0.521470546722
    outer loop
      vertex 0.182587996125 -0.0694332867861 0.177979171276
      vertex 0.182880431414 -0.0715877115726 0.179399073124
      vertex 0.18113809824 -0.0700223371387 0.179494306445
    endloop
  endfacet
  facet normal -0.334436535835 -0.803780317307 0.492025852203
    outer loop
      vertex 0.185222879052 -0.0723488032818 0.178890317678
      vertex 0.182758018374 -0.0736314207315 0.180701047182
      vertex 0.182880431414 -0.0715877115726 0.179399073124
    endloop
  endfacet
  facet normal -0.330690145493 -0.927272081375 0.175529390574
    outer loop
      vertex 0.181863024831 -0.0759654641151 0.18187199533
      vertex 0.185156479478 -0.0756192058325 0.180631920695
      vertex 0.184093445539 -0.0782160162926 0.181502595544
    endloop
  endfacet
  facet normal -0.245990023017 -0.760515928268 0.600919663906
    outer loop
      vertex 0.18550722301 -0.0737646371126 0.179917067289
      vertex 0.182758018374 -0.0736314207315 0.180701047182
      vertex 0.185222879052 -0.0723488032818 0.178890317678
    endloop
  endfacet
  facet normal -0.212091684341 -0.931200504303 0.296450138092
    outer loop
      vertex 0.187262415886 -0.0738064423203 0.179530605674
      vertex 0.186429560184 -0.0749333202839 0.180079042912
      vertex 0.18550722301 -0.0737646371126 0.179917067289
    endloop
  endfacet
  facet normal -0.239095598459 -0.934471547604 0.263810992241
    outer loop
      vertex 0.187516435981 -0.0766853317618 0.180295571685
      vertex 0.186429560184 -0.0749333202839 0.180079042912
      vertex 0.188217446208 -0.0749580264091 0.179628565907
    endloop
  endfacet
  facet normal -0.242424607277 -0.943878471851 0.224329546094
    outer loop
      vertex 0.188569843769 -0.0784621238708 0.180447295308
      vertex 0.187516435981 -0.0766853317618 0.180295571685
      vertex 0.190185829997 -0.0763568580151 0.179531902075
    endloop
  endfacet
  facet normal -0.200470492244 -0.974878251553 0.0970770642161
    outer loop
      vertex 0.187425926328 -0.0813204497099 0.180967152119
      vertex 0.188569843769 -0.0784621238708 0.180447295308
      vertex 0.191342905164 -0.0792854726315 0.17995904386
    endloop
  endfacet
  facet normal -0.256204634905 -0.965341329575 0.0497520342469
    outer loop
      vertex 0.187157541513 -0.0851546227932 0.181235998869
      vertex 0.185570642352 -0.0815199390054 0.181469842792
      vertex 0.187425926328 -0.0813204497099 0.180967152119
    endloop
  endfacet
  facet normal -0.293545305729 -0.936115086079 0.193700015545
    outer loop
      vertex 0.185156479478 -0.0756192058325 0.180631920695
      vertex 0.185719519854 -0.0778243690729 0.180911645293
      vertex 0.184093445539 -0.0782160162926 0.181502595544
    endloop
  endfacet
  facet normal -0.185363531113 -0.982510268688 0.017718270421
    outer loop
      vertex 0.185570642352 -0.0815199390054 0.181469842792
      vertex 0.187157541513 -0.0851546227932 0.181235998869
      vertex 0.182661533356 -0.0847455412149 0.182076841593
    endloop
  endfacet
  facet normal -0.194164425135 -0.971280932426 0.13752630353
    outer loop
      vertex 0.183830782771 -0.0876753032207 0.182257935405
      vertex 0.182661533356 -0.0847455412149 0.182076841593
      vertex 0.187157541513 -0.0851546227932 0.181235998869
    endloop
  endfacet
  facet normal -0.239539369941 -0.958459496498 0.154842704535
    outer loop
      vertex 0.182661533356 -0.0847455412149 0.182076841593
      vertex 0.183830782771 -0.0876753032207 0.182257935405
      vertex 0.18063467741 -0.0871443673968 0.182970941067
    endloop
  endfacet
  facet normal -0.267490416765 -0.735686182976 0.622265815735
    outer loop
      vertex 0.181994393468 -0.0889932885766 0.184040427208
      vertex 0.18063467741 -0.0871443673968 0.182970941067
      vertex 0.183830782771 -0.0876753032207 0.182257935405
    endloop
  endfacet
  facet normal -0.506146132946 -0.531162798405 0.679471969604
    outer loop
      vertex 0.179936766624 -0.0889831855893 0.185988217592
      vertex 0.18063467741 -0.0871443673968 0.182970941067
      vertex 0.181994393468 -0.0889932885766 0.184040427208
    endloop
  endfacet
  facet normal -0.321491122246 -0.545890510082 0.773722827435
    outer loop
      vertex 0.18063467741 -0.0871443673968 0.182970941067
      vertex 0.179936766624 -0.0889831855893 0.185988217592
      vertex 0.178641691804 -0.0873879492283 0.184489920735
    endloop
  endfacet
  facet normal -0.563560366631 -0.322568535805 0.760492742062
    outer loop
      vertex 0.176901578903 -0.0873822048306 0.187516510487
      vertex 0.178641691804 -0.0873879492283 0.184489920735
      vertex 0.179936766624 -0.0889831855893 0.185988217592
    endloop
  endfacet
  facet normal -0.720011711121 -0.412903159857 0.557758152485
    outer loop
      vertex 0.178641691804 -0.0873879492283 0.184489920735
      vertex 0.176901578903 -0.0873822048306 0.187516510487
      vertex 0.177299946547 -0.0859872698784 0.184937536716
    endloop
  endfacet
  facet normal -0.537472069263 -0.802742779255 0.258317261934
    outer loop
      vertex 0.178438171744 -0.0848637223244 0.183813899755
      vertex 0.178641691804 -0.0873879492283 0.184489920735
      vertex 0.177299946547 -0.0859872698784 0.184937536716
    endloop
  endfacet
  facet normal -0.670048356056 -0.739801645279 0.0610637590289
    outer loop
      vertex 0.177363991737 -0.0833623185754 0.184662863612
      vertex 0.178438171744 -0.0848637223244 0.183813899755
      vertex 0.177299946547 -0.0859872698784 0.184937536716
    endloop
  endfacet
  facet normal -0.54239398241 -0.835855841637 -0.0845798999071
    outer loop
      vertex 0.178438171744 -0.0848637223244 0.183813899755
      vertex 0.177363991737 -0.0833623185754 0.184662863612
      vertex 0.179749488831 -0.0822770148516 0.183224722743
    endloop
  endfacet
  facet normal -0.899019539356 -0.437260150909 0.0238201245666
    outer loop
      vertex 0.177363991737 -0.0833623185754 0.184662863612
      vertex 0.177299946547 -0.0859872698784 0.184937536716
      vertex 0.176178082824 -0.0843841210008 0.187156796455
    endloop
  endfacet
  facet normal -0.566097080708 -0.783732414246 0.255533963442
    outer loop
      vertex 0.178438171744 -0.0848637223244 0.183813899755
      vertex 0.18063467741 -0.0871443673968 0.182970941067
      vertex 0.178641691804 -0.0873879492283 0.184489920735
    endloop
  endfacet
  facet normal -0.217785596848 -0.225139334798 0.949674546719
    outer loop
      vertex 0.181994393468 -0.0889932885766 0.184040427208
      vertex 0.183066040277 -0.0897565707564 0.186223432422
      vertex 0.179936766624 -0.0889831855893 0.185988217592
    endloop
  endfacet
  facet normal -0.172574594617 -0.248539879918 0.953124284744
    outer loop
      vertex 0.181994393468 -0.0889932885766 0.184040427208
      vertex 0.184985950589 -0.0894495695829 0.183713033795
      vertex 0.183066040277 -0.0897565707564 0.186223432422
    endloop
  endfacet
  facet normal -0.206160113215 -0.272593706846 0.939782261848
    outer loop
      vertex 0.184985950589 -0.0894495695829 0.183713033795
      vertex 0.186314120889 -0.0901841521263 0.185241043568
      vertex 0.183066040277 -0.0897565707564 0.186223432422
    endloop
  endfacet
  facet normal -0.106559693813 -0.354049801826 0.929136037827
    outer loop
      vertex 0.186314120889 -0.0901841521263 0.185241043568
      vertex 0.184985950589 -0.0894495695829 0.183713033795
      vertex 0.186920151114 -0.089862562716 0.184214711189
    endloop
  endfacet
  facet normal 0.00746192503721 -0.65253931284 0.757718086243
    outer loop
      vertex 0.184985950589 -0.0894495695829 0.183713033795
      vertex 0.187575548887 -0.0879010930657 0.181944578886
      vertex 0.186920151114 -0.089862562716 0.184214711189
    endloop
  endfacet
  facet normal -0.101936548948 -0.735634386539 0.669664800167
    outer loop
      vertex 0.187575548887 -0.0879010930657 0.181944578886
      vertex 0.184985950589 -0.0894495695829 0.183713033795
      vertex 0.183830782771 -0.0876753032207 0.182257935405
    endloop
  endfacet
  facet normal 0.119617179036 -0.231853604317 0.965368151665
    outer loop
      vertex 0.187603384256 -0.0901639312506 0.18582201004
      vertex 0.186314120889 -0.0901841521263 0.185241043568
      vertex 0.186920151114 -0.089862562716 0.184214711189
    endloop
  endfacet
  facet normal 0.0382200144231 -0.0500817485154 0.998013556004
    outer loop
      vertex 0.186590984464 -0.0902652293444 0.187067985535
      vertex 0.186314120889 -0.0901841521263 0.185241043568
      vertex 0.187603384256 -0.0901639312506 0.18582201004
    endloop
  endfacet
  facet normal -0.18198633194 -0.698912322521 0.691666483879
    outer loop
      vertex 0.181994393468 -0.0889932885766 0.184040427208
      vertex 0.183830782771 -0.0876753032207 0.182257935405
      vertex 0.184985950589 -0.0894495695829 0.183713033795
    endloop
  endfacet
  facet normal -0.379699617624 -0.924801766872 0.0238713230938
    outer loop
      vertex 0.18063467741 -0.0871443673968 0.182970941067
      vertex 0.178438171744 -0.0848637223244 0.183813899755
      vertex 0.182661533356 -0.0847455412149 0.182076841593
    endloop
  endfacet
  facet normal -0.0961668640375 -0.960167229176 0.262356311083
    outer loop
      vertex 0.187157541513 -0.0851546227932 0.181235998869
      vertex 0.187575548887 -0.0879010930657 0.181944578886
      vertex 0.183830782771 -0.0876753032207 0.182257935405
    endloop
  endfacet
  facet normal -0.379884630442 -0.924857258797 0.0180749502033
    outer loop
      vertex 0.179749488831 -0.0822770148516 0.183224722743
      vertex 0.182661533356 -0.0847455412149 0.182076841593
      vertex 0.178438171744 -0.0848637223244 0.183813899755
    endloop
  endfacet
  facet normal -0.498193711042 -0.8655128479 0.0518706329167
    outer loop
      vertex 0.177363991737 -0.0833623185754 0.184662863612
      vertex 0.178521603346 -0.0800157785416 0.18379598856
      vertex 0.179749488831 -0.0822770148516 0.183224722743
    endloop
  endfacet
  facet normal -0.616448938847 -0.787340164185 -0.00928515475243
    outer loop
      vertex 0.178521603346 -0.0800157785416 0.18379598856
      vertex 0.177363991737 -0.0833623185754 0.184662863612
      vertex 0.176526665688 -0.0807086527348 0.185349747539
    endloop
  endfacet
  facet normal -0.306609451771 -0.940009832382 0.149573236704
    outer loop
      vertex 0.181863024831 -0.0759654641151 0.18187199533
      vertex 0.184093445539 -0.0782160162926 0.181502595544
      vertex 0.181660622358 -0.0800608024001 0.182589665055
    endloop
  endfacet
  facet normal -0.423837393522 -0.853812098503 0.302269399166
    outer loop
      vertex 0.179420754313 -0.0747471600771 0.182653054595
      vertex 0.180865809321 -0.0731977596879 0.18138718605
      vertex 0.181863024831 -0.0759654641151 0.18187199533
    endloop
  endfacet
  facet normal -0.414541810751 -0.859431743622 0.299219310284
    outer loop
      vertex 0.177123010159 -0.073843434453 0.183446705341
      vertex 0.179311364889 -0.0729252174497 0.182071492076
      vertex 0.179420754313 -0.0747471600771 0.182653054595
    endloop
  endfacet
  facet normal -0.491421699524 -0.867602109909 0.0759692564607
    outer loop
      vertex 0.178589642048 -0.0770814344287 0.183500513434
      vertex 0.178521603346 -0.0800157785416 0.18379598856
      vertex 0.176542893052 -0.0775125697255 0.184697568417
    endloop
  endfacet
  facet normal -0.570924580097 -0.804988324642 0.161365777254
    outer loop
      vertex 0.176526665688 -0.0807086527348 0.185349747539
      vertex 0.176542893052 -0.0775125697255 0.184697568417
      vertex 0.178521603346 -0.0800157785416 0.18379598856
    endloop
  endfacet
  facet normal -0.974495470524 -0.054593604058 0.21766513586
    outer loop
      vertex 0.174995169044 -0.0789614841342 0.189255967736
      vertex 0.174871757627 -0.0777082741261 0.186462312937
      vertex 0.175453230739 -0.0806892439723 0.187968343496
    endloop
  endfacet
  facet normal -0.879765033722 -0.161686986685 0.447069078684
    outer loop
      vertex 0.174995169044 -0.0789614841342 0.189255967736
      vertex 0.173745408654 -0.0763550326228 0.188849210739
      vertex 0.174871757627 -0.0777082741261 0.186462312937
    endloop
  endfacet
  facet normal -0.823226451874 0.467748790979 0.321728646755
    outer loop
      vertex 0.176063880324 -0.0762497037649 0.193002104759
      vertex 0.173745408654 -0.0763550326228 0.188849210739
      vertex 0.174995169044 -0.0789614841342 0.189255967736
    endloop
  endfacet
  facet normal -0.805350065231 0.480784535408 0.346781611443
    outer loop
      vertex 0.174995169044 -0.0789614841342 0.189255967736
      vertex 0.177428379655 -0.0822960808873 0.190926596522
      vertex 0.176063880324 -0.0762497037649 0.193002104759
    endloop
  endfacet
  facet normal -0.715565681458 0.595128595829 0.36577001214
    outer loop
      vertex 0.176063880324 -0.0762497037649 0.193002104759
      vertex 0.177428379655 -0.0822960808873 0.190926596522
      vertex 0.180381625891 -0.0812013596296 0.19515030086
    endloop
  endfacet
  facet normal -0.689553380013 0.590733647346 0.418986737728
    outer loop
      vertex 0.180029585958 -0.0856929197907 0.191553667188
      vertex 0.180381625891 -0.0812013596296 0.19515030086
      vertex 0.177428379655 -0.0822960808873 0.190926596522
    endloop
  endfacet
  facet normal -0.535761356354 0.679090440273 0.501792788506
    outer loop
      vertex 0.180029585958 -0.0856929197907 0.191553667188
      vertex 0.183400407434 -0.0859145745635 0.194049268961
      vertex 0.180381625891 -0.0812013596296 0.19515030086
    endloop
  endfacet
  facet normal -0.867346227169 -0.474272549152 0.150917306542
    outer loop
      vertex 0.176526665688 -0.0807086527348 0.185349747539
      vertex 0.177363991737 -0.0833623185754 0.184662863612
      vertex 0.176178082824 -0.0843841210008 0.187156796455
    endloop
  endfacet
  facet normal -0.835153222084 0.311323910952 0.45342746377
    outer loop
      vertex 0.174995169044 -0.0789614841342 0.189255967736
      vertex 0.175453230739 -0.0806892439723 0.187968343496
      vertex 0.177428379655 -0.0822960808873 0.190926596522
    endloop
  endfacet
  facet normal -0.92445731163 -0.281750798225 0.256895303726
    outer loop
      vertex 0.176178082824 -0.0843841210008 0.187156796455
      vertex 0.177299946547 -0.0859872698784 0.184937536716
      vertex 0.176901578903 -0.0873822048306 0.187516510487
    endloop
  endfacet
  facet normal -0.421492904425 0.106325618923 0.90057682991
    outer loop
      vertex 0.176901578903 -0.0873822048306 0.187516510487
      vertex 0.179936766624 -0.0889831855893 0.185988217592
      vertex 0.180272430182 -0.0888450071216 0.188489198685
    endloop
  endfacet
  facet normal -0.590792357922 0.742659211159 0.315312117338
    outer loop
      vertex 0.177428379655 -0.0822960808873 0.190926596522
      vertex 0.177264884114 -0.0851752981544 0.189574092627
      vertex 0.180029585958 -0.0856929197907 0.191553667188
    endloop
  endfacet
  facet normal -0.245137631893 0.0862511917949 0.965643942356
    outer loop
      vertex 0.179936766624 -0.0889831855893 0.185988217592
      vertex 0.183066040277 -0.0897565707564 0.186223432422
      vertex 0.180272430182 -0.0888450071216 0.188489198685
    endloop
  endfacet
  facet normal -0.137353867292 -0.0231311768293 0.990251898766
    outer loop
      vertex 0.183066040277 -0.0897565707564 0.186223432422
      vertex 0.186314120889 -0.0901841521263 0.185241043568
      vertex 0.186590984464 -0.0902652293444 0.187067985535
    endloop
  endfacet
  facet normal -0.399932861328 0.470323294401 0.786670029163
    outer loop
      vertex 0.180029585958 -0.0856929197907 0.191553667188
      vertex 0.18444404006 -0.0889908894897 0.189791202545
      vertex 0.183400407434 -0.0859145745635 0.194049268961
    endloop
  endfacet
  facet normal -0.652359426022 0.530112743378 0.541671156883
    outer loop
      vertex 0.183400407434 -0.0859145745635 0.194049268961
      vertex 0.184077993035 -0.082938991487 0.19792355597
      vertex 0.180381625891 -0.0812013596296 0.19515030086
    endloop
  endfacet
  facet normal -0.662771582603 0.624259054661 0.413563162088
    outer loop
      vertex 0.180381625891 -0.0812013596296 0.19515030086
      vertex 0.184077993035 -0.082938991487 0.19792355597
      vertex 0.183381333947 -0.0799096599221 0.199190810323
    endloop
  endfacet
  facet normal -0.352545499802 0.831673502922 0.428988218307
    outer loop
      vertex 0.184077993035 -0.082938991487 0.19792355597
      vertex 0.185880333185 -0.0800992697477 0.200152337551
      vertex 0.183381333947 -0.0799096599221 0.199190810323
    endloop
  endfacet
  facet normal -0.363541960716 0.927334845066 0.0888106003404
    outer loop
      vertex 0.183381333947 -0.0799096599221 0.199190810323
      vertex 0.185880333185 -0.0800992697477 0.200152337551
      vertex 0.184599459171 -0.0773432850838 0.199914127588
    endloop
  endfacet
  facet normal -0.73017013073 0.628082931042 0.269004523754
    outer loop
      vertex 0.180506795645 -0.0759009122849 0.197565972805
      vertex 0.180381625891 -0.0812013596296 0.19515030086
      vertex 0.183381333947 -0.0799096599221 0.199190810323
    endloop
  endfacet
  facet normal 0.0492885224521 0.582103013992 0.811619818211
    outer loop
      vertex 0.188168853521 -0.0840957313776 0.198423340917
      vertex 0.186490893364 -0.0859587937593 0.195967778563
      vertex 0.188796743751 -0.0861711502075 0.195476442575
    endloop
  endfacet
  facet normal -0.248802438378 0.832311332226 0.495333433151
    outer loop
      vertex 0.185880333185 -0.0800992697477 0.200152337551
      vertex 0.184077993035 -0.082938991487 0.19792355597
      vertex 0.187830835581 -0.0817816853523 0.199734136462
    endloop
  endfacet
  facet normal 0.116937495768 0.987053453922 0.109777338803
    outer loop
      vertex 0.188954472542 -0.0794451087713 0.199860885739
      vertex 0.185880333185 -0.0800992697477 0.200152337551
      vertex 0.187830835581 -0.0817816853523 0.199734136462
    endloop
  endfacet
  facet normal 0.115107104182 0.988241195679 0.100646495819
    outer loop
      vertex 0.188954472542 -0.0794451087713 0.199860885739
      vertex 0.186944574118 -0.0784114822745 0.200200259686
      vertex 0.185880333185 -0.0800992697477 0.200152337551
    endloop
  endfacet
  facet normal 0.273032069206 0.944528698921 0.182534947991
    outer loop
      vertex 0.188954472542 -0.0794451087713 0.199860885739
      vertex 0.187830835581 -0.0817816853523 0.199734136462
      vertex 0.189913183451 -0.0814421921968 0.199197813869
    endloop
  endfacet
  facet normal 0.292677313089 0.940648376942 0.171815797687
    outer loop
      vertex 0.189913183451 -0.0814421921968 0.199197813869
      vertex 0.191301986575 -0.0788907408714 0.199231728911
      vertex 0.188954472542 -0.0794451087713 0.199860885739
    endloop
  endfacet
  facet normal 0.128235906363 0.589169323444 0.797768771648
    outer loop
      vertex 0.188796743751 -0.0861711502075 0.195476442575
      vertex 0.190266519785 -0.0840095952153 0.198083415627
      vertex 0.188168853521 -0.0840957313776 0.198423340917
    endloop
  endfacet
  facet normal 0.0294936671853 0.509977459908 0.859682023525
    outer loop
      vertex 0.187815278769 -0.0881304442883 0.192230373621
      vertex 0.188796743751 -0.0861711502075 0.195476442575
      vertex 0.186490893364 -0.0859587937593 0.195967778563
    endloop
  endfacet
  facet normal 0.0552316345274 0.402422904968 0.913786232471
    outer loop
      vertex 0.190649658442 -0.0888625830412 0.190178886056
      vertex 0.187815278769 -0.0881304442883 0.192230373621
      vertex 0.18823261559 -0.0897347480059 0.188530191779
    endloop
  endfacet
  facet normal 0.222495943308 0.101962022483 0.969587206841
    outer loop
      vertex 0.186590984464 -0.0902652293444 0.187067985535
      vertex 0.187603384256 -0.0901639312506 0.18582201004
      vertex 0.18823261559 -0.0897347480059 0.188530191779
    endloop
  endfacet
  facet normal 0.0773059353232 -0.215385690331 0.973464310169
    outer loop
      vertex 0.188800081611 -0.0896827057004 0.184076562524
      vertex 0.187603384256 -0.0901639312506 0.18582201004
      vertex 0.186920151114 -0.089862562716 0.184214711189
    endloop
  endfacet
  facet normal 0.0249888375401 -0.649447321892 0.759995877743
    outer loop
      vertex 0.188800081611 -0.0896827057004 0.184076562524
      vertex 0.186920151114 -0.089862562716 0.184214711189
      vertex 0.187575548887 -0.0879010930657 0.181944578886
    endloop
  endfacet
  facet normal -0.0304837375879 -0.966711163521 0.254047840834
    outer loop
      vertex 0.187575548887 -0.0879010930657 0.181944578886
      vertex 0.187157541513 -0.0851546227932 0.181235998869
      vertex 0.190931588411 -0.0853434354067 0.181166604161
    endloop
  endfacet
  facet normal 0.166932523251 -0.912134408951 0.374358564615
    outer loop
      vertex 0.190931588411 -0.0853434354067 0.181166604161
      vertex 0.195053204894 -0.0830927789211 0.18099719286
      vertex 0.193364620209 -0.0873618796468 0.182440295815
    endloop
  endfacet
  facet normal 0.382720112801 -0.120839983225 0.915927410126
    outer loop
      vertex 0.191244602203 -0.0888578742743 0.183649003506
      vertex 0.192382082343 -0.0890287905931 0.188547089696
      vertex 0.189589425921 -0.089972704649 0.186856850982
    endloop
  endfacet
  facet normal 0.3866302073 -0.386266767979 0.837445557117
    outer loop
      vertex 0.196548327804 -0.0867094323039 0.184212461114
      vertex 0.193996280432 -0.0884770601988 0.185490325093
      vertex 0.193364620209 -0.0873618796468 0.182440295815
    endloop
  endfacet
  facet normal 0.650721669197 -0.15650446713 0.743012547493
    outer loop
      vertex 0.199145555496 -0.0844288021326 0.184183955193
      vertex 0.197946980596 -0.0864332318306 0.188716560602
      vertex 0.196548327804 -0.0867094323039 0.184212461114
    endloop
  endfacet
  facet normal 0.485111773014 0.177975222468 0.85614913702
    outer loop
      vertex 0.197946980596 -0.0864332318306 0.188716560602
      vertex 0.20025639236 -0.0847686305642 0.190429270267
      vertex 0.19654417038 -0.0866052657366 0.191712662578
    endloop
  endfacet
  facet normal 0.301849603653 0.35115596652 0.886327445507
    outer loop
      vertex 0.195256888866 -0.0879470184445 0.188806369901
      vertex 0.192303806543 -0.0876121297479 0.19219006598
      vertex 0.192382082343 -0.0890287905931 0.188547089696
    endloop
  endfacet
  facet normal 0.25378087163 0.463302522898 0.849085390568
    outer loop
      vertex 0.194317623973 -0.0861023366451 0.19385394454
      vertex 0.192091092467 -0.0855994224548 0.195995241404
      vertex 0.192303806543 -0.0876121297479 0.19219006598
    endloop
  endfacet
  facet normal 0.46164649725 0.553720414639 0.693019628525
    outer loop
      vertex 0.196618244052 -0.0836134925485 0.195395320654
      vertex 0.19654417038 -0.0866052657366 0.191712662578
      vertex 0.200335338712 -0.0832509174943 0.192750096321
    endloop
  endfacet
  facet normal 0.407073050737 0.587531208992 0.699355840683
    outer loop
      vertex 0.194317623973 -0.0861023366451 0.19385394454
      vertex 0.193427801132 -0.0838459432125 0.197156324983
      vertex 0.192091092467 -0.0855994224548 0.195995241404
    endloop
  endfacet
  facet normal 0.520543992519 0.65667372942 0.545722961426
    outer loop
      vertex 0.200335338712 -0.0832509174943 0.192750096321
      vertex 0.199897095561 -0.0809979662299 0.194969788194
      vertex 0.196618244052 -0.0836134925485 0.195395320654
    endloop
  endfacet
  facet normal 0.625608086586 0.613125801086 0.482380837202
    outer loop
      vertex 0.200335338712 -0.0832509174943 0.192750096321
      vertex 0.202783092856 -0.0802885442972 0.192583188415
      vertex 0.199897095561 -0.0809979662299 0.194969788194
    endloop
  endfacet
  facet normal 0.851047873497 0.283379584551 0.442056000233
    outer loop
      vertex 0.202783092856 -0.0802885442972 0.192583188415
      vertex 0.204703629017 -0.0788087397814 0.189123809338
      vertex 0.204445645213 -0.0771541297436 0.192479684949
    endloop
  endfacet
  facet normal 0.926120638847 0.31026417017 0.214561641216
    outer loop
      vertex 0.204654633999 -0.0749373435974 0.193388864398
      vertex 0.204445645213 -0.0771541297436 0.192479684949
      vertex 0.205320209265 -0.0765760987997 0.190268918872
    endloop
  endfacet
  facet normal 0.957464635372 0.28715839982 -0.028310297057
    outer loop
      vertex 0.204654633999 -0.0749373435974 0.193388864398
      vertex 0.204618304968 -0.0704649612308 0.193069085479
      vertex 0.203886806965 -0.0733981654048 0.195797264576
    endloop
  endfacet
  facet normal 0.606852531433 0.770801067352 -0.193896114826
    outer loop
      vertex 0.202853068709 -0.0682938843966 0.195327147841
      vertex 0.201229229569 -0.0716413408518 0.197447642684
      vertex 0.203886806965 -0.0733981654048 0.195797264576
    endloop
  endfacet
  facet normal 0.609054386616 0.647554636002 0.457958191633
    outer loop
      vertex 0.202585801482 -0.078088991344 0.194325134158
      vertex 0.202387988567 -0.0758891999722 0.196066901088
      vertex 0.199994176626 -0.0789378210902 0.196162372828
    endloop
  endfacet
  facet normal 0.0581733174622 0.996677577496 0.05700609833
    outer loop
      vertex 0.19793023169 -0.0738021954894 0.197516605258
      vertex 0.19945935905 -0.0748818740249 0.19736559689
      vertex 0.201229229569 -0.0716413408518 0.197447642684
    endloop
  endfacet
  facet normal 0.209866955876 0.977692902088 0.00851058773696
    outer loop
      vertex 0.196152687073 -0.0710440203547 0.197922170162
      vertex 0.194286614656 -0.0744258165359 0.198293298483
      vertex 0.19793023169 -0.0738021954894 0.197516605258
    endloop
  endfacet
  facet normal 0.274271398783 0.949772775173 0.150688096881
    outer loop
      vertex 0.199994176626 -0.0789378210902 0.196162372828
      vertex 0.19764816761 -0.0757802128792 0.197340831161
      vertex 0.196925908327 -0.0798737257719 0.196899935603
    endloop
  endfacet
  facet normal 0.420756220818 0.850490510464 0.31564232707
    outer loop
      vertex 0.193427801132 -0.0838459432125 0.197156324983
      vertex 0.196925908327 -0.0798737257719 0.196899935603
      vertex 0.193021252751 -0.0812405124307 0.198324397206
    endloop
  endfacet
  facet normal 0.27670904994 0.946992695332 0.163208261132
    outer loop
      vertex 0.191301986575 -0.0788907408714 0.199231728911
      vertex 0.189913183451 -0.0814421921968 0.199197813869
      vertex 0.193021252751 -0.0812405124307 0.198324397206
    endloop
  endfacet
  facet normal 0.249750122428 0.96746712923 -0.0404006540775
    outer loop
      vertex 0.18954141438 -0.0764269158244 0.199583336711
      vertex 0.188954472542 -0.0794451087713 0.199860885739
      vertex 0.191301986575 -0.0788907408714 0.199231728911
    endloop
  endfacet
  facet normal 0.165569484234 0.984862744808 -0.0513039715588
    outer loop
      vertex 0.193288743496 -0.0772837996483 0.198609933257
      vertex 0.194286614656 -0.0744258165359 0.198293298483
      vertex 0.190716534853 -0.0731866136193 0.198828920722
    endloop
  endfacet
  facet normal 0.168674692512 0.983800411224 -0.0607090480626
    outer loop
      vertex 0.192368656397 -0.071676492691 0.198452487588
      vertex 0.190716534853 -0.0731866136193 0.198828920722
      vertex 0.194286614656 -0.0744258165359 0.198293298483
    endloop
  endfacet
  facet normal 0.192538872361 0.979874968529 -0.0526674874127
    outer loop
      vertex 0.188954472542 -0.0794451087713 0.199860885739
      vertex 0.18954141438 -0.0764269158244 0.199583336711
      vertex 0.186944574118 -0.0784114822745 0.200200259686
    endloop
  endfacet
  facet normal -0.104191601276 0.993851006031 -0.0374743640423
    outer loop
      vertex 0.186944574118 -0.0784114822745 0.200200259686
      vertex 0.184599459171 -0.0773432850838 0.199914127588
      vertex 0.185880333185 -0.0800992697477 0.200152337551
    endloop
  endfacet
  facet normal -0.188002571464 0.967654466629 -0.168225571513
    outer loop
      vertex 0.184916436672 -0.0718645006418 0.198218077421
      vertex 0.182439014316 -0.0739874541759 0.198105812073
      vertex 0.187490984797 -0.0742776617408 0.199137806892
    endloop
  endfacet
  facet normal -0.499514400959 0.866276800632 0.00706302048638
    outer loop
      vertex 0.183381333947 -0.0799096599221 0.199190810323
      vertex 0.184599459171 -0.0773432850838 0.199914127588
      vertex 0.180506795645 -0.0759009122849 0.197565972805
    endloop
  endfacet
  facet normal -0.316402673721 0.892285525799 -0.322049468756
    outer loop
      vertex 0.182439014316 -0.0739874541759 0.198105812073
      vertex 0.184916436672 -0.0718645006418 0.198218077421
      vertex 0.180811688304 -0.072334907949 0.196932330728
    endloop
  endfacet
  facet normal -0.673745691776 0.678297519684 0.29322218895
    outer loop
      vertex 0.176063880324 -0.0762497037649 0.193002104759
      vertex 0.180381625891 -0.0812013596296 0.19515030086
      vertex 0.180506795645 -0.0759009122849 0.197565972805
    endloop
  endfacet
  facet normal -0.391065090895 0.920122563839 -0.0210362561047
    outer loop
      vertex 0.178518787026 -0.0697169601917 0.195897951722
      vertex 0.176466077566 -0.0729927495122 0.195100411773
      vertex 0.180811688304 -0.072334907949 0.196932330728
    endloop
  endfacet
  facet normal -0.174425959587 0.958522439003 -0.225411519408
    outer loop
      vertex 0.175786554813 -0.06686013937 0.195069894195
      vertex 0.178671404719 -0.0636439472437 0.194838523865
      vertex 0.176596775651 -0.0615699216723 0.193973243237
    endloop
  endfacet
  facet normal 0.0466847494245 0.904445827007 -0.424026340246
    outer loop
      vertex 0.178036153316 -0.060547888279 0.193419799209
      vertex 0.176596775651 -0.0615699216723 0.193973243237
      vertex 0.178671404719 -0.0636439472437 0.194838523865
    endloop
  endfacet
  facet normal -0.232266768813 0.958038032055 -0.167973920703
    outer loop
      vertex 0.178518787026 -0.0697169601917 0.195897951722
      vertex 0.184966370463 -0.0689142942429 0.197320371866
      vertex 0.183802038431 -0.065711081028 0.196476474404
    endloop
  endfacet
  facet normal -0.182140305638 0.965120851994 -0.188060358167
    outer loop
      vertex 0.183802038431 -0.065711081028 0.196476474404
      vertex 0.184966370463 -0.0689142942429 0.197320371866
      vertex 0.185677856207 -0.0663304552436 0.196951165795
    endloop
  endfacet
  facet normal 0.0471361652017 0.90725082159 -0.417940407991
    outer loop
      vertex 0.188015207648 -0.0664997398853 0.197469681501
      vertex 0.19131462276 -0.0639304891229 0.196114689112
      vertex 0.186601564288 -0.0642296671867 0.196497380733
    endloop
  endfacet
  facet normal -0.304356783628 0.927660942078 -0.216361060739
    outer loop
      vertex 0.184966370463 -0.0689142942429 0.197320371866
      vertex 0.187615871429 -0.0682285353541 0.198029711843
      vertex 0.185677856207 -0.0663304552436 0.196951165795
    endloop
  endfacet
  facet normal -0.195944204926 0.976064324379 -0.0943626016378
    outer loop
      vertex 0.187615871429 -0.0682285353541 0.198029711843
      vertex 0.188128679991 -0.0692451670766 0.198230937123
      vertex 0.18951228261 -0.0680660307407 0.198394700885
    endloop
  endfacet
  facet normal -0.0717038661242 0.984741985798 -0.158561483026
    outer loop
      vertex 0.18816138804 -0.0702955573797 0.198402449489
      vertex 0.189600333571 -0.0701939240098 0.198490872979
      vertex 0.188128679991 -0.0692451670766 0.198230937123
    endloop
  endfacet
  facet normal 0.0083643142134 0.999541759491 -0.0290918760002
    outer loop
      vertex 0.190631076694 -0.07108938694 0.198508307338
      vertex 0.189600333571 -0.0701939240098 0.198490872979
      vertex 0.189187720418 -0.0712046921253 0.198523744941
    endloop
  endfacet
  facet normal 0.0836402401328 0.984536468983 -0.153922826052
    outer loop
      vertex 0.192368656397 -0.071676492691 0.198452487588
      vertex 0.190631076694 -0.07108938694 0.198508307338
      vertex 0.190716534853 -0.0731866136193 0.198828920722
    endloop
  endfacet
  facet normal 0.218103587627 0.963846683502 -0.153069958091
    outer loop
      vertex 0.193476691842 -0.069791264832 0.197847023606
      vertex 0.192650973797 -0.0688325166702 0.197881609201
      vertex 0.191530808806 -0.0700209587812 0.198323816061
    endloop
  endfacet
  facet normal 0.132900372148 0.990498244762 -0.0353648178279
    outer loop
      vertex 0.196152687073 -0.0710440203547 0.197922170162
      vertex 0.192368656397 -0.071676492691 0.198452487588
      vertex 0.194286614656 -0.0744258165359 0.198293298483
    endloop
  endfacet
  facet normal 0.0234700925648 0.951133847237 -0.307885676622
    outer loop
      vertex 0.196248948574 -0.0676672756672 0.196826741099
      vertex 0.196152687073 -0.0710440203547 0.197922170162
      vertex 0.199108675122 -0.0708447620273 0.197784736753
    endloop
  endfacet
  facet normal 0.190799772739 0.820314586163 -0.539146900177
    outer loop
      vertex 0.19356970489 -0.0663820207119 0.196605190635
      vertex 0.196248948574 -0.0676672756672 0.196826741099
      vertex 0.197994142771 -0.0647387877107 0.194496080279
    endloop
  endfacet
  facet normal 0.218482986093 0.963707983494 -0.153401702642
    outer loop
      vertex 0.192650973797 -0.0688325166702 0.197881609201
      vertex 0.193476691842 -0.069791264832 0.197847023606
      vertex 0.194645270705 -0.0684319362044 0.1973657161
    endloop
  endfacet
  facet normal 0.193306162953 0.957065284252 -0.216006428003
    outer loop
      vertex 0.190521761775 -0.069043494761 0.198359280825
      vertex 0.192650973797 -0.0688325166702 0.197881609201
      vertex 0.190926775336 -0.0672637075186 0.197875782847
    endloop
  endfacet
  facet normal -0.000726786849555 0.884141743183 -0.467218190432
    outer loop
      vertex 0.19131462276 -0.0639304891229 0.196114689112
      vertex 0.188015207648 -0.0664997398853 0.197469681501
      vertex 0.190926775336 -0.0672637075186 0.197875782847
    endloop
  endfacet
  facet normal 0.21309043467 0.838174343109 -0.502052009106
    outer loop
      vertex 0.19356970489 -0.0663820207119 0.196605190635
      vertex 0.197994142771 -0.0647387877107 0.194496080279
      vertex 0.195198789239 -0.0627305656672 0.194003865123
    endloop
  endfacet
  facet normal 0.289844483137 0.65799665451 -0.695004045963
    outer loop
      vertex 0.19131462276 -0.0639304891229 0.196114689112
      vertex 0.191008552909 -0.0607837885618 0.192925825715
      vertex 0.188399404287 -0.0618840232491 0.195237264037
    endloop
  endfacet
  facet normal 0.292475700378 0.267303586006 -0.918154001236
    outer loop
      vertex 0.193383380771 -0.0611318871379 0.190498962998
      vertex 0.195198789239 -0.0627305656672 0.194003865123
      vertex 0.198406606913 -0.0626784265041 0.190314859152
    endloop
  endfacet
  facet normal 0.204917117953 0.15566393733 -0.966321766376
    outer loop
      vertex 0.191008552909 -0.0607837885618 0.192925825715
      vertex 0.188339322805 -0.0593198314309 0.187351733446
      vertex 0.185929626226 -0.0597185790539 0.192999213934
    endloop
  endfacet
  facet normal 0.328961849213 0.205443382263 -0.921725094318
    outer loop
      vertex 0.188339322805 -0.0593198314309 0.187351733446
      vertex 0.181934848428 -0.057344570756 0.188744723797
      vertex 0.185929626226 -0.0597185790539 0.192999213934
    endloop
  endfacet
  facet normal 0.223961740732 -0.0348278693855 -0.973975419998
    outer loop
      vertex 0.196898087859 -0.062025859952 0.188100099564
      vertex 0.194095626473 -0.0614896416664 0.185074359179
      vertex 0.193383380771 -0.0611318871379 0.190498962998
    endloop
  endfacet
  facet normal 0.513377428055 -0.218967452645 -0.829757094383
    outer loop
      vertex 0.194095626473 -0.0614896416664 0.185074359179
      vertex 0.194382295012 -0.0632587447762 0.179042592645
      vertex 0.191651716828 -0.0611197128892 0.180746302009
    endloop
  endfacet
  facet normal 0.495738208294 -0.286874443293 -0.819723546505
    outer loop
      vertex 0.191651716828 -0.0611197128892 0.180746302009
      vertex 0.191252484918 -0.062293112278 0.176703512669
      vertex 0.189594954252 -0.0609558299184 0.177660375834
    endloop
  endfacet
  facet normal 0.309354424477 -0.568617522717 -0.762216508389
    outer loop
      vertex 0.189594954252 -0.0609558299184 0.177660375834
      vertex 0.189819440246 -0.0626335218549 0.175533607602
      vertex 0.187777683139 -0.0617844536901 0.175560951233
    endloop
  endfacet
  facet normal -0.16015702486 -0.875561475754 -0.45578700304
    outer loop
      vertex 0.187777683139 -0.0617844536901 0.175560951233
      vertex 0.186267569661 -0.0635606795549 0.174912542105
      vertex 0.185834541917 -0.0622227117419 0.175688251853
    endloop
  endfacet
  facet normal -0.239423751831 -0.905996918678 -0.349064290524
    outer loop
      vertex 0.182310804725 -0.0612538605928 0.176992729306
      vertex 0.185834541917 -0.0622227117419 0.175688251853
      vertex 0.183477833867 -0.0638808757067 0.175672188401
    endloop
  endfacet
  facet normal -0.464848846197 -0.856566667557 -0.224073767662
    outer loop
      vertex 0.180512145162 -0.0641090795398 0.177221938968
      vertex 0.182310804725 -0.0612538605928 0.176992729306
      vertex 0.183477833867 -0.0638808757067 0.175672188401
    endloop
  endfacet
  facet normal -0.46114090085 -0.851473808289 0.249682575464
    outer loop
      vertex 0.17760258913 -0.0654050186276 0.179177701473
      vertex 0.178323581815 -0.0631118565798 0.178114786744
      vertex 0.180512145162 -0.0641090795398 0.177221938968
    endloop
  endfacet
  facet normal -0.380752027035 -0.922862231731 0.0579072870314
    outer loop
      vertex 0.178323581815 -0.0631118565798 0.178114786744
      vertex 0.176745846868 -0.0625303909183 0.178729236126
      vertex 0.177045986056 -0.0611182227731 0.178516805172
    endloop
  endfacet
  facet normal -0.152882099152 -0.964372456074 -0.215899929404
    outer loop
      vertex 0.177045986056 -0.0611182227731 0.178516805172
      vertex 0.175809830427 -0.0593077689409 0.179118081927
      vertex 0.177736982703 -0.059314660728 0.1788110286
    endloop
  endfacet
  facet normal -0.313483834267 -0.944356262684 -0.0995950177312
    outer loop
      vertex 0.174460053444 -0.0610972121358 0.179377436638
      vertex 0.175809830427 -0.0593077689409 0.179118081927
      vertex 0.177045986056 -0.0611182227731 0.178516805172
    endloop
  endfacet
  facet normal -0.0864945501089 -0.958253443241 -0.272523492575
    outer loop
      vertex 0.174333825707 -0.0591988936067 0.179282277822
      vertex 0.174734801054 -0.0582240670919 0.179523319006
      vertex 0.175809830427 -0.0593077689409 0.179118081927
    endloop
  endfacet
  facet normal -0.144466876984 -0.982571005821 -0.116976886988
    outer loop
      vertex 0.174176365137 -0.0573179274797 0.179713308811
      vertex 0.174734801054 -0.0582240670919 0.179523319006
      vertex 0.173284009099 -0.0583630353212 0.17972008884
    endloop
  endfacet
  facet normal 0.196662470698 -0.498001933098 -0.844581484795
    outer loop
      vertex 0.170413687825 -0.052349857986 0.183419495821
      vertex 0.172682389617 -0.0539990663528 0.181518450379
      vertex 0.1703774333 -0.0536031872034 0.181279599667
    endloop
  endfacet
  facet normal 0.379362136126 -0.305064916611 -0.873510062695
    outer loop
      vertex 0.173167064786 -0.0533899143338 0.183865383267
      vertex 0.172682389617 -0.0539990663528 0.181518450379
      vertex 0.170413687825 -0.052349857986 0.183419495821
    endloop
  endfacet
  facet normal 0.189770996571 -0.863774180412 -0.466777443886
    outer loop
      vertex 0.166271179914 -0.0535036101937 0.180354148149
      vertex 0.168613880873 -0.0526120513678 0.181350633502
      vertex 0.169656649232 -0.0552907511592 0.180132180452
    endloop
  endfacet
  facet normal 0.013171363622 -0.991910874844 -0.126251146197
    outer loop
      vertex 0.172095909715 -0.0555856823921 0.180127024651
      vertex 0.170323699713 -0.0576368570328 0.179842427373
      vertex 0.169656649232 -0.0552907511592 0.180132180452
    endloop
  endfacet
  facet normal -0.281982183456 -0.88575977087 0.36866748333
    outer loop
      vertex 0.170207902789 -0.0594693571329 0.180283084512
      vertex 0.165709972382 -0.0624239221215 0.182944744825
      vertex 0.16727873683 -0.0581077337265 0.180648863316
    endloop
  endfacet
  facet normal -0.275814831257 -0.884302318096 0.37674343586
    outer loop
      vertex 0.170207902789 -0.0594693571329 0.180283084512
      vertex 0.169507265091 -0.0645918995142 0.182683989406
      vertex 0.165709972382 -0.0624239221215 0.182944744825
    endloop
  endfacet
  facet normal -0.306168049574 -0.877402842045 0.369358122349
    outer loop
      vertex 0.169507265091 -0.0645918995142 0.182683989406
      vertex 0.170207902789 -0.0594693571329 0.180283084512
      vertex 0.17267383635 -0.060873940587 0.180013895035
    endloop
  endfacet
  facet normal -0.341887742281 -0.793544828892 0.503387928009
    outer loop
      vertex 0.165709972382 -0.0624239221215 0.182944744825
      vertex 0.169507265091 -0.0645918995142 0.182683989406
      vertex 0.165678039193 -0.0650133863091 0.184601143003
    endloop
  endfacet
  facet normal -0.0972961708903 -0.970911085606 -0.218781039119
    outer loop
      vertex 0.172253981233 -0.0574656203389 0.179687574506
      vertex 0.170323699713 -0.0576368570328 0.179842427373
      vertex 0.172095909715 -0.0555856823921 0.180127024651
    endloop
  endfacet
  facet normal 0.0148561261594 -0.999705851078 0.0191691983491
    outer loop
      vertex 0.173284009099 -0.0583630353212 0.17972008884
      vertex 0.172253981233 -0.0574656203389 0.179687574506
      vertex 0.174176365137 -0.0573179274797 0.179713308811
    endloop
  endfacet
  facet normal -0.176653072238 -0.976560890675 0.122973494232
    outer loop
      vertex 0.170207902789 -0.0594693571329 0.180283084512
      vertex 0.171327039599 -0.0585562065244 0.179965659976
      vertex 0.17267383635 -0.060873940587 0.180013895035
    endloop
  endfacet
  facet normal -0.156219273806 -0.941957056522 -0.297174096107
    outer loop
      vertex 0.173284009099 -0.0583630353212 0.17972008884
      vertex 0.174734801054 -0.0582240670919 0.179523319006
      vertex 0.174333825707 -0.0591988936067 0.179282277822
    endloop
  endfacet
  facet normal -0.114553235471 -0.991761565208 0.0573287382722
    outer loop
      vertex 0.174333825707 -0.0591988936067 0.179282277822
      vertex 0.175809830427 -0.0593077689409 0.179118081927
      vertex 0.174460053444 -0.0610972121358 0.179377436638
    endloop
  endfacet
  facet normal -0.315437316895 -0.945957005024 0.0752634480596
    outer loop
      vertex 0.174460053444 -0.0610972121358 0.179377436638
      vertex 0.177045986056 -0.0611182227731 0.178516805172
      vertex 0.176745846868 -0.0625303909183 0.178729236126
    endloop
  endfacet
  facet normal -0.432855129242 -0.862093448639 0.263498187065
    outer loop
      vertex 0.176745846868 -0.0625303909183 0.178729236126
      vertex 0.178323581815 -0.0631118565798 0.178114786744
      vertex 0.17760258913 -0.0654050186276 0.179177701473
    endloop
  endfacet
  facet normal -0.479663193226 -0.781315267086 0.399336516857
    outer loop
      vertex 0.179637297988 -0.0685574635863 0.17953979969
      vertex 0.177137061954 -0.067549906671 0.180559769273
      vertex 0.17760258913 -0.0654050186276 0.179177701473
    endloop
  endfacet
  facet normal -0.395184546709 -0.871787250042 0.289510279894
    outer loop
      vertex 0.169507265091 -0.0645918995142 0.182683989406
      vertex 0.17267383635 -0.060873940587 0.180013895035
      vertex 0.17432820797 -0.0642156600952 0.180373698473
    endloop
  endfacet
  facet normal -0.409568667412 -0.801598966122 0.435537159443
    outer loop
      vertex 0.175518319011 -0.0698693618178 0.182647094131
      vertex 0.173572063446 -0.0665889754891 0.181859150529
      vertex 0.177137061954 -0.067549906671 0.180559769273
    endloop
  endfacet
  facet normal -0.474498152733 -0.806034445763 0.353779613972
    outer loop
      vertex 0.177123010159 -0.073843434453 0.183446705341
      vertex 0.174130290747 -0.073818847537 0.185197681189
      vertex 0.175518319011 -0.0698693618178 0.182647094131
    endloop
  endfacet
  facet normal -0.461848407984 -0.61345076561 0.640604555607
    outer loop
      vertex 0.168118268251 -0.0682861879468 0.185940742493
      vertex 0.171119019389 -0.0690125972033 0.184440135956
      vertex 0.17119140923 -0.0728349611163 0.188377201557
    endloop
  endfacet
  facet normal -0.921058535576 -0.282932519913 0.267582505941
    outer loop
      vertex 0.174130290747 -0.073818847537 0.185197681189
      vertex 0.174871757627 -0.0777082741261 0.186462312937
      vertex 0.173745408654 -0.0763550326228 0.188849210739
    endloop
  endfacet
  facet normal -0.727914273739 0.420121908188 0.541884064674
    outer loop
      vertex 0.176063880324 -0.0762497037649 0.193002104759
      vertex 0.173098355532 -0.0725030526519 0.192696481943
      vertex 0.173745408654 -0.0763550326228 0.188849210739
    endloop
  endfacet
  facet normal -0.294289857149 0.867269933224 0.401542454958
    outer loop
      vertex 0.173576280475 -0.06881724298 0.194565176964
      vertex 0.171159029007 -0.0687376558781 0.193781778216
      vertex 0.173098355532 -0.0725030526519 0.192696481943
    endloop
  endfacet
  facet normal -0.604286253452 0.266240358353 0.750968873501
    outer loop
      vertex 0.170836657286 -0.0713228732347 0.191837072372
      vertex 0.168063297868 -0.0697316601872 0.190030604601
      vertex 0.17119140923 -0.0728349611163 0.188377201557
    endloop
  endfacet
  facet normal -0.237858593464 0.944273471832 0.22753226757
    outer loop
      vertex 0.171159029007 -0.0687376558781 0.193781778216
      vertex 0.171796008945 -0.0666586905718 0.194443181157
      vertex 0.16802226007 -0.0670085176826 0.193408295512
    endloop
  endfacet
  facet normal -0.22759065032 0.92878985405 0.292492598295
    outer loop
      vertex 0.171796008945 -0.0666586905718 0.194443181157
      vertex 0.169341683388 -0.0644806101918 0.194527685642
      vertex 0.16802226007 -0.0670085176826 0.193408295512
    endloop
  endfacet
  facet normal -0.202964290977 0.930160343647 0.305952966213
    outer loop
      vertex 0.169341683388 -0.0644806101918 0.194527685642
      vertex 0.165837556124 -0.0652776509523 0.193500906229
      vertex 0.16802226007 -0.0670085176826 0.193408295512
    endloop
  endfacet
  facet normal -0.494432359934 0.571789443493 0.654670536518
    outer loop
      vertex 0.16802226007 -0.0670085176826 0.193408295512
      vertex 0.165837556124 -0.0652776509523 0.193500906229
      vertex 0.16523899138 -0.067774772644 0.190124243498
    endloop
  endfacet
  facet normal -0.445985674858 0.581950128078 0.680022656918
    outer loop
      vertex 0.16523899138 -0.067774772644 0.190124243498
      vertex 0.165837556124 -0.0652776509523 0.193500906229
      vertex 0.163545399904 -0.0664098188281 0.190421327949
    endloop
  endfacet
  facet normal -0.445080459118 0.581603288651 0.680911898613
    outer loop
      vertex 0.161947891116 -0.0624378174543 0.193849027157
      vertex 0.163545399904 -0.0664098188281 0.190421327949
      vertex 0.165837556124 -0.0652776509523 0.193500906229
    endloop
  endfacet
  facet normal -0.171273246408 0.921869397163 0.347594946623
    outer loop
      vertex 0.165916919708 -0.0626601651311 0.194502592087
      vertex 0.161947891116 -0.0624378174543 0.193849027157
      vertex 0.165837556124 -0.0652776509523 0.193500906229
    endloop
  endfacet
  facet normal -0.744084656239 -0.231494680047 0.626696288586
    outer loop
      vertex 0.17119140923 -0.0728349611163 0.188377201557
      vertex 0.168063297868 -0.0697316601872 0.190030604601
      vertex 0.168118268251 -0.0682861879468 0.185940742493
    endloop
  endfacet
  facet normal -0.322894722223 -0.766878724098 0.554649472237
    outer loop
      vertex 0.169507265091 -0.0645918995142 0.182683989406
      vertex 0.168118268251 -0.0682861879468 0.185940742493
      vertex 0.165678039193 -0.0650133863091 0.184601143003
    endloop
  endfacet
  facet normal -0.361520349979 -0.787440001965 0.49924069643
    outer loop
      vertex 0.165709972382 -0.0624239221215 0.182944744825
      vertex 0.165678039193 -0.0650133863091 0.184601143003
      vertex 0.16351673007 -0.0642404705286 0.185103386641
    endloop
  endfacet
  facet normal -0.636123895645 -0.187109068036 0.748556315899
    outer loop
      vertex 0.16523899138 -0.067774772644 0.190124243498
      vertex 0.163545399904 -0.0664098188281 0.190421327949
      vertex 0.165219590068 -0.066881492734 0.186616495252
    endloop
  endfacet
  facet normal -0.429472118616 -0.562546312809 0.706466794014
    outer loop
      vertex 0.162455096841 -0.0657573640347 0.187818855047
      vertex 0.160984456539 -0.0627141445875 0.18511980772
      vertex 0.16351673007 -0.0642404705286 0.185103386641
    endloop
  endfacet
  facet normal -0.355604976416 -0.722007870674 0.593506276608
    outer loop
      vertex 0.160984456539 -0.0627141445875 0.18511980772
      vertex 0.157620444894 -0.0610516145825 0.185410022736
      vertex 0.159486278892 -0.0603857263923 0.183943688869
    endloop
  endfacet
  facet normal -0.362717062235 -0.265820086002 0.89318305254
    outer loop
      vertex 0.156795218587 -0.0623936057091 0.187492847443
      vertex 0.159045517445 -0.0631433278322 0.18694140017
      vertex 0.157472804189 -0.0630802735686 0.188875541091
    endloop
  endfacet
  facet normal -0.35680732131 -0.626672446728 0.692798793316
    outer loop
      vertex 0.156112968922 -0.0612839460373 0.186525180936
      vertex 0.156176671386 -0.060081154108 0.18515920639
      vertex 0.157620444894 -0.0610516145825 0.185410022736
    endloop
  endfacet
  facet normal -0.394262880087 -0.558574795723 0.729760885239
    outer loop
      vertex 0.15499356389 -0.0614505931735 0.187533020973
      vertex 0.155046850443 -0.060896910727 0.186772048473
      vertex 0.156112968922 -0.0612839460373 0.186525180936
    endloop
  endfacet
  facet normal -0.394371896982 -0.558552205563 0.729719281197
    outer loop
      vertex 0.155046850443 -0.060896910727 0.186772048473
      vertex 0.15499356389 -0.0614505931735 0.187533020973
      vertex 0.154092758894 -0.0609791427851 0.18755312264
    endloop
  endfacet
  facet normal -0.488999307156 -0.498840481043 0.715568184853
    outer loop
      vertex 0.1538772434 -0.0598744228482 0.186179697514
      vertex 0.154092758894 -0.0609791427851 0.18755312264
      vertex 0.152443438768 -0.0602149516344 0.188073694706
    endloop
  endfacet
  facet normal -0.368580371141 0.133155748248 0.920009791851
    outer loop
      vertex 0.150382891297 -0.0589997470379 0.190766185522
      vertex 0.152443438768 -0.0602149516344 0.188073694706
      vertex 0.152953594923 -0.0598234310746 0.19219096005
    endloop
  endfacet
  facet normal -0.481930315495 -0.18875387311 0.855637252331
    outer loop
      vertex 0.156795218587 -0.0623936057091 0.187492847443
      vertex 0.157472804189 -0.0630802735686 0.188875541091
      vertex 0.154659479856 -0.0616075843573 0.189382761717
    endloop
  endfacet
  facet normal -0.437671244144 -0.328601628542 0.836937785149
    outer loop
      vertex 0.157472804189 -0.0630802735686 0.188875541091
      vertex 0.159045517445 -0.0631433278322 0.18694140017
      vertex 0.159828916192 -0.0644721090794 0.189282357693
    endloop
  endfacet
  facet normal -0.506365478039 0.246414139867 0.826361954212
    outer loop
      vertex 0.160125911236 -0.0639155581594 0.191759094596
      vertex 0.159828916192 -0.0644721090794 0.189282357693
      vertex 0.163545399904 -0.0664098188281 0.190421327949
    endloop
  endfacet
  facet normal -0.294549673796 0.704353630543 0.645853281021
    outer loop
      vertex 0.152953594923 -0.0598234310746 0.19219096005
      vertex 0.15793658793 -0.0626902505755 0.191646054387
      vertex 0.158750668168 -0.0604704916477 0.194021880627
    endloop
  endfacet
  facet normal -0.2320651263 0.688295423985 0.687310099602
    outer loop
      vertex 0.161947891116 -0.0624378174543 0.193849027157
      vertex 0.160125911236 -0.0639155581594 0.191759094596
      vertex 0.163545399904 -0.0664098188281 0.190421327949
    endloop
  endfacet
  facet normal -0.160926446319 0.890466272831 0.42564368248
    outer loop
      vertex 0.159594878554 -0.0583678558469 0.195179522038
      vertex 0.158750668168 -0.0604704916477 0.194021880627
      vertex 0.161040708423 -0.0592130199075 0.195036813617
    endloop
  endfacet
  facet normal 0.0631237179041 0.996356010437 0.0573595948517
    outer loop
      vertex 0.162694707513 -0.058810479939 0.195241883397
      vertex 0.163671538234 -0.0593191459775 0.195150718093
      vertex 0.1632168293 -0.0579447597265 0.195258647203
    endloop
  endfacet
  facet normal 0.230808123946 0.958004832268 -0.170159891248
    outer loop
      vertex 0.165162622929 -0.0567745789886 0.194582000375
      vertex 0.163531035185 -0.0562412291765 0.194880366325
      vertex 0.1632168293 -0.0579447597265 0.195258647203
    endloop
  endfacet
  facet normal 0.255901515484 0.89050501585 -0.376185178757
    outer loop
      vertex 0.162342250347 -0.0532472804189 0.193957209587
      vertex 0.16182243824 -0.0561103075743 0.195316046476
      vertex 0.163531035185 -0.0562412291765 0.194880366325
    endloop
  endfacet
  facet normal 0.388532191515 0.857767820358 -0.336566656828
    outer loop
      vertex 0.160823509097 -0.05392614007 0.194911509752
      vertex 0.16182243824 -0.0561103075743 0.195316046476
      vertex 0.162342250347 -0.0532472804189 0.193957209587
    endloop
  endfacet
  facet normal 0.302595317364 0.823251962662 -0.480304390192
    outer loop
      vertex 0.162342250347 -0.0532472804189 0.193957209587
      vertex 0.160833448172 -0.0513908788562 0.193428725004
      vertex 0.160823509097 -0.05392614007 0.194911509752
    endloop
  endfacet
  facet normal 0.420974522829 0.783706068993 -0.456711351871
    outer loop
      vertex 0.160833448172 -0.0513908788562 0.193428725004
      vertex 0.15820863843 -0.0514343008399 0.194863975048
      vertex 0.160823509097 -0.05392614007 0.194911509752
    endloop
  endfacet
  facet normal 0.192904338241 0.95608240366 -0.220668047667
    outer loop
      vertex 0.157655820251 -0.0546580627561 0.195719569921
      vertex 0.160823509097 -0.05392614007 0.194911509752
      vertex 0.15820863843 -0.0514343008399 0.194863975048
    endloop
  endfacet
  facet normal 0.309283494949 0.867228090763 -0.390204012394
    outer loop
      vertex 0.16461545229 -0.0544814243913 0.193701803684
      vertex 0.162342250347 -0.0532472804189 0.193957209587
      vertex 0.163531035185 -0.0562412291765 0.194880366325
    endloop
  endfacet
  facet normal 0.0519379116595 0.976799428463 0.207762673497
    outer loop
      vertex 0.162219554186 -0.0575195923448 0.195334330201
      vertex 0.161002784967 -0.0573601946235 0.195432931185
      vertex 0.161040708423 -0.0592130199075 0.195036813617
    endloop
  endfacet
  facet normal 0.144185841084 0.959102153778 -0.243584647775
    outer loop
      vertex 0.159512490034 -0.0557398051023 0.195569217205
      vertex 0.16182243824 -0.0561103075743 0.195316046476
      vertex 0.160823509097 -0.05392614007 0.194911509752
    endloop
  endfacet
  facet normal -0.0259930323809 0.977463126183 0.209499776363
    outer loop
      vertex 0.161002784967 -0.0573601946235 0.195432931185
      vertex 0.159594878554 -0.0583678558469 0.195179522038
      vertex 0.161040708423 -0.0592130199075 0.195036813617
    endloop
  endfacet
  facet normal -0.165589153767 0.890496373177 0.423788160086
    outer loop
      vertex 0.155798181891 -0.0575820729136 0.194847464561
      vertex 0.158750668168 -0.0604704916477 0.194021880627
      vertex 0.159594878554 -0.0583678558469 0.195179522038
    endloop
  endfacet
  facet normal 0.197152093053 0.958670020103 -0.205140963197
    outer loop
      vertex 0.160823509097 -0.05392614007 0.194911509752
      vertex 0.157655820251 -0.0546580627561 0.195719569921
      vertex 0.159512490034 -0.0557398051023 0.195569217205
    endloop
  endfacet
  facet normal 0.109640464187 0.992821872234 -0.047787796706
    outer loop
      vertex 0.155853047967 -0.051597610116 0.195771351457
      vertex 0.155156508088 -0.0536870211363 0.195948839188
      vertex 0.157655820251 -0.0546580627561 0.195719569921
    endloop
  endfacet
  facet normal 0.177121475339 0.983883202076 -0.0245322678238
    outer loop
      vertex 0.155853047967 -0.051597610116 0.195771351457
      vertex 0.153599604964 -0.0514566898346 0.196173503995
      vertex 0.155156508088 -0.0536870211363 0.195948839188
    endloop
  endfacet
  facet normal -0.236220508814 0.810092866421 0.536609172821
    outer loop
      vertex 0.155798181891 -0.0575820729136 0.194847464561
      vertex 0.152183964849 -0.0553501322865 0.195272013545
      vertex 0.151263996959 -0.0576702728868 0.193466886878
    endloop
  endfacet
  facet normal -0.201845064759 0.810191690922 0.550316274166
    outer loop
      vertex 0.151263996959 -0.0576702728868 0.193466886878
      vertex 0.152183964849 -0.0553501322865 0.195272013545
      vertex 0.14990234375 -0.0549021065235 0.195007905364
    endloop
  endfacet
  facet normal -0.387498557568 0.806164383888 0.447150796652
    outer loop
      vertex 0.14990234375 -0.0549021065235 0.195007905364
      vertex 0.148249313235 -0.0519984215498 0.195823922753
      vertex 0.147114470601 -0.0556580424309 0.193248569965
    endloop
  endfacet
  facet normal 0.00023532511841 0.994981169701 0.10006184876
    outer loop
      vertex 0.1519857198 -0.0533026307821 0.195988237858
      vertex 0.155156508088 -0.0536870211363 0.195948839188
      vertex 0.153599604964 -0.0514566898346 0.196173503995
    endloop
  endfacet
  facet normal -0.0677650719881 0.99241656065 0.102553762496
    outer loop
      vertex 0.149121999741 -0.0487317144871 0.196221083403
      vertex 0.148249313235 -0.0519984215498 0.195823922753
      vertex 0.151937276125 -0.0509977564216 0.196179151535
    endloop
  endfacet
  facet normal -0.0831145420671 0.995857477188 -0.0368758998811
    outer loop
      vertex 0.145767241716 -0.0505573228002 0.196008697152
      vertex 0.149121999741 -0.0487317144871 0.196221083403
      vertex 0.146718367934 -0.0467579364777 0.195947393775
    endloop
  endfacet
  facet normal 0.04194682464 0.984966218472 0.167576923966
    outer loop
      vertex 0.146718367934 -0.0467579364777 0.195947393775
      vertex 0.14303804934 -0.0457281023264 0.196279332042
      vertex 0.14159989357 -0.0491440072656 0.195759415627
    endloop
  endfacet
  facet normal 0.343518555164 0.640595972538 -0.686754524708
    outer loop
      vertex 0.142334297299 -0.0415265336633 0.194747909904
      vertex 0.146559163928 -0.0434328764677 0.194526031613
      vertex 0.144489616156 -0.0406342856586 0.192635580897
    endloop
  endfacet
  facet normal -0.0295134391636 0.989957392216 0.138250723481
    outer loop
      vertex 0.138548493385 -0.0454757809639 0.196180731058
      vertex 0.14159989357 -0.0491440072656 0.195759415627
      vertex 0.14303804934 -0.0457281023264 0.196279332042
    endloop
  endfacet
  facet normal -0.187683224678 0.919793248177 0.344609081745
    outer loop
      vertex 0.13826239109 -0.0491724982858 0.19473734498
      vertex 0.138548493385 -0.0454757809639 0.196180731058
      vertex 0.135613322258 -0.0475896671414 0.19478982687
    endloop
  endfacet
  facet normal 0.100634410977 0.902292370796 -0.419214963913
    outer loop
      vertex 0.139474526048 -0.0427934080362 0.19628226757
      vertex 0.138429686427 -0.0391489565372 0.194705545902
      vertex 0.13615898788 -0.042210444808 0.196381211281
    endloop
  endfacet
  facet normal 0.415692985058 0.588827669621 -0.693167626858
    outer loop
      vertex 0.142334297299 -0.0415265336633 0.194747909904
      vertex 0.140192866325 -0.0376521497965 0.191698774695
      vertex 0.138429686427 -0.0391489565372 0.194705545902
    endloop
  endfacet
  facet normal 0.513931334019 0.43262270093 -0.740751087666
    outer loop
      vertex 0.133131429553 -0.0342148840427 0.192825227976
      vertex 0.135829240084 -0.0365335382521 0.193590462208
      vertex 0.136152163148 -0.0346049107611 0.18990457058
    endloop
  endfacet
  facet normal 0.467275857925 0.376462101936 -0.799955964088
    outer loop
      vertex 0.133273616433 -0.0329405367374 0.189940840006
      vertex 0.133131429553 -0.0342148840427 0.192825227976
      vertex 0.136152163148 -0.0346049107611 0.18990457058
    endloop
  endfacet
  facet normal 0.419681191444 0.384041905403 -0.822422921658
    outer loop
      vertex 0.13119097054 -0.0333815552294 0.193161189556
      vertex 0.133131429553 -0.0342148840427 0.192825227976
      vertex 0.133273616433 -0.0329405367374 0.189940840006
    endloop
  endfacet
  facet normal 0.394574403763 0.637440681458 -0.661800920963
    outer loop
      vertex 0.13119097054 -0.0333815552294 0.193161189556
      vertex 0.131653174758 -0.0349260233343 0.194478571415
      vertex 0.133131429553 -0.0342148840427 0.192825227976
    endloop
  endfacet
  facet normal 0.428795278072 0.619944095612 -0.657117903233
    outer loop
      vertex 0.131653174758 -0.0349260233343 0.194478571415
      vertex 0.13119097054 -0.0333815552294 0.193161189556
      vertex 0.13061657548 -0.0340631753206 0.194280982018
    endloop
  endfacet
  facet normal 0.403769552708 0.617827177048 -0.674729406834
    outer loop
      vertex 0.13061657548 -0.0340631753206 0.194280982018
      vertex 0.13119097054 -0.0333815552294 0.193161189556
      vertex 0.129724442959 -0.0327170491219 0.19339390099
    endloop
  endfacet
  facet normal 0.426020026207 0.459728717804 -0.779202461243
    outer loop
      vertex 0.13119097054 -0.0333815552294 0.193161189556
      vertex 0.130563870072 -0.0317765623331 0.191021978855
      vertex 0.129724442959 -0.0327170491219 0.19339390099
    endloop
  endfacet
  facet normal 0.498281598091 0.466194152832 -0.731011927128
    outer loop
      vertex 0.128289267421 -0.0306884944439 0.191747009754
      vertex 0.129724442959 -0.0327170491219 0.19339390099
      vertex 0.130563870072 -0.0317765623331 0.191021978855
    endloop
  endfacet
  facet normal 0.417660921812 0.537954211235 -0.732232630253
    outer loop
      vertex 0.128289267421 -0.0306884944439 0.191747009754
      vertex 0.126967802644 -0.031379994005 0.19371420145
      vertex 0.129724442959 -0.0327170491219 0.19339390099
    endloop
  endfacet
  facet normal 0.451590538025 0.550242960453 -0.702352285385
    outer loop
      vertex 0.125162810087 -0.0293622426689 0.192620038986
      vertex 0.126967802644 -0.031379994005 0.19371420145
      vertex 0.128289267421 -0.0306884944439 0.191747009754
    endloop
  endfacet
  facet normal 0.489424586296 0.315278410912 -0.813057899475
    outer loop
      vertex 0.128289267421 -0.0306884944439 0.191747009754
      vertex 0.130563870072 -0.0317765623331 0.191021978855
      vertex 0.128876149654 -0.0299353264272 0.188893631101
    endloop
  endfacet
  facet normal 0.508047401905 0.296674847603 -0.808623433113
    outer loop
      vertex 0.131231740117 -0.0309856049716 0.187722429633
      vertex 0.128876149654 -0.0299353264272 0.188893631101
      vertex 0.130563870072 -0.0317765623331 0.191021978855
    endloop
  endfacet
  facet normal 0.490019291639 0.232046127319 -0.840259313583
    outer loop
      vertex 0.128876149654 -0.0299353264272 0.188893631101
      vertex 0.131231740117 -0.0309856049716 0.187722429633
      vertex 0.128726586699 -0.0294239073992 0.187357589602
    endloop
  endfacet
  facet normal 0.511831402779 0.124218098819 -0.850057899952
    outer loop
      vertex 0.131231740117 -0.0309856049716 0.187722429633
      vertex 0.12943264842 -0.0296573974192 0.186046123505
      vertex 0.128726586699 -0.0294239073992 0.187357589602
    endloop
  endfacet
  facet normal 0.564014077187 0.0478651449084 -0.824376761913
    outer loop
      vertex 0.131828054786 -0.0311896950006 0.184210762382
      vertex 0.12943264842 -0.0296573974192 0.186046123505
      vertex 0.131231740117 -0.0309856049716 0.187722429633
    endloop
  endfacet
  facet normal 0.508827090263 -0.0532510019839 -0.859220206738
    outer loop
      vertex 0.127975955606 -0.0289534963667 0.183484584093
      vertex 0.12943264842 -0.0296573974192 0.186046123505
      vertex 0.131828054786 -0.0311896950006 0.184210762382
    endloop
  endfacet
  facet normal 0.469099879265 -0.0241753254086 -0.88281416893
    outer loop
      vertex 0.12943264842 -0.0296573974192 0.186046123505
      vertex 0.127975955606 -0.0289534963667 0.183484584093
      vertex 0.12790851295 -0.0288255624473 0.186847791076
    endloop
  endfacet
  facet normal 0.513980448246 -0.415470719337 -0.750471949577
    outer loop
      vertex 0.127975955606 -0.0289534963667 0.183484584093
      vertex 0.131828054786 -0.0311896950006 0.184210762382
      vertex 0.130837976933 -0.0325393751264 0.180547982454
    endloop
  endfacet
  facet normal 0.326079517603 -0.403211534023 -0.855039536953
    outer loop
      vertex 0.130837976933 -0.0325393751264 0.180547982454
      vertex 0.131828054786 -0.0311896950006 0.184210762382
      vertex 0.133655250072 -0.0330465435982 0.181750848889
    endloop
  endfacet
  facet normal 0.49343007803 0.0332771576941 -0.869148671627
    outer loop
      vertex 0.134980916977 -0.0330409184098 0.185811638832
      vertex 0.131828054786 -0.0311896950006 0.184210762382
      vertex 0.131231740117 -0.0309856049716 0.187722429633
    endloop
  endfacet
  facet normal 0.549445211887 0.207502931356 -0.809353172779
    outer loop
      vertex 0.131231740117 -0.0309856049716 0.187722429633
      vertex 0.133273616433 -0.0329405367374 0.189940840006
      vertex 0.134980916977 -0.0330409184098 0.185811638832
    endloop
  endfacet
  facet normal 0.528573393822 0.135374173522 -0.838023900986
    outer loop
      vertex 0.12943264842 -0.0296573974192 0.186046123505
      vertex 0.12790851295 -0.0288255624473 0.186847791076
      vertex 0.128726586699 -0.0294239073992 0.187357589602
    endloop
  endfacet
  facet normal 0.586043953896 0.20402225852 -0.784173071384
    outer loop
      vertex 0.128726586699 -0.0294239073992 0.187357589602
      vertex 0.128202721477 -0.029277715832 0.188300460577
      vertex 0.128876149654 -0.0299353264272 0.188893631101
    endloop
  endfacet
  facet normal 0.474024951458 0.294836372137 -0.829681813717
    outer loop
      vertex 0.131231740117 -0.0309856049716 0.187722429633
      vertex 0.130563870072 -0.0317765623331 0.191021978855
      vertex 0.133273616433 -0.0329405367374 0.189940840006
    endloop
  endfacet
  facet normal 0.520939409733 0.316409170628 -0.792784571648
    outer loop
      vertex 0.128876149654 -0.0299353264272 0.188893631101
      vertex 0.127021163702 -0.0291774496436 0.190048798919
      vertex 0.128289267421 -0.0306884944439 0.191747009754
    endloop
  endfacet
  facet normal 0.31241196394 0.6848295331 -0.658336758614
    outer loop
      vertex 0.128844454885 -0.0338640250266 0.194897949696
      vertex 0.13061657548 -0.0340631753206 0.194280982018
      vertex 0.129724442959 -0.0327170491219 0.19339390099
    endloop
  endfacet
  facet normal 0.494955062866 0.423964083195 -0.758468151093
    outer loop
      vertex 0.130563870072 -0.0317765623331 0.191021978855
      vertex 0.13119097054 -0.0333815552294 0.193161189556
      vertex 0.133273616433 -0.0329405367374 0.189940840006
    endloop
  endfacet
  facet normal 0.493782997131 0.183500111103 -0.850003540516
    outer loop
      vertex 0.134980916977 -0.0330409184098 0.185811638832
      vertex 0.133273616433 -0.0329405367374 0.189940840006
      vertex 0.136152163148 -0.0346049107611 0.18990457058
    endloop
  endfacet
  facet normal 0.456051111221 0.200794458389 -0.867005765438
    outer loop
      vertex 0.134980916977 -0.0330409184098 0.185811638832
      vertex 0.136152163148 -0.0346049107611 0.18990457058
      vertex 0.137989759445 -0.0351739749312 0.188188120723
    endloop
  endfacet
  facet normal 0.480779528618 0.144329205155 -0.864881575108
    outer loop
      vertex 0.137989759445 -0.0351739749312 0.188188120723
      vertex 0.139320716262 -0.0358313582838 0.187693834305
      vertex 0.138213396072 -0.0348693989217 0.185617998242
    endloop
  endfacet
  facet normal 0.485363066196 0.325218141079 -0.811576128006
    outer loop
      vertex 0.138478517532 -0.0359384007752 0.18998067081
      vertex 0.140192866325 -0.0376521497965 0.191698774695
      vertex 0.141847401857 -0.0377358756959 0.189438447356
    endloop
  endfacet
  facet normal 0.487911194563 0.148069947958 -0.860242962837
    outer loop
      vertex 0.142319738865 -0.0373078435659 0.185395285487
      vertex 0.141847401857 -0.0377358756959 0.189438447356
      vertex 0.145742237568 -0.0394599623978 0.186620846391
    endloop
  endfacet
  facet normal 0.334268718958 -0.483287960291 -0.809133589268
    outer loop
      vertex 0.144586667418 -0.0386388078332 0.183139875531
      vertex 0.146802321076 -0.0400169715285 0.182364985347
      vertex 0.144707024097 -0.0400005578995 0.180943250656
    endloop
  endfacet
  facet normal 0.465077161789 0.248078018427 -0.849800288677
    outer loop
      vertex 0.145742237568 -0.0394599623978 0.186620846391
      vertex 0.147776484489 -0.0419961363077 0.191494956613
      vertex 0.14901958406 -0.0411142259836 0.18614345789
    endloop
  endfacet
  facet normal 0.443149954081 0.245045349002 -0.86230558157
    outer loop
      vertex 0.147776484489 -0.0419961363077 0.191494956613
      vertex 0.151778414845 -0.0434588342905 0.18940487504
      vertex 0.14901958406 -0.0411142259836 0.18614345789
    endloop
  endfacet
  facet normal 0.509628593922 0.00519663887098 -0.860378801823
    outer loop
      vertex 0.153811350465 -0.0439544022083 0.186453014612
      vertex 0.150650128722 -0.0420614853501 0.183071538806
      vertex 0.14901958406 -0.0411142259836 0.18614345789
    endloop
  endfacet
  facet normal 0.511936426163 0.00227860431187 -0.859020292759
    outer loop
      vertex 0.153811350465 -0.0439544022083 0.186453014612
      vertex 0.15465785563 -0.0444483608007 0.182486534119
      vertex 0.150650128722 -0.0420614853501 0.183071538806
    endloop
  endfacet
  facet normal 0.490687012672 0.195375874639 -0.849149286747
    outer loop
      vertex 0.153811350465 -0.0439544022083 0.186453014612
      vertex 0.14901958406 -0.0411142259836 0.18614345789
      vertex 0.151778414845 -0.0434588342905 0.18940487504
    endloop
  endfacet
  facet normal 0.483901023865 0.372282892466 -0.791988134384
    outer loop
      vertex 0.147776484489 -0.0419961363077 0.191494956613
      vertex 0.151573911309 -0.0450693368912 0.193096846342
      vertex 0.151778414845 -0.0434588342905 0.18940487504
    endloop
  endfacet
  facet normal 0.415301859379 0.668623447418 -0.61682009697
    outer loop
      vertex 0.153826653957 -0.0486128404737 0.194966569543
      vertex 0.151573911309 -0.0450693368912 0.193096846342
      vertex 0.150743126869 -0.046804793179 0.195213869214
    endloop
  endfacet
  facet normal 0.185581728816 0.909779727459 -0.371295362711
    outer loop
      vertex 0.155853047967 -0.051597610116 0.195771351457
      vertex 0.153826653957 -0.0486128404737 0.194966569543
      vertex 0.153599604964 -0.0514566898346 0.196173503995
    endloop
  endfacet
  facet normal 0.341947644949 0.921159565449 -0.185841023922
    outer loop
      vertex 0.155853047967 -0.051597610116 0.195771351457
      vertex 0.157655820251 -0.0546580627561 0.195719569921
      vertex 0.15820863843 -0.0514343008399 0.194863975048
    endloop
  endfacet
  facet normal 0.458653509617 0.547917425632 -0.699588060379
    outer loop
      vertex 0.156966000795 -0.0492117702961 0.193886905909
      vertex 0.157672613859 -0.0477254167199 0.191397607327
      vertex 0.154336646199 -0.0460650622845 0.192070141435
    endloop
  endfacet
  facet normal 0.433692157269 0.277605384588 -0.857231795788
    outer loop
      vertex 0.160290077329 -0.0486228317022 0.19007961452
      vertex 0.157026186585 -0.04566321522 0.18603952229
      vertex 0.157672613859 -0.0477254167199 0.191397607327
    endloop
  endfacet
  facet normal 0.377416849136 0.708278119564 -0.596572399139
    outer loop
      vertex 0.15820863843 -0.0514343008399 0.194863975048
      vertex 0.160833448172 -0.0513908788562 0.193428725004
      vertex 0.159353300929 -0.0501963570714 0.193211317062
    endloop
  endfacet
  facet normal 0.376364380121 0.764391005039 -0.52350383997
    outer loop
      vertex 0.162846848369 -0.0521441623569 0.192953273654
      vertex 0.160833448172 -0.0513908788562 0.193428725004
      vertex 0.162342250347 -0.0532472804189 0.193957209587
    endloop
  endfacet
  facet normal 0.332097411156 0.768251776695 -0.547266423702
    outer loop
      vertex 0.162846848369 -0.0521441623569 0.192953273654
      vertex 0.162342250347 -0.0532472804189 0.193957209587
      vertex 0.163706168532 -0.0527366623282 0.193003877997
    endloop
  endfacet
  facet normal 0.454314410686 0.447084844112 -0.770528137684
    outer loop
      vertex 0.163185670972 -0.050153516233 0.189775258303
      vertex 0.160290077329 -0.0486228317022 0.19007961452
      vertex 0.161981374025 -0.0506208315492 0.191804438829
    endloop
  endfacet
  facet normal 0.471909344196 0.405460625887 -0.782881379128
    outer loop
      vertex 0.165437459946 -0.0508277863264 0.188456341624
      vertex 0.163185670972 -0.050153516233 0.189775258303
      vertex 0.164754375815 -0.0512613430619 0.190088525414
    endloop
  endfacet
  facet normal 0.408299714327 0.523245453835 -0.748001039028
    outer loop
      vertex 0.16520100832 -0.0529782995582 0.192194461823
      vertex 0.167395859957 -0.053086027503 0.190635770559
      vertex 0.164754375815 -0.0512613430619 0.190088525414
    endloop
  endfacet
  facet normal 0.430529534817 0.598580360413 -0.675533771515
    outer loop
      vertex 0.163714945316 -0.0518294870853 0.191973775625
      vertex 0.162846848369 -0.0521441623569 0.192953273654
      vertex 0.163706168532 -0.0527366623282 0.193003877997
    endloop
  endfacet
  facet normal 0.36103913188 0.785637259483 -0.502418935299
    outer loop
      vertex 0.163706168532 -0.0527366623282 0.193003877997
      vertex 0.162342250347 -0.0532472804189 0.193957209587
      vertex 0.16461545229 -0.0544814243913 0.193701803684
    endloop
  endfacet
  facet normal 0.290330141783 0.868157565594 -0.402505755424
    outer loop
      vertex 0.16461545229 -0.0544814243913 0.193701803684
      vertex 0.163531035185 -0.0562412291765 0.194880366325
      vertex 0.165162622929 -0.0567745789886 0.194582000375
    endloop
  endfacet
  facet normal 0.201841041446 0.955150067806 -0.216676205397
    outer loop
      vertex 0.164903074503 -0.0585912391543 0.195048958063
      vertex 0.165162622929 -0.0567745789886 0.194582000375
      vertex 0.1632168293 -0.0579447597265 0.195258647203
    endloop
  endfacet
  facet normal 0.107211276889 0.993325948715 0.0425353050232
    outer loop
      vertex 0.163671538234 -0.0593191459775 0.195150718093
      vertex 0.164903074503 -0.0585912391543 0.195048958063
      vertex 0.1632168293 -0.0579447597265 0.195258647203
    endloop
  endfacet
  facet normal -0.0155991073698 0.978564560413 0.205348655581
    outer loop
      vertex 0.162694707513 -0.058810479939 0.195241883397
      vertex 0.1631218642 -0.0606193244457 0.194869115949
      vertex 0.163671538234 -0.0593191459775 0.195150718093
    endloop
  endfacet
  facet normal -0.170753329992 0.902277588844 0.395902127028
    outer loop
      vertex 0.161947891116 -0.0624378174543 0.193849027157
      vertex 0.165916919708 -0.0626601651311 0.194502592087
      vertex 0.1631218642 -0.0606193244457 0.194869115949
    endloop
  endfacet
  facet normal -0.190553426743 0.918749392033 0.345816344023
    outer loop
      vertex 0.165916919708 -0.0626601651311 0.194502592087
      vertex 0.165837556124 -0.0652776509523 0.193500906229
      vertex 0.169341683388 -0.0644806101918 0.194527685642
    endloop
  endfacet
  facet normal 0.0105046853423 0.999581694603 0.0269461832941
    outer loop
      vertex 0.169341683388 -0.0644806101918 0.194527685642
      vertex 0.171796008945 -0.0666586905718 0.194443181157
      vertex 0.173856794834 -0.0630306601524 0.194519326091
    endloop
  endfacet
  facet normal 0.115121260285 0.9768704772 -0.180197656155
    outer loop
      vertex 0.168592169881 -0.0581062361598 0.194216564298
      vertex 0.165797710419 -0.0603291094303 0.194955915213
      vertex 0.169460728765 -0.0616026520729 0.19475916028
    endloop
  endfacet
  facet normal 0.145399957895 0.954324901104 -0.26100358367
    outer loop
      vertex 0.175470873713 -0.0604919567704 0.193579077721
      vertex 0.172482609749 -0.060334160924 0.193991214037
      vertex 0.173856794834 -0.0630306601524 0.194519326091
    endloop
  endfacet
  facet normal 0.0654708519578 0.913167417049 -0.402292013168
    outer loop
      vertex 0.175470873713 -0.0604919567704 0.193579077721
      vertex 0.176596775651 -0.0615699216723 0.193973243237
      vertex 0.178036153316 -0.060547888279 0.193419799209
    endloop
  endfacet
  facet normal -0.0291944183409 0.91096675396 -0.411445319653
    outer loop
      vertex 0.181471049786 -0.0599717125297 0.193269640207
      vertex 0.178036153316 -0.060547888279 0.193419799209
      vertex 0.178671404719 -0.0636439472437 0.194838523865
    endloop
  endfacet
  facet normal -0.0187763981521 0.500574171543 -0.865490019321
    outer loop
      vertex 0.181934848428 -0.057344570756 0.188744723797
      vertex 0.181471049786 -0.0599717125297 0.193269640207
      vertex 0.185929626226 -0.0597185790539 0.192999213934
    endloop
  endfacet
  facet normal 0.350258201361 -0.035627618432 -0.935975372791
    outer loop
      vertex 0.178078949451 -0.055496789515 0.182842805982
      vertex 0.178078085184 -0.0553650557995 0.186295107007
      vertex 0.180237442255 -0.0562454760075 0.184394434094
    endloop
  endfacet
  facet normal 0.466711044312 -0.0336065255105 -0.883771121502
    outer loop
      vertex 0.176420807838 -0.0545911043882 0.183632835746
      vertex 0.178078085184 -0.0553650557995 0.186295107007
      vertex 0.178078949451 -0.055496789515 0.182842805982
    endloop
  endfacet
  facet normal 0.317076057196 0.124634854496 -0.940174937248
    outer loop
      vertex 0.188339322805 -0.0593198314309 0.187351733446
      vertex 0.183527380228 -0.0574343800545 0.185370758176
      vertex 0.181934848428 -0.057344570756 0.188744723797
    endloop
  endfacet
  facet normal 0.382911801338 -0.0522948205471 -0.922303557396
    outer loop
      vertex 0.186183705926 -0.0586644038558 0.183127433062
      vertex 0.183527380228 -0.0574343800545 0.185370758176
      vertex 0.188339322805 -0.0593198314309 0.187351733446
    endloop
  endfacet
  facet normal 0.27439007163 -0.282081007957 -0.919315159321
    outer loop
      vertex 0.186183705926 -0.0586644038558 0.183127433062
      vertex 0.186387494206 -0.0605815425515 0.177077621222
      vertex 0.183169692755 -0.0587609782815 0.179880857468
    endloop
  endfacet
  facet normal 0.164920762181 -0.817811131477 -0.551349401474
    outer loop
      vertex 0.179565742612 -0.0605446770787 0.177951544523
      vertex 0.179002046585 -0.057820148766 0.179674685001
      vertex 0.183169692755 -0.0587609782815 0.179880857468
    endloop
  endfacet
  facet normal 0.304724156857 -0.181407034397 -0.935005187988
    outer loop
      vertex 0.181528925896 -0.0569842979312 0.182755813003
      vertex 0.178757548332 -0.0562515631318 0.181877151132
      vertex 0.180237442255 -0.0562454760075 0.184394434094
    endloop
  endfacet
  facet normal -0.0127975624055 -0.839987814426 -0.542454361916
    outer loop
      vertex 0.179002046585 -0.057820148766 0.179674685001
      vertex 0.176666900516 -0.0580752268434 0.179545536637
      vertex 0.177523836493 -0.0571115463972 0.180154815316
    endloop
  endfacet
  facet normal 0.124674201012 -0.672765910625 -0.729275286198
    outer loop
      vertex 0.176095694304 -0.0571803376079 0.179815590382
      vertex 0.176883995533 -0.0564716234803 0.180729925632
      vertex 0.177523836493 -0.0571115463972 0.180154815316
    endloop
  endfacet
  facet normal 0.494235336781 -0.292538553476 -0.818628489971
    outer loop
      vertex 0.180237442255 -0.0562454760075 0.184394434094
      vertex 0.178757548332 -0.0562515631318 0.181877151132
      vertex 0.178078949451 -0.055496789515 0.182842805982
    endloop
  endfacet
  facet normal 0.124554790556 -0.672715067863 -0.729342520237
    outer loop
      vertex 0.17506031692 -0.0563404560089 0.180534467101
      vertex 0.176883995533 -0.0564716234803 0.180729925632
      vertex 0.176095694304 -0.0571803376079 0.179815590382
    endloop
  endfacet
  facet normal 0.172110676765 -0.924040615559 -0.341360270977
    outer loop
      vertex 0.17506031692 -0.0563404560089 0.180534467101
      vertex 0.173127427697 -0.0564785078168 0.180123448372
      vertex 0.174248561263 -0.0554711818695 0.180704399943
    endloop
  endfacet
  facet normal 0.331043839455 -0.631330251694 -0.701307415962
    outer loop
      vertex 0.175010144711 -0.0546592101455 0.182005703449
      vertex 0.174248561263 -0.0554711818695 0.180704399943
      vertex 0.172682389617 -0.0539990663528 0.181518450379
    endloop
  endfacet
  facet normal 0.307777315378 -0.36250603199 -0.879694581032
    outer loop
      vertex 0.175944253802 -0.0553627610207 0.181355640292
      vertex 0.176420807838 -0.0545911043882 0.183632835746
      vertex 0.178078949451 -0.055496789515 0.182842805982
    endloop
  endfacet
  facet normal 0.317783921957 -0.299154609442 -0.899733245373
    outer loop
      vertex 0.173167064786 -0.0533899143338 0.183865383267
      vertex 0.175010144711 -0.0546592101455 0.182005703449
      vertex 0.172682389617 -0.0539990663528 0.181518450379
    endloop
  endfacet
  facet normal 0.311955094337 0.0810050219297 -0.946637332439
    outer loop
      vertex 0.178078085184 -0.0553650557995 0.186295107007
      vertex 0.176420807838 -0.0545911043882 0.183632835746
      vertex 0.174667999148 -0.0542919263244 0.186886802316
    endloop
  endfacet
  facet normal 0.34818649292 0.0350099690259 -0.936771333218
    outer loop
      vertex 0.170464664698 -0.0524684935808 0.186086937785
      vertex 0.173167064786 -0.0533899143338 0.183865383267
      vertex 0.170413687825 -0.052349857986 0.183419495821
    endloop
  endfacet
  facet normal 0.200287133455 0.508104085922 -0.837684512138
    outer loop
      vertex 0.178085044026 -0.0576617792249 0.191095545888
      vertex 0.174667999148 -0.0542919263244 0.186886802316
      vertex 0.172362908721 -0.0568333864212 0.191985398531
    endloop
  endfacet
  facet normal 0.295197725296 0.79833984375 -0.52489221096
    outer loop
      vertex 0.172362908721 -0.0568333864212 0.191985398531
      vertex 0.168425992131 -0.0554123744369 0.192506849766
      vertex 0.168592169881 -0.0581062361598 0.194216564298
    endloop
  endfacet
  facet normal 0.450363457203 0.587720870972 -0.672128677368
    outer loop
      vertex 0.167395859957 -0.053086027503 0.190635770559
      vertex 0.16520100832 -0.0529782995582 0.192194461823
      vertex 0.168425992131 -0.0554123744369 0.192506849766
    endloop
  endfacet
  facet normal 0.410575091839 0.256796002388 -0.874919354916
    outer loop
      vertex 0.170728102326 -0.0533023998141 0.188506916165
      vertex 0.170464664698 -0.0524684935808 0.186086937785
      vertex 0.16736420989 -0.0514369383454 0.187529489398
    endloop
  endfacet
  facet normal 0.462090671062 0.403207868338 -0.789870619774
    outer loop
      vertex 0.164754375815 -0.0512613430619 0.190088525414
      vertex 0.167395859957 -0.053086027503 0.190635770559
      vertex 0.165437459946 -0.0508277863264 0.188456341624
    endloop
  endfacet
  facet normal 0.524592578411 0.0598094314337 -0.849249958992
    outer loop
      vertex 0.16736420989 -0.0514369383454 0.187529489398
      vertex 0.167120039463 -0.0509816780686 0.183206737041
      vertex 0.165242299438 -0.0498734042048 0.183939859271
    endloop
  endfacet
  facet normal 0.423700422049 0.283593028784 -0.860263288021
    outer loop
      vertex 0.163185670972 -0.050153516233 0.189775258303
      vertex 0.165437459946 -0.0508277863264 0.188456341624
      vertex 0.162157356739 -0.0483551174402 0.18585626781
    endloop
  endfacet
  facet normal 0.318683922291 -0.447176218033 -0.835747539997
    outer loop
      vertex 0.165242299438 -0.0498734042048 0.183939859271
      vertex 0.167120039463 -0.0509816780686 0.183206737041
      vertex 0.164268061519 -0.0510942339897 0.180963888764
    endloop
  endfacet
  facet normal 0.213483631611 -0.970973074436 0.10787050426
    outer loop
      vertex 0.160769924521 -0.0511259287596 0.180198296905
      vertex 0.164268061519 -0.0510942339897 0.180963888764
      vertex 0.160817831755 -0.05385722965 0.180512264371
    endloop
  endfacet
  facet normal 0.547037899494 -0.188148647547 -0.815689682961
    outer loop
      vertex 0.158850416541 -0.0469503104687 0.182331725955
      vertex 0.162157356739 -0.0483551174402 0.18585626781
      vertex 0.162103831768 -0.0493224784732 0.181506797671
    endloop
  endfacet
  facet normal 0.39694878459 -0.770992398262 -0.497998416424
    outer loop
      vertex 0.158850416541 -0.0469503104687 0.182331725955
      vertex 0.157019942999 -0.0480704158545 0.180665805936
      vertex 0.156773760915 -0.0462937280536 0.181686654687
    endloop
  endfacet
  facet normal 0.175329774618 -0.927068829536 -0.331365197897
    outer loop
      vertex 0.159029409289 -0.0487095415592 0.180732816458
      vertex 0.160769924521 -0.0511259287596 0.180198296905
      vertex 0.158143058419 -0.0498650223017 0.180152177811
    endloop
  endfacet
  facet normal -0.0668599158525 -0.986648917198 0.148504659534
    outer loop
      vertex 0.156149357557 -0.0490489155054 0.180164456367
      vertex 0.158143058419 -0.0498650223017 0.180152177811
      vertex 0.15716971457 -0.0524614900351 0.180608943105
    endloop
  endfacet
  facet normal 0.401116788387 -0.769145309925 -0.497514635324
    outer loop
      vertex 0.157019942999 -0.0480704158545 0.180665805936
      vertex 0.155470758677 -0.0467377230525 0.180719926953
      vertex 0.156773760915 -0.0462937280536 0.181686654687
    endloop
  endfacet
  facet normal -0.131386399269 -0.977236628532 0.166571900249
    outer loop
      vertex 0.154899641871 -0.0521922856569 0.180868268013
      vertex 0.156149357557 -0.0490489155054 0.180164456367
      vertex 0.15716971457 -0.0524614900351 0.180608943105
    endloop
  endfacet
  facet normal -0.233433932066 -0.886250853539 0.400084972382
    outer loop
      vertex 0.152174755931 -0.0519522577524 0.181477636099
      vertex 0.154899641871 -0.0521922856569 0.180868268013
      vertex 0.15235824883 -0.0546922832727 0.182666242123
    endloop
  endfacet
  facet normal -0.207770556211 -0.882910192013 0.421071201563
    outer loop
      vertex 0.148958131671 -0.0501841828227 0.181391358376
      vertex 0.152174755931 -0.0519522577524 0.181477636099
      vertex 0.150011867285 -0.0538719296455 0.182902127504
    endloop
  endfacet
  facet normal -0.114678613842 -0.952765882015 0.281222254038
    outer loop
      vertex 0.145956367254 -0.0483125150204 0.181200221181
      vertex 0.149152040482 -0.0480756983161 0.18074567616
      vertex 0.148958131671 -0.0501841828227 0.181391358376
    endloop
  endfacet
  facet normal 0.0987394303083 -0.995016217232 0.0139020988718
    outer loop
      vertex 0.152962863445 -0.0489495769143 0.180501967669
      vertex 0.15225751698 -0.0458921045065 0.180389255285
      vertex 0.155470758677 -0.0467377230525 0.180719926953
    endloop
  endfacet
  facet normal 0.0834540873766 -0.950822234154 -0.298282593489
    outer loop
      vertex 0.149818241596 -0.0432324707508 0.181009501219
      vertex 0.15225751698 -0.0458921045065 0.180389255285
      vertex 0.148509562016 -0.0451632812619 0.180288925767
    endloop
  endfacet
  facet normal -0.11894030869 -0.962741732597 0.242861121893
    outer loop
      vertex 0.145956367254 -0.0483125150204 0.181200221181
      vertex 0.146286129951 -0.0458315834403 0.180533632636
      vertex 0.149152040482 -0.0480756983161 0.18074567616
    endloop
  endfacet
  facet normal -0.130412891507 -0.96170848608 0.241058573127
    outer loop
      vertex 0.145956367254 -0.0483125150204 0.181200221181
      vertex 0.142674475908 -0.0476088449359 0.181468874216
      vertex 0.146286129951 -0.0458315834403 0.180533632636
    endloop
  endfacet
  facet normal 0.178065344691 -0.955338418484 -0.235841467977
    outer loop
      vertex 0.145990028977 -0.0423289686441 0.180519014597
      vertex 0.149818241596 -0.0432324707508 0.181009501219
      vertex 0.148509562016 -0.0451632812619 0.180288925767
    endloop
  endfacet
  facet normal -0.13643053174 -0.963619410992 0.229835420847
    outer loop
      vertex 0.142674475908 -0.0476088449359 0.181468874216
      vertex 0.14268219471 -0.0434641167521 0.180479213595
      vertex 0.146286129951 -0.0458315834403 0.180533632636
    endloop
  endfacet
  facet normal 0.512111842632 -0.749890565872 -0.418814480305
    outer loop
      vertex 0.145990028977 -0.0423289686441 0.180519014597
      vertex 0.144707024097 -0.0400005578995 0.180943250656
      vertex 0.146802321076 -0.0400169715285 0.182364985347
    endloop
  endfacet
  facet normal 0.202398627996 -0.867309451103 -0.454762667418
    outer loop
      vertex 0.144707024097 -0.0400005578995 0.180943250656
      vertex 0.139741837978 -0.0394699536264 0.180062770844
      vertex 0.140810877085 -0.037423606962 0.181385219097
    endloop
  endfacet
  facet normal 0.351733654737 -0.859219014645 -0.371518701315
    outer loop
      vertex 0.140810877085 -0.037423606962 0.181385219097
      vertex 0.139741837978 -0.0394699536264 0.180062770844
      vertex 0.138597711921 -0.0366102606058 0.180830910802
    endloop
  endfacet
  facet normal -0.114179313183 -0.96634376049 0.230527341366
    outer loop
      vertex 0.142674475908 -0.0476088449359 0.181468874216
      vertex 0.13916914165 -0.0464214384556 0.181599795818
      vertex 0.14268219471 -0.0434641167521 0.180479213595
    endloop
  endfacet
  facet normal -0.149376794696 -0.927549362183 0.342547535896
    outer loop
      vertex 0.142674475908 -0.0476088449359 0.181468874216
      vertex 0.145956367254 -0.0483125150204 0.181200221181
      vertex 0.14470204711 -0.0501509979367 0.182081177831
    endloop
  endfacet
  facet normal -0.208245381713 -0.857591986656 0.470287024975
    outer loop
      vertex 0.143103510141 -0.0522894486785 0.183642029762
      vertex 0.14470204711 -0.0501509979367 0.182081177831
      vertex 0.146890968084 -0.0530297532678 0.18312831223
    endloop
  endfacet
  facet normal -0.29765433073 -0.65277916193 0.69662129879
    outer loop
      vertex 0.141921564937 -0.0536104217172 0.185590669513
      vertex 0.143103510141 -0.0522894486785 0.183642029762
      vertex 0.14564576745 -0.0541077107191 0.184423193336
    endloop
  endfacet
  facet normal -0.380402237177 -0.415472686291 0.826242446899
    outer loop
      vertex 0.141921564937 -0.0536104217172 0.185590669513
      vertex 0.144336804748 -0.0557549744844 0.187644124031
      vertex 0.140180140734 -0.0538579151034 0.187677279115
    endloop
  endfacet
  facet normal -0.414984434843 0.0195445213467 0.909618556499
    outer loop
      vertex 0.140180140734 -0.0538579151034 0.187677279115
      vertex 0.144336804748 -0.0557549744844 0.187644124031
      vertex 0.141219884157 -0.0542712509632 0.190517038107
    endloop
  endfacet
  facet normal -0.478650659323 0.442436128855 0.758382380009
    outer loop
      vertex 0.142505526543 -0.0539587512612 0.192443564534
      vertex 0.14157821238 -0.0531289801002 0.192862674594
      vertex 0.141219884157 -0.0542712509632 0.190517038107
    endloop
  endfacet
  facet normal -0.35246810317 0.624019563198 0.697399318218
    outer loop
      vertex 0.14157821238 -0.0531289801002 0.192862674594
      vertex 0.14196741581 -0.0522268638015 0.194090694189
      vertex 0.139219522476 -0.0512083992362 0.193676814437
    endloop
  endfacet
  facet normal -0.37545311451 0.737872838974 0.560873091221
    outer loop
      vertex 0.13826239109 -0.0491724982858 0.19473734498
      vertex 0.136696368456 -0.0510326698422 0.1925265342
      vertex 0.139219522476 -0.0512083992362 0.193676814437
    endloop
  endfacet
  facet normal -0.349343776703 0.086745724082 0.932970583439
    outer loop
      vertex 0.137724488974 -0.0529038831592 0.188492015004
      vertex 0.139625608921 -0.0534356236458 0.190429270267
      vertex 0.136942833662 -0.0524687319994 0.190024256706
    endloop
  endfacet
  facet normal -0.388824999332 0.0626871734858 0.919176518917
    outer loop
      vertex 0.136942833662 -0.0524687319994 0.190024256706
      vertex 0.1364569664 -0.0523381456733 0.188925430179
      vertex 0.137724488974 -0.0529038831592 0.188492015004
    endloop
  endfacet
  facet normal -0.337321043015 0.734444975853 0.58890157938
    outer loop
      vertex 0.135613322258 -0.0475896671414 0.19478982687
      vertex 0.136696368456 -0.0510326698422 0.1925265342
      vertex 0.13826239109 -0.0491724982858 0.19473734498
    endloop
  endfacet
  facet normal -0.492513805628 0.204786866903 0.845867872238
    outer loop
      vertex 0.129933312535 -0.0493693426251 0.190769463778
      vertex 0.12908706069 -0.0488911122084 0.190709516406
      vertex 0.129490748048 -0.0494924560189 0.189196586609
    endloop
  endfacet
  facet normal -0.361862748861 0.534828603268 0.763553380966
    outer loop
      vertex 0.12798550725 -0.0464673787355 0.192951321602
      vertex 0.125243917108 -0.0465392693877 0.190993741155
      vertex 0.12701100111 -0.0476663783193 0.19058021903
    endloop
  endfacet
  facet normal -0.438460409641 0.701180696487 0.562225997448
    outer loop
      vertex 0.129100114107 -0.0482830032706 0.191926792264
      vertex 0.130013823509 -0.0486919656396 0.192170232534
      vertex 0.129670336843 -0.0472350120544 0.193123668432
    endloop
  endfacet
  facet normal -0.415994018316 0.607450485229 0.676722109318
    outer loop
      vertex 0.125924631953 -0.0443186983466 0.193933710456
      vertex 0.125243917108 -0.0465392693877 0.190993741155
      vertex 0.12798550725 -0.0464673787355 0.192951321602
    endloop
  endfacet
  facet normal -0.224249467254 0.79908823967 0.557826220989
    outer loop
      vertex 0.128746464849 -0.0451491549611 0.194320484996
      vertex 0.129670336843 -0.0472350120544 0.193123668432
      vertex 0.130693554878 -0.0453837886453 0.194703117013
    endloop
  endfacet
  facet normal -0.177988991141 0.915427863598 0.360987186432
    outer loop
      vertex 0.130693554878 -0.0453837886453 0.194703117013
      vertex 0.135613322258 -0.0475896671414 0.19478982687
      vertex 0.132612884045 -0.0422799289227 0.196300268173
    endloop
  endfacet
  facet normal 0.138852521777 0.989354074001 0.043571498245
    outer loop
      vertex 0.134199798107 -0.0398780070245 0.19618332386
      vertex 0.132046535611 -0.0396541692317 0.196495383978
      vertex 0.132612884045 -0.0422799289227 0.196300268173
    endloop
  endfacet
  facet normal 0.172469943762 0.895015716553 -0.411340475082
    outer loop
      vertex 0.132046535611 -0.0396541692317 0.196495383978
      vertex 0.134199798107 -0.0398780070245 0.19618332386
      vertex 0.133350148797 -0.0360979214311 0.194609761238
    endloop
  endfacet
  facet normal 0.402092367411 0.640800654888 -0.653984904289
    outer loop
      vertex 0.133350148797 -0.0360979214311 0.194609761238
      vertex 0.133131429553 -0.0342148840427 0.192825227976
      vertex 0.131653174758 -0.0349260233343 0.194478571415
    endloop
  endfacet
  facet normal 0.291018366814 0.795324146748 -0.531759142876
    outer loop
      vertex 0.130476877093 -0.0349504835904 0.194925352931
      vertex 0.131653174758 -0.0349260233343 0.194478571415
      vertex 0.13061657548 -0.0340631753206 0.194280982018
    endloop
  endfacet
  facet normal 0.156632229686 0.950486838818 -0.268404722214
    outer loop
      vertex 0.129821792245 -0.0379954315722 0.19644343853
      vertex 0.131065562367 -0.0366408079863 0.195855945349
      vertex 0.128162875772 -0.0359581559896 0.196141511202
    endloop
  endfacet
  facet normal 0.332447767258 0.787235975266 -0.519363105297
    outer loop
      vertex 0.13061657548 -0.0340631753206 0.194280982018
      vertex 0.128844454885 -0.0338640250266 0.194897949696
      vertex 0.130476877093 -0.0349504835904 0.194925352931
    endloop
  endfacet
  facet normal 0.378853529692 0.691069304943 -0.615543007851
    outer loop
      vertex 0.126967802644 -0.031379994005 0.19371420145
      vertex 0.128844454885 -0.0338640250266 0.194897949696
      vertex 0.129724442959 -0.0327170491219 0.19339390099
    endloop
  endfacet
  facet normal 0.238871067762 0.747955918312 -0.619275867939
    outer loop
      vertex 0.123561382294 -0.0323024466634 0.195565849543
      vertex 0.126967802644 -0.031379994005 0.19371420145
      vertex 0.125162810087 -0.0293622426689 0.192620038986
    endloop
  endfacet
  facet normal 0.0261434931308 0.99339479208 -0.111728779972
    outer loop
      vertex 0.123561382294 -0.0323024466634 0.195565849543
      vertex 0.119767978787 -0.036223795265 0.19610671699
      vertex 0.12236815691 -0.0375124923885 0.196183234453
    endloop
  endfacet
  facet normal 0.136343747377 0.990650236607 -0.00474567199126
    outer loop
      vertex 0.119767978787 -0.036223795265 0.19610671699
      vertex 0.123561382294 -0.0323024466634 0.195565849543
      vertex 0.119961671531 -0.0319511294365 0.196059599519
    endloop
  endfacet
  facet normal 0.160431370139 0.925478935242 -0.343147963285
    outer loop
      vertex 0.119961671531 -0.0319511294365 0.196059599519
      vertex 0.123561382294 -0.0323024466634 0.195565849543
      vertex 0.121501199901 -0.0293652266264 0.194833919406
    endloop
  endfacet
  facet normal 0.17617623508 0.925961136818 -0.334002792835
    outer loop
      vertex 0.116793818772 -0.0289793387055 0.195590361953
      vertex 0.119961671531 -0.0319511294365 0.196059599519
      vertex 0.121501199901 -0.0293652266264 0.194833919406
    endloop
  endfacet
  facet normal -0.0711038783193 0.994160234928 -0.081176429987
    outer loop
      vertex 0.119961671531 -0.0319511294365 0.196059599519
      vertex 0.116793818772 -0.0289793387055 0.195590361953
      vertex 0.11615780741 -0.0335810407996 0.195920616388
    endloop
  endfacet
  facet normal 0.032622076571 0.997215509415 -0.067059494555
    outer loop
      vertex 0.116793818772 -0.0289793387055 0.195590361953
      vertex 0.113530702889 -0.030551943928 0.195802867413
      vertex 0.11615780741 -0.0335810407996 0.195920616388
    endloop
  endfacet
  facet normal 0.0296141207218 0.996873497963 -0.0732546970248
    outer loop
      vertex 0.11363479495 -0.0267712809145 0.195521950722
      vertex 0.113530702889 -0.030551943928 0.195802867413
      vertex 0.116793818772 -0.0289793387055 0.195590361953
    endloop
  endfacet
  facet normal -0.0584340244532 0.995426774025 -0.0755714252591
    outer loop
      vertex 0.113530702889 -0.030551943928 0.195802867413
      vertex 0.11363479495 -0.0267712809145 0.195521950722
      vertex 0.110048800707 -0.0284240506589 0.195436924696
    endloop
  endfacet
  facet normal -0.0267409961671 0.999620676041 -0.00659162597731
    outer loop
      vertex 0.110740281641 -0.025504976511 0.195436164737
      vertex 0.110048800707 -0.0284240506589 0.195436924696
      vertex 0.11363479495 -0.0267712809145 0.195521950722
    endloop
  endfacet
  facet normal -0.0398165918887 0.999160051346 -0.00968890078366
    outer loop
      vertex 0.109198309481 -0.0262092202902 0.195381551981
      vertex 0.110048800707 -0.0284240506589 0.195436924696
      vertex 0.110740281641 -0.025504976511 0.195436164737
    endloop
  endfacet
  facet normal 0.116951406002 0.990690469742 -0.069676078856
    outer loop
      vertex 0.109198309481 -0.0262092202902 0.195381551981
      vertex 0.108375430107 -0.0277371462435 0.195586159825
      vertex 0.110048800707 -0.0284240506589 0.195436924696
    endloop
  endfacet
  facet normal 0.210893422365 0.977356016636 -0.0172974877059
    outer loop
      vertex 0.107695788145 -0.0265103504062 0.195711091161
      vertex 0.108375430107 -0.0277371462435 0.195586159825
      vertex 0.109198309481 -0.0262092202902 0.195381551981
    endloop
  endfacet
  facet normal 0.208589062095 0.977572381496 -0.0290321651846
    outer loop
      vertex 0.108759880066 -0.0252554155886 0.195446774364
      vertex 0.107695788145 -0.0265103504062 0.195711091161
      vertex 0.109198309481 -0.0262092202902 0.195381551981
    endloop
  endfacet
  facet normal 0.111462019384 0.992190897465 -0.055977396667
    outer loop
      vertex 0.108375430107 -0.0277371462435 0.195586159825
      vertex 0.10775770992 -0.0304252691567 0.19580720365
      vertex 0.110048800707 -0.0284240506589 0.195436924696
    endloop
  endfacet
  facet normal 0.260160297155 0.965366482735 -0.0196010135114
    outer loop
      vertex 0.10775770992 -0.0304252691567 0.19580720365
      vertex 0.108375430107 -0.0277371462435 0.195586159825
      vertex 0.106898471713 -0.0278260409832 0.195985987782
    endloop
  endfacet
  facet normal 0.36915525794 0.92754149437 -0.0582335740328
    outer loop
      vertex 0.105111427605 -0.029825642705 0.196822762489
      vertex 0.10775770992 -0.0304252691567 0.19580720365
      vertex 0.106898471713 -0.0278260409832 0.195985987782
    endloop
  endfacet
  facet normal 0.341518908739 0.936549842358 0.078988686204
    outer loop
      vertex 0.105111427605 -0.029825642705 0.196822762489
      vertex 0.105523057282 -0.0321817398071 0.196473941207
      vertex 0.10775770992 -0.0304252691567 0.19580720365
    endloop
  endfacet
  facet normal 0.543372631073 0.838980913162 0.0292783956975
    outer loop
      vertex 0.105111427605 -0.029825642705 0.196822762489
      vertex 0.103035859764 -0.030939552933 0.198128148913
      vertex 0.105523057282 -0.0321817398071 0.196473941207
    endloop
  endfacet
  facet normal 0.514020562172 0.856543779373 -0.0459959208965
    outer loop
      vertex 0.10235247016 -0.0273617189378 0.198346123099
      vertex 0.103035859764 -0.030939552933 0.198128148913
      vertex 0.105111427605 -0.029825642705 0.196822762489
    endloop
  endfacet
  facet normal 0.376830875874 0.926151514053 -0.0155512299389
    outer loop
      vertex 0.0987446010113 -0.0299781635404 0.199858024716
      vertex 0.103035859764 -0.030939552933 0.198128148913
      vertex 0.10235247016 -0.0273617189378 0.198346123099
    endloop
  endfacet
  facet normal 0.357476174831 0.930589735508 0.0788261890411
    outer loop
      vertex 0.0987446010113 -0.0299781635404 0.199858024716
      vertex 0.099516056478 -0.0330906435847 0.199298039079
      vertex 0.103035859764 -0.030939552933 0.198128148913
    endloop
  endfacet
  facet normal 0.165898129344 0.976907730103 0.134644284844
    outer loop
      vertex 0.0987446010113 -0.0299781635404 0.199858024716
      vertex 0.0966034978628 -0.0323689430952 0.199892118573
      vertex 0.099516056478 -0.0330906435847 0.199298039079
    endloop
  endfacet
  facet normal 0.0990756973624 0.992281019688 0.0745812803507
    outer loop
      vertex 0.0962108746171 -0.0303285643458 0.200084671378
      vertex 0.0966034978628 -0.0323689430952 0.199892118573
      vertex 0.0987446010113 -0.0299781635404 0.199858024716
    endloop
  endfacet
  facet normal 0.0610489211977 0.994749903679 0.0821316689253
    outer loop
      vertex 0.0966034978628 -0.0323689430952 0.199892118573
      vertex 0.0962108746171 -0.0303285643458 0.200084671378
      vertex 0.0952526554465 -0.0322483554482 0.199984967709
    endloop
  endfacet
  facet normal -0.166224226356 0.98557561636 -0.031783092767
    outer loop
      vertex 0.0962108746171 -0.0303285643458 0.200084671378
      vertex 0.093182913959 -0.0293367467821 0.19954200089
      vertex 0.0952526554465 -0.0322483554482 0.199984967709
    endloop
  endfacet
  facet normal -0.126100540161 0.980389893055 -0.151440948248
    outer loop
      vertex 0.093182913959 -0.0293367467821 0.19954200089
      vertex 0.0962108746171 -0.0303285643458 0.200084671378
      vertex 0.0967473313212 -0.0271107703447 0.199656620622
    endloop
  endfacet
  facet normal -0.0973328948021 0.989708602428 -0.104896046221
    outer loop
      vertex 0.093182913959 -0.0293367467821 0.19954200089
      vertex 0.0967473313212 -0.0271107703447 0.199656620622
      vertex 0.0941031873226 -0.023778475821 0.199043408036
    endloop
  endfacet
  facet normal 0.00681516667828 0.987869262695 -0.155138403177
    outer loop
      vertex 0.0913071706891 -0.0336618982255 0.200234174728
      vertex 0.0952526554465 -0.0322483554482 0.199984967709
      vertex 0.093182913959 -0.0293367467821 0.19954200089
    endloop
  endfacet
  facet normal 0.101114913821 0.98900949955 0.107870131731
    outer loop
      vertex 0.0952526554465 -0.0322483554482 0.199984967709
      vertex 0.0913071706891 -0.0336618982255 0.200234174728
      vertex 0.0950003042817 -0.0342995300889 0.199787050486
    endloop
  endfacet
  facet normal 0.0802789703012 0.97282063961 0.217198804021
    outer loop
      vertex 0.0926845297217 -0.0362860448658 0.199534624815
      vertex 0.0950003042817 -0.0342995300889 0.199787050486
      vertex 0.0913071706891 -0.0336618982255 0.200234174728
    endloop
  endfacet
  facet normal 0.132980912924 0.951919615269 0.275980234146
    outer loop
      vertex 0.0926845297217 -0.0362860448658 0.199534624815
      vertex 0.0951974019408 -0.0361196286976 0.19923183322
      vertex 0.0950003042817 -0.0342995300889 0.199787050486
    endloop
  endfacet
  facet normal 0.134775087237 0.92887544632 0.345001548529
    outer loop
      vertex 0.0926845297217 -0.0362860448658 0.199534624815
      vertex 0.093304939568 -0.0378055907786 0.19888022542
      vertex 0.0951974019408 -0.0361196286976 0.19923183322
    endloop
  endfacet
  facet normal 0.178767368197 0.92806994915 0.326693087816
    outer loop
      vertex 0.0915526226163 -0.0374324508011 0.199349105358
      vertex 0.093304939568 -0.0378055907786 0.19888022542
      vertex 0.0926845297217 -0.0362860448658 0.199534624815
    endloop
  endfacet
  facet normal 0.148470759392 0.892988204956 0.424886524677
    outer loop
      vertex 0.091342613101 -0.0383651256561 0.198940262198
      vertex 0.093304939568 -0.0378055907786 0.19888022542
      vertex 0.0915526226163 -0.0374324508011 0.199349105358
    endloop
  endfacet
  facet normal 0.162383660674 0.863880932331 0.476803153753
    outer loop
      vertex 0.093304939568 -0.0378055907786 0.19888022542
      vertex 0.091342613101 -0.0383651256561 0.198940262198
      vertex 0.0931425392628 -0.0389511883259 0.198278456926
    endloop
  endfacet
  facet normal 0.0993442311883 0.79735070467 0.59528362751
    outer loop
      vertex 0.091342613101 -0.0383651256561 0.198940262198
      vertex 0.0922718793154 -0.0407428070903 0.197049349546
      vertex 0.0931425392628 -0.0389511883259 0.198278456926
    endloop
  endfacet
  facet normal 0.218194931746 0.803567945957 0.553777515888
    outer loop
      vertex 0.0922718793154 -0.0407428070903 0.197049349546
      vertex 0.091342613101 -0.0383651256561 0.198940262198
      vertex 0.0896837562323 -0.0392913669348 0.198752373457
    endloop
  endfacet
  facet normal 0.18231266737 0.847540974617 0.498433947563
    outer loop
      vertex 0.0896837562323 -0.0392913669348 0.198752373457
      vertex 0.091342613101 -0.0383651256561 0.198940262198
      vertex 0.0906838849187 -0.0375706069171 0.199549213052
    endloop
  endfacet
  facet normal 0.20004029572 0.839585959911 0.505053758621
    outer loop
      vertex 0.0906838849187 -0.0375706069171 0.199549213052
      vertex 0.0888791680336 -0.0374093689024 0.200076192617
      vertex 0.0896837562323 -0.0392913669348 0.198752373457
    endloop
  endfacet
  facet normal 0.253395467997 0.938965678215 0.232667520642
    outer loop
      vertex 0.0906838849187 -0.0375706069171 0.199549213052
      vertex 0.0905494093895 -0.0366949029267 0.199802488089
      vertex 0.0888791680336 -0.0374093689024 0.200076192617
    endloop
  endfacet
  facet normal 0.253282934427 0.93898999691 0.232691839337
    outer loop
      vertex 0.0915526226163 -0.0374324508011 0.199349105358
      vertex 0.0905494093895 -0.0366949029267 0.199802488089
      vertex 0.0906838849187 -0.0375706069171 0.199549213052
    endloop
  endfacet
  facet normal 0.253397285938 0.93896394968 0.232672467828
    outer loop
      vertex 0.0888791680336 -0.0374093689024 0.200076192617
      vertex 0.0905494093895 -0.0366949029267 0.199802488089
      vertex 0.0886102542281 -0.0356577113271 0.200582817197
    endloop
  endfacet
  facet normal 0.27090805769 0.941246807575 0.201651483774
    outer loop
      vertex 0.0905494093895 -0.0366949029267 0.199802488089
      vertex 0.0913071706891 -0.0336618982255 0.200234174728
      vertex 0.0886102542281 -0.0356577113271 0.200582817197
    endloop
  endfacet
  facet normal 0.01258998923 0.98775023222 -0.155534297228
    outer loop
      vertex 0.0913071706891 -0.0336618982255 0.200234174728
      vertex 0.0863315165043 -0.0320796445012 0.200048446655
      vertex 0.0886102542281 -0.0356577113271 0.200582817197
    endloop
  endfacet
  facet normal 0.0371323190629 0.972269952297 -0.230894610286
    outer loop
      vertex 0.0913071706891 -0.0336618982255 0.200234174728
      vertex 0.0898894667625 -0.0299362465739 0.199403554201
      vertex 0.0863315165043 -0.0320796445012 0.200048446655
    endloop
  endfacet
  facet normal 0.153621897101 0.987235426903 -0.0420295596123
    outer loop
      vertex 0.0864436253905 -0.0256054662168 0.199755385518
      vertex 0.0863315165043 -0.0320796445012 0.200048446655
      vertex 0.0898894667625 -0.0299362465739 0.199403554201
    endloop
  endfacet
  facet normal -0.0345598608255 0.998353004456 -0.0457914173603
    outer loop
      vertex 0.0863315165043 -0.0320796445012 0.200048446655
      vertex 0.0864436253905 -0.0256054662168 0.199755385518
      vertex 0.0834822952747 -0.0293895713985 0.199826434255
    endloop
  endfacet
  facet normal 0.0029316789005 0.99985986948 -0.0164799541235
    outer loop
      vertex 0.0864436253905 -0.0256054662168 0.199755385518
      vertex 0.0838862806559 -0.0253938063979 0.19975939393
      vertex 0.0834822952747 -0.0293895713985 0.199826434255
    endloop
  endfacet
  facet normal 0.0397907532752 0.884941756725 -0.463998675346
    outer loop
      vertex 0.0838862806559 -0.0253938063979 0.19975939393
      vertex 0.0864436253905 -0.0256054662168 0.199755385518
      vertex 0.0839420109987 -0.0231493413448 0.198580056429
    endloop
  endfacet
  facet normal -0.418517649174 0.908170580864 -0.00831693597138
    outer loop
      vertex 0.0864436253905 -0.0256054662168 0.199755385518
      vertex 0.0862662568688 -0.0219391994178 0.199640065432
      vertex 0.0839420109987 -0.0231493413448 0.198580056429
    endloop
  endfacet
  facet normal 0.154612004757 0.987223625183 -0.0385309867561
    outer loop
      vertex 0.0903818830848 -0.0250854417682 0.199118301272
      vertex 0.0862662568688 -0.0219391994178 0.199640065432
      vertex 0.0864436253905 -0.0256054662168 0.199755385518
    endloop
  endfacet
  facet normal -0.568900823593 0.520335614681 -0.636869490147
    outer loop
      vertex 0.0842851474881 -0.0210274197161 0.196358084679
      vertex 0.0839420109987 -0.0231493413448 0.198580056429
      vertex 0.0862662568688 -0.0219391994178 0.199640065432
    endloop
  endfacet
  facet normal -0.745490849018 0.396500706673 -0.535752356052
    outer loop
      vertex 0.0839420109987 -0.0231493413448 0.198580056429
      vertex 0.0842851474881 -0.0210274197161 0.196358084679
      vertex 0.0820846259594 -0.0234501250088 0.195494264364
    endloop
  endfacet
  facet normal -0.753634274006 0.336851596832 -0.564416825771
    outer loop
      vertex 0.0839093178511 -0.0197466425598 0.193371191621
      vertex 0.0820846259594 -0.0234501250088 0.195494264364
      vertex 0.0842851474881 -0.0210274197161 0.196358084679
    endloop
  endfacet
  facet normal -0.69612288475 0.418840795755 -0.583082616329
    outer loop
      vertex 0.0839093178511 -0.0197466425598 0.193371191621
      vertex 0.0815515369177 -0.0220094807446 0.192602694035
      vertex 0.0820846259594 -0.0234501250088 0.195494264364
    endloop
  endfacet
  facet normal -0.700992465019 0.38720497489 -0.598900556564
    outer loop
      vertex 0.0815515369177 -0.0220094807446 0.192602694035
      vertex 0.0839093178511 -0.0197466425598 0.193371191621
      vertex 0.0828089863062 -0.0190259777009 0.190264493227
    endloop
  endfacet
  facet normal -0.668017864227 0.384403556585 -0.637170314789
    outer loop
      vertex 0.0839093178511 -0.0197466425598 0.193371191621
      vertex 0.0845990180969 -0.0174831189215 0.190817847848
      vertex 0.0828089863062 -0.0190259777009 0.190264493227
    endloop
  endfacet
  facet normal -0.693429172039 0.363954871893 -0.621846318245
    outer loop
      vertex 0.0861999616027 -0.0181748438627 0.195049926639
      vertex 0.0845990180969 -0.0174831189215 0.190817847848
      vertex 0.0839093178511 -0.0197466425598 0.193371191621
    endloop
  endfacet
  facet normal -0.78233653307 0.376987427473 -0.495812505484
    outer loop
      vertex 0.0861999616027 -0.0181748438627 0.195049926639
      vertex 0.0869565755129 -0.0139795839787 0.191102489829
      vertex 0.0845990180969 -0.0174831189215 0.190817847848
    endloop
  endfacet
  facet normal -0.779549300671 0.379855662584 -0.49800863862
    outer loop
      vertex 0.0861999616027 -0.0181748438627 0.195049926639
      vertex 0.0885006114841 -0.0153678590432 0.196091294289
      vertex 0.0869565755129 -0.0139795839787 0.191102489829
    endloop
  endfacet
  facet normal -0.773427188396 0.41337031126 -0.480557322502
    outer loop
      vertex 0.0885006114841 -0.0153678590432 0.196091294289
      vertex 0.0861999616027 -0.0181748438627 0.195049926639
      vertex 0.0877077579498 -0.0182985365391 0.198014855385
    endloop
  endfacet
  facet normal -0.682072520256 0.373102903366 -0.628944575787
    outer loop
      vertex 0.0842851474881 -0.0210274197161 0.196358084679
      vertex 0.0877077579498 -0.0182985365391 0.198014855385
      vertex 0.0861999616027 -0.0181748438627 0.195049926639
    endloop
  endfacet
  facet normal -0.53013497591 0.635947227478 -0.560827970505
    outer loop
      vertex 0.0894474387169 -0.0176671035588 0.198908239603
      vertex 0.0885006114841 -0.0153678590432 0.196091294289
      vertex 0.0877077579498 -0.0182985365391 0.198014855385
    endloop
  endfacet
  facet normal -0.635746002197 0.604981780052 -0.479399710894
    outer loop
      vertex 0.0885006114841 -0.0153678590432 0.196091294289
      vertex 0.0894474387169 -0.0176671035588 0.198908239603
      vertex 0.091281466186 -0.0143547952175 0.198210790753
    endloop
  endfacet
  facet normal -0.00446243863553 0.978031814098 -0.20840793848
    outer loop
      vertex 0.0894474387169 -0.0176671035588 0.198908239603
      vertex 0.0912981405854 -0.0182978436351 0.199051082134
      vertex 0.091281466186 -0.0143547952175 0.198210790753
    endloop
  endfacet
  facet normal -0.645283520222 0.684457838535 -0.339303165674
    outer loop
      vertex 0.0885006114841 -0.0153678590432 0.196091294289
      vertex 0.091281466186 -0.0143547952175 0.198210790753
      vertex 0.0903646200895 -0.0119356457144 0.196147188544
    endloop
  endfacet
  facet normal -0.566062808037 0.720685899258 -0.400230884552
    outer loop
      vertex 0.091281466186 -0.0143547952175 0.198210790753
      vertex 0.0920375585556 -0.0123010911047 0.197664141655
      vertex 0.0903646200895 -0.0119356457144 0.196147188544
    endloop
  endfacet
  facet normal -0.515636324883 0.813051223755 -0.270308881998
    outer loop
      vertex 0.0894474387169 -0.0176671035588 0.198908239603
      vertex 0.0877077579498 -0.0182985365391 0.198014855385
      vertex 0.0888542458415 -0.020486259833 0.199469298124
    endloop
  endfacet
  facet normal -0.204447090626 0.861174225807 -0.465381890535
    outer loop
      vertex 0.0862662568688 -0.0219391994178 0.199640065432
      vertex 0.0888542458415 -0.020486259833 0.199469298124
      vertex 0.0877077579498 -0.0182985365391 0.198014855385
    endloop
  endfacet
  facet normal -0.817268967628 0.374761343002 -0.43775036931
    outer loop
      vertex 0.0903646200895 -0.0119356457144 0.196147188544
      vertex 0.0869565755129 -0.0139795839787 0.191102489829
      vertex 0.0885006114841 -0.0153678590432 0.196091294289
    endloop
  endfacet
  facet normal -0.822625100613 0.386947154999 -0.416605085135
    outer loop
      vertex 0.0892412886024 -0.00980097893625 0.191460773349
      vertex 0.0869565755129 -0.0139795839787 0.191102489829
      vertex 0.0903646200895 -0.0119356457144 0.196147188544
    endloop
  endfacet
  facet normal -0.841698765755 0.323250740767 -0.432495296001
    outer loop
      vertex 0.0869565755129 -0.0139795839787 0.191102489829
      vertex 0.0892412886024 -0.00980097893625 0.191460773349
      vertex 0.0872273892164 -0.0111664002761 0.188043728471
    endloop
  endfacet
  facet normal -0.813323318958 0.274326533079 -0.513079047203
    outer loop
      vertex 0.0872273892164 -0.0111664002761 0.188043728471
      vertex 0.0892412886024 -0.00980097893625 0.191460773349
      vertex 0.0887666270137 -0.00906756334007 0.18868175149
    endloop
  endfacet
  facet normal -0.832937598228 0.26977828145 -0.483150750399
    outer loop
      vertex 0.0910665243864 -0.00577615248039 0.189888045192
      vertex 0.0887666270137 -0.00906756334007 0.18868175149
      vertex 0.0892412886024 -0.00980097893625 0.191460773349
    endloop
  endfacet
  facet normal -0.835511565208 0.224181547761 -0.50166028738
    outer loop
      vertex 0.0887666270137 -0.00906756334007 0.18868175149
      vertex 0.0910665243864 -0.00577615248039 0.189888045192
      vertex 0.0897494778037 -0.00674741622061 0.187152922153
    endloop
  endfacet
  facet normal -0.80634111166 0.275709807873 -0.52325719595
    outer loop
      vertex 0.0887666270137 -0.00906756334007 0.18868175149
      vertex 0.0897494778037 -0.00674741622061 0.187152922153
      vertex 0.088292427361 -0.0083339177072 0.185902580619
    endloop
  endfacet
  facet normal -0.752909719944 0.0442053563893 -0.6566375494
    outer loop
      vertex 0.0894728079438 -0.00686984136701 0.184259101748
      vertex 0.088292427361 -0.0083339177072 0.185902580619
      vertex 0.0897494778037 -0.00674741622061 0.187152922153
    endloop
  endfacet
  facet normal -0.51197129488 0.336406379938 -0.790389895439
    outer loop
      vertex 0.0877264663577 -0.00750184757635 0.183086290956
      vertex 0.088292427361 -0.0083339177072 0.185902580619
      vertex 0.0894728079438 -0.00686984136701 0.184259101748
    endloop
  endfacet
  facet normal -0.7812256217 0.316045612097 -0.538332283497
    outer loop
      vertex 0.0877264663577 -0.00750184757635 0.183086290956
      vertex 0.0859024077654 -0.0100476695225 0.182913824916
      vertex 0.088292427361 -0.0083339177072 0.185902580619
    endloop
  endfacet
  facet normal -0.779767513275 0.322059512138 -0.536880195141
    outer loop
      vertex 0.0861797332764 -0.00863286852837 0.181226789951
      vertex 0.0859024077654 -0.0100476695225 0.182913824916
      vertex 0.0877264663577 -0.00750184757635 0.183086290956
    endloop
  endfacet
  facet normal -0.837028026581 0.264220714569 -0.479136258364
    outer loop
      vertex 0.0859024077654 -0.0100476695225 0.182913824916
      vertex 0.0861797332764 -0.00863286852837 0.181226789951
      vertex 0.0849592462182 -0.0106106568128 0.180946901441
    endloop
  endfacet
  facet normal -0.835624933243 0.272137522697 -0.477150052786
    outer loop
      vertex 0.084746144712 -0.00989549607038 0.179038643837
      vertex 0.0849592462182 -0.0106106568128 0.180946901441
      vertex 0.0861797332764 -0.00863286852837 0.181226789951
    endloop
  endfacet
  facet normal -0.837815344334 0.271149218082 -0.473860234022
    outer loop
      vertex 0.084746144712 -0.00989549607038 0.179038643837
      vertex 0.083877414465 -0.0118807498366 0.179823800921
      vertex 0.0849592462182 -0.0106106568128 0.180946901441
    endloop
  endfacet
  facet normal -0.904087424278 0.06689684093 -0.422079056501
    outer loop
      vertex 0.0842632055283 -0.0105079794303 0.176376268268
      vertex 0.083877414465 -0.0118807498366 0.179823800921
      vertex 0.084746144712 -0.00989549607038 0.179038643837
    endloop
  endfacet
  facet normal -0.977599561214 -0.162608057261 0.133632734418
    outer loop
      vertex 0.083877414465 -0.0118807498366 0.179823800921
      vertex 0.0842632055283 -0.0105079794303 0.176376268268
      vertex 0.0845703184605 -0.0137023404241 0.177155077457
    endloop
  endfacet
  facet normal -0.953715145588 -0.257939457893 0.154578968883
    outer loop
      vertex 0.0848741978407 -0.012525732629 0.175326362252
      vertex 0.0845703184605 -0.0137023404241 0.177155077457
      vertex 0.0842632055283 -0.0105079794303 0.176376268268
    endloop
  endfacet
  facet normal -0.961040854454 -0.243661984801 0.130496546626
    outer loop
      vertex 0.0848741978407 -0.012525732629 0.175326362252
      vertex 0.0849446430802 -0.0150515688583 0.176401272416
      vertex 0.0845703184605 -0.0137023404241 0.177155077457
    endloop
  endfacet
  facet normal -0.905680060387 -0.380418211222 0.187151283026
    outer loop
      vertex 0.0849446430802 -0.0150515688583 0.176401272416
      vertex 0.0848741978407 -0.012525732629 0.175326362252
      vertex 0.0855842530727 -0.0132568469271 0.173995599151
    endloop
  endfacet
  facet normal -0.894579827785 -0.442354619503 0.0636341720819
    outer loop
      vertex 0.0855842530727 -0.0132568469271 0.173995599151
      vertex 0.0848741978407 -0.012525732629 0.175326362252
      vertex 0.0858138427138 -0.0114567298442 0.17327234149
    endloop
  endfacet
  facet normal -0.948972582817 -0.306787014008 0.0730258896947
    outer loop
      vertex 0.0849446430802 -0.0150515688583 0.176401272416
      vertex 0.0855842530727 -0.0132568469271 0.173995599151
      vertex 0.0857481211424 -0.0156735815108 0.174063965678
    endloop
  endfacet
  facet normal -0.888869225979 -0.452297210693 0.0730668455362
    outer loop
      vertex 0.0855842530727 -0.0132568469271 0.173995599151
      vertex 0.0865409448743 -0.0148718319833 0.17237636447
      vertex 0.0857481211424 -0.0156735815108 0.174063965678
    endloop
  endfacet
  facet normal -0.839907288551 -0.540881454945 -0.0447543226182
    outer loop
      vertex 0.0868172645569 -0.0130195710808 0.172100543976
      vertex 0.0865409448743 -0.0148718319833 0.17237636447
      vertex 0.0855842530727 -0.0132568469271 0.173995599151
    endloop
  endfacet
  facet normal -0.729164063931 -0.68430441618 -0.00687658973038
    outer loop
      vertex 0.0868172645569 -0.0130195710808 0.172100543976
      vertex 0.0877416953444 -0.0141546092927 0.171104103327
      vertex 0.0865409448743 -0.0148718319833 0.17237636447
    endloop
  endfacet
  facet normal -0.748959124088 -0.656586945057 -0.0891839712858
    outer loop
      vertex 0.0877416953444 -0.0141546092927 0.171104103327
      vertex 0.0872991457582 -0.0158900693059 0.171373188496
      vertex 0.0865409448743 -0.0148718319833 0.17237636447
    endloop
  endfacet
  facet normal -0.791424870491 -0.611132860184 -0.0127811925486
    outer loop
      vertex 0.0864950120449 -0.0163707099855 0.172404497862
      vertex 0.0865409448743 -0.0148718319833 0.17237636447
      vertex 0.0872991457582 -0.0158900693059 0.171373188496
    endloop
  endfacet
  facet normal -0.908539295197 -0.417320072651 -0.0200072024018
    outer loop
      vertex 0.0864950120449 -0.0163707099855 0.172404497862
      vertex 0.0857481211424 -0.0156735815108 0.174063965678
      vertex 0.0865409448743 -0.0148718319833 0.17237636447
    endloop
  endfacet
  facet normal -0.922598481178 -0.334581941366 0.192007616162
    outer loop
      vertex 0.0862468853593 -0.0171212367713 0.173519402742
      vertex 0.0857481211424 -0.0156735815108 0.174063965678
      vertex 0.0864950120449 -0.0163707099855 0.172404497862
    endloop
  endfacet
  facet normal -0.919724404812 -0.345138669014 0.187046334147
    outer loop
      vertex 0.0857481211424 -0.0156735815108 0.174063965678
      vertex 0.0862468853593 -0.0171212367713 0.173519402742
      vertex 0.0854356586933 -0.0167339667678 0.175471276045
    endloop
  endfacet
  facet normal -0.925952255726 -0.368123829365 0.084245197475
    outer loop
      vertex 0.0854356586933 -0.0167339667678 0.175471276045
      vertex 0.0862468853593 -0.0171212367713 0.173519402742
      vertex 0.0861485823989 -0.0188570357859 0.174163922668
    endloop
  endfacet
  facet normal -0.802462697029 -0.572788596153 0.167232736945
    outer loop
      vertex 0.0861485823989 -0.0188570357859 0.174163922668
      vertex 0.0862468853593 -0.0171212367713 0.173519402742
      vertex 0.0869891196489 -0.0183300003409 0.172832474113
    endloop
  endfacet
  facet normal -0.822965145111 -0.530188202858 0.204031616449
    outer loop
      vertex 0.0869891196489 -0.0183300003409 0.172832474113
      vertex 0.0862468853593 -0.0171212367713 0.173519402742
      vertex 0.0871253162622 -0.0175494980067 0.172320708632
    endloop
  endfacet
  facet normal -0.237788662314 -0.775604605675 0.584717094898
    outer loop
      vertex 0.0919821932912 -0.0209077820182 0.171872958541
      vertex 0.0912500470877 -0.0203666202724 0.171689450741
      vertex 0.0918408185244 -0.0203222446144 0.17147487402
    endloop
  endfacet
  facet normal -0.229473099113 -0.81282556057 0.535403311253
    outer loop
      vertex 0.0918408185244 -0.0203222446144 0.17147487402
      vertex 0.0914465710521 -0.0198734663427 0.171290561557
      vertex 0.092205286026 -0.0199581794441 0.171132162213
    endloop
  endfacet
  facet normal -0.180445477366 -0.530497193336 0.828258514404
    outer loop
      vertex 0.093790076673 -0.0248269103467 0.175814032555
      vertex 0.0936271697283 -0.0251548327506 0.176381424069
      vertex 0.0930374115705 -0.0249047726393 0.176191613078
    endloop
  endfacet
  facet normal -0.184582084417 -0.518430650234 0.834960520267
    outer loop
      vertex 0.0930374115705 -0.0249047726393 0.176191613078
      vertex 0.0924158096313 -0.0246531590819 0.176007688046
      vertex 0.0928885787725 -0.0245303064585 0.17564150691
    endloop
  endfacet
  facet normal -0.202609315515 -0.613676071167 0.763119339943
    outer loop
      vertex 0.0925095677376 -0.0232597999275 0.174037650228
      vertex 0.0920954868197 -0.0235919989645 0.174587458372
      vertex 0.0917377024889 -0.0231386199594 0.174141794443
    endloop
  endfacet
  facet normal -0.265778362751 -0.536114692688 0.801213383675
    outer loop
      vertex 0.0917315110564 -0.0238938480616 0.175142452121
      vertex 0.0912967994809 -0.0241777896881 0.175782307982
      vertex 0.0909212455153 -0.0236750543118 0.175217151642
    endloop
  endfacet
  facet normal -0.277529269457 -0.562472105026 0.778846979141
    outer loop
      vertex 0.0909212455153 -0.0236750543118 0.175217151642
      vertex 0.0905031710863 -0.0232347510755 0.174813762307
      vertex 0.0911860689521 -0.0233294703066 0.17460796237
    endloop
  endfacet
  facet normal -0.251706361771 -0.689491271973 0.679150700569
    outer loop
      vertex 0.0912782996893 -0.0222960561514 0.173357069492
      vertex 0.090738274157 -0.0218696705997 0.173134222627
      vertex 0.091393455863 -0.0217622891068 0.172789275646
    endloop
  endfacet
  facet normal -0.250549077988 -0.727423429489 0.638811647892
    outer loop
      vertex 0.091310068965 -0.0210874676704 0.172225371003
      vertex 0.0918178111315 -0.0214767046273 0.172392308712
      vertex 0.091393455863 -0.0217622891068 0.172789275646
    endloop
  endfacet
  facet normal -0.338789343834 -0.496960878372 0.798906564713
    outer loop
      vertex 0.0900730341673 -0.0233813673258 0.175278261304
      vertex 0.0905355140567 -0.0238895863295 0.175779983401
      vertex 0.089888304472 -0.0236949883401 0.175908371806
    endloop
  endfacet
  facet normal -0.383034944534 -0.469733536243 0.79538333416
    outer loop
      vertex 0.0898245424032 -0.0240717921406 0.176598384976
      vertex 0.0893697887659 -0.0236330740154 0.176226347685
      vertex 0.089888304472 -0.0236949883401 0.175908371806
    endloop
  endfacet
  facet normal -0.120457939804 -0.60293596983 0.788643181324
    outer loop
      vertex 0.0969287529588 -0.0252943485975 0.175966784358
      vertex 0.0968572571874 -0.025700788945 0.1765127033
      vertex 0.0962701663375 -0.0254722461104 0.176331058145
    endloop
  endfacet
  facet normal -0.0703589171171 -0.60161459446 0.795681774616
    outer loop
      vertex 0.0968572571874 -0.025700788945 0.1765127033
      vertex 0.0969287529588 -0.0252943485975 0.175966784358
      vertex 0.0973575636744 -0.0254580043256 0.176133081317
    endloop
  endfacet
  facet normal -0.10205321759 -0.627944409847 0.771538078785
    outer loop
      vertex 0.0973575636744 -0.0254580043256 0.176133081317
      vertex 0.0972081497312 -0.0258964933455 0.176696136594
      vertex 0.0968572571874 -0.025700788945 0.1765127033
    endloop
  endfacet
  facet normal -0.103547103703 -0.628092110157 0.771218717098
    outer loop
      vertex 0.0972081497312 -0.0258964933455 0.176696136594
      vertex 0.0973575636744 -0.0254580043256 0.176133081317
      vertex 0.0978293195367 -0.0258596278727 0.176548451185
    endloop
  endfacet
  facet normal -0.0641403496265 -0.655075073242 0.752836406231
    outer loop
      vertex 0.0979955792427 -0.0251389592886 0.175703957677
      vertex 0.0978293195367 -0.0258596278727 0.176548451185
      vertex 0.0973575636744 -0.0254580043256 0.176133081317
    endloop
  endfacet
  facet normal -0.136265709996 -0.658466517925 0.740171253681
    outer loop
      vertex 0.0989798381925 -0.0258077122271 0.176252007484
      vertex 0.0978293195367 -0.0258596278727 0.176548451185
      vertex 0.0979955792427 -0.0251389592886 0.175703957677
    endloop
  endfacet
  facet normal -0.125632241368 -0.703170716763 0.699833929539
    outer loop
      vertex 0.0975187420845 -0.0266585033387 0.177399024367
      vertex 0.0972081497312 -0.0258964933455 0.176696136594
      vertex 0.0978293195367 -0.0258596278727 0.176548451185
    endloop
  endfacet
  facet normal -0.183680653572 -0.684088647366 0.705892443657
    outer loop
      vertex 0.0975187420845 -0.0266585033387 0.177399024367
      vertex 0.0966549217701 -0.0260962098837 0.177050754428
      vertex 0.0972081497312 -0.0258964933455 0.176696136594
    endloop
  endfacet
  facet normal -0.188078120351 -0.679089784622 0.709551751614
    outer loop
      vertex 0.0975187420845 -0.0266585033387 0.177399024367
      vertex 0.0961414277554 -0.0266787149012 0.177801609039
      vertex 0.0966549217701 -0.0260962098837 0.177050754428
    endloop
  endfacet
  facet normal -0.147321030498 -0.667204678059 0.730160534382
    outer loop
      vertex 0.0966549217701 -0.0260962098837 0.177050754428
      vertex 0.0961414277554 -0.0266787149012 0.177801609039
      vertex 0.0957686007023 -0.0261336490512 0.177287429571
    endloop
  endfacet
  facet normal -0.209091633558 -0.635914802551 0.742895066738
    outer loop
      vertex 0.0957686007023 -0.0261336490512 0.177287429571
      vertex 0.0961414277554 -0.0266787149012 0.177801609039
      vertex 0.0954045206308 -0.0264686606824 0.177798509598
    endloop
  endfacet
  facet normal -0.20537430048 -0.651762127876 0.730087339878
    outer loop
      vertex 0.0952017456293 -0.0272573195398 0.17874583602
      vertex 0.0954045206308 -0.0264686606824 0.177798509598
      vertex 0.0961414277554 -0.0266787149012 0.177801609039
    endloop
  endfacet
  facet normal -0.243096277118 -0.650822341442 0.719259679317
    outer loop
      vertex 0.0954045206308 -0.0264686606824 0.177798509598
      vertex 0.0952017456293 -0.0272573195398 0.17874583602
      vertex 0.0945993587375 -0.026658963412 0.178309574723
    endloop
  endfacet
  facet normal -0.288201510906 -0.612072050571 0.736415445805
    outer loop
      vertex 0.0952017456293 -0.0272573195398 0.17874583602
      vertex 0.0938586443663 -0.0268609821796 0.178901404142
      vertex 0.0945993587375 -0.026658963412 0.178309574723
    endloop
  endfacet
  facet normal -0.267396748066 -0.741812169552 0.614990770817
    outer loop
      vertex 0.0951382368803 -0.0284037217498 0.179719150066
      vertex 0.0938586443663 -0.0268609821796 0.178901404142
      vertex 0.0952017456293 -0.0272573195398 0.17874583602
    endloop
  endfacet
  facet normal -0.334281921387 -0.68937009573 0.642669796944
    outer loop
      vertex 0.092531695962 -0.0272444542497 0.179902344942
      vertex 0.0938586443663 -0.0268609821796 0.178901404142
      vertex 0.0951382368803 -0.0284037217498 0.179719150066
    endloop
  endfacet
  facet normal -0.219057679176 -0.588547706604 0.778219342232
    outer loop
      vertex 0.092531695962 -0.0272444542497 0.179902344942
      vertex 0.0931361168623 -0.0261396206915 0.178216487169
      vertex 0.0938586443663 -0.0268609821796 0.178901404142
    endloop
  endfacet
  facet normal -0.362225979567 -0.598277449608 0.71474224329
    outer loop
      vertex 0.092531695962 -0.0272444542497 0.179902344942
      vertex 0.0913523882627 -0.0257839411497 0.178871527314
      vertex 0.0931361168623 -0.0261396206915 0.178216487169
    endloop
  endfacet
  facet normal -0.292019784451 -0.654290795326 0.697587251663
    outer loop
      vertex 0.0913523882627 -0.0257839411497 0.178871527314
      vertex 0.092531695962 -0.0272444542497 0.179902344942
      vertex 0.0912047326565 -0.0276278108358 0.180903315544
    endloop
  endfacet
  facet normal -0.369339644909 -0.716345071793 0.591978013515
    outer loop
      vertex 0.0927657410502 -0.0285444073379 0.180855944753
      vertex 0.0912047326565 -0.0276278108358 0.180903315544
      vertex 0.092531695962 -0.0272444542497 0.179902344942
    endloop
  endfacet
  facet normal -0.25181388855 -0.888801395893 0.382912367582
    outer loop
      vertex 0.0912047326565 -0.0276278108358 0.180903315544
      vertex 0.0927657410502 -0.0285444073379 0.180855944753
      vertex 0.0906381607056 -0.0288968756795 0.181610569358
    endloop
  endfacet
  facet normal -0.0932763442397 -0.886826336384 0.45259091258
    outer loop
      vertex 0.0906381607056 -0.0288968756795 0.181610569358
      vertex 0.0882246494293 -0.0272572003305 0.181027621031
      vertex 0.0912047326565 -0.0276278108358 0.180903315544
    endloop
  endfacet
  facet normal -0.111188784242 -0.873380541801 0.474176645279
    outer loop
      vertex 0.0885870084167 -0.0290309078991 0.181944474578
      vertex 0.0882246494293 -0.0272572003305 0.181027621031
      vertex 0.0906381607056 -0.0288968756795 0.181610569358
    endloop
  endfacet
  facet normal -0.061114422977 -0.881528556347 0.468158513308
    outer loop
      vertex 0.0866874530911 -0.0286954343319 0.181897997856
      vertex 0.0882246494293 -0.0272572003305 0.181027621031
      vertex 0.0885870084167 -0.0290309078991 0.181944474578
    endloop
  endfacet
  facet normal -0.264673858881 -0.923923194408 0.27624925971
    outer loop
      vertex 0.0866874530911 -0.0286954343319 0.181897997856
      vertex 0.0855600312352 -0.0271165147424 0.181748881936
      vertex 0.0882246494293 -0.0272572003305 0.181027621031
    endloop
  endfacet
  facet normal -0.181077539921 -0.95858502388 0.219831079245
    outer loop
      vertex 0.0855600312352 -0.0271165147424 0.181748881936
      vertex 0.0866874530911 -0.0286954343319 0.181897997856
      vertex 0.0853445678949 -0.0289760045707 0.182216018438
    endloop
  endfacet
  facet normal -0.219669908285 -0.974146783352 0.0527562089264
    outer loop
      vertex 0.0853445678949 -0.0289760045707 0.182216018438
      vertex 0.0866874530911 -0.0286954343319 0.181897997856
      vertex 0.0858119502664 -0.0297041386366 0.182150050998
    endloop
  endfacet
  facet normal -0.139366954565 -0.982381463051 0.124512948096
    outer loop
      vertex 0.0865626707673 -0.0298528671265 0.182062402368
      vertex 0.0858119502664 -0.0297041386366 0.182150050998
      vertex 0.0866874530911 -0.0286954343319 0.181897997856
    endloop
  endfacet
  facet normal -0.129277825356 -0.989163517952 0.0695896968246
    outer loop
      vertex 0.0862632915378 -0.0303988493979 0.18213994801
      vertex 0.0858119502664 -0.0297041386366 0.182150050998
      vertex 0.0865626707673 -0.0298528671265 0.182062402368
    endloop
  endfacet
  facet normal -0.131723567843 -0.988727271557 0.0711850300431
    outer loop
      vertex 0.0855569019914 -0.0304912999272 0.182240709662
      vertex 0.0858119502664 -0.0297041386366 0.182150050998
      vertex 0.0862632915378 -0.0303988493979 0.18213994801
    endloop
  endfacet
  facet normal -0.237784698606 -0.970696270466 0.0347439572215
    outer loop
      vertex 0.0858119502664 -0.0297041386366 0.182150050998
      vertex 0.0855569019914 -0.0304912999272 0.182240709662
      vertex 0.0853164419532 -0.0299658812582 0.182280808687
    endloop
  endfacet
  facet normal -0.261446774006 -0.964117586613 0.0460749901831
    outer loop
      vertex 0.0850199908018 -0.0302954912186 0.182376950979
      vertex 0.0853164419532 -0.0299658812582 0.182280808687
      vertex 0.0855569019914 -0.0304912999272 0.182240709662
    endloop
  endfacet
  facet normal -0.276774942875 -0.960427701473 0.0312123913318
    outer loop
      vertex 0.0846057087183 -0.0299092568457 0.182483777404
      vertex 0.0853164419532 -0.0299658812582 0.182280808687
      vertex 0.0850199908018 -0.0302954912186 0.182376950979
    endloop
  endfacet
  facet normal -0.278235405684 -0.958945095539 0.0548581071198
    outer loop
      vertex 0.0853445678949 -0.0289760045707 0.182216018438
      vertex 0.0853164419532 -0.0299658812582 0.182280808687
      vertex 0.0846057087183 -0.0299092568457 0.182483777404
    endloop
  endfacet
  facet normal -0.32884517312 -0.944324433804 0.0105953831226
    outer loop
      vertex 0.0846057087183 -0.0299092568457 0.182483777404
      vertex 0.0837782025337 -0.0280288644135 0.182750850916
      vertex 0.0853445678949 -0.0289760045707 0.182216018438
    endloop
  endfacet
  facet normal -0.51818883419 -0.848479270935 0.107532739639
    outer loop
      vertex 0.0829656124115 -0.0298141650856 0.18347337842
      vertex 0.0837782025337 -0.0280288644135 0.182750850916
      vertex 0.0846057087183 -0.0299092568457 0.182483777404
    endloop
  endfacet
  facet normal -0.514378726482 -0.850469589233 0.11007244885
    outer loop
      vertex 0.0815921798348 -0.0286583341658 0.184154465795
      vertex 0.0837782025337 -0.0280288644135 0.182750850916
      vertex 0.0829656124115 -0.0298141650856 0.18347337842
    endloop
  endfacet
  facet normal -0.511698007584 -0.85074454546 0.119995228946
    outer loop
      vertex 0.0837782025337 -0.0280288644135 0.182750850916
      vertex 0.0815921798348 -0.0286583341658 0.184154465795
      vertex 0.0826939642429 -0.0262833014131 0.183156788349
    endloop
  endfacet
  facet normal -0.553479194641 -0.827875971794 0.0910064429045
    outer loop
      vertex 0.0796527564526 -0.0241169333458 0.184951841831
      vertex 0.0826939642429 -0.0262833014131 0.183156788349
      vertex 0.0815921798348 -0.0286583341658 0.184154465795
    endloop
  endfacet
  facet normal -0.555488586426 -0.82603931427 0.0953492000699
    outer loop
      vertex 0.0830429047346 -0.0228637196124 0.182527408004
      vertex 0.0826939642429 -0.0262833014131 0.183156788349
      vertex 0.0796527564526 -0.0241169333458 0.184951841831
    endloop
  endfacet
  facet normal -0.434083044529 -0.892840445042 0.120032683015
    outer loop
      vertex 0.0844415724277 -0.0252640247345 0.18217009306
      vertex 0.0826939642429 -0.0262833014131 0.183156788349
      vertex 0.0830429047346 -0.0228637196124 0.182527408004
    endloop
  endfacet
  facet normal -0.64629137516 -0.713587641716 0.270370393991
    outer loop
      vertex 0.0830429047346 -0.0228637196124 0.182527408004
      vertex 0.0850357636809 -0.0220992900431 0.180432856083
      vertex 0.0844415724277 -0.0252640247345 0.18217009306
    endloop
  endfacet
  facet normal -0.730239391327 -0.682339847088 -0.0341000892222
    outer loop
      vertex 0.0830429047346 -0.0228637196124 0.182527408004
      vertex 0.0831635594368 -0.0200480036438 0.182539001107
      vertex 0.0850357636809 -0.0220992900431 0.180432856083
    endloop
  endfacet
  facet normal -0.829519569874 -0.557194292545 -0.037838742137
    outer loop
      vertex 0.0830429047346 -0.0228637196124 0.182527408004
      vertex 0.081335015595 -0.0205001570284 0.185230523348
      vertex 0.0831635594368 -0.0200480036438 0.182539001107
    endloop
  endfacet
  facet normal -0.734961867332 -0.408368110657 -0.541356146336
    outer loop
      vertex 0.081335015595 -0.0205001570284 0.185230523348
      vertex 0.0822648182511 -0.0181278698146 0.186701953411
      vertex 0.0831635594368 -0.0200480036438 0.182539001107
    endloop
  endfacet
  facet normal -0.771531045437 -0.359118580818 -0.525141656399
    outer loop
      vertex 0.0822648182511 -0.0181278698146 0.186701953411
      vertex 0.081335015595 -0.0205001570284 0.185230523348
      vertex 0.0795535594225 -0.0214068796486 0.187731906772
    endloop
  endfacet
  facet normal -0.806988596916 -0.426748991013 -0.408233582973
    outer loop
      vertex 0.0795535594225 -0.0214068796486 0.187731906772
      vertex 0.081335015595 -0.0205001570284 0.185230523348
      vertex 0.0796527564526 -0.0241169333458 0.184951841831
    endloop
  endfacet
  facet normal -0.788091003895 -0.443869650364 -0.426488310099
    outer loop
      vertex 0.0783375278115 -0.0235696844757 0.187812849879
      vertex 0.0795535594225 -0.0214068796486 0.187731906772
      vertex 0.0796527564526 -0.0241169333458 0.184951841831
    endloop
  endfacet
  facet normal -0.84726023674 0.21770131588 -0.484516501427
    outer loop
      vertex 0.0783375278115 -0.0235696844757 0.187812849879
      vertex 0.0792948231101 -0.0232428275049 0.190811038017
      vertex 0.0795535594225 -0.0214068796486 0.187731906772
    endloop
  endfacet
  facet normal -0.878837108612 0.235358640552 -0.415032148361
    outer loop
      vertex 0.0781569853425 -0.0256777107716 0.190856009722
      vertex 0.0792948231101 -0.0232428275049 0.190811038017
      vertex 0.0783375278115 -0.0235696844757 0.187812849879
    endloop
  endfacet
  facet normal -0.829851865768 0.394035935402 -0.39507162571
    outer loop
      vertex 0.0781569853425 -0.0256777107716 0.190856009722
      vertex 0.079801119864 -0.0256570316851 0.194297865033
      vertex 0.0792948231101 -0.0232428275049 0.190811038017
    endloop
  endfacet
  facet normal -0.755337357521 0.357515066862 -0.549225389957
    outer loop
      vertex 0.079801119864 -0.0256570316851 0.194297865033
      vertex 0.0781569853425 -0.0256777107716 0.190856009722
      vertex 0.0774421691895 -0.0280688330531 0.193019092083
    endloop
  endfacet
  facet normal -0.80472522974 0.300206035376 -0.512146115303
    outer loop
      vertex 0.0765754282475 -0.0281510557979 0.190835997462
      vertex 0.0774421691895 -0.0280688330531 0.193019092083
      vertex 0.0781569853425 -0.0256777107716 0.190856009722
    endloop
  endfacet
  facet normal -0.754834532738 0.277299582958 -0.594415485859
    outer loop
      vertex 0.0774421691895 -0.0280688330531 0.193019092083
      vertex 0.0765754282475 -0.0281510557979 0.190835997462
      vertex 0.0755036100745 -0.0304528288543 0.192852452397
    endloop
  endfacet
  facet normal -0.900414824486 0.0175782684237 -0.434677064419
    outer loop
      vertex 0.0765754282475 -0.0281510557979 0.190835997462
      vertex 0.0755950883031 -0.0301223024726 0.189364984632
      vertex 0.0755036100745 -0.0304528288543 0.192852452397
    endloop
  endfacet
  facet normal -0.6810131073 -0.382731318474 -0.624289870262
    outer loop
      vertex 0.0765754282475 -0.0281510557979 0.190835997462
      vertex 0.0770260542631 -0.0297745428979 0.187386021018
      vertex 0.0755950883031 -0.0301223024726 0.189364984632
    endloop
  endfacet
  facet normal -0.961348712444 -0.209591731429 -0.178549692035
    outer loop
      vertex 0.0765754282475 -0.0281510557979 0.190835997462
      vertex 0.0777258872986 -0.0264247916639 0.18702968955
      vertex 0.0770260542631 -0.0297745428979 0.187386021018
    endloop
  endfacet
  facet normal -0.748262405396 -0.657758235931 -0.0863567441702
    outer loop
      vertex 0.0791656300426 -0.027046225965 0.185310259461
      vertex 0.0770260542631 -0.0297745428979 0.187386021018
      vertex 0.0777258872986 -0.0264247916639 0.18702968955
    endloop
  endfacet
  facet normal -0.549339652061 -0.814048349857 0.188550263643
    outer loop
      vertex 0.0770260542631 -0.0297745428979 0.187386021018
      vertex 0.0791656300426 -0.027046225965 0.185310259461
      vertex 0.0804436355829 -0.0296841561794 0.185058832169
    endloop
  endfacet
  facet normal -0.512733578682 -0.841918468475 0.168159350753
    outer loop
      vertex 0.0791656300426 -0.027046225965 0.185310259461
      vertex 0.0815921798348 -0.0286583341658 0.184154465795
      vertex 0.0804436355829 -0.0296841561794 0.185058832169
    endloop
  endfacet
  facet normal -0.512691676617 -0.841932177544 0.168218404055
    outer loop
      vertex 0.0815921798348 -0.0286583341658 0.184154465795
      vertex 0.0815799981356 -0.0311898067594 0.184667676687
      vertex 0.0804436355829 -0.0296841561794 0.185058832169
    endloop
  endfacet
  facet normal -0.570489227772 -0.805460631847 0.160546511412
    outer loop
      vertex 0.0815921798348 -0.0286583341658 0.184154465795
      vertex 0.0825609639287 -0.0309866406024 0.183932378888
      vertex 0.0815799981356 -0.0311898067594 0.184667676687
    endloop
  endfacet
  facet normal -0.537581324577 -0.794915735722 0.281274318695
    outer loop
      vertex 0.0815799981356 -0.0311898067594 0.184667676687
      vertex 0.0825609639287 -0.0309866406024 0.183932378888
      vertex 0.0827308818698 -0.0316562019289 0.184054389596
    endloop
  endfacet
  facet normal -0.545648217201 -0.789050936699 0.282252788544
    outer loop
      vertex 0.0827308818698 -0.0316562019289 0.184054389596
      vertex 0.0825609639287 -0.0309866406024 0.183932378888
      vertex 0.0831566601992 -0.0311105586588 0.183564767241
    endloop
  endfacet
  facet normal -0.540784597397 -0.829733073711 0.138184964657
    outer loop
      vertex 0.0829656124115 -0.0298141650856 0.18347337842
      vertex 0.0831566601992 -0.0311105586588 0.183564767241
      vertex 0.0825609639287 -0.0309866406024 0.183932378888
    endloop
  endfacet
  facet normal -0.578094124794 -0.803547978401 0.141837477684
    outer loop
      vertex 0.0829656124115 -0.0298141650856 0.18347337842
      vertex 0.0839084461331 -0.0308109261096 0.182971030474
      vertex 0.0831566601992 -0.0311105586588 0.183564767241
    endloop
  endfacet
  facet normal -0.545330286026 -0.806231319904 0.229359790683
    outer loop
      vertex 0.0835962891579 -0.0316579267383 0.183423131704
      vertex 0.0831566601992 -0.0311105586588 0.183564767241
      vertex 0.0839084461331 -0.0308109261096 0.182971030474
    endloop
  endfacet
  facet normal -0.522337853909 -0.81718069315 0.243677869439
    outer loop
      vertex 0.0839084461331 -0.0308109261096 0.182971030474
      vertex 0.0840326622128 -0.0317275226116 0.183164954185
      vertex 0.0835962891579 -0.0316579267383 0.183423131704
    endloop
  endfacet
  facet normal -0.562015891075 -0.79049962759 0.243410035968
    outer loop
      vertex 0.0839084461331 -0.0308109261096 0.182971030474
      vertex 0.0843819528818 -0.0314639471471 0.182835459709
      vertex 0.0840326622128 -0.0317275226116 0.183164954185
    endloop
  endfacet
  facet normal -0.536662638187 -0.814606487751 0.22002159059
    outer loop
      vertex 0.0839084461331 -0.0308109261096 0.182971030474
      vertex 0.0846230685711 -0.031101487577 0.182578712702
      vertex 0.0843819528818 -0.0314639471471 0.182835459709
    endloop
  endfacet
  facet normal -0.505588889122 -0.858664989471 0.0841090455651
    outer loop
      vertex 0.0846230685711 -0.031101487577 0.182578712702
      vertex 0.0839084461331 -0.0308109261096 0.182971030474
      vertex 0.0847235098481 -0.0306247547269 0.182472869754
    endloop
  endfacet
  facet normal -0.508399367332 -0.858221054077 0.0706165656447
    outer loop
      vertex 0.0846057087183 -0.0299092568457 0.182483777404
      vertex 0.0847235098481 -0.0306247547269 0.182472869754
      vertex 0.0839084461331 -0.0308109261096 0.182971030474
    endloop
  endfacet
  facet normal -0.45664358139 -0.884006381035 0.100046694279
    outer loop
      vertex 0.0846230685711 -0.031101487577 0.182578712702
      vertex 0.0847235098481 -0.0306247547269 0.182472869754
      vertex 0.085031889379 -0.0309474766254 0.182350099087
    endloop
  endfacet
  facet normal -0.340155392885 -0.939807713032 -0.0324922800064
    outer loop
      vertex 0.0850199908018 -0.0302954912186 0.182376950979
      vertex 0.085031889379 -0.0309474766254 0.182350099087
      vertex 0.0847235098481 -0.0306247547269 0.182472869754
    endloop
  endfacet
  facet normal -0.463100373745 -0.882611691952 0.0808372050524
    outer loop
      vertex 0.0847984626889 -0.0315366387367 0.182526543736
      vertex 0.0846230685711 -0.031101487577 0.182578712702
      vertex 0.085031889379 -0.0309474766254 0.182350099087
    endloop
  endfacet
  facet normal -0.167863965034 -0.80052280426 0.575312912464
    outer loop
      vertex 0.0854307934642 -0.0349517501891 0.184509471059
      vertex 0.0859900265932 -0.0350501574576 0.184462919831
      vertex 0.0856609120965 -0.0355130024254 0.18486456573
    endloop
  endfacet
  facet normal -0.0778524726629 -0.826716721058 0.557205975056
    outer loop
      vertex 0.0874326378107 -0.0342023074627 0.183673366904
      vertex 0.0879357382655 -0.0345372855663 0.183851763606
      vertex 0.0873293057084 -0.0346974022686 0.184016793966
    endloop
  endfacet
  facet normal -0.24538475275 -0.968122363091 -0.0502535663545
    outer loop
      vertex 0.085031889379 -0.0309474766254 0.182350099087
      vertex 0.0855569019914 -0.0304912999272 0.182240709662
      vertex 0.0853798389435 -0.0311148129404 0.182253226638
    endloop
  endfacet
  facet normal -0.0792875140905 -0.996848642826 -0.00251032598317
    outer loop
      vertex 0.0855569019914 -0.0304912999272 0.182240709662
      vertex 0.0856930911541 -0.0311601795256 0.182228192687
      vertex 0.0853798389435 -0.0311148129404 0.182253226638
    endloop
  endfacet
  facet normal -0.0687284171581 -0.997624456882 -0.00467477180064
    outer loop
      vertex 0.0861580893397 -0.0309812426567 0.182196989655
      vertex 0.0856930911541 -0.0311601795256 0.182228192687
      vertex 0.0855569019914 -0.0304912999272 0.182240709662
    endloop
  endfacet
  facet normal -0.0946914851665 -0.779331386089 0.619415938854
    outer loop
      vertex 0.0864440873265 -0.0355609580874 0.184767216444
      vertex 0.0871925279498 -0.0358678661287 0.184920221567
      vertex 0.0865802243352 -0.0361089482903 0.185186222196
    endloop
  endfacet
  facet normal -0.201102972031 -0.811057806015 0.549311220646
    outer loop
      vertex 0.0851563438773 -0.0345531441271 0.184307545424
      vertex 0.0854307934642 -0.0349517501891 0.184509471059
      vertex 0.0849485993385 -0.0348329544067 0.184548571706
    endloop
  endfacet
  facet normal -0.192481294274 -0.773801863194 0.603474617004
    outer loop
      vertex 0.0844266489148 -0.0363884866238 0.185814544559
      vertex 0.0840426236391 -0.0361481122673 0.185722619295
      vertex 0.0846112966537 -0.0359637364745 0.185437366366
    endloop
  endfacet
  facet normal -0.0581221990287 -0.930425643921 0.361842423677
    outer loop
      vertex 0.086800403893 -0.0310099571943 0.182168036699
      vertex 0.0867111831903 -0.0314830727875 0.182357609272
      vertex 0.0861580893397 -0.0309812426567 0.182196989655
    endloop
  endfacet
  facet normal -0.0952016487718 -0.753766179085 0.650210142136
    outer loop
      vertex 0.0868069604039 -0.0365771129727 0.185561433434
      vertex 0.0861348062754 -0.0364443734288 0.185531824827
      vertex 0.0865802243352 -0.0361089482903 0.185186222196
    endloop
  endfacet
  facet normal -0.210824921727 -0.791287362576 0.573948740959
    outer loop
      vertex 0.0842308551073 -0.0356142446399 0.185285225511
      vertex 0.0846112966537 -0.0359637364745 0.185437366366
      vertex 0.0840426236391 -0.0361481122673 0.185722619295
    endloop
  endfacet
  facet normal 0.146980211139 -0.973369121552 0.17592421174
    outer loop
      vertex 0.0872469693422 -0.0303159318864 0.182110026479
      vertex 0.0874800682068 -0.0313555300236 0.182333126664
      vertex 0.086800403893 -0.0310099571943 0.182168036699
    endloop
  endfacet
  facet normal 0.174134880304 -0.970088422298 0.169131487608
    outer loop
      vertex 0.0872469693422 -0.0303159318864 0.182110026479
      vertex 0.0879767462611 -0.030505310744 0.18227404356
      vertex 0.0874800682068 -0.0313555300236 0.182333126664
    endloop
  endfacet
  facet normal 0.171294242144 -0.968825519085 0.178984239697
    outer loop
      vertex 0.0879767462611 -0.030505310744 0.18227404356
      vertex 0.0872469693422 -0.0303159318864 0.182110026479
      vertex 0.0874571874738 -0.0298656113446 0.182064011693
    endloop
  endfacet
  facet normal 0.000331967690727 -0.994801700115 0.101830862463
    outer loop
      vertex 0.0874571874738 -0.0298656113446 0.182064011693
      vertex 0.0872469693422 -0.0303159318864 0.182110026479
      vertex 0.0865626707673 -0.0298528671265 0.182062402368
    endloop
  endfacet
  facet normal 0.0824738517404 -0.964779853821 0.249795660377
    outer loop
      vertex 0.0879767462611 -0.030505310744 0.18227404356
      vertex 0.0874571874738 -0.0298656113446 0.182064011693
      vertex 0.0885870084167 -0.0290309078991 0.181944474578
    endloop
  endfacet
  facet normal 0.0341181494296 -0.972248196602 0.231450587511
    outer loop
      vertex 0.0894269868731 -0.0312131233513 0.182493448257
      vertex 0.0879767462611 -0.030505310744 0.18227404356
      vertex 0.0885870084167 -0.0290309078991 0.181944474578
    endloop
  endfacet
  facet normal 0.0234123691916 -0.96746891737 0.251904308796
    outer loop
      vertex 0.0894269868731 -0.0312131233513 0.182493448257
      vertex 0.088247962296 -0.0319080613554 0.182645857334
      vertex 0.0879767462611 -0.030505310744 0.18227404356
    endloop
  endfacet
  facet normal 0.238730236888 -0.949112713337 0.20540907979
    outer loop
      vertex 0.0874800682068 -0.0313555300236 0.182333126664
      vertex 0.0879767462611 -0.030505310744 0.18227404356
      vertex 0.088247962296 -0.0319080613554 0.182645857334
    endloop
  endfacet
  facet normal -0.0575037896633 -0.763531327248 0.643205404282
    outer loop
      vertex 0.0876951217651 -0.0362925380468 0.185240104795
      vertex 0.0871237963438 -0.0362926796079 0.185283258557
      vertex 0.0871925279498 -0.0358678661287 0.184920221567
    endloop
  endfacet
  facet normal -0.0132625149563 -0.713553190231 0.700475513935
    outer loop
      vertex 0.0872318297625 -0.0373100191355 0.186208635569
      vertex 0.0876313596964 -0.0369741134346 0.185871452093
      vertex 0.0877757295966 -0.0372655801475 0.186154901981
    endloop
  endfacet
  facet normal 0.17477811873 -0.956522345543 0.233490139246
    outer loop
      vertex 0.088149510324 -0.0329753383994 0.182888388634
      vertex 0.088247962296 -0.0319080613554 0.182645857334
      vertex 0.0889105498791 -0.0327122211456 0.182963222265
    endloop
  endfacet
  facet normal 0.21492023766 -0.9063128829 0.363876670599
    outer loop
      vertex 0.0889105498791 -0.0327122211456 0.182963222265
      vertex 0.0885795354843 -0.0333789102733 0.183152392507
      vertex 0.088149510324 -0.0329753383994 0.182888388634
    endloop
  endfacet
  facet normal -0.0783005729318 -0.795828700066 0.600437879562
    outer loop
      vertex 0.0870922356844 -0.0352320149541 0.184431612492
      vertex 0.0877385362983 -0.0349903665483 0.184185698628
      vertex 0.0876607373357 -0.0354929193854 0.184572532773
    endloop
  endfacet
  facet normal -0.160691618919 -0.82488399744 0.541982114315
    outer loop
      vertex 0.0861667245626 -0.0346146374941 0.184125468135
      vertex 0.0857628136873 -0.0340108945966 0.183807462454
      vertex 0.0864088758826 -0.0342007651925 0.183806359768
    endloop
  endfacet
  facet normal -0.216526970267 -0.494367986917 0.841852903366
    outer loop
      vertex 0.0918578803539 -0.0246190465987 0.176193967462
      vertex 0.0924158096313 -0.0246531590819 0.176007688046
      vertex 0.0923128947616 -0.0250250324607 0.176686033607
    endloop
  endfacet
  facet normal -0.306189388037 -0.582888901234 0.752654373646
    outer loop
      vertex 0.0899006277323 -0.0228410921991 0.17462195456
      vertex 0.0905532762408 -0.0228242538869 0.174257382751
      vertex 0.0905031710863 -0.0232347510755 0.174813762307
    endloop
  endfacet
  facet normal -0.253386318684 -0.726678788662 0.638539969921
    outer loop
      vertex 0.091393455863 -0.0217622891068 0.172789275646
      vertex 0.0907613784075 -0.02124511078 0.172555223107
      vertex 0.091310068965 -0.0210874676704 0.172225371003
    endloop
  endfacet
  facet normal -0.197611629963 -0.671315491199 0.714342474937
    outer loop
      vertex 0.0925087109208 -0.0223807729781 0.173059657216
      vertex 0.0919358804822 -0.022727586329 0.173597320914
      vertex 0.0918704122305 -0.022238124162 0.17309576273
    endloop
  endfacet
  facet normal 0.0536566339433 -0.676156044006 0.734802007675
    outer loop
      vertex 0.099292576313 -0.0242732390761 0.174767330289
      vertex 0.0987495183945 -0.0247700661421 0.175264149904
      vertex 0.0984832048416 -0.0244034305215 0.174844577909
    endloop
  endfacet
  facet normal -0.367308318615 -0.375135451555 0.851092219353
    outer loop
      vertex 0.0893389955163 -0.0244017504156 0.177822396159
      vertex 0.0898245424032 -0.0240717921406 0.176598384976
      vertex 0.0904503986239 -0.024572070688 0.177120611072
    endloop
  endfacet
  facet normal -0.436120033264 -0.391434520483 0.81029522419
    outer loop
      vertex 0.0893389955163 -0.0244017504156 0.177822396159
      vertex 0.0889674946666 -0.0237860567868 0.176961779594
      vertex 0.0898245424032 -0.0240717921406 0.176598384976
    endloop
  endfacet
  facet normal -0.46988517046 -0.370394557714 0.801258862019
    outer loop
      vertex 0.0893389955163 -0.0244017504156 0.177822396159
      vertex 0.0883878841996 -0.0241573564708 0.178500309587
      vertex 0.0889674946666 -0.0237860567868 0.176961779594
    endloop
  endfacet
  facet normal -0.478769600391 -0.387758910656 0.787669122219
    outer loop
      vertex 0.0883878841996 -0.0241573564708 0.178500309587
      vertex 0.0893389955163 -0.0244017504156 0.177822396159
      vertex 0.0897723585367 -0.0251087509096 0.178723484278
    endloop
  endfacet
  facet normal -0.354402720928 -0.65333878994 0.668989658356
    outer loop
      vertex 0.0890134871006 -0.0260731242597 0.180122613907
      vertex 0.0883878841996 -0.0241573564708 0.178500309587
      vertex 0.0897723585367 -0.0251087509096 0.178723484278
    endloop
  endfacet
  facet normal -0.559977054596 -0.533050000668 0.634258151054
    outer loop
      vertex 0.0890134871006 -0.0260731242597 0.180122613907
      vertex 0.0869028568268 -0.0244755968451 0.180439010262
      vertex 0.0883878841996 -0.0241573564708 0.178500309587
    endloop
  endfacet
  facet normal -0.404998481274 -0.836358964443 0.369431942701
    outer loop
      vertex 0.0869028568268 -0.0244755968451 0.180439010262
      vertex 0.0890134871006 -0.0260731242597 0.180122613907
      vertex 0.0882246494293 -0.0272572003305 0.181027621031
    endloop
  endfacet
  facet normal -0.59286570549 -0.550594747066 0.587669670582
    outer loop
      vertex 0.0869180038571 -0.0228727906942 0.17871196568
      vertex 0.0883878841996 -0.0241573564708 0.178500309587
      vertex 0.0869028568268 -0.0244755968451 0.180439010262
    endloop
  endfacet
  facet normal -0.653055906296 -0.290405809879 0.699415802956
    outer loop
      vertex 0.0869180038571 -0.0228727906942 0.17871196568
      vertex 0.0878951698542 -0.0230454057455 0.176930263638
      vertex 0.0883878841996 -0.0241573564708 0.178500309587
    endloop
  endfacet
  facet normal -0.644550204277 -0.284758597612 0.709554493427
    outer loop
      vertex 0.087126724422 -0.022330366075 0.17688792944
      vertex 0.0878951698542 -0.0230454057455 0.176930263638
      vertex 0.0869180038571 -0.0228727906942 0.17871196568
    endloop
  endfacet
  facet normal -0.659377992153 -0.212339743972 0.721202135086
    outer loop
      vertex 0.087126724422 -0.022330366075 0.17688792944
      vertex 0.0875231102109 -0.0224623270333 0.176105231047
      vertex 0.0878951698542 -0.0230454057455 0.176930263638
    endloop
  endfacet
  facet normal -0.697949767113 -0.239689663053 0.674844443798
    outer loop
      vertex 0.0875231102109 -0.0224623270333 0.176105231047
      vertex 0.087126724422 -0.022330366075 0.17688792944
      vertex 0.0870255976915 -0.021925188601 0.17604161799
    endloop
  endfacet
  facet normal -0.741142749786 -0.215797573328 0.635719180107
    outer loop
      vertex 0.0863875895739 -0.0214164145291 0.176734015346
      vertex 0.0870255976915 -0.021925188601 0.17604161799
      vertex 0.087126724422 -0.022330366075 0.17688792944
    endloop
  endfacet
  facet normal -0.738242208958 -0.20899271965 0.641342759132
    outer loop
      vertex 0.0863875895739 -0.0214164145291 0.176734015346
      vertex 0.0868080109358 -0.0215466469526 0.175648584962
      vertex 0.0870255976915 -0.021925188601 0.17604161799
    endloop
  endfacet
  facet normal -0.834230899811 -0.265109568834 0.483503580093
    outer loop
      vertex 0.0863875895739 -0.0214164145291 0.176734015346
      vertex 0.0860214754939 -0.0204131044447 0.176056265831
      vertex 0.0868080109358 -0.0215466469526 0.175648584962
    endloop
  endfacet
  facet normal -0.868191182613 -0.201991483569 0.453258752823
    outer loop
      vertex 0.0854777246714 -0.0201873145998 0.177886724472
      vertex 0.0860214754939 -0.0204131044447 0.176056265831
      vertex 0.0863875895739 -0.0214164145291 0.176734015346
    endloop
  endfacet
  facet normal -0.921702384949 -0.235805988312 0.307993978262
    outer loop
      vertex 0.0860214754939 -0.0204131044447 0.176056265831
      vertex 0.0854777246714 -0.0201873145998 0.177886724472
      vertex 0.0854783654213 -0.0193280279636 0.176761865616
    endloop
  endfacet
  facet normal -0.930009424686 -0.223448112607 0.291810572147
    outer loop
      vertex 0.0846080482006 -0.0183104779571 0.17905536294
      vertex 0.0854783654213 -0.0193280279636 0.176761865616
      vertex 0.0854777246714 -0.0201873145998 0.177886724472
    endloop
  endfacet
  facet normal -0.944027006626 -0.283158510923 0.169216737151
    outer loop
      vertex 0.0854783654213 -0.0193280279636 0.176761865616
      vertex 0.0846080482006 -0.0183104779571 0.17905536294
      vertex 0.085102558136 -0.0171320289373 0.176702454686
    endloop
  endfacet
  facet normal -0.963925242424 -0.249299257994 0.093263246119
    outer loop
      vertex 0.0843338593841 -0.0156142087653 0.179106846452
      vertex 0.085102558136 -0.0171320289373 0.176702454686
      vertex 0.0846080482006 -0.0183104779571 0.17905536294
    endloop
  endfacet
  facet normal -0.96468693018 -0.240239456296 0.108000695705
    outer loop
      vertex 0.0843338593841 -0.0156142087653 0.179106846452
      vertex 0.0849446430802 -0.0150515688583 0.176401272416
      vertex 0.085102558136 -0.0171320289373 0.176702454686
    endloop
  endfacet
  facet normal -0.948978543282 -0.293794840574 0.114561423659
    outer loop
      vertex 0.0849446430802 -0.0150515688583 0.176401272416
      vertex 0.0854356586933 -0.0167339667678 0.175471276045
      vertex 0.085102558136 -0.0171320289373 0.176702454686
    endloop
  endfacet
  facet normal -0.951599657536 -0.290192246437 0.101225398481
    outer loop
      vertex 0.0856548026204 -0.0188831053674 0.175502330065
      vertex 0.085102558136 -0.0171320289373 0.176702454686
      vertex 0.0854356586933 -0.0167339667678 0.175471276045
    endloop
  endfacet
  facet normal -0.972851514816 -0.211077526212 0.0949008464813
    outer loop
      vertex 0.0843338593841 -0.0156142087653 0.179106846452
      vertex 0.0846080482006 -0.0183104779571 0.17905536294
      vertex 0.0840164273977 -0.0173712559044 0.181359827518
    endloop
  endfacet
  facet normal -0.937501013279 -0.307257711887 -0.163353934884
    outer loop
      vertex 0.0840164273977 -0.0173712559044 0.181359827518
      vertex 0.0846080482006 -0.0183104779571 0.17905536294
      vertex 0.0831635594368 -0.0200480036438 0.182539001107
    endloop
  endfacet
  facet normal -0.956026554108 -0.195779889822 -0.218365415931
    outer loop
      vertex 0.0831635594368 -0.0200480036438 0.182539001107
      vertex 0.083739861846 -0.0155643643811 0.184725701809
      vertex 0.0840164273977 -0.0173712559044 0.181359827518
    endloop
  endfacet
  facet normal -0.994877338409 -0.0299099572003 0.0965631306171
    outer loop
      vertex 0.0840164273977 -0.0173712559044 0.181359827518
      vertex 0.083739861846 -0.0155643643811 0.184725701809
      vertex 0.0837547928095 -0.0147792650387 0.18169438839
    endloop
  endfacet
  facet normal -0.907097518444 0.101342201233 -0.408538669348
    outer loop
      vertex 0.083739861846 -0.0155643643811 0.184725701809
      vertex 0.0846564993262 -0.013034619391 0.18273229897
      vertex 0.0837547928095 -0.0147792650387 0.18169438839
    endloop
  endfacet
  facet normal -0.887942075729 0.145448282361 -0.436352670193
    outer loop
      vertex 0.083739861846 -0.0155643643811 0.184725701809
      vertex 0.0852139517665 -0.0125317042693 0.184626668692
      vertex 0.0846564993262 -0.013034619391 0.18273229897
    endloop
  endfacet
  facet normal -0.865256905556 0.259328484535 -0.429044574499
    outer loop
      vertex 0.0843200460076 -0.0157788991928 0.187016442418
      vertex 0.0852139517665 -0.0125317042693 0.184626668692
      vertex 0.083739861846 -0.0155643643811 0.184725701809
    endloop
  endfacet
  facet normal -0.834122478962 0.308909207582 -0.456962525845
    outer loop
      vertex 0.0872273892164 -0.0111664002761 0.188043728471
      vertex 0.0852139517665 -0.0125317042693 0.184626668692
      vertex 0.0843200460076 -0.0157788991928 0.187016442418
    endloop
  endfacet
  facet normal -0.83687466383 0.313944429159 -0.448419123888
    outer loop
      vertex 0.0872273892164 -0.0111664002761 0.188043728471
      vertex 0.0859024077654 -0.0100476695225 0.182913824916
      vertex 0.0852139517665 -0.0125317042693 0.184626668692
    endloop
  endfacet
  facet normal -0.745450377464 0.24679248035 -0.619190752506
    outer loop
      vertex 0.083739861846 -0.0155643643811 0.184725701809
      vertex 0.0822648182511 -0.0181278698146 0.186701953411
      vertex 0.0843200460076 -0.0157788991928 0.187016442418
    endloop
  endfacet
  facet normal -0.742538571358 0.268154352903 -0.613783121109
    outer loop
      vertex 0.0828089863062 -0.0190259777009 0.190264493227
      vertex 0.0843200460076 -0.0157788991928 0.187016442418
      vertex 0.0822648182511 -0.0181278698146 0.186701953411
    endloop
  endfacet
  facet normal -0.674906730652 0.275647431612 -0.684484779835
    outer loop
      vertex 0.0828089863062 -0.0190259777009 0.190264493227
      vertex 0.0822648182511 -0.0181278698146 0.186701953411
      vertex 0.0810184702277 -0.0205686055124 0.189711168408
    endloop
  endfacet
  facet normal -0.913078904152 0.170325532556 -0.370507955551
    outer loop
      vertex 0.0852139517665 -0.0125317042693 0.184626668692
      vertex 0.0859024077654 -0.0100476695225 0.182913824916
      vertex 0.0846564993262 -0.013034619391 0.18273229897
    endloop
  endfacet
  facet normal -0.901654541492 0.344980597496 -0.26078248024
    outer loop
      vertex 0.083877414465 -0.0118807498366 0.179823800921
      vertex 0.0837547928095 -0.0147792650387 0.18169438839
      vertex 0.0846564993262 -0.013034619391 0.18273229897
    endloop
  endfacet
  facet normal -0.977875471115 -0.192168727517 0.0826485529542
    outer loop
      vertex 0.083877414465 -0.0118807498366 0.179823800921
      vertex 0.0843338593841 -0.0156142087653 0.179106846452
      vertex 0.0837547928095 -0.0147792650387 0.18169438839
    endloop
  endfacet
  facet normal -0.978014707565 -0.195141106844 0.0735335126519
    outer loop
      vertex 0.0840164273977 -0.0173712559044 0.181359827518
      vertex 0.0837547928095 -0.0147792650387 0.18169438839
      vertex 0.0843338593841 -0.0156142087653 0.179106846452
    endloop
  endfacet
  facet normal -0.965750813484 -0.195533379912 0.170563936234
    outer loop
      vertex 0.0854783654213 -0.0193280279636 0.176761865616
      vertex 0.085102558136 -0.0171320289373 0.176702454686
      vertex 0.0856548026204 -0.0188831053674 0.175502330065
    endloop
  endfacet
  facet normal -0.918667793274 -0.326474606991 0.222404569387
    outer loop
      vertex 0.0846080482006 -0.0183104779571 0.17905536294
      vertex 0.0854777246714 -0.0201873145998 0.177886724472
      vertex 0.0850357636809 -0.0220992900431 0.180432856083
    endloop
  endfacet
  facet normal -0.827336251736 -0.421996444464 0.370720565319
    outer loop
      vertex 0.0854777246714 -0.0201873145998 0.177886724472
      vertex 0.0861952155828 -0.0218996889889 0.17798435688
      vertex 0.0850357636809 -0.0220992900431 0.180432856083
    endloop
  endfacet
  facet normal -0.609962165356 -0.346919625998 0.712455570698
    outer loop
      vertex 0.0869180038571 -0.0228727906942 0.17871196568
      vertex 0.0850357636809 -0.0220992900431 0.180432856083
      vertex 0.0861952155828 -0.0218996889889 0.17798435688
    endloop
  endfacet
  facet normal -0.921644449234 -0.237501621246 0.306862354279
    outer loop
      vertex 0.0854783654213 -0.0193280279636 0.176761865616
      vertex 0.0856548026204 -0.0188831053674 0.175502330065
      vertex 0.0860214754939 -0.0204131044447 0.176056265831
    endloop
  endfacet
  facet normal -0.91876065731 -0.245620504022 0.309110641479
    outer loop
      vertex 0.0861812382936 -0.0201262123883 0.175097614527
      vertex 0.0860214754939 -0.0204131044447 0.176056265831
      vertex 0.0856548026204 -0.0188831053674 0.175502330065
    endloop
  endfacet
  facet normal -0.854919314384 -0.274253457785 0.440338551998
    outer loop
      vertex 0.0860214754939 -0.0204131044447 0.176056265831
      vertex 0.0861812382936 -0.0201262123883 0.175097614527
      vertex 0.0866901874542 -0.020991358906 0.17490015924
    endloop
  endfacet
  facet normal -0.85103815794 -0.297388345003 0.432775050402
    outer loop
      vertex 0.0861812382936 -0.0201262123883 0.175097614527
      vertex 0.0867235437036 -0.0207028649747 0.174384862185
      vertex 0.0866901874542 -0.020991358906 0.17490015924
    endloop
  endfacet
  facet normal -0.860536456108 -0.383532822132 0.33523067832
    outer loop
      vertex 0.0867235437036 -0.0207028649747 0.174384862185
      vertex 0.0861812382936 -0.0201262123883 0.175097614527
      vertex 0.0863889977336 -0.0197490565479 0.174301803112
    endloop
  endfacet
  facet normal -0.699016392231 -0.648375093937 0.301638573408
    outer loop
      vertex 0.0871061906219 -0.0200893469155 0.173686906695
      vertex 0.0867235437036 -0.0207028649747 0.174384862185
      vertex 0.0863889977336 -0.0197490565479 0.174301803112
    endloop
  endfacet
  facet normal -0.566184818745 -0.69708353281 0.43989688158
    outer loop
      vertex 0.0867235437036 -0.0207028649747 0.174384862185
      vertex 0.0871061906219 -0.0200893469155 0.173686906695
      vertex 0.087281703949 -0.0206867866218 0.173921361566
    endloop
  endfacet
  facet normal -0.0158301591873 -0.635807335377 0.771685421467
    outer loop
      vertex 0.0974499806762 -0.0249377638102 0.175466671586
      vertex 0.0969211161137 -0.0247624889016 0.175267115235
      vertex 0.0976671352983 -0.0244464017451 0.174864903092
    endloop
  endfacet
  facet normal -0.373128652573 -0.61022913456 0.69885289669
    outer loop
      vertex 0.0892493799329 -0.0224071778357 0.174463808537
      vertex 0.0887558981776 -0.0217643957585 0.174029424787
      vertex 0.0894723907113 -0.0220363214612 0.173902735114
    endloop
  endfacet
  facet normal 0.109136238694 -0.90984082222 0.400348603725
    outer loop
      vertex 0.094394735992 -0.0173977836967 0.169417187572
      vertex 0.0948534160852 -0.017449580133 0.169495001435
      vertex 0.0945299118757 -0.0178966410458 0.16965290904
    endloop
  endfacet
  facet normal -0.125993132591 -0.820836424828 0.5570936203
    outer loop
      vertex 0.0935865864158 -0.0200604833663 0.170900121331
      vertex 0.094333216548 -0.0201502107084 0.170846417546
      vertex 0.093891762197 -0.0205443911254 0.171181708574
    endloop
  endfacet
  facet normal -0.11690209806 -0.787707865238 0.604855537415
    outer loop
      vertex 0.0944475159049 -0.0207403376698 0.171249687672
      vertex 0.0938384085894 -0.0210628062487 0.171587690711
      vertex 0.093891762197 -0.0205443911254 0.171181708574
    endloop
  endfacet
  facet normal -0.331805378199 -0.804660201073 0.492368966341
    outer loop
      vertex 0.0897230058908 -0.0188164673746 0.171271339059
      vertex 0.0904216244817 -0.0191461145878 0.171184971929
      vertex 0.0898375883698 -0.0194527320564 0.171613410115
    endloop
  endfacet
  facet normal 0.0186551529914 -0.688021540642 0.725450396538
    outer loop
      vertex 0.097508482635 -0.0227290391922 0.172943800688
      vertex 0.0970186516643 -0.0229756869376 0.173190578818
      vertex 0.0970164090395 -0.02256539464 0.172757908702
    endloop
  endfacet
  facet normal 0.0393699295819 -0.681094110012 0.731136679649
    outer loop
      vertex 0.0980821549892 -0.0226516611874 0.172893896699
      vertex 0.0978272557259 -0.0231486111879 0.173412621021
      vertex 0.097508482635 -0.0227290391922 0.172943800688
    endloop
  endfacet
  facet normal -0.539259433746 -0.283935278654 0.792830407619
    outer loop
      vertex 0.0878951698542 -0.0230454057455 0.176930263638
      vertex 0.0887560993433 -0.023349750787 0.176144987345
      vertex 0.0889674946666 -0.0237860567868 0.176961779594
    endloop
  endfacet
  facet normal -0.522238612175 -0.257454156876 0.81300932169
    outer loop
      vertex 0.0881572663784 -0.0229126438498 0.175979360938
      vertex 0.0887560993433 -0.023349750787 0.176144987345
      vertex 0.0878951698542 -0.0230454057455 0.176930263638
    endloop
  endfacet
  facet normal -0.133528769016 -0.764296412468 0.630889058113
    outer loop
      vertex 0.0932460278273 -0.0210732519627 0.171699807048
      vertex 0.0938384085894 -0.0210628062487 0.171587690711
      vertex 0.0934770777822 -0.0214549191296 0.171974495053
    endloop
  endfacet
  facet normal -0.125297799706 -0.735610842705 0.665715515614
    outer loop
      vertex 0.0940460637212 -0.0217079780996 0.172106593847
      vertex 0.0934059023857 -0.0219025313854 0.172391697764
      vertex 0.0934770777822 -0.0214549191296 0.171974495053
    endloop
  endfacet
  facet normal -0.378017306328 -0.70353448391 0.601782441139
    outer loop
      vertex 0.0892769545317 -0.021405223757 0.173374831676
      vertex 0.0889521986246 -0.0207048840821 0.172950267792
      vertex 0.0895674452186 -0.0208834223449 0.172772407532
    endloop
  endfacet
  facet normal -0.580911695957 -0.408983498812 0.703757107258
    outer loop
      vertex 0.0881572663784 -0.0229126438498 0.175979360938
      vertex 0.0875231102109 -0.0224623270333 0.176105231047
      vertex 0.08772996068 -0.0224415361881 0.175775647163
    endloop
  endfacet
  facet normal -0.340112477541 -0.739666461945 0.580703854561
    outer loop
      vertex 0.0898906961083 -0.0203984975815 0.172243073583
      vertex 0.0901541635394 -0.0209340155125 0.172542348504
      vertex 0.0895674452186 -0.0208834223449 0.172772407532
    endloop
  endfacet
  facet normal -0.634264230728 -0.421556830406 0.648073077202
    outer loop
      vertex 0.0870255976915 -0.021925188601 0.17604161799
      vertex 0.087574839592 -0.0220164880157 0.17535559833
      vertex 0.08772996068 -0.0224415361881 0.175775647163
    endloop
  endfacet
  facet normal 0.0288259033114 -0.677414774895 0.735036253929
    outer loop
      vertex 0.097508482635 -0.0227290391922 0.172943800688
      vertex 0.0978272557259 -0.0231486111879 0.173412621021
      vertex 0.0970186516643 -0.0229756869376 0.173190578818
    endloop
  endfacet
  facet normal 0.00029155035736 -0.688091158867 0.725624203682
    outer loop
      vertex 0.0962014272809 -0.0227025114 0.172902166843
      vertex 0.0970164090395 -0.02256539464 0.172757908702
      vertex 0.0970186516643 -0.0229756869376 0.173190578818
    endloop
  endfacet
  facet normal -0.559193253517 -0.420649200678 0.714392840862
    outer loop
      vertex 0.087574839592 -0.0220164880157 0.17535559833
      vertex 0.0875199437141 -0.0215851217508 0.174695983529
      vertex 0.0878001153469 -0.0219628550112 0.174965038896
    endloop
  endfacet
  facet normal -0.578834354877 -0.412020206451 0.703697443008
    outer loop
      vertex 0.0871092453599 -0.0214342102408 0.175015211105
      vertex 0.0875199437141 -0.0215851217508 0.174695983529
      vertex 0.087574839592 -0.0220164880157 0.17535559833
    endloop
  endfacet
  facet normal -0.553868234158 -0.356973469257 0.752196729183
    outer loop
      vertex 0.0871092453599 -0.0214342102408 0.175015211105
      vertex 0.0872465223074 -0.0213713943958 0.174669861794
      vertex 0.0875199437141 -0.0215851217508 0.174695983529
    endloop
  endfacet
  facet normal -0.623665630817 -0.372865051031 0.68703186512
    outer loop
      vertex 0.0871092453599 -0.0214342102408 0.175015211105
      vertex 0.0866901874542 -0.020991358906 0.17490015924
      vertex 0.0872465223074 -0.0213713943958 0.174669861794
    endloop
  endfacet
  facet normal -0.607103228569 -0.409620583057 0.680908739567
    outer loop
      vertex 0.0866901874542 -0.020991358906 0.17490015924
      vertex 0.0871092453599 -0.0214342102408 0.175015211105
      vertex 0.0868080109358 -0.0215466469526 0.175648584962
    endloop
  endfacet
  facet normal -0.585143268108 -0.403202325106 0.703587412834
    outer loop
      vertex 0.087574839592 -0.0220164880157 0.17535559833
      vertex 0.0868080109358 -0.0215466469526 0.175648584962
      vertex 0.0871092453599 -0.0214342102408 0.175015211105
    endloop
  endfacet
  facet normal -0.237863719463 -0.690448701382 0.683155477047
    outer loop
      vertex 0.091393455863 -0.0217622891068 0.172789275646
      vertex 0.0918704122305 -0.022238124162 0.17309576273
      vertex 0.0912782996893 -0.0222960561514 0.173357069492
    endloop
  endfacet
  facet normal -0.415532141924 -0.74222266674 0.525774240494
    outer loop
      vertex 0.0886756330729 -0.0199804902077 0.172581553459
      vertex 0.0890463367105 -0.0197433233261 0.172206014395
      vertex 0.0892801210284 -0.0203345306218 0.172493934631
    endloop
  endfacet
  facet normal -0.17240613699 -0.503158807755 0.846821904182
    outer loop
      vertex 0.0942638143897 -0.0253046508878 0.176415428519
      vertex 0.0939086899161 -0.025561939925 0.176970139146
      vertex 0.0936271697283 -0.0251548327506 0.176381424069
    endloop
  endfacet
  facet normal -0.212318748236 -0.558520853519 0.801857352257
    outer loop
      vertex 0.0926509127021 -0.0240881890059 0.175071954727
      vertex 0.0920762270689 -0.0243295542896 0.175636947155
      vertex 0.0917315110564 -0.0238938480616 0.175142452121
    endloop
  endfacet
  facet normal -0.13074554503 -0.563530385494 0.815683186054
    outer loop
      vertex 0.0944427028298 -0.0245550572872 0.175269126892
      vertex 0.093790076673 -0.0248269103467 0.175814032555
      vertex 0.0935174748302 -0.0243688933551 0.175214320421
    endloop
  endfacet
  facet normal -0.504176199436 -0.497621238232 0.705818295479
    outer loop
      vertex 0.087462477386 -0.0211325064301 0.174112215638
      vertex 0.0875199437141 -0.0215851217508 0.174695983529
      vertex 0.0872465223074 -0.0213713943958 0.174669861794
    endloop
  endfacet
  facet normal -0.713972449303 -0.490535378456 0.499618262053
    outer loop
      vertex 0.0872465223074 -0.0213713943958 0.174669861794
      vertex 0.087281703949 -0.0206867866218 0.173921361566
      vertex 0.087462477386 -0.0211325064301 0.174112215638
    endloop
  endfacet
  facet normal -0.268095642328 -0.711425364017 0.649614274502
    outer loop
      vertex 0.091393455863 -0.0217622891068 0.172789275646
      vertex 0.090738274157 -0.0218696705997 0.173134222627
      vertex 0.0907613784075 -0.02124511078 0.172555223107
    endloop
  endfacet
  facet normal -0.401483416557 -0.610832035542 0.682418704033
    outer loop
      vertex 0.0887558981776 -0.0217643957585 0.174029424787
      vertex 0.0880421623588 -0.0216906070709 0.174416095018
      vertex 0.0881747528911 -0.0212969984859 0.173889219761
    endloop
  endfacet
  facet normal -0.0853607058525 -0.569683492184 0.817419290543
    outer loop
      vertex 0.0955386385322 -0.0252527780831 0.176088854671
      vertex 0.0948573797941 -0.0253068730235 0.176268547773
      vertex 0.0946902781725 -0.0250103287399 0.175868093967
    endloop
  endfacet
  facet normal -0.482711732388 -0.603323042393 0.634815454483
    outer loop
      vertex 0.0872465223074 -0.0213713943958 0.174669861794
      vertex 0.0867235437036 -0.0207028649747 0.174384862185
      vertex 0.087281703949 -0.0206867866218 0.173921361566
    endloop
  endfacet
  facet normal -0.698720514774 -0.595874249935 0.395883262157
    outer loop
      vertex 0.0871061906219 -0.0200893469155 0.173686906695
      vertex 0.0863889977336 -0.0197490565479 0.174301803112
      vertex 0.0869900733232 -0.019474459812 0.173414543271
    endloop
  endfacet
  facet normal -0.746801614761 -0.596767663956 0.293522983789
    outer loop
      vertex 0.0861485823989 -0.0188570357859 0.174163922668
      vertex 0.0869900733232 -0.019474459812 0.173414543271
      vertex 0.0863889977336 -0.0197490565479 0.174301803112
    endloop
  endfacet
  facet normal -0.744193553925 -0.608275711536 0.276001065969
    outer loop
      vertex 0.0861485823989 -0.0188570357859 0.174163922668
      vertex 0.0871066153049 -0.0189721137285 0.173044025898
      vertex 0.0869900733232 -0.019474459812 0.173414543271
    endloop
  endfacet
  facet normal -0.895096421242 -0.335935294628 0.293172121048
    outer loop
      vertex 0.0856548026204 -0.0188831053674 0.175502330065
      vertex 0.0861485823989 -0.0188570357859 0.174163922668
      vertex 0.0863889977336 -0.0197490565479 0.174301803112
    endloop
  endfacet
  facet normal -0.62407541275 -0.412074625492 0.663870751858
    outer loop
      vertex 0.0867235437036 -0.0207028649747 0.174384862185
      vertex 0.0872465223074 -0.0213713943958 0.174669861794
      vertex 0.0866901874542 -0.020991358906 0.17490015924
    endloop
  endfacet
  facet normal -0.895853638649 -0.358378499746 0.262699574232
    outer loop
      vertex 0.0856548026204 -0.0188831053674 0.175502330065
      vertex 0.0863889977336 -0.0197490565479 0.174301803112
      vertex 0.0861812382936 -0.0201262123883 0.175097614527
    endloop
  endfacet
  facet normal -0.878541469574 -0.283700734377 0.384290009737
    outer loop
      vertex 0.0854777246714 -0.0201873145998 0.177886724472
      vertex 0.0863875895739 -0.0214164145291 0.176734015346
      vertex 0.0861952155828 -0.0218996889889 0.17798435688
    endloop
  endfacet
  facet normal -0.836084783077 -0.235865041614 0.495307862759
    outer loop
      vertex 0.0866901874542 -0.020991358906 0.17490015924
      vertex 0.0868080109358 -0.0215466469526 0.175648584962
      vertex 0.0860214754939 -0.0204131044447 0.176056265831
    endloop
  endfacet
  facet normal -0.584114253521 -0.371619910002 0.721601784229
    outer loop
      vertex 0.087574839592 -0.0220164880157 0.17535559833
      vertex 0.0870255976915 -0.021925188601 0.17604161799
      vertex 0.0868080109358 -0.0215466469526 0.175648584962
    endloop
  endfacet
  facet normal -0.699130237103 -0.348802953959 0.624142169952
    outer loop
      vertex 0.087126724422 -0.022330366075 0.17688792944
      vertex 0.0861952155828 -0.0218996889889 0.17798435688
      vertex 0.0863875895739 -0.0214164145291 0.176734015346
    endloop
  endfacet
  facet normal -0.63321518898 -0.437682718039 0.638335645199
    outer loop
      vertex 0.0870255976915 -0.021925188601 0.17604161799
      vertex 0.08772996068 -0.0224415361881 0.175775647163
      vertex 0.0875231102109 -0.0224623270333 0.176105231047
    endloop
  endfacet
  facet normal -0.592547655106 -0.26931810379 0.759180486202
    outer loop
      vertex 0.0875231102109 -0.0224623270333 0.176105231047
      vertex 0.0881572663784 -0.0229126438498 0.175979360938
      vertex 0.0878951698542 -0.0230454057455 0.176930263638
    endloop
  endfacet
  facet normal -0.656462132931 -0.283054560423 0.699240744114
    outer loop
      vertex 0.0861952155828 -0.0218996889889 0.17798435688
      vertex 0.087126724422 -0.022330366075 0.17688792944
      vertex 0.0869180038571 -0.0228727906942 0.17871196568
    endloop
  endfacet
  facet normal -0.679224252701 -0.502448856831 0.534976243973
    outer loop
      vertex 0.0869028568268 -0.0244755968451 0.180439010262
      vertex 0.0850357636809 -0.0220992900431 0.180432856083
      vertex 0.0869180038571 -0.0228727906942 0.17871196568
    endloop
  endfacet
  facet normal -0.25126761198 -0.63799738884 0.727890074253
    outer loop
      vertex 0.0890134871006 -0.0260731242597 0.180122613907
      vertex 0.0897723585367 -0.0251087509096 0.178723484278
      vertex 0.0913523882627 -0.0257839411497 0.178871527314
    endloop
  endfacet
  facet normal -0.314381986856 -0.451972305775 0.834796369076
    outer loop
      vertex 0.0913523882627 -0.0257839411497 0.178871527314
      vertex 0.0897723585367 -0.0251087509096 0.178723484278
      vertex 0.0912434831262 -0.0251567587256 0.177788868546
    endloop
  endfacet
  facet normal -0.289855509996 -0.411870837212 0.863913297653
    outer loop
      vertex 0.0897723585367 -0.0251087509096 0.178723484278
      vertex 0.0904503986239 -0.024572070688 0.177120611072
      vertex 0.0912434831262 -0.0251567587256 0.177788868546
    endloop
  endfacet
  facet normal -0.28837326169 -0.45808506012 0.840832293034
    outer loop
      vertex 0.0913523882627 -0.0257839411497 0.178871527314
      vertex 0.0912434831262 -0.0251567587256 0.177788868546
      vertex 0.0924140363932 -0.02541815117 0.177531778812
    endloop
  endfacet
  facet normal -0.275691300631 -0.341778457165 0.898432970047
    outer loop
      vertex 0.0924140363932 -0.02541815117 0.177531778812
      vertex 0.0912434831262 -0.0251567587256 0.177788868546
      vertex 0.0915074795485 -0.0248518399894 0.176774382591
    endloop
  endfacet
  facet normal -0.234225481749 -0.38660556078 0.89200592041
    outer loop
      vertex 0.0924140363932 -0.02541815117 0.177531778812
      vertex 0.0915074795485 -0.0248518399894 0.176774382591
      vertex 0.0923128947616 -0.0250250324607 0.176686033607
    endloop
  endfacet
  facet normal -0.232876852155 -0.386876374483 0.892241597176
    outer loop
      vertex 0.0923128947616 -0.0250250324607 0.176686033607
      vertex 0.0929785296321 -0.0254055187106 0.177162855864
      vertex 0.0924140363932 -0.02541815117 0.177531778812
    endloop
  endfacet
  facet normal -0.360328942537 -0.703928589821 0.612084627151
    outer loop
      vertex 0.0895674452186 -0.0208834223449 0.172772407532
      vertex 0.0898279771209 -0.0213528126478 0.173047199845
      vertex 0.0892769545317 -0.021405223757 0.173374831676
    endloop
  endfacet
  facet normal -0.292826145887 -0.668508708477 0.683629274368
    outer loop
      vertex 0.0900315493345 -0.0218831934035 0.173457622528
      vertex 0.090738274157 -0.0218696705997 0.173134222627
      vertex 0.0905937626958 -0.0223286487162 0.173666879535
    endloop
  endfacet
  facet normal -0.0723024532199 -0.588334441185 0.805378735065
    outer loop
      vertex 0.0952160134912 -0.0248517468572 0.175554409623
      vertex 0.0953670293093 -0.0245404727757 0.175109744072
      vertex 0.0958206504583 -0.0248621478677 0.175494343042
    endloop
  endfacet
  facet normal -0.0263364817947 -0.727310955524 0.685802578926
    outer loop
      vertex 0.0867066532373 -0.0372598357499 0.186180338264
      vertex 0.0870838612318 -0.0369582250714 0.185882270336
      vertex 0.0872318297625 -0.0373100191355 0.186208635569
    endloop
  endfacet
  facet normal -0.0685204491019 -0.772744357586 0.631007969379
    outer loop
      vertex 0.0878609493375 -0.0359004400671 0.184887543321
      vertex 0.0871925279498 -0.0358678661287 0.184920221567
      vertex 0.0876607373357 -0.0354929193854 0.184572532773
    endloop
  endfacet
  facet normal 0.121746115386 -0.856918931007 0.500867068768
    outer loop
      vertex 0.0884048938751 -0.0337370038033 0.18330219388
      vertex 0.0887741371989 -0.0337146110833 0.183341562748
      vertex 0.0885248333216 -0.0340067856014 0.183476909995
    endloop
  endfacet
  facet normal 0.121494539082 -0.893222391605 0.432888895273
    outer loop
      vertex 0.0884048938751 -0.0337370038033 0.18330219388
      vertex 0.0885795354843 -0.0333789102733 0.183152392507
      vertex 0.0887741371989 -0.0337146110833 0.183341562748
    endloop
  endfacet
  facet normal 0.128989189863 -0.894043922424 0.429007291794
    outer loop
      vertex 0.0892160311341 -0.0334744676948 0.183290079236
      vertex 0.0887741371989 -0.0337146110833 0.183341562748
      vertex 0.0885795354843 -0.0333789102733 0.183152392507
    endloop
  endfacet
  facet normal 0.144584551454 -0.878950119019 0.454468876123
    outer loop
      vertex 0.0892160311341 -0.0334744676948 0.183290079236
      vertex 0.088998042047 -0.0340212546289 0.183536946774
      vertex 0.0887741371989 -0.0337146110833 0.183341562748
    endloop
  endfacet
  facet normal 0.0955070629716 -0.869635045528 0.484368950129
    outer loop
      vertex 0.0887741371989 -0.0337146110833 0.183341562748
      vertex 0.088998042047 -0.0340212546289 0.183536946774
      vertex 0.0885248333216 -0.0340067856014 0.183476909995
    endloop
  endfacet
  facet normal 0.0921745225787 -0.851166725159 0.516738891602
    outer loop
      vertex 0.0885248333216 -0.0340067856014 0.183476909995
      vertex 0.088998042047 -0.0340212546289 0.183536946774
      vertex 0.0885968878865 -0.0343884192407 0.183716401458
    endloop
  endfacet
  facet normal 0.0521456748247 -0.873544871807 0.483942359686
    outer loop
      vertex 0.088998042047 -0.0340212546289 0.183536946774
      vertex 0.0889413058758 -0.0346328131855 0.183872357011
      vertex 0.0885968878865 -0.0343884192407 0.183716401458
    endloop
  endfacet
  facet normal 0.0396520458162 -0.87454020977 0.48332926631
    outer loop
      vertex 0.088998042047 -0.0340212546289 0.183536946774
      vertex 0.0896159857512 -0.0341854840517 0.183655723929
      vertex 0.0889413058758 -0.0346328131855 0.183872357011
    endloop
  endfacet
  facet normal 0.0554731711745 -0.863248050213 0.501722514629
    outer loop
      vertex 0.089305691421 -0.0350922048092 0.184162780643
      vertex 0.0889413058758 -0.0346328131855 0.183872357011
      vertex 0.0896159857512 -0.0341854840517 0.183655723929
    endloop
  endfacet
  facet normal -0.0986942201853 -0.950752556324 0.293818086386
    outer loop
      vertex 0.088149510324 -0.0329753383994 0.182888388634
      vertex 0.0874003842473 -0.0328277945518 0.182920560241
      vertex 0.0877261087298 -0.0324401110411 0.182766929269
    endloop
  endfacet
  facet normal -0.0664750859141 -0.835818946362 0.544965803623
    outer loop
      vertex 0.0879357382655 -0.0345372855663 0.183851763606
      vertex 0.0874326378107 -0.0342023074627 0.183673366904
      vertex 0.0880302488804 -0.0340375602245 0.18351842463
    endloop
  endfacet
  facet normal -0.0521930456161 -0.752670884132 0.656324923038
    outer loop
      vertex 0.0884406194091 -0.0358287505805 0.184782713652
      vertex 0.0888708010316 -0.0357702597976 0.184701874852
      vertex 0.0889341980219 -0.0360834561288 0.184970587492
    endloop
  endfacet
  facet normal -0.286196649075 -0.836601316929 0.467107802629
    outer loop
      vertex 0.0841816291213 -0.0340307839215 0.184271708131
      vertex 0.0841470360756 -0.0337615869939 0.184133246541
      vertex 0.0846185237169 -0.0338422767818 0.184017002583
    endloop
  endfacet
  facet normal 0.0349374935031 -0.700163662434 0.713127076626
    outer loop
      vertex 0.089525051415 -0.0363129153848 0.185233786702
      vertex 0.0887968838215 -0.0363160222769 0.185200616717
      vertex 0.0889341980219 -0.0360834561288 0.184970587492
    endloop
  endfacet
  facet normal 0.0355552099645 -0.715133786201 0.698082685471
    outer loop
      vertex 0.089525051415 -0.0363129153848 0.185233786702
      vertex 0.0887221843004 -0.0366371311247 0.185510352254
      vertex 0.0887968838215 -0.0363160222769 0.185200616717
    endloop
  endfacet
  facet normal 0.0127377500758 -0.744942486286 0.667007029057
    outer loop
      vertex 0.0892850160599 -0.0371491201222 0.185978397727
      vertex 0.0887221843004 -0.0366371311247 0.185510352254
      vertex 0.089525051415 -0.0363129153848 0.185233786702
    endloop
  endfacet
  facet normal -0.0183303039521 -0.727828085423 0.685514628887
    outer loop
      vertex 0.0892850160599 -0.0371491201222 0.185978397727
      vertex 0.0883416086435 -0.037042658776 0.185901880264
      vertex 0.0887221843004 -0.0366371311247 0.185510352254
    endloop
  endfacet
  facet normal -0.0378765240312 -0.621625781059 0.782398104668
    outer loop
      vertex 0.0884685143828 -0.0377643592656 0.186802506447
      vertex 0.0883416086435 -0.037042658776 0.185901880264
      vertex 0.0892850160599 -0.0371491201222 0.185978397727
    endloop
  endfacet
  facet normal 0.0261006653309 -0.627354323864 0.778296411037
    outer loop
      vertex 0.0884685143828 -0.0377643592656 0.186802506447
      vertex 0.0877757295966 -0.0372655801475 0.186154901981
      vertex 0.0883416086435 -0.037042658776 0.185901880264
    endloop
  endfacet
  facet normal -0.00886421930045 -0.604192912579 0.796788811684
    outer loop
      vertex 0.0884685143828 -0.0377643592656 0.186802506447
      vertex 0.0874321162701 -0.0377262309194 0.186767429113
      vertex 0.0877757295966 -0.0372655801475 0.186154901981
    endloop
  endfacet
  facet normal -0.0119570633397 -0.552579283714 0.833374559879
    outer loop
      vertex 0.0874147340655 -0.0383828096092 0.187758028507
      vertex 0.0874321162701 -0.0377262309194 0.186767429113
      vertex 0.0884685143828 -0.0377643592656 0.186802506447
    endloop
  endfacet
  facet normal -0.113463208079 -0.550287902355 0.827229917049
    outer loop
      vertex 0.0874147340655 -0.0383828096092 0.187758028507
      vertex 0.0866729468107 -0.0377655029297 0.186983004212
      vertex 0.0874321162701 -0.0377262309194 0.186767429113
    endloop
  endfacet
  facet normal -0.135679423809 -0.534554064274 0.834172070026
    outer loop
      vertex 0.0874147340655 -0.0383828096092 0.187758028507
      vertex 0.0865368098021 -0.0381804481149 0.187665075064
      vertex 0.0866729468107 -0.0377655029297 0.186983004212
    endloop
  endfacet
  facet normal -0.135713934898 -0.53441286087 0.834256947041
    outer loop
      vertex 0.0874147340655 -0.0383828096092 0.187758028507
      vertex 0.0864002257586 -0.0385951623321 0.188347160816
      vertex 0.0865368098021 -0.0381804481149 0.187665075064
    endloop
  endfacet
  facet normal -0.158800423145 -0.565243303776 0.809495151043
    outer loop
      vertex 0.087644085288 -0.0395077466965 0.189304634929
      vertex 0.0864002257586 -0.0385951623321 0.188347160816
      vertex 0.0874147340655 -0.0383828096092 0.187758028507
    endloop
  endfacet
  facet normal -0.18866455555 -0.537966966629 0.821582138538
    outer loop
      vertex 0.0855356305838 -0.039179045707 0.189542084932
      vertex 0.0864002257586 -0.0385951623321 0.188347160816
      vertex 0.087644085288 -0.0395077466965 0.189304634929
    endloop
  endfacet
  facet normal -0.175846040249 -0.531974673271 0.828300178051
    outer loop
      vertex 0.0864002257586 -0.0385951623321 0.188347160816
      vertex 0.0855356305838 -0.039179045707 0.189542084932
      vertex 0.0848942473531 -0.0384974330664 0.188692808151
    endloop
  endfacet
  facet normal -0.228119716048 -0.498802423477 0.83615642786
    outer loop
      vertex 0.083944439888 -0.0393964536488 0.19063423574
      vertex 0.0848942473531 -0.0384974330664 0.188692808151
      vertex 0.0855356305838 -0.039179045707 0.189542084932
    endloop
  endfacet
  facet normal -0.284294843674 -0.513885974884 0.809381008148
    outer loop
      vertex 0.083944439888 -0.0393964536488 0.19063423574
      vertex 0.0832950770855 -0.0381898656487 0.189093083143
      vertex 0.0848942473531 -0.0384974330664 0.188692808151
    endloop
  endfacet
  facet normal -0.27791300416 -0.516838431358 0.809717476368
    outer loop
      vertex 0.0832950770855 -0.0381898656487 0.189093083143
      vertex 0.083944439888 -0.0393964536488 0.19063423574
      vertex 0.0820184201002 -0.0382881723344 0.189933568239
    endloop
  endfacet
  facet normal -0.261349588633 -0.54342263937 0.797739446163
    outer loop
      vertex 0.083944439888 -0.0393964536488 0.19063423574
      vertex 0.0820293053985 -0.0396140888333 0.19187477231
      vertex 0.0820184201002 -0.0382881723344 0.189933568239
    endloop
  endfacet
  facet normal -0.114857755601 -0.341002196074 0.933019399643
    outer loop
      vertex 0.0831580683589 -0.0400333963335 0.192641854286
      vertex 0.0820293053985 -0.0396140888333 0.19187477231
      vertex 0.083944439888 -0.0393964536488 0.19063423574
    endloop
  endfacet
  facet normal -0.222159191966 -0.195263087749 0.955257892609
    outer loop
      vertex 0.0820293053985 -0.0396140888333 0.19187477231
      vertex 0.0831580683589 -0.0400333963335 0.192641854286
      vertex 0.0813882127404 -0.0397844053805 0.193437382579
    endloop
  endfacet
  facet normal -0.198467478156 -0.137826159596 0.970368266106
    outer loop
      vertex 0.0831580683589 -0.0400333963335 0.192641854286
      vertex 0.0842399969697 -0.0406547188759 0.195458322763
      vertex 0.0813882127404 -0.0397844053805 0.193437382579
    endloop
  endfacet
  facet normal -0.619082689285 0.0651695802808 0.782617092133
    outer loop
      vertex 0.0831580683589 -0.0400333963335 0.192641854286
      vertex 0.0850734263659 -0.0414627864957 0.193671494722
      vertex 0.0842399969697 -0.0406547188759 0.195458322763
    endloop
  endfacet
  facet normal -0.291696935892 -0.546839594841 0.784779787064
    outer loop
      vertex 0.0831580683589 -0.0400333963335 0.192641854286
      vertex 0.0861338376999 -0.0404686667025 0.191679164767
      vertex 0.0850734263659 -0.0414627864957 0.193671494722
    endloop
  endfacet
  facet normal 0.0302789453417 -0.433324277401 0.900729298592
    outer loop
      vertex 0.0881027728319 -0.0410584099591 0.193042621017
      vertex 0.0850734263659 -0.0414627864957 0.193671494722
      vertex 0.0861338376999 -0.0404686667025 0.191679164767
    endloop
  endfacet
  facet normal 0.123260706663 -0.0437336750329 0.991410195827
    outer loop
      vertex 0.0850734263659 -0.0414627864957 0.193671494722
      vertex 0.0881027728319 -0.0410584099591 0.193042621017
      vertex 0.0884765014052 -0.0411716476083 0.196662947536
    endloop
  endfacet
  facet normal -0.316489100456 0.00300092273392 0.948591411114
    outer loop
      vertex 0.090485163033 -0.0418491363525 0.1943500489
      vertex 0.0884765014052 -0.0411716476083 0.196662947536
      vertex 0.0881027728319 -0.0410584099591 0.193042621017
    endloop
  endfacet
  facet normal 0.071726821363 0.337246239185 0.938680052757
    outer loop
      vertex 0.0922718793154 -0.0407428070903 0.197049349546
      vertex 0.0884765014052 -0.0411716476083 0.196662947536
      vertex 0.090485163033 -0.0418491363525 0.1943500489
    endloop
  endfacet
  facet normal -0.0303375404328 0.396191716194 0.917666494846
    outer loop
      vertex 0.0922718793154 -0.0407428070903 0.197049349546
      vertex 0.090485163033 -0.0418491363525 0.1943500489
      vertex 0.0924758389592 -0.0420508086681 0.194035351276
    endloop
  endfacet
  facet normal -0.126878067851 -0.177152141929 0.975970864296
    outer loop
      vertex 0.0924758389592 -0.0420508086681 0.194035351276
      vertex 0.090485163033 -0.0418491363525 0.1943500489
      vertex 0.0915365740657 -0.0413189977407 0.190676361322
    endloop
  endfacet
  facet normal -0.310734093189 -0.118573620915 0.943071901798
    outer loop
      vertex 0.0924758389592 -0.0420508086681 0.194035351276
      vertex 0.0915365740657 -0.0413189977407 0.190676361322
      vertex 0.0943867564201 -0.0423778891563 0.19162902236
    endloop
  endfacet
  facet normal -0.244343370199 -0.295516490936 0.923561751842
    outer loop
      vertex 0.0915365740657 -0.0413189977407 0.190676361322
      vertex 0.0944040492177 -0.041270531714 0.188153967261
      vertex 0.0943867564201 -0.0423778891563 0.19162902236
    endloop
  endfacet
  facet normal -0.384025514126 -0.452031821012 0.805103480816
    outer loop
      vertex 0.0915365740657 -0.0413189977407 0.190676361322
      vertex 0.0895636230707 -0.0386221520603 0.187549203634
      vertex 0.0944040492177 -0.041270531714 0.188153967261
    endloop
  endfacet
  facet normal -0.165223374963 -0.582258045673 0.796038210392
    outer loop
      vertex 0.0915365740657 -0.0413189977407 0.190676361322
      vertex 0.087644085288 -0.0395077466965 0.189304634929
      vertex 0.0895636230707 -0.0386221520603 0.187549203634
    endloop
  endfacet
  facet normal -0.298211932182 -0.334292471409 0.894045948982
    outer loop
      vertex 0.0915365740657 -0.0413189977407 0.190676361322
      vertex 0.0881027728319 -0.0410584099591 0.193042621017
      vertex 0.087644085288 -0.0395077466965 0.189304634929
    endloop
  endfacet
  facet normal -0.303591579199 -0.644241452217 0.701986551285
    outer loop
      vertex 0.0919382125139 -0.0380792655051 0.185838654637
      vertex 0.0944040492177 -0.041270531714 0.188153967261
      vertex 0.0895636230707 -0.0386221520603 0.187549203634
    endloop
  endfacet
  facet normal -0.489596664906 -0.48100233078 0.727277040482
    outer loop
      vertex 0.0944040492177 -0.041270531714 0.188153967261
      vertex 0.0919382125139 -0.0380792655051 0.185838654637
      vertex 0.0953506082296 -0.0401403196156 0.185481607914
    endloop
  endfacet
  facet normal -0.417683273554 -0.70852637291 0.568797945976
    outer loop
      vertex 0.0953506082296 -0.0401403196156 0.185481607914
      vertex 0.0919382125139 -0.0380792655051 0.185838654637
      vertex 0.0933443754911 -0.0373422913253 0.184418067336
    endloop
  endfacet
  facet normal -0.433564007282 -0.476926445961 0.764567494392
    outer loop
      vertex 0.0972153171897 -0.0416071489453 0.186137929559
      vertex 0.0944040492177 -0.041270531714 0.188153967261
      vertex 0.0953506082296 -0.0401403196156 0.185481607914
    endloop
  endfacet
  facet normal -0.314622074366 -0.287690788507 0.904570043087
    outer loop
      vertex 0.0972153171897 -0.0416071489453 0.186137929559
      vertex 0.0979927182198 -0.043004155159 0.189680278301
      vertex 0.0944040492177 -0.041270531714 0.188153967261
    endloop
  endfacet
  facet normal -0.470140516758 -0.232589334249 0.851393043995
    outer loop
      vertex 0.0972153171897 -0.0416071489453 0.186137929559
      vertex 0.0999175682664 -0.04351901263 0.187674149871
      vertex 0.0979927182198 -0.043004155159 0.189680278301
    endloop
  endfacet
  facet normal -0.395112246275 -0.357907384634 0.84604293108
    outer loop
      vertex 0.0999175682664 -0.04351901263 0.187674149871
      vertex 0.0972153171897 -0.0416071489453 0.186137929559
      vertex 0.0984810963273 -0.0414298251271 0.184321403503
    endloop
  endfacet
  facet normal -0.624037265778 -0.493941575289 0.605474412441
    outer loop
      vertex 0.0972153171897 -0.0416071489453 0.186137929559
      vertex 0.0973789021373 -0.0397200919688 0.183618098497
      vertex 0.0984810963273 -0.0414298251271 0.184321403503
    endloop
  endfacet
  facet normal -0.421035289764 -0.342874377966 0.839741885662
    outer loop
      vertex 0.102517850697 -0.043895021081 0.185402020812
      vertex 0.0999175682664 -0.04351901263 0.187674149871
      vertex 0.0984810963273 -0.0414298251271 0.184321403503
    endloop
  endfacet
  facet normal -0.257189810276 -0.136004686356 0.956742465496
    outer loop
      vertex 0.0999175682664 -0.04351901263 0.187674149871
      vertex 0.102517850697 -0.043895021081 0.185402020812
      vertex 0.102182783186 -0.0443222597241 0.189041092992
    endloop
  endfacet
  facet normal -0.365275353193 0.0594098493457 0.929001808167
    outer loop
      vertex 0.0999175682664 -0.04351901263 0.187674149871
      vertex 0.102182783186 -0.0443222597241 0.189041092992
      vertex 0.101056925952 -0.0437757000327 0.190665498376
    endloop
  endfacet
  facet normal -0.0262713357806 0.302384912968 0.95282381773
    outer loop
      vertex 0.102182783186 -0.0443222597241 0.189041092992
      vertex 0.102312117815 -0.0436984151602 0.191018074751
      vertex 0.101056925952 -0.0437757000327 0.190665498376
    endloop
  endfacet
  facet normal 0.0946848839521 0.293935865164 0.951123774052
    outer loop
      vertex 0.105665422976 -0.043432995677 0.190796732903
      vertex 0.102312117815 -0.0436984151602 0.191018074751
      vertex 0.102182783186 -0.0443222597241 0.189041092992
    endloop
  endfacet
  facet normal 0.101894669235 0.548524618149 0.829902529716
    outer loop
      vertex 0.102251395583 -0.0417660996318 0.193952903152
      vertex 0.102312117815 -0.0436984151602 0.191018074751
      vertex 0.105665422976 -0.043432995677 0.190796732903
    endloop
  endfacet
  facet normal 0.111548662186 0.548093914986 0.828945100307
    outer loop
      vertex 0.10046517849 -0.0432895496488 0.19201233983
      vertex 0.102312117815 -0.0436984151602 0.191018074751
      vertex 0.102251395583 -0.0417660996318 0.193952903152
    endloop
  endfacet
  facet normal 0.215347737074 0.472641944885 0.854537844658
    outer loop
      vertex 0.102251395583 -0.0417660996318 0.193952903152
      vertex 0.0994526818395 -0.0424149855971 0.194054886699
      vertex 0.10046517849 -0.0432895496488 0.19201233983
    endloop
  endfacet
  facet normal 0.187046021223 0.691099762917 0.698136746883
    outer loop
      vertex 0.0994526818395 -0.0424149855971 0.194054886699
      vertex 0.102251395583 -0.0417660996318 0.193952903152
      vertex 0.100418627262 -0.0401678830385 0.196063429117
    endloop
  endfacet
  facet normal 0.315487921238 0.731605529785 0.604334950447
    outer loop
      vertex 0.104587703943 -0.0390608720481 0.195180043578
      vertex 0.100418627262 -0.0401678830385 0.196063429117
      vertex 0.102251395583 -0.0417660996318 0.193952903152
    endloop
  endfacet
  facet normal 0.299871116877 0.833352923393 0.464327692986
    outer loop
      vertex 0.104587703943 -0.0390608720481 0.195180043578
      vertex 0.102118082345 -0.0372265316546 0.197090759873
      vertex 0.100418627262 -0.0401678830385 0.196063429117
    endloop
  endfacet
  facet normal 0.362635284662 0.845334649086 0.392307221889
    outer loop
      vertex 0.104587703943 -0.0390608720481 0.195180043578
      vertex 0.105992004275 -0.0356474928558 0.196161717176
      vertex 0.102118082345 -0.0372265316546 0.197090759873
    endloop
  endfacet
  facet normal 0.120056882501 0.939882040024 0.319699913263
    outer loop
      vertex 0.105992004275 -0.0356474928558 0.196161717176
      vertex 0.104587703943 -0.0390608720481 0.195180043578
      vertex 0.108342863619 -0.0383603014052 0.194938674569
    endloop
  endfacet
  facet normal 0.159898102283 0.79694801569 0.58250015974
    outer loop
      vertex 0.106193073094 -0.0413093492389 0.193214505911
      vertex 0.108342863619 -0.0383603014052 0.194938674569
      vertex 0.104587703943 -0.0390608720481 0.195180043578
    endloop
  endfacet
  facet normal 0.181652769446 0.945851027966 0.269013255835
    outer loop
      vertex 0.108342863619 -0.0383603014052 0.194938674569
      vertex 0.108847633004 -0.0359188765287 0.195536106825
      vertex 0.105992004275 -0.0356474928558 0.196161717176
    endloop
  endfacet
  facet normal 0.0129712140188 0.970635950565 0.240203306079
    outer loop
      vertex 0.108847633004 -0.0359188765287 0.195536106825
      vertex 0.108342863619 -0.0383603014052 0.194938674569
      vertex 0.109802208841 -0.0374906770885 0.195134371519
    endloop
  endfacet
  facet normal 0.0893436521292 0.929048597813 0.35900747776
    outer loop
      vertex 0.109802208841 -0.0374906770885 0.195134371519
      vertex 0.108342863619 -0.0383603014052 0.194938674569
      vertex 0.110957831144 -0.0397989936173 0.19413125515
    endloop
  endfacet
  facet normal -0.0594934374094 0.904286921024 0.422759652138
    outer loop
      vertex 0.111435681581 -0.0376761555672 0.195155128837
      vertex 0.109802208841 -0.0374906770885 0.195134371519
      vertex 0.110957831144 -0.0397989936173 0.19413125515
    endloop
  endfacet
  facet normal -0.0396104753017 0.969886720181 0.240313887596
    outer loop
      vertex 0.111337587237 -0.0366534367204 0.195404529572
      vertex 0.109802208841 -0.0374906770885 0.195134371519
      vertex 0.111435681581 -0.0376761555672 0.195155128837
    endloop
  endfacet
  facet normal -0.0193313993514 0.97092038393 0.238620772958
    outer loop
      vertex 0.111337587237 -0.0366534367204 0.195404529572
      vertex 0.111435681581 -0.0376761555672 0.195155128837
      vertex 0.112640954554 -0.0367398075759 0.19540925324
    endloop
  endfacet
  facet normal -0.0448451675475 0.977209508419 0.20748616755
    outer loop
      vertex 0.111435681581 -0.0376761555672 0.195155128837
      vertex 0.11331204325 -0.0379412248731 0.195184960961
      vertex 0.112640954554 -0.0367398075759 0.19540925324
    endloop
  endfacet
  facet normal -0.00209132581949 0.982802331448 0.184648960829
    outer loop
      vertex 0.112640954554 -0.0367398075759 0.19540925324
      vertex 0.11331204325 -0.0379412248731 0.195184960961
      vertex 0.113964065909 -0.0359431058168 0.195561751723
    endloop
  endfacet
  facet normal -0.0673416256905 0.994633078575 0.0785500779748
    outer loop
      vertex 0.112359955907 -0.0340516902506 0.1956025213
      vertex 0.112640954554 -0.0367398075759 0.19540925324
      vertex 0.113964065909 -0.0359431058168 0.195561751723
    endloop
  endfacet
  facet normal -0.0729246139526 0.993855297565 0.0832682549953
    outer loop
      vertex 0.11615780741 -0.0335810407996 0.195920616388
      vertex 0.112359955907 -0.0340516902506 0.1956025213
      vertex 0.113964065909 -0.0359431058168 0.195561751723
    endloop
  endfacet
  facet normal -0.0517519675195 0.993349134922 0.102855175734
    outer loop
      vertex 0.11615780741 -0.0335810407996 0.195920616388
      vertex 0.113964065909 -0.0359431058168 0.195561751723
      vertex 0.116147227585 -0.0378166139126 0.19548150897
    endloop
  endfacet
  facet normal -0.125532627106 0.986832559109 0.10199534148
    outer loop
      vertex 0.11615780741 -0.0335810407996 0.195920616388
      vertex 0.116147227585 -0.0378166139126 0.19548150897
      vertex 0.119767978787 -0.036223795265 0.19610671699
    endloop
  endfacet
  facet normal -0.00842436868697 0.997326672077 0.0725848302245
    outer loop
      vertex 0.112359955907 -0.0340516902506 0.1956025213
      vertex 0.111337587237 -0.0366534367204 0.195404529572
      vertex 0.112640954554 -0.0367398075759 0.19540925324
    endloop
  endfacet
  facet normal 0.0271241702139 0.99588739872 0.0864442884922
    outer loop
      vertex 0.112359955907 -0.0340516902506 0.1956025213
      vertex 0.108847633004 -0.0359188765287 0.195536106825
      vertex 0.111337587237 -0.0366534367204 0.195404529572
    endloop
  endfacet
  facet normal 0.0140148494393 0.997986495495 0.0618592984974
    outer loop
      vertex 0.108555801213 -0.0340074673295 0.195658683777
      vertex 0.108847633004 -0.0359188765287 0.195536106825
      vertex 0.112359955907 -0.0340516902506 0.1956025213
    endloop
  endfacet
  facet normal 0.0149222007021 0.999792039394 -0.013900000602
    outer loop
      vertex 0.110419973731 -0.0308476760983 0.195586934686
      vertex 0.108555801213 -0.0340074673295 0.195658683777
      vertex 0.112359955907 -0.0340516902506 0.1956025213
    endloop
  endfacet
  facet normal 0.120307050645 0.99155318737 0.0484608188272
    outer loop
      vertex 0.108555801213 -0.0340074673295 0.195658683777
      vertex 0.110419973731 -0.0308476760983 0.195586934686
      vertex 0.107635617256 -0.0322297476232 0.195857211947
    endloop
  endfacet
  facet normal 0.0858729183674 0.99606770277 -0.0217941049486
    outer loop
      vertex 0.107635617256 -0.0322297476232 0.195857211947
      vertex 0.110419973731 -0.0308476760983 0.195586934686
      vertex 0.10775770992 -0.0304252691567 0.19580720365
    endloop
  endfacet
  facet normal 0.247877568007 0.968582034111 -0.0201378837228
    outer loop
      vertex 0.106080166996 -0.0334905460477 0.19628149271
      vertex 0.108555801213 -0.0340074673295 0.195658683777
      vertex 0.107635617256 -0.0322297476232 0.195857211947
    endloop
  endfacet
  facet normal 0.231022983789 0.970883369446 0.0633548274636
    outer loop
      vertex 0.105992004275 -0.0356474928558 0.196161717176
      vertex 0.108555801213 -0.0340074673295 0.195658683777
      vertex 0.106080166996 -0.0334905460477 0.19628149271
    endloop
  endfacet
  facet normal 0.422478735447 0.903858959675 0.0674585998058
    outer loop
      vertex 0.106080166996 -0.0334905460477 0.19628149271
      vertex 0.103991791606 -0.0338533483446 0.197230562568
      vertex 0.105992004275 -0.0356474928558 0.196161717176
    endloop
  endfacet
  facet normal 0.4077270329 0.91225284338 -0.0394133925438
    outer loop
      vertex 0.103991791606 -0.0338533483446 0.197230562568
      vertex 0.106080166996 -0.0334905460477 0.19628149271
      vertex 0.105523057282 -0.0321817398071 0.196473941207
    endloop
  endfacet
  facet normal 0.279707580805 0.959831416607 0.0220756493509
    outer loop
      vertex 0.107635617256 -0.0322297476232 0.195857211947
      vertex 0.105523057282 -0.0321817398071 0.196473941207
      vertex 0.106080166996 -0.0334905460477 0.19628149271
    endloop
  endfacet
  facet normal -0.0658912956715 0.99721121788 0.0350437872112
    outer loop
      vertex 0.112359955907 -0.0340516902506 0.1956025213
      vertex 0.113530702889 -0.030551943928 0.195802867413
      vertex 0.110419973731 -0.0308476760983 0.195586934686
    endloop
  endfacet
  facet normal -0.026505831629 0.964535474777 0.262619137764
    outer loop
      vertex 0.111337587237 -0.0366534367204 0.195404529572
      vertex 0.108847633004 -0.0359188765287 0.195536106825
      vertex 0.109802208841 -0.0374906770885 0.195134371519
    endloop
  endfacet
  facet normal 0.211147844791 0.976980805397 0.0304144248366
    outer loop
      vertex 0.108847633004 -0.0359188765287 0.195536106825
      vertex 0.108555801213 -0.0340074673295 0.195658683777
      vertex 0.105992004275 -0.0356474928558 0.196161717176
    endloop
  endfacet
  facet normal 0.307966679335 0.928038179874 0.2095271945
    outer loop
      vertex 0.103991791606 -0.0338533483446 0.197230562568
      vertex 0.102118082345 -0.0372265316546 0.197090759873
      vertex 0.105992004275 -0.0356474928558 0.196161717176
    endloop
  endfacet
  facet normal 0.372142672539 0.895576238632 0.243829831481
    outer loop
      vertex 0.099516056478 -0.0330906435847 0.199298039079
      vertex 0.102118082345 -0.0372265316546 0.197090759873
      vertex 0.103991791606 -0.0338533483446 0.197230562568
    endloop
  endfacet
  facet normal 0.365450948477 0.896968603134 0.248782873154
    outer loop
      vertex 0.102118082345 -0.0372265316546 0.197090759873
      vertex 0.099516056478 -0.0330906435847 0.199298039079
      vertex 0.0988501310349 -0.0364508479834 0.198637366295
    endloop
  endfacet
  facet normal 0.238028854132 0.942999780178 0.23258048296
    outer loop
      vertex 0.0988501310349 -0.0364508479834 0.198637366295
      vertex 0.099516056478 -0.0330906435847 0.199298039079
      vertex 0.097532697022 -0.0340681113303 0.199557587504
    endloop
  endfacet
  facet normal 0.131954297423 0.947029232979 0.292786091566
    outer loop
      vertex 0.0988501310349 -0.0364508479834 0.198637366295
      vertex 0.097532697022 -0.0340681113303 0.199557587504
      vertex 0.0963714271784 -0.0361466184258 0.199076801538
    endloop
  endfacet
  facet normal 0.159851193428 0.938393414021 0.306374579668
    outer loop
      vertex 0.0963714271784 -0.0361466184258 0.199076801538
      vertex 0.097532697022 -0.0340681113303 0.199557587504
      vertex 0.095975227654 -0.0344421640038 0.199700772762
    endloop
  endfacet
  facet normal 0.125749737024 0.980945765972 0.148095816374
    outer loop
      vertex 0.096092030406 -0.0334150902927 0.199840858579
      vertex 0.095975227654 -0.0344421640038 0.199700772762
      vertex 0.097532697022 -0.0340681113303 0.199557587504
    endloop
  endfacet
  facet normal 0.0665885955095 0.987585067749 0.142273247242
    outer loop
      vertex 0.096092030406 -0.0334150902927 0.199840858579
      vertex 0.0950003042817 -0.0342995300889 0.199787050486
      vertex 0.095975227654 -0.0344421640038 0.199700772762
    endloop
  endfacet
  facet normal 0.140374809504 0.983184754848 0.116801925004
    outer loop
      vertex 0.0966034978628 -0.0323689430952 0.199892118573
      vertex 0.096092030406 -0.0334150902927 0.199840858579
      vertex 0.097532697022 -0.0340681113303 0.199557587504
    endloop
  endfacet
  facet normal 0.116983480752 0.941075086594 0.317320853472
    outer loop
      vertex 0.0951974019408 -0.0361196286976 0.19923183322
      vertex 0.0963714271784 -0.0361466184258 0.199076801538
      vertex 0.095975227654 -0.0344421640038 0.199700772762
    endloop
  endfacet
  facet normal 0.11501378566 0.931154310703 0.346010833979
    outer loop
      vertex 0.0963714271784 -0.0361466184258 0.199076801538
      vertex 0.0951974019408 -0.0361196286976 0.19923183322
      vertex 0.0957526490092 -0.0380263216794 0.198454737663
    endloop
  endfacet
  facet normal 0.143185243011 0.924562692642 0.353103160858
    outer loop
      vertex 0.0957526490092 -0.0380263216794 0.198454737663
      vertex 0.0972471907735 -0.0384122096002 0.198075905442
      vertex 0.0963714271784 -0.0361466184258 0.199076801538
    endloop
  endfacet
  facet normal 0.117473654449 0.897165119648 0.425787180662
    outer loop
      vertex 0.0972471907735 -0.0384122096002 0.198075905442
      vertex 0.0957526490092 -0.0380263216794 0.198454737663
      vertex 0.0961563140154 -0.0388159044087 0.198027148843
    endloop
  endfacet
  facet normal 0.117316804826 0.897151172161 0.425859838724
    outer loop
      vertex 0.0952022373676 -0.0389808155596 0.198073640466
      vertex 0.0961563140154 -0.0388159044087 0.198027148843
      vertex 0.0957526490092 -0.0380263216794 0.198454737663
    endloop
  endfacet
  facet normal 0.119809627533 0.888638973236 0.442680895329
    outer loop
      vertex 0.0958134233952 -0.0394784547389 0.197743326426
      vertex 0.0961563140154 -0.0388159044087 0.198027148843
      vertex 0.0952022373676 -0.0389808155596 0.198073640466
    endloop
  endfacet
  facet normal 0.0986982136965 0.895213067532 0.434571325779
    outer loop
      vertex 0.0965590700507 -0.0396052449942 0.197599574924
      vertex 0.0961563140154 -0.0388159044087 0.198027148843
      vertex 0.0958134233952 -0.0394784547389 0.197743326426
    endloop
  endfacet
  facet normal 0.088445931673 0.876352667809 0.473479986191
    outer loop
      vertex 0.0965590700507 -0.0396052449942 0.197599574924
      vertex 0.0958134233952 -0.0394784547389 0.197743326426
      vertex 0.096289716661 -0.0403469279408 0.197226032615
    endloop
  endfacet
  facet normal 0.0883848890662 0.876343667507 0.473508089781
    outer loop
      vertex 0.0958134233952 -0.0394784547389 0.197743326426
      vertex 0.0943914428353 -0.0401226319373 0.197538688779
      vertex 0.096289716661 -0.0403469279408 0.197226032615
    endloop
  endfacet
  facet normal 0.0318386368454 0.703011453152 0.710465490818
    outer loop
      vertex 0.0943914428353 -0.0401226319373 0.197538688779
      vertex 0.095539405942 -0.0419721379876 0.195617571473
      vertex 0.096289716661 -0.0403469279408 0.197226032615
    endloop
  endfacet
  facet normal 0.0436728075147 0.706313788891 0.706550419331
    outer loop
      vertex 0.0922718793154 -0.0407428070903 0.197049349546
      vertex 0.095539405942 -0.0419721379876 0.195617571473
      vertex 0.0943914428353 -0.0401226319373 0.197538688779
    endloop
  endfacet
  facet normal 0.100578412414 0.683550655842 0.722940146923
    outer loop
      vertex 0.095539405942 -0.0419721379876 0.195617571473
      vertex 0.0981147587299 -0.0415409952402 0.195694625378
      vertex 0.096289716661 -0.0403469279408 0.197226032615
    endloop
  endfacet
  facet normal 0.136809840798 0.427497237921 0.893604576588
    outer loop
      vertex 0.0971782132983 -0.0430367738008 0.192867696285
      vertex 0.0981147587299 -0.0415409952402 0.195694625378
      vertex 0.095539405942 -0.0419721379876 0.195617571473
    endloop
  endfacet
  facet normal -0.00299329124391 0.468456923962 0.883481264114
    outer loop
      vertex 0.0981147587299 -0.0415409952402 0.195694625378
      vertex 0.0971782132983 -0.0430367738008 0.192867696285
      vertex 0.0994526818395 -0.0424149855971 0.194054886699
    endloop
  endfacet
  facet normal -0.301815718412 0.182414501905 0.935752213001
    outer loop
      vertex 0.0971782132983 -0.0430367738008 0.192867696285
      vertex 0.095539405942 -0.0419721379876 0.195617571473
      vertex 0.0943867564201 -0.0423778891563 0.19162902236
    endloop
  endfacet
  facet normal -0.203174933791 -0.0619191974401 0.977182686329
    outer loop
      vertex 0.0943867564201 -0.0423778891563 0.19162902236
      vertex 0.0979927182198 -0.043004155159 0.189680278301
      vertex 0.0971782132983 -0.0430367738008 0.192867696285
    endloop
  endfacet
  facet normal -0.0848821625113 -0.0318821445107 0.995880782604
    outer loop
      vertex 0.0979927182198 -0.043004155159 0.189680278301
      vertex 0.10046517849 -0.0432895496488 0.19201233983
      vertex 0.0971782132983 -0.0430367738008 0.192867696285
    endloop
  endfacet
  facet normal -0.300301045179 0.204360291362 0.931695282459
    outer loop
      vertex 0.10046517849 -0.0432895496488 0.19201233983
      vertex 0.0979927182198 -0.043004155159 0.189680278301
      vertex 0.101056925952 -0.0437757000327 0.190665498376
    endloop
  endfacet
  facet normal 0.0946074575186 0.679806232452 0.727263987064
    outer loop
      vertex 0.0979158952832 -0.0402295552194 0.197125285864
      vertex 0.096289716661 -0.0403469279408 0.197226032615
      vertex 0.0981147587299 -0.0415409952402 0.195694625378
    endloop
  endfacet
  facet normal 0.29978492856 0.666953921318 0.682130098343
    outer loop
      vertex 0.100418627262 -0.0401678830385 0.196063429117
      vertex 0.0979158952832 -0.0402295552194 0.197125285864
      vertex 0.0981147587299 -0.0415409952402 0.195694625378
    endloop
  endfacet
  facet normal 0.348299473524 0.791773796082 0.501778542995
    outer loop
      vertex 0.100418627262 -0.0401678830385 0.196063429117
      vertex 0.0994457527995 -0.0382770374417 0.197689697146
      vertex 0.0979158952832 -0.0402295552194 0.197125285864
    endloop
  endfacet
  facet normal 0.182334885001 0.8972042799 0.402216911316
    outer loop
      vertex 0.0994457527995 -0.0382770374417 0.197689697146
      vertex 0.0972471907735 -0.0384122096002 0.198075905442
      vertex 0.0979158952832 -0.0402295552194 0.197125285864
    endloop
  endfacet
  facet normal 0.182280689478 0.895782351494 0.405398190022
    outer loop
      vertex 0.0994457527995 -0.0382770374417 0.197689697146
      vertex 0.0988501310349 -0.0364508479834 0.198637366295
      vertex 0.0972471907735 -0.0384122096002 0.198075905442
    endloop
  endfacet
  facet normal 0.117568708956 0.897063672543 0.425974577665
    outer loop
      vertex 0.0979158952832 -0.0402295552194 0.197125285864
      vertex 0.0972471907735 -0.0384122096002 0.198075905442
      vertex 0.0965590700507 -0.0396052449942 0.197599574924
    endloop
  endfacet
  facet normal 0.0884666964412 0.876347839832 0.473485082388
    outer loop
      vertex 0.0965590700507 -0.0396052449942 0.197599574924
      vertex 0.096289716661 -0.0403469279408 0.197226032615
      vertex 0.0979158952832 -0.0402295552194 0.197125285864
    endloop
  endfacet
  facet normal 0.0882818847895 0.876457333565 0.473316818476
    outer loop
      vertex 0.0952022373676 -0.0389808155596 0.198073640466
      vertex 0.0943914428353 -0.0401226319373 0.197538688779
      vertex 0.0958134233952 -0.0394784547389 0.197743326426
    endloop
  endfacet
  facet normal 0.080696195364 0.879351258278 0.469286113977
    outer loop
      vertex 0.0931425392628 -0.0389511883259 0.198278456926
      vertex 0.0943914428353 -0.0401226319373 0.197538688779
      vertex 0.0952022373676 -0.0389808155596 0.198073640466
    endloop
  endfacet
  facet normal 0.117527917027 0.897079348564 0.425952881575
    outer loop
      vertex 0.0952022373676 -0.0389808155596 0.198073640466
      vertex 0.0957526490092 -0.0380263216794 0.198454737663
      vertex 0.093304939568 -0.0378055907786 0.19888022542
    endloop
  endfacet
  facet normal 0.117542929947 0.89707249403 0.425963193178
    outer loop
      vertex 0.0961563140154 -0.0388159044087 0.198027148843
      vertex 0.0965590700507 -0.0396052449942 0.197599574924
      vertex 0.0972471907735 -0.0384122096002 0.198075905442
    endloop
  endfacet
  facet normal 0.119422018528 0.924410104752 0.362221419811
    outer loop
      vertex 0.0963714271784 -0.0361466184258 0.199076801538
      vertex 0.0972471907735 -0.0384122096002 0.198075905442
      vertex 0.0988501310349 -0.0364508479834 0.198637366295
    endloop
  endfacet
  facet normal 0.332794487476 0.877006947994 0.346564054489
    outer loop
      vertex 0.0994457527995 -0.0382770374417 0.197689697146
      vertex 0.102118082345 -0.0372265316546 0.197090759873
      vertex 0.0988501310349 -0.0364508479834 0.198637366295
    endloop
  endfacet
  facet normal 0.369421422482 0.7899710536 0.489360362291
    outer loop
      vertex 0.0994457527995 -0.0382770374417 0.197689697146
      vertex 0.100418627262 -0.0401678830385 0.196063429117
      vertex 0.102118082345 -0.0372265316546 0.197090759873
    endloop
  endfacet
  facet normal 0.214900508523 0.806164503098 0.551286280155
    outer loop
      vertex 0.104587703943 -0.0390608720481 0.195180043578
      vertex 0.102251395583 -0.0417660996318 0.193952903152
      vertex 0.106193073094 -0.0413093492389 0.193214505911
    endloop
  endfacet
  facet normal 0.318054527044 0.634828388691 0.704154968262
    outer loop
      vertex 0.100418627262 -0.0401678830385 0.196063429117
      vertex 0.0981147587299 -0.0415409952402 0.195694625378
      vertex 0.0994526818395 -0.0424149855971 0.194054886699
    endloop
  endfacet
  facet normal 0.0361463092268 0.408443570137 0.912067592144
    outer loop
      vertex 0.0994526818395 -0.0424149855971 0.194054886699
      vertex 0.0971782132983 -0.0430367738008 0.192867696285
      vertex 0.10046517849 -0.0432895496488 0.19201233983
    endloop
  endfacet
  facet normal -0.0334837436676 0.326276451349 0.944681167603
    outer loop
      vertex 0.102312117815 -0.0436984151602 0.191018074751
      vertex 0.10046517849 -0.0432895496488 0.19201233983
      vertex 0.101056925952 -0.0437757000327 0.190665498376
    endloop
  endfacet
  facet normal -0.247524186969 0.0111437719315 0.968817651272
    outer loop
      vertex 0.101056925952 -0.0437757000327 0.190665498376
      vertex 0.0979927182198 -0.043004155159 0.189680278301
      vertex 0.0999175682664 -0.04351901263 0.187674149871
    endloop
  endfacet
  facet normal -0.373627334833 -0.57143509388 0.730660319328
    outer loop
      vertex 0.0972153171897 -0.0416071489453 0.186137929559
      vertex 0.0953506082296 -0.0401403196156 0.185481607914
      vertex 0.0973789021373 -0.0397200919688 0.183618098497
    endloop
  endfacet
  facet normal -0.375171661377 -0.709966003895 0.595981955528
    outer loop
      vertex 0.0895636230707 -0.0386221520603 0.187549203634
      vertex 0.0906028151512 -0.0371197238564 0.185738831758
      vertex 0.0919382125139 -0.0380792655051 0.185838654637
    endloop
  endfacet
  facet normal -0.105451337993 -0.670212268829 0.734639704227
    outer loop
      vertex 0.0892850160599 -0.0371491201222 0.185978397727
      vertex 0.0906028151512 -0.0371197238564 0.185738831758
      vertex 0.0895636230707 -0.0386221520603 0.187549203634
    endloop
  endfacet
  facet normal -0.364887624979 -0.725681066513 0.583304405212
    outer loop
      vertex 0.0915831923485 -0.0363906659186 0.184659868479
      vertex 0.0919382125139 -0.0380792655051 0.185838654637
      vertex 0.0906028151512 -0.0371197238564 0.185738831758
    endloop
  endfacet
  facet normal -0.319755285978 -0.712535500526 0.624539613724
    outer loop
      vertex 0.0915831923485 -0.0363906659186 0.184659868479
      vertex 0.0906028151512 -0.0371197238564 0.185738831758
      vertex 0.090269960463 -0.0361288152635 0.185019671917
    endloop
  endfacet
  facet normal -0.0792195126414 -0.793935954571 0.602818310261
    outer loop
      vertex 0.089525051415 -0.0363129153848 0.185233786702
      vertex 0.090269960463 -0.0361288152635 0.185019671917
      vertex 0.0906028151512 -0.0371197238564 0.185738831758
    endloop
  endfacet
  facet normal -0.0183001998812 -0.687703490257 0.725760936737
    outer loop
      vertex 0.0893055796623 -0.0358000062406 0.184698328376
      vertex 0.090269960463 -0.0361288152635 0.185019671917
      vertex 0.089525051415 -0.0363129153848 0.185233786702
    endloop
  endfacet
  facet normal 0.0471000932157 -0.779936730862 0.624083578587
    outer loop
      vertex 0.090269960463 -0.0361288152635 0.185019671917
      vertex 0.0893055796623 -0.0358000062406 0.184698328376
      vertex 0.089864872396 -0.0354524813592 0.184454023838
    endloop
  endfacet
  facet normal 0.0265834927559 -0.797165036201 0.603175938129
    outer loop
      vertex 0.0893055796623 -0.0358000062406 0.184698328376
      vertex 0.089305691421 -0.0350922048092 0.184162780643
      vertex 0.089864872396 -0.0354524813592 0.184454023838
    endloop
  endfacet
  facet normal -0.178329348564 -0.849264204502 0.496939629316
    outer loop
      vertex 0.0856473147869 -0.0323518812656 0.182829365134
      vertex 0.0858952701092 -0.0329876877367 0.183149337769
      vertex 0.0853501334786 -0.0328568816185 0.183187261224
    endloop
  endfacet
  facet normal -0.0584562420845 -0.7902764678 0.609955728054
    outer loop
      vertex 0.0887412652373 -0.0354347750545 0.184443458915
      vertex 0.0881308913231 -0.0355699174106 0.184592917562
      vertex 0.0881697684526 -0.035206194967 0.184309303761
    endloop
  endfacet
  facet normal 0.0773683041334 -0.830637454987 0.551412284374
    outer loop
      vertex 0.0900855958462 -0.0346962101758 0.183972537518
      vertex 0.089864872396 -0.0354524813592 0.184454023838
      vertex 0.089305691421 -0.0350922048092 0.184162780643
    endloop
  endfacet
  facet normal 0.0341970548034 -0.776621282101 0.629038929939
    outer loop
      vertex 0.090269960463 -0.0361288152635 0.185019671917
      vertex 0.089864872396 -0.0354524813592 0.184454023838
      vertex 0.0904753133655 -0.0355412550271 0.184552803636
    endloop
  endfacet
  facet normal -0.313617765903 -0.289714515209 0.904272854328
    outer loop
      vertex 0.0979927182198 -0.043004155159 0.189680278301
      vertex 0.0943867564201 -0.0423778891563 0.19162902236
      vertex 0.0944040492177 -0.041270531714 0.188153967261
    endloop
  endfacet
  facet normal -0.031364262104 0.110123753548 0.993422865868
    outer loop
      vertex 0.0924758389592 -0.0420508086681 0.194035351276
      vertex 0.0943867564201 -0.0423778891563 0.19162902236
      vertex 0.095539405942 -0.0419721379876 0.195617571473
    endloop
  endfacet
  facet normal -0.174031034112 0.382094413042 0.907588601112
    outer loop
      vertex 0.095539405942 -0.0419721379876 0.195617571473
      vertex 0.0922718793154 -0.0407428070903 0.197049349546
      vertex 0.0924758389592 -0.0420508086681 0.194035351276
    endloop
  endfacet
  facet normal -0.20915068686 -0.198050171137 0.957617938519
    outer loop
      vertex 0.0881027728319 -0.0410584099591 0.193042621017
      vertex 0.0915365740657 -0.0413189977407 0.190676361322
      vertex 0.090485163033 -0.0418491363525 0.1943500489
    endloop
  endfacet
  facet normal -0.0123771354556 -0.381851732731 0.924140691757
    outer loop
      vertex 0.0861338376999 -0.0404686667025 0.191679164767
      vertex 0.087644085288 -0.0395077466965 0.189304634929
      vertex 0.0881027728319 -0.0410584099591 0.193042621017
    endloop
  endfacet
  facet normal -0.204490214586 0.322573125362 0.924191713333
    outer loop
      vertex 0.0884765014052 -0.0411716476083 0.196662947536
      vertex 0.0842399969697 -0.0406547188759 0.195458322763
      vertex 0.0850734263659 -0.0414627864957 0.193671494722
    endloop
  endfacet
  facet normal -0.251710176468 0.54081761837 0.802594721317
    outer loop
      vertex 0.0875678136945 -0.0394113846123 0.198852330446
      vertex 0.0842399969697 -0.0406547188759 0.195458322763
      vertex 0.0884765014052 -0.0411716476083 0.196662947536
    endloop
  endfacet
  facet normal -0.0566879883409 0.391961097717 0.918233633041
    outer loop
      vertex 0.0875678136945 -0.0394113846123 0.198852330446
      vertex 0.0836911424994 -0.0393258295953 0.198492079973
      vertex 0.0842399969697 -0.0406547188759 0.195458322763
    endloop
  endfacet
  facet normal -0.0919958278537 0.878780543804 0.46827507019
    outer loop
      vertex 0.0875678136945 -0.0394113846123 0.198852330446
      vertex 0.0864641740918 -0.0361656807363 0.200466319919
      vertex 0.0836911424994 -0.0393258295953 0.198492079973
    endloop
  endfacet
  facet normal -0.100496001542 0.876823663712 0.470192283392
    outer loop
      vertex 0.0875678136945 -0.0394113846123 0.198852330446
      vertex 0.0888791680336 -0.0374093689024 0.200076192617
      vertex 0.0864641740918 -0.0361656807363 0.200466319919
    endloop
  endfacet
  facet normal -0.28107342124 0.905171096325 0.318846464157
    outer loop
      vertex 0.0819490626454 -0.0359875522554 0.199127048254
      vertex 0.0836911424994 -0.0393258295953 0.198492079973
      vertex 0.0864641740918 -0.0361656807363 0.200466319919
    endloop
  endfacet
  facet normal -0.31844574213 0.886826455593 0.334859937429
    outer loop
      vertex 0.0819490626454 -0.0359875522554 0.199127048254
      vertex 0.0802257955074 -0.0382422320545 0.197656884789
      vertex 0.0836911424994 -0.0393258295953 0.198492079973
    endloop
  endfacet
  facet normal -0.478425174952 0.856673300266 0.19292524457
    outer loop
      vertex 0.0819490626454 -0.0359875522554 0.199127048254
      vertex 0.0797291919589 -0.0355955846608 0.197975575924
      vertex 0.0802257955074 -0.0382422320545 0.197656884789
    endloop
  endfacet
  facet normal -0.455745458603 0.889532983303 -0.0320489965379
    outer loop
      vertex 0.0814791023731 -0.0328385531902 0.198772802949
      vertex 0.0797291919589 -0.0355955846608 0.197975575924
      vertex 0.0819490626454 -0.0359875522554 0.199127048254
    endloop
  endfacet
  facet normal -0.345248937607 0.937078773975 0.0518322736025
    outer loop
      vertex 0.0814791023731 -0.0328385531902 0.198772802949
      vertex 0.0783706977963 -0.034076154232 0.197559118271
      vertex 0.0797291919589 -0.0355955846608 0.197975575924
    endloop
  endfacet
  facet normal -0.401512444019 0.908252537251 -0.117750175297
    outer loop
      vertex 0.0783706977963 -0.034076154232 0.197559118271
      vertex 0.0814791023731 -0.0328385531902 0.198772802949
      vertex 0.0786712616682 -0.0323273651302 0.197465270758
    endloop
  endfacet
  facet normal -0.377684801817 0.898505866528 -0.223699375987
    outer loop
      vertex 0.0814791023731 -0.0328385531902 0.198772802949
      vertex 0.0790332481265 -0.0296146683395 0.196942046285
      vertex 0.0786712616682 -0.0323273651302 0.197465270758
    endloop
  endfacet
  facet normal -0.545152723789 0.836099326611 -0.0612084195018
    outer loop
      vertex 0.0814791023731 -0.0328385531902 0.198772802949
      vertex 0.0834822952747 -0.0293895713985 0.199826434255
      vertex 0.0790332481265 -0.0296146683395 0.196942046285
    endloop
  endfacet
  facet normal -0.541265249252 0.839106082916 0.0541560836136
    outer loop
      vertex 0.0815082266927 -0.027070235461 0.19870275259
      vertex 0.0790332481265 -0.0296146683395 0.196942046285
      vertex 0.0834822952747 -0.0293895713985 0.199826434255
    endloop
  endfacet
  facet normal -0.777329802513 0.432541638613 -0.456799805164
    outer loop
      vertex 0.0815082266927 -0.027070235461 0.19870275259
      vertex 0.08113386482 -0.0253729000688 0.196237444878
      vertex 0.0790332481265 -0.0296146683395 0.196942046285
    endloop
  endfacet
  facet normal -0.636241436005 0.500710010529 -0.586929559708
    outer loop
      vertex 0.0815082266927 -0.027070235461 0.19870275259
      vertex 0.0838862806559 -0.0253938063979 0.19975939393
      vertex 0.08113386482 -0.0253729000688 0.196237444878
    endloop
  endfacet
  facet normal -0.763855755329 0.458300739527 -0.454405993223
    outer loop
      vertex 0.08113386482 -0.0253729000688 0.196237444878
      vertex 0.079801119864 -0.0256570316851 0.194297865033
      vertex 0.0790332481265 -0.0296146683395 0.196942046285
    endloop
  endfacet
  facet normal -0.734050512314 0.427036374807 -0.528024435043
    outer loop
      vertex 0.079801119864 -0.0256570316851 0.194297865033
      vertex 0.08113386482 -0.0253729000688 0.196237444878
      vertex 0.0820846259594 -0.0234501250088 0.195494264364
    endloop
  endfacet
  facet normal -0.626246809959 0.745723843575 -0.227400258183
    outer loop
      vertex 0.0766739621758 -0.03131602332 0.195479571819
      vertex 0.0786712616682 -0.0323273651302 0.197465270758
      vertex 0.0790332481265 -0.0296146683395 0.196942046285
    endloop
  endfacet
  facet normal -0.557976365089 0.746186614037 -0.363136291504
    outer loop
      vertex 0.0786712616682 -0.0323273651302 0.197465270758
      vertex 0.0766739621758 -0.03131602332 0.195479571819
      vertex 0.0772678405046 -0.0332586690784 0.196869045496
    endloop
  endfacet
  facet normal -0.567790746689 0.741749107838 -0.356962025166
    outer loop
      vertex 0.0772678405046 -0.0332586690784 0.196869045496
      vertex 0.0766739621758 -0.03131602332 0.195479571819
      vertex 0.0761758089066 -0.0334634371102 0.196131676435
    endloop
  endfacet
  facet normal -0.758386611938 0.553609669209 -0.344043701887
    outer loop
      vertex 0.0761758089066 -0.0334634371102 0.196131676435
      vertex 0.0766739621758 -0.03131602332 0.195479571819
      vertex 0.0748410075903 -0.0328820832074 0.193941861391
    endloop
  endfacet
  facet normal -0.766740202904 0.481193631887 -0.424926072359
    outer loop
      vertex 0.0748410075903 -0.0328820832074 0.193941861391
      vertex 0.0766739621758 -0.03131602332 0.195479571819
      vertex 0.0755036100745 -0.0304528288543 0.192852452397
    endloop
  endfacet
  facet normal -0.95816218853 0.0468657538295 -0.282363027334
    outer loop
      vertex 0.0748410075903 -0.0328820832074 0.193941861391
      vertex 0.0755036100745 -0.0304528288543 0.192852452397
      vertex 0.0748619735241 -0.0324043184519 0.191491991282
    endloop
  endfacet
  facet normal -0.994112670422 -0.0288734901696 0.10443328321
    outer loop
      vertex 0.0748619735241 -0.0324043184519 0.191491991282
      vertex 0.0750590115786 -0.0345645956695 0.192521542311
      vertex 0.0748410075903 -0.0328820832074 0.193941861391
    endloop
  endfacet
  facet normal -0.749085187912 -0.568896114826 0.339453369379
    outer loop
      vertex 0.0750590115786 -0.0345645956695 0.192521542311
      vertex 0.0748619735241 -0.0324043184519 0.191491991282
      vertex 0.0769281759858 -0.0346020311117 0.19008269906
    endloop
  endfacet
  facet normal -0.782090902328 -0.394937068224 0.482035815716
    outer loop
      vertex 0.0769281759858 -0.0346020311117 0.19008269906
      vertex 0.0748619735241 -0.0324043184519 0.191491991282
      vertex 0.0759802609682 -0.0322754569352 0.189120173454
    endloop
  endfacet
  facet normal -0.896498441696 -0.428754448891 0.111625134945
    outer loop
      vertex 0.0759802609682 -0.0322754569352 0.189120173454
      vertex 0.0748619735241 -0.0324043184519 0.191491991282
      vertex 0.0755950883031 -0.0301223024726 0.189364984632
    endloop
  endfacet
  facet normal -0.634446263313 -0.58798623085 0.501747012138
    outer loop
      vertex 0.0769281759858 -0.0346020311117 0.19008269906
      vertex 0.0759802609682 -0.0322754569352 0.189120173454
      vertex 0.0786705687642 -0.0334284082055 0.187201142311
    endloop
  endfacet
  facet normal -0.630598723888 -0.735896646976 0.24657933414
    outer loop
      vertex 0.0786705687642 -0.0334284082055 0.187201142311
      vertex 0.0759802609682 -0.0322754569352 0.189120173454
      vertex 0.0770260542631 -0.0297745428979 0.187386021018
    endloop
  endfacet
  facet normal -0.546054124832 -0.812366724014 0.204658597708
    outer loop
      vertex 0.0770260542631 -0.0297745428979 0.187386021018
      vertex 0.0797855705023 -0.0322344526649 0.186150863767
      vertex 0.0786705687642 -0.0334284082055 0.187201142311
    endloop
  endfacet
  facet normal -0.461384236813 -0.833956897259 0.302721709013
    outer loop
      vertex 0.0807218253613 -0.0344040431082 0.186420440674
      vertex 0.0786705687642 -0.0334284082055 0.187201142311
      vertex 0.0797855705023 -0.0322344526649 0.186150863767
    endloop
  endfacet
  facet normal -0.512249171734 -0.661682128906 0.547519445419
    outer loop
      vertex 0.079420030117 -0.0348640047014 0.187808841467
      vertex 0.0786705687642 -0.0334284082055 0.187201142311
      vertex 0.0807218253613 -0.0344040431082 0.186420440674
    endloop
  endfacet
  facet normal -0.496469765902 -0.654432237148 0.570294857025
    outer loop
      vertex 0.0807218253613 -0.0344040431082 0.186420440674
      vertex 0.0812394768 -0.035402983427 0.186898246408
      vertex 0.079420030117 -0.0348640047014 0.187808841467
    endloop
  endfacet
  facet normal -0.408940941095 -0.722479879856 0.55748552084
    outer loop
      vertex 0.0812394768 -0.035402983427 0.186898246408
      vertex 0.0807218253613 -0.0344040431082 0.186420440674
      vertex 0.0819933265448 -0.0345231294632 0.18579262495
    endloop
  endfacet
  facet normal -0.436965316534 -0.811318516731 0.388360083103
    outer loop
      vertex 0.0817436352372 -0.0332887582481 0.185336247087
      vertex 0.0819933265448 -0.0345231294632 0.18579262495
      vertex 0.0807218253613 -0.0344040431082 0.186420440674
    endloop
  endfacet
  facet normal -0.485717833042 -0.783344209194 0.387878865004
    outer loop
      vertex 0.0817436352372 -0.0332887582481 0.185336247087
      vertex 0.0825205296278 -0.0339720956981 0.185192883015
      vertex 0.0819933265448 -0.0345231294632 0.18579262495
    endloop
  endfacet
  facet normal -0.48965793848 -0.778089821339 0.39346075058
    outer loop
      vertex 0.0817436352372 -0.0332887582481 0.185336247087
      vertex 0.082927390933 -0.0333462953568 0.184620395303
      vertex 0.0825205296278 -0.0339720956981 0.185192883015
    endloop
  endfacet
  facet normal -0.49495896697 -0.789271175861 0.363409787416
    outer loop
      vertex 0.0825143009424 -0.0323434472084 0.184417694807
      vertex 0.082927390933 -0.0333462953568 0.184620395303
      vertex 0.0817436352372 -0.0332887582481 0.185336247087
    endloop
  endfacet
  facet normal -0.494954645634 -0.789274394512 0.363408654928
    outer loop
      vertex 0.0825143009424 -0.0323434472084 0.184417694807
      vertex 0.083703532815 -0.0330471210182 0.183995917439
      vertex 0.082927390933 -0.0333462953568 0.184620395303
    endloop
  endfacet
  facet normal -0.496113359928 -0.787010133266 0.366724073887
    outer loop
      vertex 0.083703532815 -0.0330471210182 0.183995917439
      vertex 0.0825143009424 -0.0323434472084 0.184417694807
      vertex 0.0833481773734 -0.0321548655629 0.183804169297
    endloop
  endfacet
  facet normal -0.534252822399 -0.805213987827 0.257301956415
    outer loop
      vertex 0.0827308818698 -0.0316562019289 0.184054389596
      vertex 0.0833481773734 -0.0321548655629 0.183804169297
      vertex 0.0825143009424 -0.0323434472084 0.184417694807
    endloop
  endfacet
  facet normal -0.560896277428 -0.768094837666 0.308910548687
    outer loop
      vertex 0.0827308818698 -0.0316562019289 0.184054389596
      vertex 0.0835962891579 -0.0316579267383 0.183423131704
      vertex 0.0833481773734 -0.0321548655629 0.183804169297
    endloop
  endfacet
  facet normal -0.520934998989 -0.782875359058 0.340195327997
    outer loop
      vertex 0.0835962891579 -0.0316579267383 0.183423131704
      vertex 0.0839952602983 -0.0323094502091 0.183440759778
      vertex 0.0833481773734 -0.0321548655629 0.183804169297
    endloop
  endfacet
  facet normal -0.520147979259 -0.762609958649 0.384541481733
    outer loop
      vertex 0.0833481773734 -0.0321548655629 0.183804169297
      vertex 0.0839952602983 -0.0323094502091 0.183440759778
      vertex 0.083967410028 -0.0326560661197 0.183634534478
    endloop
  endfacet
  facet normal -0.487169295549 -0.778364181519 0.39599904418
    outer loop
      vertex 0.083967410028 -0.0326560661197 0.183634534478
      vertex 0.0839952602983 -0.0323094502091 0.183440759778
      vertex 0.0844109803438 -0.0326606556773 0.183359250426
    endloop
  endfacet
  facet normal -0.496278524399 -0.765356957912 0.409800350666
    outer loop
      vertex 0.0844465121627 -0.032135233283 0.183054879308
      vertex 0.0844109803438 -0.0326606556773 0.183359250426
      vertex 0.0839952602983 -0.0323094502091 0.183440759778
    endloop
  endfacet
  facet normal -0.0351144187152 -0.831926286221 0.553773999214
    outer loop
      vertex 0.089305691421 -0.0350922048092 0.184162780643
      vertex 0.0887157320976 -0.0350124016404 0.184134557843
      vertex 0.0889413058758 -0.0346328131855 0.183872357011
    endloop
  endfacet
  facet normal -0.11397087574 -0.763659715652 0.635479748249
    outer loop
      vertex 0.0860433503985 -0.0359230786562 0.185111686587
      vertex 0.0865802243352 -0.0361089482903 0.185186222196
      vertex 0.0861348062754 -0.0364443734288 0.185531824827
    endloop
  endfacet
  facet normal -0.0270279217511 -0.824972689152 0.564525961876
    outer loop
      vertex 0.0885968878865 -0.0343884192407 0.183716401458
      vertex 0.0889413058758 -0.0346328131855 0.183872357011
      vertex 0.0883430838585 -0.0347932577133 0.184001743793
    endloop
  endfacet
  facet normal -0.0350970923901 -0.726570725441 0.686194717884
    outer loop
      vertex 0.0883416086435 -0.037042658776 0.185901880264
      vertex 0.0876313596964 -0.0369741134346 0.185871452093
      vertex 0.0878417566419 -0.036669395864 0.185573518276
    endloop
  endfacet
  facet normal -0.286762058735 -0.824395298958 0.487995862961
    outer loop
      vertex 0.0841573178768 -0.0334031432867 0.183917477727
      vertex 0.0846185237169 -0.0338422767818 0.184017002583
      vertex 0.0841470360756 -0.0337615869939 0.184133246541
    endloop
  endfacet
  facet normal -0.236196756363 -0.806494951248 0.542011976242
    outer loop
      vertex 0.0842119455338 -0.0351365804672 0.184969753027
      vertex 0.0846469551325 -0.0354383550584 0.185045152903
      vertex 0.0842308551073 -0.0356142446399 0.185285225511
    endloop
  endfacet
  facet normal -0.048048119992 -0.566767752171 0.82247531414
    outer loop
      vertex 0.086930193007 -0.0375652126968 0.186604529619
      vertex 0.0867066532373 -0.0372598357499 0.186180338264
      vertex 0.0872318297625 -0.0373100191355 0.186208635569
    endloop
  endfacet
  facet normal -0.10449591279 -0.544188261032 0.832430005074
    outer loop
      vertex 0.0867066532373 -0.0372598357499 0.186180338264
      vertex 0.086930193007 -0.0375652126968 0.186604529619
      vertex 0.0865326225758 -0.0375026166439 0.186585128307
    endloop
  endfacet
  facet normal -0.107834391296 -0.521295428276 0.846535801888
    outer loop
      vertex 0.0866729468107 -0.0377655029297 0.186983004212
      vertex 0.0865326225758 -0.0375026166439 0.186585128307
      vertex 0.086930193007 -0.0375652126968 0.186604529619
    endloop
  endfacet
  facet normal -0.119355857372 -0.51767718792 0.847209811211
    outer loop
      vertex 0.0861630290747 -0.0377441421151 0.18706561625
      vertex 0.0865326225758 -0.0375026166439 0.186585128307
      vertex 0.0866729468107 -0.0377655029297 0.186983004212
    endloop
  endfacet
  facet normal -0.109221689403 -0.512227654457 0.851876437664
    outer loop
      vertex 0.0861630290747 -0.0377441421151 0.18706561625
      vertex 0.0861355066299 -0.0374399162829 0.18656553328
      vertex 0.0865326225758 -0.0375026166439 0.186585128307
    endloop
  endfacet
  facet normal -0.118715524673 -0.511279046535 0.851175904274
    outer loop
      vertex 0.0861355066299 -0.0374399162829 0.18656553328
      vertex 0.0861630290747 -0.0377441421151 0.18706561625
      vertex 0.0856531262398 -0.0377225577831 0.187148079276
    endloop
  endfacet
  facet normal -0.121677398682 -0.533263623714 0.837152659893
    outer loop
      vertex 0.0856531262398 -0.0377225577831 0.187148079276
      vertex 0.0861630290747 -0.0377441421151 0.18706561625
      vertex 0.0860268995166 -0.0381588563323 0.187747716904
    endloop
  endfacet
  facet normal -0.121873751283 -0.533279359341 0.837114036083
    outer loop
      vertex 0.0865368098021 -0.0381804481149 0.187665075064
      vertex 0.0860268995166 -0.0381588563323 0.187747716904
      vertex 0.0861630290747 -0.0377441421151 0.18706561625
    endloop
  endfacet
  facet normal -0.194606155157 -0.494886606932 0.846885859966
    outer loop
      vertex 0.0846875458956 -0.0378708206117 0.187781482935
      vertex 0.0856531262398 -0.0377225577831 0.187148079276
      vertex 0.0860268995166 -0.0381588563323 0.187747716904
    endloop
  endfacet
  facet normal -0.232683256269 -0.543484270573 0.806525468826
    outer loop
      vertex 0.0846875458956 -0.0378708206117 0.187781482935
      vertex 0.0841260775924 -0.0370980128646 0.186875030398
      vertex 0.0856531262398 -0.0377225577831 0.187148079276
    endloop
  endfacet
  facet normal -0.293169289827 -0.508600592613 0.809553682804
    outer loop
      vertex 0.0846875458956 -0.0378708206117 0.187781482935
      vertex 0.0833937749267 -0.0375676266849 0.188044652343
      vertex 0.0841260775924 -0.0370980128646 0.186875030398
    endloop
  endfacet
  facet normal -0.293149143457 -0.508212208748 0.809804856777
    outer loop
      vertex 0.0846875458956 -0.0378708206117 0.187781482935
      vertex 0.0832950770855 -0.0381898656487 0.189093083143
      vertex 0.0833937749267 -0.0375676266849 0.188044652343
    endloop
  endfacet
  facet normal -0.2704436481 -0.510058581829 0.816517293453
    outer loop
      vertex 0.082178786397 -0.0377398952842 0.188964635134
      vertex 0.0833937749267 -0.0375676266849 0.188044652343
      vertex 0.0832950770855 -0.0381898656487 0.189093083143
    endloop
  endfacet
  facet normal -0.322415530682 -0.56764703989 0.757512450218
    outer loop
      vertex 0.082178786397 -0.0377398952842 0.188964635134
      vertex 0.082170881331 -0.0364027284086 0.18718470633
      vertex 0.0833937749267 -0.0375676266849 0.188044652343
    endloop
  endfacet
  facet normal -0.45888453722 -0.53236079216 0.711348712444
    outer loop
      vertex 0.082178786397 -0.0377398952842 0.188964635134
      vertex 0.0804693698883 -0.0363213010132 0.188542559743
      vertex 0.082170881331 -0.0364027284086 0.18718470633
    endloop
  endfacet
  facet normal -0.460812240839 -0.528939366341 0.712653636932
    outer loop
      vertex 0.0801955237985 -0.0372326187789 0.190008983016
      vertex 0.0804693698883 -0.0363213010132 0.188542559743
      vertex 0.082178786397 -0.0377398952842 0.188964635134
    endloop
  endfacet
  facet normal -0.527503073215 -0.517306745052 0.673894822598
    outer loop
      vertex 0.079137519002 -0.0361073426902 0.189621940255
      vertex 0.0804693698883 -0.0363213010132 0.188542559743
      vertex 0.0801955237985 -0.0372326187789 0.190008983016
    endloop
  endfacet
  facet normal -0.536690831184 -0.532479226589 0.654544711113
    outer loop
      vertex 0.079137519002 -0.0361073426902 0.189621940255
      vertex 0.079420030117 -0.0348640047014 0.187808841467
      vertex 0.0804693698883 -0.0363213010132 0.188542559743
    endloop
  endfacet
  facet normal -0.550454199314 -0.528795659542 0.646045863628
    outer loop
      vertex 0.0769281759858 -0.0346020311117 0.19008269906
      vertex 0.079420030117 -0.0348640047014 0.187808841467
      vertex 0.079137519002 -0.0361073426902 0.189621940255
    endloop
  endfacet
  facet normal -0.547834157944 -0.540361762047 0.638660252094
    outer loop
      vertex 0.079137519002 -0.0361073426902 0.189621940255
      vertex 0.0772609189153 -0.0363927334547 0.1918618083
      vertex 0.0769281759858 -0.0346020311117 0.19008269906
    endloop
  endfacet
  facet normal -0.498807072639 -0.50743740797 0.702637016773
    outer loop
      vertex 0.079137519002 -0.0361073426902 0.189621940255
      vertex 0.0792926996946 -0.0379143506289 0.19197152555
      vertex 0.0772609189153 -0.0363927334547 0.1918618083
    endloop
  endfacet
  facet normal -0.524315357208 -0.43583381176 0.73153424263
    outer loop
      vertex 0.0772609189153 -0.0363927334547 0.1918618083
      vertex 0.0792926996946 -0.0379143506289 0.19197152555
      vertex 0.0767034068704 -0.0374140739441 0.194246798754
    endloop
  endfacet
  facet normal -0.517269313335 -0.425377458334 0.742621362209
    outer loop
      vertex 0.0795265510678 -0.0393191613257 0.194139659405
      vertex 0.0767034068704 -0.0374140739441 0.194246798754
      vertex 0.0792926996946 -0.0379143506289 0.19197152555
    endloop
  endfacet
  facet normal -0.524503290653 0.306114524603 0.79447478056
    outer loop
      vertex 0.0795265510678 -0.0393191613257 0.194139659405
      vertex 0.078803896904 -0.0381438136101 0.195951893926
      vertex 0.0767034068704 -0.0374140739441 0.194246798754
    endloop
  endfacet
  facet normal -0.585171818733 0.263941764832 0.766752064228
    outer loop
      vertex 0.078803896904 -0.0381438136101 0.195951893926
      vertex 0.0795265510678 -0.0393191613257 0.194139659405
      vertex 0.0819677039981 -0.0405899472535 0.195860177279
    endloop
  endfacet
  facet normal -0.316779702902 -0.230166375637 0.920148909092
    outer loop
      vertex 0.0813882127404 -0.0397844053805 0.193437382579
      vertex 0.0819677039981 -0.0405899472535 0.195860177279
      vertex 0.0795265510678 -0.0393191613257 0.194139659405
    endloop
  endfacet
  facet normal -0.548722326756 0.415745049715 0.72529989481
    outer loop
      vertex 0.078803896904 -0.0381438136101 0.195951893926
      vertex 0.0819677039981 -0.0405899472535 0.195860177279
      vertex 0.0802257955074 -0.0382422320545 0.197656884789
    endloop
  endfacet
  facet normal -0.55379229784 0.361111879349 0.750274837017
    outer loop
      vertex 0.0768717378378 -0.0364300571382 0.196549415588
      vertex 0.0767034068704 -0.0374140739441 0.194246798754
      vertex 0.078803896904 -0.0381438136101 0.195951893926
    endloop
  endfacet
  facet normal -0.789409458637 0.2891241014 0.541516363621
    outer loop
      vertex 0.0768717378378 -0.0364300571382 0.196549415588
      vertex 0.0758714526892 -0.0354228504002 0.195704743266
      vertex 0.0767034068704 -0.0374140739441 0.194246798754
    endloop
  endfacet
  facet normal -0.70254445076 0.703427314758 0.10780210793
    outer loop
      vertex 0.0758714526892 -0.0354228504002 0.195704743266
      vertex 0.0768717378378 -0.0364300571382 0.196549415588
      vertex 0.0768946409225 -0.0340609885752 0.196935355663
    endloop
  endfacet
  facet normal -0.386422991753 0.910906791687 0.144658446312
    outer loop
      vertex 0.0768946409225 -0.0340609885752 0.196935355663
      vertex 0.0768717378378 -0.0364300571382 0.196549415588
      vertex 0.0783706977963 -0.034076154232 0.197559118271
    endloop
  endfacet
  facet normal -0.374911308289 0.893217206001 -0.24820266664
    outer loop
      vertex 0.0783706977963 -0.034076154232 0.197559118271
      vertex 0.0772678405046 -0.0332586690784 0.196869045496
      vertex 0.0768946409225 -0.0340609885752 0.196935355663
    endloop
  endfacet
  facet normal -0.754524707794 0.655768871307 0.0256832260638
    outer loop
      vertex 0.0758714526892 -0.0354228504002 0.195704743266
      vertex 0.0768946409225 -0.0340609885752 0.196935355663
      vertex 0.0761758089066 -0.0334634371102 0.196131676435
    endloop
  endfacet
  facet normal -0.948368370533 0.306794703007 -0.0804635807872
    outer loop
      vertex 0.0753066316247 -0.0351983234286 0.193899855018
      vertex 0.0758714526892 -0.0354228504002 0.195704743266
      vertex 0.0761758089066 -0.0334634371102 0.196131676435
    endloop
  endfacet
  facet normal -0.842516303062 0.201514199376 0.499558091164
    outer loop
      vertex 0.0753066316247 -0.0351983234286 0.193899855018
      vertex 0.0767034068704 -0.0374140739441 0.194246798754
      vertex 0.0758714526892 -0.0354228504002 0.195704743266
    endloop
  endfacet
  facet normal -0.239338636398 0.800790309906 0.549046337605
    outer loop
      vertex 0.0797291919589 -0.0355955846608 0.197975575924
      vertex 0.0768717378378 -0.0364300571382 0.196549415588
      vertex 0.078803896904 -0.0381438136101 0.195951893926
    endloop
  endfacet
  facet normal -0.377692103386 -0.474457323551 0.795134544373
    outer loop
      vertex 0.0813882127404 -0.0397844053805 0.193437382579
      vertex 0.0795265510678 -0.0393191613257 0.194139659405
      vertex 0.0792926996946 -0.0379143506289 0.19197152555
    endloop
  endfacet
  facet normal -0.744813382626 -0.402136653662 0.532483935356
    outer loop
      vertex 0.0767034068704 -0.0374140739441 0.194246798754
      vertex 0.0753066316247 -0.0351983234286 0.193899855018
      vertex 0.0772609189153 -0.0363927334547 0.1918618083
    endloop
  endfacet
  facet normal -0.661088943481 -0.212138682604 0.719693422318
    outer loop
      vertex 0.0772609189153 -0.0363927334547 0.1918618083
      vertex 0.0753066316247 -0.0351983234286 0.193899855018
      vertex 0.0750590115786 -0.0345645956695 0.192521542311
    endloop
  endfacet
  facet normal -0.546004354954 -0.487784087658 0.681135773659
    outer loop
      vertex 0.079137519002 -0.0361073426902 0.189621940255
      vertex 0.0801955237985 -0.0372326187789 0.190008983016
      vertex 0.0792926996946 -0.0379143506289 0.19197152555
    endloop
  endfacet
  facet normal -0.47612324357 -0.475902378559 0.739475190639
    outer loop
      vertex 0.0820293053985 -0.0396140888333 0.19187477231
      vertex 0.0792926996946 -0.0379143506289 0.19197152555
      vertex 0.0801955237985 -0.0372326187789 0.190008983016
    endloop
  endfacet
  facet normal -0.450660616159 -0.494964748621 0.742909729481
    outer loop
      vertex 0.0801955237985 -0.0372326187789 0.190008983016
      vertex 0.082178786397 -0.0377398952842 0.188964635134
      vertex 0.0820184201002 -0.0382881723344 0.189933568239
    endloop
  endfacet
  facet normal -0.500289797783 -0.588834583759 0.63481014967
    outer loop
      vertex 0.0804693698883 -0.0363213010132 0.188542559743
      vertex 0.0812394768 -0.035402983427 0.186898246408
      vertex 0.082170881331 -0.0364027284086 0.18718470633
    endloop
  endfacet
  facet normal -0.458833545446 -0.644121289253 0.612029016018
    outer loop
      vertex 0.0812394768 -0.035402983427 0.186898246408
      vertex 0.0822845548391 -0.0355194397271 0.186264440417
      vertex 0.082170881331 -0.0364027284086 0.18718470633
    endloop
  endfacet
  facet normal -0.493615537882 -0.633190989494 0.596165120602
    outer loop
      vertex 0.0829203352332 -0.0362070314586 0.186416193843
      vertex 0.082170881331 -0.0364027284086 0.18718470633
      vertex 0.0822845548391 -0.0355194397271 0.186264440417
    endloop
  endfacet
  facet normal -0.381763279438 -0.559614658356 0.735587000847
    outer loop
      vertex 0.082170881331 -0.0364027284086 0.18718470633
      vertex 0.0829203352332 -0.0362070314586 0.186416193843
      vertex 0.0832066312432 -0.0365762636065 0.186706230044
    endloop
  endfacet
  facet normal -0.331434994936 -0.599893689156 0.728202164173
    outer loop
      vertex 0.0832066312432 -0.0365762636065 0.186706230044
      vertex 0.0829203352332 -0.0362070314586 0.186416193843
      vertex 0.0834089517593 -0.0361295044422 0.186052128673
    endloop
  endfacet
  facet normal -0.378251045942 -0.648357272148 0.660726130009
    outer loop
      vertex 0.0830746144056 -0.0356410592794 0.185749426484
      vertex 0.0834089517593 -0.0361295044422 0.186052128673
      vertex 0.0829203352332 -0.0362070314586 0.186416193843
    endloop
  endfacet
  facet normal -0.317401409149 -0.693334758282 0.64694917202
    outer loop
      vertex 0.0834089517593 -0.0361295044422 0.186052128673
      vertex 0.0830746144056 -0.0356410592794 0.185749426484
      vertex 0.0836941376328 -0.0356809161603 0.185503005981
    endloop
  endfacet
  facet normal -0.355953335762 -0.823422670364 0.441896229982
    outer loop
      vertex 0.0830746144056 -0.0356410592794 0.185749426484
      vertex 0.0831631943583 -0.0349582917988 0.185344725847
      vertex 0.0836941376328 -0.0356809161603 0.185503005981
    endloop
  endfacet
  facet normal -0.481190919876 -0.780062675476 0.399946957827
    outer loop
      vertex 0.082783266902 -0.0351274609566 0.185665816069
      vertex 0.0831631943583 -0.0349582917988 0.185344725847
      vertex 0.0830746144056 -0.0356410592794 0.185749426484
    endloop
  endfacet
  facet normal -0.463041096926 -0.774724304676 0.430575400591
    outer loop
      vertex 0.082783266902 -0.0351274609566 0.185665816069
      vertex 0.0827204138041 -0.0346253477037 0.185424312949
      vertex 0.0831631943583 -0.0349582917988 0.185344725847
    endloop
  endfacet
  facet normal -0.455186545849 -0.778819382191 0.43156170845
    outer loop
      vertex 0.0827204138041 -0.0346253477037 0.185424312949
      vertex 0.082783266902 -0.0351274609566 0.185665816069
      vertex 0.0819933265448 -0.0345231294632 0.18579262495
    endloop
  endfacet
  facet normal -0.488173216581 -0.724913299084 0.485991358757
    outer loop
      vertex 0.082783266902 -0.0351274609566 0.185665816069
      vertex 0.0822845548391 -0.0355194397271 0.186264440417
      vertex 0.0819933265448 -0.0345231294632 0.18579262495
    endloop
  endfacet
  facet normal -0.454791307449 -0.787132740021 0.416637659073
    outer loop
      vertex 0.0832745879889 -0.0344469957054 0.185009717941
      vertex 0.0831631943583 -0.0349582917988 0.185344725847
      vertex 0.0827204138041 -0.0346253477037 0.185424312949
    endloop
  endfacet
  facet normal -0.432056605816 -0.794623196125 0.426498651505
    outer loop
      vertex 0.0832745879889 -0.0344469957054 0.185009717941
      vertex 0.0837677717209 -0.0348692834377 0.184968218207
      vertex 0.0831631943583 -0.0349582917988 0.185344725847
    endloop
  endfacet
  facet normal -0.44217646122 -0.78182721138 0.439575046301
    outer loop
      vertex 0.0837544351816 -0.0344395264983 0.184734135866
      vertex 0.0837677717209 -0.0348692834377 0.184968218207
      vertex 0.0832745879889 -0.0344469957054 0.185009717941
    endloop
  endfacet
  facet normal -0.421719372272 -0.790705621243 0.443776249886
    outer loop
      vertex 0.0837544351816 -0.0344395264983 0.184734135866
      vertex 0.0840691626072 -0.0346329323947 0.184674829245
      vertex 0.0837677717209 -0.0348692834377 0.184968218207
    endloop
  endfacet
  facet normal -0.425305008888 -0.784353196621 0.451559156179
    outer loop
      vertex 0.0840903148055 -0.03429447487 0.184468507767
      vertex 0.0840691626072 -0.0346329323947 0.184674829245
      vertex 0.0837544351816 -0.0344395264983 0.184734135866
    endloop
  endfacet
  facet normal -0.170284181833 -0.835283756256 0.522785186768
    outer loop
      vertex 0.0857628136873 -0.0340108945966 0.183807462454
      vertex 0.0856134742498 -0.0334020145237 0.18345682323
      vertex 0.0861606225371 -0.0335979275405 0.183467909694
    endloop
  endfacet
  facet normal -0.0989186316729 -0.806955099106 0.582270145416
    outer loop
      vertex 0.0867321193218 -0.0347394198179 0.184120312333
      vertex 0.0873293057084 -0.0346974022686 0.184016793966
      vertex 0.0870922356844 -0.0352320149541 0.184431612492
    endloop
  endfacet
  facet normal -0.0444620288908 -0.829475879669 0.556770026684
    outer loop
      vertex 0.0879357382655 -0.0345372855663 0.183851763606
      vertex 0.0885968878865 -0.0343884192407 0.183716401458
      vertex 0.0883430838585 -0.0347932577133 0.184001743793
    endloop
  endfacet
  facet normal -0.413788944483 -0.792446672916 0.448114961386
    outer loop
      vertex 0.0838174447417 -0.0340399704874 0.184467062354
      vertex 0.0841816291213 -0.0340307839215 0.184271708131
      vertex 0.0840903148055 -0.03429447487 0.184468507767
    endloop
  endfacet
  facet normal -0.41116937995 -0.788037061691 0.458189219236
    outer loop
      vertex 0.0841816291213 -0.0340307839215 0.184271708131
      vertex 0.0838174447417 -0.0340399704874 0.184467062354
      vertex 0.0841470360756 -0.0337615869939 0.184133246541
    endloop
  endfacet
  facet normal -0.438413977623 -0.790100932121 0.428408294916
    outer loop
      vertex 0.0841470360756 -0.0337615869939 0.184133246541
      vertex 0.0838174447417 -0.0340399704874 0.184467062354
      vertex 0.0837587788701 -0.0335848368704 0.184252843261
    endloop
  endfacet
  facet normal -0.459970593452 -0.779072880745 0.425995886326
    outer loop
      vertex 0.0832538977265 -0.0338910147548 0.184718340635
      vertex 0.0837587788701 -0.0335848368704 0.184252843261
      vertex 0.0838174447417 -0.0340399704874 0.184467062354
    endloop
  endfacet
  facet normal -0.464998632669 -0.779901027679 0.41896378994
    outer loop
      vertex 0.082927390933 -0.0333462953568 0.184620395303
      vertex 0.0837587788701 -0.0335848368704 0.184252843261
      vertex 0.0832538977265 -0.0338910147548 0.184718340635
    endloop
  endfacet
  facet normal -0.460154294968 -0.769950985909 0.442078649998
    outer loop
      vertex 0.0832538977265 -0.0338910147548 0.184718340635
      vertex 0.0838174447417 -0.0340399704874 0.184467062354
      vertex 0.0837544351816 -0.0344395264983 0.184734135866
    endloop
  endfacet
  facet normal -0.444227188826 -0.773162424564 0.452638983727
    outer loop
      vertex 0.0841573178768 -0.0334031432867 0.183917477727
      vertex 0.0841470360756 -0.0337615869939 0.184133246541
      vertex 0.0837587788701 -0.0335848368704 0.184252843261
    endloop
  endfacet
  facet normal -0.285903871059 -0.804330348969 0.520875871181
    outer loop
      vertex 0.0844109803438 -0.0326606556773 0.183359250426
      vertex 0.0848111659288 -0.0328935533762 0.183367818594
      vertex 0.0842467844486 -0.033037353307 0.183661550283
    endloop
  endfacet
  facet normal -0.136678695679 -0.792885065079 0.593845248222
    outer loop
      vertex 0.0859900265932 -0.0350501574576 0.184462919831
      vertex 0.0865177363157 -0.0350968874991 0.18440695107
      vertex 0.0864440873265 -0.0355609580874 0.184767216444
    endloop
  endfacet
  facet normal -0.0430197454989 -0.736430823803 0.675143659115
    outer loop
      vertex 0.0882644802332 -0.0365047566593 0.185401409864
      vertex 0.0876951217651 -0.0362925380468 0.185240104795
      vertex 0.0883126705885 -0.0361593812704 0.185081958771
    endloop
  endfacet
  facet normal -0.0236744303256 -0.730216622353 0.682805418968
    outer loop
      vertex 0.0887221843004 -0.0366371311247 0.185510352254
      vertex 0.0883416086435 -0.037042658776 0.185901880264
      vertex 0.0882644802332 -0.0365047566593 0.185401409864
    endloop
  endfacet
  facet normal -0.218830555677 -0.807693660259 0.547488927841
    outer loop
      vertex 0.0850384607911 -0.0352446660399 0.184807792306
      vertex 0.0846469551325 -0.0354383550584 0.185045152903
      vertex 0.0845530107617 -0.034907374531 0.18471069634
    endloop
  endfacet
  facet normal -0.0515698716044 -0.753354072571 0.655589938164
    outer loop
      vertex 0.0878609493375 -0.0359004400671 0.184887543321
      vertex 0.0883126705885 -0.0361593812704 0.185081958771
      vertex 0.0876951217651 -0.0362925380468 0.185240104795
    endloop
  endfacet
  facet normal 0.00411624880508 -0.928475499153 0.371370822191
    outer loop
      vertex 0.0874003842473 -0.0328277945518 0.182920560241
      vertex 0.0871591567993 -0.0323825404048 0.18274140358
      vertex 0.0877261087298 -0.0324401110411 0.182766929269
    endloop
  endfacet
  facet normal -0.147095099092 -0.708692133427 0.690013408661
    outer loop
      vertex 0.0861626267433 -0.0372214764357 0.186242550611
      vertex 0.0854428634048 -0.0371751897037 0.186346888542
      vertex 0.0859578251839 -0.036869969219 0.185942828655
    endloop
  endfacet
  facet normal 0.0708865895867 -0.935094714165 0.347236156464
    outer loop
      vertex 0.0856930911541 -0.0311601795256 0.182228192687
      vertex 0.0861580893397 -0.0309812426567 0.182196989655
      vertex 0.0860671326518 -0.0316633433104 0.182443395257
    endloop
  endfacet
  facet normal -0.037990424782 -0.908544003963 0.416058272123
    outer loop
      vertex 0.0860671326518 -0.0316633433104 0.182443395257
      vertex 0.0865644961596 -0.0318594835699 0.182512417436
      vertex 0.0864387825131 -0.0322411470115 0.182692453265
    endloop
  endfacet
  facet normal 0.0324037410319 -0.927146792412 0.373294621706
    outer loop
      vertex 0.0867111831903 -0.0314830727875 0.182357609272
      vertex 0.0874800682068 -0.0313555300236 0.182333126664
      vertex 0.0870104059577 -0.0319299139082 0.182547971606
    endloop
  endfacet
  facet normal -0.0475739017129 -0.835089147091 0.54805368185
    outer loop
      vertex 0.0879357382655 -0.0345372855663 0.183851763606
      vertex 0.0880302488804 -0.0340375602245 0.18351842463
      vertex 0.0885968878865 -0.0343884192407 0.183716401458
    endloop
  endfacet
  facet normal -0.0313759371638 -0.941385090351 0.335871487856
    outer loop
      vertex 0.0860671326518 -0.0316633433104 0.182443395257
      vertex 0.0861580893397 -0.0309812426567 0.182196989655
      vertex 0.0867111831903 -0.0314830727875 0.182357609272
    endloop
  endfacet
  facet normal -0.106975272298 -0.776831150055 0.620555877686
    outer loop
      vertex 0.0860433503985 -0.0359230786562 0.185111686587
      vertex 0.0864440873265 -0.0355609580874 0.184767216444
      vertex 0.0865802243352 -0.0361089482903 0.185186222196
    endloop
  endfacet
  facet normal -0.0540704093874 -0.75065612793 0.658476829529
    outer loop
      vertex 0.0884406194091 -0.0358287505805 0.184782713652
      vertex 0.0889341980219 -0.0360834561288 0.184970587492
      vertex 0.0883126705885 -0.0361593812704 0.185081958771
    endloop
  endfacet
  facet normal -0.234031900764 -0.815765976906 0.528918683529
    outer loop
      vertex 0.0849485993385 -0.0348329544067 0.184548571706
      vertex 0.0846050009131 -0.0343881100416 0.184358716011
      vertex 0.0851563438773 -0.0345531441271 0.184307545424
    endloop
  endfacet
  facet normal -0.0716112703085 -0.817546486855 0.571392655373
    outer loop
      vertex 0.0879357382655 -0.0345372855663 0.183851763606
      vertex 0.0877385362983 -0.0349903665483 0.184185698628
      vertex 0.0873293057084 -0.0346974022686 0.184016793966
    endloop
  endfacet
  facet normal 0.0477062389255 -0.922128856182 0.38393035531
    outer loop
      vertex 0.0875291228294 -0.0319837331772 0.182597219944
      vertex 0.0870104059577 -0.0319299139082 0.182547971606
      vertex 0.0874800682068 -0.0313555300236 0.182333126664
    endloop
  endfacet
  facet normal -0.130952715874 -0.739797711372 0.659962654114
    outer loop
      vertex 0.0854730531573 -0.0366284511983 0.185813173652
      vertex 0.0861348062754 -0.0364443734288 0.185531824827
      vertex 0.0859578251839 -0.036869969219 0.185942828655
    endloop
  endfacet
  facet normal -0.134036540985 -0.56288254261 0.815596401691
    outer loop
      vertex 0.0854428634048 -0.0371751897037 0.186346888542
      vertex 0.0861626267433 -0.0372214764357 0.186242550611
      vertex 0.0861355066299 -0.0374399162829 0.18656553328
    endloop
  endfacet
  facet normal -0.272608488798 -0.565975427628 0.778046548367
    outer loop
      vertex 0.0841260775924 -0.0370980128646 0.186875030398
      vertex 0.0847642719746 -0.0367244146764 0.186054050922
      vertex 0.0854428634048 -0.0371751897037 0.186346888542
    endloop
  endfacet
  facet normal -0.278697311878 -0.568788290024 0.773826658726
    outer loop
      vertex 0.083850607276 -0.0365159697831 0.186218157411
      vertex 0.0847642719746 -0.0367244146764 0.186054050922
      vertex 0.0841260775924 -0.0370980128646 0.186875030398
    endloop
  endfacet
  facet normal -0.278579264879 -0.627315819263 0.727233409882
    outer loop
      vertex 0.083850607276 -0.0365159697831 0.186218157411
      vertex 0.0844266489148 -0.0363884866238 0.185814544559
      vertex 0.0847642719746 -0.0367244146764 0.186054050922
    endloop
  endfacet
  facet normal -0.337809950113 -0.540865600109 0.770291388035
    outer loop
      vertex 0.083850607276 -0.0365159697831 0.186218157411
      vertex 0.0841260775924 -0.0370980128646 0.186875030398
      vertex 0.0832066312432 -0.0365762636065 0.186706230044
    endloop
  endfacet
  facet normal -0.000362641992979 -0.975145161152 0.221566677094
    outer loop
      vertex 0.088247962296 -0.0319080613554 0.182645857334
      vertex 0.088149510324 -0.0329753383994 0.182888388634
      vertex 0.0877261087298 -0.0324401110411 0.182766929269
    endloop
  endfacet
  facet normal -0.0615648515522 -0.779079318047 0.623895168304
    outer loop
      vertex 0.0884406194091 -0.0358287505805 0.184782713652
      vertex 0.0887412652373 -0.0354347750545 0.184443458915
      vertex 0.0888708010316 -0.0357702597976 0.184701874852
    endloop
  endfacet
  facet normal -0.29145014286 -0.640423595905 0.71057331562
    outer loop
      vertex 0.083850607276 -0.0365159697831 0.186218157411
      vertex 0.0840426236391 -0.0361481122673 0.185722619295
      vertex 0.0844266489148 -0.0363884866238 0.185814544559
    endloop
  endfacet
  facet normal -0.353832870722 -0.642018377781 0.680157899857
    outer loop
      vertex 0.083850607276 -0.0365159697831 0.186218157411
      vertex 0.0834089517593 -0.0361295044422 0.186052128673
      vertex 0.0840426236391 -0.0361481122673 0.185722619295
    endloop
  endfacet
  facet normal -0.0510501861572 -0.752831101418 0.656231045723
    outer loop
      vertex 0.0893055796623 -0.0358000062406 0.184698328376
      vertex 0.0889341980219 -0.0360834561288 0.184970587492
      vertex 0.0888708010316 -0.0357702597976 0.184701874852
    endloop
  endfacet
  facet normal -0.0884559378028 -0.783034622669 0.615656018257
    outer loop
      vertex 0.0870922356844 -0.0352320149541 0.184431612492
      vertex 0.0876607373357 -0.0354929193854 0.184572532773
      vertex 0.0871925279498 -0.0358678661287 0.184920221567
    endloop
  endfacet
  facet normal -0.0414855442941 -0.80527472496 0.59144872427
    outer loop
      vertex 0.089305691421 -0.0350922048092 0.184162780643
      vertex 0.0887412652373 -0.0354347750545 0.184443458915
      vertex 0.0887157320976 -0.0350124016404 0.184134557843
    endloop
  endfacet
  facet normal -0.468476504087 -0.773610532284 0.426680833101
    outer loop
      vertex 0.0841573178768 -0.0334031432867 0.183917477727
      vertex 0.083703532815 -0.0330471210182 0.183995917439
      vertex 0.0842467844486 -0.033037353307 0.183661550283
    endloop
  endfacet
  facet normal -0.474427372217 -0.782589554787 0.403078496456
    outer loop
      vertex 0.0842467844486 -0.033037353307 0.183661550283
      vertex 0.083703532815 -0.0330471210182 0.183995917439
      vertex 0.083967410028 -0.0326560661197 0.183634534478
    endloop
  endfacet
  facet normal -0.0900844857097 -0.827040314674 0.554877579212
    outer loop
      vertex 0.0874326378107 -0.0342023074627 0.183673366904
      vertex 0.0873293057084 -0.0346974022686 0.184016793966
      vertex 0.0869325175881 -0.034344561398 0.183823287487
    endloop
  endfacet
  facet normal -0.464420646429 -0.779582738876 0.420195400715
    outer loop
      vertex 0.083703532815 -0.0330471210182 0.183995917439
      vertex 0.0841573178768 -0.0334031432867 0.183917477727
      vertex 0.0837587788701 -0.0335848368704 0.184252843261
    endloop
  endfacet
  facet normal -0.129234164953 -0.84098893404 0.52539139986
    outer loop
      vertex 0.0861606225371 -0.0335979275405 0.183467909694
      vertex 0.0868223384023 -0.0337955579162 0.18348968029
      vertex 0.0864088758826 -0.0342007651925 0.183806359768
    endloop
  endfacet
  facet normal -0.125783368945 -0.822408735752 0.554817438126
    outer loop
      vertex 0.0867321193218 -0.0347394198179 0.184120312333
      vertex 0.0864088758826 -0.0342007651925 0.183806359768
      vertex 0.0869325175881 -0.034344561398 0.183823287487
    endloop
  endfacet
  facet normal -0.10010933131 -0.863473415375 0.494359999895
    outer loop
      vertex 0.0868223384023 -0.0337955579162 0.18348968029
      vertex 0.0870263054967 -0.0332736670971 0.183167234063
      vertex 0.0874300152063 -0.0336801111698 0.18335314095
    endloop
  endfacet
  facet normal -0.421997517347 -0.783067286015 0.456862926483
    outer loop
      vertex 0.0838174447417 -0.0340399704874 0.184467062354
      vertex 0.0840903148055 -0.03429447487 0.184468507767
      vertex 0.0837544351816 -0.0344395264983 0.184734135866
    endloop
  endfacet
  facet normal -0.179803833365 -0.844503164291 0.504465103149
    outer loop
      vertex 0.0858952701092 -0.0329876877367 0.183149337769
      vertex 0.0856134742498 -0.0334020145237 0.18345682323
      vertex 0.0853501334786 -0.0328568816185 0.183187261224
    endloop
  endfacet
  facet normal -0.444926023483 -0.786318659782 0.428653478622
    outer loop
      vertex 0.0832538977265 -0.0338910147548 0.184718340635
      vertex 0.0837544351816 -0.0344395264983 0.184734135866
      vertex 0.0832745879889 -0.0344469957054 0.185009717941
    endloop
  endfacet
  facet normal -0.457831859589 -0.780331552029 0.42599606514
    outer loop
      vertex 0.0832538977265 -0.0338910147548 0.184718340635
      vertex 0.0832745879889 -0.0344469957054 0.185009717941
      vertex 0.0825205296278 -0.0339720956981 0.185192883015
    endloop
  endfacet
  facet normal -0.424755603075 -0.787602186203 0.446391582489
    outer loop
      vertex 0.0831631943583 -0.0349582917988 0.185344725847
      vertex 0.0837677717209 -0.0348692834377 0.184968218207
      vertex 0.0837765410542 -0.0352853760123 0.185199320316
    endloop
  endfacet
  facet normal -0.454229682684 -0.78686362505 0.417757153511
    outer loop
      vertex 0.0827204138041 -0.0346253477037 0.185424312949
      vertex 0.0825205296278 -0.0339720956981 0.185192883015
      vertex 0.0832745879889 -0.0344469957054 0.185009717941
    endloop
  endfacet
  facet normal -0.539422810078 -0.727269351482 0.424384683371
    outer loop
      vertex 0.082783266902 -0.0351274609566 0.185665816069
      vertex 0.0830746144056 -0.0356410592794 0.185749426484
      vertex 0.0822845548391 -0.0355194397271 0.186264440417
    endloop
  endfacet
  facet normal -0.439009279013 -0.75451618433 0.487828016281
    outer loop
      vertex 0.0836941376328 -0.0356809161603 0.185503005981
      vertex 0.0831631943583 -0.0349582917988 0.185344725847
      vertex 0.0837765410542 -0.0352853760123 0.185199320316
    endloop
  endfacet
  facet normal -0.379588544369 -0.695504546165 0.610070466995
    outer loop
      vertex 0.0836941376328 -0.0356809161603 0.185503005981
      vertex 0.0840426236391 -0.0361481122673 0.185722619295
      vertex 0.0834089517593 -0.0361295044422 0.186052128673
    endloop
  endfacet
  facet normal -0.388117134571 -0.598645329475 0.700705945492
    outer loop
      vertex 0.0832066312432 -0.0365762636065 0.186706230044
      vertex 0.0834089517593 -0.0361295044422 0.186052128673
      vertex 0.083850607276 -0.0365159697831 0.186218157411
    endloop
  endfacet
  facet normal -0.499671548605 -0.624838113785 0.599921405315
    outer loop
      vertex 0.0830746144056 -0.0356410592794 0.185749426484
      vertex 0.0829203352332 -0.0362070314586 0.186416193843
      vertex 0.0822845548391 -0.0355194397271 0.186264440417
    endloop
  endfacet
  facet normal -0.369045853615 -0.519318759441 0.770787358284
    outer loop
      vertex 0.0833937749267 -0.0375676266849 0.188044652343
      vertex 0.082170881331 -0.0364027284086 0.18718470633
      vertex 0.0832066312432 -0.0365762636065 0.186706230044
    endloop
  endfacet
  facet normal -0.344037920237 -0.527334570885 0.776888728142
    outer loop
      vertex 0.0833937749267 -0.0375676266849 0.188044652343
      vertex 0.0832066312432 -0.0365762636065 0.186706230044
      vertex 0.0841260775924 -0.0370980128646 0.186875030398
    endloop
  endfacet
  facet normal -0.249443411827 -0.500797271729 0.828842580318
    outer loop
      vertex 0.0854428634048 -0.0371751897037 0.186346888542
      vertex 0.0856531262398 -0.0377225577831 0.187148079276
      vertex 0.0841260775924 -0.0370980128646 0.186875030398
    endloop
  endfacet
  facet normal -0.191442891955 -0.526248693466 0.828499794006
    outer loop
      vertex 0.0846875458956 -0.0378708206117 0.187781482935
      vertex 0.0860268995166 -0.0381588563323 0.187747716904
      vertex 0.0848942473531 -0.0384974330664 0.188692808151
    endloop
  endfacet
  facet normal -0.151480212808 -0.530191421509 0.834236681461
    outer loop
      vertex 0.0856531262398 -0.0377225577831 0.187148079276
      vertex 0.0854428634048 -0.0371751897037 0.186346888542
      vertex 0.0861355066299 -0.0374399162829 0.18656553328
    endloop
  endfacet
  facet normal -0.101682372391 -0.563180565834 0.820053875446
    outer loop
      vertex 0.0861626267433 -0.0372214764357 0.186242550611
      vertex 0.0865326225758 -0.0375026166439 0.186585128307
      vertex 0.0861355066299 -0.0374399162829 0.18656553328
    endloop
  endfacet
  facet normal -0.121059827507 -0.548326313496 0.827455639839
    outer loop
      vertex 0.0861626267433 -0.0372214764357 0.186242550611
      vertex 0.0867066532373 -0.0372598357499 0.186180338264
      vertex 0.0865326225758 -0.0375026166439 0.186585128307
    endloop
  endfacet
  facet normal -0.0726704820991 -0.578882277012 0.812166392803
    outer loop
      vertex 0.086930193007 -0.0375652126968 0.186604529619
      vertex 0.0872318297625 -0.0373100191355 0.186208635569
      vertex 0.0874321162701 -0.0377262309194 0.186767429113
    endloop
  endfacet
  facet normal -0.100988164544 -0.84110301733 0.531363487244
    outer loop
      vertex 0.0868223384023 -0.0337955579162 0.18348968029
      vertex 0.0874326378107 -0.0342023074627 0.183673366904
      vertex 0.0869325175881 -0.034344561398 0.183823287487
    endloop
  endfacet
  facet normal -0.0724368169904 -0.873100161552 0.482129663229
    outer loop
      vertex 0.0874300152063 -0.0336801111698 0.18335314095
      vertex 0.0875464975834 -0.0332401581109 0.183100521564
      vertex 0.088002152741 -0.0334985964 0.18320544064
    endloop
  endfacet
  facet normal -0.166347622871 -0.842600047588 0.512204647064
    outer loop
      vertex 0.0858952701092 -0.0329876877367 0.183149337769
      vertex 0.0861606225371 -0.0335979275405 0.183467909694
      vertex 0.0856134742498 -0.0334020145237 0.18345682323
    endloop
  endfacet
  facet normal -0.21400770545 -0.830596327782 0.514111340046
    outer loop
      vertex 0.0851612240076 -0.033220499754 0.183461010456
      vertex 0.0853501334786 -0.0328568816185 0.183187261224
      vertex 0.0856134742498 -0.0334020145237 0.18345682323
    endloop
  endfacet
  facet normal -0.0374047346413 -0.843242108822 0.53623098135
    outer loop
      vertex 0.0885248333216 -0.0340067856014 0.183476909995
      vertex 0.0885968878865 -0.0343884192407 0.183716401458
      vertex 0.0880302488804 -0.0340375602245 0.18351842463
    endloop
  endfacet
  facet normal -0.259768158197 -0.82138055563 0.507793724537
    outer loop
      vertex 0.0846185237169 -0.0338422767818 0.184017002583
      vertex 0.0846050009131 -0.0343881100416 0.184358716011
      vertex 0.0841816291213 -0.0340307839215 0.184271708131
    endloop
  endfacet
  facet normal 0.0484075285494 -0.924129068851 0.379001528025
    outer loop
      vertex 0.0870104059577 -0.0319299139082 0.182547971606
      vertex 0.0875291228294 -0.0319837331772 0.182597219944
      vertex 0.0871591567993 -0.0323825404048 0.18274140358
    endloop
  endfacet
  facet normal -0.600639045238 -0.741101562977 0.300002068281
    outer loop
      vertex 0.0843819528818 -0.0314639471471 0.182835459709
      vertex 0.0846733003855 -0.0318934693933 0.182773202658
      vertex 0.0844465121627 -0.032135233283 0.183054879308
    endloop
  endfacet
  facet normal -0.601447939873 -0.740167677402 0.300686091185
    outer loop
      vertex 0.0843819528818 -0.0314639471471 0.182835459709
      vertex 0.0847984626889 -0.0315366387367 0.182526543736
      vertex 0.0846733003855 -0.0318934693933 0.182773202658
    endloop
  endfacet
  facet normal -0.0917683541775 -0.859026014805 0.503639638424
    outer loop
      vertex 0.0880302488804 -0.0340375602245 0.18351842463
      vertex 0.088002152741 -0.0334985964 0.18320544064
      vertex 0.0884048938751 -0.0337370038033 0.18330219388
    endloop
  endfacet
  facet normal -0.130741938949 -0.728591442108 0.672354876995
    outer loop
      vertex 0.0867066532373 -0.0372598357499 0.186180338264
      vertex 0.0861626267433 -0.0372214764357 0.186242550611
      vertex 0.0865220278502 -0.0369076766074 0.18588848412
    endloop
  endfacet
  facet normal -0.535022854805 -0.776221871376 0.333511799574
    outer loop
      vertex 0.0840326622128 -0.0317275226116 0.183164954185
      vertex 0.0844465121627 -0.032135233283 0.183054879308
      vertex 0.0839952602983 -0.0323094502091 0.183440759778
    endloop
  endfacet
  facet normal -0.484131127596 -0.773243308067 0.409526348114
    outer loop
      vertex 0.0844109803438 -0.0326606556773 0.183359250426
      vertex 0.0842467844486 -0.033037353307 0.183661550283
      vertex 0.083967410028 -0.0326560661197 0.183634534478
    endloop
  endfacet
  facet normal -0.512144744396 -0.774878382683 0.370501428843
    outer loop
      vertex 0.0833481773734 -0.0321548655629 0.183804169297
      vertex 0.083967410028 -0.0326560661197 0.183634534478
      vertex 0.083703532815 -0.0330471210182 0.183995917439
    endloop
  endfacet
  facet normal -0.465042889118 -0.779260337353 0.420105278492
    outer loop
      vertex 0.082927390933 -0.0333462953568 0.184620395303
      vertex 0.083703532815 -0.0330471210182 0.183995917439
      vertex 0.0837587788701 -0.0335848368704 0.184252843261
    endloop
  endfacet
  facet normal -0.564887046814 -0.772493124008 0.29009822011
    outer loop
      vertex 0.0825143009424 -0.0323434472084 0.184417694807
      vertex 0.0817436352372 -0.0332887582481 0.185336247087
      vertex 0.0815799981356 -0.0311898067594 0.184667676687
    endloop
  endfacet
  facet normal -0.499033123255 -0.81370049715 0.298089712858
    outer loop
      vertex 0.0797855705023 -0.0322344526649 0.186150863767
      vertex 0.0815799981356 -0.0311898067594 0.184667676687
      vertex 0.0817436352372 -0.0332887582481 0.185336247087
    endloop
  endfacet
  facet normal -0.46080109477 -0.783396244049 0.417076319456
    outer loop
      vertex 0.0832538977265 -0.0338910147548 0.184718340635
      vertex 0.0825205296278 -0.0339720956981 0.185192883015
      vertex 0.082927390933 -0.0333462953568 0.184620395303
    endloop
  endfacet
  facet normal -0.456599414349 -0.785383999348 0.417958050966
    outer loop
      vertex 0.0827204138041 -0.0346253477037 0.185424312949
      vertex 0.0819933265448 -0.0345231294632 0.18579262495
      vertex 0.0825205296278 -0.0339720956981 0.185192883015
    endloop
  endfacet
  facet normal -0.492169588804 -0.722264111042 0.485904961824
    outer loop
      vertex 0.0819933265448 -0.0345231294632 0.18579262495
      vertex 0.0822845548391 -0.0355194397271 0.186264440417
      vertex 0.0812394768 -0.035402983427 0.186898246408
    endloop
  endfacet
  facet normal -0.48594045639 -0.588470697403 0.646192014217
    outer loop
      vertex 0.0804693698883 -0.0363213010132 0.188542559743
      vertex 0.079420030117 -0.0348640047014 0.187808841467
      vertex 0.0812394768 -0.035402983427 0.186898246408
    endloop
  endfacet
  facet normal -0.5049290061 -0.802599728107 0.317616790533
    outer loop
      vertex 0.0797855705023 -0.0322344526649 0.186150863767
      vertex 0.0817436352372 -0.0332887582481 0.185336247087
      vertex 0.0807218253613 -0.0344040431082 0.186420440674
    endloop
  endfacet
  facet normal -0.591408729553 -0.584052741528 0.555983901024
    outer loop
      vertex 0.0786705687642 -0.0334284082055 0.187201142311
      vertex 0.079420030117 -0.0348640047014 0.187808841467
      vertex 0.0769281759858 -0.0346020311117 0.19008269906
    endloop
  endfacet
  facet normal -0.640684187412 -0.481851279736 0.597781836987
    outer loop
      vertex 0.0772609189153 -0.0363927334547 0.1918618083
      vertex 0.0750590115786 -0.0345645956695 0.192521542311
      vertex 0.0769281759858 -0.0346020311117 0.19008269906
    endloop
  endfacet
  facet normal -0.976585745811 0.0844772458076 0.197848170996
    outer loop
      vertex 0.0753066316247 -0.0351983234286 0.193899855018
      vertex 0.0748410075903 -0.0328820832074 0.193941861391
      vertex 0.0750590115786 -0.0345645956695 0.192521542311
    endloop
  endfacet
  facet normal -0.860368072987 0.476227402687 0.181588023901
    outer loop
      vertex 0.0753066316247 -0.0351983234286 0.193899855018
      vertex 0.0761758089066 -0.0334634371102 0.196131676435
      vertex 0.0748410075903 -0.0328820832074 0.193941861391
    endloop
  endfacet
  facet normal -0.570159137249 0.753445744514 -0.327472239733
    outer loop
      vertex 0.0761758089066 -0.0334634371102 0.196131676435
      vertex 0.0768946409225 -0.0340609885752 0.196935355663
      vertex 0.0772678405046 -0.0332586690784 0.196869045496
    endloop
  endfacet
  facet normal -0.688919842243 0.48991510272 -0.534202814102
    outer loop
      vertex 0.0790332481265 -0.0296146683395 0.196942046285
      vertex 0.0774421691895 -0.0280688330531 0.193019092083
      vertex 0.0766739621758 -0.03131602332 0.195479571819
    endloop
  endfacet
  facet normal -0.457485675812 0.880263626575 -0.125868111849
    outer loop
      vertex 0.0772678405046 -0.0332586690784 0.196869045496
      vertex 0.0783706977963 -0.034076154232 0.197559118271
      vertex 0.0786712616682 -0.0323273651302 0.197465270758
    endloop
  endfacet
  facet normal -0.414162158966 0.901839733124 0.12310487777
    outer loop
      vertex 0.0768717378378 -0.0364300571382 0.196549415588
      vertex 0.0797291919589 -0.0355955846608 0.197975575924
      vertex 0.0783706977963 -0.034076154232 0.197559118271
    endloop
  endfacet
  facet normal -0.263708978891 0.962140083313 -0.0688769519329
    outer loop
      vertex 0.0819490626454 -0.0359875522554 0.199127048254
      vertex 0.0863315165043 -0.0320796445012 0.200048446655
      vertex 0.0814791023731 -0.0328385531902 0.198772802949
    endloop
  endfacet
  facet normal -0.755917489529 0.617921710014 0.216244012117
    outer loop
      vertex 0.0797291919589 -0.0355955846608 0.197975575924
      vertex 0.078803896904 -0.0381438136101 0.195951893926
      vertex 0.0802257955074 -0.0382422320545 0.197656884789
    endloop
  endfacet
  facet normal -0.367106616497 0.586974859238 0.721590816975
    outer loop
      vertex 0.0836911424994 -0.0393258295953 0.198492079973
      vertex 0.0802257955074 -0.0382422320545 0.197656884789
      vertex 0.0819677039981 -0.0405899472535 0.195860177279
    endloop
  endfacet
  facet normal -0.280039399862 0.95588517189 -0.0886651873589
    outer loop
      vertex 0.0863315165043 -0.0320796445012 0.200048446655
      vertex 0.0819490626454 -0.0359875522554 0.199127048254
      vertex 0.0864641740918 -0.0361656807363 0.200466319919
    endloop
  endfacet
  facet normal 0.0461249910295 0.407791346312 0.911909341812
    outer loop
      vertex 0.0819677039981 -0.0405899472535 0.195860177279
      vertex 0.0842399969697 -0.0406547188759 0.195458322763
      vertex 0.0836911424994 -0.0393258295953 0.198492079973
    endloop
  endfacet
  facet normal 0.0736124515533 0.643274307251 0.762088835239
    outer loop
      vertex 0.0875678136945 -0.0394113846123 0.198852330446
      vertex 0.0884765014052 -0.0411716476083 0.196662947536
      vertex 0.0896837562323 -0.0392913669348 0.198752373457
    endloop
  endfacet
  facet normal -0.0796965882182 -0.297282904387 0.951457500458
    outer loop
      vertex 0.0813882127404 -0.0397844053805 0.193437382579
      vertex 0.0842399969697 -0.0406547188759 0.195458322763
      vertex 0.0819677039981 -0.0405899472535 0.195860177279
    endloop
  endfacet
  facet normal -0.511281311512 -0.297637790442 0.806227743626
    outer loop
      vertex 0.0813882127404 -0.0397844053805 0.193437382579
      vertex 0.0792926996946 -0.0379143506289 0.19197152555
      vertex 0.0820293053985 -0.0396140888333 0.19187477231
    endloop
  endfacet
  facet normal -0.253398388624 -0.381314396858 0.889038026333
    outer loop
      vertex 0.0831580683589 -0.0400333963335 0.192641854286
      vertex 0.083944439888 -0.0393964536488 0.19063423574
      vertex 0.0861338376999 -0.0404686667025 0.191679164767
    endloop
  endfacet
  facet normal -0.448763936758 -0.502324283123 0.73910844326
    outer loop
      vertex 0.0820293053985 -0.0396140888333 0.19187477231
      vertex 0.0801955237985 -0.0372326187789 0.190008983016
      vertex 0.0820184201002 -0.0382881723344 0.189933568239
    endloop
  endfacet
  facet normal -0.271228730679 -0.507627427578 0.817770957947
    outer loop
      vertex 0.0832950770855 -0.0381898656487 0.189093083143
      vertex 0.0820184201002 -0.0382881723344 0.189933568239
      vertex 0.082178786397 -0.0377398952842 0.188964635134
    endloop
  endfacet
  facet normal -0.282493263483 -0.499174714088 0.819159448147
    outer loop
      vertex 0.0832950770855 -0.0381898656487 0.189093083143
      vertex 0.0846875458956 -0.0378708206117 0.187781482935
      vertex 0.0848942473531 -0.0384974330664 0.188692808151
    endloop
  endfacet
  facet normal -0.200836077332 -0.464315742254 0.862598240376
    outer loop
      vertex 0.083944439888 -0.0393964536488 0.19063423574
      vertex 0.0855356305838 -0.039179045707 0.189542084932
      vertex 0.0861338376999 -0.0404686667025 0.191679164767
    endloop
  endfacet
  facet normal -0.17133307457 -0.507796466351 0.844267547131
    outer loop
      vertex 0.0864002257586 -0.0385951623321 0.188347160816
      vertex 0.0848942473531 -0.0384974330664 0.188692808151
      vertex 0.0860268995166 -0.0381588563323 0.187747716904
    endloop
  endfacet
  facet normal -0.187357023358 -0.468540370464 0.863346576691
    outer loop
      vertex 0.0855356305838 -0.039179045707 0.189542084932
      vertex 0.087644085288 -0.0395077466965 0.189304634929
      vertex 0.0861338376999 -0.0404686667025 0.191679164767
    endloop
  endfacet
  facet normal -0.145421147346 -0.567769765854 0.810240805149
    outer loop
      vertex 0.0874147340655 -0.0383828096092 0.187758028507
      vertex 0.0895636230707 -0.0386221520603 0.187549203634
      vertex 0.087644085288 -0.0395077466965 0.189304634929
    endloop
  endfacet
  facet normal -0.12188346684 -0.533351659775 0.837066590786
    outer loop
      vertex 0.0860268995166 -0.0381588563323 0.187747716904
      vertex 0.0865368098021 -0.0381804481149 0.187665075064
      vertex 0.0864002257586 -0.0385951623321 0.188347160816
    endloop
  endfacet
  facet normal -0.121488824487 -0.533471107483 0.837047815323
    outer loop
      vertex 0.0865368098021 -0.0381804481149 0.187665075064
      vertex 0.0861630290747 -0.0377441421151 0.18706561625
      vertex 0.0866729468107 -0.0377655029297 0.186983004212
    endloop
  endfacet
  facet normal -0.103582821786 -0.519326150417 0.848275244236
    outer loop
      vertex 0.0866729468107 -0.0377655029297 0.186983004212
      vertex 0.086930193007 -0.0375652126968 0.186604529619
      vertex 0.0874321162701 -0.0377262309194 0.186767429113
    endloop
  endfacet
  facet normal -0.146225243807 -0.646112024784 0.749104380608
    outer loop
      vertex 0.0874147340655 -0.0383828096092 0.187758028507
      vertex 0.0884685143828 -0.0377643592656 0.186802506447
      vertex 0.0895636230707 -0.0386221520603 0.187549203634
    endloop
  endfacet
  facet normal 0.00628005713224 -0.59878051281 0.800888538361
    outer loop
      vertex 0.0877757295966 -0.0372655801475 0.186154901981
      vertex 0.0874321162701 -0.0377262309194 0.186767429113
      vertex 0.0872318297625 -0.0373100191355 0.186208635569
    endloop
  endfacet
  facet normal -0.0967274755239 -0.747972130775 0.656644105911
    outer loop
      vertex 0.0861348062754 -0.0364443734288 0.185531824827
      vertex 0.0868069604039 -0.0365771129727 0.185561433434
      vertex 0.0865220278502 -0.0369076766074 0.18588848412
    endloop
  endfacet
  facet normal -0.120262786746 -0.667644262314 0.734702646732
    outer loop
      vertex 0.0895636230707 -0.0386221520603 0.187549203634
      vertex 0.0884685143828 -0.0377643592656 0.186802506447
      vertex 0.0892850160599 -0.0371491201222 0.185978397727
    endloop
  endfacet
  facet normal -0.330721706152 -0.932037353516 0.148086071014
    outer loop
      vertex 0.0853798389435 -0.0311148129404 0.182253226638
      vertex 0.0847984626889 -0.0315366387367 0.182526543736
      vertex 0.085031889379 -0.0309474766254 0.182350099087
    endloop
  endfacet
  facet normal -0.123606063426 -0.758452653885 0.63989931345
    outer loop
      vertex 0.0906028151512 -0.0371197238564 0.185738831758
      vertex 0.0892850160599 -0.0371491201222 0.185978397727
      vertex 0.089525051415 -0.0363129153848 0.185233786702
    endloop
  endfacet
  facet normal -0.239722967148 -0.805709064007 0.541632533073
    outer loop
      vertex 0.0842308551073 -0.0356142446399 0.185285225511
      vertex 0.0837765410542 -0.0352853760123 0.185199320316
      vertex 0.0842119455338 -0.0351365804672 0.184969753027
    endloop
  endfacet
  facet normal 0.0335244461894 -0.698484420776 0.714839577675
    outer loop
      vertex 0.089525051415 -0.0363129153848 0.185233786702
      vertex 0.0889341980219 -0.0360834561288 0.184970587492
      vertex 0.0893055796623 -0.0358000062406 0.184698328376
    endloop
  endfacet
  facet normal -0.115124896169 -0.721745669842 0.682516992092
    outer loop
      vertex 0.0865220278502 -0.0369076766074 0.18588848412
      vertex 0.0861626267433 -0.0372214764357 0.186242550611
      vertex 0.0859578251839 -0.036869969219 0.185942828655
    endloop
  endfacet
  facet normal -0.255924671888 -0.822870850563 0.507332324982
    outer loop
      vertex 0.0846185237169 -0.0338422767818 0.184017002583
      vertex 0.0846959203482 -0.033321339637 0.183671742678
      vertex 0.0851692184806 -0.0336407646537 0.183721482754
    endloop
  endfacet
  facet normal -0.0483531616628 -0.917281329632 0.395293444395
    outer loop
      vertex 0.0874003842473 -0.0328277945518 0.182920560241
      vertex 0.0867868363857 -0.0327447243035 0.182917103171
      vertex 0.0871591567993 -0.0323825404048 0.18274140358
    endloop
  endfacet
  facet normal -0.239243581891 -0.814681947231 0.52825731039
    outer loop
      vertex 0.0845530107617 -0.034907374531 0.18471069634
      vertex 0.0840691626072 -0.0346329323947 0.184674829245
      vertex 0.0846050009131 -0.0343881100416 0.184358716011
    endloop
  endfacet
  facet normal -0.24527952075 -0.824425637722 0.510059177876
    outer loop
      vertex 0.0846185237169 -0.0338422767818 0.184017002583
      vertex 0.0851862430573 -0.0341351032257 0.184029266238
      vertex 0.0846050009131 -0.0343881100416 0.184358716011
    endloop
  endfacet
  facet normal -0.175910979509 -0.797700643539 0.576826691628
    outer loop
      vertex 0.0854307934642 -0.0349517501891 0.184509471059
      vertex 0.0856609120965 -0.0355130024254 0.18486456573
      vertex 0.0850384607911 -0.0352446660399 0.184807792306
    endloop
  endfacet
  facet normal -0.266178280115 -0.830357611179 0.48954603076
    outer loop
      vertex 0.0840903148055 -0.03429447487 0.184468507767
      vertex 0.0846050009131 -0.0343881100416 0.184358716011
      vertex 0.0840691626072 -0.0346329323947 0.184674829245
    endloop
  endfacet
  facet normal -0.234611198306 -0.815408289433 0.529213488102
    outer loop
      vertex 0.0846050009131 -0.0343881100416 0.184358716011
      vertex 0.0849485993385 -0.0348329544067 0.184548571706
      vertex 0.0845530107617 -0.034907374531 0.18471069634
    endloop
  endfacet
  facet normal -0.280243575573 -0.751576900482 0.597156345844
    outer loop
      vertex 0.0906904488802 -0.020454261452 0.171953305602
      vertex 0.091310068965 -0.0210874676704 0.172225371003
      vertex 0.0907613784075 -0.02124511078 0.172555223107
    endloop
  endfacet
  facet normal -0.0328870303929 -0.693072915077 0.720116913319
    outer loop
      vertex 0.0962014272809 -0.0227025114 0.172902166843
      vertex 0.0952624678612 -0.0228425227106 0.173092186451
      vertex 0.0953756123781 -0.0223721042275 0.172598049045
    endloop
  endfacet
  facet normal 0.0167783126235 -0.708039164543 0.705973803997
    outer loop
      vertex 0.0975865349174 -0.0222320370376 0.172439038754
      vertex 0.0970164090395 -0.02256539464 0.172757908702
      vertex 0.096746891737 -0.0221971273422 0.172384336591
    endloop
  endfacet
  facet normal -0.00641057360917 -0.722102940083 0.691755950451
    outer loop
      vertex 0.0960751473904 -0.0220920555294 0.172289639711
      vertex 0.096595197916 -0.0217217691243 0.171930298209
      vertex 0.096746891737 -0.0221971273422 0.172384336591
    endloop
  endfacet
  facet normal -0.2603559196 -0.650339901447 0.713633537292
    outer loop
      vertex 0.0905937626958 -0.0223286487162 0.173666879535
      vertex 0.0912782996893 -0.0222960561514 0.173357069492
      vertex 0.0911594107747 -0.0227546952665 0.173907935619
    endloop
  endfacet
  facet normal -0.138380005956 -0.787147700787 0.601040303707
    outer loop
      vertex 0.0938384085894 -0.0210628062487 0.171587690711
      vertex 0.0932460278273 -0.0210732519627 0.171699807048
      vertex 0.0932398661971 -0.0205734446645 0.171319261193
    endloop
  endfacet
  facet normal -0.167698264122 -0.510603308678 0.843303978443
    outer loop
      vertex 0.0946582481265 -0.0257840566337 0.177074730396
      vertex 0.0949896275997 -0.025632802397 0.176716074347
      vertex 0.0957686007023 -0.0261336490512 0.177287429571
    endloop
  endfacet
  facet normal -0.0530338957906 -0.616395294666 0.785648941994
    outer loop
      vertex 0.0957451909781 -0.0257175564766 0.176759094
      vertex 0.0957686007023 -0.0261336490512 0.177287429571
      vertex 0.0949896275997 -0.025632802397 0.176716074347
    endloop
  endfacet
  facet normal 0.0541631095111 -0.674047648907 0.736699461937
    outer loop
      vertex 0.099292576313 -0.0242732390761 0.174767330289
      vertex 0.0984832048416 -0.0244034305215 0.174844577909
      vertex 0.0987380221486 -0.0239097438753 0.174325481057
    endloop
  endfacet
  facet normal -0.334827303886 -0.720293045044 0.607510149479
    outer loop
      vertex 0.0895674452186 -0.0208834223449 0.172772407532
      vertex 0.0901541635394 -0.0209340155125 0.172542348504
      vertex 0.0898279771209 -0.0213528126478 0.173047199845
    endloop
  endfacet
  facet normal -0.168913990259 -0.540212213993 0.824402093887
    outer loop
      vertex 0.0946680903435 -0.0262584872544 0.177795663476
      vertex 0.0939086899161 -0.025561939925 0.176970139146
      vertex 0.0946582481265 -0.0257840566337 0.177074730396
    endloop
  endfacet
  facet normal -0.321721971035 -0.420034796 0.848566889763
    outer loop
      vertex 0.0946680903435 -0.0262584872544 0.177795663476
      vertex 0.0938216894865 -0.0257227271795 0.17736159265
      vertex 0.0939086899161 -0.025561939925 0.176970139146
    endloop
  endfacet
  facet normal -0.202881619334 -0.579045534134 0.789648890495
    outer loop
      vertex 0.0946680903435 -0.0262584872544 0.177795663476
      vertex 0.093839943409 -0.0262919105589 0.178131401539
      vertex 0.0938216894865 -0.0257227271795 0.17736159265
    endloop
  endfacet
  facet normal -0.219973400235 -0.617753207684 0.754978597164
    outer loop
      vertex 0.093839943409 -0.0262919105589 0.178131401539
      vertex 0.0946680903435 -0.0262584872544 0.177795663476
      vertex 0.0945993587375 -0.026658963412 0.178309574723
    endloop
  endfacet
  facet normal -0.238883420825 -0.573643386364 0.783497273922
    outer loop
      vertex 0.0931361168623 -0.0261396206915 0.178216487169
      vertex 0.0938216894865 -0.0257227271795 0.17736159265
      vertex 0.093839943409 -0.0262919105589 0.178131401539
    endloop
  endfacet
  facet normal -0.180074959993 -0.544042885303 0.819506168365
    outer loop
      vertex 0.0931361168623 -0.0261396206915 0.178216487169
      vertex 0.0929785296321 -0.0254055187106 0.177162855864
      vertex 0.0938216894865 -0.0257227271795 0.17736159265
    endloop
  endfacet
  facet normal -0.219928950071 -0.412054210901 0.884218633175
    outer loop
      vertex 0.0933473035693 -0.0253525748849 0.176820486784
      vertex 0.0939086899161 -0.025561939925 0.176970139146
      vertex 0.0938216894865 -0.0257227271795 0.17736159265
    endloop
  endfacet
  facet normal -0.230341970921 -0.53274333477 0.814326167107
    outer loop
      vertex 0.0946582481265 -0.0257840566337 0.177074730396
      vertex 0.0954045206308 -0.0264686606824 0.177798509598
      vertex 0.0946680903435 -0.0262584872544 0.177795663476
    endloop
  endfacet
  facet normal -0.119420848787 -0.695116758347 0.708908557892
    outer loop
      vertex 0.0932549759746 -0.0224544554949 0.172962665558
      vertex 0.0941184982657 -0.0223357602954 0.172693267465
      vertex 0.0939124152064 -0.0227754861116 0.17317712307
    endloop
  endfacet
  facet normal -0.0570732615888 -0.600057184696 0.797918558121
    outer loop
      vertex 0.0962658748031 -0.0245596468449 0.175049751997
      vertex 0.0958206504583 -0.0248621478677 0.175494343042
      vertex 0.0953670293093 -0.0245404727757 0.175109744072
    endloop
  endfacet
  facet normal -0.130596280098 -0.608677268028 0.782596051693
    outer loop
      vertex 0.0962701663375 -0.0254722461104 0.176331058145
      vertex 0.0966549217701 -0.0260962098837 0.177050754428
      vertex 0.0957451909781 -0.0257175564766 0.176759094
    endloop
  endfacet
  facet normal 0.0281258467585 -0.675941646099 0.736418247223
    outer loop
      vertex 0.097101829946 -0.0234101712704 0.173667401075
      vertex 0.0970186516643 -0.0229756869376 0.173190578818
      vertex 0.0978272557259 -0.0231486111879 0.173412621021
    endloop
  endfacet
  facet normal -0.146203219891 -0.812174320221 0.564798653126
    outer loop
      vertex 0.0932398661971 -0.0205734446645 0.171319261193
      vertex 0.0935865864158 -0.0200604833663 0.170900121331
      vertex 0.093891762197 -0.0205443911254 0.171181708574
    endloop
  endfacet
  facet normal -0.24018125236 -0.395778715611 0.88638150692
    outer loop
      vertex 0.0933473035693 -0.0253525748849 0.176820486784
      vertex 0.0938216894865 -0.0257227271795 0.17736159265
      vertex 0.0929785296321 -0.0254055187106 0.177162855864
    endloop
  endfacet
  facet normal 0.058567263186 -0.675339460373 0.735177874565
    outer loop
      vertex 0.0987084060907 -0.0234053917229 0.173773884773
      vertex 0.0987380221486 -0.0239097438753 0.174325481057
      vertex 0.0978834927082 -0.0236650258303 0.173984974623
    endloop
  endfacet
  facet normal -0.216407001019 -0.944198906422 0.248307138681
    outer loop
      vertex 0.0926890745759 -0.0173719897866 0.169913470745
      vertex 0.0932389199734 -0.0175954513252 0.169846221805
      vertex 0.0926760062575 -0.018112115562 0.170111104846
    endloop
  endfacet
  facet normal -0.315556257963 -0.510228216648 0.800057113171
    outer loop
      vertex 0.0931361168623 -0.0261396206915 0.178216487169
      vertex 0.0924140363932 -0.02541815117 0.177531778812
      vertex 0.0929785296321 -0.0254055187106 0.177162855864
    endloop
  endfacet
  facet normal -0.518069982529 -0.380097091198 0.766243875027
    outer loop
      vertex 0.0883878841996 -0.0241573564708 0.178500309587
      vertex 0.0878951698542 -0.0230454057455 0.176930263638
      vertex 0.0889674946666 -0.0237860567868 0.176961779594
    endloop
  endfacet
  facet normal -0.376431703568 -0.73168694973 0.568272292614
    outer loop
      vertex 0.0895674452186 -0.0208834223449 0.172772407532
      vertex 0.0889521986246 -0.0207048840821 0.172950267792
      vertex 0.0892801210284 -0.0203345306218 0.172493934631
    endloop
  endfacet
  facet normal -0.400321602821 -0.438717186451 0.804530858994
    outer loop
      vertex 0.0904503986239 -0.024572070688 0.177120611072
      vertex 0.0897723585367 -0.0251087509096 0.178723484278
      vertex 0.0893389955163 -0.0244017504156 0.177822396159
    endloop
  endfacet
  facet normal -0.0428785644472 -0.791934669018 0.609098374844
    outer loop
      vertex 0.0964470356703 -0.0205241106451 0.170927017927
      vertex 0.0959380045533 -0.0209876559675 0.171311095357
      vertex 0.0957136899233 -0.0205537751317 0.170989528298
    endloop
  endfacet
  facet normal -0.345402270555 -0.351424306631 0.870171368122
    outer loop
      vertex 0.0915074795485 -0.0248518399894 0.176774382591
      vertex 0.0912434831262 -0.0251567587256 0.177788868546
      vertex 0.0904503986239 -0.024572070688 0.177120611072
    endloop
  endfacet
  facet normal -0.060108024627 -0.828094959259 0.557356059551
    outer loop
      vertex 0.0951102226973 -0.0202786698937 0.170848175883
      vertex 0.0960028544068 -0.0199554041028 0.170565798879
      vertex 0.0957136899233 -0.0205537751317 0.170989528298
    endloop
  endfacet
  facet normal -0.0626539438963 -0.861639142036 0.503639280796
    outer loop
      vertex 0.0880302488804 -0.0340375602245 0.18351842463
      vertex 0.0874300152063 -0.0336801111698 0.18335314095
      vertex 0.088002152741 -0.0334985964 0.18320544064
    endloop
  endfacet
  facet normal -0.0917401015759 -0.848670661449 0.520904898643
    outer loop
      vertex 0.0874326378107 -0.0342023074627 0.183673366904
      vertex 0.0868223384023 -0.0337955579162 0.18348968029
      vertex 0.0874300152063 -0.0336801111698 0.18335314095
    endloop
  endfacet
  facet normal -0.200395509601 -0.822086393833 0.532931149006
    outer loop
      vertex 0.0851563438773 -0.0345531441271 0.184307545424
      vertex 0.0851862430573 -0.0341351032257 0.184029266238
      vertex 0.0856337472796 -0.034526437521 0.184173867106
    endloop
  endfacet
  facet normal -0.164694428444 -0.822987437248 0.543661057949
    outer loop
      vertex 0.0857628136873 -0.0340108945966 0.183807462454
      vertex 0.0861667245626 -0.0346146374941 0.184125468135
      vertex 0.0856337472796 -0.034526437521 0.184173867106
    endloop
  endfacet
  facet normal -0.208527892828 -0.824538648129 0.525977313519
    outer loop
      vertex 0.0857628136873 -0.0340108945966 0.183807462454
      vertex 0.0851692184806 -0.0336407646537 0.183721482754
      vertex 0.0856134742498 -0.0334020145237 0.18345682323
    endloop
  endfacet
  facet normal -0.0246362183243 -0.997414469719 0.0675086975098
    outer loop
      vertex 0.0862632915378 -0.0303988493979 0.18213994801
      vertex 0.0872469693422 -0.0303159318864 0.182110026479
      vertex 0.086800403893 -0.0310099571943 0.182168036699
    endloop
  endfacet
  facet normal -0.0488140247762 -0.994866728783 0.0886417850852
    outer loop
      vertex 0.086800403893 -0.0310099571943 0.182168036699
      vertex 0.0861580893397 -0.0309812426567 0.182196989655
      vertex 0.0862632915378 -0.0303988493979 0.18213994801
    endloop
  endfacet
  facet normal -0.106848567724 -0.793528556824 0.599079191685
    outer loop
      vertex 0.0870922356844 -0.0352320149541 0.184431612492
      vertex 0.0864440873265 -0.0355609580874 0.184767216444
      vertex 0.0865177363157 -0.0350968874991 0.18440695107
    endloop
  endfacet
  facet normal -0.296276599169 -0.815100491047 0.497826635838
    outer loop
      vertex 0.0841573178768 -0.0334031432867 0.183917477727
      vertex 0.0842467844486 -0.033037353307 0.183661550283
      vertex 0.0846959203482 -0.033321339637 0.183671742678
    endloop
  endfacet
  facet normal -0.259728640318 -0.818588793278 0.512302041054
    outer loop
      vertex 0.0851612240076 -0.033220499754 0.183461010456
      vertex 0.0851692184806 -0.0336407646537 0.183721482754
      vertex 0.0846959203482 -0.033321339637 0.183671742678
    endloop
  endfacet
  facet normal -0.19708134234 -0.813185751438 0.547620177269
    outer loop
      vertex 0.0856337472796 -0.034526437521 0.184173867106
      vertex 0.0854307934642 -0.0349517501891 0.184509471059
      vertex 0.0851563438773 -0.0345531441271 0.184307545424
    endloop
  endfacet
  facet normal -0.132995948195 -0.874185025692 0.467025339603
    outer loop
      vertex 0.0854259058833 -0.0316191054881 0.182475447655
      vertex 0.0858114436269 -0.031994048506 0.182617098093
      vertex 0.085131958127 -0.0319784097373 0.182712107897
    endloop
  endfacet
  facet normal -0.166184440255 -0.811137914658 0.560747683048
    outer loop
      vertex 0.0856337472796 -0.034526437521 0.184173867106
      vertex 0.0859900265932 -0.0350501574576 0.184462919831
      vertex 0.0854307934642 -0.0349517501891 0.184509471059
    endloop
  endfacet
  facet normal -0.196162760258 -0.792103648186 0.578006923199
    outer loop
      vertex 0.0850968584418 -0.0357488617301 0.185160323977
      vertex 0.0846112966537 -0.0359637364745 0.185437366366
      vertex 0.0846469551325 -0.0354383550584 0.185045152903
    endloop
  endfacet
  facet normal -0.247186735272 -0.803969979286 0.540861368179
    outer loop
      vertex 0.0842119455338 -0.0351365804672 0.184969753027
      vertex 0.0840691626072 -0.0346329323947 0.184674829245
      vertex 0.0845530107617 -0.034907374531 0.18471069634
    endloop
  endfacet
  facet normal -0.605741739273 -0.781302392483 0.150477528572
    outer loop
      vertex 0.0846230685711 -0.031101487577 0.182578712702
      vertex 0.0847984626889 -0.0315366387367 0.182526543736
      vertex 0.0843819528818 -0.0314639471471 0.182835459709
    endloop
  endfacet
  facet normal -0.517811238766 -0.797206819057 0.31037530303
    outer loop
      vertex 0.0843819528818 -0.0314639471471 0.182835459709
      vertex 0.0844465121627 -0.032135233283 0.183054879308
      vertex 0.0840326622128 -0.0317275226116 0.183164954185
    endloop
  endfacet
  facet normal -0.51851952076 -0.785091280937 0.338776111603
    outer loop
      vertex 0.0839952602983 -0.0323094502091 0.183440759778
      vertex 0.0835962891579 -0.0316579267383 0.183423131704
      vertex 0.0840326622128 -0.0317275226116 0.183164954185
    endloop
  endfacet
  facet normal -0.570044100285 -0.780780851841 0.255794852972
    outer loop
      vertex 0.0827308818698 -0.0316562019289 0.184054389596
      vertex 0.0831566601992 -0.0311105586588 0.183564767241
      vertex 0.0835962891579 -0.0316579267383 0.183423131704
    endloop
  endfacet
  facet normal -0.53364855051 -0.805504620075 0.257646024227
    outer loop
      vertex 0.0815799981356 -0.0311898067594 0.184667676687
      vertex 0.0827308818698 -0.0316562019289 0.184054389596
      vertex 0.0825143009424 -0.0323434472084 0.184417694807
    endloop
  endfacet
  facet normal -0.550017654896 -0.809659302235 0.204773947597
    outer loop
      vertex 0.0797855705023 -0.0322344526649 0.186150863767
      vertex 0.0804436355829 -0.0296841561794 0.185058832169
      vertex 0.0815799981356 -0.0311898067594 0.184667676687
    endloop
  endfacet
  facet normal -0.547011435032 -0.811317145824 0.206259518862
    outer loop
      vertex 0.0770260542631 -0.0297745428979 0.187386021018
      vertex 0.0804436355829 -0.0296841561794 0.185058832169
      vertex 0.0797855705023 -0.0322344526649 0.186150863767
    endloop
  endfacet
  facet normal -0.757583558559 -0.651092708111 -0.0463186502457
    outer loop
      vertex 0.0777258872986 -0.0264247916639 0.18702968955
      vertex 0.0796527564526 -0.0241169333458 0.184951841831
      vertex 0.0791656300426 -0.027046225965 0.185310259461
    endloop
  endfacet
  facet normal -0.801613926888 -0.592994511127 0.075977794826
    outer loop
      vertex 0.0755950883031 -0.0301223024726 0.189364984632
      vertex 0.0770260542631 -0.0297745428979 0.187386021018
      vertex 0.0759802609682 -0.0322754569352 0.189120173454
    endloop
  endfacet
  facet normal -0.950866341591 0.00439786771312 -0.309570401907
    outer loop
      vertex 0.0748619735241 -0.0324043184519 0.191491991282
      vertex 0.0755036100745 -0.0304528288543 0.192852452397
      vertex 0.0755950883031 -0.0301223024726 0.189364984632
    endloop
  endfacet
  facet normal -0.695090413094 0.484248399734 -0.531368792057
    outer loop
      vertex 0.0766739621758 -0.03131602332 0.195479571819
      vertex 0.0774421691895 -0.0280688330531 0.193019092083
      vertex 0.0755036100745 -0.0304528288543 0.192852452397
    endloop
  endfacet
  facet normal -0.842402696609 -0.010279099457 -0.538750469685
    outer loop
      vertex 0.0777258872986 -0.0264247916639 0.18702968955
      vertex 0.0765754282475 -0.0281510557979 0.190835997462
      vertex 0.0781569853425 -0.0256777107716 0.190856009722
    endloop
  endfacet
  facet normal -0.7399340868 0.484134018421 -0.467024445534
    outer loop
      vertex 0.0790332481265 -0.0296146683395 0.196942046285
      vertex 0.079801119864 -0.0256570316851 0.194297865033
      vertex 0.0774421691895 -0.0280688330531 0.193019092083
    endloop
  endfacet
  facet normal -0.682475626469 0.480461448431 -0.550802826881
    outer loop
      vertex 0.0815515369177 -0.0220094807446 0.192602694035
      vertex 0.0792948231101 -0.0232428275049 0.190811038017
      vertex 0.079801119864 -0.0256570316851 0.194297865033
    endloop
  endfacet
  facet normal -0.670363545418 0.426252573729 -0.607389032841
    outer loop
      vertex 0.0792948231101 -0.0232428275049 0.190811038017
      vertex 0.0815515369177 -0.0220094807446 0.192602694035
      vertex 0.0810184702277 -0.0205686055124 0.189711168408
    endloop
  endfacet
  facet normal -0.979112923145 0.0732847675681 -0.18965035677
    outer loop
      vertex 0.0781569853425 -0.0256777107716 0.190856009722
      vertex 0.0783375278115 -0.0235696844757 0.187812849879
      vertex 0.0777258872986 -0.0264247916639 0.18702968955
    endloop
  endfacet
  facet normal -0.743001818657 0.295601785183 -0.600473046303
    outer loop
      vertex 0.0810184702277 -0.0205686055124 0.189711168408
      vertex 0.0795535594225 -0.0214068796486 0.187731906772
      vertex 0.0792948231101 -0.0232428275049 0.190811038017
    endloop
  endfacet
  facet normal -0.842683553696 -0.445282280445 -0.302668303251
    outer loop
      vertex 0.0777258872986 -0.0264247916639 0.18702968955
      vertex 0.0783375278115 -0.0235696844757 0.187812849879
      vertex 0.0796527564526 -0.0241169333458 0.184951841831
    endloop
  endfacet
  facet normal -0.708422720432 0.243805676699 -0.662341356277
    outer loop
      vertex 0.0795535594225 -0.0214068796486 0.187731906772
      vertex 0.0810184702277 -0.0205686055124 0.189711168408
      vertex 0.0822648182511 -0.0181278698146 0.186701953411
    endloop
  endfacet
  facet normal -0.906445324421 -0.321827471256 -0.273466587067
    outer loop
      vertex 0.083739861846 -0.0155643643811 0.184725701809
      vertex 0.0831635594368 -0.0200480036438 0.182539001107
      vertex 0.0822648182511 -0.0181278698146 0.186701953411
    endloop
  endfacet
  facet normal -0.834886133671 -0.480286508799 0.268867999315
    outer loop
      vertex 0.0846080482006 -0.0183104779571 0.17905536294
      vertex 0.0850357636809 -0.0220992900431 0.180432856083
      vertex 0.0831635594368 -0.0200480036438 0.182539001107
    endloop
  endfacet
  facet normal -0.456467628479 -0.813320934772 0.360758066177
    outer loop
      vertex 0.0850357636809 -0.0220992900431 0.180432856083
      vertex 0.0869028568268 -0.0244755968451 0.180439010262
      vertex 0.0844415724277 -0.0252640247345 0.18217009306
    endloop
  endfacet
  facet normal -0.540050506592 -0.830365359783 0.137254670262
    outer loop
      vertex 0.0844415724277 -0.0252640247345 0.18217009306
      vertex 0.0869028568268 -0.0244755968451 0.180439010262
      vertex 0.0855600312352 -0.0271165147424 0.181748881936
    endloop
  endfacet
  facet normal -0.458957731724 -0.885216832161 0.0758220329881
    outer loop
      vertex 0.0855600312352 -0.0271165147424 0.181748881936
      vertex 0.0837782025337 -0.0280288644135 0.182750850916
      vertex 0.0844415724277 -0.0252640247345 0.18217009306
    endloop
  endfacet
  facet normal -0.627023875713 -0.698218584061 -0.345444440842
    outer loop
      vertex 0.081335015595 -0.0205001570284 0.185230523348
      vertex 0.0830429047346 -0.0228637196124 0.182527408004
      vertex 0.0796527564526 -0.0241169333458 0.184951841831
    endloop
  endfacet
  facet normal -0.448460578918 -0.893128752708 0.0347008407116
    outer loop
      vertex 0.0796527564526 -0.0241169333458 0.184951841831
      vertex 0.0815921798348 -0.0286583341658 0.184154465795
      vertex 0.0791656300426 -0.027046225965 0.185310259461
    endloop
  endfacet
  facet normal -0.45580175519 -0.886752963066 0.0769019126892
    outer loop
      vertex 0.0837782025337 -0.0280288644135 0.182750850916
      vertex 0.0826939642429 -0.0262833014131 0.183156788349
      vertex 0.0844415724277 -0.0252640247345 0.18217009306
    endloop
  endfacet
  facet normal -0.533318340778 -0.833847463131 0.142372444272
    outer loop
      vertex 0.0815921798348 -0.0286583341658 0.184154465795
      vertex 0.0829656124115 -0.0298141650856 0.18347337842
      vertex 0.0825609639287 -0.0309866406024 0.183932378888
    endloop
  endfacet
  facet normal -0.518241167068 -0.853110015392 0.0602439939976
    outer loop
      vertex 0.0846057087183 -0.0299092568457 0.182483777404
      vertex 0.0839084461331 -0.0308109261096 0.182971030474
      vertex 0.0829656124115 -0.0298141650856 0.18347337842
    endloop
  endfacet
  facet normal -0.27648422122 -0.960522353649 0.0308743808419
    outer loop
      vertex 0.0846057087183 -0.0299092568457 0.182483777404
      vertex 0.0850199908018 -0.0302954912186 0.182376950979
      vertex 0.0847235098481 -0.0306247547269 0.182472869754
    endloop
  endfacet
  facet normal -0.233527511358 -0.971692740917 -0.0357508249581
    outer loop
      vertex 0.0850199908018 -0.0302954912186 0.182376950979
      vertex 0.0855569019914 -0.0304912999272 0.182240709662
      vertex 0.085031889379 -0.0309474766254 0.182350099087
    endloop
  endfacet
  facet normal -0.131457895041 -0.988622784615 0.0731011927128
    outer loop
      vertex 0.0862632915378 -0.0303988493979 0.18213994801
      vertex 0.0861580893397 -0.0309812426567 0.182196989655
      vertex 0.0855569019914 -0.0304912999272 0.182240709662
    endloop
  endfacet
  facet normal -0.0191594064236 -0.991292953491 0.130273446441
    outer loop
      vertex 0.0862632915378 -0.0303988493979 0.18213994801
      vertex 0.0865626707673 -0.0298528671265 0.182062402368
      vertex 0.0872469693422 -0.0303159318864 0.182110026479
    endloop
  endfacet
  facet normal -0.000228962715482 -0.990065813065 0.140604659915
    outer loop
      vertex 0.0874571874738 -0.0298656113446 0.182064011693
      vertex 0.0865626707673 -0.0298528671265 0.182062402368
      vertex 0.0866874530911 -0.0286954343319 0.181897997856
    endloop
  endfacet
  facet normal -0.226356983185 -0.972362875938 0.0572101771832
    outer loop
      vertex 0.0853445678949 -0.0289760045707 0.182216018438
      vertex 0.0858119502664 -0.0297041386366 0.182150050998
      vertex 0.0853164419532 -0.0299658812582 0.182280808687
    endloop
  endfacet
  facet normal -0.412097245455 -0.893823325634 0.176793009043
    outer loop
      vertex 0.0853445678949 -0.0289760045707 0.182216018438
      vertex 0.0837782025337 -0.0280288644135 0.182750850916
      vertex 0.0855600312352 -0.0271165147424 0.181748881936
    endloop
  endfacet
  facet normal -0.263328045607 -0.910832762718 0.31787109375
    outer loop
      vertex 0.0882246494293 -0.0272572003305 0.181027621031
      vertex 0.0855600312352 -0.0271165147424 0.181748881936
      vertex 0.0869028568268 -0.0244755968451 0.180439010262
    endloop
  endfacet
  facet normal -0.000661012018099 -0.990025997162 0.140883222222
    outer loop
      vertex 0.0874571874738 -0.0298656113446 0.182064011693
      vertex 0.0866874530911 -0.0286954343319 0.181897997856
      vertex 0.0885870084167 -0.0290309078991 0.181944474578
    endloop
  endfacet
  facet normal -0.135234937072 -0.9473118186 0.290365070105
    outer loop
      vertex 0.0906381607056 -0.0288968756795 0.181610569358
      vertex 0.0894269868731 -0.0312131233513 0.182493448257
      vertex 0.0885870084167 -0.0290309078991 0.181944474578
    endloop
  endfacet
  facet normal -0.103867411613 -0.82238638401 0.559367656708
    outer loop
      vertex 0.0882246494293 -0.0272572003305 0.181027621031
      vertex 0.0890134871006 -0.0260731242597 0.180122613907
      vertex 0.0912047326565 -0.0276278108358 0.180903315544
    endloop
  endfacet
  facet normal -0.265132188797 -0.658476829529 0.704353034496
    outer loop
      vertex 0.0890134871006 -0.0260731242597 0.180122613907
      vertex 0.0913523882627 -0.0257839411497 0.178871527314
      vertex 0.0912047326565 -0.0276278108358 0.180903315544
    endloop
  endfacet
  facet normal -0.33968091011 -0.488596826792 0.803672850132
    outer loop
      vertex 0.0924140363932 -0.02541815117 0.177531778812
      vertex 0.0931361168623 -0.0261396206915 0.178216487169
      vertex 0.0913523882627 -0.0257839411497 0.178871527314
    endloop
  endfacet
  facet normal -0.238892629743 -0.573381185532 0.783686339855
    outer loop
      vertex 0.0931361168623 -0.0261396206915 0.178216487169
      vertex 0.093839943409 -0.0262919105589 0.178131401539
      vertex 0.0938586443663 -0.0268609821796 0.178901404142
    endloop
  endfacet
  facet normal -0.243990376592 -0.572546958923 0.782725155354
    outer loop
      vertex 0.093839943409 -0.0262919105589 0.178131401539
      vertex 0.0945993587375 -0.026658963412 0.178309574723
      vertex 0.0938586443663 -0.0268609821796 0.178901404142
    endloop
  endfacet
  facet normal -0.213519647717 -0.61810696125 0.756540238857
    outer loop
      vertex 0.0954045206308 -0.0264686606824 0.177798509598
      vertex 0.0945993587375 -0.026658963412 0.178309574723
      vertex 0.0946680903435 -0.0262584872544 0.177795663476
    endloop
  endfacet
  facet normal -0.241638019681 -0.670377910137 0.70157289505
    outer loop
      vertex 0.0966781824827 -0.027555692941 0.178525924683
      vertex 0.0952017456293 -0.0272573195398 0.17874583602
      vertex 0.0961414277554 -0.0266787149012 0.177801609039
    endloop
  endfacet
  facet normal -0.130570232868 -0.606905996799 0.783974826336
    outer loop
      vertex 0.0946582481265 -0.0257840566337 0.177074730396
      vertex 0.0957686007023 -0.0261336490512 0.177287429571
      vertex 0.0954045206308 -0.0264686606824 0.177798509598
    endloop
  endfacet
  facet normal -0.129845619202 -0.60992205143 0.781751334667
    outer loop
      vertex 0.0957686007023 -0.0261336490512 0.177287429571
      vertex 0.0957451909781 -0.0257175564766 0.176759094
      vertex 0.0966549217701 -0.0260962098837 0.177050754428
    endloop
  endfacet
  facet normal -0.113114304841 -0.615656971931 0.779853641987
    outer loop
      vertex 0.0968572571874 -0.025700788945 0.1765127033
      vertex 0.0972081497312 -0.0258964933455 0.176696136594
      vertex 0.0966549217701 -0.0260962098837 0.177050754428
    endloop
  endfacet
  facet normal -0.113102421165 -0.615654945374 0.779856920242
    outer loop
      vertex 0.0962701663375 -0.0254722461104 0.176331058145
      vertex 0.0968572571874 -0.025700788945 0.1765127033
      vertex 0.0966549217701 -0.0260962098837 0.177050754428
    endloop
  endfacet
  facet normal -0.437310546637 -0.546891450882 0.713911235332
    outer loop
      vertex 0.0878001153469 -0.0219628550112 0.174965038896
      vertex 0.0875199437141 -0.0215851217508 0.174695983529
      vertex 0.0880421623588 -0.0216906070709 0.174416095018
    endloop
  endfacet
  facet normal -0.469684749842 -0.736869454384 0.486230075359
    outer loop
      vertex 0.0880472660065 -0.0196293033659 0.172750353813
      vertex 0.0886756330729 -0.0199804902077 0.172581553459
      vertex 0.0882886350155 -0.0204139314592 0.17311424017
    endloop
  endfacet
  facet normal -0.0547733269632 -0.603870689869 0.795198142529
    outer loop
      vertex 0.0963609740138 -0.025038395077 0.175681248307
      vertex 0.0969211161137 -0.0247624889016 0.175267115235
      vertex 0.0969287529588 -0.0252943485975 0.175966784358
    endloop
  endfacet
  facet normal 0.00051896617515 -0.642113506794 0.766609370708
    outer loop
      vertex 0.0980991572142 -0.0246615372598 0.175134062767
      vertex 0.0987495183945 -0.0247700661421 0.175264149904
      vertex 0.0979955792427 -0.0251389592886 0.175703957677
    endloop
  endfacet
  facet normal -0.0246519166976 -0.73273986578 0.680062174797
    outer loop
      vertex 0.0960852876306 -0.0215050168335 0.171744465828
      vertex 0.0960751473904 -0.0220920555294 0.172289639711
      vertex 0.0955294296145 -0.0218637809157 0.172096133232
    endloop
  endfacet
  facet normal -0.111785158515 -0.615218222141 0.780391335487
    outer loop
      vertex 0.0942163541913 -0.0237036980689 0.174196138978
      vertex 0.0939088761806 -0.0240975245833 0.174751579762
      vertex 0.0935643836856 -0.0237837173045 0.17441610992
    endloop
  endfacet
  facet normal -0.733812987804 -0.593853294849 0.329934448004
    outer loop
      vertex 0.0869891196489 -0.0183300003409 0.172832474113
      vertex 0.0871066153049 -0.0189721137285 0.173044025898
      vertex 0.0861485823989 -0.0188570357859 0.174163922668
    endloop
  endfacet
  facet normal -0.932840287685 -0.346099555492 0.100120440125
    outer loop
      vertex 0.0854356586933 -0.0167339667678 0.175471276045
      vertex 0.0861485823989 -0.0188570357859 0.174163922668
      vertex 0.0856548026204 -0.0188831053674 0.175502330065
    endloop
  endfacet
  facet normal -0.802124142647 -0.445901125669 0.397201478481
    outer loop
      vertex 0.0864950120449 -0.0163707099855 0.172404497862
      vertex 0.0871253162622 -0.0175494980067 0.172320708632
      vertex 0.0862468853593 -0.0171212367713 0.173519402742
    endloop
  endfacet
  facet normal -0.686835169792 -0.652136623859 0.320897549391
    outer loop
      vertex 0.0874257832766 -0.0169437937438 0.171706199646
      vertex 0.0871253162622 -0.0175494980067 0.172320708632
      vertex 0.0864950120449 -0.0163707099855 0.172404497862
    endloop
  endfacet
  facet normal -0.029916997999 -0.626139521599 0.779136896133
    outer loop
      vertex 0.0969624891877 -0.0242891311646 0.174679845572
      vertex 0.0962658748031 -0.0245596468449 0.175049751997
      vertex 0.0963156148791 -0.0240221843123 0.174378588796
    endloop
  endfacet
  facet normal -0.948478102684 -0.295914113522 0.113243877888
    outer loop
      vertex 0.0849446430802 -0.0150515688583 0.176401272416
      vertex 0.0857481211424 -0.0156735815108 0.174063965678
      vertex 0.0854356586933 -0.0167339667678 0.175471276045
    endloop
  endfacet
  facet normal -0.960977137089 -0.244033306837 0.130271419883
    outer loop
      vertex 0.0843338593841 -0.0156142087653 0.179106846452
      vertex 0.0845703184605 -0.0137023404241 0.177155077457
      vertex 0.0849446430802 -0.0150515688583 0.176401272416
    endloop
  endfacet
  facet normal -0.919678270817 -0.384793907404 0.0782655999064
    outer loop
      vertex 0.0842632055283 -0.0105079794303 0.176376268268
      vertex 0.0851910933852 -0.00995602365583 0.174046307802
      vertex 0.0848741978407 -0.012525732629 0.175326362252
    endloop
  endfacet
  facet normal -0.976804494858 -0.198064088821 0.0813855007291
    outer loop
      vertex 0.083877414465 -0.0118807498366 0.179823800921
      vertex 0.0845703184605 -0.0137023404241 0.177155077457
      vertex 0.0843338593841 -0.0156142087653 0.179106846452
    endloop
  endfacet
  facet normal -0.904029607773 0.0668563991785 -0.422209262848
    outer loop
      vertex 0.0842632055283 -0.0105079794303 0.176376268268
      vertex 0.084746144712 -0.00989549607038 0.179038643837
      vertex 0.0856153070927 -0.00791013240814 0.178253501654
    endloop
  endfacet
  facet normal -0.916655302048 0.308378964663 -0.254254728556
    outer loop
      vertex 0.0842632055283 -0.0105079794303 0.176376268268
      vertex 0.0856153070927 -0.00791013240814 0.178253501654
      vertex 0.0847516879439 -0.00824261084199 0.175960510969
    endloop
  endfacet
  facet normal -0.842649102211 0.377894222736 -0.383586287498
    outer loop
      vertex 0.0846564993262 -0.013034619391 0.18273229897
      vertex 0.0849592462182 -0.0106106568128 0.180946901441
      vertex 0.083877414465 -0.0118807498366 0.179823800921
    endloop
  endfacet
  facet normal -0.836428046227 0.274141728878 -0.474588662386
    outer loop
      vertex 0.0861797332764 -0.00863286852837 0.181226789951
      vertex 0.0856153070927 -0.00791013240814 0.178253501654
      vertex 0.084746144712 -0.00989549607038 0.179038643837
    endloop
  endfacet
  facet normal -0.796747744083 0.28126180172 -0.534868955612
    outer loop
      vertex 0.0856153070927 -0.00791013240814 0.178253501654
      vertex 0.0861797332764 -0.00863286852837 0.181226789951
      vertex 0.087160050869 -0.00666955066845 0.180270195007
    endloop
  endfacet
  facet normal -0.543377757072 0.61528801918 -0.57110530138
    outer loop
      vertex 0.0861797332764 -0.00863286852837 0.181226789951
      vertex 0.088595405221 -0.0066251042299 0.181496545672
      vertex 0.087160050869 -0.00666955066845 0.180270195007
    endloop
  endfacet
  facet normal -0.306160420179 0.325922489166 -0.894449770451
    outer loop
      vertex 0.087160050869 -0.00666955066845 0.180270195007
      vertex 0.088595405221 -0.0066251042299 0.181496545672
      vertex 0.0894643440843 -0.0057484745048 0.179907009006
    endloop
  endfacet
  facet normal -0.56092196703 0.143066897988 -0.815412998199
    outer loop
      vertex 0.0906531661749 -0.00540588563308 0.182615444064
      vertex 0.0894643440843 -0.0057484745048 0.179907009006
      vertex 0.088595405221 -0.0066251042299 0.181496545672
    endloop
  endfacet
  facet normal -0.591920673847 0.255710750818 -0.764357209206
    outer loop
      vertex 0.088595405221 -0.0066251042299 0.181496545672
      vertex 0.0894728079438 -0.00686984136701 0.184259101748
      vertex 0.0906531661749 -0.00540588563308 0.182615444064
    endloop
  endfacet
  facet normal -0.578878343105 -0.056972771883 -0.81342113018
    outer loop
      vertex 0.0856153070927 -0.00791013240814 0.178253501654
      vertex 0.087160050869 -0.00666955066845 0.180270195007
      vertex 0.0882750526071 -0.00609117653221 0.177198752761
    endloop
  endfacet
  facet normal -0.471461325884 0.262850642204 -0.841803848743
    outer loop
      vertex 0.0864694565535 -0.00671790121123 0.175967305899
      vertex 0.0856153070927 -0.00791013240814 0.178253501654
      vertex 0.0882750526071 -0.00609117653221 0.177198752761
    endloop
  endfacet
  facet normal -0.880376279354 0.322653055191 -0.347609817982
    outer loop
      vertex 0.0846564993262 -0.013034619391 0.18273229897
      vertex 0.0859024077654 -0.0100476695225 0.182913824916
      vertex 0.0849592462182 -0.0106106568128 0.180946901441
    endloop
  endfacet
  facet normal -0.642230629921 0.0699295923114 -0.763314902782
    outer loop
      vertex 0.0861797332764 -0.00863286852837 0.181226789951
      vertex 0.0877264663577 -0.00750184757635 0.183086290956
      vertex 0.088595405221 -0.0066251042299 0.181496545672
    endloop
  endfacet
  facet normal -0.782324373722 0.318763583899 -0.535124599934
    outer loop
      vertex 0.0872273892164 -0.0111664002761 0.188043728471
      vertex 0.088292427361 -0.0083339177072 0.185902580619
      vertex 0.0859024077654 -0.0100476695225 0.182913824916
    endloop
  endfacet
  facet normal -0.460359930992 0.222349688411 -0.859435498714
    outer loop
      vertex 0.088595405221 -0.0066251042299 0.181496545672
      vertex 0.0877264663577 -0.00750184757635 0.183086290956
      vertex 0.0894728079438 -0.00686984136701 0.184259101748
    endloop
  endfacet
  facet normal -0.805716395378 0.0520729646087 -0.590008080006
    outer loop
      vertex 0.0894728079438 -0.00686984136701 0.184259101748
      vertex 0.0897494778037 -0.00674741622061 0.187152922153
      vertex 0.0913469865918 -0.00454510329291 0.186917737126
    endloop
  endfacet
  facet normal -0.813333332539 0.274226039648 -0.513116955757
    outer loop
      vertex 0.0872273892164 -0.0111664002761 0.188043728471
      vertex 0.0887666270137 -0.00906756334007 0.18868175149
      vertex 0.088292427361 -0.0083339177072 0.185902580619
    endloop
  endfacet
  facet normal -0.828378260136 0.337704509497 -0.446928530931
    outer loop
      vertex 0.0872273892164 -0.0111664002761 0.188043728471
      vertex 0.0843200460076 -0.0157788991928 0.187016442418
      vertex 0.0869565755129 -0.0139795839787 0.191102489829
    endloop
  endfacet
  facet normal -0.866723537445 0.36338609457 -0.34167355299
    outer loop
      vertex 0.0903646200895 -0.0119356457144 0.196147188544
      vertex 0.0909420847893 -0.00863803643733 0.194423928857
      vertex 0.0892412886024 -0.00980097893625 0.191460773349
    endloop
  endfacet
  facet normal -0.804502785206 0.291132718325 -0.517703592777
    outer loop
      vertex 0.0845990180969 -0.0174831189215 0.190817847848
      vertex 0.0869565755129 -0.0139795839787 0.191102489829
      vertex 0.0843200460076 -0.0157788991928 0.187016442418
    endloop
  endfacet
  facet normal -0.671819269657 0.34350669384 -0.656248450279
    outer loop
      vertex 0.0828089863062 -0.0190259777009 0.190264493227
      vertex 0.0845990180969 -0.0174831189215 0.190817847848
      vertex 0.0843200460076 -0.0157788991928 0.187016442418
    endloop
  endfacet
  facet normal -0.662123024464 0.428445875645 -0.614839196205
    outer loop
      vertex 0.0815515369177 -0.0220094807446 0.192602694035
      vertex 0.0828089863062 -0.0190259777009 0.190264493227
      vertex 0.0810184702277 -0.0205686055124 0.189711168408
    endloop
  endfacet
  facet normal -0.736147940159 0.405647009611 -0.541790306568
    outer loop
      vertex 0.0815515369177 -0.0220094807446 0.192602694035
      vertex 0.079801119864 -0.0256570316851 0.194297865033
      vertex 0.0820846259594 -0.0234501250088 0.195494264364
    endloop
  endfacet
  facet normal -0.691963195801 0.356304824352 -0.627880454063
    outer loop
      vertex 0.0861999616027 -0.0181748438627 0.195049926639
      vertex 0.0839093178511 -0.0197466425598 0.193371191621
      vertex 0.0842851474881 -0.0210274197161 0.196358084679
    endloop
  endfacet
  facet normal -0.750426828861 0.400437831879 -0.525841295719
    outer loop
      vertex 0.0820846259594 -0.0234501250088 0.195494264364
      vertex 0.08113386482 -0.0253729000688 0.196237444878
      vertex 0.0839420109987 -0.0231493413448 0.198580056429
    endloop
  endfacet
  facet normal -0.668051481247 0.544234335423 -0.507460594177
    outer loop
      vertex 0.0842851474881 -0.0210274197161 0.196358084679
      vertex 0.0862662568688 -0.0219391994178 0.199640065432
      vertex 0.0877077579498 -0.0182985365391 0.198014855385
    endloop
  endfacet
  facet normal -0.744193315506 0.583520829678 -0.32508417964
    outer loop
      vertex 0.0839420109987 -0.0231493413448 0.198580056429
      vertex 0.08113386482 -0.0253729000688 0.196237444878
      vertex 0.0838862806559 -0.0253938063979 0.19975939393
    endloop
  endfacet
  facet normal -0.440076470375 0.895985126495 -0.0595263950527
    outer loop
      vertex 0.0815082266927 -0.027070235461 0.19870275259
      vertex 0.0834822952747 -0.0293895713985 0.199826434255
      vertex 0.0838862806559 -0.0253938063979 0.19975939393
    endloop
  endfacet
  facet normal -0.22722786665 0.960372030735 0.161409512162
    outer loop
      vertex 0.0814791023731 -0.0328385531902 0.198772802949
      vertex 0.0863315165043 -0.0320796445012 0.200048446655
      vertex 0.0834822952747 -0.0293895713985 0.199826434255
    endloop
  endfacet
  facet normal 0.1540877074 0.987146675587 -0.0424073934555
    outer loop
      vertex 0.0898894667625 -0.0299362465739 0.199403554201
      vertex 0.0903818830848 -0.0250854417682 0.199118301272
      vertex 0.0864436253905 -0.0256054662168 0.199755385518
    endloop
  endfacet
  facet normal -0.0535464324057 0.996510028839 -0.0640353634953
    outer loop
      vertex 0.0903818830848 -0.0250854417682 0.199118301272
      vertex 0.0898894667625 -0.0299362465739 0.199403554201
      vertex 0.093182913959 -0.0293367467821 0.19954200089
    endloop
  endfacet
  facet normal -0.0772749856114 0.992087364197 -0.0989504233003
    outer loop
      vertex 0.0886102542281 -0.0356577113271 0.200582817197
      vertex 0.0863315165043 -0.0320796445012 0.200048446655
      vertex 0.0864641740918 -0.0361656807363 0.200466319919
    endloop
  endfacet
  facet normal 0.0131462672725 0.961081385612 0.275952458382
    outer loop
      vertex 0.0886102542281 -0.0356577113271 0.200582817197
      vertex 0.0864641740918 -0.0361656807363 0.200466319919
      vertex 0.0888791680336 -0.0374093689024 0.200076192617
    endloop
  endfacet
  facet normal 0.0705952569842 0.829830527306 0.553532004356
    outer loop
      vertex 0.0888791680336 -0.0374093689024 0.200076192617
      vertex 0.0875678136945 -0.0394113846123 0.198852330446
      vertex 0.0896837562323 -0.0392913669348 0.198752373457
    endloop
  endfacet
  facet normal 0.0169869028032 0.66338801384 0.748082756996
    outer loop
      vertex 0.0884765014052 -0.0411716476083 0.196662947536
      vertex 0.0922718793154 -0.0407428070903 0.197049349546
      vertex 0.0896837562323 -0.0392913669348 0.198752373457
    endloop
  endfacet
  facet normal -0.0291842333972 0.830815911293 0.555781543255
    outer loop
      vertex 0.0922718793154 -0.0407428070903 0.197049349546
      vertex 0.0943914428353 -0.0401226319373 0.197538688779
      vertex 0.0931425392628 -0.0389511883259 0.198278456926
    endloop
  endfacet
  facet normal 0.0804845616221 0.877679467201 0.472441494465
    outer loop
      vertex 0.0952022373676 -0.0389808155596 0.198073640466
      vertex 0.093304939568 -0.0378055907786 0.19888022542
      vertex 0.0931425392628 -0.0389511883259 0.198278456926
    endloop
  endfacet
  facet normal 0.267298966646 0.858964323997 0.436728239059
    outer loop
      vertex 0.091342613101 -0.0383651256561 0.198940262198
      vertex 0.0915526226163 -0.0374324508011 0.199349105358
      vertex 0.0906838849187 -0.0375706069171 0.199549213052
    endloop
  endfacet
  facet normal 0.179016366601 0.927942633629 0.326918333769
    outer loop
      vertex 0.0926845297217 -0.0362860448658 0.199534624815
      vertex 0.0905494093895 -0.0366949029267 0.199802488089
      vertex 0.0915526226163 -0.0374324508011 0.199349105358
    endloop
  endfacet
  facet normal 0.131033837795 0.930810809135 0.341205686331
    outer loop
      vertex 0.093304939568 -0.0378055907786 0.19888022542
      vertex 0.0957526490092 -0.0380263216794 0.198454737663
      vertex 0.0951974019408 -0.0361196286976 0.19923183322
    endloop
  endfacet
  facet normal 0.0426576510072 0.956896424294 0.287279576063
    outer loop
      vertex 0.0950003042817 -0.0342995300889 0.199787050486
      vertex 0.0951974019408 -0.0361196286976 0.19923183322
      vertex 0.095975227654 -0.0344421640038 0.199700772762
    endloop
  endfacet
  facet normal 0.155851006508 0.971747934818 0.177246853709
    outer loop
      vertex 0.0913071706891 -0.0336618982255 0.200234174728
      vertex 0.0905494093895 -0.0366949029267 0.199802488089
      vertex 0.0926845297217 -0.0362860448658 0.199534624815
    endloop
  endfacet
  facet normal 0.0319079346955 0.994487285614 0.0998843312263
    outer loop
      vertex 0.096092030406 -0.0334150902927 0.199840858579
      vertex 0.0952526554465 -0.0322483554482 0.199984967709
      vertex 0.0950003042817 -0.0342995300889 0.199787050486
    endloop
  endfacet
  facet normal -0.0756423845887 0.978967666626 -0.189474254847
    outer loop
      vertex 0.0913071706891 -0.0336618982255 0.200234174728
      vertex 0.093182913959 -0.0293367467821 0.19954200089
      vertex 0.0898894667625 -0.0299362465739 0.199403554201
    endloop
  endfacet
  facet normal 0.0613678731024 0.995003402233 0.0787539109588
    outer loop
      vertex 0.096092030406 -0.0334150902927 0.199840858579
      vertex 0.0966034978628 -0.0323689430952 0.199892118573
      vertex 0.0952526554465 -0.0322483554482 0.199984967709
    endloop
  endfacet
  facet normal 0.0720185860991 0.990192651749 -0.119715504348
    outer loop
      vertex 0.0987446010113 -0.0299781635404 0.199858024716
      vertex 0.0967473313212 -0.0271107703447 0.199656620622
      vertex 0.0962108746171 -0.0303285643458 0.200084671378
    endloop
  endfacet
  facet normal 0.175860062242 0.979654014111 0.0967016369104
    outer loop
      vertex 0.097532697022 -0.0340681113303 0.199557587504
      vertex 0.099516056478 -0.0330906435847 0.199298039079
      vertex 0.0966034978628 -0.0323689430952 0.199892118573
    endloop
  endfacet
  facet normal 0.393353074789 0.907009780407 0.150355100632
    outer loop
      vertex 0.099516056478 -0.0330906435847 0.199298039079
      vertex 0.103991791606 -0.0338533483446 0.197230562568
      vertex 0.103035859764 -0.030939552933 0.198128148913
    endloop
  endfacet
  facet normal 0.231337696314 0.945881605148 -0.227575957775
    outer loop
      vertex 0.0967473313212 -0.0271107703447 0.199656620622
      vertex 0.0987446010113 -0.0299781635404 0.199858024716
      vertex 0.10235247016 -0.0273617189378 0.198346123099
    endloop
  endfacet
  facet normal 0.231022030115 0.966192603111 -0.114458031952
    outer loop
      vertex 0.0985851213336 -0.0226566456258 0.198689550161
      vertex 0.0967473313212 -0.0271107703447 0.199656620622
      vertex 0.10235247016 -0.0273617189378 0.198346123099
    endloop
  endfacet
  facet normal 0.519462168217 0.849602103233 0.0912978872657
    outer loop
      vertex 0.103035859764 -0.030939552933 0.198128148913
      vertex 0.103991791606 -0.0338533483446 0.197230562568
      vertex 0.105523057282 -0.0321817398071 0.196473941207
    endloop
  endfacet
  facet normal 0.280389785767 0.959855914116 -0.00762906018645
    outer loop
      vertex 0.107635617256 -0.0322297476232 0.195857211947
      vertex 0.10775770992 -0.0304252691567 0.19580720365
      vertex 0.105523057282 -0.0321817398071 0.196473941207
    endloop
  endfacet
  facet normal 0.0941696763039 0.992661595345 -0.0758616030216
    outer loop
      vertex 0.10775770992 -0.0304252691567 0.19580720365
      vertex 0.110419973731 -0.0308476760983 0.195586934686
      vertex 0.110048800707 -0.0284240506589 0.195436924696
    endloop
  endfacet
  facet normal -0.0034549550619 0.997554898262 0.0698019787669
    outer loop
      vertex 0.110740281641 -0.025504976511 0.195436164737
      vertex 0.108759880066 -0.0252554155886 0.195446774364
      vertex 0.109198309481 -0.0262092202902 0.195381551981
    endloop
  endfacet
  facet normal 0.109809011221 0.942762851715 -0.314865320921
    outer loop
      vertex 0.11363479495 -0.0267712809145 0.195521950722
      vertex 0.113660342991 -0.0225211270154 0.194099500775
      vertex 0.110740281641 -0.025504976511 0.195436164737
    endloop
  endfacet
  facet normal -0.0739226043224 0.995993435383 -0.0503246709704
    outer loop
      vertex 0.110048800707 -0.0284240506589 0.195436924696
      vertex 0.110419973731 -0.0308476760983 0.195586934686
      vertex 0.113530702889 -0.030551943928 0.195802867413
    endloop
  endfacet
  facet normal 0.306218355894 0.83130466938 -0.463856488466
    outer loop
      vertex 0.11363479495 -0.0267712809145 0.195521950722
      vertex 0.116793818772 -0.0289793387055 0.195590361953
      vertex 0.119156524539 -0.0254194140434 0.19273366034
    endloop
  endfacet
  facet normal -0.079688385129 0.996356785297 0.0303794071078
    outer loop
      vertex 0.112359955907 -0.0340516902506 0.1956025213
      vertex 0.11615780741 -0.0335810407996 0.195920616388
      vertex 0.113530702889 -0.030551943928 0.195802867413
    endloop
  endfacet
  facet normal -0.0420367904007 0.999032437801 -0.0129245808348
    outer loop
      vertex 0.119767978787 -0.036223795265 0.19610671699
      vertex 0.119961671531 -0.0319511294365 0.196059599519
      vertex 0.11615780741 -0.0335810407996 0.195920616388
    endloop
  endfacet
  facet normal -0.145434632897 0.960709691048 0.236401379108
    outer loop
      vertex 0.118667468429 -0.0401555933058 0.194972619414
      vertex 0.12236815691 -0.0375124923885 0.196183234453
      vertex 0.119767978787 -0.036223795265 0.19610671699
    endloop
  endfacet
  facet normal -0.0649296119809 0.997687578201 -0.0200922861695
    outer loop
      vertex 0.125665575266 -0.0345111861825 0.195949852467
      vertex 0.125388607383 -0.0395513810217 0.196033328772
      vertex 0.128162875772 -0.0359581559896 0.196141511202
    endloop
  endfacet
  facet normal -0.014112633653 0.916414618492 0.399981379509
    outer loop
      vertex 0.12236815691 -0.0375124923885 0.196183234453
      vertex 0.118667468429 -0.0401555933058 0.194972619414
      vertex 0.121283821762 -0.0425694584846 0.193959355354
    endloop
  endfacet
  facet normal -0.288297325373 0.863938391209 0.412910550833
    outer loop
      vertex 0.129241704941 -0.0426962450147 0.19581605494
      vertex 0.125388607383 -0.0395513810217 0.196033328772
      vertex 0.125924631953 -0.0443186983466 0.193933710456
    endloop
  endfacet
  facet normal -0.328545242548 0.61650967598 0.715523481369
    outer loop
      vertex 0.125243917108 -0.0465392693877 0.190993741155
      vertex 0.125924631953 -0.0443186983466 0.193933710456
      vertex 0.122659035027 -0.0453001782298 0.191054329276
    endloop
  endfacet
  facet normal -0.34044778347 0.676530539989 0.652994453907
    outer loop
      vertex 0.121283821762 -0.0425694584846 0.193959355354
      vertex 0.118667468429 -0.0401555933058 0.194972619414
      vertex 0.119382254779 -0.044011130929 0.191610917449
    endloop
  endfacet
  facet normal -0.0502977855504 0.963273406029 0.263769775629
    outer loop
      vertex 0.118667468429 -0.0401555933058 0.194972619414
      vertex 0.119767978787 -0.036223795265 0.19610671699
      vertex 0.116147227585 -0.0378166139126 0.19548150897
    endloop
  endfacet
  facet normal -0.0960827320814 0.983374655247 0.154085665941
    outer loop
      vertex 0.116147227585 -0.0378166139126 0.19548150897
      vertex 0.113964065909 -0.0359431058168 0.195561751723
      vertex 0.11331204325 -0.0379412248731 0.195184960961
    endloop
  endfacet
  facet normal -0.0736765936017 0.9046484828 0.419741421938
    outer loop
      vertex 0.110957831144 -0.0397989936173 0.19413125515
      vertex 0.11331204325 -0.0379412248731 0.195184960961
      vertex 0.111435681581 -0.0376761555672 0.195155128837
    endloop
  endfacet
  facet normal -0.00459850300103 0.49931114912 0.866410553455
    outer loop
      vertex 0.113633841276 -0.0435830950737 0.189843222499
      vertex 0.11525721848 -0.0417574942112 0.193025976419
      vertex 0.109447397292 -0.0425152480602 0.191657617688
    endloop
  endfacet
  facet normal -0.00796749256551 0.865775048733 0.500369906425
    outer loop
      vertex 0.108342863619 -0.0383603014052 0.194938674569
      vertex 0.106193073094 -0.0413093492389 0.193214505911
      vertex 0.110957831144 -0.0397989936173 0.19413125515
    endloop
  endfacet
  facet normal 0.20398619771 0.620546102524 0.757173776627
    outer loop
      vertex 0.106193073094 -0.0413093492389 0.193214505911
      vertex 0.102251395583 -0.0417660996318 0.193952903152
      vertex 0.105665422976 -0.043432995677 0.190796732903
    endloop
  endfacet
  facet normal 0.083706125617 0.313126623631 0.946015357971
    outer loop
      vertex 0.105665422976 -0.043432995677 0.190796732903
      vertex 0.102182783186 -0.0443222597241 0.189041092992
      vertex 0.104353092611 -0.0447188317776 0.187262803316
    endloop
  endfacet
  facet normal 0.171688213944 0.425758063793 0.888399243355
    outer loop
      vertex 0.111173704267 -0.0439274087548 0.188014820218
      vertex 0.109447397292 -0.0425152480602 0.191657617688
      vertex 0.10741571337 -0.0440729260445 0.189226597548
    endloop
  endfacet
  facet normal 0.00770747242495 -0.118465147913 0.99292832613
    outer loop
      vertex 0.114108145237 -0.0438874438405 0.187870755792
      vertex 0.111173704267 -0.0439274087548 0.188014820218
      vertex 0.110753528774 -0.0436250194907 0.185452967882
    endloop
  endfacet
  facet normal 0.351224243641 -0.568093657494 0.744252026081
    outer loop
      vertex 0.112039409578 -0.0415927916765 0.183585569263
      vertex 0.114108145237 -0.0438874438405 0.187870755792
      vertex 0.110753528774 -0.0436250194907 0.185452967882
    endloop
  endfacet
  facet normal 0.0792503282428 -0.841417253017 0.534543097019
    outer loop
      vertex 0.107640966773 -0.0408566221595 0.182512462139
      vertex 0.107991866767 -0.043398424983 0.184160292149
      vertex 0.105455949903 -0.0434748008847 0.183969974518
    endloop
  endfacet
  facet normal 0.0793036818504 -0.841392695904 0.534573972225
    outer loop
      vertex 0.105455949903 -0.0434748008847 0.183969974518
      vertex 0.1052037552 -0.0413417443633 0.182590976357
      vertex 0.107640966773 -0.0408566221595 0.182512462139
    endloop
  endfacet
  facet normal 0.0745784342289 -0.225720614195 0.971333265305
    outer loop
      vertex 0.104353092611 -0.0447188317776 0.187262803316
      vertex 0.106638364494 -0.0440600588918 0.185182988644
      vertex 0.108249902725 -0.0442729890347 0.18663173914
    endloop
  endfacet
  facet normal -0.286075681448 -0.137669101357 0.948265731335
    outer loop
      vertex 0.102182783186 -0.0443222597241 0.189041092992
      vertex 0.102517850697 -0.043895021081 0.185402020812
      vertex 0.104353092611 -0.0447188317776 0.187262803316
    endloop
  endfacet
  facet normal -0.0939139351249 -0.534609794617 0.839864611626
    outer loop
      vertex 0.103843741119 -0.0432389006019 0.183882579207
      vertex 0.105455949903 -0.0434748008847 0.183969974518
      vertex 0.104890502989 -0.0439470484853 0.184811189771
    endloop
  endfacet
  facet normal -0.310585945845 -0.571883678436 0.759266376495
    outer loop
      vertex 0.102517850697 -0.043895021081 0.185402020812
      vertex 0.0984810963273 -0.0414298251271 0.184321403503
      vertex 0.101478412747 -0.0415361747146 0.182834789157
    endloop
  endfacet
  facet normal -0.0344228632748 -0.837430596352 0.545458614826
    outer loop
      vertex 0.1052037552 -0.0413417443633 0.182590976357
      vertex 0.105455949903 -0.0434748008847 0.183969974518
      vertex 0.103843741119 -0.0432389006019 0.183882579207
    endloop
  endfacet
  facet normal -0.387748420238 -0.742720842361 0.545909225941
    outer loop
      vertex 0.101478412747 -0.0415361747146 0.182834789157
      vertex 0.0984810963273 -0.0414298251271 0.184321403503
      vertex 0.0993212386966 -0.0393721051514 0.182370349765
    endloop
  endfacet
  facet normal -0.379204720259 -0.743800938129 0.550421595573
    outer loop
      vertex 0.0984810963273 -0.0414298251271 0.184321403503
      vertex 0.0973789021373 -0.0397200919688 0.183618098497
      vertex 0.0993212386966 -0.0393721051514 0.182370349765
    endloop
  endfacet
  facet normal -0.512731432915 -0.677107155323 0.52785640955
    outer loop
      vertex 0.0953506082296 -0.0401403196156 0.185481607914
      vertex 0.0958739891648 -0.0376755818725 0.183163836598
      vertex 0.0973789021373 -0.0397200919688 0.183618098497
    endloop
  endfacet
  facet normal -0.413146883249 -0.776031136513 0.476534694433
    outer loop
      vertex 0.0973789021373 -0.0397200919688 0.183618098497
      vertex 0.0958739891648 -0.0376755818725 0.183163836598
      vertex 0.0993212386966 -0.0393721051514 0.182370349765
    endloop
  endfacet
  facet normal -0.460027039051 -0.863517403603 0.206670790911
    outer loop
      vertex 0.0965690016747 -0.0363123454154 0.181853756309
      vertex 0.0942166596651 -0.0349874608219 0.182789847255
      vertex 0.0959277451038 -0.0339950658381 0.181640774012
    endloop
  endfacet
  facet normal -0.37391346693 -0.858946979046 0.349855452776
    outer loop
      vertex 0.0959277451038 -0.0339950658381 0.181640774012
      vertex 0.0942166596651 -0.0349874608219 0.182789847255
      vertex 0.0926333218813 -0.0325887612998 0.182502090931
    endloop
  endfacet
  facet normal -0.354342073202 -0.871711611748 0.338468015194
    outer loop
      vertex 0.0942166596651 -0.0349874608219 0.182789847255
      vertex 0.0920807644725 -0.033872179687 0.183225020766
      vertex 0.0926333218813 -0.0325887612998 0.182502090931
    endloop
  endfacet
  facet normal -0.42381477356 -0.703013062477 0.571098685265
    outer loop
      vertex 0.0953506082296 -0.0401403196156 0.185481607914
      vertex 0.0933443754911 -0.0373422913253 0.184418067336
      vertex 0.0958739891648 -0.0376755818725 0.183163836598
    endloop
  endfacet
  facet normal -0.394373744726 -0.806434988976 0.440604090691
    outer loop
      vertex 0.0942166596651 -0.0349874608219 0.182789847255
      vertex 0.0923857018352 -0.0355561859906 0.183995977044
      vertex 0.0920807644725 -0.033872179687 0.183225020766
    endloop
  endfacet
  facet normal -0.409453898668 -0.705434799194 0.578540563583
    outer loop
      vertex 0.0915831923485 -0.0363906659186 0.184659868479
      vertex 0.0933443754911 -0.0373422913253 0.184418067336
      vertex 0.0919382125139 -0.0380792655051 0.185838654637
    endloop
  endfacet
  facet normal -0.320570141077 -0.792999386787 0.518060624599
    outer loop
      vertex 0.0915831923485 -0.0363906659186 0.184659868479
      vertex 0.090269960463 -0.0361288152635 0.185019671917
      vertex 0.0904753133655 -0.0355412550271 0.184552803636
    endloop
  endfacet
  facet normal -0.254506021738 -0.861037254333 0.440274357796
    outer loop
      vertex 0.0923857018352 -0.0355561859906 0.183995977044
      vertex 0.0912782549858 -0.034706659615 0.183888927102
      vertex 0.0920807644725 -0.033872179687 0.183225020766
    endloop
  endfacet
  facet normal 0.0554486140609 -0.834841191769 0.547691166401
    outer loop
      vertex 0.0900855958462 -0.0346962101758 0.183972537518
      vertex 0.0904753133655 -0.0355412550271 0.184552803636
      vertex 0.089864872396 -0.0354524813592 0.184454023838
    endloop
  endfacet
  facet normal -0.0619172267616 -0.809208214283 0.584250211716
    outer loop
      vertex 0.0912782549858 -0.034706659615 0.183888927102
      vertex 0.0910178571939 -0.0341433398426 0.183502137661
      vertex 0.0920807644725 -0.033872179687 0.183225020766
    endloop
  endfacet
  facet normal 0.0419360809028 -0.865849137306 0.498544484377
    outer loop
      vertex 0.0896159857512 -0.0341854840517 0.183655723929
      vertex 0.0900855958462 -0.0346962101758 0.183972537518
      vertex 0.089305691421 -0.0350922048092 0.184162780643
    endloop
  endfacet
  facet normal -0.140110626817 -0.912803947926 0.383611708879
    outer loop
      vertex 0.0920807644725 -0.033872179687 0.183225020766
      vertex 0.0910178571939 -0.0341433398426 0.183502137661
      vertex 0.0906413644552 -0.0329907312989 0.183075532317
    endloop
  endfacet
  facet normal 0.0588359497488 -0.900832056999 0.430162727833
    outer loop
      vertex 0.088998042047 -0.0340212546289 0.183536946774
      vertex 0.0892160311341 -0.0334744676948 0.183290079236
      vertex 0.0896159857512 -0.0341854840517 0.183655723929
    endloop
  endfacet
  facet normal 0.150190725923 -0.929018974304 0.338181227446
    outer loop
      vertex 0.0885795354843 -0.0333789102733 0.183152392507
      vertex 0.0889105498791 -0.0327122211456 0.182963222265
      vertex 0.0892160311341 -0.0334744676948 0.183290079236
    endloop
  endfacet
  facet normal 0.0657721087337 -0.945486426353 0.318950504065
    outer loop
      vertex 0.0894269868731 -0.0312131233513 0.182493448257
      vertex 0.0889105498791 -0.0327122211456 0.182963222265
      vertex 0.088247962296 -0.0319080613554 0.182645857334
    endloop
  endfacet
  facet normal -0.0728622972965 -0.944024801254 0.321727007627
    outer loop
      vertex 0.0908180400729 -0.0312974154949 0.182414799929
      vertex 0.0894269868731 -0.0312131233513 0.182493448257
      vertex 0.0906381607056 -0.0288968756795 0.181610569358
    endloop
  endfacet
  facet normal -0.169433131814 -0.888090133667 0.427303612232
    outer loop
      vertex 0.0926333218813 -0.0325887612998 0.182502090931
      vertex 0.0920807644725 -0.033872179687 0.183225020766
      vertex 0.0906413644552 -0.0329907312989 0.183075532317
    endloop
  endfacet
  facet normal -0.226265847683 -0.918378472328 0.324630200863
    outer loop
      vertex 0.09234944731 -0.0306117795408 0.18179513514
      vertex 0.0908180400729 -0.0312974154949 0.182414799929
      vertex 0.0906381607056 -0.0288968756795 0.181610569358
    endloop
  endfacet
  facet normal -0.3547295928 -0.890230953693 0.285754710436
    outer loop
      vertex 0.0926333218813 -0.0325887612998 0.182502090931
      vertex 0.0954911112785 -0.0309295617044 0.18083076179
      vertex 0.0959277451038 -0.0339950658381 0.181640774012
    endloop
  endfacet
  facet normal -0.259547472 -0.897863984108 0.355633795261
    outer loop
      vertex 0.09234944731 -0.0306117795408 0.18179513514
      vertex 0.0906381607056 -0.0288968756795 0.181610569358
      vertex 0.0927657410502 -0.0285444073379 0.180855944753
    endloop
  endfacet
  facet normal -0.317449808121 -0.736449897289 0.597383618355
    outer loop
      vertex 0.092531695962 -0.0272444542497 0.179902344942
      vertex 0.0951382368803 -0.0284037217498 0.179719150066
      vertex 0.0927657410502 -0.0285444073379 0.180855944753
    endloop
  endfacet
  facet normal -0.35450938344 -0.860163152218 0.366663873196
    outer loop
      vertex 0.0954911112785 -0.0309295617044 0.18083076179
      vertex 0.0966289713979 -0.0286214724183 0.179377928376
      vertex 0.0977979078889 -0.0320041887462 0.1803381145
    endloop
  endfacet
  facet normal -0.236806571484 -0.747063159943 0.621143519878
    outer loop
      vertex 0.0966781824827 -0.027555692941 0.178525924683
      vertex 0.0951382368803 -0.0284037217498 0.179719150066
      vertex 0.0952017456293 -0.0272573195398 0.17874583602
    endloop
  endfacet
  facet normal -0.328062027693 -0.872899353504 0.361139863729
    outer loop
      vertex 0.0983494222164 -0.0291503444314 0.178950130939
      vertex 0.0977979078889 -0.0320041887462 0.1803381145
      vertex 0.0966289713979 -0.0286214724183 0.179377928376
    endloop
  endfacet
  facet normal -0.193050563335 -0.695239126682 0.692368447781
    outer loop
      vertex 0.0975187420845 -0.0266585033387 0.177399024367
      vertex 0.0966781824827 -0.027555692941 0.178525924683
      vertex 0.0961414277554 -0.0266787149012 0.177801609039
    endloop
  endfacet
  facet normal -0.132138133049 -0.703812599182 0.697988033295
    outer loop
      vertex 0.0978293195367 -0.0258596278727 0.176548451185
      vertex 0.0985803678632 -0.0263671353459 0.176910758018
      vertex 0.0975187420845 -0.0266585033387 0.177399024367
    endloop
  endfacet
  facet normal -0.122249260545 -0.790832579136 0.599699020386
    outer loop
      vertex 0.100647367537 -0.028032541275 0.177849829197
      vertex 0.0991368815303 -0.0275167524815 0.177692204714
      vertex 0.0994864404202 -0.0264748632908 0.176848083735
    endloop
  endfacet
  facet normal -0.145885765553 -0.69028621912 0.708676457405
    outer loop
      vertex 0.0989798381925 -0.0258077122271 0.176252007484
      vertex 0.0985803678632 -0.0263671353459 0.176910758018
      vertex 0.0978293195367 -0.0258596278727 0.176548451185
    endloop
  endfacet
  facet normal -0.0756727904081 -0.713751912117 0.696298658848
    outer loop
      vertex 0.0989798381925 -0.0258077122271 0.176252007484
      vertex 0.0979955792427 -0.0251389592886 0.175703957677
      vertex 0.0987495183945 -0.0247700661421 0.175264149904
    endloop
  endfacet
  facet normal -0.222652778029 -0.702670574188 0.675780892372
    outer loop
      vertex 0.091393455863 -0.0217622891068 0.172789275646
      vertex 0.0921573713422 -0.0219117701054 0.172690972686
      vertex 0.0918704122305 -0.022238124162 0.17309576273
    endloop
  endfacet
  facet normal 0.0239959396422 -0.647396862507 0.761775255203
    outer loop
      vertex 0.0980991572142 -0.0246615372598 0.175134062767
      vertex 0.0976671352983 -0.0244464017451 0.174864903092
      vertex 0.0984832048416 -0.0244034305215 0.174844577909
    endloop
  endfacet
  facet normal -0.267791628838 -0.925795614719 0.266814678907
    outer loop
      vertex 0.0932389199734 -0.0175954513252 0.169846221805
      vertex 0.0938611626625 -0.0178945846856 0.169752448797
      vertex 0.09331163764 -0.0182967893779 0.170027315617
    endloop
  endfacet
  facet normal -0.181782960892 -0.901966571808 0.391677469015
    outer loop
      vertex 0.0937378108501 -0.0187822915614 0.170152246952
      vertex 0.0929347872734 -0.0187320224941 0.170292258263
      vertex 0.09331163764 -0.0182967893779 0.170027315617
    endloop
  endfacet
  facet normal -0.00710377283394 -0.770026803017 0.637971937656
    outer loop
      vertex 0.0982422828674 -0.0197126492858 0.170256659389
      vertex 0.0975624471903 -0.0198865160346 0.170406982303
      vertex 0.0980696156621 -0.0193156227469 0.169929310679
    endloop
  endfacet
  facet normal -0.0443681441247 -0.885321140289 0.462858438492
    outer loop
      vertex 0.0953337177634 -0.0196571871638 0.170443430543
      vertex 0.095759190619 -0.0192360710353 0.170201942325
      vertex 0.0960028544068 -0.0199554041028 0.170565798879
    endloop
  endfacet
  facet normal -0.00769766839221 -0.750132143497 0.661243140697
    outer loop
      vertex 0.0967684388161 -0.0211282484233 0.1714053303
      vertex 0.096595197916 -0.0217217691243 0.171930298209
      vertex 0.0960852876306 -0.0215050168335 0.171744465828
    endloop
  endfacet
  facet normal -0.409516662359 -0.692802429199 0.59356623888
    outer loop
      vertex 0.0885932892561 -0.0210531577468 0.173432901502
      vertex 0.0881747528911 -0.0212969984859 0.173889219761
      vertex 0.0879394933581 -0.0207875855267 0.173591837287
    endloop
  endfacet
  facet normal 0.00679708970711 -0.630977988243 0.775770962238
    outer loop
      vertex 0.0974499806762 -0.0249377638102 0.175466671586
      vertex 0.0976671352983 -0.0244464017451 0.174864903092
      vertex 0.0980991572142 -0.0246615372598 0.175134062767
    endloop
  endfacet
  facet normal -0.0191636737436 -0.680072665215 0.732894182205
    outer loop
      vertex 0.0957131832838 -0.023158531636 0.173407360911
      vertex 0.0962014272809 -0.0227025114 0.172902166843
      vertex 0.096408829093 -0.0232459455729 0.173481956124
    endloop
  endfacet
  facet normal 0.133511528373 -0.733259141445 0.666712641716
    outer loop
      vertex 0.0990516468883 -0.0197129920125 0.170386254787
      vertex 0.0986897349358 -0.0199051313102 0.170495063066
      vertex 0.0985605567694 -0.019518211484 0.170119732618
    endloop
  endfacet
  facet normal 0.0985335335135 -0.73052585125 0.675738930702
    outer loop
      vertex 0.0985605567694 -0.019518211484 0.170119732618
      vertex 0.0986897349358 -0.0199051313102 0.170495063066
      vertex 0.0982422828674 -0.0197126492858 0.170256659389
    endloop
  endfacet
  facet normal 0.00169349729549 -0.66652071476 0.74548459053
    outer loop
      vertex 0.097101829946 -0.0234101712704 0.173667401075
      vertex 0.0965253338218 -0.0236222967505 0.17390319705
      vertex 0.096408829093 -0.0232459455729 0.173481956124
    endloop
  endfacet
  facet normal -0.0578195117414 -0.890129268169 0.452025204897
    outer loop
      vertex 0.0953337177634 -0.0196571871638 0.170443430543
      vertex 0.0951472893357 -0.0190974548459 0.170171290636
      vertex 0.095759190619 -0.0192360710353 0.170201942325
    endloop
  endfacet
  facet normal -0.150225892663 -0.605067312717 0.781873226166
    outer loop
      vertex 0.0929432660341 -0.0237129032612 0.174478814006
      vertex 0.0935643836856 -0.0237837173045 0.17441610992
      vertex 0.0933045446873 -0.024031650275 0.174801006913
    endloop
  endfacet
  facet normal -0.0420864932239 -0.928984820843 0.36771723628
    outer loop
      vertex 0.095593996346 -0.0186540447176 0.169979035854
      vertex 0.0962624028325 -0.0186044350266 0.169929116964
      vertex 0.095759190619 -0.0192360710353 0.170201942325
    endloop
  endfacet
  facet normal -0.449009180069 -0.7457010746 0.492260754108
    outer loop
      vertex 0.087281703949 -0.0206867866218 0.173921361566
      vertex 0.0876557528973 -0.0201243124902 0.173324838281
      vertex 0.0879394933581 -0.0207875855267 0.173591837287
    endloop
  endfacet
  facet normal -0.369688659906 -0.708612143993 0.600998461246
    outer loop
      vertex 0.0889521986246 -0.0207048840821 0.172950267792
      vertex 0.0892769545317 -0.021405223757 0.173374831676
      vertex 0.0885932892561 -0.0210531577468 0.173432901502
    endloop
  endfacet
  facet normal 0.0453019328415 -0.780354082584 0.623694837093
    outer loop
      vertex 0.0985605567694 -0.019518211484 0.170119732618
      vertex 0.0982422828674 -0.0197126492858 0.170256659389
      vertex 0.0980696156621 -0.0193156227469 0.169929310679
    endloop
  endfacet
  facet normal -0.0611364170909 -0.649088025093 0.758252680302
    outer loop
      vertex 0.0980696156621 -0.0193156227469 0.169929310679
      vertex 0.0984473675489 -0.0191161334515 0.169660702348
      vertex 0.0985605567694 -0.019518211484 0.170119732618
    endloop
  endfacet
  facet normal 0.22947460413 -0.813436150551 0.534474551678
    outer loop
      vertex 0.0990516468883 -0.0197129920125 0.170386254787
      vertex 0.0985605567694 -0.019518211484 0.170119732618
      vertex 0.0987850874662 -0.0192552134395 0.170010268688
    endloop
  endfacet
  facet normal -0.310518056154 -0.535449683666 0.78541213274
    outer loop
      vertex 0.0909212455153 -0.0236750543118 0.175217151642
      vertex 0.0900730341673 -0.0233813673258 0.175278261304
      vertex 0.0905031710863 -0.0232347510755 0.174813762307
    endloop
  endfacet
  facet normal 0.0278075505048 -0.812841653824 0.581820607185
    outer loop
      vertex 0.0991717129946 -0.0206565782428 0.171137437224
      vertex 0.098942629993 -0.0204886719584 0.171009406447
      vertex 0.0991649478674 -0.0201139263809 0.170748770237
    endloop
  endfacet
  facet normal -0.338623464108 -0.484193503857 0.806778013706
    outer loop
      vertex 0.089888304472 -0.0236949883401 0.175908371806
      vertex 0.0905355140567 -0.0238895863295 0.175779983401
      vertex 0.0902241617441 -0.0240016505122 0.176184460521
    endloop
  endfacet
  facet normal -0.330231189728 -0.458606690168 0.825001358986
    outer loop
      vertex 0.0907346531749 -0.0243575982749 0.176457181573
      vertex 0.0898245424032 -0.0240717921406 0.176598384976
      vertex 0.0902241617441 -0.0240016505122 0.176184460521
    endloop
  endfacet
  facet normal -0.310865789652 -0.80179131031 0.510385334492
    outer loop
      vertex 0.0902233123779 -0.0198599100113 0.171716228127
      vertex 0.0904216244817 -0.0191461145878 0.171184971929
      vertex 0.0908141583204 -0.0196893140674 0.171378552914
    endloop
  endfacet
  facet normal -0.260541409254 -0.825788915157 0.500190794468
    outer loop
      vertex 0.0911930203438 -0.0191655643284 0.170941784978
      vertex 0.0914465710521 -0.0198734663427 0.171290561557
      vertex 0.0908141583204 -0.0196893140674 0.171378552914
    endloop
  endfacet
  facet normal -0.185957103968 -0.910235285759 0.369988799095
    outer loop
      vertex 0.0914110392332 -0.017762735486 0.170240700245
      vertex 0.0920442715287 -0.0179723277688 0.170196518302
      vertex 0.0915203988552 -0.0185196138918 0.170525997877
    endloop
  endfacet
  facet normal -0.68272536993 -0.669128596783 0.293518215418
    outer loop
      vertex 0.0874257832766 -0.0169437937438 0.171706199646
      vertex 0.0864950120449 -0.0163707099855 0.172404497862
      vertex 0.0872991457582 -0.0158900693059 0.171373188496
    endloop
  endfacet
  facet normal -0.659038007259 -0.750329315662 -0.0517192482948
    outer loop
      vertex 0.0877416953444 -0.0141546092927 0.171104103327
      vertex 0.0881190896034 -0.0154835106805 0.170681029558
      vertex 0.0872991457582 -0.0158900693059 0.171373188496
    endloop
  endfacet
  facet normal -0.461191654205 -0.874941766262 -0.147577658296
    outer loop
      vertex 0.0890462175012 -0.0143044842407 0.170391201973
      vertex 0.0881190896034 -0.0154835106805 0.170681029558
      vertex 0.0877416953444 -0.0141546092927 0.171104103327
    endloop
  endfacet
  facet normal -0.574720144272 -0.736079037189 0.357609301805
    outer loop
      vertex 0.0883498340845 -0.0164920985699 0.170675322413
      vertex 0.0882704555988 -0.0170724242926 0.171019241214
      vertex 0.0878225341439 -0.0165893733501 0.171134293079
    endloop
  endfacet
  facet normal -0.391322255135 -0.587066113949 0.708674967289
    outer loop
      vertex 0.0880421623588 -0.0216906070709 0.174416095018
      vertex 0.0887558981776 -0.0217643957585 0.174029424787
      vertex 0.0884710773826 -0.0221969746053 0.174741461873
    endloop
  endfacet
  facet normal -0.342532932758 -0.497191488743 0.797164857388
    outer loop
      vertex 0.0893657878041 -0.0233059749007 0.175644636154
      vertex 0.0900730341673 -0.0233813673258 0.175278261304
      vertex 0.089888304472 -0.0236949883401 0.175908371806
    endloop
  endfacet
  facet normal -0.151965022087 -0.9853541255 0.0773556530476
    outer loop
      vertex 0.0926890745759 -0.0173719897866 0.169913470745
      vertex 0.0933730900288 -0.0167314447463 0.169757694006
      vertex 0.0932389199734 -0.0175954513252 0.169846221805
    endloop
  endfacet
  facet normal -0.548913419247 -0.735559225082 0.397047430277
    outer loop
      vertex 0.0875760540366 -0.0181890279055 0.172275215387
      vertex 0.0878961980343 -0.0188853126019 0.172412157059
      vertex 0.0874093770981 -0.018692407757 0.172671318054
    endloop
  endfacet
  facet normal -0.479113429785 -0.862140059471 -0.164817526937
    outer loop
      vertex 0.0890462175012 -0.0143044842407 0.170391201973
      vertex 0.0888853520155 -0.0161365307868 0.170130357146
      vertex 0.0881190896034 -0.0154835106805 0.170681029558
    endloop
  endfacet
  facet normal -0.484545588493 -0.871976673603 0.0698015540838
    outer loop
      vertex 0.0890462175012 -0.0143044842407 0.170391201973
      vertex 0.0877416953444 -0.0141546092927 0.171104103327
      vertex 0.0879593268037 -0.0132048260421 0.170907139778
    endloop
  endfacet
  facet normal -0.255364209414 -0.923078656197 -0.287602037191
    outer loop
      vertex 0.0892312824726 -0.00991030968726 0.171509534121
      vertex 0.0891136303544 -0.0114161921665 0.171072900295
      vertex 0.0874310359359 -0.0114815374836 0.171518012881
    endloop
  endfacet
  facet normal -0.72064691782 -0.692971229553 -0.021421821788
    outer loop
      vertex 0.0868172645569 -0.0130195710808 0.172100543976
      vertex 0.0879593268037 -0.0132048260421 0.170907139778
      vertex 0.0877416953444 -0.0141546092927 0.171104103327
    endloop
  endfacet
  facet normal -0.825770616531 -0.551862299442 0.116408094764
    outer loop
      vertex 0.0858138427138 -0.0114567298442 0.17327234149
      vertex 0.0868172645569 -0.0130195710808 0.172100543976
      vertex 0.0855842530727 -0.0132568469271 0.173995599151
    endloop
  endfacet
  facet normal -0.232254043221 -0.936969459057 -0.261048346758
    outer loop
      vertex 0.0892312824726 -0.00991030968726 0.171509534121
      vertex 0.0874310359359 -0.0114815374836 0.171518012881
      vertex 0.0869027376175 -0.00975814368576 0.172129124403
    endloop
  endfacet
  facet normal -0.87644970417 -0.465328723192 0.123713582754
    outer loop
      vertex 0.0858138427138 -0.0114567298442 0.17327234149
      vertex 0.0848741978407 -0.012525732629 0.175326362252
      vertex 0.0851910933852 -0.00995602365583 0.174046307802
    endloop
  endfacet
  facet normal -0.930914878845 -0.337864398956 -0.138726949692
    outer loop
      vertex 0.0847516879439 -0.00824261084199 0.175960510969
      vertex 0.0851910933852 -0.00995602365583 0.174046307802
      vertex 0.0842632055283 -0.0105079794303 0.176376268268
    endloop
  endfacet
  facet normal -0.657571017742 0.140335962176 -0.740206837654
    outer loop
      vertex 0.0847516879439 -0.00824261084199 0.175960510969
      vertex 0.0856153070927 -0.00791013240814 0.178253501654
      vertex 0.0864694565535 -0.00671790121123 0.175967305899
    endloop
  endfacet
  facet normal -0.194576904178 -0.203090757132 -0.959632217884
    outer loop
      vertex 0.0864694565535 -0.00671790121123 0.175967305899
      vertex 0.0882750526071 -0.00609117653221 0.177198752761
      vertex 0.0884038805962 -0.00648889504373 0.175196051598
    endloop
  endfacet
  facet normal -0.365032374859 0.0426143743098 -0.930019021034
    outer loop
      vertex 0.087160050869 -0.00666955066845 0.180270195007
      vertex 0.0894643440843 -0.0057484745048 0.179907009006
      vertex 0.0882750526071 -0.00609117653221 0.177198752761
    endloop
  endfacet
  facet normal 0.205645874143 -0.379158765078 -0.902190923691
    outer loop
      vertex 0.0961898192763 -0.00474275741726 0.18511338532
      vertex 0.0960527285933 -0.00567887397483 0.182811588049
      vertex 0.0931160598993 -0.00474194996059 0.183448180556
    endloop
  endfacet
  facet normal 0.0650041550398 -0.153257191181 -0.986046016216
    outer loop
      vertex 0.0894643440843 -0.0057484745048 0.179907009006
      vertex 0.0906531661749 -0.00540588563308 0.182615444064
      vertex 0.0926949158311 -0.00572676816955 0.181416913867
    endloop
  endfacet
  facet normal -0.778494894505 -3.19663049595e-05 -0.627650976181
    outer loop
      vertex 0.0913469865918 -0.00454510329291 0.186917737126
      vertex 0.0906531661749 -0.00540588563308 0.182615444064
      vertex 0.0894728079438 -0.00686984136701 0.184259101748
    endloop
  endfacet
  facet normal 0.238483607769 -0.439790666103 -0.865857839584
    outer loop
      vertex 0.0931160598993 -0.00474194996059 0.183448180556
      vertex 0.0942003428936 -0.00352261424996 0.186436772346
      vertex 0.0961898192763 -0.00474275741726 0.18511338532
    endloop
  endfacet
  facet normal 0.185179412365 -0.501042604446 -0.845378577709
    outer loop
      vertex 0.0966428816319 -0.00326409679838 0.187775686383
      vertex 0.0961898192763 -0.00474275741726 0.18511338532
      vertex 0.0942003428936 -0.00352261424996 0.186436772346
    endloop
  endfacet
  facet normal -0.100350551307 -0.00903116725385 -0.994911134243
    outer loop
      vertex 0.0942003428936 -0.00352261424996 0.186436772346
      vertex 0.0933515280485 -0.0035892308224 0.18852968514
      vertex 0.0966428816319 -0.00326409679838 0.187775686383
    endloop
  endfacet
  facet normal -0.78892403841 0.170220404863 -0.590443789959
    outer loop
      vertex 0.0913469865918 -0.00454510329291 0.186917737126
      vertex 0.0897494778037 -0.00674741622061 0.187152922153
      vertex 0.0910665243864 -0.00577615248039 0.189888045192
    endloop
  endfacet
  facet normal -0.860222935677 0.200978949666 -0.46864053607
    outer loop
      vertex 0.0910665243864 -0.00577615248039 0.189888045192
      vertex 0.0892412886024 -0.00980097893625 0.191460773349
      vertex 0.0914134457707 -0.00618144962937 0.192317962646
    endloop
  endfacet
  facet normal -0.844816327095 0.315228939056 -0.432337909937
    outer loop
      vertex 0.0892412886024 -0.00980097893625 0.191460773349
      vertex 0.0909420847893 -0.00863803643733 0.194423928857
      vertex 0.0914134457707 -0.00618144962937 0.192317962646
    endloop
  endfacet
  facet normal -0.637101829052 0.631686687469 -0.441670924425
    outer loop
      vertex 0.0924891382456 -0.0101664206013 0.197052881122
      vertex 0.0909420847893 -0.00863803643733 0.194423928857
      vertex 0.0903646200895 -0.0119356457144 0.196147188544
    endloop
  endfacet
  facet normal -0.59166175127 0.733232021332 -0.335122644901
    outer loop
      vertex 0.0920375585556 -0.0123010911047 0.197664141655
      vertex 0.0924891382456 -0.0101664206013 0.197052881122
      vertex 0.0903646200895 -0.0119356457144 0.196147188544
    endloop
  endfacet
  facet normal -0.125031322241 0.946363866329 -0.297930449247
    outer loop
      vertex 0.0930100977421 -0.0147051885724 0.198549479246
      vertex 0.0920375585556 -0.0123010911047 0.197664141655
      vertex 0.091281466186 -0.0143547952175 0.198210790753
    endloop
  endfacet
  facet normal 0.117107667029 0.982734978199 0.143240198493
    outer loop
      vertex 0.0962328538299 -0.0164227336645 0.1974542588
      vertex 0.0991475880146 -0.0128448912874 0.197628423572
      vertex 0.0950878486037 -0.0131210973486 0.198071941733
    endloop
  endfacet
  facet normal 0.172405257821 0.967011511326 0.187523782253
    outer loop
      vertex 0.101220369339 -0.0150823518634 0.196824982762
      vertex 0.0991475880146 -0.0128448912874 0.197628423572
      vertex 0.0962328538299 -0.0164227336645 0.1974542588
    endloop
  endfacet
  facet normal 0.00682207895443 0.943133115768 0.332345217466
    outer loop
      vertex 0.0991475880146 -0.0128448912874 0.197628423572
      vertex 0.101220369339 -0.0150823518634 0.196824982762
      vertex 0.103461034596 -0.0124531444162 0.197735264897
    endloop
  endfacet
  facet normal -0.147883117199 0.967411339283 -0.205537974834
    outer loop
      vertex 0.0930100977421 -0.0147051885724 0.198549479246
      vertex 0.091281466186 -0.0143547952175 0.198210790753
      vertex 0.0912981405854 -0.0182978436351 0.199051082134
    endloop
  endfacet
  facet normal -0.00856092013419 0.980383217335 -0.196914792061
    outer loop
      vertex 0.0912981405854 -0.0182978436351 0.199051082134
      vertex 0.0894474387169 -0.0176671035588 0.198908239603
      vertex 0.0888542458415 -0.020486259833 0.199469298124
    endloop
  endfacet
  facet normal 0.0912480130792 0.994783163071 0.0456097237766
    outer loop
      vertex 0.0862662568688 -0.0219391994178 0.199640065432
      vertex 0.0903818830848 -0.0250854417682 0.199118301272
      vertex 0.0888542458415 -0.020486259833 0.199469298124
    endloop
  endfacet
  facet normal -0.0120284939185 0.995749473572 -0.0913142487407
    outer loop
      vertex 0.0941031873226 -0.023778475821 0.199043408036
      vertex 0.0903818830848 -0.0250854417682 0.199118301272
      vertex 0.093182913959 -0.0293367467821 0.19954200089
    endloop
  endfacet
  facet normal 0.0268680099398 0.979120016098 -0.201499685645
    outer loop
      vertex 0.0985851213336 -0.0226566456258 0.198689550161
      vertex 0.0941031873226 -0.023778475821 0.199043408036
      vertex 0.0967473313212 -0.0271107703447 0.199656620622
    endloop
  endfacet
  facet normal 0.26724088192 0.953965127468 -0.136135444045
    outer loop
      vertex 0.0962328538299 -0.0164227336645 0.1974542588
      vertex 0.0933248475194 -0.0206320025027 0.198869585991
      vertex 0.0989223495126 -0.0190753601491 0.197079375386
    endloop
  endfacet
  facet normal 0.293967247009 0.933887660503 -0.203561127186
    outer loop
      vertex 0.102341227233 -0.0182248055935 0.196251049638
      vertex 0.102826669812 -0.0227412879467 0.197082713246
      vertex 0.104735955596 -0.021247472614 0.196156099439
    endloop
  endfacet
  facet normal 0.127934128046 0.991727650166 0.010444495827
    outer loop
      vertex 0.0989223495126 -0.0190753601491 0.197079375386
      vertex 0.101220369339 -0.0150823518634 0.196824982762
      vertex 0.0962328538299 -0.0164227336645 0.1974542588
    endloop
  endfacet
  facet normal 0.163729578257 0.981536984444 -0.0988826081157
    outer loop
      vertex 0.104735955596 -0.021247472614 0.196156099439
      vertex 0.106529526412 -0.0190523900092 0.195635780692
      vertex 0.102341227233 -0.0182248055935 0.196251049638
    endloop
  endfacet
  facet normal 0.388411939144 0.918562471867 -0.073342397809
    outer loop
      vertex 0.104952640831 -0.0229150541127 0.196197628975
      vertex 0.104735955596 -0.021247472614 0.196156099439
      vertex 0.102826669812 -0.0227412879467 0.197082713246
    endloop
  endfacet
  facet normal 0.349816173315 0.912161052227 -0.213520169258
    outer loop
      vertex 0.0985851213336 -0.0226566456258 0.198689550161
      vertex 0.10235247016 -0.0273617189378 0.198346123099
      vertex 0.102826669812 -0.0227412879467 0.197082713246
    endloop
  endfacet
  facet normal 0.509499490261 0.859584271908 -0.0390537045896
    outer loop
      vertex 0.105348289013 -0.0274261422455 0.196573346853
      vertex 0.10235247016 -0.0273617189378 0.198346123099
      vertex 0.105111427605 -0.029825642705 0.196822762489
    endloop
  endfacet
  facet normal 0.367222577333 0.928181052208 -0.0602284520864
    outer loop
      vertex 0.106898471713 -0.0278260409832 0.195985987782
      vertex 0.105348289013 -0.0274261422455 0.196573346853
      vertex 0.105111427605 -0.029825642705 0.196822762489
    endloop
  endfacet
  facet normal 0.258524298668 0.964958488941 -0.0449474826455
    outer loop
      vertex 0.108375430107 -0.0277371462435 0.195586159825
      vertex 0.107695788145 -0.0265103504062 0.195711091161
      vertex 0.106898471713 -0.0278260409832 0.195985987782
    endloop
  endfacet
  facet normal 0.312550395727 0.946669399738 -0.0782895535231
    outer loop
      vertex 0.106433041394 -0.0257002152503 0.19601687789
      vertex 0.106395564973 -0.0232644230127 0.195827811956
      vertex 0.104646280408 -0.0249226987362 0.196542486548
    endloop
  endfacet
  facet normal 0.184426948428 0.981532752514 -0.0507958084345
    outer loop
      vertex 0.106395564973 -0.0232644230127 0.195827811956
      vertex 0.108123630285 -0.023215264082 0.195500567555
      vertex 0.106330178678 -0.0220781601965 0.195778697729
    endloop
  endfacet
  facet normal 0.196233302355 0.979742407799 -0.0399660132825
    outer loop
      vertex 0.107695788145 -0.0265103504062 0.195711091161
      vertex 0.108759880066 -0.0252554155886 0.195446774364
      vertex 0.107498057187 -0.024404283613 0.195664793253
    endloop
  endfacet
  facet normal 0.0209897924215 0.992008030415 -0.12441662699
    outer loop
      vertex 0.110740281641 -0.025504976511 0.195436164737
      vertex 0.110707253218 -0.0224260315299 0.1950507164
      vertex 0.108759880066 -0.0252554155886 0.195446774364
    endloop
  endfacet
  facet normal 0.197062179446 0.977769672871 -0.0716446638107
    outer loop
      vertex 0.106330178678 -0.0220781601965 0.195778697729
      vertex 0.108123630285 -0.023215264082 0.195500567555
      vertex 0.109691232443 -0.0203600488603 0.194975405931
    endloop
  endfacet
  facet normal 0.307865023613 0.94364798069 -0.121439620852
    outer loop
      vertex 0.110707253218 -0.0224260315299 0.1950507164
      vertex 0.110740281641 -0.025504976511 0.195436164737
      vertex 0.113660342991 -0.0225211270154 0.194099500775
    endloop
  endfacet
  facet normal 0.373035371304 0.880520641804 -0.292451709509
    outer loop
      vertex 0.113660342991 -0.0225211270154 0.194099500775
      vertex 0.11363479495 -0.0267712809145 0.195521950722
      vertex 0.119156524539 -0.0254194140434 0.19273366034
    endloop
  endfacet
  facet normal 0.176460087299 0.821546912193 -0.542146265507
    outer loop
      vertex 0.119156524539 -0.0254194140434 0.19273366034
      vertex 0.116793818772 -0.0289793387055 0.195590361953
      vertex 0.121501199901 -0.0293652266264 0.194833919406
    endloop
  endfacet
  facet normal 0.448052257299 0.741722285748 -0.49909645319
    outer loop
      vertex 0.125162810087 -0.0293622426689 0.192620038986
      vertex 0.121501199901 -0.0293652266264 0.194833919406
      vertex 0.123561382294 -0.0323024466634 0.195565849543
    endloop
  endfacet
  facet normal 0.462677747011 0.31150406599 -0.829996705055
    outer loop
      vertex 0.125575259328 -0.0282105542719 0.189933761954
      vertex 0.123367577791 -0.0262332223356 0.187944278121
      vertex 0.123655855656 -0.0278955250978 0.191945269704
    endloop
  endfacet
  facet normal 0.449309974909 0.382751256227 -0.807231068611
    outer loop
      vertex 0.125162810087 -0.0293622426689 0.192620038986
      vertex 0.128289267421 -0.0306884944439 0.191747009754
      vertex 0.127021163702 -0.0291774496436 0.190048798919
    endloop
  endfacet
  facet normal 0.515916109085 0.302708178759 -0.801372766495
    outer loop
      vertex 0.128202721477 -0.029277715832 0.188300460577
      vertex 0.127021163702 -0.0291774496436 0.190048798919
      vertex 0.128876149654 -0.0299353264272 0.188893631101
    endloop
  endfacet
  facet normal 0.517401397228 0.157040968537 -0.841209828854
    outer loop
      vertex 0.12790851295 -0.0288255624473 0.186847791076
      vertex 0.128202721477 -0.029277715832 0.188300460577
      vertex 0.128726586699 -0.0294239073992 0.187357589602
    endloop
  endfacet
  facet normal 0.498285204172 0.266927033663 -0.824901103973
    outer loop
      vertex 0.125575259328 -0.0282105542719 0.189933761954
      vertex 0.127035886049 -0.0284281894565 0.18787971139
      vertex 0.123367577791 -0.0262332223356 0.187944278121
    endloop
  endfacet
  facet normal 0.578559041023 -0.019416378811 -0.815409362316
    outer loop
      vertex 0.127975955606 -0.0289534963667 0.183484584093
      vertex 0.126399755478 -0.0277844667435 0.185612425208
      vertex 0.12790851295 -0.0288255624473 0.186847791076
    endloop
  endfacet
  facet normal 0.372717142105 -0.834663808346 -0.405485212803
    outer loop
      vertex 0.123227573931 -0.030153311789 0.179589569569
      vertex 0.120171360672 -0.0277690812945 0.17938311398
      vertex 0.124893665314 -0.0280239228159 0.181368038058
    endloop
  endfacet
  facet normal -0.0581153258681 -0.95016258955 0.306290149689
    outer loop
      vertex 0.117449909449 -0.0313429012895 0.178603261709
      vertex 0.120099306107 -0.0366133600473 0.180140182376
      vertex 0.116525068879 -0.0359746925533 0.180152922869
    endloop
  endfacet
  facet normal -0.0871591717005 -0.878210306168 0.470265835524
    outer loop
      vertex 0.116879858077 -0.0398587137461 0.182197526097
      vertex 0.116525068879 -0.0359746925533 0.180152922869
      vertex 0.120099306107 -0.0366133600473 0.180140182376
    endloop
  endfacet
  facet normal -0.0382535085082 -0.949910640717 0.310171693563
    outer loop
      vertex 0.116525068879 -0.0359746925533 0.180152922869
      vertex 0.112375698984 -0.033692330122 0.179574757814
      vertex 0.117449909449 -0.0313429012895 0.178603261709
    endloop
  endfacet
  facet normal -0.114074885845 -0.893762052059 0.433792948723
    outer loop
      vertex 0.112494893372 -0.0384642407298 0.181875631213
      vertex 0.112375698984 -0.033692330122 0.179574757814
      vertex 0.116525068879 -0.0359746925533 0.180152922869
    endloop
  endfacet
  facet normal -0.111768141389 -0.912438631058 0.39365413785
    outer loop
      vertex 0.120099306107 -0.0366133600473 0.180140182376
      vertex 0.12324129045 -0.0371932201087 0.180005475879
      vertex 0.121202737093 -0.0406853854656 0.181761816144
    endloop
  endfacet
  facet normal -0.0963962301612 -0.910667538643 0.401736706495
    outer loop
      vertex 0.121202737093 -0.0406853854656 0.181761816144
      vertex 0.12324129045 -0.0371932201087 0.180005475879
      vertex 0.125516489148 -0.0385980308056 0.180384367704
    endloop
  endfacet
  facet normal -0.105422526598 -0.916157603264 0.38670578599
    outer loop
      vertex 0.123776942492 -0.0425061732531 0.182234153152
      vertex 0.121202737093 -0.0406853854656 0.181761816144
      vertex 0.125516489148 -0.0385980308056 0.180384367704
    endloop
  endfacet
  facet normal -0.185419857502 -0.917544543743 0.351754903793
    outer loop
      vertex 0.123776942492 -0.0425061732531 0.182234153152
      vertex 0.125516489148 -0.0385980308056 0.180384367704
      vertex 0.126894757152 -0.0417774766684 0.181324735284
    endloop
  endfacet
  facet normal -0.0291458070278 -0.955023109913 0.295095592737
    outer loop
      vertex 0.125516489148 -0.0385980308056 0.180384367704
      vertex 0.129046484828 -0.0385488830507 0.180261448026
      vertex 0.126894757152 -0.0417774766684 0.181324735284
    endloop
  endfacet
  facet normal -0.0766140148044 -0.961074888706 0.265453010798
    outer loop
      vertex 0.130148619413 -0.0415372103453 0.180998980999
      vertex 0.126894757152 -0.0417774766684 0.181324735284
      vertex 0.129046484828 -0.0385488830507 0.180261448026
    endloop
  endfacet
  facet normal -0.0610712170601 -0.910945832729 0.407980442047
    outer loop
      vertex 0.130148619413 -0.0415372103453 0.180998980999
      vertex 0.12791402638 -0.0437315925956 0.182131573558
      vertex 0.126894757152 -0.0417774766684 0.181324735284
    endloop
  endfacet
  facet normal -0.150612518191 -0.88358515501 0.443388283253
    outer loop
      vertex 0.126894757152 -0.0417774766684 0.181324735284
      vertex 0.12791402638 -0.0437315925956 0.182131573558
      vertex 0.125948011875 -0.0442382991314 0.182720974088
    endloop
  endfacet
  facet normal -0.0744883269072 -0.781266987324 0.619736552238
    outer loop
      vertex 0.126484692097 -0.0452570021152 0.183477878571
      vertex 0.125948011875 -0.0442382991314 0.182720974088
      vertex 0.12791402638 -0.0437315925956 0.182131573558
    endloop
  endfacet
  facet normal -0.23238517344 -0.826911151409 0.51206946373
    outer loop
      vertex 0.13005425036 -0.0453044325113 0.182504102588
      vertex 0.126484692097 -0.0452570021152 0.183477878571
      vertex 0.12791402638 -0.0437315925956 0.182131573558
    endloop
  endfacet
  facet normal -0.154452770948 -0.883645296097 0.441944926977
    outer loop
      vertex 0.125948011875 -0.0442382991314 0.182720974088
      vertex 0.123776942492 -0.0425061732531 0.182234153152
      vertex 0.126894757152 -0.0417774766684 0.181324735284
    endloop
  endfacet
  facet normal -0.31984475255 -0.72860121727 0.605672895908
    outer loop
      vertex 0.124632813036 -0.0451841875911 0.184084624052
      vertex 0.123776942492 -0.0425061732531 0.182234153152
      vertex 0.125948011875 -0.0442382991314 0.182720974088
    endloop
  endfacet
  facet normal 0.144312664866 -0.983869791031 -0.105707347393
    outer loop
      vertex 0.123404338956 -0.0331095941365 0.179451867938
      vertex 0.126572042704 -0.0313385315239 0.180106773973
      vertex 0.126100763679 -0.0337628498673 0.179777175188
    endloop
  endfacet
  facet normal 0.27039706707 -0.627774298191 -0.729921162128
    outer loop
      vertex 0.126572042704 -0.0313385315239 0.180106773973
      vertex 0.127975955606 -0.0289534963667 0.183484584093
      vertex 0.130837976933 -0.0325393751264 0.180547982454
    endloop
  endfacet
  facet normal -0.0337240993977 -0.996905386448 0.07100905478
    outer loop
      vertex 0.128548666835 -0.0344228744507 0.179984405637
      vertex 0.129046484828 -0.0385488830507 0.180261448026
      vertex 0.125516489148 -0.0385980308056 0.180384367704
    endloop
  endfacet
  facet normal 0.419912904501 -0.854108095169 -0.3068754673
    outer loop
      vertex 0.133655250072 -0.0330465435982 0.181750848889
      vertex 0.131326675415 -0.0339138694108 0.180294394493
      vertex 0.130837976933 -0.0325393751264 0.180547982454
    endloop
  endfacet
  facet normal 0.565979838371 -0.185878321528 -0.803191184998
    outer loop
      vertex 0.133655250072 -0.0330465435982 0.181750848889
      vertex 0.131828054786 -0.0311896950006 0.184210762382
      vertex 0.134980916977 -0.0330409184098 0.185811638832
    endloop
  endfacet
  facet normal 0.493721872568 0.144582569599 -0.857516527176
    outer loop
      vertex 0.138213396072 -0.0348693989217 0.185617998242
      vertex 0.134980916977 -0.0330409184098 0.185811638832
      vertex 0.137989759445 -0.0351739749312 0.188188120723
    endloop
  endfacet
  facet normal 0.576203465462 0.0699887871742 -0.814304053783
    outer loop
      vertex 0.139320716262 -0.0358313582838 0.187693834305
      vertex 0.139723181725 -0.0357990898192 0.184005081654
      vertex 0.138213396072 -0.0348693989217 0.185617998242
    endloop
  endfacet
  facet normal 0.214387238026 -0.488401800394 -0.84587341547
    outer loop
      vertex 0.134682148695 -0.0351504310966 0.180461123586
      vertex 0.136517241597 -0.0340630561113 0.183149904013
      vertex 0.137175872922 -0.0352868698537 0.181319460273
    endloop
  endfacet
  facet normal 0.399722218513 -0.357436418533 -0.844074249268
    outer loop
      vertex 0.139723181725 -0.0357990898192 0.184005081654
      vertex 0.140810877085 -0.037423606962 0.181385219097
      vertex 0.138597711921 -0.0366102606058 0.180830910802
    endloop
  endfacet
  facet normal 0.142395734787 -0.940173745155 -0.309510529041
    outer loop
      vertex 0.138597711921 -0.0366102606058 0.180830910802
      vertex 0.139741837978 -0.0394699536264 0.180062770844
      vertex 0.136788249016 -0.0383256152272 0.179992154241
    endloop
  endfacet
  facet normal 0.329103320837 -0.932076215744 -0.151409983635
    outer loop
      vertex 0.134682148695 -0.0351504310966 0.180461123586
      vertex 0.137175872922 -0.0352868698537 0.181319460273
      vertex 0.134586468339 -0.0377858318388 0.179999232292
    endloop
  endfacet
  facet normal -0.00754257244989 -0.991336882114 0.131127148867
    outer loop
      vertex 0.13861361146 -0.0428570359945 0.180577650666
      vertex 0.135218560696 -0.0403322353959 0.180269509554
      vertex 0.136788249016 -0.0383256152272 0.179992154241
    endloop
  endfacet
  facet normal 0.0533958114684 -0.983909249306 -0.170503467321
    outer loop
      vertex 0.132569074631 -0.0369990170002 0.180026099086
      vertex 0.134682148695 -0.0351504310966 0.180461123586
      vertex 0.134586468339 -0.0377858318388 0.179999232292
    endloop
  endfacet
  facet normal 0.0349812321365 -0.973199188709 0.227287665009
    outer loop
      vertex 0.129046484828 -0.0385488830507 0.180261448026
      vertex 0.132569074631 -0.0369990170002 0.180026099086
      vertex 0.130148619413 -0.0415372103453 0.180998980999
    endloop
  endfacet
  facet normal -0.0745175778866 -0.963364303112 0.257635980844
    outer loop
      vertex 0.135218560696 -0.0403322353959 0.180269509554
      vertex 0.133643805981 -0.0421194881201 0.180869296193
      vertex 0.133726328611 -0.0398932807148 0.180267542601
    endloop
  endfacet
  facet normal -0.122384645045 -0.948625385761 0.29177364707
    outer loop
      vertex 0.13258177042 -0.0439187958837 0.181559726596
      vertex 0.133643805981 -0.0421194881201 0.180869296193
      vertex 0.13489510119 -0.042981185019 0.180972903967
    endloop
  endfacet
  facet normal -0.108479976654 -0.924079596996 0.366481870413
    outer loop
      vertex 0.130148619413 -0.0415372103453 0.180998980999
      vertex 0.13005425036 -0.0453044325113 0.182504102588
      vertex 0.12791402638 -0.0437315925956 0.182131573558
    endloop
  endfacet
  facet normal -0.0989357829094 -0.93484210968 0.341001361609
    outer loop
      vertex 0.133933916688 -0.0466383844614 0.182408645749
      vertex 0.13258177042 -0.0439187958837 0.181559726596
      vertex 0.13489510119 -0.042981185019 0.180972903967
    endloop
  endfacet
  facet normal -0.13582187891 -0.8635186553 0.485682934523
    outer loop
      vertex 0.13667050004 -0.0468695685267 0.182108253241
      vertex 0.133924111724 -0.0487894713879 0.183620065451
      vertex 0.133933916688 -0.0466383844614 0.182408645749
    endloop
  endfacet
  facet normal -0.178354531527 -0.88085860014 0.438494920731
    outer loop
      vertex 0.13797056675 -0.0500677227974 0.18343706429
      vertex 0.133924111724 -0.0487894713879 0.183620065451
      vertex 0.13667050004 -0.0468695685267 0.182108253241
    endloop
  endfacet
  facet normal -0.0976304933429 -0.789286971092 0.606213152409
    outer loop
      vertex 0.141367167234 -0.0489054694772 0.182124257088
      vertex 0.139312595129 -0.0517724007368 0.184580340981
      vertex 0.13797056675 -0.0500677227974 0.18343706429
    endloop
  endfacet
  facet normal -0.226825118065 -0.354484707117 0.90713340044
    outer loop
      vertex 0.137724488974 -0.0529038831592 0.188492015004
      vertex 0.13608391583 -0.0519188344479 0.187021017075
      vertex 0.139312595129 -0.0517724007368 0.184580340981
    endloop
  endfacet
  facet normal -0.436483353376 -0.111078582704 0.892829120159
    outer loop
      vertex 0.137724488974 -0.0529038831592 0.188492015004
      vertex 0.1364569664 -0.0523381456733 0.188925430179
      vertex 0.13608391583 -0.0519188344479 0.187021017075
    endloop
  endfacet
  facet normal -0.436389893293 0.0865219756961 0.895587980747
    outer loop
      vertex 0.1364569664 -0.0523381456733 0.188925430179
      vertex 0.136942833662 -0.0524687319994 0.190024256706
      vertex 0.134797111154 -0.0513802021742 0.190469324589
    endloop
  endfacet
  facet normal -0.345802038908 0.426514834166 0.835766732693
    outer loop
      vertex 0.134797111154 -0.0513802021742 0.190469324589
      vertex 0.132778286934 -0.0496622025967 0.192198991776
      vertex 0.132420808077 -0.0508136600256 0.189652860165
    endloop
  endfacet
  facet normal -0.311646819115 -0.336329817772 0.88868355751
    outer loop
      vertex 0.134818091989 -0.0514826476574 0.187463626266
      vertex 0.132784560323 -0.0503929704428 0.186468660831
      vertex 0.135723248124 -0.050901055336 0.185088157654
    endloop
  endfacet
  facet normal -0.42798525095 0.189589813352 0.883676588535
    outer loop
      vertex 0.132420808077 -0.0508136600256 0.189652860165
      vertex 0.129933312535 -0.0493693426251 0.190769463778
      vertex 0.129490748048 -0.0494924560189 0.189196586609
    endloop
  endfacet
  facet normal -0.556165993214 0.174552977085 0.81253349781
    outer loop
      vertex 0.128209590912 -0.0487321615219 0.188653632998
      vertex 0.129490748048 -0.0494924560189 0.189196586609
      vertex 0.12908706069 -0.0488911122084 0.190709516406
    endloop
  endfacet
  facet normal -0.48986402154 -0.152138516307 0.858421266079
    outer loop
      vertex 0.128209590912 -0.0487321615219 0.188653632998
      vertex 0.12657995522 -0.0476617887616 0.187861427665
      vertex 0.128160640597 -0.0482605993748 0.186150550842
    endloop
  endfacet
  facet normal -0.363089770079 -0.482536375523 0.797072410583
    outer loop
      vertex 0.130056589842 -0.0496390014887 0.187275916338
      vertex 0.12966299057 -0.0475387871265 0.184102877975
      vertex 0.132784560323 -0.0503929704428 0.186468660831
    endloop
  endfacet
  facet normal -0.535938680172 -0.208849012852 0.81801700592
    outer loop
      vertex 0.128160640597 -0.0482605993748 0.186150550842
      vertex 0.12657995522 -0.0476617887616 0.187861427665
      vertex 0.126340433955 -0.0469015017152 0.185498163104
    endloop
  endfacet
  facet normal -0.228211864829 -0.810261845589 0.539810240269
    outer loop
      vertex 0.12966299057 -0.0475387871265 0.184102877975
      vertex 0.126484692097 -0.0452570021152 0.183477878571
      vertex 0.13005425036 -0.0453044325113 0.182504102588
    endloop
  endfacet
  facet normal -0.257217228413 -0.705873370171 0.659986436367
    outer loop
      vertex 0.124632813036 -0.0451841875911 0.184084624052
      vertex 0.125948011875 -0.0442382991314 0.182720974088
      vertex 0.126484692097 -0.0452570021152 0.183477878571
    endloop
  endfacet
  facet normal -0.431759059429 -0.236288383603 0.870489478111
    outer loop
      vertex 0.123680599034 -0.0461962223053 0.18776011467
      vertex 0.126340433955 -0.0469015017152 0.185498163104
      vertex 0.12657995522 -0.0476617887616 0.187861427665
    endloop
  endfacet
  facet normal -0.251809954643 -0.756687641144 0.60333698988
    outer loop
      vertex 0.1213985309 -0.0437429696321 0.184011787176
      vertex 0.123776942492 -0.0425061732531 0.182234153152
      vertex 0.124632813036 -0.0451841875911 0.184084624052
    endloop
  endfacet
  facet normal -0.341381669044 0.146667510271 0.928411126137
    outer loop
      vertex 0.123680599034 -0.0461962223053 0.18776011467
      vertex 0.122659035027 -0.0453001782298 0.191054329276
      vertex 0.120002746582 -0.0449272692204 0.187232106924
    endloop
  endfacet
  facet normal -0.375784546137 -0.144758537412 0.915331065655
    outer loop
      vertex 0.117074422538 -0.0434640049934 0.185581415892
      vertex 0.120002746582 -0.0449272692204 0.187232106924
      vertex 0.116694144905 -0.0439917221665 0.189905419946
    endloop
  endfacet
  facet normal -0.27074316144 -0.766992747784 0.581739008427
    outer loop
      vertex 0.121202737093 -0.0406853854656 0.181761816144
      vertex 0.123776942492 -0.0425061732531 0.182234153152
      vertex 0.1213985309 -0.0437429696321 0.184011787176
    endloop
  endfacet
  facet normal -0.167842209339 -0.899385869503 0.403650909662
    outer loop
      vertex 0.121202737093 -0.0406853854656 0.181761816144
      vertex 0.116879858077 -0.0398587137461 0.182197526097
      vertex 0.120099306107 -0.0366133600473 0.180140182376
    endloop
  endfacet
  facet normal -0.17751736939 -0.39659422636 0.900666773319
    outer loop
      vertex 0.114108145237 -0.0438874438405 0.187870755792
      vertex 0.112039409578 -0.0415927916765 0.183585569263
      vertex 0.117074422538 -0.0434640049934 0.185581415892
    endloop
  endfacet
  facet normal -0.0850413143635 -0.878453075886 0.470200181007
    outer loop
      vertex 0.112494893372 -0.0384642407298 0.181875631213
      vertex 0.116525068879 -0.0359746925533 0.180152922869
      vertex 0.116879858077 -0.0398587137461 0.182197526097
    endloop
  endfacet
  facet normal -0.0620667785406 -0.754175722599 0.653732895851
    outer loop
      vertex 0.110753528774 -0.0436250194907 0.185452967882
      vertex 0.110009327531 -0.0406745895743 0.182956725359
      vertex 0.112039409578 -0.0415927916765 0.183585569263
    endloop
  endfacet
  facet normal 0.196141660213 -0.834937810898 0.514205515385
    outer loop
      vertex 0.107991866767 -0.043398424983 0.184160292149
      vertex 0.107640966773 -0.0408566221595 0.182512462139
      vertex 0.110009327531 -0.0406745895743 0.182956725359
    endloop
  endfacet
  facet normal 0.0635631531477 -0.88436460495 0.462448865175
    outer loop
      vertex 0.1052037552 -0.0413417443633 0.182590976357
      vertex 0.104844339192 -0.0390540957451 0.181368887424
      vertex 0.107640966773 -0.0408566221595 0.182512462139
    endloop
  endfacet
  facet normal -0.0994225144386 -0.953671514988 0.283946931362
    outer loop
      vertex 0.104844339192 -0.0390540957451 0.181368887424
      vertex 0.101164154708 -0.0384565405548 0.181574642658
      vertex 0.103795513511 -0.0363062508404 0.18066008389
    endloop
  endfacet
  facet normal 0.022470312193 -0.900751829147 0.433752506971
    outer loop
      vertex 0.112494893372 -0.0384642407298 0.181875631213
      vertex 0.109344400465 -0.036872792989 0.181030675769
      vertex 0.112375698984 -0.033692330122 0.179574757814
    endloop
  endfacet
  facet normal -0.0204472020268 -0.963406860828 0.267262279987
    outer loop
      vertex 0.107113324106 -0.033779039979 0.17988859117
      vertex 0.103795513511 -0.0363062508404 0.18066008389
      vertex 0.10152990371 -0.0322458259761 0.17958176136
    endloop
  endfacet
  facet normal -0.223742887378 -0.884086430073 0.410280704498
    outer loop
      vertex 0.0983494222164 -0.0291503444314 0.178950130939
      vertex 0.100647367537 -0.028032541275 0.177849829197
      vertex 0.10152990371 -0.0322458259761 0.17958176136
    endloop
  endfacet
  facet normal -0.109082922339 -0.797097980976 0.593915581703
    outer loop
      vertex 0.10159496218 -0.0263406038284 0.176459491253
      vertex 0.100647367537 -0.028032541275 0.177849829197
      vertex 0.0994864404202 -0.0264748632908 0.176848083735
    endloop
  endfacet
  facet normal 0.2058249861 -0.902247667313 0.378926366568
    outer loop
      vertex 0.107034623623 -0.0232813023031 0.174684509635
      vertex 0.10743009299 -0.0266416221857 0.17618599534
      vertex 0.105142958462 -0.0243963561952 0.174721285701
    endloop
  endfacet
  facet normal 0.241749987006 -0.865524768829 0.438661366701
    outer loop
      vertex 0.105142958462 -0.0243963561952 0.174721285701
      vertex 0.105381481349 -0.0228708349168 0.174014747143
      vertex 0.107034623623 -0.0232813023031 0.174684509635
    endloop
  endfacet
  facet normal 0.386016994715 -0.921036839485 -0.0517880097032
    outer loop
      vertex 0.105381481349 -0.0228708349168 0.174014747143
      vertex 0.107640042901 -0.0213921777904 0.175044476986
      vertex 0.107034623623 -0.0232813023031 0.174684509635
    endloop
  endfacet
  facet normal -0.123274311423 -0.823610842228 0.55359607935
    outer loop
      vertex 0.103774935007 -0.0260070897639 0.175909042358
      vertex 0.10159496218 -0.0263406038284 0.176459491253
      vertex 0.102835260332 -0.0245468057692 0.17506814003
    endloop
  endfacet
  facet normal -0.0921607911587 -0.732949912548 0.67401099205
    outer loop
      vertex 0.0994864404202 -0.0264748632908 0.176848083735
      vertex 0.100150063634 -0.0253437310457 0.175724461675
      vertex 0.10159496218 -0.0263406038284 0.176459491253
    endloop
  endfacet
  facet normal 0.0209373794496 -0.753584563732 0.657017469406
    outer loop
      vertex 0.100059174001 -0.0240295343101 0.174576148391
      vertex 0.100150063634 -0.0253437310457 0.175724461675
      vertex 0.099292576313 -0.0242732390761 0.174767330289
    endloop
  endfacet
  facet normal -0.00917692389339 -0.733717858791 0.679392278194
    outer loop
      vertex 0.101343199611 -0.0245649516582 0.175112888217
      vertex 0.101008795202 -0.0238267108798 0.174433499575
      vertex 0.102184318006 -0.0240464136004 0.174622222781
    endloop
  endfacet
  facet normal -0.00581842334941 -0.742933869362 0.669339537621
    outer loop
      vertex 0.10205796361 -0.0232655666769 0.173919722438
      vertex 0.102184318006 -0.0240464136004 0.174622222781
      vertex 0.101008795202 -0.0238267108798 0.174433499575
    endloop
  endfacet
  facet normal 0.0473515205085 -0.708154141903 0.704468309879
    outer loop
      vertex 0.100059174001 -0.0240295343101 0.174576148391
      vertex 0.099292576313 -0.0242732390761 0.174767330289
      vertex 0.0994922891259 -0.0237394273281 0.174249649048
    endloop
  endfacet
  facet normal -0.608988046646 -0.441735297441 0.658789396286
    outer loop
      vertex 0.087574839592 -0.0220164880157 0.17535559833
      vertex 0.0878001153469 -0.0219628550112 0.174965038896
      vertex 0.08772996068 -0.0224415361881 0.175775647163
    endloop
  endfacet
  facet normal 0.0386863872409 -0.671595811844 0.739907026291
    outer loop
      vertex 0.0996269136667 -0.0233206935227 0.173810318112
      vertex 0.0997203588486 -0.0229060985148 0.173358932137
      vertex 0.100219599903 -0.0229711011052 0.173459306359
    endloop
  endfacet
  facet normal 0.0441699586809 -0.67974126339 0.732120811939
    outer loop
      vertex 0.101008795202 -0.0238267108798 0.174433499575
      vertex 0.1002118662 -0.0235367231071 0.1740693748
      vertex 0.100676327944 -0.023048274219 0.173573464155
    endloop
  endfacet
  facet normal 0.0363568775356 -0.664319932461 0.746563613415
    outer loop
      vertex 0.100599750876 -0.0226549245417 0.173124790192
      vertex 0.100219599903 -0.0229711011052 0.173459306359
      vertex 0.0997203588486 -0.0229060985148 0.173358932137
    endloop
  endfacet
  facet normal 0.104085713625 -0.68636828661 0.719767153263
    outer loop
      vertex 0.101736925542 -0.0225987657905 0.173238351941
      vertex 0.100599750876 -0.0226549245417 0.173124790192
      vertex 0.10087120533 -0.0221724510193 0.172660008073
    endloop
  endfacet
  facet normal 0.157664552331 -0.72790145874 0.667309045792
    outer loop
      vertex 0.10087120533 -0.0221724510193 0.172660008073
      vertex 0.101961024106 -0.0216908939183 0.172454595566
      vertex 0.101736925542 -0.0225987657905 0.173238351941
    endloop
  endfacet
  facet normal 0.0561763569713 -0.681854426861 0.729327619076
    outer loop
      vertex 0.100676327944 -0.023048274219 0.173573464155
      vertex 0.10205796361 -0.0232655666769 0.173919722438
      vertex 0.101008795202 -0.0238267108798 0.174433499575
    endloop
  endfacet
  facet normal 0.0458057299256 -0.746308743954 0.664021909237
    outer loop
      vertex 0.103282019496 -0.0235035307705 0.174206569791
      vertex 0.102184318006 -0.0240464136004 0.174622222781
      vertex 0.10205796361 -0.0232655666769 0.173919722438
    endloop
  endfacet
  facet normal 0.0457152798772 -0.903710544109 0.425696313381
    outer loop
      vertex 0.103282019496 -0.0235035307705 0.174206569791
      vertex 0.105381481349 -0.0228708349168 0.174014747143
      vertex 0.105142958462 -0.0243963561952 0.174721285701
    endloop
  endfacet
  facet normal 0.452820211649 -0.878946006298 0.149692252278
    outer loop
      vertex 0.103131771088 -0.0207079164684 0.172099500895
      vertex 0.104220822453 -0.0192359164357 0.17240986228
      vertex 0.105384729803 -0.0204785652459 0.173221126199
    endloop
  endfacet
  facet normal 0.452739685774 -0.878999531269 0.149621382356
    outer loop
      vertex 0.104220822453 -0.0192359164357 0.17240986228
      vertex 0.103131771088 -0.0207079164684 0.172099500895
      vertex 0.10309432447 -0.0193505398929 0.171849161386
    endloop
  endfacet
  facet normal 0.452740013599 -0.878995299339 0.149645373225
    outer loop
      vertex 0.104220822453 -0.0192359164357 0.17240986228
      vertex 0.10309432447 -0.0193505398929 0.171849161386
      vertex 0.103056915104 -0.0179931558669 0.171598792076
    endloop
  endfacet
  facet normal 0.515931785107 -0.844844579697 0.141605004668
    outer loop
      vertex 0.101379804313 -0.0196089446545 0.17084543407
      vertex 0.103056915104 -0.0179931558669 0.171598792076
      vertex 0.10309432447 -0.0193505398929 0.171849161386
    endloop
  endfacet
  facet normal 0.64458990097 -0.756585180759 -0.109921514988
    outer loop
      vertex 0.104220822453 -0.0192359164357 0.17240986228
      vertex 0.103056915104 -0.0179931558669 0.171598792076
      vertex 0.104278311133 -0.0175806209445 0.172699332237
    endloop
  endfacet
  facet normal 0.0859846249223 -0.743552088737 0.663126647472
    outer loop
      vertex 0.103728331625 -0.0224601440132 0.173345014453
      vertex 0.101736925542 -0.0225987657905 0.173238351941
      vertex 0.101961024106 -0.0216908939183 0.172454595566
    endloop
  endfacet
  facet normal 0.298500299454 -0.940015792847 0.165129795671
    outer loop
      vertex 0.10309432447 -0.0193505398929 0.171849161386
      vertex 0.103131771088 -0.0207079164684 0.172099500895
      vertex 0.101313084364 -0.0205607973039 0.171496123075
    endloop
  endfacet
  facet normal 0.152368977666 -0.73653948307 0.659009337425
    outer loop
      vertex 0.100530788302 -0.021333836019 0.171839237213
      vertex 0.101961024106 -0.0216908939183 0.172454595566
      vertex 0.10087120533 -0.0221724510193 0.172660008073
    endloop
  endfacet
  facet normal 0.108031876385 -0.745788753033 0.657364666462
    outer loop
      vertex 0.0997177585959 -0.0212880149484 0.171681076288
      vertex 0.10015424341 -0.0206493474543 0.171181365848
      vertex 0.100530788302 -0.021333836019 0.171839237213
    endloop
  endfacet
  facet normal 0.48950201273 -0.703508794308 0.515231192112
    outer loop
      vertex 0.10309432447 -0.0193505398929 0.171849161386
      vertex 0.101313084364 -0.0205607973039 0.171496123075
      vertex 0.101379804313 -0.0196089446545 0.17084543407
    endloop
  endfacet
  facet normal 0.0767988413572 -0.822252094746 0.563917934895
    outer loop
      vertex 0.0998727381229 -0.0198222175241 0.170587807894
      vertex 0.10015424341 -0.0206493474543 0.171181365848
      vertex 0.0995242521167 -0.0204442255199 0.1709818542
    endloop
  endfacet
  facet normal 0.163807764649 -0.893688976765 0.417716383934
    outer loop
      vertex 0.0998727381229 -0.0198222175241 0.170587807894
      vertex 0.0990516468883 -0.0197129920125 0.170386254787
      vertex 0.099970497191 -0.0189187079668 0.170183420181
    endloop
  endfacet
  facet normal 0.438286960125 -0.898106634617 0.0361800901592
    outer loop
      vertex 0.103056915104 -0.0179931558669 0.171598792076
      vertex 0.101379804313 -0.0196089446545 0.17084543407
      vertex 0.100977823138 -0.0171452388167 0.170550018549
    endloop
  endfacet
  facet normal 0.527161121368 -0.788099348545 -0.317805886269
    outer loop
      vertex 0.103056915104 -0.0179931558669 0.171598792076
      vertex 0.100977823138 -0.0171452388167 0.170550018549
      vertex 0.103168196976 -0.0150681072846 0.172852784395
    endloop
  endfacet
  facet normal 0.265258729458 -0.815108239651 0.515011072159
    outer loop
      vertex 0.0990516468883 -0.0197129920125 0.170386254787
      vertex 0.0987850874662 -0.0192552134395 0.170010268688
      vertex 0.099970497191 -0.0189187079668 0.170183420181
    endloop
  endfacet
  facet normal 0.418339520693 -0.654648959637 0.629624307156
    outer loop
      vertex 0.0987850874662 -0.0192552134395 0.170010268688
      vertex 0.0985605567694 -0.019518211484 0.170119732618
      vertex 0.0984473675489 -0.0191161334515 0.169660702348
    endloop
  endfacet
  facet normal -0.357758283615 -0.82624655962 0.435115665197
    outer loop
      vertex 0.0984473675489 -0.0191161334515 0.169660702348
      vertex 0.0980696156621 -0.0193156227469 0.169929310679
      vertex 0.0978282988071 -0.0187967419624 0.169760555029
    endloop
  endfacet
  facet normal -0.582231104374 -0.734523415565 0.34854310751
    outer loop
      vertex 0.0871066153049 -0.0189721137285 0.173044025898
      vertex 0.0869891196489 -0.0183300003409 0.172832474113
      vertex 0.0874093770981 -0.018692407757 0.172671318054
    endloop
  endfacet
  facet normal 0.0485100224614 -0.986397325993 -0.157057717443
    outer loop
      vertex 0.0986343100667 -0.0184164866805 0.169752135873
      vertex 0.0978679805994 -0.0180101506412 0.169779136777
      vertex 0.0991231501102 -0.016911868006 0.170015737414
    endloop
  endfacet
  facet normal -0.226900428534 -0.890878617764 0.393511742353
    outer loop
      vertex 0.090754725039 -0.0175303369761 0.170266896486
      vertex 0.0908350497484 -0.0181098356843 0.170502409339
      vertex 0.0901582613587 -0.0178233459592 0.17054823041
    endloop
  endfacet
  facet normal -0.0396845750511 -0.997669398785 0.0555061846972
    outer loop
      vertex 0.0970701351762 -0.017780456692 0.16967895627
      vertex 0.0964006707072 -0.0178766995668 0.169710949063
      vertex 0.0966434031725 -0.0168291777372 0.169643014669
    endloop
  endfacet
  facet normal -0.308318555355 -0.829999387264 0.464801728725
    outer loop
      vertex 0.0895367786288 -0.0180795378983 0.17092256248
      vertex 0.0897222608328 -0.0174015481025 0.170473977923
      vertex 0.0901582613587 -0.0178233459592 0.17054823041
    endloop
  endfacet
  facet normal -0.0249768607318 -0.649949848652 0.759566545486
    outer loop
      vertex 0.0965253338218 -0.0236222967505 0.17390319705
      vertex 0.0963156148791 -0.0240221843123 0.174378588796
      vertex 0.0957527980208 -0.0236090160906 0.173917368054
    endloop
  endfacet
  facet normal -0.439527928829 -0.406990379095 0.800733447075
    outer loop
      vertex 0.0889674946666 -0.0237860567868 0.176961779594
      vertex 0.0893697887659 -0.0236330740154 0.176226347685
      vertex 0.0898245424032 -0.0240717921406 0.176598384976
    endloop
  endfacet
  facet normal -0.217300251126 -0.867198050022 0.448049277067
    outer loop
      vertex 0.0911930203438 -0.0191655643284 0.170941784978
      vertex 0.090913400054 -0.0186321213841 0.17073623836
      vertex 0.0915203988552 -0.0185196138918 0.170525997877
    endloop
  endfacet
  facet normal 0.0879302024841 -0.986434400082 0.138619735837
    outer loop
      vertex 0.0906837061048 -0.0154116144404 0.169628173113
      vertex 0.0912376046181 -0.0161869488657 0.169786512852
      vertex 0.0905515775084 -0.0162386335433 0.169732615352
    endloop
  endfacet
  facet normal -0.195991978049 -0.945544421673 -0.259870827198
    outer loop
      vertex 0.0906837061048 -0.0154116144404 0.169628173113
      vertex 0.0897275581956 -0.0151645801961 0.169894263148
      vertex 0.0904718786478 -0.0142909362912 0.169980093837
    endloop
  endfacet
  facet normal -0.0360157564282 -0.941994488239 -0.333690404892
    outer loop
      vertex 0.0921953991055 -0.0137959467247 0.170089542866
      vertex 0.0904718786478 -0.0142909362912 0.169980093837
      vertex 0.0901015251875 -0.0131635935977 0.17039360106
    endloop
  endfacet
  facet normal 0.0368458218873 -0.974343538284 -0.222029417753
    outer loop
      vertex 0.0929793715477 -0.0146237621084 0.169962957501
      vertex 0.0935866981745 -0.0153546519578 0.169819369912
      vertex 0.0928210690618 -0.0158197842538 0.169684424996
    endloop
  endfacet
  facet normal 0.0235422179103 -0.989747941494 -0.140871554613
    outer loop
      vertex 0.0935866981745 -0.0153546519578 0.169819369912
      vertex 0.0944411531091 -0.0156541727483 0.169797062874
      vertex 0.0937725380063 -0.016314201057 0.169687211514
    endloop
  endfacet
  facet normal 0.0747163072228 -0.958790481091 -0.274113595486
    outer loop
      vertex 0.0944411531091 -0.0156541727483 0.169797062874
      vertex 0.0955781266093 -0.0144934086129 0.170217514038
      vertex 0.0952039733529 -0.0160918608308 0.169731363654
    endloop
  endfacet
  facet normal 0.0679417029023 -0.958835840225 -0.275713175535
    outer loop
      vertex 0.0952039733529 -0.0160918608308 0.169731363654
      vertex 0.0955781266093 -0.0144934086129 0.170217514038
      vertex 0.0960511192679 -0.0161863751709 0.169764220715
    endloop
  endfacet
  facet normal 0.033409435302 -0.978184580803 -0.205033496022
    outer loop
      vertex 0.0952039733529 -0.0160918608308 0.169731363654
      vertex 0.0945300161839 -0.0164187140763 0.169639840722
      vertex 0.0944411531091 -0.0156541727483 0.169797062874
    endloop
  endfacet
  facet normal 0.0523377209902 -0.984438300133 -0.167755842209
    outer loop
      vertex 0.0945300161839 -0.0164187140763 0.169639840722
      vertex 0.0952039733529 -0.0160918608308 0.169731363654
      vertex 0.0953003689647 -0.0166161358356 0.169647157192
    endloop
  endfacet
  facet normal 0.270697206259 -0.825730502605 -0.494865834713
    outer loop
      vertex 0.0968916788697 -0.0130984783173 0.170831739902
      vertex 0.0958335101604 -0.0111926971003 0.171626985073
      vertex 0.0988737121224 -0.011981585063 0.172150865197
    endloop
  endfacet
  facet normal 0.296928942204 -0.573995113373 -0.763127028942
    outer loop
      vertex 0.0983915925026 -0.0102216638625 0.174241274595
      vertex 0.0988737121224 -0.011981585063 0.172150865197
      vertex 0.0958335101604 -0.0111926971003 0.171626985073
    endloop
  endfacet
  facet normal 0.351440042257 -0.853607594967 -0.384504824877
    outer loop
      vertex 0.0988737121224 -0.011981585063 0.172150865197
      vertex 0.0986432358623 -0.0139386989176 0.171174392104
      vertex 0.0968916788697 -0.0130984783173 0.170831739902
    endloop
  endfacet
  facet normal 0.157854020596 -0.934178411961 -0.319988787174
    outer loop
      vertex 0.0945713222027 -0.0144357616082 0.170138627291
      vertex 0.093137614429 -0.0134276263416 0.170241683722
      vertex 0.0950669497252 -0.0124335056171 0.170908227563
    endloop
  endfacet
  facet normal 0.0275619402528 -0.946809232235 -0.320612967014
    outer loop
      vertex 0.0918716862798 -0.0121637312695 0.170632824302
      vertex 0.093137614429 -0.0134276263416 0.170241683722
      vertex 0.0921953991055 -0.0137959467247 0.170089542866
    endloop
  endfacet
  facet normal -0.144078299403 -0.988290905952 -0.0502249896526
    outer loop
      vertex 0.0891136303544 -0.0114161921665 0.171072900295
      vertex 0.0910033211112 -0.0105961775407 0.170839086175
      vertex 0.0918716862798 -0.0121637312695 0.170632824302
    endloop
  endfacet
  facet normal -0.239537656307 -0.927314162254 -0.287593662739
    outer loop
      vertex 0.0910033211112 -0.0105961775407 0.170839086175
      vertex 0.0891136303544 -0.0114161921665 0.171072900295
      vertex 0.0892312824726 -0.00991030968726 0.171509534121
    endloop
  endfacet
  facet normal -0.228672593832 -0.930039644241 -0.287637114525
    outer loop
      vertex 0.0869027376175 -0.00975814368576 0.172129124403
      vertex 0.0893489271402 -0.00840443558991 0.171946331859
      vertex 0.0892312824726 -0.00991030968726 0.171509534121
    endloop
  endfacet
  facet normal 0.0893232598901 -0.544607520103 -0.833920896053
    outer loop
      vertex 0.0872369632125 -0.00718728359789 0.173463687301
      vertex 0.0895027369261 -0.00723000615835 0.173769891262
      vertex 0.0893489271402 -0.00840443558991 0.171946331859
    endloop
  endfacet
  facet normal 0.083456531167 -0.427710175514 -0.900054991245
    outer loop
      vertex 0.0925175920129 -0.0072164516896 0.174386680126
      vertex 0.0895027369261 -0.00723000615835 0.173769891262
      vertex 0.090640053153 -0.00606085779145 0.176452115178
    endloop
  endfacet
  facet normal 0.114000312984 -0.852371275425 -0.510359823704
    outer loop
      vertex 0.092927031219 -0.0111775361001 0.171043261886
      vertex 0.0917248874903 -0.00897568743676 0.172200843692
      vertex 0.094774864614 -0.00928691960871 0.172422409058
    endloop
  endfacet
  facet normal 0.314870983362 -0.28023698926 -0.90682053566
    outer loop
      vertex 0.0925175920129 -0.0072164516896 0.174386680126
      vertex 0.0951247662306 -0.00673317583278 0.178879916668
      vertex 0.0965439528227 -0.00834770221263 0.175250023603
    endloop
  endfacet
  facet normal 0.484076172113 -0.678776085377 -0.552207648754
    outer loop
      vertex 0.0983915925026 -0.0102216638625 0.174241274595
      vertex 0.0958335101604 -0.0111926971003 0.171626985073
      vertex 0.094774864614 -0.00928691960871 0.172422409058
    endloop
  endfacet
  facet normal 0.394958108664 -0.240016713738 -0.886792004108
    outer loop
      vertex 0.0965439528227 -0.00834770221263 0.175250023603
      vertex 0.0951247662306 -0.00673317583278 0.178879916668
      vertex 0.0990272387862 -0.00837503373623 0.179235413671
    endloop
  endfacet
  facet normal 0.462038397789 -0.506398081779 -0.728066980839
    outer loop
      vertex 0.0988737121224 -0.011981585063 0.172150865197
      vertex 0.0983915925026 -0.0102216638625 0.174241274595
      vertex 0.101603336632 -0.0122088715434 0.174314603209
    endloop
  endfacet
  facet normal 0.573493182659 -0.674669086933 -0.464679628611
    outer loop
      vertex 0.0988737121224 -0.011981585063 0.172150865197
      vertex 0.101603336632 -0.0122088715434 0.174314603209
      vertex 0.100999057293 -0.0134940091521 0.172915801406
    endloop
  endfacet
  facet normal 0.425712525845 -0.360334515572 -0.830016791821
    outer loop
      vertex 0.101770177484 -0.00830865092576 0.182628929615
      vertex 0.0990272387862 -0.00837503373623 0.179235413671
      vertex 0.0986032634974 -0.00716901756823 0.181512519717
    endloop
  endfacet
  facet normal 0.694665372372 -0.354433059692 -0.625953018665
    outer loop
      vertex 0.102884523571 -0.0110413264483 0.179424285889
      vertex 0.106371849775 -0.0129264350981 0.182929992676
      vertex 0.106175616384 -0.0154759278521 0.178042799234
    endloop
  endfacet
  facet normal 0.654758393764 -0.370088130236 -0.659034311771
    outer loop
      vertex 0.111116655171 -0.0188280940056 0.18081510067
      vertex 0.106175616384 -0.0154759278521 0.178042799234
      vertex 0.106371849775 -0.0129264350981 0.182929992676
    endloop
  endfacet
  facet normal 0.640696048737 -0.652393341064 -0.404835164547
    outer loop
      vertex 0.106175616384 -0.0154759278521 0.178042799234
      vertex 0.111116655171 -0.0188280940056 0.18081510067
      vertex 0.109702467918 -0.0204590409994 0.178414210677
    endloop
  endfacet
  facet normal 0.397206902504 -0.420127987862 -0.815916121006
    outer loop
      vertex 0.101770177484 -0.00830865092576 0.182628929615
      vertex 0.0981793180108 -0.00596277974546 0.183789804578
      vertex 0.0997068285942 -0.00508833024651 0.186932221055
    endloop
  endfacet
  facet normal 0.680290937424 -0.224355861545 -0.697759747505
    outer loop
      vertex 0.103124141693 -0.00719738984481 0.187316343188
      vertex 0.101968877017 -0.00495522143319 0.190786629915
      vertex 0.104095295072 -0.00666334480047 0.19192199409
    endloop
  endfacet
  facet normal 0.605804562569 0.0590651221573 -0.793417990208
    outer loop
      vertex 0.104095295072 -0.00666334480047 0.19192199409
      vertex 0.101968877017 -0.00495522143319 0.190786629915
      vertex 0.101327255368 -0.00479122111574 0.195164442062
    endloop
  endfacet
  facet normal 0.622198402882 0.0816198885441 -0.778593182564
    outer loop
      vertex 0.101327255368 -0.00479122111574 0.195164442062
      vertex 0.104111768305 -0.00697779934853 0.194796085358
      vertex 0.104095295072 -0.00666334480047 0.19192199409
    endloop
  endfacet
  facet normal 0.617345333099 0.260671973228 -0.742249846458
    outer loop
      vertex 0.102896511555 -0.00663624424487 0.196701601148
      vertex 0.104111768305 -0.00697779934853 0.194796085358
      vertex 0.101327255368 -0.00479122111574 0.195164442062
    endloop
  endfacet
  facet normal 0.720313131809 0.352279961109 -0.597534775734
    outer loop
      vertex 0.104251123965 -0.00829751044512 0.19674962759
      vertex 0.104111768305 -0.00697779934853 0.194796085358
      vertex 0.102896511555 -0.00663624424487 0.196701601148
    endloop
  endfacet
  facet normal 0.771699249744 0.317300230265 -0.551181256771
    outer loop
      vertex 0.104251123965 -0.00829751044512 0.19674962759
      vertex 0.106336966157 -0.00990399904549 0.194467321038
      vertex 0.104111768305 -0.00697779934853 0.194796085358
    endloop
  endfacet
  facet normal 0.797801434994 0.0610540397465 -0.599820971489
    outer loop
      vertex 0.104111768305 -0.00697779934853 0.194796085358
      vertex 0.106336966157 -0.00990399904549 0.194467321038
      vertex 0.104095295072 -0.00666334480047 0.19192199409
    endloop
  endfacet
  facet normal 0.47514796257 -0.1105023399 -0.872939646244
    outer loop
      vertex 0.0997410267591 -0.00342741073109 0.193276450038
      vertex 0.101968877017 -0.00495522143319 0.190786629915
      vertex 0.0983357578516 -0.00291989697143 0.191243156791
    endloop
  endfacet
  facet normal 0.337104380131 -0.500317275524 -0.797523200512
    outer loop
      vertex 0.0997068285942 -0.00508833024651 0.186932221055
      vertex 0.0961898192763 -0.00474275741726 0.18511338532
      vertex 0.0966428816319 -0.00326409679838 0.187775686383
    endloop
  endfacet
  facet normal -0.143993794918 -0.211723253131 -0.966663897038
    outer loop
      vertex 0.095785908401 -0.00290910433978 0.189979299903
      vertex 0.0966428816319 -0.00326409679838 0.187775686383
      vertex 0.0933515280485 -0.0035892308224 0.18852968514
    endloop
  endfacet
  facet normal -0.123727977276 -0.204633042216 -0.97098749876
    outer loop
      vertex 0.093318991363 -0.00320919719525 0.190046936274
      vertex 0.0949293971062 -0.00255388161168 0.192182719707
      vertex 0.095785908401 -0.00290910433978 0.189979299903
    endloop
  endfacet
  facet normal -0.752093076706 0.256985962391 -0.606888949871
    outer loop
      vertex 0.0949293971062 -0.00255388161168 0.192182719707
      vertex 0.0930969491601 -0.00606958707795 0.19512245059
      vertex 0.0950196459889 -0.0038873734884 0.195595979691
    endloop
  endfacet
  facet normal -0.103524655104 0.823584616184 -0.557665646076
    outer loop
      vertex 0.0946128666401 -0.00627160212025 0.197159260511
      vertex 0.0980319455266 -0.00383339449763 0.195938080549
      vertex 0.0950196459889 -0.0038873734884 0.195595979691
    endloop
  endfacet
  facet normal 0.242567762733 0.0737995505333 -0.967323362827
    outer loop
      vertex 0.0969733893871 -0.00277553545311 0.193828836083
      vertex 0.0997410267591 -0.00342741073109 0.193276450038
      vertex 0.0983357578516 -0.00291989697143 0.191243156791
    endloop
  endfacet
  facet normal 0.609029054642 0.0596319288015 -0.790903031826
    outer loop
      vertex 0.101327255368 -0.00479122111574 0.195164442062
      vertex 0.101968877017 -0.00495522143319 0.190786629915
      vertex 0.0997410267591 -0.00342741073109 0.193276450038
    endloop
  endfacet
  facet normal 0.405308395624 0.502704501152 -0.763553082943
    outer loop
      vertex 0.0995145216584 -0.00547754950821 0.197668418288
      vertex 0.102896511555 -0.00663624424487 0.196701601148
      vertex 0.101327255368 -0.00479122111574 0.195164442062
    endloop
  endfacet
  facet normal 0.393957316875 0.761836111546 -0.514201700687
    outer loop
      vertex 0.0995145216584 -0.00547754950821 0.197668418288
      vertex 0.101003929973 -0.0078889997676 0.198525831103
      vertex 0.102896511555 -0.00663624424487 0.196701601148
    endloop
  endfacet
  facet normal -0.191850692034 0.743025183678 -0.64117616415
    outer loop
      vertex 0.0946128666401 -0.00627160212025 0.197159260511
      vertex 0.0968977659941 -0.00697355205193 0.198354959488
      vertex 0.0980319455266 -0.00383339449763 0.195938080549
    endloop
  endfacet
  facet normal -0.447294056416 0.892118871212 -0.0636546239257
    outer loop
      vertex 0.0961095765233 -0.0106747420505 0.198223859072
      vertex 0.0968977659941 -0.00697355205193 0.198354959488
      vertex 0.0946128666401 -0.00627160212025 0.197159260511
    endloop
  endfacet
  facet normal 0.115306332707 0.987279951572 0.109465613961
    outer loop
      vertex 0.0961095765233 -0.0106747420505 0.198223859072
      vertex 0.0950878486037 -0.0131210973486 0.198071941733
      vertex 0.0991475880146 -0.0128448912874 0.197628423572
    endloop
  endfacet
  facet normal -0.131929710507 0.956893265247 -0.258746594191
    outer loop
      vertex 0.0995145216584 -0.00547754950821 0.197668418288
      vertex 0.0982880145311 -0.00930036138743 0.198533028364
      vertex 0.101003929973 -0.0078889997676 0.198525831103
    endloop
  endfacet
  facet normal 0.476723194122 0.776957392693 -0.411183893681
    outer loop
      vertex 0.101003929973 -0.0078889997676 0.198525831103
      vertex 0.104251123965 -0.00829751044512 0.19674962759
      vertex 0.102896511555 -0.00663624424487 0.196701601148
    endloop
  endfacet
  facet normal 0.000643596460577 0.962939381599 0.269717216492
    outer loop
      vertex 0.101744189858 -0.00986896455288 0.198460236192
      vertex 0.0991475880146 -0.0128448912874 0.197628423572
      vertex 0.103461034596 -0.0124531444162 0.197735264897
    endloop
  endfacet
  facet normal 0.1511541605 0.887174785137 0.435974001884
    outer loop
      vertex 0.105473943055 -0.0152224600315 0.196031421423
      vertex 0.103461034596 -0.0124531444162 0.197735264897
      vertex 0.101220369339 -0.0150823518634 0.196824982762
    endloop
  endfacet
  facet normal 0.800452768803 0.510845959187 -0.313547134399
    outer loop
      vertex 0.106336966157 -0.00990399904549 0.194467321038
      vertex 0.104251123965 -0.00829751044512 0.19674962759
      vertex 0.105249620974 -0.0110711883754 0.196887493134
    endloop
  endfacet
  facet normal 0.787265479565 0.0843362510204 -0.610819518566
    outer loop
      vertex 0.104095295072 -0.00666334480047 0.19192199409
      vertex 0.106336966157 -0.00990399904549 0.194467321038
      vertex 0.107408747077 -0.0108010713011 0.190959602594
    endloop
  endfacet
  facet normal 0.784674823284 -0.110401004553 -0.60999751091
    outer loop
      vertex 0.107703000307 -0.0115476939827 0.188925653696
      vertex 0.107408747077 -0.0108010713011 0.190959602594
      vertex 0.10876506567 -0.0128269763663 0.18940590322
    endloop
  endfacet
  facet normal 0.487704396248 0.792131125927 -0.366977751255
    outer loop
      vertex 0.108538553119 -0.0165018625557 0.194737300277
      vertex 0.108154684305 -0.0130490902811 0.193374052644
      vertex 0.105473943055 -0.0152224600315 0.196031421423
    endloop
  endfacet
  facet normal 0.535390257835 0.817969501019 -0.210435584188
    outer loop
      vertex 0.108538553119 -0.0165018625557 0.194737300277
      vertex 0.109691232443 -0.0203600488603 0.194975405931
      vertex 0.112432926893 -0.0194395408034 0.192944064736
    endloop
  endfacet
  facet normal 0.577604532242 0.240447103977 -0.780101418495
    outer loop
      vertex 0.116148099303 -0.0216192305088 0.191091164947
      vertex 0.115434080362 -0.0200624726713 0.187755674124
      vertex 0.112432926893 -0.0194395408034 0.192944064736
    endloop
  endfacet
  facet normal 0.829736173153 -0.0510281510651 -0.555818319321
    outer loop
      vertex 0.111371837556 -0.0165644548833 0.191082820296
      vertex 0.110594749451 -0.0158659555018 0.18605543673
      vertex 0.10876506567 -0.0128269763663 0.18940590322
    endloop
  endfacet
  facet normal 0.68579185009 -0.305178135633 -0.660723686218
    outer loop
      vertex 0.110594749451 -0.0158659555018 0.18605543673
      vertex 0.111116655171 -0.0188280940056 0.18081510067
      vertex 0.106371849775 -0.0129264350981 0.182929992676
    endloop
  endfacet
  facet normal 0.614304602146 0.221912324429 -0.757221758366
    outer loop
      vertex 0.115434080362 -0.0200624726713 0.187755674124
      vertex 0.116148099303 -0.0216192305088 0.191091164947
      vertex 0.120057187974 -0.0239042341709 0.188066914678
    endloop
  endfacet
  facet normal 0.574016213417 -0.0386342667043 -0.817932009697
    outer loop
      vertex 0.120057187974 -0.0239042341709 0.188066914678
      vertex 0.123367577791 -0.0262332223356 0.187944278121
      vertex 0.122094675899 -0.025568831712 0.183097839355
    endloop
  endfacet
  facet normal 0.53731918335 -0.580564200878 -0.611746132374
    outer loop
      vertex 0.114527307451 -0.0238921791315 0.178635627031
      vertex 0.111116655171 -0.0188280940056 0.18081510067
      vertex 0.118368148804 -0.0230876691639 0.1830381006
    endloop
  endfacet
  facet normal 0.591773211956 -0.615036785603 -0.521089375019
    outer loop
      vertex 0.122094675899 -0.025568831712 0.183097839355
      vertex 0.120171360672 -0.0277690812945 0.17938311398
      vertex 0.118604131043 -0.02574178949 0.179592788219
    endloop
  endfacet
  facet normal 0.146754726768 -0.983803987503 -0.102921418846
    outer loop
      vertex 0.120171360672 -0.0277690812945 0.17938311398
      vertex 0.123227573931 -0.030153311789 0.179589569569
      vertex 0.117449909449 -0.0313429012895 0.178603261709
    endloop
  endfacet
  facet normal -0.0127222584561 -0.933441758156 0.35850328207
    outer loop
      vertex 0.117449909449 -0.0313429012895 0.178603261709
      vertex 0.112375698984 -0.033692330122 0.179574757814
      vertex 0.11095289886 -0.0305733010173 0.178396239877
    endloop
  endfacet
  facet normal -0.0266983751208 -0.860982596874 0.50793325901
    outer loop
      vertex 0.10743009299 -0.0266416221857 0.17618599534
      vertex 0.11095289886 -0.0305733010173 0.178396239877
      vertex 0.10425426811 -0.0293183661997 0.177863612771
    endloop
  endfacet
  facet normal 0.457064270973 -0.830851256847 0.317456245422
    outer loop
      vertex 0.109953276813 -0.0234060250223 0.176337763667
      vertex 0.10743009299 -0.0266416221857 0.17618599534
      vertex 0.107034623623 -0.0232813023031 0.174684509635
    endloop
  endfacet
  facet normal 0.332703858614 -0.907494366169 -0.256441235542
    outer loop
      vertex 0.112176686525 -0.0265156328678 0.177032515407
      vertex 0.114527307451 -0.0238921791315 0.178635627031
      vertex 0.116218827665 -0.027810420841 0.178148552775
    endloop
  endfacet
  facet normal 0.451604068279 -0.66788238287 -0.591596901417
    outer loop
      vertex 0.109702467918 -0.0204590409994 0.178414210677
      vertex 0.111116655171 -0.0188280940056 0.18081510067
      vertex 0.114527307451 -0.0238921791315 0.178635627031
    endloop
  endfacet
  facet normal 0.493100821972 -0.869937777519 -0.00773327983916
    outer loop
      vertex 0.107034623623 -0.0232813023031 0.174684509635
      vertex 0.107640042901 -0.0213921777904 0.175044476986
      vertex 0.109953276813 -0.0234060250223 0.176337763667
    endloop
  endfacet
  facet normal 0.776427149773 -0.351080030203 -0.523358106613
    outer loop
      vertex 0.106175616384 -0.0154759278521 0.178042799234
      vertex 0.109702467918 -0.0204590409994 0.178414210677
      vertex 0.10725248605 -0.0190943144262 0.175030395389
    endloop
  endfacet
  facet normal 0.538616001606 -0.799475848675 0.265953242779
    outer loop
      vertex 0.105381481349 -0.0228708349168 0.174014747143
      vertex 0.105384729803 -0.0204785652459 0.173221126199
      vertex 0.107640042901 -0.0213921777904 0.175044476986
    endloop
  endfacet
  facet normal 0.644599616528 -0.756592690945 -0.109812743962
    outer loop
      vertex 0.104220822453 -0.0192359164357 0.17240986228
      vertex 0.105151362717 -0.0185127221048 0.173307627439
      vertex 0.105384729803 -0.0204785652459 0.173221126199
    endloop
  endfacet
  facet normal 0.793550848961 -0.330233961344 -0.511099398136
    outer loop
      vertex 0.105499707162 -0.0171679724008 0.173799857497
      vertex 0.106175616384 -0.0154759278521 0.178042799234
      vertex 0.10725248605 -0.0190943144262 0.175030395389
    endloop
  endfacet
  facet normal 0.644540369511 -0.756626069546 -0.109930381179
    outer loop
      vertex 0.104278311133 -0.0175806209445 0.172699332237
      vertex 0.105151362717 -0.0185127221048 0.173307627439
      vertex 0.104220822453 -0.0192359164357 0.17240986228
    endloop
  endfacet
  facet normal 0.579683125019 -0.756676912308 -0.302336812019
    outer loop
      vertex 0.104278311133 -0.0175806209445 0.172699332237
      vertex 0.103056915104 -0.0179931558669 0.171598792076
      vertex 0.103168196976 -0.0150681072846 0.172852784395
    endloop
  endfacet
  facet normal 0.713510036469 -0.354636907578 -0.604264914989
    outer loop
      vertex 0.105499707162 -0.0171679724008 0.173799857497
      vertex 0.103837035596 -0.0144675737247 0.175055846572
      vertex 0.106175616384 -0.0154759278521 0.178042799234
    endloop
  endfacet
  facet normal 0.634411931038 -0.653452575207 -0.412942171097
    outer loop
      vertex 0.103837035596 -0.0144675737247 0.175055846572
      vertex 0.100999057293 -0.0134940091521 0.172915801406
      vertex 0.101603336632 -0.0122088715434 0.174314603209
    endloop
  endfacet
  facet normal 0.427660435438 -0.794942438602 -0.430317431688
    outer loop
      vertex 0.103168196976 -0.0150681072846 0.172852784395
      vertex 0.100977823138 -0.0171452388167 0.170550018549
      vertex 0.100394770503 -0.014779035002 0.17151722312
    endloop
  endfacet
  facet normal 0.519474387169 -0.787470281124 -0.331718116999
    outer loop
      vertex 0.100999057293 -0.0134940091521 0.172915801406
      vertex 0.0986432358623 -0.0139386989176 0.171174392104
      vertex 0.0988737121224 -0.011981585063 0.172150865197
    endloop
  endfacet
  facet normal 0.311175554991 -0.850386917591 -0.424277991056
    outer loop
      vertex 0.0990364700556 -0.0150491567329 0.170885413885
      vertex 0.100394770503 -0.014779035002 0.17151722312
      vertex 0.100977823138 -0.0171452388167 0.170550018549
    endloop
  endfacet
  facet normal 0.337764590979 -0.874790012836 -0.347357928753
    outer loop
      vertex 0.0986432358623 -0.0139386989176 0.171174392104
      vertex 0.0976781323552 -0.0153190493584 0.170253649354
      vertex 0.0968916788697 -0.0130984783173 0.170831739902
    endloop
  endfacet
  facet normal 0.299686074257 -0.85903775692 -0.415020912886
    outer loop
      vertex 0.0990364700556 -0.0150491567329 0.170885413885
      vertex 0.100977823138 -0.0171452388167 0.170550018549
      vertex 0.0991231501102 -0.016911868006 0.170015737414
    endloop
  endfacet
  facet normal 0.165975421667 -0.985868632793 -0.0226982347667
    outer loop
      vertex 0.097786873579 -0.01674958691 0.169794514775
      vertex 0.0991231501102 -0.016911868006 0.170015737414
      vertex 0.0978679805994 -0.0180101506412 0.169779136777
    endloop
  endfacet
  facet normal 0.129888564348 -0.991310358047 -0.0208029150963
    outer loop
      vertex 0.097786873579 -0.01674958691 0.169794514775
      vertex 0.0970701351762 -0.017780456692 0.16967895627
      vertex 0.0966434031725 -0.0168291777372 0.169643014669
    endloop
  endfacet
  facet normal 0.130439028144 -0.948011398315 -0.290275752544
    outer loop
      vertex 0.0976781323552 -0.0153190493584 0.170253649354
      vertex 0.0960511192679 -0.0161863751709 0.169764220715
      vertex 0.0955781266093 -0.0144934086129 0.170217514038
    endloop
  endfacet
  facet normal 0.100322552025 -0.991097986698 0.0875224843621
    outer loop
      vertex 0.0964006707072 -0.0178766995668 0.169710949063
      vertex 0.0957795530558 -0.0172163285315 0.169589757919
      vertex 0.0966434031725 -0.0168291777372 0.169643014669
    endloop
  endfacet
  facet normal 0.0569625720382 -0.984046936035 -0.168543338776
    outer loop
      vertex 0.0960511192679 -0.0161863751709 0.169764220715
      vertex 0.0953003689647 -0.0166161358356 0.169647157192
      vertex 0.0952039733529 -0.0160918608308 0.169731363654
    endloop
  endfacet
  facet normal 0.176876559854 -0.983688473701 -0.0327364988625
    outer loop
      vertex 0.0950135812163 -0.0170641541481 0.169536620378
      vertex 0.0952974334359 -0.0175592601299 0.169571191072
      vertex 0.0948534160852 -0.017449580133 0.169495001435
    endloop
  endfacet
  facet normal -0.0846205204725 -0.962887346745 0.256295412779
    outer loop
      vertex 0.0964006707072 -0.0178766995668 0.169710949063
      vertex 0.09571172297 -0.017815027386 0.169755071402
      vertex 0.0957795530558 -0.0172163285315 0.169589757919
    endloop
  endfacet
  facet normal 0.0488784015179 -0.902095377445 0.428759664297
    outer loop
      vertex 0.0948534160852 -0.017449580133 0.169495001435
      vertex 0.0952974334359 -0.0175592601299 0.169571191072
      vertex 0.0951825007796 -0.0177664458752 0.16966342926
    endloop
  endfacet
  facet normal -0.15303529799 -0.755844652653 0.636615335941
    outer loop
      vertex 0.0929206758738 -0.0214607678354 0.172092080116
      vertex 0.0932460278273 -0.0210732519627 0.171699807048
      vertex 0.0934770777822 -0.0214549191296 0.171974495053
    endloop
  endfacet
  facet normal -0.32122695446 -0.800255596638 0.506363749504
    outer loop
      vertex 0.0902233123779 -0.0198599100113 0.171716228127
      vertex 0.0898375883698 -0.0194527320564 0.171613410115
      vertex 0.0904216244817 -0.0191461145878 0.171184971929
    endloop
  endfacet
  facet normal 0.127875208855 -0.926306545734 0.354406654835
    outer loop
      vertex 0.094986602664 -0.0183802805841 0.169871240854
      vertex 0.0951825007796 -0.0177664458752 0.16966342926
      vertex 0.09571172297 -0.017815027386 0.169755071402
    endloop
  endfacet
  facet normal -0.195392608643 -0.831345617771 0.520275175571
    outer loop
      vertex 0.0928850322962 -0.0200298652053 0.171017274261
      vertex 0.092205286026 -0.0199581794441 0.171132162213
      vertex 0.0925615131855 -0.019590023905 0.170818045735
    endloop
  endfacet
  facet normal -0.0176146961749 -0.779314935207 0.626384794712
    outer loop
      vertex 0.0959380045533 -0.0209876559675 0.171311095357
      vertex 0.0964470356703 -0.0205241106451 0.170927017927
      vertex 0.0967684388161 -0.0211282484233 0.1714053303
    endloop
  endfacet
  facet normal -0.200029149652 -0.533878266811 0.821560919285
    outer loop
      vertex 0.0920762270689 -0.0243295542896 0.175636947155
      vertex 0.0928885787725 -0.0245303064585 0.17564150691
      vertex 0.0924158096313 -0.0246531590819 0.176007688046
    endloop
  endfacet
  facet normal -0.176443442702 -0.789293169975 0.588118970394
    outer loop
      vertex 0.0932398661971 -0.0205734446645 0.171319261193
      vertex 0.0926891639829 -0.0209544338286 0.171726256609
      vertex 0.0924705788493 -0.0204557701945 0.171403557062
    endloop
  endfacet
  facet normal -0.0401955880225 -0.992013037205 0.119559325278
    outer loop
      vertex 0.0916899517179 -0.0151783647016 0.169652953744
      vertex 0.0928210690618 -0.0158197842538 0.169684424996
      vertex 0.0920787677169 -0.016223706305 0.169763177633
    endloop
  endfacet
  facet normal 0.125011503696 -0.988834381104 -0.081108905375
    outer loop
      vertex 0.0935866981745 -0.0153546519578 0.169819369912
      vertex 0.093209862709 -0.0161391720176 0.169707372785
      vertex 0.0928210690618 -0.0158197842538 0.169684424996
    endloop
  endfacet
  facet normal -0.212543442845 -0.783461511135 0.58396345377
    outer loop
      vertex 0.0919821932912 -0.0209077820182 0.171872958541
      vertex 0.0918408185244 -0.0203222446144 0.17147487402
      vertex 0.0924705788493 -0.0204557701945 0.171403557062
    endloop
  endfacet
  facet normal 0.00738732423633 -0.990427494049 -0.137836366892
    outer loop
      vertex 0.0935866981745 -0.0153546519578 0.169819369912
      vertex 0.0937725380063 -0.016314201057 0.169687211514
      vertex 0.093209862709 -0.0161391720176 0.169707372785
    endloop
  endfacet
  facet normal -0.216150254011 -0.954285383224 -0.206442371011
    outer loop
      vertex 0.0933730900288 -0.0167314447463 0.169757694006
      vertex 0.094115562737 -0.0167670417577 0.169581830502
      vertex 0.0936978459358 -0.0170473903418 0.169615790248
    endloop
  endfacet
  facet normal -0.0340179949999 -0.979710400105 -0.197510287166
    outer loop
      vertex 0.0937725380063 -0.016314201057 0.169687211514
      vertex 0.0944411531091 -0.0156541727483 0.169797062874
      vertex 0.0945300161839 -0.0164187140763 0.169639840722
    endloop
  endfacet
  facet normal 0.0642037391663 -0.974628925323 -0.214420944452
    outer loop
      vertex 0.0953003689647 -0.0166161358356 0.169647157192
      vertex 0.0948069095612 -0.0168582312763 0.169561386108
      vertex 0.0945300161839 -0.0164187140763 0.169639840722
    endloop
  endfacet
  facet normal 0.0898957699537 -0.974122941494 -0.207372307777
    outer loop
      vertex 0.0946692973375 -0.0171452388167 0.169487595558
      vertex 0.0948069095612 -0.0168582312763 0.169561386108
      vertex 0.0950135812163 -0.0170641541481 0.169536620378
    endloop
  endfacet
  facet normal -0.0360421426594 -0.973006725311 -0.227944865823
    outer loop
      vertex 0.0941528752446 -0.0171612016857 0.169488102198
      vertex 0.094115562737 -0.0167670417577 0.169581830502
      vertex 0.0945074409246 -0.0169412717223 0.169526487589
    endloop
  endfacet
  facet normal 0.128415673971 -0.990271687508 -0.0535857193172
    outer loop
      vertex 0.0950135812163 -0.0170641541481 0.169536620378
      vertex 0.0948534160852 -0.017449580133 0.169495001435
      vertex 0.0946692973375 -0.0171452388167 0.169487595558
    endloop
  endfacet
  facet normal -0.190048053861 -0.90929377079 0.370225012302
    outer loop
      vertex 0.0914110392332 -0.017762735486 0.170240700245
      vertex 0.0915203988552 -0.0185196138918 0.170525997877
      vertex 0.0908350497484 -0.0181098356843 0.170502409339
    endloop
  endfacet
  facet normal -0.246633067727 -0.860942661762 0.444915622473
    outer loop
      vertex 0.0902787744999 -0.0183933414519 0.170808270574
      vertex 0.0901582613587 -0.0178233459592 0.17054823041
      vertex 0.0908350497484 -0.0181098356843 0.170502409339
    endloop
  endfacet
  facet normal -0.157781258225 -0.831889569759 0.532038390636
    outer loop
      vertex 0.0864088758826 -0.0342007651925 0.183806359768
      vertex 0.0857628136873 -0.0340108945966 0.183807462454
      vertex 0.0861606225371 -0.0335979275405 0.183467909694
    endloop
  endfacet
  facet normal -0.167040809989 -0.77216142416 0.613077521324
    outer loop
      vertex 0.0846112966537 -0.0359637364745 0.185437366366
      vertex 0.0850046649575 -0.0362921580672 0.185613021255
      vertex 0.0844266489148 -0.0363884866238 0.185814544559
    endloop
  endfacet
  facet normal -0.215312063694 -0.828203618526 0.51741617918
    outer loop
      vertex 0.0851612240076 -0.033220499754 0.183461010456
      vertex 0.0856134742498 -0.0334020145237 0.18345682323
      vertex 0.0851692184806 -0.0336407646537 0.183721482754
    endloop
  endfacet
  facet normal -0.0836710482836 -0.757415235043 0.647550284863
    outer loop
      vertex 0.0865802243352 -0.0361089482903 0.185186222196
      vertex 0.0871237963438 -0.0362926796079 0.185283258557
      vertex 0.0868069604039 -0.0365771129727 0.185561433434
    endloop
  endfacet
  facet normal -0.0843594074249 -0.862560391426 0.498871773481
    outer loop
      vertex 0.088149510324 -0.0329753383994 0.182888388634
      vertex 0.088002152741 -0.0334985964 0.18320544064
      vertex 0.0875464975834 -0.0332401581109 0.183100521564
    endloop
  endfacet
  facet normal -0.143871441483 -0.749340236187 0.64636695385
    outer loop
      vertex 0.0854730531573 -0.0366284511983 0.185813173652
      vertex 0.0850046649575 -0.0362921580672 0.185613021255
      vertex 0.0855529084802 -0.0361025594175 0.185344219208
    endloop
  endfacet
  facet normal -0.0531164482236 -0.811414182186 0.582053005695
    outer loop
      vertex 0.0887157320976 -0.0350124016404 0.184134557843
      vertex 0.0881697684526 -0.035206194967 0.184309303761
      vertex 0.0883430838585 -0.0347932577133 0.184001743793
    endloop
  endfacet
  facet normal -0.325197130442 -0.772938668728 0.544805109501
    outer loop
      vertex 0.0840691626072 -0.0346329323947 0.184674829245
      vertex 0.0842119455338 -0.0351365804672 0.184969753027
      vertex 0.0837677717209 -0.0348692834377 0.184968218207
    endloop
  endfacet
  facet normal -0.0555311851203 -0.892665505409 0.44728577137
    outer loop
      vertex 0.0870263054967 -0.0332736670971 0.183167234063
      vertex 0.0867868363857 -0.0327447243035 0.182917103171
      vertex 0.0874003842473 -0.0328277945518 0.182920560241
    endloop
  endfacet
  facet normal -0.127406805754 -0.903289854527 0.409676581621
    outer loop
      vertex 0.0853798389435 -0.0311148129404 0.182253226638
      vertex 0.0854259058833 -0.0316191054881 0.182475447655
      vertex 0.0847984626889 -0.0315366387367 0.182526543736
    endloop
  endfacet
  facet normal -0.15554253757 -0.780019581318 0.606115460396
    outer loop
      vertex 0.0855529084802 -0.0361025594175 0.185344219208
      vertex 0.0850968584418 -0.0357488617301 0.185160323977
      vertex 0.0856609120965 -0.0355130024254 0.18486456573
    endloop
  endfacet
  facet normal -0.201087072492 -0.821536242962 0.533518731594
    outer loop
      vertex 0.0857628136873 -0.0340108945966 0.183807462454
      vertex 0.0856337472796 -0.034526437521 0.184173867106
      vertex 0.0851862430573 -0.0341351032257 0.184029266238
    endloop
  endfacet
  facet normal -0.030337465927 -0.797084152699 0.603105664253
    outer loop
      vertex 0.0887412652373 -0.0354347750545 0.184443458915
      vertex 0.089305691421 -0.0350922048092 0.184162780643
      vertex 0.0893055796623 -0.0358000062406 0.184698328376
    endloop
  endfacet
  facet normal -0.115511037409 -0.738092780113 0.664737701416
    outer loop
      vertex 0.0865220278502 -0.0369076766074 0.18588848412
      vertex 0.0859578251839 -0.036869969219 0.185942828655
      vertex 0.0861348062754 -0.0364443734288 0.185531824827
    endloop
  endfacet
  facet normal -0.102802142501 -0.805212140083 0.584007799625
    outer loop
      vertex 0.0870922356844 -0.0352320149541 0.184431612492
      vertex 0.0865177363157 -0.0350968874991 0.18440695107
      vertex 0.0867321193218 -0.0347394198179 0.184120312333
    endloop
  endfacet
  facet normal -0.25123155117 -0.790278553963 0.558876097202
    outer loop
      vertex 0.0836941376328 -0.0356809161603 0.185503005981
      vertex 0.0842308551073 -0.0356142446399 0.185285225511
      vertex 0.0840426236391 -0.0361481122673 0.185722619295
    endloop
  endfacet
  facet normal -0.280313551426 -0.836643993855 0.470585972071
    outer loop
      vertex 0.0837765410542 -0.0352853760123 0.185199320316
      vertex 0.0837677717209 -0.0348692834377 0.184968218207
      vertex 0.0842119455338 -0.0351365804672 0.184969753027
    endloop
  endfacet
  facet normal -0.0488986633718 -0.782050728798 0.62129342556
    outer loop
      vertex 0.0893055796623 -0.0358000062406 0.184698328376
      vertex 0.0888708010316 -0.0357702597976 0.184701874852
      vertex 0.0887412652373 -0.0354347750545 0.184443458915
    endloop
  endfacet
  facet normal 0.0966276377439 -0.945806741714 0.310020416975
    outer loop
      vertex 0.088247962296 -0.0319080613554 0.182645857334
      vertex 0.0877261087298 -0.0324401110411 0.182766929269
      vertex 0.0875291228294 -0.0319837331772 0.182597219944
    endloop
  endfacet
  facet normal -0.134979993105 -0.793867528439 0.592920541763
    outer loop
      vertex 0.0859900265932 -0.0350501574576 0.184462919831
      vertex 0.0864440873265 -0.0355609580874 0.184767216444
      vertex 0.0856609120965 -0.0355130024254 0.18486456573
    endloop
  endfacet
  facet normal -0.0455150045455 -0.723557293415 0.688762068748
    outer loop
      vertex 0.0887968838215 -0.0363160222769 0.185200616717
      vertex 0.0883126705885 -0.0361593812704 0.185081958771
      vertex 0.0889341980219 -0.0360834561288 0.184970587492
    endloop
  endfacet
  facet normal 0.0330850072205 -0.925580978394 0.377101093531
    outer loop
      vertex 0.0874800682068 -0.0313555300236 0.182333126664
      vertex 0.0867111831903 -0.0314830727875 0.182357609272
      vertex 0.086800403893 -0.0310099571943 0.182168036699
    endloop
  endfacet
  facet normal -0.147539004683 -0.780273079872 0.607787907124
    outer loop
      vertex 0.0856609120965 -0.0355130024254 0.18486456573
      vertex 0.0860433503985 -0.0359230786562 0.185111686587
      vertex 0.0855529084802 -0.0361025594175 0.185344219208
    endloop
  endfacet
  facet normal -0.0750275179744 -0.895468175411 0.438756912947
    outer loop
      vertex 0.0854259058833 -0.0316191054881 0.182475447655
      vertex 0.0856930911541 -0.0311601795256 0.182228192687
      vertex 0.0860671326518 -0.0316633433104 0.182443395257
    endloop
  endfacet
  facet normal -0.138599231839 -0.749511241913 0.64732003212
    outer loop
      vertex 0.0861348062754 -0.0364443734288 0.185531824827
      vertex 0.0854730531573 -0.0366284511983 0.185813173652
      vertex 0.0855529084802 -0.0361025594175 0.185344219208
    endloop
  endfacet
  facet normal 0.030491983518 -0.851030409336 0.524230360985
    outer loop
      vertex 0.088149510324 -0.0329753383994 0.182888388634
      vertex 0.0885795354843 -0.0333789102733 0.183152392507
      vertex 0.088002152741 -0.0334985964 0.18320544064
    endloop
  endfacet
  facet normal -0.0277337692678 -0.722673237324 0.690633237362
    outer loop
      vertex 0.0882644802332 -0.0365047566593 0.185401409864
      vertex 0.0887968838215 -0.0363160222769 0.185200616717
      vertex 0.0887221843004 -0.0366371311247 0.185510352254
    endloop
  endfacet
  facet normal -0.0353031121194 -0.831581950188 0.55427891016
    outer loop
      vertex 0.0885248333216 -0.0340067856014 0.183476909995
      vertex 0.0880302488804 -0.0340375602245 0.18351842463
      vertex 0.0884048938751 -0.0337370038033 0.18330219388
    endloop
  endfacet
  facet normal -0.0929930061102 -0.893268108368 0.43980038166
    outer loop
      vertex 0.0862330794334 -0.0327012911439 0.182940408587
      vertex 0.0856473147869 -0.0323518812656 0.182829365134
      vertex 0.0864387825131 -0.0322411470115 0.182692453265
    endloop
  endfacet
  facet normal -0.212569072843 -0.789884328842 0.575236618519
    outer loop
      vertex 0.0842308551073 -0.0356142446399 0.185285225511
      vertex 0.0846469551325 -0.0354383550584 0.185045152903
      vertex 0.0846112966537 -0.0359637364745 0.185437366366
    endloop
  endfacet
  facet normal -0.015623438172 -0.917579352856 0.397245496511
    outer loop
      vertex 0.0870104059577 -0.0319299139082 0.182547971606
      vertex 0.0871591567993 -0.0323825404048 0.18274140358
      vertex 0.0864387825131 -0.0322411470115 0.182692453265
    endloop
  endfacet
  facet normal -0.24950799346 -0.818184673786 0.517995715141
    outer loop
      vertex 0.0851692184806 -0.0336407646537 0.183721482754
      vertex 0.0851862430573 -0.0341351032257 0.184029266238
      vertex 0.0846185237169 -0.0338422767818 0.184017002583
    endloop
  endfacet
  facet normal -0.123035512865 -0.865231215954 0.486042350531
    outer loop
      vertex 0.0862330794334 -0.0327012911439 0.182940408587
      vertex 0.0864754319191 -0.0331978872418 0.183184921741
      vertex 0.0858952701092 -0.0329876877367 0.183149337769
    endloop
  endfacet
  facet normal -0.2336255759 -0.817009866238 0.527175486088
    outer loop
      vertex 0.0851563438773 -0.0345531441271 0.184307545424
      vertex 0.0846050009131 -0.0343881100416 0.184358716011
      vertex 0.0851862430573 -0.0341351032257 0.184029266238
    endloop
  endfacet
  facet normal -0.25241073966 -0.792190492153 0.555628478527
    outer loop
      vertex 0.0837765410542 -0.0352853760123 0.185199320316
      vertex 0.0842308551073 -0.0356142446399 0.185285225511
      vertex 0.0836941376328 -0.0356809161603 0.185503005981
    endloop
  endfacet
  facet normal -0.072639927268 -0.891188919544 0.447778642178
    outer loop
      vertex 0.0864387825131 -0.0322411470115 0.182692453265
      vertex 0.0867868363857 -0.0327447243035 0.182917103171
      vertex 0.0862330794334 -0.0327012911439 0.182940408587
    endloop
  endfacet
  facet normal -0.273520231247 -0.821556687355 0.500231266022
    outer loop
      vertex 0.0849122479558 -0.0323814339936 0.183022350073
      vertex 0.0848111659288 -0.0328935533762 0.183367818594
      vertex 0.0844109803438 -0.0326606556773 0.183359250426
    endloop
  endfacet
  facet normal -0.346482992172 -0.755833268166 0.555576860905
    outer loop
      vertex 0.0846733003855 -0.0318934693933 0.182773202658
      vertex 0.0849122479558 -0.0323814339936 0.183022350073
      vertex 0.0844465121627 -0.032135233283 0.183054879308
    endloop
  endfacet
  facet normal -0.0476595945656 -0.804874002934 0.591528832912
    outer loop
      vertex 0.0887157320976 -0.0350124016404 0.184134557843
      vertex 0.0887412652373 -0.0354347750545 0.184443458915
      vertex 0.0881697684526 -0.035206194967 0.184309303761
    endloop
  endfacet
  facet normal -0.0309218224138 -0.729551851749 0.683226108551
    outer loop
      vertex 0.0878417566419 -0.036669395864 0.185573518276
      vertex 0.0882644802332 -0.0365047566593 0.185401409864
      vertex 0.0883416086435 -0.037042658776 0.185901880264
    endloop
  endfacet
  facet normal -0.0417083203793 -0.728626489639 0.683640122414
    outer loop
      vertex 0.0878417566419 -0.036669395864 0.185573518276
      vertex 0.0876313596964 -0.0369741134346 0.185871452093
      vertex 0.0873677060008 -0.0366293080151 0.185563027859
    endloop
  endfacet
  facet normal -0.302621901035 -0.83345925808 0.462347954512
    outer loop
      vertex 0.0844109803438 -0.0326606556773 0.183359250426
      vertex 0.0844465121627 -0.032135233283 0.183054879308
      vertex 0.0849122479558 -0.0323814339936 0.183022350073
    endloop
  endfacet
  facet normal 0.0128601789474 -0.922989368439 0.384610444307
    outer loop
      vertex 0.0870104059577 -0.0319299139082 0.182547971606
      vertex 0.0865644961596 -0.0318594835699 0.182512417436
      vertex 0.0867111831903 -0.0314830727875 0.182357609272
    endloop
  endfacet
  facet normal -0.129676625133 -0.854740202427 0.502596378326
    outer loop
      vertex 0.0861606225371 -0.0335979275405 0.183467909694
      vertex 0.0858952701092 -0.0329876877367 0.183149337769
      vertex 0.0864754319191 -0.0331978872418 0.183184921741
    endloop
  endfacet
  facet normal -0.00529133668169 -0.923444151878 0.383696347475
    outer loop
      vertex 0.0884048938751 -0.0337370038033 0.18330219388
      vertex 0.088002152741 -0.0334985964 0.18320544064
      vertex 0.0885795354843 -0.0333789102733 0.183152392507
    endloop
  endfacet
  facet normal -0.166452422738 -0.811006903648 0.560857713223
    outer loop
      vertex 0.0859900265932 -0.0350501574576 0.184462919831
      vertex 0.0856337472796 -0.034526437521 0.184173867106
      vertex 0.0861667245626 -0.0346146374941 0.184125468135
    endloop
  endfacet
  facet normal -0.0600677318871 -0.741696417332 0.668040633202
    outer loop
      vertex 0.0873677060008 -0.0366293080151 0.185563027859
      vertex 0.0870838612318 -0.0369582250714 0.185882270336
      vertex 0.0868069604039 -0.0365771129727 0.185561433434
    endloop
  endfacet
  facet normal -0.176338598132 -0.796995997429 0.577669501305
    outer loop
      vertex 0.0850968584418 -0.0357488617301 0.185160323977
      vertex 0.0850384607911 -0.0352446660399 0.184807792306
      vertex 0.0856609120965 -0.0355130024254 0.18486456573
    endloop
  endfacet
  facet normal -0.123231396079 -0.853299736977 0.506649374962
    outer loop
      vertex 0.0864754319191 -0.0331978872418 0.183184921741
      vertex 0.0868223384023 -0.0337955579162 0.18348968029
      vertex 0.0861606225371 -0.0335979275405 0.183467909694
    endloop
  endfacet
  facet normal -0.0578140430152 -0.812125623226 0.580611288548
    outer loop
      vertex 0.0881697684526 -0.035206194967 0.184309303761
      vertex 0.0877385362983 -0.0349903665483 0.184185698628
      vertex 0.0883430838585 -0.0347932577133 0.184001743793
    endloop
  endfacet
  facet normal -0.205810591578 -0.827542543411 0.522317290306
    outer loop
      vertex 0.0851692184806 -0.0336407646537 0.183721482754
      vertex 0.0857628136873 -0.0340108945966 0.183807462454
      vertex 0.0851862430573 -0.0341351032257 0.184029266238
    endloop
  endfacet
  facet normal -0.0306742545217 -0.830841422081 0.555663228035
    outer loop
      vertex 0.0887157320976 -0.0350124016404 0.184134557843
      vertex 0.0883430838585 -0.0347932577133 0.184001743793
      vertex 0.0889413058758 -0.0346328131855 0.183872357011
    endloop
  endfacet
  facet normal -0.0699090138078 -0.772326529026 0.631367146969
    outer loop
      vertex 0.0876607373357 -0.0354929193854 0.184572532773
      vertex 0.0881308913231 -0.0355699174106 0.184592917562
      vertex 0.0878609493375 -0.0359004400671 0.184887543321
    endloop
  endfacet
  facet normal -0.204083532095 -0.85135447979 0.483265370131
    outer loop
      vertex 0.0856473147869 -0.0323518812656 0.182829365134
      vertex 0.0853501334786 -0.0328568816185 0.183187261224
      vertex 0.0849122479558 -0.0323814339936 0.183022350073
    endloop
  endfacet
  facet normal -0.0765629187226 -0.84979724884 0.521519601345
    outer loop
      vertex 0.0874300152063 -0.0336801111698 0.18335314095
      vertex 0.0880302488804 -0.0340375602245 0.18351842463
      vertex 0.0874326378107 -0.0342023074627 0.183673366904
    endloop
  endfacet
  facet normal -0.102303661406 -0.819195270538 0.56431645155
    outer loop
      vertex 0.0867321193218 -0.0347394198179 0.184120312333
      vertex 0.0869325175881 -0.034344561398 0.183823287487
      vertex 0.0873293057084 -0.0346974022686 0.184016793966
    endloop
  endfacet
  facet normal -0.160123810172 -0.734076201916 0.659918546677
    outer loop
      vertex 0.0854730531573 -0.0366284511983 0.185813173652
      vertex 0.0847642719746 -0.0367244146764 0.186054050922
      vertex 0.0850046649575 -0.0362921580672 0.185613021255
    endloop
  endfacet
  facet normal -0.267413854599 -0.81432557106 0.515134632587
    outer loop
      vertex 0.0841816291213 -0.0340307839215 0.184271708131
      vertex 0.0846050009131 -0.0343881100416 0.184358716011
      vertex 0.0840903148055 -0.03429447487 0.184468507767
    endloop
  endfacet
  facet normal -0.0925918295979 -0.782416641712 0.615833520889
    outer loop
      vertex 0.0864440873265 -0.0355609580874 0.184767216444
      vertex 0.0870922356844 -0.0352320149541 0.184431612492
      vertex 0.0871925279498 -0.0358678661287 0.184920221567
    endloop
  endfacet
  facet normal -0.134735867381 -0.788129210472 0.60058182478
    outer loop
      vertex 0.0856609120965 -0.0355130024254 0.18486456573
      vertex 0.0864440873265 -0.0355609580874 0.184767216444
      vertex 0.0860433503985 -0.0359230786562 0.185111686587
    endloop
  endfacet
  facet normal -0.130288362503 -0.820593655109 0.556462943554
    outer loop
      vertex 0.0864088758826 -0.0342007651925 0.183806359768
      vertex 0.0867321193218 -0.0347394198179 0.184120312333
      vertex 0.0861667245626 -0.0346146374941 0.184125468135
    endloop
  endfacet
  facet normal -0.0728250220418 -0.795752823353 0.601227104664
    outer loop
      vertex 0.0881697684526 -0.035206194967 0.184309303761
      vertex 0.0876607373357 -0.0354929193854 0.184572532773
      vertex 0.0877385362983 -0.0349903665483 0.184185698628
    endloop
  endfacet
  facet normal -0.119287729263 -0.837688863277 0.532961368561
    outer loop
      vertex 0.0868223384023 -0.0337955579162 0.18348968029
      vertex 0.0869325175881 -0.034344561398 0.183823287487
      vertex 0.0864088758826 -0.0342007651925 0.183806359768
    endloop
  endfacet
  facet normal -0.165624380112 -0.771279335022 0.614570438862
    outer loop
      vertex 0.0855529084802 -0.0361025594175 0.185344219208
      vertex 0.0850046649575 -0.0362921580672 0.185613021255
      vertex 0.0850968584418 -0.0357488617301 0.185160323977
    endloop
  endfacet
  facet normal -0.144021734595 -0.731600284576 0.666347324848
    outer loop
      vertex 0.0847642719746 -0.0367244146764 0.186054050922
      vertex 0.0844266489148 -0.0363884866238 0.185814544559
      vertex 0.0850046649575 -0.0362921580672 0.185613021255
    endloop
  endfacet
  facet normal -0.148919597268 -0.711703181267 0.686514079571
    outer loop
      vertex 0.0847642719746 -0.0367244146764 0.186054050922
      vertex 0.0854730531573 -0.0366284511983 0.185813173652
      vertex 0.0854428634048 -0.0371751897037 0.186346888542
    endloop
  endfacet
  facet normal -0.132602587342 -0.874101996422 0.467292487621
    outer loop
      vertex 0.0854259058833 -0.0316191054881 0.182475447655
      vertex 0.085131958127 -0.0319784097373 0.182712107897
      vertex 0.0847984626889 -0.0315366387367 0.182526543736
    endloop
  endfacet
  facet normal -0.151574134827 -0.711487293243 0.686156749725
    outer loop
      vertex 0.0854730531573 -0.0366284511983 0.185813173652
      vertex 0.0859578251839 -0.036869969219 0.185942828655
      vertex 0.0854428634048 -0.0371751897037 0.186346888542
    endloop
  endfacet
  facet normal -0.168273553252 -0.771149814129 0.614012956619
    outer loop
      vertex 0.0846112966537 -0.0359637364745 0.185437366366
      vertex 0.0850968584418 -0.0357488617301 0.185160323977
      vertex 0.0850046649575 -0.0362921580672 0.185613021255
    endloop
  endfacet
  facet normal -0.133217468858 -0.810671389103 0.570144712925
    outer loop
      vertex 0.0867321193218 -0.0347394198179 0.184120312333
      vertex 0.0865177363157 -0.0350968874991 0.18440695107
      vertex 0.0861667245626 -0.0346146374941 0.184125468135
    endloop
  endfacet
  facet normal -0.12815335393 -0.76107186079 0.63588231802
    outer loop
      vertex 0.0861348062754 -0.0364443734288 0.185531824827
      vertex 0.0855529084802 -0.0361025594175 0.185344219208
      vertex 0.0860433503985 -0.0359230786562 0.185111686587
    endloop
  endfacet
  facet normal -0.240840643644 -0.801437735558 0.547442555428
    outer loop
      vertex 0.0842119455338 -0.0351365804672 0.184969753027
      vertex 0.0845530107617 -0.034907374531 0.18471069634
      vertex 0.0846469551325 -0.0354383550584 0.185045152903
    endloop
  endfacet
  facet normal -0.19528734684 -0.79300147295 0.577071487904
    outer loop
      vertex 0.0850968584418 -0.0357488617301 0.185160323977
      vertex 0.0846469551325 -0.0354383550584 0.185045152903
      vertex 0.0850384607911 -0.0352446660399 0.184807792306
    endloop
  endfacet
  facet normal 0.102104954422 -0.919858276844 0.378728508949
    outer loop
      vertex 0.088247962296 -0.0319080613554 0.182645857334
      vertex 0.0875291228294 -0.0319837331772 0.182597219944
      vertex 0.0874800682068 -0.0313555300236 0.182333126664
    endloop
  endfacet
  facet normal -0.224411100149 -0.801818490028 0.55382925272
    outer loop
      vertex 0.0849485993385 -0.0348329544067 0.184548571706
      vertex 0.0850384607911 -0.0352446660399 0.184807792306
      vertex 0.0845530107617 -0.034907374531 0.18471069634
    endloop
  endfacet
  facet normal -0.0685445293784 -0.738114714622 0.671184241772
    outer loop
      vertex 0.0870838612318 -0.0369582250714 0.185882270336
      vertex 0.0865220278502 -0.0369076766074 0.18588848412
      vertex 0.0868069604039 -0.0365771129727 0.185561433434
    endloop
  endfacet
  facet normal -0.259975224733 -0.818863332272 0.511737942696
    outer loop
      vertex 0.0846959203482 -0.033321339637 0.183671742678
      vertex 0.0848111659288 -0.0328935533762 0.183367818594
      vertex 0.0851612240076 -0.033220499754 0.183461010456
    endloop
  endfacet
  facet normal -0.060400120914 -0.769105315208 0.636261641979
    outer loop
      vertex 0.0884406194091 -0.0358287505805 0.184782713652
      vertex 0.0878609493375 -0.0359004400671 0.184887543321
      vertex 0.0881308913231 -0.0355699174106 0.184592917562
    endloop
  endfacet
  facet normal -0.0655021592975 -0.79029417038 0.60921639204
    outer loop
      vertex 0.0876607373357 -0.0354929193854 0.184572532773
      vertex 0.0881697684526 -0.035206194967 0.184309303761
      vertex 0.0881308913231 -0.0355699174106 0.184592917562
    endloop
  endfacet
  facet normal -0.0596074722707 -0.746038973331 0.663229048252
    outer loop
      vertex 0.0873677060008 -0.0366293080151 0.185563027859
      vertex 0.0868069604039 -0.0365771129727 0.185561433434
      vertex 0.0871237963438 -0.0362926796079 0.185283258557
    endloop
  endfacet
  facet normal -0.0799493640661 -0.764131605625 0.640086710453
    outer loop
      vertex 0.0865802243352 -0.0361089482903 0.185186222196
      vertex 0.0871925279498 -0.0358678661287 0.184920221567
      vertex 0.0871237963438 -0.0362926796079 0.185283258557
    endloop
  endfacet
  facet normal -0.296756267548 -0.815718948841 0.496526271105
    outer loop
      vertex 0.0846185237169 -0.0338422767818 0.184017002583
      vertex 0.0841573178768 -0.0334031432867 0.183917477727
      vertex 0.0846959203482 -0.033321339637 0.183671742678
    endloop
  endfacet
  facet normal -0.0403619110584 -0.740515947342 0.670825660229
    outer loop
      vertex 0.0878417566419 -0.036669395864 0.185573518276
      vertex 0.0873677060008 -0.0366293080151 0.185563027859
      vertex 0.0876951217651 -0.0362925380468 0.185240104795
    endloop
  endfacet
  facet normal -0.0686734691262 -0.75610858202 0.650833129883
    outer loop
      vertex 0.0871925279498 -0.0358678661287 0.184920221567
      vertex 0.0878609493375 -0.0359004400671 0.184887543321
      vertex 0.0876951217651 -0.0362925380468 0.185240104795
    endloop
  endfacet
  facet normal -0.244598343968 -0.8314499259 0.498861342669
    outer loop
      vertex 0.0853501334786 -0.0328568816185 0.183187261224
      vertex 0.0851612240076 -0.033220499754 0.183461010456
      vertex 0.0848111659288 -0.0328935533762 0.183367818594
    endloop
  endfacet
  facet normal -0.296810895205 -0.814404547215 0.498646706343
    outer loop
      vertex 0.0846959203482 -0.033321339637 0.183671742678
      vertex 0.0842467844486 -0.033037353307 0.183661550283
      vertex 0.0848111659288 -0.0328935533762 0.183367818594
    endloop
  endfacet
  facet normal -0.242005035281 -0.82583707571 0.509339511395
    outer loop
      vertex 0.0849122479558 -0.0323814339936 0.183022350073
      vertex 0.0853501334786 -0.0328568816185 0.183187261224
      vertex 0.0848111659288 -0.0328935533762 0.183367818594
    endloop
  endfacet
  facet normal -0.207019329071 -0.82656031847 0.523393750191
    outer loop
      vertex 0.0846733003855 -0.0318934693933 0.182773202658
      vertex 0.085131958127 -0.0319784097373 0.182712107897
      vertex 0.0849122479558 -0.0323814339936 0.183022350073
    endloop
  endfacet
  facet normal -0.0600023455918 -0.902059137821 0.427421361208
    outer loop
      vertex 0.0864387825131 -0.0322411470115 0.182692453265
      vertex 0.0858114436269 -0.031994048506 0.182617098093
      vertex 0.0860671326518 -0.0316633433104 0.182443395257
    endloop
  endfacet
  facet normal -0.133362621069 -0.878016889095 0.459674566984
    outer loop
      vertex 0.0856473147869 -0.0323518812656 0.182829365134
      vertex 0.085131958127 -0.0319784097373 0.182712107897
      vertex 0.0858114436269 -0.031994048506 0.182617098093
    endloop
  endfacet
  facet normal -0.136429443955 -0.809125006199 0.571579992771
    outer loop
      vertex 0.0859900265932 -0.0350501574576 0.184462919831
      vertex 0.0861667245626 -0.0346146374941 0.184125468135
      vertex 0.0865177363157 -0.0350968874991 0.18440695107
    endloop
  endfacet
  facet normal -0.0958943888545 -0.863129138947 0.49579462409
    outer loop
      vertex 0.0868223384023 -0.0337955579162 0.18348968029
      vertex 0.0864754319191 -0.0331978872418 0.183184921741
      vertex 0.0870263054967 -0.0332736670971 0.183167234063
    endloop
  endfacet
  facet normal -0.0810991898179 -0.87348151207 0.480055123568
    outer loop
      vertex 0.0875464975834 -0.0332401581109 0.183100521564
      vertex 0.0874300152063 -0.0336801111698 0.18335314095
      vertex 0.0870263054967 -0.0332736670971 0.183167234063
    endloop
  endfacet
  facet normal -0.0738538429141 -0.879951655865 0.46928742528
    outer loop
      vertex 0.0864754319191 -0.0331978872418 0.183184921741
      vertex 0.0862330794334 -0.0327012911439 0.182940408587
      vertex 0.0867868363857 -0.0327447243035 0.182917103171
    endloop
  endfacet
  facet normal -0.201797008514 -0.808364033699 0.553014993668
    outer loop
      vertex 0.0849485993385 -0.0348329544067 0.184548571706
      vertex 0.0854307934642 -0.0349517501891 0.184509471059
      vertex 0.0850384607911 -0.0352446660399 0.184807792306
    endloop
  endfacet
  facet normal -0.0882185697556 -0.901105284691 0.424531191587
    outer loop
      vertex 0.0874003842473 -0.0328277945518 0.182920560241
      vertex 0.0875464975834 -0.0332401581109 0.183100521564
      vertex 0.0870263054967 -0.0332736670971 0.183167234063
    endloop
  endfacet
  facet normal -0.0342107117176 -0.731756567955 0.68070691824
    outer loop
      vertex 0.0876313596964 -0.0369741134346 0.185871452093
      vertex 0.0870838612318 -0.0369582250714 0.185882270336
      vertex 0.0873677060008 -0.0366293080151 0.185563027859
    endloop
  endfacet
  facet normal -0.0562822408974 -0.747417986393 0.661965787411
    outer loop
      vertex 0.0876951217651 -0.0362925380468 0.185240104795
      vertex 0.0873677060008 -0.0366293080151 0.185563027859
      vertex 0.0871237963438 -0.0362926796079 0.185283258557
    endloop
  endfacet
  facet normal -0.0342809408903 -0.725451469421 0.687419056892
    outer loop
      vertex 0.0876313596964 -0.0369741134346 0.185871452093
      vertex 0.0872318297625 -0.0373100191355 0.186208635569
      vertex 0.0870838612318 -0.0369582250714 0.185882270336
    endloop
  endfacet
  facet normal -0.0915266796947 -0.883564531803 0.459278315306
    outer loop
      vertex 0.0870263054967 -0.0332736670971 0.183167234063
      vertex 0.0864754319191 -0.0331978872418 0.183184921741
      vertex 0.0867868363857 -0.0327447243035 0.182917103171
    endloop
  endfacet
  facet normal -0.195523798466 -0.825761139393 0.529045343399
    outer loop
      vertex 0.0856473147869 -0.0323518812656 0.182829365134
      vertex 0.0849122479558 -0.0323814339936 0.183022350073
      vertex 0.085131958127 -0.0319784097373 0.182712107897
    endloop
  endfacet
  facet normal -0.0205986276269 -0.907676398754 0.419164955616
    outer loop
      vertex 0.0867868363857 -0.0327447243035 0.182917103171
      vertex 0.0864387825131 -0.0322411470115 0.182692453265
      vertex 0.0871591567993 -0.0323825404048 0.18274140358
    endloop
  endfacet
  facet normal -0.0188155248761 -0.927233040333 0.374011814594
    outer loop
      vertex 0.0860671326518 -0.0316633433104 0.182443395257
      vertex 0.0867111831903 -0.0314830727875 0.182357609272
      vertex 0.0865644961596 -0.0318594835699 0.182512417436
    endloop
  endfacet
  facet normal 0.00450550811365 -0.90384376049 0.427838951349
    outer loop
      vertex 0.0870104059577 -0.0319299139082 0.182547971606
      vertex 0.0864387825131 -0.0322411470115 0.182692453265
      vertex 0.0865644961596 -0.0318594835699 0.182512417436
    endloop
  endfacet
  facet normal -0.205364197493 -0.837275266647 0.506750166416
    outer loop
      vertex 0.0846733003855 -0.0318934693933 0.182773202658
      vertex 0.0847984626889 -0.0315366387367 0.182526543736
      vertex 0.085131958127 -0.0319784097373 0.182712107897
    endloop
  endfacet
  facet normal -0.0378727652133 -0.706952214241 0.706246554852
    outer loop
      vertex 0.0883416086435 -0.037042658776 0.185901880264
      vertex 0.0877757295966 -0.0372655801475 0.186154901981
      vertex 0.0876313596964 -0.0369741134346 0.185871452093
    endloop
  endfacet
  facet normal -0.0402360409498 -0.740544378757 0.670801818371
    outer loop
      vertex 0.0882644802332 -0.0365047566593 0.185401409864
      vertex 0.0878417566419 -0.036669395864 0.185573518276
      vertex 0.0876951217651 -0.0362925380468 0.185240104795
    endloop
  endfacet
  facet normal -0.0674385353923 -0.750549733639 0.657363831997
    outer loop
      vertex 0.0870838612318 -0.0369582250714 0.185882270336
      vertex 0.0867066532373 -0.0372598357499 0.186180338264
      vertex 0.0865220278502 -0.0369076766074 0.18588848412
    endloop
  endfacet
  facet normal -0.050581716001 -0.775559186935 0.62924516201
    outer loop
      vertex 0.0887412652373 -0.0354347750545 0.184443458915
      vertex 0.0884406194091 -0.0358287505805 0.184782713652
      vertex 0.0881308913231 -0.0355699174106 0.184592917562
    endloop
  endfacet
  facet normal -0.124805927277 -0.865882217884 0.484429001808
    outer loop
      vertex 0.0856473147869 -0.0323518812656 0.182829365134
      vertex 0.0862330794334 -0.0327012911439 0.182940408587
      vertex 0.0858952701092 -0.0329876877367 0.183149337769
    endloop
  endfacet
  facet normal -0.131471201777 -0.902663946152 0.409772008657
    outer loop
      vertex 0.0854259058833 -0.0316191054881 0.182475447655
      vertex 0.0853798389435 -0.0311148129404 0.182253226638
      vertex 0.0856930911541 -0.0311601795256 0.182228192687
    endloop
  endfacet
  facet normal -0.0608384981751 -0.815953493118 0.57490748167
    outer loop
      vertex 0.0879357382655 -0.0345372855663 0.183851763606
      vertex 0.0883430838585 -0.0347932577133 0.184001743793
      vertex 0.0877385362983 -0.0349903665483 0.184185698628
    endloop
  endfacet
  facet normal -0.0872538685799 -0.805417716503 0.586249947548
    outer loop
      vertex 0.0870922356844 -0.0352320149541 0.184431612492
      vertex 0.0873293057084 -0.0346974022686 0.184016793966
      vertex 0.0877385362983 -0.0349903665483 0.184185698628
    endloop
  endfacet
  facet normal 0.00714993616566 -0.93826675415 0.34583863616
    outer loop
      vertex 0.0875291228294 -0.0319837331772 0.182597219944
      vertex 0.0877261087298 -0.0324401110411 0.182766929269
      vertex 0.0871591567993 -0.0323825404048 0.18274140358
    endloop
  endfacet
  facet normal -0.123694740236 -0.892663836479 0.433417648077
    outer loop
      vertex 0.088149510324 -0.0329753383994 0.182888388634
      vertex 0.0875464975834 -0.0332401581109 0.183100521564
      vertex 0.0874003842473 -0.0328277945518 0.182920560241
    endloop
  endfacet
  facet normal -0.0741034224629 -0.905313968658 0.418228715658
    outer loop
      vertex 0.0854259058833 -0.0316191054881 0.182475447655
      vertex 0.0860671326518 -0.0316633433104 0.182443395257
      vertex 0.0858114436269 -0.031994048506 0.182617098093
    endloop
  endfacet
  facet normal -0.0839951708913 -0.873451948166 0.479610770941
    outer loop
      vertex 0.0864387825131 -0.0322411470115 0.182692453265
      vertex 0.0856473147869 -0.0323518812656 0.182829365134
      vertex 0.0858114436269 -0.031994048506 0.182617098093
    endloop
  endfacet
  facet normal -0.0381638333201 -0.736239433289 0.675644159317
    outer loop
      vertex 0.0887968838215 -0.0363160222769 0.185200616717
      vertex 0.0882644802332 -0.0365047566593 0.185401409864
      vertex 0.0883126705885 -0.0361593812704 0.185081958771
    endloop
  endfacet
  facet normal -0.0543314479291 -0.750695049763 0.658411026001
    outer loop
      vertex 0.0878609493375 -0.0359004400671 0.184887543321
      vertex 0.0884406194091 -0.0358287505805 0.184782713652
      vertex 0.0883126705885 -0.0361593812704 0.185081958771
    endloop
  endfacet
  facet normal -0.29848253727 -0.877907991409 0.374413818121
    outer loop
      vertex 0.0895094871521 -0.0162335783243 0.170029520988
      vertex 0.0900253504515 -0.0161118432879 0.169802218676
      vertex 0.0900217220187 -0.016751293093 0.170076161623
    endloop
  endfacet
  facet normal -0.0630295276642 -0.740556180477 0.669031977654
    outer loop
      vertex 0.0948058366776 -0.0219308100641 0.17221827805
      vertex 0.095350459218 -0.0214065052569 0.171698257327
      vertex 0.0955294296145 -0.0218637809157 0.172096133232
    endloop
  endfacet
  facet normal -0.501730203629 -0.744563162327 0.44033229351
    outer loop
      vertex 0.0886125490069 -0.0192167647183 0.172125458717
      vertex 0.0880472660065 -0.0196293033659 0.172750353813
      vertex 0.0878961980343 -0.0188853126019 0.172412157059
    endloop
  endfacet
  facet normal 0.0541508048773 -0.695397019386 0.716582655907
    outer loop
      vertex 0.0992950350046 -0.021990917623 0.172302722931
      vertex 0.09916523844 -0.0224795825779 0.172796174884
      vertex 0.0984827131033 -0.0221570283175 0.17241063714
    endloop
  endfacet
  facet normal 0.0490751899779 -0.76317346096 0.64432746172
    outer loop
      vertex 0.099738240242 -0.0217198356986 0.172102361917
      vertex 0.10009803623 -0.0220009833574 0.172362864017
      vertex 0.0992950350046 -0.021990917623 0.172302722931
    endloop
  endfacet
  facet normal -0.159462913871 -0.888382613659 0.430520564318
    outer loop
      vertex 0.0900217220187 -0.016751293093 0.170076161623
      vertex 0.0905515775084 -0.0162386335433 0.169732615352
      vertex 0.0907352864742 -0.0168675780296 0.170004442334
    endloop
  endfacet
  facet normal -0.210717365146 -0.751515984535 0.625157475471
    outer loop
      vertex 0.0919821932912 -0.0209077820182 0.171872958541
      vertex 0.0923535823822 -0.0214661844075 0.172233328223
      vertex 0.0918178111315 -0.0214767046273 0.172392308712
    endloop
  endfacet
  facet normal -0.40232872963 -0.784318387508 0.47220364213
    outer loop
      vertex 0.0895367786288 -0.0180795378983 0.17092256248
      vertex 0.0889065265656 -0.0180268213153 0.1712141186
      vertex 0.08902554214 -0.017428342253 0.170792758465
    endloop
  endfacet
  facet normal -0.11582673341 -0.63846886158 0.760882139206
    outer loop
      vertex 0.0933689698577 -0.0233919806778 0.173978388309
      vertex 0.0941028520465 -0.0232198946178 0.173640176654
      vertex 0.0942163541913 -0.0237036980689 0.174196138978
    endloop
  endfacet
  facet normal -0.325305849314 -0.820286154747 0.47043249011
    outer loop
      vertex 0.0902787744999 -0.0183933414519 0.170808270574
      vertex 0.0897230058908 -0.0188164673746 0.171271339059
      vertex 0.0895367786288 -0.0180795378983 0.17092256248
    endloop
  endfacet
  facet normal -0.358386009932 -0.820713043213 0.444960147142
    outer loop
      vertex 0.08902554214 -0.017428342253 0.170792758465
      vertex 0.0897222608328 -0.0174015481025 0.170473977923
      vertex 0.0895367786288 -0.0180795378983 0.17092256248
    endloop
  endfacet
  facet normal 0.100419193506 -0.923647880554 0.369852036238
    outer loop
      vertex 0.0905515775084 -0.0162386335433 0.169732615352
      vertex 0.0912376046181 -0.0161869488657 0.169786512852
      vertex 0.0907352864742 -0.0168675780296 0.170004442334
    endloop
  endfacet
  facet normal -0.0843857824802 -0.925587356091 0.369008183479
    outer loop
      vertex 0.0914202407002 -0.0169888362288 0.169990330935
      vertex 0.090754725039 -0.0175303369761 0.170266896486
      vertex 0.0907352864742 -0.0168675780296 0.170004442334
    endloop
  endfacet
  facet normal -0.201712176204 -0.878556847572 0.432955086231
    outer loop
      vertex 0.090754725039 -0.0175303369761 0.170266896486
      vertex 0.0901582613587 -0.0178233459592 0.17054823041
      vertex 0.0902810692787 -0.0172701440752 0.170247420669
    endloop
  endfacet
  facet normal -0.211379408836 -0.898861169815 0.383884549141
    outer loop
      vertex 0.0900253504515 -0.0161118432879 0.169802218676
      vertex 0.0905515775084 -0.0162386335433 0.169732615352
      vertex 0.0900217220187 -0.016751293093 0.170076161623
    endloop
  endfacet
  facet normal -0.50365114212 -0.736627936363 0.451347827911
    outer loop
      vertex 0.0886125490069 -0.0192167647183 0.172125458717
      vertex 0.0878961980343 -0.0188853126019 0.172412157059
      vertex 0.0883391276002 -0.0183593556285 0.171787038445
    endloop
  endfacet
  facet normal -0.0637973695993 -0.670740008354 0.738943696022
    outer loop
      vertex 0.0952624678612 -0.0228425227106 0.173092186451
      vertex 0.0949405133724 -0.0233333259821 0.173663526773
      vertex 0.094553694129 -0.0228563845158 0.173174872994
    endloop
  endfacet
  facet normal -0.0540871471167 -0.694965541363 0.717005908489
    outer loop
      vertex 0.0947792083025 -0.0224661212415 0.17274145782
      vertex 0.0953756123781 -0.0223721042275 0.172598049045
      vertex 0.0952624678612 -0.0228425227106 0.173092186451
    endloop
  endfacet
  facet normal 0.0961328372359 -0.659716010094 0.745341062546
    outer loop
      vertex 0.09916523844 -0.0224795825779 0.172796174884
      vertex 0.0997203588486 -0.0229060985148 0.173358932137
      vertex 0.0989893078804 -0.0229412801564 0.173292160034
    endloop
  endfacet
  facet normal -0.255395978689 -0.872048199177 0.417498350143
    outer loop
      vertex 0.0897222608328 -0.0174015481025 0.170473977923
      vertex 0.0902810692787 -0.0172701440752 0.170247420669
      vertex 0.0901582613587 -0.0178233459592 0.17054823041
    endloop
  endfacet
  facet normal -0.13502818346 -0.59938955307 0.788986384869
    outer loop
      vertex 0.0939088761806 -0.0240975245833 0.174751579762
      vertex 0.0933045446873 -0.024031650275 0.174801006913
      vertex 0.0935643836856 -0.0237837173045 0.17441610992
    endloop
  endfacet
  facet normal 0.0486763305962 -0.694447636604 0.717894911766
    outer loop
      vertex 0.0984827131033 -0.0221570283175 0.17241063714
      vertex 0.0986219272017 -0.0226084664464 0.172887071967
      vertex 0.0980821549892 -0.0226516611874 0.172893896699
    endloop
  endfacet
  facet normal 0.0579979754984 -0.638710439205 0.767258286476
    outer loop
      vertex 0.0999077707529 -0.0224565844983 0.172835960984
      vertex 0.0997203588486 -0.0229060985148 0.173358932137
      vertex 0.09916523844 -0.0224795825779 0.172796174884
    endloop
  endfacet
  facet normal -0.332852333784 -0.491638213396 0.804674565792
    outer loop
      vertex 0.0907346531749 -0.0243575982749 0.176457181573
      vertex 0.0912967994809 -0.0241777896881 0.175782307982
      vertex 0.0913075059652 -0.0245279166847 0.176348119974
    endloop
  endfacet
  facet normal -0.415933668613 -0.73637765646 0.533617079258
    outer loop
      vertex 0.0886756330729 -0.0199804902077 0.172581553459
      vertex 0.0889521986246 -0.0207048840821 0.172950267792
      vertex 0.0882886350155 -0.0204139314592 0.17311424017
    endloop
  endfacet
  facet normal -0.0658437162638 -0.963395535946 0.259872406721
    outer loop
      vertex 0.0914202407002 -0.0169888362288 0.169990330935
      vertex 0.0907352864742 -0.0168675780296 0.170004442334
      vertex 0.0912376046181 -0.0161869488657 0.169786512852
    endloop
  endfacet
  facet normal -0.0622896514833 -0.715317666531 0.696017682552
    outer loop
      vertex 0.0953756123781 -0.0223721042275 0.172598049045
      vertex 0.0947792083025 -0.0224661212415 0.17274145782
      vertex 0.0948058366776 -0.0219308100641 0.17221827805
    endloop
  endfacet
  facet normal -0.0484202988446 -0.786405563354 0.615809857845
    outer loop
      vertex 0.0975624471903 -0.0198865160346 0.170406982303
      vertex 0.0974268764257 -0.0205673985183 0.170948505402
      vertex 0.0968269333243 -0.0199196375906 0.170478209853
    endloop
  endfacet
  facet normal -0.0624195300043 -0.819704413414 0.569375514984
    outer loop
      vertex 0.0964470356703 -0.0205241106451 0.170927017927
      vertex 0.0960028544068 -0.0199554041028 0.170565798879
      vertex 0.0968269333243 -0.0199196375906 0.170478209853
    endloop
  endfacet
  facet normal -0.43281430006 -0.526391983032 0.731835544109
    outer loop
      vertex 0.088799379766 -0.0229174047709 0.175458028913
      vertex 0.0881572663784 -0.0229126438498 0.175979360938
      vertex 0.0882919430733 -0.0225304141641 0.175337225199
    endloop
  endfacet
  facet normal -0.0719089359045 -0.768198549747 0.636160433292
    outer loop
      vertex 0.095350459218 -0.0214065052569 0.171698257327
      vertex 0.0945465192199 -0.0213203988969 0.171702206135
      vertex 0.0951314792037 -0.0208893120289 0.171290457249
    endloop
  endfacet
  facet normal -0.516106247902 -0.733220338821 0.442743957043
    outer loop
      vertex 0.0876557528973 -0.0201243124902 0.173324838281
      vertex 0.0875009223819 -0.0193295180798 0.172953888774
      vertex 0.0880472660065 -0.0196293033659 0.172750353813
    endloop
  endfacet
  facet normal -0.449523955584 -0.750079989433 0.485085725784
    outer loop
      vertex 0.0886125490069 -0.0192167647183 0.172125458717
      vertex 0.0890463367105 -0.0197433233261 0.172206014395
      vertex 0.0886756330729 -0.0199804902077 0.172581553459
    endloop
  endfacet
  facet normal -0.477758139372 -0.754417777061 0.450112164021
    outer loop
      vertex 0.0883391276002 -0.0183593556285 0.171787038445
      vertex 0.0890355706215 -0.0186209697276 0.17150208354
      vertex 0.0886125490069 -0.0192167647183 0.172125458717
    endloop
  endfacet
  facet normal 0.0948445051908 -0.661457419395 0.743961453438
    outer loop
      vertex 0.0989893078804 -0.0229412801564 0.173292160034
      vertex 0.0996269136667 -0.0233206935227 0.173810318112
      vertex 0.0987084060907 -0.0234053917229 0.173773884773
    endloop
  endfacet
  facet normal -0.0896248444915 -0.593018591404 0.800185203552
    outer loop
      vertex 0.0953670293093 -0.0245404727757 0.175109744072
      vertex 0.0944427028298 -0.0245550572872 0.175269126892
      vertex 0.0947018787265 -0.0241580083966 0.17469419539
    endloop
  endfacet
  facet normal 0.0361868329346 -0.722221910954 0.690714120865
    outer loop
      vertex 0.0979399308562 -0.0216251090169 0.171874731779
      vertex 0.0986617803574 -0.0216871276498 0.17197021842
      vertex 0.0984827131033 -0.0221570283175 0.17241063714
    endloop
  endfacet
  facet normal -0.00850983615965 -0.805416405201 0.592648327351
    outer loop
      vertex 0.0964470356703 -0.0205241106451 0.170927017927
      vertex 0.0968269333243 -0.0199196375906 0.170478209853
      vertex 0.0974268764257 -0.0205673985183 0.170948505402
    endloop
  endfacet
  facet normal 0.0926940217614 -0.915887534618 0.390586495399
    outer loop
      vertex 0.0948534160852 -0.017449580133 0.169495001435
      vertex 0.0951825007796 -0.0177664458752 0.16966342926
      vertex 0.0945299118757 -0.0178966410458 0.16965290904
    endloop
  endfacet
  facet normal -0.1596711725 -0.640934944153 0.750804543495
    outer loop
      vertex 0.0933689698577 -0.0233919806778 0.173978388309
      vertex 0.0925095677376 -0.0232597999275 0.174037650228
      vertex 0.0927908867598 -0.0228714793921 0.173512682319
    endloop
  endfacet
  facet normal -0.0379135012627 -0.966389238834 0.254272282124
    outer loop
      vertex 0.0912376046181 -0.0161869488657 0.169786512852
      vertex 0.0920787677169 -0.016223706305 0.169763177633
      vertex 0.0914202407002 -0.0169888362288 0.169990330935
    endloop
  endfacet
  facet normal -0.127874657512 -0.944083929062 0.303897291422
    outer loop
      vertex 0.0920550003648 -0.0171466618776 0.169955164194
      vertex 0.0914110392332 -0.017762735486 0.170240700245
      vertex 0.0914202407002 -0.0169888362288 0.169990330935
    endloop
  endfacet
  facet normal -0.27257886529 -0.838720262051 0.471433013678
    outer loop
      vertex 0.090913400054 -0.0186321213841 0.17073623836
      vertex 0.0904216244817 -0.0191461145878 0.171184971929
      vertex 0.0902787744999 -0.0183933414519 0.170808270574
    endloop
  endfacet
  facet normal -0.592216670513 -0.716845333576 0.367983907461
    outer loop
      vertex 0.0875760540366 -0.0181890279055 0.172275215387
      vertex 0.0874093770981 -0.018692407757 0.172671318054
      vertex 0.0869891196489 -0.0183300003409 0.172832474113
    endloop
  endfacet
  facet normal -0.122438788414 -0.648112416267 0.751637578011
    outer loop
      vertex 0.0934376120567 -0.0229538790882 0.173457339406
      vertex 0.0941028520465 -0.0232198946178 0.173640176654
      vertex 0.0933689698577 -0.0233919806778 0.173978388309
    endloop
  endfacet
  facet normal -0.206494644284 -0.886193275452 0.41475468874
    outer loop
      vertex 0.0922108069062 -0.0186243951321 0.170410588384
      vertex 0.0929347872734 -0.0187320224941 0.170292258263
      vertex 0.0925110504031 -0.0191120319068 0.170568853617
    endloop
  endfacet
  facet normal -0.143743827939 -0.963395774364 0.226288080215
    outer loop
      vertex 0.0920550003648 -0.0171466618776 0.169955164194
      vertex 0.0927437469363 -0.0164744108915 0.169694498181
      vertex 0.0926890745759 -0.0173719897866 0.169913470745
    endloop
  endfacet
  facet normal -0.183175802231 -0.498393595219 0.84737855196
    outer loop
      vertex 0.0933473035693 -0.0253525748849 0.176820486784
      vertex 0.0936271697283 -0.0251548327506 0.176381424069
      vertex 0.0939086899161 -0.025561939925 0.176970139146
    endloop
  endfacet
  facet normal -0.011373068206 -0.921545743942 0.388103157282
    outer loop
      vertex 0.095593996346 -0.0186540447176 0.169979035854
      vertex 0.0951472893357 -0.0190974548459 0.170171290636
      vertex 0.094986602664 -0.0183802805841 0.169871240854
    endloop
  endfacet
  facet normal 0.00698624458164 -0.748325943947 0.663294434547
    outer loop
      vertex 0.0967684388161 -0.0211282484233 0.1714053303
      vertex 0.0974223762751 -0.0211802087724 0.171457484365
      vertex 0.0971846506 -0.0216950401664 0.171911597252
    endloop
  endfacet
  facet normal -0.174654617906 -0.903495430946 0.39139726758
    outer loop
      vertex 0.0914110392332 -0.017762735486 0.170240700245
      vertex 0.0908350497484 -0.0181098356843 0.170502409339
      vertex 0.090754725039 -0.0175303369761 0.170266896486
    endloop
  endfacet
  facet normal -0.0488738976419 -0.598729789257 0.799458563328
    outer loop
      vertex 0.0963609740138 -0.025038395077 0.175681248307
      vertex 0.0962658748031 -0.0245596468449 0.175049751997
      vertex 0.0969211161137 -0.0247624889016 0.175267115235
    endloop
  endfacet
  facet normal 0.0495510846376 -0.678132414818 0.733267426491
    outer loop
      vertex 0.0980821549892 -0.0226516611874 0.172893896699
      vertex 0.0984169393778 -0.0229881443083 0.173282206059
      vertex 0.0978272557259 -0.0231486111879 0.173412621021
    endloop
  endfacet
  facet normal 0.0962641015649 -0.662433922291 0.742909491062
    outer loop
      vertex 0.0997203588486 -0.0229060985148 0.173358932137
      vertex 0.0996269136667 -0.0233206935227 0.173810318112
      vertex 0.0989893078804 -0.0229412801564 0.173292160034
    endloop
  endfacet
  facet normal -0.330575883389 -0.415579289198 0.84735673666
    outer loop
      vertex 0.0898245424032 -0.0240717921406 0.176598384976
      vertex 0.0907346531749 -0.0243575982749 0.176457181573
      vertex 0.0904503986239 -0.024572070688 0.177120611072
    endloop
  endfacet
  facet normal -0.201397508383 -0.914240777493 0.351572036743
    outer loop
      vertex 0.0920442715287 -0.0179723277688 0.170196518302
      vertex 0.0926760062575 -0.018112115562 0.170111104846
      vertex 0.0922108069062 -0.0186243951321 0.170410588384
    endloop
  endfacet
  facet normal -0.350105553865 -0.774289548397 0.527163922787
    outer loop
      vertex 0.0895472988486 -0.0198982208967 0.172047972679
      vertex 0.0898375883698 -0.0194527320564 0.171613410115
      vertex 0.0902233123779 -0.0198599100113 0.171716228127
    endloop
  endfacet
  facet normal -0.366758912802 -0.753532111645 0.545598089695
    outer loop
      vertex 0.0898906961083 -0.0203984975815 0.172243073583
      vertex 0.0892801210284 -0.0203345306218 0.172493934631
      vertex 0.0895472988486 -0.0198982208967 0.172047972679
    endloop
  endfacet
  facet normal 0.0944115594029 -0.671540141106 0.73492872715
    outer loop
      vertex 0.0996269136667 -0.0233206935227 0.173810318112
      vertex 0.0994922891259 -0.0237394273281 0.174249649048
      vertex 0.0987084060907 -0.0234053917229 0.173773884773
    endloop
  endfacet
  facet normal -0.193971633911 -0.69538551569 0.691963851452
    outer loop
      vertex 0.0925087109208 -0.0223807729781 0.173059657216
      vertex 0.0918704122305 -0.022238124162 0.17309576273
      vertex 0.0921573713422 -0.0219117701054 0.172690972686
    endloop
  endfacet
  facet normal -0.103712975979 -0.974294066429 0.199986696243
    outer loop
      vertex 0.0920550003648 -0.0171466618776 0.169955164194
      vertex 0.0914202407002 -0.0169888362288 0.169990330935
      vertex 0.0920787677169 -0.016223706305 0.169763177633
    endloop
  endfacet
  facet normal -0.160060316324 -0.948013305664 0.275048136711
    outer loop
      vertex 0.0920550003648 -0.0171466618776 0.169955164194
      vertex 0.0926890745759 -0.0173719897866 0.169913470745
      vertex 0.0920442715287 -0.0179723277688 0.170196518302
    endloop
  endfacet
  facet normal -0.21220394969 -0.875798761845 0.433527380228
    outer loop
      vertex 0.0919240564108 -0.0192943960428 0.170811727643
      vertex 0.0915203988552 -0.0185196138918 0.170525997877
      vertex 0.0922108069062 -0.0186243951321 0.170410588384
    endloop
  endfacet
  facet normal -0.311097770929 -0.646680593491 0.696435511112
    outer loop
      vertex 0.0900315493345 -0.0218831934035 0.173457622528
      vertex 0.0905937626958 -0.0223286487162 0.173666879535
      vertex 0.0899782329798 -0.0224032476544 0.17404332757
    endloop
  endfacet
  facet normal -0.346905738115 -0.663748562336 0.662641823292
    outer loop
      vertex 0.0892769545317 -0.021405223757 0.173374831676
      vertex 0.0900315493345 -0.0218831934035 0.173457622528
      vertex 0.0894723907113 -0.0220363214612 0.173902735114
    endloop
  endfacet
  facet normal 0.0349997915328 -0.721661508083 0.691360771656
    outer loop
      vertex 0.0975865349174 -0.0222320370376 0.172439038754
      vertex 0.0979399308562 -0.0216251090169 0.171874731779
      vertex 0.0984827131033 -0.0221570283175 0.17241063714
    endloop
  endfacet
  facet normal -0.238008201122 -0.579862415791 0.779173731804
    outer loop
      vertex 0.0911860689521 -0.0233294703066 0.17460796237
      vertex 0.0920954868197 -0.0235919989645 0.174587458372
      vertex 0.0917315110564 -0.0238938480616 0.175142452121
    endloop
  endfacet
  facet normal -0.223582834005 -0.906468689442 0.358225166798
    outer loop
      vertex 0.0929347872734 -0.0187320224941 0.170292258263
      vertex 0.0926760062575 -0.018112115562 0.170111104846
      vertex 0.09331163764 -0.0182967893779 0.170027315617
    endloop
  endfacet
  facet normal 0.00828146096319 -0.724434256554 0.689294159412
    outer loop
      vertex 0.096595197916 -0.0217217691243 0.171930298209
      vertex 0.0971846506 -0.0216950401664 0.171911597252
      vertex 0.096746891737 -0.0221971273422 0.172384336591
    endloop
  endfacet
  facet normal -0.194919273257 -0.503366887569 0.841800570488
    outer loop
      vertex 0.0930374115705 -0.0249047726393 0.176191613078
      vertex 0.0936271697283 -0.0251548327506 0.176381424069
      vertex 0.0933473035693 -0.0253525748849 0.176820486784
    endloop
  endfacet
  facet normal 0.000750243081711 -0.97149348259 0.237065136433
    outer loop
      vertex 0.0927437469363 -0.0164744108915 0.169694498181
      vertex 0.0933730900288 -0.0167314447463 0.169757694006
      vertex 0.0926890745759 -0.0173719897866 0.169913470745
    endloop
  endfacet
  facet normal 0.0835911333561 -0.93547052145 0.343376547098
    outer loop
      vertex 0.094986602664 -0.0183802805841 0.169871240854
      vertex 0.0945299118757 -0.0178966410458 0.16965290904
      vertex 0.0951825007796 -0.0177664458752 0.16966342926
    endloop
  endfacet
  facet normal -0.235513359308 -0.593700170517 0.769450128078
    outer loop
      vertex 0.0920954868197 -0.0235919989645 0.174587458372
      vertex 0.0911860689521 -0.0233294703066 0.17460796237
      vertex 0.0917377024889 -0.0231386199594 0.174141794443
    endloop
  endfacet
  facet normal -0.121016189456 -0.879700303078 0.459872275591
    outer loop
      vertex 0.0940459147096 -0.0195120312274 0.170491337776
      vertex 0.0937378108501 -0.0187822915614 0.170152246952
      vertex 0.0944408476353 -0.0189347341657 0.170135229826
    endloop
  endfacet
  facet normal -0.208421349525 -0.807647168636 0.551603674889
    outer loop
      vertex 0.092205286026 -0.0199581794441 0.171132162213
      vertex 0.0924705788493 -0.0204557701945 0.171403557062
      vertex 0.0918408185244 -0.0203222446144 0.17147487402
    endloop
  endfacet
  facet normal -0.0891233384609 -0.777885556221 0.622053921223
    outer loop
      vertex 0.0944475159049 -0.0207403376698 0.171249687672
      vertex 0.0951314792037 -0.0208893120289 0.171290457249
      vertex 0.0945465192199 -0.0213203988969 0.171702206135
    endloop
  endfacet
  facet normal -0.402376174927 -0.728213608265 0.554795742035
    outer loop
      vertex 0.0879394933581 -0.0207875855267 0.173591837287
      vertex 0.0882886350155 -0.0204139314592 0.17311424017
      vertex 0.0885932892561 -0.0210531577468 0.173432901502
    endloop
  endfacet
  facet normal -0.253571629524 -0.608052492142 0.75231218338
    outer loop
      vertex 0.0917377024889 -0.0231386199594 0.174141794443
      vertex 0.0911860689521 -0.0233294703066 0.17460796237
      vertex 0.0911594107747 -0.0227546952665 0.173907935619
    endloop
  endfacet
  facet normal -0.346698760986 -0.76856303215 0.537690222263
    outer loop
      vertex 0.0898906961083 -0.0203984975815 0.172243073583
      vertex 0.0895472988486 -0.0198982208967 0.172047972679
      vertex 0.0902233123779 -0.0198599100113 0.171716228127
    endloop
  endfacet
  facet normal -0.383563101292 -0.538310825825 0.750400424004
    outer loop
      vertex 0.0888384729624 -0.0225894786417 0.174973040819
      vertex 0.0893407687545 -0.0229039005935 0.175053447485
      vertex 0.088799379766 -0.0229174047709 0.175458028913
    endloop
  endfacet
  facet normal -0.188387274742 -0.647292017937 0.738595485687
    outer loop
      vertex 0.0919358804822 -0.022727586329 0.173597320914
      vertex 0.0927908867598 -0.0228714793921 0.173512682319
      vertex 0.0925095677376 -0.0232597999275 0.174037650228
    endloop
  endfacet
  facet normal -0.0320309661329 -0.628605186939 0.777064681053
    outer loop
      vertex 0.0969624891877 -0.0242891311646 0.174679845572
      vertex 0.0969211161137 -0.0247624889016 0.175267115235
      vertex 0.0962658748031 -0.0245596468449 0.175049751997
    endloop
  endfacet
  facet normal -0.289478838444 -0.748982191086 0.596009790897
    outer loop
      vertex 0.0906904488802 -0.020454261452 0.171953305602
      vertex 0.0907613784075 -0.02124511078 0.172555223107
      vertex 0.0901541635394 -0.0209340155125 0.172542348504
    endloop
  endfacet
  facet normal -0.398561269045 -0.783632576466 0.476517498493
    outer loop
      vertex 0.0890355706215 -0.0186209697276 0.17150208354
      vertex 0.0897230058908 -0.0188164673746 0.171271339059
      vertex 0.0893010646105 -0.0193435326219 0.171806439757
    endloop
  endfacet
  facet normal -0.0476870834827 -0.825896382332 0.561801612377
    outer loop
      vertex 0.0964470356703 -0.0205241106451 0.170927017927
      vertex 0.0957136899233 -0.0205537751317 0.170989528298
      vertex 0.0960028544068 -0.0199554041028 0.170565798879
    endloop
  endfacet
  facet normal -0.18467143178 -0.725114524364 0.663404345512
    outer loop
      vertex 0.0921573713422 -0.0219117701054 0.172690972686
      vertex 0.0923535823822 -0.0214661844075 0.172233328223
      vertex 0.0927796587348 -0.0219356715679 0.17255435884
    endloop
  endfacet
  facet normal -0.0497664660215 -0.637962937355 0.76845729351
    outer loop
      vertex 0.095021173358 -0.0237889364362 0.17419116199
      vertex 0.0957527980208 -0.0236090160906 0.173917368054
      vertex 0.0955786928535 -0.024135325104 0.174564912915
    endloop
  endfacet
  facet normal 0.00531373266131 -0.674028754234 0.738685965538
    outer loop
      vertex 0.097101829946 -0.0234101712704 0.173667401075
      vertex 0.096408829093 -0.0232459455729 0.173481956124
      vertex 0.0970186516643 -0.0229756869376 0.173190578818
    endloop
  endfacet
  facet normal -0.0250182729214 -0.662195920944 0.748912990093
    outer loop
      vertex 0.0965253338218 -0.0236222967505 0.17390319705
      vertex 0.0957527980208 -0.0236090160906 0.173917368054
      vertex 0.096408829093 -0.0232459455729 0.173481956124
    endloop
  endfacet
  facet normal -0.179361835122 -0.506120324135 0.843606233597
    outer loop
      vertex 0.0946582481265 -0.0257840566337 0.177074730396
      vertex 0.0939086899161 -0.025561939925 0.176970139146
      vertex 0.0942638143897 -0.0253046508878 0.176415428519
    endloop
  endfacet
  facet normal -0.0656897425652 -0.934033334255 0.351093441248
    outer loop
      vertex 0.0963850542903 -0.0193585045636 0.17020393908
      vertex 0.095759190619 -0.0192360710353 0.170201942325
      vertex 0.0962624028325 -0.0186044350266 0.169929116964
    endloop
  endfacet
  facet normal -0.0104295508936 -0.781268000603 0.624108552933
    outer loop
      vertex 0.0974268764257 -0.0205673985183 0.170948505402
      vertex 0.0967684388161 -0.0211282484233 0.1714053303
      vertex 0.0964470356703 -0.0205241106451 0.170927017927
    endloop
  endfacet
  facet normal -0.18220064044 -0.75557744503 0.629210352898
    outer loop
      vertex 0.0929206758738 -0.0214607678354 0.172092080116
      vertex 0.0923535823822 -0.0214661844075 0.172233328223
      vertex 0.0926891639829 -0.0209544338286 0.171726256609
    endloop
  endfacet
  facet normal -0.130383238196 -0.680165350437 0.721370458603
    outer loop
      vertex 0.0932549759746 -0.0224544554949 0.172962665558
      vertex 0.0939124152064 -0.0227754861116 0.17317712307
      vertex 0.0934376120567 -0.0229538790882 0.173457339406
    endloop
  endfacet
  facet normal -0.276388317347 -0.839254081249 0.468254268169
    outer loop
      vertex 0.090913400054 -0.0186321213841 0.17073623836
      vertex 0.0911930203438 -0.0191655643284 0.170941784978
      vertex 0.0904216244817 -0.0191461145878 0.171184971929
    endloop
  endfacet
  facet normal -0.224560126662 -0.876386702061 0.426050633192
    outer loop
      vertex 0.090913400054 -0.0186321213841 0.17073623836
      vertex 0.0908350497484 -0.0181098356843 0.170502409339
      vertex 0.0915203988552 -0.0185196138918 0.170525997877
    endloop
  endfacet
  facet normal -0.0856158584356 -0.844045877457 0.529392540455
    outer loop
      vertex 0.0951102226973 -0.0202786698937 0.170848175883
      vertex 0.094333216548 -0.0201502107084 0.170846417546
      vertex 0.0947479829192 -0.0196265112609 0.170475885272
    endloop
  endfacet
  facet normal -0.448036491871 -0.741615951061 0.499268561602
    outer loop
      vertex 0.0879394933581 -0.0207875855267 0.173591837287
      vertex 0.087462477386 -0.0211325064301 0.174112215638
      vertex 0.087281703949 -0.0206867866218 0.173921361566
    endloop
  endfacet
  facet normal -0.46804484725 -0.737922668457 0.486214071512
    outer loop
      vertex 0.0880472660065 -0.0196293033659 0.172750353813
      vertex 0.0882886350155 -0.0204139314592 0.17311424017
      vertex 0.0876557528973 -0.0201243124902 0.173324838281
    endloop
  endfacet
  facet normal -0.211500868201 -0.570372998714 0.793688893318
    outer loop
      vertex 0.0926509127021 -0.0240881890059 0.175071954727
      vertex 0.0917315110564 -0.0238938480616 0.175142452121
      vertex 0.0920954868197 -0.0235919989645 0.174587458372
    endloop
  endfacet
  facet normal -0.422388643026 -0.906005680561 0.0272313281894
    outer loop
      vertex 0.0936978459358 -0.0170473903418 0.169615790248
      vertex 0.0932389199734 -0.0175954513252 0.169846221805
      vertex 0.0933730900288 -0.0167314447463 0.169757694006
    endloop
  endfacet
  facet normal -0.183942392468 -0.950467169285 0.250554084778
    outer loop
      vertex 0.0926890745759 -0.0173719897866 0.169913470745
      vertex 0.0926760062575 -0.018112115562 0.170111104846
      vertex 0.0920442715287 -0.0179723277688 0.170196518302
    endloop
  endfacet
  facet normal -0.11211451143 -0.756395578384 0.644434690475
    outer loop
      vertex 0.0938384085894 -0.0210628062487 0.171587690711
      vertex 0.0945465192199 -0.0213203988969 0.171702206135
      vertex 0.0940460637212 -0.0217079780996 0.172106593847
    endloop
  endfacet
  facet normal -0.312436521053 -0.926509439945 0.209675192833
    outer loop
      vertex 0.0936978459358 -0.0170473903418 0.169615790248
      vertex 0.0941528752446 -0.0171612016857 0.169488102198
      vertex 0.0938611626625 -0.0178945846856 0.169752448797
    endloop
  endfacet
  facet normal -0.0845364704728 -0.643785715103 0.760521888733
    outer loop
      vertex 0.0942163541913 -0.0237036980689 0.174196138978
      vertex 0.0949405133724 -0.0233333259821 0.173663526773
      vertex 0.095021173358 -0.0237889364362 0.17419116199
    endloop
  endfacet
  facet normal 0.0274804476649 -0.653162717819 0.756718754768
    outer loop
      vertex 0.0981523394585 -0.0241071879864 0.174492314458
      vertex 0.0976671352983 -0.0244464017451 0.174864903092
      vertex 0.0975584089756 -0.0240524224937 0.174403876066
    endloop
  endfacet
  facet normal 0.00243038288318 -0.648019969463 0.761619508266
    outer loop
      vertex 0.0969624891877 -0.0242891311646 0.174679845572
      vertex 0.0970650240779 -0.0238304659724 0.174141168594
      vertex 0.0975584089756 -0.0240524224937 0.174403876066
    endloop
  endfacet
  facet normal -0.0575760751963 -0.610029757023 0.790283918381
    outer loop
      vertex 0.0962658748031 -0.0245596468449 0.175049751997
      vertex 0.0953670293093 -0.0245404727757 0.175109744072
      vertex 0.0955786928535 -0.024135325104 0.174564912915
    endloop
  endfacet
  facet normal -0.0356211848557 -0.604527711868 0.795787274837
    outer loop
      vertex 0.0974499806762 -0.0249377638102 0.175466671586
      vertex 0.0969287529588 -0.0252943485975 0.175966784358
      vertex 0.0969211161137 -0.0247624889016 0.175267115235
    endloop
  endfacet
  facet normal -0.0116475708783 -0.907226026058 0.420482158661
    outer loop
      vertex 0.094986602664 -0.0183802805841 0.169871240854
      vertex 0.0944408476353 -0.0189347341657 0.170135229826
      vertex 0.0943182036281 -0.0183867774904 0.169882833958
    endloop
  endfacet
  facet normal -0.315688729286 -0.599115729332 0.73579955101
    outer loop
      vertex 0.0899782329798 -0.0224032476544 0.17404332757
      vertex 0.0905532762408 -0.0228242538869 0.174257382751
      vertex 0.0899006277323 -0.0228410921991 0.17462195456
    endloop
  endfacet
  facet normal -0.416337221861 -0.895521342754 0.157177641988
    outer loop
      vertex 0.0941528752446 -0.0171612016857 0.169488102198
      vertex 0.094394735992 -0.0173977836967 0.169417187572
      vertex 0.0938611626625 -0.0178945846856 0.169752448797
    endloop
  endfacet
  facet normal 0.0603719130158 -0.671936035156 0.73814445734
    outer loop
      vertex 0.0987084060907 -0.0234053917229 0.173773884773
      vertex 0.0978834927082 -0.0236650258303 0.173984974623
      vertex 0.0978272557259 -0.0231486111879 0.173412621021
    endloop
  endfacet
  facet normal 0.0902772247791 -0.697848200798 0.710533499718
    outer loop
      vertex 0.099292576313 -0.0242732390761 0.174767330289
      vertex 0.0987380221486 -0.0239097438753 0.174325481057
      vertex 0.0994922891259 -0.0237394273281 0.174249649048
    endloop
  endfacet
  facet normal 0.000999288051389 -0.649806261063 0.760099232197
    outer loop
      vertex 0.0975584089756 -0.0240524224937 0.174403876066
      vertex 0.0976671352983 -0.0244464017451 0.174864903092
      vertex 0.0969624891877 -0.0242891311646 0.174679845572
    endloop
  endfacet
  facet normal -0.0965538099408 -0.875279903412 0.473880261183
    outer loop
      vertex 0.0940459147096 -0.0195120312274 0.170491337776
      vertex 0.0944408476353 -0.0189347341657 0.170135229826
      vertex 0.0947479829192 -0.0196265112609 0.170475885272
    endloop
  endfacet
  facet normal -0.175561159849 -0.878746449947 0.443827629089
    outer loop
      vertex 0.0931765437126 -0.0194520018995 0.170607596636
      vertex 0.0925110504031 -0.0191120319068 0.170568853617
      vertex 0.0929347872734 -0.0187320224941 0.170292258263
    endloop
  endfacet
  facet normal -0.0254426095635 -0.703045606613 0.710689485073
    outer loop
      vertex 0.0960751473904 -0.0220920555294 0.172289639711
      vertex 0.0962014272809 -0.0227025114 0.172902166843
      vertex 0.0953756123781 -0.0223721042275 0.172598049045
    endloop
  endfacet
  facet normal -0.202712088823 -0.635937035084 0.744642138481
    outer loop
      vertex 0.0925095677376 -0.0232597999275 0.174037650228
      vertex 0.0917377024889 -0.0231386199594 0.174141794443
      vertex 0.0919358804822 -0.022727586329 0.173597320914
    endloop
  endfacet
  facet normal -0.00290654366836 -0.683299481869 0.73013240099
    outer loop
      vertex 0.0962014272809 -0.0227025114 0.172902166843
      vertex 0.0970186516643 -0.0229756869376 0.173190578818
      vertex 0.096408829093 -0.0232459455729 0.173481956124
    endloop
  endfacet
  facet normal -0.0234009623528 -0.660817205906 0.75018197298
    outer loop
      vertex 0.0957131832838 -0.023158531636 0.173407360911
      vertex 0.096408829093 -0.0232459455729 0.173481956124
      vertex 0.0957527980208 -0.0236090160906 0.173917368054
    endloop
  endfacet
  facet normal -0.275349080563 -0.496420443058 0.823255479336
    outer loop
      vertex 0.0918578803539 -0.0246190465987 0.176193967462
      vertex 0.0915074795485 -0.0248518399894 0.176774382591
      vertex 0.0913075059652 -0.0245279166847 0.176348119974
    endloop
  endfacet
  facet normal -0.0884097367525 -0.561609148979 0.822665691376
    outer loop
      vertex 0.0962701663375 -0.0254722461104 0.176331058145
      vertex 0.0963609740138 -0.025038395077 0.175681248307
      vertex 0.0969287529588 -0.0252943485975 0.175966784358
    endloop
  endfacet
  facet normal -0.147110924125 -0.70727866888 0.691458821297
    outer loop
      vertex 0.0927796587348 -0.0219356715679 0.17255435884
      vertex 0.0934059023857 -0.0219025313854 0.172391697764
      vertex 0.0932549759746 -0.0224544554949 0.172962665558
    endloop
  endfacet
  facet normal -0.054516389966 -0.788521885872 0.6125857234
    outer loop
      vertex 0.0951314792037 -0.0208893120289 0.171290457249
      vertex 0.0957136899233 -0.0205537751317 0.170989528298
      vertex 0.0959380045533 -0.0209876559675 0.171311095357
    endloop
  endfacet
  facet normal -0.132090359926 -0.564647316933 0.814693510532
    outer loop
      vertex 0.0946902781725 -0.0250103287399 0.175868093967
      vertex 0.093790076673 -0.0248269103467 0.175814032555
      vertex 0.0944427028298 -0.0245550572872 0.175269126892
    endloop
  endfacet
  facet normal -0.159684374928 -0.699336349964 0.696727752686
    outer loop
      vertex 0.0932549759746 -0.0224544554949 0.172962665558
      vertex 0.0925087109208 -0.0223807729781 0.173059657216
      vertex 0.0927796587348 -0.0219356715679 0.17255435884
    endloop
  endfacet
  facet normal -0.187916606665 -0.607729077339 0.77159100771
    outer loop
      vertex 0.0929432660341 -0.0237129032612 0.174478814006
      vertex 0.0920954868197 -0.0235919989645 0.174587458372
      vertex 0.0925095677376 -0.0232597999275 0.174037650228
    endloop
  endfacet
  facet normal -0.140501350164 -0.555404245853 0.819625198841
    outer loop
      vertex 0.0942638143897 -0.0253046508878 0.176415428519
      vertex 0.0948573797941 -0.0253068730235 0.176268547773
      vertex 0.0949896275997 -0.025632802397 0.176716074347
    endloop
  endfacet
  facet normal -0.387188822031 -0.660933852196 0.642846226692
    outer loop
      vertex 0.0885932892561 -0.0210531577468 0.173432901502
      vertex 0.0892769545317 -0.021405223757 0.173374831676
      vertex 0.0887558981776 -0.0217643957585 0.174029424787
    endloop
  endfacet
  facet normal -0.302209436893 -0.72420746088 0.619833052158
    outer loop
      vertex 0.0901541635394 -0.0209340155125 0.172542348504
      vertex 0.0907613784075 -0.02124511078 0.172555223107
      vertex 0.0903124064207 -0.0214915499091 0.172953501344
    endloop
  endfacet
  facet normal -0.332520216703 -0.46674606204 0.819498896599
    outer loop
      vertex 0.0915074795485 -0.0248518399894 0.176774382591
      vertex 0.0907346531749 -0.0243575982749 0.176457181573
      vertex 0.0913075059652 -0.0245279166847 0.176348119974
    endloop
  endfacet
  facet normal -0.00394627638161 -0.700574219227 0.713568627834
    outer loop
      vertex 0.0962014272809 -0.0227025114 0.172902166843
      vertex 0.096746891737 -0.0221971273422 0.172384336591
      vertex 0.0970164090395 -0.02256539464 0.172757908702
    endloop
  endfacet
  facet normal -0.281946629286 -0.585928380489 0.759732842445
    outer loop
      vertex 0.0911860689521 -0.0233294703066 0.17460796237
      vertex 0.0905031710863 -0.0232347510755 0.174813762307
      vertex 0.0905532762408 -0.0228242538869 0.174257382751
    endloop
  endfacet
  facet normal -0.224049314857 -0.665529489517 0.711949765682
    outer loop
      vertex 0.0912782996893 -0.0222960561514 0.173357069492
      vertex 0.0918704122305 -0.022238124162 0.17309576273
      vertex 0.0919358804822 -0.022727586329 0.173597320914
    endloop
  endfacet
  facet normal -0.174717739224 -0.586508393288 0.790873944759
    outer loop
      vertex 0.0926509127021 -0.0240881890059 0.175071954727
      vertex 0.0929432660341 -0.0237129032612 0.174478814006
      vertex 0.0933045446873 -0.024031650275 0.174801006913
    endloop
  endfacet
  facet normal -0.0614433661103 -0.884352087975 0.462759226561
    outer loop
      vertex 0.0951472893357 -0.0190974548459 0.170171290636
      vertex 0.0947479829192 -0.0196265112609 0.170475885272
      vertex 0.0944408476353 -0.0189347341657 0.170135229826
    endloop
  endfacet
  facet normal -0.381686449051 -0.783675312996 0.49006986618
    outer loop
      vertex 0.0897230058908 -0.0188164673746 0.171271339059
      vertex 0.0898375883698 -0.0194527320564 0.171613410115
      vertex 0.0893010646105 -0.0193435326219 0.171806439757
    endloop
  endfacet
  facet normal -0.398138344288 -0.763126254082 0.509042441845
    outer loop
      vertex 0.0895472988486 -0.0198982208967 0.172047972679
      vertex 0.0890463367105 -0.0197433233261 0.172206014395
      vertex 0.0893010646105 -0.0193435326219 0.171806439757
    endloop
  endfacet
  facet normal -0.201165482402 -0.943199276924 0.264400452375
    outer loop
      vertex 0.0932389199734 -0.0175954513252 0.169846221805
      vertex 0.09331163764 -0.0182967893779 0.170027315617
      vertex 0.0926760062575 -0.018112115562 0.170111104846
    endloop
  endfacet
  facet normal -0.228113740683 -0.750994086266 0.619654715061
    outer loop
      vertex 0.0918178111315 -0.0214767046273 0.172392308712
      vertex 0.091310068965 -0.0210874676704 0.172225371003
      vertex 0.0919821932912 -0.0209077820182 0.171872958541
    endloop
  endfacet
  facet normal -0.154532581568 -0.730502068996 0.665196537971
    outer loop
      vertex 0.0934059023857 -0.0219025313854 0.172391697764
      vertex 0.0927796587348 -0.0219356715679 0.17255435884
      vertex 0.0929206758738 -0.0214607678354 0.172092080116
    endloop
  endfacet
  facet normal -0.328661382198 -0.547293961048 0.769708395004
    outer loop
      vertex 0.0899006277323 -0.0228410921991 0.17462195456
      vertex 0.0905031710863 -0.0232347510755 0.174813762307
      vertex 0.0900730341673 -0.0233813673258 0.175278261304
    endloop
  endfacet
  facet normal -0.309867113829 -0.477202147245 0.822350561619
    outer loop
      vertex 0.0905355140567 -0.0238895863295 0.175779983401
      vertex 0.0912967994809 -0.0241777896881 0.175782307982
      vertex 0.0907346531749 -0.0243575982749 0.176457181573
    endloop
  endfacet
  facet normal -0.0730146095157 -0.88716262579 0.455643832684
    outer loop
      vertex 0.0947479829192 -0.0196265112609 0.170475885272
      vertex 0.0951472893357 -0.0190974548459 0.170171290636
      vertex 0.0953337177634 -0.0196571871638 0.170443430543
    endloop
  endfacet
  facet normal -0.312961429358 -0.517938435078 0.79611235857
    outer loop
      vertex 0.0900730341673 -0.0233813673258 0.175278261304
      vertex 0.0909212455153 -0.0236750543118 0.175217151642
      vertex 0.0905355140567 -0.0238895863295 0.175779983401
    endloop
  endfacet
  facet normal -0.123617701232 -0.842460513115 0.524384319782
    outer loop
      vertex 0.094333216548 -0.0201502107084 0.170846417546
      vertex 0.0935865864158 -0.0200604833663 0.170900121331
      vertex 0.0940459147096 -0.0195120312274 0.170491337776
    endloop
  endfacet
  facet normal -0.229902222753 -0.875217497349 0.42560467124
    outer loop
      vertex 0.0922108069062 -0.0186243951321 0.170410588384
      vertex 0.0925110504031 -0.0191120319068 0.170568853617
      vertex 0.0919240564108 -0.0192943960428 0.170811727643
    endloop
  endfacet
  facet normal -0.160357624292 -0.814688801765 0.557285904884
    outer loop
      vertex 0.0932398661971 -0.0205734446645 0.171319261193
      vertex 0.0928850322962 -0.0200298652053 0.171017274261
      vertex 0.0935865864158 -0.0200604833663 0.170900121331
    endloop
  endfacet
  facet normal -0.132637709379 -0.881789267063 0.452608972788
    outer loop
      vertex 0.094394735992 -0.0173977836967 0.169417187572
      vertex 0.0945299118757 -0.0178966410458 0.16965290904
      vertex 0.0938611626625 -0.0178945846856 0.169752448797
    endloop
  endfacet
  facet normal -0.0220554992557 -0.732761979103 0.680127501488
    outer loop
      vertex 0.0960751473904 -0.0220920555294 0.172289639711
      vertex 0.0960852876306 -0.0215050168335 0.171744465828
      vertex 0.096595197916 -0.0217217691243 0.171930298209
    endloop
  endfacet
  facet normal -0.166841760278 -0.570311546326 0.804306268692
    outer loop
      vertex 0.0926509127021 -0.0240881890059 0.175071954727
      vertex 0.0933045446873 -0.024031650275 0.174801006913
      vertex 0.0935174748302 -0.0243688933551 0.175214320421
    endloop
  endfacet
  facet normal -0.35079869628 -0.516438782215 0.781172990799
    outer loop
      vertex 0.0900730341673 -0.0233813673258 0.175278261304
      vertex 0.0893657878041 -0.0233059749007 0.175644636154
      vertex 0.0893407687545 -0.0229039005935 0.175053447485
    endloop
  endfacet
  facet normal -0.234436109662 -0.480479031801 0.845091462135
    outer loop
      vertex 0.0923128947616 -0.0250250324607 0.176686033607
      vertex 0.0915074795485 -0.0248518399894 0.176774382591
      vertex 0.0918578803539 -0.0246190465987 0.176193967462
    endloop
  endfacet
  facet normal -0.371487051249 -0.563823103905 0.737631976604
    outer loop
      vertex 0.0892493799329 -0.0224071778357 0.174463808537
      vertex 0.0893407687545 -0.0229039005935 0.175053447485
      vertex 0.0888384729624 -0.0225894786417 0.174973040819
    endloop
  endfacet
  facet normal 0.0180709026754 -0.720042645931 0.693694472313
    outer loop
      vertex 0.0975865349174 -0.0222320370376 0.172439038754
      vertex 0.096746891737 -0.0221971273422 0.172384336591
      vertex 0.0971846506 -0.0216950401664 0.171911597252
    endloop
  endfacet
  facet normal -0.0574317499995 -0.771997153759 0.633026003838
    outer loop
      vertex 0.0959380045533 -0.0209876559675 0.171311095357
      vertex 0.095350459218 -0.0214065052569 0.171698257327
      vertex 0.0951314792037 -0.0208893120289 0.171290457249
    endloop
  endfacet
  facet normal -0.0953783467412 -0.668581724167 0.737496733665
    outer loop
      vertex 0.094553694129 -0.0228563845158 0.173174872994
      vertex 0.0941028520465 -0.0232198946178 0.173640176654
      vertex 0.0939124152064 -0.0227754861116 0.17317712307
    endloop
  endfacet
  facet normal -0.364625185728 -0.512323141098 0.777543246746
    outer loop
      vertex 0.0893657878041 -0.0233059749007 0.175644636154
      vertex 0.0887560993433 -0.023349750787 0.176144987345
      vertex 0.088799379766 -0.0229174047709 0.175458028913
    endloop
  endfacet
  facet normal -0.29537960887 -0.625991344452 0.721724152565
    outer loop
      vertex 0.0899782329798 -0.0224032476544 0.17404332757
      vertex 0.0905937626958 -0.0223286487162 0.173666879535
      vertex 0.0905532762408 -0.0228242538869 0.174257382751
    endloop
  endfacet
  facet normal -0.0613343641162 -0.555936634541 0.828958690166
    outer loop
      vertex 0.0957451909781 -0.0257175564766 0.176759094
      vertex 0.0949896275997 -0.025632802397 0.176716074347
      vertex 0.0955386385322 -0.0252527780831 0.176088854671
    endloop
  endfacet
  facet normal -0.174615904689 -0.807917296886 0.562831163406
    outer loop
      vertex 0.0932398661971 -0.0205734446645 0.171319261193
      vertex 0.0924705788493 -0.0204557701945 0.171403557062
      vertex 0.0928850322962 -0.0200298652053 0.171017274261
    endloop
  endfacet
  facet normal -0.17395247519 -0.842632949352 0.509617745876
    outer loop
      vertex 0.0928850322962 -0.0200298652053 0.171017274261
      vertex 0.0925615131855 -0.019590023905 0.170818045735
      vertex 0.0931765437126 -0.0194520018995 0.170607596636
    endloop
  endfacet
  facet normal -0.55265712738 -0.713756561279 0.430257707834
    outer loop
      vertex 0.0878320485353 -0.0176722258329 0.171765461564
      vertex 0.0883391276002 -0.0183593556285 0.171787038445
      vertex 0.0875760540366 -0.0181890279055 0.172275215387
    endloop
  endfacet
  facet normal -0.223024278879 -0.8375248909 0.498810827732
    outer loop
      vertex 0.092205286026 -0.0199581794441 0.171132162213
      vertex 0.0919240564108 -0.0192943960428 0.170811727643
      vertex 0.0925615131855 -0.019590023905 0.170818045735
    endloop
  endfacet
  facet normal -0.175787851214 -0.730988800526 0.659358799458
    outer loop
      vertex 0.0929206758738 -0.0214607678354 0.172092080116
      vertex 0.0927796587348 -0.0219356715679 0.17255435884
      vertex 0.0923535823822 -0.0214661844075 0.172233328223
    endloop
  endfacet
  facet normal -0.15781532228 -0.908392190933 0.387192457914
    outer loop
      vertex 0.0938611626625 -0.0178945846856 0.169752448797
      vertex 0.0943182036281 -0.0183867774904 0.169882833958
      vertex 0.0937378108501 -0.0187822915614 0.170152246952
    endloop
  endfacet
  facet normal -0.666720569134 -0.614440917969 0.421836435795
    outer loop
      vertex 0.0874257832766 -0.0169437937438 0.171706199646
      vertex 0.0879230648279 -0.0172460712492 0.17137414217
      vertex 0.0878320485353 -0.0176722258329 0.171765461564
    endloop
  endfacet
  facet normal -0.608896911144 -0.68759983778 0.39553886652
    outer loop
      vertex 0.0874257832766 -0.0169437937438 0.171706199646
      vertex 0.0878320485353 -0.0176722258329 0.171765461564
      vertex 0.0871253162622 -0.0175494980067 0.172320708632
    endloop
  endfacet
  facet normal 0.0569410063326 -0.672933220863 0.737508416176
    outer loop
      vertex 0.0981523394585 -0.0241071879864 0.174492314458
      vertex 0.0978834927082 -0.0236650258303 0.173984974623
      vertex 0.0987380221486 -0.0239097438753 0.174325481057
    endloop
  endfacet
  facet normal -0.285975217819 -0.787727236748 0.545622587204
    outer loop
      vertex 0.0908141583204 -0.0196893140674 0.171378552914
      vertex 0.0912500470877 -0.0203666202724 0.171689450741
      vertex 0.0906904488802 -0.020454261452 0.171953305602
    endloop
  endfacet
  facet normal -0.169873073697 -0.760290086269 0.626978576183
    outer loop
      vertex 0.0926891639829 -0.0209544338286 0.171726256609
      vertex 0.0932460278273 -0.0210732519627 0.171699807048
      vertex 0.0929206758738 -0.0214607678354 0.172092080116
    endloop
  endfacet
  facet normal -0.339937001467 -0.596044659615 0.727443218231
    outer loop
      vertex 0.0892493799329 -0.0224071778357 0.174463808537
      vertex 0.0899782329798 -0.0224032476544 0.17404332757
      vertex 0.0899006277323 -0.0228410921991 0.17462195456
    endloop
  endfacet
  facet normal -0.317166030407 -0.768433392048 0.555801928043
    outer loop
      vertex 0.0902233123779 -0.0198599100113 0.171716228127
      vertex 0.0906904488802 -0.020454261452 0.171953305602
      vertex 0.0898906961083 -0.0203984975815 0.172243073583
    endloop
  endfacet
  facet normal -0.556619346142 -0.708983957767 0.433031857014
    outer loop
      vertex 0.0884103775024 -0.0176549442112 0.17130087316
      vertex 0.0883391276002 -0.0183593556285 0.171787038445
      vertex 0.0878320485353 -0.0176722258329 0.171765461564
    endloop
  endfacet
  facet normal -0.127573058009 -0.579804301262 0.804706215858
    outer loop
      vertex 0.0944427028298 -0.0245550572872 0.175269126892
      vertex 0.0935174748302 -0.0243688933551 0.175214320421
      vertex 0.0939088761806 -0.0240975245833 0.174751579762
    endloop
  endfacet
  facet normal -0.0856826454401 -0.958717525005 0.271144151688
    outer loop
      vertex 0.0962624028325 -0.0186044350266 0.169929116964
      vertex 0.09571172297 -0.017815027386 0.169755071402
      vertex 0.0964006707072 -0.0178766995668 0.169710949063
    endloop
  endfacet
  facet normal -0.504070222378 -0.723891735077 0.471056193113
    outer loop
      vertex 0.0879230648279 -0.0172460712492 0.17137414217
      vertex 0.0882704555988 -0.0170724242926 0.171019241214
      vertex 0.0884103775024 -0.0176549442112 0.17130087316
    endloop
  endfacet
  facet normal -0.00314681441523 -0.642501831055 0.76627767086
    outer loop
      vertex 0.0979955792427 -0.0251389592886 0.175703957677
      vertex 0.0974499806762 -0.0249377638102 0.175466671586
      vertex 0.0980991572142 -0.0246615372598 0.175134062767
    endloop
  endfacet
  facet normal -0.0849813446403 -0.644144713879 0.760168254375
    outer loop
      vertex 0.0949405133724 -0.0233333259821 0.173663526773
      vertex 0.0942163541913 -0.0237036980689 0.174196138978
      vertex 0.0941028520465 -0.0232198946178 0.173640176654
    endloop
  endfacet
  facet normal -0.155910938978 -0.915717482567 0.370342135429
    outer loop
      vertex 0.0971753448248 -0.0192545838654 0.170056894422
      vertex 0.0978282988071 -0.0187967419624 0.169760555029
      vertex 0.0980696156621 -0.0193156227469 0.169929310679
    endloop
  endfacet
  facet normal 0.0456052422523 -0.764588534832 0.642903208733
    outer loop
      vertex 0.0983633995056 -0.0206579044461 0.171080470085
      vertex 0.0974268764257 -0.0205673985183 0.170948505402
      vertex 0.0980960801244 -0.0202232189476 0.17069901526
    endloop
  endfacet
  facet normal -0.374184370041 -0.452566921711 0.809425234795
    outer loop
      vertex 0.0893657878041 -0.0233059749007 0.175644636154
      vertex 0.089888304472 -0.0236949883401 0.175908371806
      vertex 0.0893697887659 -0.0236330740154 0.176226347685
    endloop
  endfacet
  facet normal -0.0539502352476 -0.598084151745 0.799615323544
    outer loop
      vertex 0.0962658748031 -0.0245596468449 0.175049751997
      vertex 0.0963609740138 -0.025038395077 0.175681248307
      vertex 0.0958206504583 -0.0248621478677 0.175494343042
    endloop
  endfacet
  facet normal 0.000380824698368 -0.755733251572 0.654879450798
    outer loop
      vertex 0.0980960801244 -0.0202232189476 0.17069901526
      vertex 0.0975624471903 -0.0198865160346 0.170406982303
      vertex 0.0982422828674 -0.0197126492858 0.170256659389
    endloop
  endfacet
  facet normal -0.137814924121 -0.918255329132 0.371233344078
    outer loop
      vertex 0.0938611626625 -0.0178945846856 0.169752448797
      vertex 0.0945299118757 -0.0178966410458 0.16965290904
      vertex 0.0943182036281 -0.0183867774904 0.169882833958
    endloop
  endfacet
  facet normal -0.20263081789 -0.726355731487 0.656770944595
    outer loop
      vertex 0.0921573713422 -0.0219117701054 0.172690972686
      vertex 0.0918178111315 -0.0214767046273 0.172392308712
      vertex 0.0923535823822 -0.0214661844075 0.172233328223
    endloop
  endfacet
  facet normal -0.148806408048 -0.871275961399 0.467691034079
    outer loop
      vertex 0.0940459147096 -0.0195120312274 0.170491337776
      vertex 0.0931765437126 -0.0194520018995 0.170607596636
      vertex 0.0937378108501 -0.0187822915614 0.170152246952
    endloop
  endfacet
  facet normal -0.0908090770245 -0.692059457302 0.716105699539
    outer loop
      vertex 0.0941184982657 -0.0223357602954 0.172693267465
      vertex 0.0947792083025 -0.0224661212415 0.17274145782
      vertex 0.094553694129 -0.0228563845158 0.173174872994
    endloop
  endfacet
  facet normal -0.0716632381082 -0.958525717258 0.275849252939
    outer loop
      vertex 0.0970812886953 -0.0184255577624 0.169816419482
      vertex 0.096720546484 -0.0189222171903 0.169986322522
      vertex 0.0962624028325 -0.0186044350266 0.169929116964
    endloop
  endfacet
  facet normal -0.31363940239 -0.754787623882 0.576130151749
    outer loop
      vertex 0.0901541635394 -0.0209340155125 0.172542348504
      vertex 0.0898906961083 -0.0203984975815 0.172243073583
      vertex 0.0906904488802 -0.020454261452 0.171953305602
    endloop
  endfacet
  facet normal -0.479234009981 -0.744447231293 0.464901179075
    outer loop
      vertex 0.0890355706215 -0.0186209697276 0.17150208354
      vertex 0.0883391276002 -0.0183593556285 0.171787038445
      vertex 0.0889065265656 -0.0180268213153 0.1712141186
    endloop
  endfacet
  facet normal -0.44402167201 -0.775787830353 0.448327958584
    outer loop
      vertex 0.0888678953052 -0.0167231336236 0.170475438237
      vertex 0.08902554214 -0.017428342253 0.170792758465
      vertex 0.0882704555988 -0.0170724242926 0.171019241214
    endloop
  endfacet
  facet normal -0.528611958027 -0.72508597374 0.441383838654
    outer loop
      vertex 0.0875009223819 -0.0193295180798 0.172953888774
      vertex 0.0876557528973 -0.0201243124902 0.173324838281
      vertex 0.0869900733232 -0.019474459812 0.173414543271
    endloop
  endfacet
  facet normal -0.103276222944 -0.848697543144 0.518696963787
    outer loop
      vertex 0.0940459147096 -0.0195120312274 0.170491337776
      vertex 0.0947479829192 -0.0196265112609 0.170475885272
      vertex 0.094333216548 -0.0201502107084 0.170846417546
    endloop
  endfacet
  facet normal 0.0314559228718 -0.779200911522 0.625984370708
    outer loop
      vertex 0.0975624471903 -0.0198865160346 0.170406982303
      vertex 0.0980960801244 -0.0202232189476 0.17069901526
      vertex 0.0974268764257 -0.0205673985183 0.170948505402
    endloop
  endfacet
  facet normal 0.0553451627493 -0.760946750641 0.646449506283
    outer loop
      vertex 0.0994590222836 -0.020921651274 0.171362832189
      vertex 0.0992236062884 -0.0214467346668 0.171791791916
      vertex 0.0986533537507 -0.0211871229112 0.171529769897
    endloop
  endfacet
  facet normal 0.0415275320411 -0.750921547413 0.659084439278
    outer loop
      vertex 0.0979399308562 -0.0216251090169 0.171874731779
      vertex 0.0979465469718 -0.0210477411747 0.171368345618
      vertex 0.0986533537507 -0.0211871229112 0.171529769897
    endloop
  endfacet
  facet normal 0.057731654495 -0.805546939373 0.589712798595
    outer loop
      vertex 0.0991717129946 -0.0206565782428 0.171137437224
      vertex 0.0983633995056 -0.0206579044461 0.171080470085
      vertex 0.0987435951829 -0.0202532336116 0.170811474323
    endloop
  endfacet
  facet normal -0.154633894563 -0.821012020111 0.549570381641
    outer loop
      vertex 0.0971753448248 -0.0192545838654 0.170056894422
      vertex 0.0980696156621 -0.0193156227469 0.169929310679
      vertex 0.0975624471903 -0.0198865160346 0.170406982303
    endloop
  endfacet
  facet normal 0.0306710209697 -0.76879376173 0.63876080513
    outer loop
      vertex 0.0974268764257 -0.0205673985183 0.170948505402
      vertex 0.0979465469718 -0.0210477411747 0.171368345618
      vertex 0.0974223762751 -0.0211802087724 0.171457484365
    endloop
  endfacet
  facet normal -0.0988581925631 -0.575946629047 0.811487853527
    outer loop
      vertex 0.0944427028298 -0.0245550572872 0.175269126892
      vertex 0.0952160134912 -0.0248517468572 0.175554409623
      vertex 0.0946902781725 -0.0250103287399 0.175868093967
    endloop
  endfacet
  facet normal -0.175065249205 -0.521218955517 0.835274159908
    outer loop
      vertex 0.093790076673 -0.0248269103467 0.175814032555
      vertex 0.0930374115705 -0.0249047726393 0.176191613078
      vertex 0.0928885787725 -0.0245303064585 0.17564150691
    endloop
  endfacet
  facet normal -0.478922963142 -0.74438393116 0.465322881937
    outer loop
      vertex 0.0884103775024 -0.0176549442112 0.17130087316
      vertex 0.0889065265656 -0.0180268213153 0.1712141186
      vertex 0.0883391276002 -0.0183593556285 0.171787038445
    endloop
  endfacet
  facet normal -0.318276047707 -0.83527302742 0.448351770639
    outer loop
      vertex 0.0895367786288 -0.0180795378983 0.17092256248
      vertex 0.0901582613587 -0.0178233459592 0.17054823041
      vertex 0.0902787744999 -0.0183933414519 0.170808270574
    endloop
  endfacet
  facet normal -0.255837470293 -0.522869408131 0.813114225864
    outer loop
      vertex 0.0920762270689 -0.0243295542896 0.175636947155
      vertex 0.0918578803539 -0.0246190465987 0.176193967462
      vertex 0.0912967994809 -0.0241777896881 0.175782307982
    endloop
  endfacet
  facet normal 0.0421113111079 -0.684199512005 0.728078067303
    outer loop
      vertex 0.0999077707529 -0.0224565844983 0.172835960984
      vertex 0.0992950350046 -0.021990917623 0.172302722931
      vertex 0.10009803623 -0.0220009833574 0.172362864017
    endloop
  endfacet
  facet normal -0.286007404327 -0.886859536171 0.36287727952
    outer loop
      vertex 0.0900217220187 -0.016751293093 0.170076161623
      vertex 0.0894178524613 -0.0169298499823 0.170343965292
      vertex 0.0895094871521 -0.0162335783243 0.170029520988
    endloop
  endfacet
  facet normal -0.0535975247622 -0.966630101204 0.250506490469
    outer loop
      vertex 0.095593996346 -0.0186540447176 0.169979035854
      vertex 0.09571172297 -0.017815027386 0.169755071402
      vertex 0.0962624028325 -0.0186044350266 0.169929116964
    endloop
  endfacet
  facet normal -0.0952205434442 -0.862711548805 0.496650636196
    outer loop
      vertex 0.0971753448248 -0.0192545838654 0.170056894422
      vertex 0.0968269333243 -0.0199196375906 0.170478209853
      vertex 0.0963850542903 -0.0193585045636 0.17020393908
    endloop
  endfacet
  facet normal -0.103859640658 -0.596468389034 0.795888602734
    outer loop
      vertex 0.0939088761806 -0.0240975245833 0.174751579762
      vertex 0.0947018787265 -0.0241580083966 0.17469419539
      vertex 0.0944427028298 -0.0245550572872 0.175269126892
    endloop
  endfacet
  facet normal -0.0949493274093 -0.721833109856 0.685522854328
    outer loop
      vertex 0.0940460637212 -0.0217079780996 0.172106593847
      vertex 0.0948058366776 -0.0219308100641 0.17221827805
      vertex 0.0941184982657 -0.0223357602954 0.172693267465
    endloop
  endfacet
  facet normal -0.399615645409 -0.58739566803 0.703756809235
    outer loop
      vertex 0.0892493799329 -0.0224071778357 0.174463808537
      vertex 0.0884710773826 -0.0221969746053 0.174741461873
      vertex 0.0887558981776 -0.0217643957585 0.174029424787
    endloop
  endfacet
  facet normal -0.0371777750552 -0.716689109802 0.696401119232
    outer loop
      vertex 0.0960751473904 -0.0220920555294 0.172289639711
      vertex 0.0953756123781 -0.0223721042275 0.172598049045
      vertex 0.0955294296145 -0.0218637809157 0.172096133232
    endloop
  endfacet
  facet normal -0.0695277899504 -0.570629775524 0.818258821964
    outer loop
      vertex 0.0955386385322 -0.0252527780831 0.176088854671
      vertex 0.0958206504583 -0.0248621478677 0.175494343042
      vertex 0.0963609740138 -0.025038395077 0.175681248307
    endloop
  endfacet
  facet normal -0.430219590664 -0.526306092739 0.733425557613
    outer loop
      vertex 0.0875199437141 -0.0215851217508 0.174695983529
      vertex 0.087462477386 -0.0211325064301 0.174112215638
      vertex 0.0880421623588 -0.0216906070709 0.174416095018
    endloop
  endfacet
  facet normal -0.398295015097 -0.786082625389 0.472689300776
    outer loop
      vertex 0.0890355706215 -0.0186209697276 0.17150208354
      vertex 0.0895367786288 -0.0180795378983 0.17092256248
      vertex 0.0897230058908 -0.0188164673746 0.171271339059
    endloop
  endfacet
  facet normal -0.292568743229 -0.786618471146 0.543723165989
    outer loop
      vertex 0.0902233123779 -0.0198599100113 0.171716228127
      vertex 0.0908141583204 -0.0196893140674 0.171378552914
      vertex 0.0906904488802 -0.020454261452 0.171953305602
    endloop
  endfacet
  facet normal -0.0555088631809 -0.647677540779 0.75988984108
    outer loop
      vertex 0.095021173358 -0.0237889364362 0.17419116199
      vertex 0.0949405133724 -0.0233333259821 0.173663526773
      vertex 0.0957527980208 -0.0236090160906 0.173917368054
    endloop
  endfacet
  facet normal -0.0797137841582 -0.805985689163 0.586543083191
    outer loop
      vertex 0.0944475159049 -0.0207403376698 0.171249687672
      vertex 0.0951102226973 -0.0202786698937 0.170848175883
      vertex 0.0951314792037 -0.0208893120289 0.171290457249
    endloop
  endfacet
  facet normal -0.144884482026 -0.941914796829 0.302993327379
    outer loop
      vertex 0.090754725039 -0.0175303369761 0.170266896486
      vertex 0.0914202407002 -0.0169888362288 0.169990330935
      vertex 0.0914110392332 -0.017762735486 0.170240700245
    endloop
  endfacet
  facet normal -0.187591537833 -0.589547455311 0.785648286343
    outer loop
      vertex 0.0929432660341 -0.0237129032612 0.174478814006
      vertex 0.0926509127021 -0.0240881890059 0.175071954727
      vertex 0.0920954868197 -0.0235919989645 0.174587458372
    endloop
  endfacet
  facet normal -0.324007868767 -0.820000290871 0.471824556589
    outer loop
      vertex 0.0897230058908 -0.0188164673746 0.171271339059
      vertex 0.0902787744999 -0.0183933414519 0.170808270574
      vertex 0.0904216244817 -0.0191461145878 0.171184971929
    endloop
  endfacet
  facet normal -0.355155706406 -0.615186870098 0.703853368759
    outer loop
      vertex 0.087462477386 -0.0211325064301 0.174112215638
      vertex 0.0881747528911 -0.0212969984859 0.173889219761
      vertex 0.0880421623588 -0.0216906070709 0.174416095018
    endloop
  endfacet
  facet normal 0.0642332211137 -0.667645156384 0.741703510284
    outer loop
      vertex 0.0989893078804 -0.0229412801564 0.173292160034
      vertex 0.0986219272017 -0.0226084664464 0.172887071967
      vertex 0.09916523844 -0.0224795825779 0.172796174884
    endloop
  endfacet
  facet normal -0.116328090429 -0.891965031624 0.436882317066
    outer loop
      vertex 0.0944408476353 -0.0189347341657 0.170135229826
      vertex 0.0937378108501 -0.0187822915614 0.170152246952
      vertex 0.0943182036281 -0.0183867774904 0.169882833958
    endloop
  endfacet
  facet normal -0.300210893154 -0.683867037296 0.664980649948
    outer loop
      vertex 0.090738274157 -0.0218696705997 0.173134222627
      vertex 0.0900315493345 -0.0218831934035 0.173457622528
      vertex 0.0903124064207 -0.0214915499091 0.172953501344
    endloop
  endfacet
  facet normal -0.158984571695 -0.678172051907 0.717500269413
    outer loop
      vertex 0.0932549759746 -0.0224544554949 0.172962665558
      vertex 0.0927908867598 -0.0228714793921 0.173512682319
      vertex 0.0925087109208 -0.0223807729781 0.173059657216
    endloop
  endfacet
  facet normal 0.0567462071776 -0.673270463943 0.737215518951
    outer loop
      vertex 0.0981523394585 -0.0241071879864 0.174492314458
      vertex 0.0987380221486 -0.0239097438753 0.174325481057
      vertex 0.0984832048416 -0.0244034305215 0.174844577909
    endloop
  endfacet
  facet normal -0.173676371574 -0.965048134327 0.196261674166
    outer loop
      vertex 0.0927437469363 -0.0164744108915 0.169694498181
      vertex 0.0920550003648 -0.0171466618776 0.169955164194
      vertex 0.0920787677169 -0.016223706305 0.169763177633
    endloop
  endfacet
  facet normal -0.0534794144332 -0.667861759663 0.742361485958
    outer loop
      vertex 0.0957131832838 -0.023158531636 0.173407360911
      vertex 0.0949405133724 -0.0233333259821 0.173663526773
      vertex 0.0952624678612 -0.0228425227106 0.173092186451
    endloop
  endfacet
  facet normal 0.0255261585116 -0.743825733662 0.667885959148
    outer loop
      vertex 0.0979399308562 -0.0216251090169 0.171874731779
      vertex 0.0971846506 -0.0216950401664 0.171911597252
      vertex 0.0974223762751 -0.0211802087724 0.171457484365
    endloop
  endfacet
  facet normal -0.4191198349 -0.73441195488 0.533832967281
    outer loop
      vertex 0.0886756330729 -0.0199804902077 0.172581553459
      vertex 0.0892801210284 -0.0203345306218 0.172493934631
      vertex 0.0889521986246 -0.0207048840821 0.172950267792
    endloop
  endfacet
  facet normal -0.084852039814 -0.714686691761 0.69427883625
    outer loop
      vertex 0.0947792083025 -0.0224661212415 0.17274145782
      vertex 0.0941184982657 -0.0223357602954 0.172693267465
      vertex 0.0948058366776 -0.0219308100641 0.17221827805
    endloop
  endfacet
  facet normal -0.320316284895 -0.462630361319 0.826662361622
    outer loop
      vertex 0.0887560993433 -0.023349750787 0.176144987345
      vertex 0.0893657878041 -0.0233059749007 0.175644636154
      vertex 0.0893697887659 -0.0236330740154 0.176226347685
    endloop
  endfacet
  facet normal -0.209150701761 -0.857895612717 0.469330519438
    outer loop
      vertex 0.0925110504031 -0.0191120319068 0.170568853617
      vertex 0.0925615131855 -0.019590023905 0.170818045735
      vertex 0.0919240564108 -0.0192943960428 0.170811727643
    endloop
  endfacet
  facet normal -0.439927637577 -0.758320212364 0.481055259705
    outer loop
      vertex 0.0893010646105 -0.0193435326219 0.171806439757
      vertex 0.0886125490069 -0.0192167647183 0.172125458717
      vertex 0.0890355706215 -0.0186209697276 0.17150208354
    endloop
  endfacet
  facet normal -0.206083670259 -0.912903666496 0.352329909801
    outer loop
      vertex 0.0922108069062 -0.0186243951321 0.170410588384
      vertex 0.0915203988552 -0.0185196138918 0.170525997877
      vertex 0.0920442715287 -0.0179723277688 0.170196518302
    endloop
  endfacet
  facet normal -0.135121017694 -0.548866152763 0.824917137623
    outer loop
      vertex 0.093790076673 -0.0248269103467 0.175814032555
      vertex 0.0946902781725 -0.0250103287399 0.175868093967
      vertex 0.0942638143897 -0.0253046508878 0.176415428519
    endloop
  endfacet
  facet normal -0.274212270975 -0.710273563862 0.648320198059
    outer loop
      vertex 0.0903124064207 -0.0214915499091 0.172953501344
      vertex 0.0907613784075 -0.02124511078 0.172555223107
      vertex 0.090738274157 -0.0218696705997 0.173134222627
    endloop
  endfacet
  facet normal -0.11351159215 -0.663264274597 0.73972672224
    outer loop
      vertex 0.0934376120567 -0.0229538790882 0.173457339406
      vertex 0.0939124152064 -0.0227754861116 0.17317712307
      vertex 0.0941028520465 -0.0232198946178 0.173640176654
    endloop
  endfacet
  facet normal 0.0249608159065 -0.662340819836 0.748786747456
    outer loop
      vertex 0.0978834927082 -0.0236650258303 0.173984974623
      vertex 0.0970650240779 -0.0238304659724 0.174141168594
      vertex 0.097101829946 -0.0234101712704 0.173667401075
    endloop
  endfacet
  facet normal -0.15039627254 -0.621168732643 0.76911008358
    outer loop
      vertex 0.0929432660341 -0.0237129032612 0.174478814006
      vertex 0.0933689698577 -0.0233919806778 0.173978388309
      vertex 0.0935643836856 -0.0237837173045 0.17441610992
    endloop
  endfacet
  facet normal -0.435229539871 -0.535807609558 0.723522901535
    outer loop
      vertex 0.0882919430733 -0.0225304141641 0.175337225199
      vertex 0.0884710773826 -0.0221969746053 0.174741461873
      vertex 0.0888384729624 -0.0225894786417 0.174973040819
    endloop
  endfacet
  facet normal -0.13943707943 -0.551056146622 0.822735965252
    outer loop
      vertex 0.0942638143897 -0.0253046508878 0.176415428519
      vertex 0.0946902781725 -0.0250103287399 0.175868093967
      vertex 0.0948573797941 -0.0253068730235 0.176268547773
    endloop
  endfacet
  facet normal -0.167533501983 -0.528931498528 0.831963956356
    outer loop
      vertex 0.0942638143897 -0.0253046508878 0.176415428519
      vertex 0.0936271697283 -0.0251548327506 0.176381424069
      vertex 0.093790076673 -0.0248269103467 0.175814032555
    endloop
  endfacet
  facet normal -0.172188982368 -0.906911730766 0.384528428316
    outer loop
      vertex 0.0938611626625 -0.0178945846856 0.169752448797
      vertex 0.0937378108501 -0.0187822915614 0.170152246952
      vertex 0.09331163764 -0.0182967893779 0.170027315617
    endloop
  endfacet
  facet normal -0.0216987319291 -0.617078006268 0.786602735519
    outer loop
      vertex 0.0974499806762 -0.0249377638102 0.175466671586
      vertex 0.0979955792427 -0.0251389592886 0.175703957677
      vertex 0.0973575636744 -0.0254580043256 0.176133081317
    endloop
  endfacet
  facet normal -0.223126485944 -0.516961038113 0.826417505741
    outer loop
      vertex 0.0920762270689 -0.0243295542896 0.175636947155
      vertex 0.0924158096313 -0.0246531590819 0.176007688046
      vertex 0.0918578803539 -0.0246190465987 0.176193967462
    endloop
  endfacet
  facet normal -0.065913669765 -0.68641191721 0.724219620228
    outer loop
      vertex 0.0952624678612 -0.0228425227106 0.173092186451
      vertex 0.094553694129 -0.0228563845158 0.173174872994
      vertex 0.0947792083025 -0.0224661212415 0.17274145782
    endloop
  endfacet
  facet normal -0.0710345730186 -0.618970155716 0.782195627689
    outer loop
      vertex 0.0955786928535 -0.024135325104 0.174564912915
      vertex 0.0947018787265 -0.0241580083966 0.17469419539
      vertex 0.095021173358 -0.0237889364362 0.17419116199
    endloop
  endfacet
  facet normal -0.195278793573 -0.813505113125 0.547791600227
    outer loop
      vertex 0.092205286026 -0.0199581794441 0.171132162213
      vertex 0.0928850322962 -0.0200298652053 0.171017274261
      vertex 0.0924705788493 -0.0204557701945 0.171403557062
    endloop
  endfacet
  facet normal -0.069965235889 -0.612610578537 0.787282109261
    outer loop
      vertex 0.0955786928535 -0.024135325104 0.174564912915
      vertex 0.0953670293093 -0.0245404727757 0.175109744072
      vertex 0.0947018787265 -0.0241580083966 0.17469419539
    endloop
  endfacet
  facet normal -0.23538403213 -0.651361465454 0.721333920956
    outer loop
      vertex 0.0912782996893 -0.0222960561514 0.173357069492
      vertex 0.0919358804822 -0.022727586329 0.173597320914
      vertex 0.0911594107747 -0.0227546952665 0.173907935619
    endloop
  endfacet
  facet normal -0.239064484835 -0.95031529665 0.199371486902
    outer loop
      vertex 0.0938611626625 -0.0178945846856 0.169752448797
      vertex 0.0932389199734 -0.0175954513252 0.169846221805
      vertex 0.0936978459358 -0.0170473903418 0.169615790248
    endloop
  endfacet
  facet normal -0.333951324224 -0.545233428478 0.768893420696
    outer loop
      vertex 0.0900730341673 -0.0233813673258 0.175278261304
      vertex 0.0893407687545 -0.0229039005935 0.175053447485
      vertex 0.0899006277323 -0.0228410921991 0.17462195456
    endloop
  endfacet
  facet normal -0.485890179873 -0.759579956532 0.432376027107
    outer loop
      vertex 0.0888678953052 -0.0167231336236 0.170475438237
      vertex 0.0883498340845 -0.0164920985699 0.170675322413
      vertex 0.0888853520155 -0.0161365307868 0.170130357146
    endloop
  endfacet
  facet normal -0.348838329315 -0.47379091382 0.808600008488
    outer loop
      vertex 0.089888304472 -0.0236949883401 0.175908371806
      vertex 0.0902241617441 -0.0240016505122 0.176184460521
      vertex 0.0898245424032 -0.0240717921406 0.176598384976
    endloop
  endfacet
  facet normal -0.348578959703 -0.369825005531 0.861232936382
    outer loop
      vertex 0.0889674946666 -0.0237860567868 0.176961779594
      vertex 0.0887560993433 -0.023349750787 0.176144987345
      vertex 0.0893697887659 -0.0236330740154 0.176226347685
    endloop
  endfacet
  facet normal 0.0517764352262 -0.963040351868 0.264334082603
    outer loop
      vertex 0.094986602664 -0.0183802805841 0.169871240854
      vertex 0.09571172297 -0.017815027386 0.169755071402
      vertex 0.095593996346 -0.0186540447176 0.169979035854
    endloop
  endfacet
  facet normal -0.279013752937 -0.628496825695 0.726046204567
    outer loop
      vertex 0.0905937626958 -0.0223286487162 0.173666879535
      vertex 0.0911594107747 -0.0227546952665 0.173907935619
      vertex 0.0905532762408 -0.0228242538869 0.174257382751
    endloop
  endfacet
  facet normal -0.149818211794 -0.674524664879 0.722890734673
    outer loop
      vertex 0.0927908867598 -0.0228714793921 0.173512682319
      vertex 0.0932549759746 -0.0224544554949 0.172962665558
      vertex 0.0934376120567 -0.0229538790882 0.173457339406
    endloop
  endfacet
  facet normal 0.00394751317799 -0.663456618786 0.748204350471
    outer loop
      vertex 0.097101829946 -0.0234101712704 0.173667401075
      vertex 0.0970650240779 -0.0238304659724 0.174141168594
      vertex 0.0965253338218 -0.0236222967505 0.17390319705
    endloop
  endfacet
  facet normal -0.0586217157543 -0.61933529377 0.782935023308
    outer loop
      vertex 0.0974499806762 -0.0249377638102 0.175466671586
      vertex 0.0973575636744 -0.0254580043256 0.176133081317
      vertex 0.0969287529588 -0.0252943485975 0.175966784358
    endloop
  endfacet
  facet normal -0.0930563881993 -0.813563883305 0.573981165886
    outer loop
      vertex 0.0951102226973 -0.0202786698937 0.170848175883
      vertex 0.0944475159049 -0.0207403376698 0.171249687672
      vertex 0.094333216548 -0.0201502107084 0.170846417546
    endloop
  endfacet
  facet normal -0.212809130549 -0.844934046268 0.49071252346
    outer loop
      vertex 0.0888678953052 -0.0167231336236 0.170475438237
      vertex 0.0888853520155 -0.0161365307868 0.170130357146
      vertex 0.0895094871521 -0.0162335783243 0.170029520988
    endloop
  endfacet
  facet normal -0.0429152622819 -0.637062847614 0.769616246223
    outer loop
      vertex 0.0963156148791 -0.0240221843123 0.174378588796
      vertex 0.0955786928535 -0.024135325104 0.174564912915
      vertex 0.0957527980208 -0.0236090160906 0.173917368054
    endloop
  endfacet
  facet normal 0.0721543356776 -0.669872164726 0.738962173462
    outer loop
      vertex 0.0987084060907 -0.0234053917229 0.173773884773
      vertex 0.0984169393778 -0.0229881443083 0.173282206059
      vertex 0.0989893078804 -0.0229412801564 0.173292160034
    endloop
  endfacet
  facet normal -0.592723608017 -0.717064321041 0.36673900485
    outer loop
      vertex 0.0875760540366 -0.0181890279055 0.172275215387
      vertex 0.0869891196489 -0.0183300003409 0.172832474113
      vertex 0.0871253162622 -0.0175494980067 0.172320708632
    endloop
  endfacet
  facet normal -0.11086820811 -0.756707370281 0.644284248352
    outer loop
      vertex 0.0940460637212 -0.0217079780996 0.172106593847
      vertex 0.0934770777822 -0.0214549191296 0.171974495053
      vertex 0.0938384085894 -0.0210628062487 0.171587690711
    endloop
  endfacet
  facet normal -0.549399256706 -0.731692254543 0.403468579054
    outer loop
      vertex 0.0878961980343 -0.0188853126019 0.172412157059
      vertex 0.0875009223819 -0.0193295180798 0.172953888774
      vertex 0.0874093770981 -0.018692407757 0.172671318054
    endloop
  endfacet
  facet normal -0.611138045788 -0.693580150604 0.381388068199
    outer loop
      vertex 0.0875760540366 -0.0181890279055 0.172275215387
      vertex 0.0871253162622 -0.0175494980067 0.172320708632
      vertex 0.0878320485353 -0.0176722258329 0.171765461564
    endloop
  endfacet
  facet normal -0.0721825584769 -0.95906996727 0.273814737797
    outer loop
      vertex 0.0962624028325 -0.0186044350266 0.169929116964
      vertex 0.0964006707072 -0.0178766995668 0.169710949063
      vertex 0.0970812886953 -0.0184255577624 0.169816419482
    endloop
  endfacet
  facet normal -0.486573547125 -0.475070655346 0.733180761337
    outer loop
      vertex 0.0878001153469 -0.0219628550112 0.174965038896
      vertex 0.0882919430733 -0.0225304141641 0.175337225199
      vertex 0.08772996068 -0.0224415361881 0.175775647163
    endloop
  endfacet
  facet normal -0.323377370834 -0.64456486702 0.692793786526
    outer loop
      vertex 0.0899782329798 -0.0224032476544 0.17404332757
      vertex 0.0894723907113 -0.0220363214612 0.173902735114
      vertex 0.0900315493345 -0.0218831934035 0.173457622528
    endloop
  endfacet
  facet normal -0.0744729936123 -0.847669363022 0.525271773338
    outer loop
      vertex 0.0947479829192 -0.0196265112609 0.170475885272
      vertex 0.0953337177634 -0.0196571871638 0.170443430543
      vertex 0.0951102226973 -0.0202786698937 0.170848175883
    endloop
  endfacet
  facet normal -0.555687427521 -0.729415714741 0.398953795433
    outer loop
      vertex 0.0878961980343 -0.0188853126019 0.172412157059
      vertex 0.0875760540366 -0.0181890279055 0.172275215387
      vertex 0.0883391276002 -0.0183593556285 0.171787038445
    endloop
  endfacet
  facet normal -0.148537799716 -0.848461210728 0.507986366749
    outer loop
      vertex 0.0931765437126 -0.0194520018995 0.170607596636
      vertex 0.0940459147096 -0.0195120312274 0.170491337776
      vertex 0.0935865864158 -0.0200604833663 0.170900121331
    endloop
  endfacet
  facet normal 0.112988226116 -0.743886709213 0.658685207367
    outer loop
      vertex 0.0986897349358 -0.0199051313102 0.170495063066
      vertex 0.0987435951829 -0.0202532336116 0.170811474323
      vertex 0.0982422828674 -0.0197126492858 0.170256659389
    endloop
  endfacet
  facet normal -0.163925513625 -0.55060762167 0.818510651588
    outer loop
      vertex 0.093790076673 -0.0248269103467 0.175814032555
      vertex 0.0928885787725 -0.0245303064585 0.17564150691
      vertex 0.0935174748302 -0.0243688933551 0.175214320421
    endloop
  endfacet
  facet normal -0.197731569409 -0.548268556595 0.812590777874
    outer loop
      vertex 0.0920762270689 -0.0243295542896 0.175636947155
      vertex 0.0926509127021 -0.0240881890059 0.175071954727
      vertex 0.0928885787725 -0.0245303064585 0.17564150691
    endloop
  endfacet
  facet normal -0.536603450775 -0.740096032619 0.405357420444
    outer loop
      vertex 0.0871066153049 -0.0189721137285 0.173044025898
      vertex 0.0874093770981 -0.018692407757 0.172671318054
      vertex 0.0875009223819 -0.0193295180798 0.172953888774
    endloop
  endfacet
  facet normal -0.529547691345 -0.678134143353 0.509620726109
    outer loop
      vertex 0.0884103775024 -0.0176549442112 0.17130087316
      vertex 0.0878320485353 -0.0176722258329 0.171765461564
      vertex 0.0879230648279 -0.0172460712492 0.17137414217
    endloop
  endfacet
  facet normal -0.0856487080455 -0.742610096931 0.664224743843
    outer loop
      vertex 0.0940460637212 -0.0217079780996 0.172106593847
      vertex 0.0945465192199 -0.0213203988969 0.171702206135
      vertex 0.0948058366776 -0.0219308100641 0.17221827805
    endloop
  endfacet
  facet normal 0.10770175606 0.714264690876 -0.691539049149
    outer loop
      vertex 0.098942629993 -0.0204886719584 0.171009406447
      vertex 0.0991717129946 -0.0206565782428 0.171137437224
      vertex 0.0987435951829 -0.0202532336116 0.170811474323
    endloop
  endfacet
  facet normal -0.431435108185 -0.528929889202 0.730819344521
    outer loop
      vertex 0.0888384729624 -0.0225894786417 0.174973040819
      vertex 0.088799379766 -0.0229174047709 0.175458028913
      vertex 0.0882919430733 -0.0225304141641 0.175337225199
    endloop
  endfacet
  facet normal 0.0972694978118 -0.738250076771 0.667476952076
    outer loop
      vertex 0.0980960801244 -0.0202232189476 0.17069901526
      vertex 0.0982422828674 -0.0197126492858 0.170256659389
      vertex 0.0987435951829 -0.0202532336116 0.170811474323
    endloop
  endfacet
  facet normal -0.0487413778901 -0.659103870392 0.750470757484
    outer loop
      vertex 0.0957131832838 -0.023158531636 0.173407360911
      vertex 0.0957527980208 -0.0236090160906 0.173917368054
      vertex 0.0949405133724 -0.0233333259821 0.173663526773
    endloop
  endfacet
  facet normal 0.106630779803 -0.778939306736 0.617967188358
    outer loop
      vertex 0.0980960801244 -0.0202232189476 0.17069901526
      vertex 0.0987435951829 -0.0202532336116 0.170811474323
      vertex 0.0983633995056 -0.0206579044461 0.171080470085
    endloop
  endfacet
  facet normal -0.0861000493169 -0.624299347401 0.77642583847
    outer loop
      vertex 0.0942163541913 -0.0237036980689 0.174196138978
      vertex 0.095021173358 -0.0237889364362 0.17419116199
      vertex 0.0947018787265 -0.0241580083966 0.17469419539
    endloop
  endfacet
  facet normal -0.0784703493118 -0.848046422005 0.524079799652
    outer loop
      vertex 0.0960028544068 -0.0199554041028 0.170565798879
      vertex 0.0951102226973 -0.0202786698937 0.170848175883
      vertex 0.0953337177634 -0.0196571871638 0.170443430543
    endloop
  endfacet
  facet normal 0.0421273596585 -0.783206582069 0.6203327775
    outer loop
      vertex 0.0986533537507 -0.0211871229112 0.171529769897
      vertex 0.0991717129946 -0.0206565782428 0.171137437224
      vertex 0.0994590222836 -0.020921651274 0.171362832189
    endloop
  endfacet
  facet normal -0.450372904539 -0.756636202335 0.473989337683
    outer loop
      vertex 0.0884103775024 -0.0176549442112 0.17130087316
      vertex 0.0882704555988 -0.0170724242926 0.171019241214
      vertex 0.08902554214 -0.017428342253 0.170792758465
    endloop
  endfacet
  facet normal -0.263339161873 -0.606170475483 0.750473082066
    outer loop
      vertex 0.0905532762408 -0.0228242538869 0.174257382751
      vertex 0.0911594107747 -0.0227546952665 0.173907935619
      vertex 0.0911860689521 -0.0233294703066 0.17460796237
    endloop
  endfacet
  facet normal -0.148384541273 -0.735076963902 0.661546587944
    outer loop
      vertex 0.0929206758738 -0.0214607678354 0.172092080116
      vertex 0.0934770777822 -0.0214549191296 0.171974495053
      vertex 0.0934059023857 -0.0219025313854 0.172391697764
    endloop
  endfacet
  facet normal -0.123676210642 -0.922700583935 0.365140885115
    outer loop
      vertex 0.0963850542903 -0.0193585045636 0.17020393908
      vertex 0.096720546484 -0.0189222171903 0.169986322522
      vertex 0.0971753448248 -0.0192545838654 0.170056894422
    endloop
  endfacet
  facet normal -0.356017023325 -0.816359162331 0.454763203859
    outer loop
      vertex 0.08902554214 -0.017428342253 0.170792758465
      vertex 0.0894178524613 -0.0169298499823 0.170343965292
      vertex 0.0897222608328 -0.0174015481025 0.170473977923
    endloop
  endfacet
  facet normal -0.511368989944 -0.516206741333 0.68704611063
    outer loop
      vertex 0.08772996068 -0.0224415361881 0.175775647163
      vertex 0.0882919430733 -0.0225304141641 0.175337225199
      vertex 0.0881572663784 -0.0229126438498 0.175979360938
    endloop
  endfacet
  facet normal -0.200953453779 -0.779891610146 0.592778861523
    outer loop
      vertex 0.0919821932912 -0.0209077820182 0.171872958541
      vertex 0.0924705788493 -0.0204557701945 0.171403557062
      vertex 0.0926891639829 -0.0209544338286 0.171726256609
    endloop
  endfacet
  facet normal -0.319861978292 -0.685952484608 0.65357285738
    outer loop
      vertex 0.0903124064207 -0.0214915499091 0.172953501344
      vertex 0.0900315493345 -0.0218831934035 0.173457622528
      vertex 0.0898279771209 -0.0213528126478 0.173047199845
    endloop
  endfacet
  facet normal -0.468063980341 -0.741139531136 0.481277763844
    outer loop
      vertex 0.0880472660065 -0.0196293033659 0.172750353813
      vertex 0.0886125490069 -0.0192167647183 0.172125458717
      vertex 0.0886756330729 -0.0199804902077 0.172581553459
    endloop
  endfacet
  facet normal -0.153380662203 -0.913008570671 0.378007531166
    outer loop
      vertex 0.0907352864742 -0.0168675780296 0.170004442334
      vertex 0.0902810692787 -0.0172701440752 0.170247420669
      vertex 0.0900217220187 -0.016751293093 0.170076161623
    endloop
  endfacet
  facet normal -0.171127229929 -0.558596611023 0.811594307423
    outer loop
      vertex 0.0926509127021 -0.0240881890059 0.175071954727
      vertex 0.0935174748302 -0.0243688933551 0.175214320421
      vertex 0.0928885787725 -0.0245303064585 0.17564150691
    endloop
  endfacet
  facet normal 0.0459291189909 -0.720054864883 0.692395508289
    outer loop
      vertex 0.0984827131033 -0.0221570283175 0.17241063714
      vertex 0.0986617803574 -0.0216871276498 0.17197021842
      vertex 0.0992950350046 -0.021990917623 0.172302722931
    endloop
  endfacet
  facet normal -0.35764503479 -0.673646509647 0.646753787994
    outer loop
      vertex 0.0885932892561 -0.0210531577468 0.173432901502
      vertex 0.0887558981776 -0.0217643957585 0.174029424787
      vertex 0.0881747528911 -0.0212969984859 0.173889219761
    endloop
  endfacet
  facet normal -0.30246168375 -0.513398706913 0.803080737591
    outer loop
      vertex 0.0905355140567 -0.0238895863295 0.175779983401
      vertex 0.0909212455153 -0.0236750543118 0.175217151642
      vertex 0.0912967994809 -0.0241777896881 0.175782307982
    endloop
  endfacet
  facet normal -0.0438692122698 -0.918089449406 0.393938153982
    outer loop
      vertex 0.0944408476353 -0.0189347341657 0.170135229826
      vertex 0.094986602664 -0.0183802805841 0.169871240854
      vertex 0.0951472893357 -0.0190974548459 0.170171290636
    endloop
  endfacet
  facet normal -0.362204015255 -0.722415030003 0.589003205299
    outer loop
      vertex 0.0879394933581 -0.0207875855267 0.173591837287
      vertex 0.0881747528911 -0.0212969984859 0.173889219761
      vertex 0.087462477386 -0.0211325064301 0.174112215638
    endloop
  endfacet
  facet normal -0.363386273384 -0.740183949471 0.565754413605
    outer loop
      vertex 0.0895674452186 -0.0208834223449 0.172772407532
      vertex 0.0892801210284 -0.0203345306218 0.172493934631
      vertex 0.0898906961083 -0.0203984975815 0.172243073583
    endloop
  endfacet
  facet normal -0.479296892881 -0.782219111919 0.398004680872
    outer loop
      vertex 0.0883498340845 -0.0164920985699 0.170675322413
      vertex 0.0888678953052 -0.0167231336236 0.170475438237
      vertex 0.0882704555988 -0.0170724242926 0.171019241214
    endloop
  endfacet
  facet normal -0.0116464765742 -0.907197475433 0.420543849468
    outer loop
      vertex 0.094986602664 -0.0183802805841 0.169871240854
      vertex 0.0943182036281 -0.0183867774904 0.169882833958
      vertex 0.0945299118757 -0.0178966410458 0.16965290904
    endloop
  endfacet
  facet normal -0.414292871952 -0.503338456154 0.758295357227
    outer loop
      vertex 0.0887560993433 -0.023349750787 0.176144987345
      vertex 0.0881572663784 -0.0229126438498 0.175979360938
      vertex 0.088799379766 -0.0229174047709 0.175458028913
    endloop
  endfacet
  facet normal -0.157251045108 -0.94843685627 0.275208443403
    outer loop
      vertex 0.0914110392332 -0.017762735486 0.170240700245
      vertex 0.0920550003648 -0.0171466618776 0.169955164194
      vertex 0.0920442715287 -0.0179723277688 0.170196518302
    endloop
  endfacet
  facet normal -0.0898434817791 -0.876136720181 0.473616540432
    outer loop
      vertex 0.0963850542903 -0.0193585045636 0.17020393908
      vertex 0.0960028544068 -0.0199554041028 0.170565798879
      vertex 0.095759190619 -0.0192360710353 0.170201942325
    endloop
  endfacet
  facet normal -0.258930146694 -0.866496026516 0.426778435707
    outer loop
      vertex 0.0902787744999 -0.0183933414519 0.170808270574
      vertex 0.0908350497484 -0.0181098356843 0.170502409339
      vertex 0.090913400054 -0.0186321213841 0.17073623836
    endloop
  endfacet
  facet normal -0.187467560172 -0.665657937527 0.722326397896
    outer loop
      vertex 0.0919358804822 -0.022727586329 0.173597320914
      vertex 0.0925087109208 -0.0223807729781 0.173059657216
      vertex 0.0927908867598 -0.0228714793921 0.173512682319
    endloop
  endfacet
  facet normal -0.229682847857 -0.638279855251 0.734741210938
    outer loop
      vertex 0.0917377024889 -0.0231386199594 0.174141794443
      vertex 0.0911594107747 -0.0227546952665 0.173907935619
      vertex 0.0919358804822 -0.022727586329 0.173597320914
    endloop
  endfacet
  facet normal -0.0745785310864 -0.745680034161 0.662117302418
    outer loop
      vertex 0.0945465192199 -0.0213203988969 0.171702206135
      vertex 0.095350459218 -0.0214065052569 0.171698257327
      vertex 0.0948058366776 -0.0219308100641 0.17221827805
    endloop
  endfacet
  facet normal -0.0364392399788 -0.929741919041 0.366404354572
    outer loop
      vertex 0.095593996346 -0.0186540447176 0.169979035854
      vertex 0.095759190619 -0.0192360710353 0.170201942325
      vertex 0.0951472893357 -0.0190974548459 0.170171290636
    endloop
  endfacet
  facet normal -0.319478482008 -0.47336563468 0.82088881731
    outer loop
      vertex 0.0907346531749 -0.0243575982749 0.176457181573
      vertex 0.0902241617441 -0.0240016505122 0.176184460521
      vertex 0.0905355140567 -0.0238895863295 0.175779983401
    endloop
  endfacet
  facet normal -0.273032546043 -0.826716184616 0.491928458214
    outer loop
      vertex 0.0911930203438 -0.0191655643284 0.170941784978
      vertex 0.0908141583204 -0.0196893140674 0.171378552914
      vertex 0.0904216244817 -0.0191461145878 0.171184971929
    endloop
  endfacet
  facet normal -0.398371696472 -0.57676666975 0.713190197945
    outer loop
      vertex 0.0892493799329 -0.0224071778357 0.174463808537
      vertex 0.0888384729624 -0.0225894786417 0.174973040819
      vertex 0.0884710773826 -0.0221969746053 0.174741461873
    endloop
  endfacet
  facet normal 0.00681630615145 -0.660443365574 0.75084489584
    outer loop
      vertex 0.0980991572142 -0.0246615372598 0.175134062767
      vertex 0.0984832048416 -0.0244034305215 0.174844577909
      vertex 0.0987495183945 -0.0247700661421 0.175264149904
    endloop
  endfacet
  facet normal -0.0390721075237 -0.760504066944 0.648156583309
    outer loop
      vertex 0.0959380045533 -0.0209876559675 0.171311095357
      vertex 0.0960852876306 -0.0215050168335 0.171744465828
      vertex 0.095350459218 -0.0214065052569 0.171698257327
    endloop
  endfacet
  facet normal -0.256363272667 -0.532222270966 0.806856453419
    outer loop
      vertex 0.0920762270689 -0.0243295542896 0.175636947155
      vertex 0.0912967994809 -0.0241777896881 0.175782307982
      vertex 0.0917315110564 -0.0238938480616 0.175142452121
    endloop
  endfacet
  facet normal -0.164968907833 -0.783742845058 0.598775744438
    outer loop
      vertex 0.0932460278273 -0.0210732519627 0.171699807048
      vertex 0.0926891639829 -0.0209544338286 0.171726256609
      vertex 0.0932398661971 -0.0205734446645 0.171319261193
    endloop
  endfacet
  facet normal -0.0423016138375 -0.745470285416 0.665195167065
    outer loop
      vertex 0.0960852876306 -0.0215050168335 0.171744465828
      vertex 0.0955294296145 -0.0218637809157 0.172096133232
      vertex 0.095350459218 -0.0214065052569 0.171698257327
    endloop
  endfacet
  facet normal -0.196606129408 -0.494102478027 0.84688180685
    outer loop
      vertex 0.0930374115705 -0.0249047726393 0.176191613078
      vertex 0.0923128947616 -0.0250250324607 0.176686033607
      vertex 0.0924158096313 -0.0246531590819 0.176007688046
    endloop
  endfacet
  facet normal -0.103344239295 -0.811775922775 0.574751973152
    outer loop
      vertex 0.0944475159049 -0.0207403376698 0.171249687672
      vertex 0.093891762197 -0.0205443911254 0.171181708574
      vertex 0.094333216548 -0.0201502107084 0.170846417546
    endloop
  endfacet
  facet normal -0.267272651196 -0.762526094913 0.589168310165
    outer loop
      vertex 0.091310068965 -0.0210874676704 0.172225371003
      vertex 0.0906904488802 -0.020454261452 0.171953305602
      vertex 0.0912500470877 -0.0203666202724 0.171689450741
    endloop
  endfacet
  facet normal -0.150576353073 -0.647763133049 0.746812999249
    outer loop
      vertex 0.0927908867598 -0.0228714793921 0.173512682319
      vertex 0.0934376120567 -0.0229538790882 0.173457339406
      vertex 0.0933689698577 -0.0233919806778 0.173978388309
    endloop
  endfacet
  facet normal -0.0388312041759 -0.626349687576 0.778574466705
    outer loop
      vertex 0.0955786928535 -0.024135325104 0.174564912915
      vertex 0.0963156148791 -0.0240221843123 0.174378588796
      vertex 0.0962658748031 -0.0245596468449 0.175049751997
    endloop
  endfacet
  facet normal -0.11925855279 -0.632029414177 0.765712857246
    outer loop
      vertex 0.0942163541913 -0.0237036980689 0.174196138978
      vertex 0.0935643836856 -0.0237837173045 0.17441610992
      vertex 0.0933689698577 -0.0233919806778 0.173978388309
    endloop
  endfacet
  facet normal -0.12462400645 -0.706427574158 0.696727335453
    outer loop
      vertex 0.0941184982657 -0.0223357602954 0.172693267465
      vertex 0.0932549759746 -0.0224544554949 0.172962665558
      vertex 0.0934059023857 -0.0219025313854 0.172391697764
    endloop
  endfacet
  facet normal -0.180787011981 -0.877151370049 0.44488376379
    outer loop
      vertex 0.0929347872734 -0.0187320224941 0.170292258263
      vertex 0.0937378108501 -0.0187822915614 0.170152246952
      vertex 0.0931765437126 -0.0194520018995 0.170607596636
    endloop
  endfacet
  facet normal -0.0572068281472 -0.719014585018 0.692636549473
    outer loop
      vertex 0.0948058366776 -0.0219308100641 0.17221827805
      vertex 0.0955294296145 -0.0218637809157 0.172096133232
      vertex 0.0953756123781 -0.0223721042275 0.172598049045
    endloop
  endfacet
  facet normal -0.104087285697 -0.612965226173 0.783223748207
    outer loop
      vertex 0.0939088761806 -0.0240975245833 0.174751579762
      vertex 0.0942163541913 -0.0237036980689 0.174196138978
      vertex 0.0947018787265 -0.0241580083966 0.17469419539
    endloop
  endfacet
  facet normal -0.112165495753 -0.719523072243 0.685350596905
    outer loop
      vertex 0.0934059023857 -0.0219025313854 0.172391697764
      vertex 0.0940460637212 -0.0217079780996 0.172106593847
      vertex 0.0941184982657 -0.0223357602954 0.172693267465
    endloop
  endfacet
  facet normal -0.244677454233 -0.768250882626 0.591543316841
    outer loop
      vertex 0.0912500470877 -0.0203666202724 0.171689450741
      vertex 0.0919821932912 -0.0209077820182 0.171872958541
      vertex 0.091310068965 -0.0210874676704 0.172225371003
    endloop
  endfacet
  facet normal -0.139152362943 -0.786543011665 0.601653277874
    outer loop
      vertex 0.0932398661971 -0.0205734446645 0.171319261193
      vertex 0.093891762197 -0.0205443911254 0.171181708574
      vertex 0.0938384085894 -0.0210628062487 0.171587690711
    endloop
  endfacet
  facet normal -0.221783488989 -0.714483916759 0.663569748402
    outer loop
      vertex 0.0921573713422 -0.0219117701054 0.172690972686
      vertex 0.091393455863 -0.0217622891068 0.172789275646
      vertex 0.0918178111315 -0.0214767046273 0.172392308712
    endloop
  endfacet
  facet normal -0.249163478613 -0.799137949944 0.547079622746
    outer loop
      vertex 0.0914465710521 -0.0198734663427 0.171290561557
      vertex 0.0918408185244 -0.0203222446144 0.17147487402
      vertex 0.0912500470877 -0.0203666202724 0.171689450741
    endloop
  endfacet
  facet normal -0.347638130188 -0.609256029129 0.712709486485
    outer loop
      vertex 0.0899782329798 -0.0224032476544 0.17404332757
      vertex 0.0892493799329 -0.0224071778357 0.174463808537
      vertex 0.0894723907113 -0.0220363214612 0.173902735114
    endloop
  endfacet
  facet normal -0.16903103888 -0.511494576931 0.842497348785
    outer loop
      vertex 0.0942638143897 -0.0253046508878 0.176415428519
      vertex 0.0949896275997 -0.025632802397 0.176716074347
      vertex 0.0946582481265 -0.0257840566337 0.177074730396
    endloop
  endfacet
  facet normal -0.0824351832271 -0.661922395229 0.745025634766
    outer loop
      vertex 0.0949405133724 -0.0233333259821 0.173663526773
      vertex 0.0941028520465 -0.0232198946178 0.173640176654
      vertex 0.094553694129 -0.0228563845158 0.173174872994
    endloop
  endfacet
  facet normal -0.0707949846983 -0.570993006229 0.817896723747
    outer loop
      vertex 0.0955386385322 -0.0252527780831 0.176088854671
      vertex 0.0952160134912 -0.0248517468572 0.175554409623
      vertex 0.0958206504583 -0.0248621478677 0.175494343042
    endloop
  endfacet
  facet normal -0.065032735467 -0.555024981499 0.829287648201
    outer loop
      vertex 0.0962701663375 -0.0254722461104 0.176331058145
      vertex 0.0957451909781 -0.0257175564766 0.176759094
      vertex 0.0955386385322 -0.0252527780831 0.176088854671
    endloop
  endfacet
  facet normal -0.092852294445 -0.691017389297 0.716849625111
    outer loop
      vertex 0.094553694129 -0.0228563845158 0.173174872994
      vertex 0.0939124152064 -0.0227754861116 0.17317712307
      vertex 0.0941184982657 -0.0223357602954 0.172693267465
    endloop
  endfacet
  facet normal -0.263699263334 -0.560128688812 0.785314321518
    outer loop
      vertex 0.0917315110564 -0.0238938480616 0.175142452121
      vertex 0.0909212455153 -0.0236750543118 0.175217151642
      vertex 0.0911860689521 -0.0233294703066 0.17460796237
    endloop
  endfacet
  facet normal -0.270066142082 -0.669515252113 0.691963553429
    outer loop
      vertex 0.0912782996893 -0.0222960561514 0.173357069492
      vertex 0.0905937626958 -0.0223286487162 0.173666879535
      vertex 0.090738274157 -0.0218696705997 0.173134222627
    endloop
  endfacet
  facet normal 0.0233778674155 -0.656219422817 0.754207909107
    outer loop
      vertex 0.0981523394585 -0.0241071879864 0.174492314458
      vertex 0.0984832048416 -0.0244034305215 0.174844577909
      vertex 0.0976671352983 -0.0244464017451 0.174864903092
    endloop
  endfacet
  facet normal 0.0537772104144 -0.69504493475 0.716952264309
    outer loop
      vertex 0.0984827131033 -0.0221570283175 0.17241063714
      vertex 0.09916523844 -0.0224795825779 0.172796174884
      vertex 0.0986219272017 -0.0226084664464 0.172887071967
    endloop
  endfacet
  facet normal 0.0720690637827 -0.671380639076 0.737600207329
    outer loop
      vertex 0.0989893078804 -0.0229412801564 0.173292160034
      vertex 0.0984169393778 -0.0229881443083 0.173282206059
      vertex 0.0986219272017 -0.0226084664464 0.172887071967
    endloop
  endfacet
  facet normal -0.00946203991771 -0.646133184433 0.763166069984
    outer loop
      vertex 0.0963156148791 -0.0240221843123 0.174378588796
      vertex 0.0965253338218 -0.0236222967505 0.17390319705
      vertex 0.0970650240779 -0.0238304659724 0.174141168594
    endloop
  endfacet
  facet normal -0.358720183372 -0.422747522593 0.832228541374
    outer loop
      vertex 0.0915074795485 -0.0248518399894 0.176774382591
      vertex 0.0904503986239 -0.024572070688 0.177120611072
      vertex 0.0907346531749 -0.0243575982749 0.176457181573
    endloop
  endfacet
  facet normal -0.230121225119 -0.834637761116 0.500423848629
    outer loop
      vertex 0.0919240564108 -0.0192943960428 0.170811727643
      vertex 0.092205286026 -0.0199581794441 0.171132162213
      vertex 0.0914465710521 -0.0198734663427 0.171290561557
    endloop
  endfacet
  facet normal -0.255985081196 -0.872609734535 0.415961414576
    outer loop
      vertex 0.0897222608328 -0.0174015481025 0.170473977923
      vertex 0.0900217220187 -0.016751293093 0.170076161623
      vertex 0.0902810692787 -0.0172701440752 0.170247420669
    endloop
  endfacet
  facet normal -0.164153173566 -0.915483534336 0.367346793413
    outer loop
      vertex 0.0907352864742 -0.0168675780296 0.170004442334
      vertex 0.090754725039 -0.0175303369761 0.170266896486
      vertex 0.0902810692787 -0.0172701440752 0.170247420669
    endloop
  endfacet
  facet normal -0.231933802366 -0.867205500603 0.440637409687
    outer loop
      vertex 0.0919240564108 -0.0192943960428 0.170811727643
      vertex 0.0911930203438 -0.0191655643284 0.170941784978
      vertex 0.0915203988552 -0.0185196138918 0.170525997877
    endloop
  endfacet
  facet normal -0.432361215353 -0.546390473843 0.717301368713
    outer loop
      vertex 0.0880421623588 -0.0216906070709 0.174416095018
      vertex 0.0884710773826 -0.0221969746053 0.174741461873
      vertex 0.0878001153469 -0.0219628550112 0.174965038896
    endloop
  endfacet
  facet normal -0.0116375889629 -0.704658031464 0.709451675415
    outer loop
      vertex 0.096746891737 -0.0221971273422 0.172384336591
      vertex 0.0962014272809 -0.0227025114 0.172902166843
      vertex 0.0960751473904 -0.0220920555294 0.172289639711
    endloop
  endfacet
  facet normal 0.010585328564 -0.769185066223 0.638938426971
    outer loop
      vertex 0.0974268764257 -0.0205673985183 0.170948505402
      vertex 0.0974223762751 -0.0211802087724 0.171457484365
      vertex 0.0967684388161 -0.0211282484233 0.1714053303
    endloop
  endfacet
  facet normal -0.440121084452 -0.759633362293 0.478801250458
    outer loop
      vertex 0.0886125490069 -0.0192167647183 0.172125458717
      vertex 0.0893010646105 -0.0193435326219 0.171806439757
      vertex 0.0890463367105 -0.0197433233261 0.172206014395
    endloop
  endfacet
  facet normal -0.399362117052 -0.752139747143 0.524209618568
    outer loop
      vertex 0.0895472988486 -0.0198982208967 0.172047972679
      vertex 0.0892801210284 -0.0203345306218 0.172493934631
      vertex 0.0890463367105 -0.0197433233261 0.172206014395
    endloop
  endfacet
  facet normal -0.0227236542851 -0.763200938702 0.645761549473
    outer loop
      vertex 0.0960852876306 -0.0215050168335 0.171744465828
      vertex 0.0959380045533 -0.0209876559675 0.171311095357
      vertex 0.0967684388161 -0.0211282484233 0.1714053303
    endloop
  endfacet
  facet normal -0.42119795084 -0.715462684631 0.557409584522
    outer loop
      vertex 0.0882886350155 -0.0204139314592 0.17311424017
      vertex 0.0889521986246 -0.0207048840821 0.172950267792
      vertex 0.0885932892561 -0.0210531577468 0.173432901502
    endloop
  endfacet
  facet normal -0.201609417796 -0.500264883041 0.842074036598
    outer loop
      vertex 0.0930374115705 -0.0249047726393 0.176191613078
      vertex 0.0933473035693 -0.0253525748849 0.176820486784
      vertex 0.0923128947616 -0.0250250324607 0.176686033607
    endloop
  endfacet
  facet normal -0.0717931240797 -0.872641503811 0.483055472374
    outer loop
      vertex 0.0963850542903 -0.0193585045636 0.17020393908
      vertex 0.0968269333243 -0.0199196375906 0.170478209853
      vertex 0.0960028544068 -0.0199554041028 0.170565798879
    endloop
  endfacet
  facet normal -0.0623364821076 -0.560198247433 0.826009750366
    outer loop
      vertex 0.0963609740138 -0.025038395077 0.175681248307
      vertex 0.0962701663375 -0.0254722461104 0.176331058145
      vertex 0.0955386385322 -0.0252527780831 0.176088854671
    endloop
  endfacet
  facet normal -0.0303472895175 -0.68574732542 0.727206766605
    outer loop
      vertex 0.0962014272809 -0.0227025114 0.172902166843
      vertex 0.0957131832838 -0.023158531636 0.173407360911
      vertex 0.0952624678612 -0.0228425227106 0.173092186451
    endloop
  endfacet
  facet normal -0.0785834118724 -0.806077122688 0.586569964886
    outer loop
      vertex 0.0951314792037 -0.0208893120289 0.171290457249
      vertex 0.0951102226973 -0.0202786698937 0.170848175883
      vertex 0.0957136899233 -0.0205537751317 0.170989528298
    endloop
  endfacet
  facet normal 0.0500888675451 -0.678372144699 0.73300909996
    outer loop
      vertex 0.0980821549892 -0.0226516611874 0.172893896699
      vertex 0.0986219272017 -0.0226084664464 0.172887071967
      vertex 0.0984169393778 -0.0229881443083 0.173282206059
    endloop
  endfacet
  facet normal 0.0555906295776 -0.66499042511 0.744780123234
    outer loop
      vertex 0.0987084060907 -0.0234053917229 0.173773884773
      vertex 0.0978272557259 -0.0231486111879 0.173412621021
      vertex 0.0984169393778 -0.0229881443083 0.173282206059
    endloop
  endfacet
  facet normal -0.00879821088165 -0.627911567688 0.778234958649
    outer loop
      vertex 0.0969624891877 -0.0242891311646 0.174679845572
      vertex 0.0976671352983 -0.0244464017451 0.174864903092
      vertex 0.0969211161137 -0.0247624889016 0.175267115235
    endloop
  endfacet
  facet normal -0.198316738009 -0.758150160313 0.621191442013
    outer loop
      vertex 0.0919821932912 -0.0209077820182 0.171872958541
      vertex 0.0926891639829 -0.0209544338286 0.171726256609
      vertex 0.0923535823822 -0.0214661844075 0.172233328223
    endloop
  endfacet
  facet normal -0.23608468473 -0.835487902164 0.496209621429
    outer loop
      vertex 0.0911930203438 -0.0191655643284 0.170941784978
      vertex 0.0919240564108 -0.0192943960428 0.170811727643
      vertex 0.0914465710521 -0.0198734663427 0.171290561557
    endloop
  endfacet
  facet normal -0.135017901659 -0.583721995354 0.800648987293
    outer loop
      vertex 0.0939088761806 -0.0240975245833 0.174751579762
      vertex 0.0935174748302 -0.0243688933551 0.175214320421
      vertex 0.0933045446873 -0.024031650275 0.174801006913
    endloop
  endfacet
  facet normal -0.0893190130591 -0.591360211372 0.80144572258
    outer loop
      vertex 0.0944427028298 -0.0245550572872 0.175269126892
      vertex 0.0953670293093 -0.0245404727757 0.175109744072
      vertex 0.0952160134912 -0.0248517468572 0.175554409623
    endloop
  endfacet
  facet normal 0.0223648324609 -0.669376790524 0.742586374283
    outer loop
      vertex 0.0978834927082 -0.0236650258303 0.173984974623
      vertex 0.0975584089756 -0.0240524224937 0.174403876066
      vertex 0.0970650240779 -0.0238304659724 0.174141168594
    endloop
  endfacet
  facet normal 0.0356734767556 -0.698353946209 0.7148630023
    outer loop
      vertex 0.097508482635 -0.0227290391922 0.172943800688
      vertex 0.0975865349174 -0.0222320370376 0.172439038754
      vertex 0.0980821549892 -0.0226516611874 0.172893896699
    endloop
  endfacet
  facet normal -0.515186786652 -0.73600769043 0.439175665379
    outer loop
      vertex 0.0878961980343 -0.0188853126019 0.172412157059
      vertex 0.0880472660065 -0.0196293033659 0.172750353813
      vertex 0.0875009223819 -0.0193295180798 0.172953888774
    endloop
  endfacet
  facet normal -0.268053740263 -0.798494040966 0.539031028748
    outer loop
      vertex 0.0908141583204 -0.0196893140674 0.171378552914
      vertex 0.0914465710521 -0.0198734663427 0.171290561557
      vertex 0.0912500470877 -0.0203666202724 0.171689450741
    endloop
  endfacet
  facet normal -0.381323009729 -0.773579597473 0.506129741669
    outer loop
      vertex 0.0895472988486 -0.0198982208967 0.172047972679
      vertex 0.0893010646105 -0.0193435326219 0.171806439757
      vertex 0.0898375883698 -0.0194527320564 0.171613410115
    endloop
  endfacet
  facet normal -0.431740343571 -0.53589195013 0.725548088551
    outer loop
      vertex 0.0882919430733 -0.0225304141641 0.175337225199
      vertex 0.0878001153469 -0.0219628550112 0.174965038896
      vertex 0.0884710773826 -0.0221969746053 0.174741461873
    endloop
  endfacet
  facet normal -0.469781309366 -0.730834960938 0.495162367821
    outer loop
      vertex 0.0879394933581 -0.0207875855267 0.173591837287
      vertex 0.0876557528973 -0.0201243124902 0.173324838281
      vertex 0.0882886350155 -0.0204139314592 0.17311424017
    endloop
  endfacet
  facet normal 0.0285086110234 -0.723724842072 0.689499557018
    outer loop
      vertex 0.0979399308562 -0.0216251090169 0.171874731779
      vertex 0.0975865349174 -0.0222320370376 0.172439038754
      vertex 0.0971846506 -0.0216950401664 0.171911597252
    endloop
  endfacet
  facet normal 0.00636347942054 -0.748102724552 0.66355240345
    outer loop
      vertex 0.096595197916 -0.0217217691243 0.171930298209
      vertex 0.0967684388161 -0.0211282484233 0.1714053303
      vertex 0.0971846506 -0.0216950401664 0.171911597252
    endloop
  endfacet
  facet normal -0.0882280319929 -0.563230156898 0.821576297283
    outer loop
      vertex 0.0955386385322 -0.0252527780831 0.176088854671
      vertex 0.0946902781725 -0.0250103287399 0.175868093967
      vertex 0.0952160134912 -0.0248517468572 0.175554409623
    endloop
  endfacet
  facet normal -0.23203599453 -0.387877941132 0.892025768757
    outer loop
      vertex 0.0929785296321 -0.0254055187106 0.177162855864
      vertex 0.0923128947616 -0.0250250324607 0.176686033607
      vertex 0.0933473035693 -0.0253525748849 0.176820486784
    endloop
  endfacet
  facet normal -0.0854415819049 -0.569934844971 0.817235589027
    outer loop
      vertex 0.0955386385322 -0.0252527780831 0.176088854671
      vertex 0.0949896275997 -0.025632802397 0.176716074347
      vertex 0.0948573797941 -0.0253068730235 0.176268547773
    endloop
  endfacet
  facet normal -0.0112625686452 -0.649490833282 0.760286033154
    outer loop
      vertex 0.0970650240779 -0.0238304659724 0.174141168594
      vertex 0.0969624891877 -0.0242891311646 0.174679845572
      vertex 0.0963156148791 -0.0240221843123 0.174378588796
    endloop
  endfacet
  facet normal 0.0375786870718 -0.699397683144 0.713744163513
    outer loop
      vertex 0.0984827131033 -0.0221570283175 0.17241063714
      vertex 0.0980821549892 -0.0226516611874 0.172893896699
      vertex 0.0975865349174 -0.0222320370376 0.172439038754
    endloop
  endfacet
  facet normal 0.0265903826803 -0.699268043041 0.714364886284
    outer loop
      vertex 0.097508482635 -0.0227290391922 0.172943800688
      vertex 0.0970164090395 -0.02256539464 0.172757908702
      vertex 0.0975865349174 -0.0222320370376 0.172439038754
    endloop
  endfacet
endsolid "metatarsal_index_l"
