solid "toes_ring_r3"
  facet normal 0.441845536232 0.193717911839 0.875925719738
    outer loop
      vertex 0.00530713843182 0.00693997787312 -0.0066331224516
      vertex 0.005836723838 0.00713506247848 -0.00695893354714
      vertex 0.00560384942219 0.00712037039921 -0.0064942073077
    endloop
  endfacet
  facet normal 0.384477227926 0.3085924685 0.870027542114
    outer loop
      vertex 0.00560384942219 0.00712037039921 -0.0064942073077
      vertex 0.0053485087119 0.00708975456655 -0.00626239366829
      vertex 0.00530713843182 0.00693997787312 -0.0066331224516
    endloop
  endfacet
  facet normal 0.205412402749 0.346810698509 0.915165603161
    outer loop
      vertex 0.00530713843182 0.00693997787312 -0.0066331224516
      vertex 0.0053485087119 0.00708975456655 -0.00626239366829
      vertex 0.00498297857121 0.00694503309205 -0.00642778584734
    endloop
  endfacet
  facet normal 0.0779534503818 0.147338405252 0.986009478569
    outer loop
      vertex 0.00530713843182 0.00693997787312 -0.0066331224516
      vertex 0.00498297857121 0.00694503309205 -0.00642778584734
      vertex 0.00477433996275 0.0068092783913 -0.00722588878125
    endloop
  endfacet
  facet normal 0.212504386902 0.024381166324 0.976855874062
    outer loop
      vertex 0.00530713843182 0.00693997787312 -0.0066331224516
      vertex 0.00477433996275 0.0068092783913 -0.00722588878125
      vertex 0.00553479790688 0.00696254847571 -0.00771306687966
    endloop
  endfacet
  facet normal 0.377470850945 0.0602605864406 0.924058675766
    outer loop
      vertex 0.00553479790688 0.00696254847571 -0.00771306687966
      vertex 0.005836723838 0.00713506247848 -0.00695893354714
      vertex 0.00530713843182 0.00693997787312 -0.0066331224516
    endloop
  endfacet
  facet normal 0.359445631504 0.0689766183496 0.930613279343
    outer loop
      vertex 0.00553479790688 0.00696254847571 -0.00771306687966
      vertex 0.00617047259584 0.00722570624202 -0.00747519498691
      vertex 0.005836723838 0.00713506247848 -0.00695893354714
    endloop
  endfacet
  facet normal -0.747298955917 -0.388450533152 -0.539120078087
    outer loop
      vertex 0.005836723838 0.00713506247848 -0.00695893354714
      vertex 0.00617047259584 0.00722570624202 -0.00747519498691
      vertex 0.0058432049118 0.00672028493136 -0.00754706049338
    endloop
  endfacet
  facet normal -0.728114068508 -0.400395572186 -0.556357145309
    outer loop
      vertex 0.00555982533842 0.0068380786106 -0.00686806067824
      vertex 0.005836723838 0.00713506247848 -0.00695893354714
      vertex 0.0058432049118 0.00672028493136 -0.00754706049338
    endloop
  endfacet
  facet normal -0.816052496433 -0.411065250635 -0.406304955482
    outer loop
      vertex 0.0058432049118 0.00672028493136 -0.00754706049338
      vertex 0.00556884752586 0.00645201466978 -0.00726756593212
      vertex 0.00555982533842 0.0068380786106 -0.00686806067824
    endloop
  endfacet
  facet normal -0.808096587658 -0.418670445681 -0.414360880852
    outer loop
      vertex 0.0053496514447 0.00644413707778 -0.0068522808142
      vertex 0.00555982533842 0.0068380786106 -0.00686806067824
      vertex 0.00556884752586 0.00645201466978 -0.00726756593212
    endloop
  endfacet
  facet normal -0.815805017948 -0.423120617867 -0.394247561693
    outer loop
      vertex 0.0053496514447 0.00644413707778 -0.0068522808142
      vertex 0.00556884752586 0.00645201466978 -0.00726756593212
      vertex 0.0052942102775 0.00618371600285 -0.0069880373776
    endloop
  endfacet
  facet normal -0.849010407925 -0.372371286154 -0.374861299992
    outer loop
      vertex 0.0052942102775 0.00618371600285 -0.0069880373776
      vertex 0.00513151986524 0.00614810036495 -0.00665295496583
      vertex 0.0053496514447 0.00644413707778 -0.0068522808142
    endloop
  endfacet
  facet normal -0.838272511959 -0.440874904394 -0.320824682713
    outer loop
      vertex 0.00513151986524 0.00614810036495 -0.00665295496583
      vertex 0.00512132747099 0.00648721074685 -0.00638680439442
      vertex 0.0053496514447 0.00644413707778 -0.0068522808142
    endloop
  endfacet
  facet normal -0.806520879269 -0.432873904705 -0.402671456337
    outer loop
      vertex 0.0053496514447 0.00644413707778 -0.0068522808142
      vertex 0.00512132747099 0.00648721074685 -0.00638680439442
      vertex 0.00534105207771 0.00669218273833 -0.00660551944748
    endloop
  endfacet
  facet normal -0.799848198891 -0.439143717289 -0.409140139818
    outer loop
      vertex 0.00534105207771 0.00669218273833 -0.00660551944748
      vertex 0.00555982533842 0.0068380786106 -0.00686806067824
      vertex 0.0053496514447 0.00644413707778 -0.0068522808142
    endloop
  endfacet
  facet normal -0.783682823181 -0.379963904619 -0.491394668818
    outer loop
      vertex 0.00534105207771 0.00669218273833 -0.00660551944748
      vertex 0.00544462446123 0.00697101047263 -0.00645854044706
      vertex 0.00555982533842 0.0068380786106 -0.00686806067824
    endloop
  endfacet
  facet normal -0.674454689026 -0.392680794001 -0.625230073929
    outer loop
      vertex 0.00544462446123 0.00697101047263 -0.00645854044706
      vertex 0.00560384942219 0.00712037039921 -0.0064942073077
      vertex 0.00555982533842 0.0068380786106 -0.00686806067824
    endloop
  endfacet
  facet normal -0.736087203026 -0.350548297167 -0.579043626785
    outer loop
      vertex 0.00555982533842 0.0068380786106 -0.00686806067824
      vertex 0.00560384942219 0.00712037039921 -0.0064942073077
      vertex 0.005836723838 0.00713506247848 -0.00695893354714
    endloop
  endfacet
  facet normal -0.6861358881 -0.312935739756 -0.656725764275
    outer loop
      vertex 0.00560384942219 0.00712037039921 -0.0064942073077
      vertex 0.00544462446123 0.00697101047263 -0.00645854044706
      vertex 0.00556490430608 0.00718442117795 -0.00627440074459
    endloop
  endfacet
  facet normal 0.394496500492 0.320810735226 0.861076653004
    outer loop
      vertex 0.00556490430608 0.00718442117795 -0.00627440074459
      vertex 0.0053485087119 0.00708975456655 -0.00626239366829
      vertex 0.00560384942219 0.00712037039921 -0.0064942073077
    endloop
  endfacet
  facet normal 0.399912208319 -0.0176362656057 0.916383743286
    outer loop
      vertex 0.00544412294403 0.00712891714647 -0.00612917542458
      vertex 0.0053485087119 0.00708975456655 -0.00626239366829
      vertex 0.00556490430608 0.00718442117795 -0.00627440074459
    endloop
  endfacet
  facet normal -0.678959786892 -0.310391515493 -0.665335059166
    outer loop
      vertex 0.00544412294403 0.00712891714647 -0.00612917542458
      vertex 0.00556490430608 0.00718442117795 -0.00627440074459
      vertex 0.00541504658759 0.00703612249345 -0.00626448122784
    endloop
  endfacet
  facet normal -0.677416682243 -0.311459064484 -0.66640818119
    outer loop
      vertex 0.00541504658759 0.00703612249345 -0.00626448122784
      vertex 0.00532417744398 0.0069945869036 -0.006155713927
      vertex 0.00544412294403 0.00712891714647 -0.00612917542458
    endloop
  endfacet
  facet normal -0.677413403988 -0.31146851182 -0.666407108307
    outer loop
      vertex 0.00544412294403 0.00712891714647 -0.00612917542458
      vertex 0.00532417744398 0.0069945869036 -0.006155713927
      vertex 0.00532303797081 0.00707369251177 -0.00598398363218
    endloop
  endfacet
  facet normal 0.399944901466 -0.015023807995 0.916416049004
    outer loop
      vertex 0.00522772734985 0.00703428033739 -0.00611716788262
      vertex 0.00544412294403 0.00712891714647 -0.00612917542458
      vertex 0.00532303797081 0.00707369251177 -0.00598398363218
    endloop
  endfacet
  facet normal 0.124879017472 0.198314279318 0.972150564194
    outer loop
      vertex 0.00522772734985 0.00703428033739 -0.00611716788262
      vertex 0.00532303797081 0.00707369251177 -0.00598398363218
      vertex 0.00499747600406 0.00704634748399 -0.00591302523389
    endloop
  endfacet
  facet normal 0.116158269346 0.18865545094 0.975149393082
    outer loop
      vertex 0.00498297857121 0.00694503309205 -0.00642778584734
      vertex 0.00522772734985 0.00703428033739 -0.00611716788262
      vertex 0.00499747600406 0.00704634748399 -0.00591302523389
    endloop
  endfacet
  facet normal 0.106525421143 0.189125210047 0.976157784462
    outer loop
      vertex 0.00499747600406 0.00704634748399 -0.00591302523389
      vertex 0.00460763787851 0.00694064795971 -0.00623900676146
      vertex 0.00498297857121 0.00694503309205 -0.00642778584734
    endloop
  endfacet
  facet normal 0.104966424406 0.18600769341 0.976925373077
    outer loop
      vertex 0.00460763787851 0.00694064795971 -0.00623900676146
      vertex 0.00444808555767 0.00682257534936 -0.00676909694448
      vertex 0.00498297857121 0.00694503309205 -0.00642778584734
    endloop
  endfacet
  facet normal 0.141810432076 0.129850804806 0.981340169907
    outer loop
      vertex 0.00444808555767 0.00682257534936 -0.00676909694448
      vertex 0.00477433996275 0.0068092783913 -0.00722588878125
      vertex 0.00498297857121 0.00694503309205 -0.00642778584734
    endloop
  endfacet
  facet normal 0.115598000586 0.111295044422 0.987041294575
    outer loop
      vertex 0.00477433996275 0.0068092783913 -0.00722588878125
      vertex 0.00444808555767 0.00682257534936 -0.00676909694448
      vertex 0.00397894578055 0.00669355271384 -0.00742608122528
    endloop
  endfacet
  facet normal 0.139217078686 0.0192070771009 0.990075588226
    outer loop
      vertex 0.00479847751558 0.00678726658225 -0.00853550434113
      vertex 0.00477433996275 0.0068092783913 -0.00722588878125
      vertex 0.00397894578055 0.00669355271384 -0.00742608122528
    endloop
  endfacet
  facet normal 0.0872555300593 -0.0196766704321 0.995991587639
    outer loop
      vertex 0.00397894578055 0.00669355271384 -0.00742608122528
      vertex 0.00305837974884 0.00662695849314 -0.0081374598667
      vertex 0.00479847751558 0.00678726658225 -0.00853550434113
    endloop
  endfacet
  facet normal 0.0275336354971 -0.267532974482 0.963155210018
    outer loop
      vertex 0.00305837974884 0.00662695849314 -0.0081374598667
      vertex 0.00235131336376 0.00742542650551 -0.0110848220065
      vertex 0.00479847751558 0.00678726658225 -0.00853550434113
    endloop
  endfacet
  facet normal 0.101033255458 -0.331773638725 0.937933087349
    outer loop
      vertex 0.00235131336376 0.00742542650551 -0.0110848220065
      vertex 0.00498007237911 0.00770182721317 -0.0110656917095
      vertex 0.00479847751558 0.00678726658225 -0.00853550434113
    endloop
  endfacet
  facet normal 0.0499351657927 -0.336338609457 0.940416276455
    outer loop
      vertex 0.00614354154095 0.00715279998258 -0.00935785379261
      vertex 0.00479847751558 0.00678726658225 -0.00853550434113
      vertex 0.00498007237911 0.00770182721317 -0.0110656917095
    endloop
  endfacet
  facet normal 0.119333706796 -0.376619160175 0.918649792671
    outer loop
      vertex 0.00498007237911 0.00770182721317 -0.0110656917095
      vertex 0.00671843346208 0.00765132298693 -0.0103916935623
      vertex 0.00614354154095 0.00715279998258 -0.00935785379261
    endloop
  endfacet
  facet normal 0.385044515133 -0.218285515904 0.896711885929
    outer loop
      vertex 0.00614354154095 0.00715279998258 -0.00935785379261
      vertex 0.00671843346208 0.00765132298693 -0.0103916935623
      vertex 0.00702609075233 0.00753383757547 -0.00936637446284
    endloop
  endfacet
  facet normal 0.39407196641 -0.089253500104 0.914735555649
    outer loop
      vertex 0.00614354154095 0.00715279998258 -0.00935785379261
      vertex 0.00702609075233 0.00753383757547 -0.00936637446284
      vertex 0.00661915587261 0.0073067410849 -0.0088356230408
    endloop
  endfacet
  facet normal 0.30952373147 -0.00159482494928 0.950890362263
    outer loop
      vertex 0.00609496049583 0.00713528739288 -0.00834480859339
      vertex 0.00614354154095 0.00715279998258 -0.00935785379261
      vertex 0.00661915587261 0.0073067410849 -0.0088356230408
    endloop
  endfacet
  facet normal 0.360421508551 0.0597570501268 0.930873453617
    outer loop
      vertex 0.00650393823162 0.00731632160023 -0.00799145642668
      vertex 0.00609496049583 0.00713528739288 -0.00834480859339
      vertex 0.00661915587261 0.0073067410849 -0.0088356230408
    endloop
  endfacet
  facet normal 0.37206402421 0.0612928457558 0.926181197166
    outer loop
      vertex 0.00729134026915 0.00759079307318 -0.00862372294068
      vertex 0.00650393823162 0.00731632160023 -0.00799145642668
      vertex 0.00661915587261 0.0073067410849 -0.0088356230408
    endloop
  endfacet
  facet normal 0.408382475376 -0.0760983377695 0.909633338451
    outer loop
      vertex 0.00702609075233 0.00753383757547 -0.00936637446284
      vertex 0.00729134026915 0.00759079307318 -0.00862372294068
      vertex 0.00661915587261 0.0073067410849 -0.0088356230408
    endloop
  endfacet
  facet normal 0.520043075085 -0.120895080268 0.845541000366
    outer loop
      vertex 0.00702609075233 0.00753383757547 -0.00936637446284
      vertex 0.00781112210825 0.00794255547225 -0.0088480534032
      vertex 0.00729134026915 0.00759079307318 -0.00862372294068
    endloop
  endfacet
  facet normal -0.616076588631 -0.561919987202 -0.551992297173
    outer loop
      vertex 0.00781112210825 0.00794255547225 -0.0088480534032
      vertex 0.0074872141704 0.00725190714002 -0.00917137414217
      vertex 0.00729134026915 0.00759079307318 -0.00862372294068
    endloop
  endfacet
  facet normal -0.676694691181 -0.546992540359 -0.492832124233
    outer loop
      vertex 0.00729134026915 0.00759079307318 -0.00862372294068
      vertex 0.0074872141704 0.00725190714002 -0.00917137414217
      vertex 0.00689156213775 0.00662075914443 -0.00900313723832
    endloop
  endfacet
  facet normal -0.642553687096 -0.585790932178 -0.493937045336
    outer loop
      vertex 0.00689156213775 0.00662075914443 -0.00900313723832
      vertex 0.00650393823162 0.00731632160023 -0.00799145642668
      vertex 0.00729134026915 0.00759079307318 -0.00862372294068
    endloop
  endfacet
  facet normal -0.615414381027 -0.592884063721 -0.519378125668
    outer loop
      vertex 0.00689156213775 0.00662075914443 -0.00900313723832
      vertex 0.00618089037016 0.00675067445263 -0.00815164949745
      vertex 0.00650393823162 0.00731632160023 -0.00799145642668
    endloop
  endfacet
  facet normal -0.748221874237 -0.38895624876 -0.537472844124
    outer loop
      vertex 0.00617047259584 0.00722570624202 -0.00747519498691
      vertex 0.00650393823162 0.00731632160023 -0.00799145642668
      vertex 0.00618089037016 0.00675067445263 -0.00815164949745
    endloop
  endfacet
  facet normal -0.746662020683 -0.389948993921 -0.538920760155
    outer loop
      vertex 0.0058432049118 0.00672028493136 -0.00754706049338
      vertex 0.00617047259584 0.00722570624202 -0.00747519498691
      vertex 0.00618089037016 0.00675067445263 -0.00815164949745
    endloop
  endfacet
  facet normal -0.83182990551 -0.448148101568 -0.327448099852
    outer loop
      vertex 0.00618089037016 0.00675067445263 -0.00815164949745
      vertex 0.00580239435658 0.00630262633786 -0.00777647970244
      vertex 0.0058432049118 0.00672028493136 -0.00754706049338
    endloop
  endfacet
  facet normal -0.813286304474 -0.47278803587 -0.33917081356
    outer loop
      vertex 0.00556884752586 0.00645201466978 -0.00726756593212
      vertex 0.0058432049118 0.00672028493136 -0.00754706049338
      vertex 0.00580239435658 0.00630262633786 -0.00777647970244
    endloop
  endfacet
  facet normal -0.821967244148 -0.471142053604 -0.319992125034
    outer loop
      vertex 0.00580239435658 0.00630262633786 -0.00777647970244
      vertex 0.00559230940416 0.00586966471747 -0.00770402047783
      vertex 0.00556884752586 0.00645201466978 -0.00726756593212
    endloop
  endfacet
  facet normal -0.812004446983 -0.482269108295 -0.328732907772
    outer loop
      vertex 0.00556884752586 0.00645201466978 -0.00726756593212
      vertex 0.00559230940416 0.00586966471747 -0.00770402047783
      vertex 0.0052942102775 0.00618371600285 -0.0069880373776
    endloop
  endfacet
  facet normal -0.85278403759 -0.461936026812 -0.243668749928
    outer loop
      vertex 0.0052942102775 0.00618371600285 -0.0069880373776
      vertex 0.00559230940416 0.00586966471747 -0.00770402047783
      vertex 0.00529477000237 0.00562452198938 -0.00728404149413
    endloop
  endfacet
  facet normal -0.866345345974 -0.4417745471 -0.232982859015
    outer loop
      vertex 0.00506423180923 0.00576354609802 -0.00675862468779
      vertex 0.0052942102775 0.00618371600285 -0.0069880373776
      vertex 0.00529477000237 0.00562452198938 -0.00728404149413
    endloop
  endfacet
  facet normal -0.852618992329 -0.446100533009 -0.272093951702
    outer loop
      vertex 0.00506423180923 0.00576354609802 -0.00675862468779
      vertex 0.00529477000237 0.00562452198938 -0.00728404149413
      vertex 0.00499690975994 0.0053792973049 -0.00686432234943
    endloop
  endfacet
  facet normal -0.937951624393 -0.255378484726 -0.234581679106
    outer loop
      vertex 0.00506423180923 0.00576354609802 -0.00675862468779
      vertex 0.00499690975994 0.0053792973049 -0.00686432234943
      vertex 0.00478872843087 0.00537815224379 -0.00610076729208
    endloop
  endfacet
  facet normal -0.939743041992 -0.313043028116 -0.137430384755
    outer loop
      vertex 0.00478872843087 0.00537815224379 -0.00610076729208
      vertex 0.00496855983511 0.0061126826331 -0.00631814543158
      vertex 0.00506423180923 0.00576354609802 -0.00675862468779
    endloop
  endfacet
  facet normal -0.878066420555 -0.399510592222 -0.263421088457
    outer loop
      vertex 0.00506423180923 0.00576354609802 -0.00675862468779
      vertex 0.00496855983511 0.0061126826331 -0.00631814543158
      vertex 0.00513151986524 0.00614810036495 -0.00665295496583
    endloop
  endfacet
  facet normal -0.878544092178 -0.398573935032 -0.263247281313
    outer loop
      vertex 0.00506423180923 0.00576354609802 -0.00675862468779
      vertex 0.00513151986524 0.00614810036495 -0.00665295496583
      vertex 0.0052942102775 0.00618371600285 -0.0069880373776
    endloop
  endfacet
  facet normal -0.873629689217 -0.395184576511 -0.283901959658
    outer loop
      vertex 0.00513151986524 0.00614810036495 -0.00665295496583
      vertex 0.00496855983511 0.0061126826331 -0.00631814543158
      vertex 0.00512132747099 0.00648721074685 -0.00638680439442
    endloop
  endfacet
  facet normal -0.898126363754 -0.312890052795 -0.308980405331
    outer loop
      vertex 0.00512132747099 0.00648721074685 -0.00638680439442
      vertex 0.00496855983511 0.0061126826331 -0.00631814543158
      vertex 0.0049927001819 0.00647768424824 -0.00602699816227
    endloop
  endfacet
  facet normal -0.856367468834 -0.294920086861 -0.42385956645
    outer loop
      vertex 0.0049927001819 0.00647768424824 -0.00602699816227
      vertex 0.00521672330797 0.00688184890896 -0.00609663315117
      vertex 0.00512132747099 0.00648721074685 -0.00638680439442
    endloop
  endfacet
  facet normal -0.834939181805 -0.327265888453 -0.442463099957
    outer loop
      vertex 0.00512132747099 0.00648721074685 -0.00638680439442
      vertex 0.00521672330797 0.00688184890896 -0.00609663315117
      vertex 0.00532527221367 0.00691573321819 -0.00632775761187
    endloop
  endfacet
  facet normal -0.805620074272 -0.398549437523 -0.438331663609
    outer loop
      vertex 0.00532527221367 0.00691573321819 -0.00632775761187
      vertex 0.00534105207771 0.00669218273833 -0.00660551944748
      vertex 0.00512132747099 0.00648721074685 -0.00638680439442
    endloop
  endfacet
  facet normal -0.731684923172 -0.452124744654 -0.51011800766
    outer loop
      vertex 0.00534105207771 0.00669218273833 -0.00660551944748
      vertex 0.00532527221367 0.00691573321819 -0.00632775761187
      vertex 0.00544462446123 0.00697101047263 -0.00645854044706
    endloop
  endfacet
  facet normal -0.667526841164 -0.326302140951 -0.669279336929
    outer loop
      vertex 0.00544462446123 0.00697101047263 -0.00645854044706
      vertex 0.00532527221367 0.00691573321819 -0.00632775761187
      vertex 0.00541504658759 0.00703612249345 -0.00626448122784
    endloop
  endfacet
  facet normal -0.676008880138 -0.32494443655 -0.661379694939
    outer loop
      vertex 0.00544462446123 0.00697101047263 -0.00645854044706
      vertex 0.00541504658759 0.00703612249345 -0.00626448122784
      vertex 0.00556490430608 0.00718442117795 -0.00627440074459
    endloop
  endfacet
  facet normal -0.67666131258 -0.310335189104 -0.667698681355
    outer loop
      vertex 0.00532527221367 0.00691573321819 -0.00632775761187
      vertex 0.00532417744398 0.0069945869036 -0.006155713927
      vertex 0.00541504658759 0.00703612249345 -0.00626448122784
    endloop
  endfacet
  facet normal -0.763772964478 -0.272955209017 -0.584932744503
    outer loop
      vertex 0.00521672330797 0.00688184890896 -0.00609663315117
      vertex 0.00532417744398 0.0069945869036 -0.006155713927
      vertex 0.00532527221367 0.00691573321819 -0.00632775761187
    endloop
  endfacet
  facet normal -0.763804316521 -0.274219751358 -0.584299981594
    outer loop
      vertex 0.00532303797081 0.00707369251177 -0.00598398363218
      vertex 0.00532417744398 0.0069945869036 -0.006155713927
      vertex 0.00521672330797 0.00688184890896 -0.00609663315117
    endloop
  endfacet
  facet normal -0.762703537941 -0.276154965162 -0.584826290607
    outer loop
      vertex 0.00521672330797 0.00688184890896 -0.00609663315117
      vertex 0.00518333818763 0.00699101109058 -0.00577325094491
      vertex 0.00532303797081 0.00707369251177 -0.00598398363218
    endloop
  endfacet
  facet normal -0.763014733791 -0.276603907347 -0.584207832813
    outer loop
      vertex 0.00532303797081 0.00707369251177 -0.00598398363218
      vertex 0.00518333818763 0.00699101109058 -0.00577325094491
      vertex 0.005273535382 0.00711090117693 -0.00576884346083
    endloop
  endfacet
  facet normal 0.124589785933 0.196858972311 0.97248339653
    outer loop
      vertex 0.00532303797081 0.00707369251177 -0.00598398363218
      vertex 0.005273535382 0.00711090117693 -0.00576884346083
      vertex 0.00499747600406 0.00704634748399 -0.00591302523389
    endloop
  endfacet
  facet normal 0.1242383793 0.197494253516 0.972399532795
    outer loop
      vertex 0.005273535382 0.00711090117693 -0.00576884346083
      vertex 0.00499858800322 0.00708344345912 -0.00573107553646
      vertex 0.00499747600406 0.00704634748399 -0.00591302523389
    endloop
  endfacet
  facet normal 0.122917376459 0.19753485918 0.972559154034
    outer loop
      vertex 0.00499747600406 0.00704634748399 -0.00591302523389
      vertex 0.00499858800322 0.00708344345912 -0.00573107553646
      vertex 0.00476719392464 0.00705869216472 -0.00570895103738
    endloop
  endfacet
  facet normal 0.11082560569 0.184136658907 0.976632654667
    outer loop
      vertex 0.00476719392464 0.00705869216472 -0.00570895103738
      vertex 0.00460763787851 0.00694064795971 -0.00623900676146
      vertex 0.00499747600406 0.00704634748399 -0.00591302523389
    endloop
  endfacet
  facet normal 0.122255548835 0.180541723967 0.975939691067
    outer loop
      vertex 0.0039833872579 0.00691059278324 -0.00597875798121
      vertex 0.00460763787851 0.00694064795971 -0.00623900676146
      vertex 0.00476719392464 0.00705869216472 -0.00570895103738
    endloop
  endfacet
  facet normal 0.117155790329 0.194253802299 0.973930180073
    outer loop
      vertex 0.00457654893398 0.00711682299152 -0.00530252140015
      vertex 0.0039833872579 0.00691059278324 -0.00597875798121
      vertex 0.00476719392464 0.00705869216472 -0.00570895103738
    endloop
  endfacet
  facet normal 0.123323902488 0.196960300207 0.972624182701
    outer loop
      vertex 0.00457654893398 0.00711682299152 -0.00530252140015
      vertex 0.00476719392464 0.00705869216472 -0.00570895103738
      vertex 0.0049994578585 0.00712050870061 -0.00554911885411
    endloop
  endfacet
  facet normal 0.123869821429 0.197900429368 0.972363948822
    outer loop
      vertex 0.00457654893398 0.00711682299152 -0.00530252140015
      vertex 0.0049994578585 0.00712050870061 -0.00554911885411
      vertex 0.00512412097305 0.00722302496433 -0.00512344343588
    endloop
  endfacet
  facet normal 0.123881235719 0.197868511081 0.972369015217
    outer loop
      vertex 0.00457654893398 0.00711682299152 -0.00530252140015
      vertex 0.00512412097305 0.00722302496433 -0.00512344343588
      vertex 0.00438562780619 0.00717520294711 -0.00489609828219
    endloop
  endfacet
  facet normal 0.119411848485 0.195906296372 0.973325014114
    outer loop
      vertex 0.00457654893398 0.00711682299152 -0.00530252140015
      vertex 0.00438562780619 0.00717520294711 -0.00489609828219
      vertex 0.00381522509269 0.00701911281794 -0.00532392272726
    endloop
  endfacet
  facet normal 0.119611054659 0.192137181759 0.974051594734
    outer loop
      vertex 0.00381522509269 0.00701911281794 -0.00532392272726
      vertex 0.0039833872579 0.00691059278324 -0.00597875798121
      vertex 0.00457654893398 0.00711682299152 -0.00530252140015
    endloop
  endfacet
  facet normal 0.119240298867 0.192052289844 0.974113762379
    outer loop
      vertex 0.0039833872579 0.00691059278324 -0.00597875798121
      vertex 0.00381522509269 0.00701911281794 -0.00532392272726
      vertex 0.00311587098986 0.00686972727999 -0.00564741389826
    endloop
  endfacet
  facet normal 0.108961127698 0.164368972182 0.980362355709
    outer loop
      vertex 0.00311587098986 0.00686972727999 -0.00564741389826
      vertex 0.00319067388773 0.00672888662666 -0.00653703091666
      vertex 0.0039833872579 0.00691059278324 -0.00597875798121
    endloop
  endfacet
  facet normal 0.104479551315 0.170547753572 0.979794621468
    outer loop
      vertex 0.0039833872579 0.00691059278324 -0.00597875798121
      vertex 0.00319067388773 0.00672888662666 -0.00653703091666
      vertex 0.00444808555767 0.00682257534936 -0.00676909694448
    endloop
  endfacet
  facet normal 0.12227024138 0.180577948689 0.975931167603
    outer loop
      vertex 0.00460763787851 0.00694064795971 -0.00623900676146
      vertex 0.0039833872579 0.00691059278324 -0.00597875798121
      vertex 0.00444808555767 0.00682257534936 -0.00676909694448
    endloop
  endfacet
  facet normal 0.0966290831566 0.124920666218 0.987450063229
    outer loop
      vertex 0.00444808555767 0.00682257534936 -0.00676909694448
      vertex 0.00319067388773 0.00672888662666 -0.00653703091666
      vertex 0.00397894578055 0.00669355271384 -0.00742608122528
    endloop
  endfacet
  facet normal 0.0246481169015 0.0615105442703 0.997802019119
    outer loop
      vertex 0.00319067388773 0.00672888662666 -0.00653703091666
      vertex 0.00305837974884 0.00662695849314 -0.0081374598667
      vertex 0.00397894578055 0.00669355271384 -0.00742608122528
    endloop
  endfacet
  facet normal 0.0951006561518 0.0554397590458 0.993922710419
    outer loop
      vertex 0.00228133727796 0.00663888640702 -0.00659068813547
      vertex 0.00305837974884 0.00662695849314 -0.0081374598667
      vertex 0.00319067388773 0.00672888662666 -0.00653703091666
    endloop
  endfacet
  facet normal 0.0876491889358 0.162952288985 0.982733011246
    outer loop
      vertex 0.00319067388773 0.00672888662666 -0.00653703091666
      vertex 0.00311587098986 0.00686972727999 -0.00564741389826
      vertex 0.00228133727796 0.00663888640702 -0.00659068813547
    endloop
  endfacet
  facet normal 0.10961651057 0.143712356687 0.983529865742
    outer loop
      vertex 0.00184483174235 0.00678374804556 -0.00526634976268
      vertex 0.00228133727796 0.00663888640702 -0.00659068813547
      vertex 0.00311587098986 0.00686972727999 -0.00564741389826
    endloop
  endfacet
  facet normal 0.103685863316 0.123157739639 0.9869556427
    outer loop
      vertex 0.00284080742858 0.00693821860477 -0.00486696744338
      vertex 0.00184483174235 0.00678374804556 -0.00526634976268
      vertex 0.00311587098986 0.00686972727999 -0.00564741389826
    endloop
  endfacet
  facet normal 0.145746067166 0.137348487973 0.979741513729
    outer loop
      vertex 0.00311587098986 0.00686972727999 -0.00564741389826
      vertex 0.00381522509269 0.00701911281794 -0.00532392272726
      vertex 0.00284080742858 0.00693821860477 -0.00486696744338
    endloop
  endfacet
  facet normal 0.175989732146 0.204831540585 0.962845623493
    outer loop
      vertex 0.00284080742858 0.00693821860477 -0.00486696744338
      vertex 0.00381522509269 0.00701911281794 -0.00532392272726
      vertex 0.00364679004997 0.00712763285264 -0.0046690874733
    endloop
  endfacet
  facet normal 0.213303521276 0.0643535256386 0.974864184856
    outer loop
      vertex 0.00284080742858 0.00693821860477 -0.00486696744338
      vertex 0.00364679004997 0.00712763285264 -0.0046690874733
      vertex 0.00323350052349 0.00711517548189 -0.00348792807199
    endloop
  endfacet
  facet normal 0.129544466734 0.0898256003857 0.987496614456
    outer loop
      vertex 0.00284080742858 0.00693821860477 -0.00486696744338
      vertex 0.00323350052349 0.00711517548189 -0.00348792807199
      vertex 0.00160391023383 0.00690235290676 -0.00347742857412
    endloop
  endfacet
  facet normal 0.120622187853 0.0818363800645 0.989319503307
    outer loop
      vertex 0.00160391023383 0.00690235290676 -0.00347742857412
      vertex 0.00184483174235 0.00678374804556 -0.00526634976268
      vertex 0.00284080742858 0.00693821860477 -0.00486696744338
    endloop
  endfacet
  facet normal -0.0569269619882 0.0584122985601 0.996668100357
    outer loop
      vertex 0.00184483174235 0.00678374804556 -0.00526634976268
      vertex 0.00160391023383 0.00690235290676 -0.00347742857412
      vertex -0.000867257942446 0.0069692521356 -0.00474428245798
    endloop
  endfacet
  facet normal -0.0607058629394 0.0390384867787 0.997391998768
    outer loop
      vertex -0.000867257942446 0.0069692521356 -0.00474428245798
      vertex 0.000882639724296 0.00679855234921 -0.00638434849679
      vertex 0.00184483174235 0.00678374804556 -0.00526634976268
    endloop
  endfacet
  facet normal -0.102196373045 0.0748188868165 0.991946578026
    outer loop
      vertex 0.000882639724296 0.00679855234921 -0.00638434849679
      vertex 0.00228133727796 0.00663888640702 -0.00659068813547
      vertex 0.00184483174235 0.00678374804556 -0.00526634976268
    endloop
  endfacet
  facet normal -0.116300955415 -0.0199653580785 0.993013322353
    outer loop
      vertex 0.0011906035943 0.00680972542614 -0.00873399805278
      vertex 0.00228133727796 0.00663888640702 -0.00659068813547
      vertex 0.000882639724296 0.00679855234921 -0.00638434849679
    endloop
  endfacet
  facet normal -0.248734205961 -0.0372034944594 0.967857003212
    outer loop
      vertex 0.000882639724296 0.00679855234921 -0.00638434849679
      vertex -0.00240760296583 0.00773942470551 -0.00886352639645
      vertex 0.0011906035943 0.00680972542614 -0.00873399805278
    endloop
  endfacet
  facet normal -0.196346342564 -0.518596410751 0.832169413567
    outer loop
      vertex 0.0011906035943 0.00680972542614 -0.00873399805278
      vertex -0.00240760296583 0.00773942470551 -0.00886352639645
      vertex -0.000789770623669 0.0087062176317 -0.0110274264589
    endloop
  endfacet
  facet normal -0.352867394686 -0.396230012178 0.847635746002
    outer loop
      vertex -0.000789770623669 0.0087062176317 -0.0110274264589
      vertex 0.00235131336376 0.00742542650551 -0.0110848220065
      vertex 0.0011906035943 0.00680972542614 -0.00873399805278
    endloop
  endfacet
  facet normal -0.0118494555354 -0.258816123009 0.96585392952
    outer loop
      vertex 0.00305837974884 0.00662695849314 -0.0081374598667
      vertex 0.0011906035943 0.00680972542614 -0.00873399805278
      vertex 0.00235131336376 0.00742542650551 -0.0110848220065
    endloop
  endfacet
  facet normal -0.0860699191689 -0.0355604812503 0.995654284954
    outer loop
      vertex 0.0011906035943 0.00680972542614 -0.00873399805278
      vertex 0.00305837974884 0.00662695849314 -0.0081374598667
      vertex 0.00228133727796 0.00663888640702 -0.00659068813547
    endloop
  endfacet
  facet normal -0.273814052343 -0.718539714813 0.639317274094
    outer loop
      vertex -0.000789770623669 0.0087062176317 -0.0110274264589
      vertex 0.00199298397638 0.00945622287691 -0.0127551648766
      vertex 0.00235131336376 0.00742542650551 -0.0110848220065
    endloop
  endfacet
  facet normal 0.0371074564755 -0.774988293648 0.630885243416
    outer loop
      vertex 0.00235131336376 0.00742542650551 -0.0110848220065
      vertex 0.00199298397638 0.00945622287691 -0.0127551648766
      vertex 0.00482230726629 0.00939870998263 -0.0125728743151
    endloop
  endfacet
  facet normal 0.0746711939573 -0.749012231827 0.658334970474
    outer loop
      vertex 0.00482230726629 0.00939870998263 -0.0125728743151
      vertex 0.00498007237911 0.00770182721317 -0.0110656917095
      vertex 0.00235131336376 0.00742542650551 -0.0110848220065
    endloop
  endfacet
  facet normal 0.085994578898 -0.748849332333 0.657137453556
    outer loop
      vertex 0.00498007237911 0.00770182721317 -0.0110656917095
      vertex 0.00482230726629 0.00939870998263 -0.0125728743151
      vertex 0.00669667730108 0.00824506860226 -0.0113452756777
    endloop
  endfacet
  facet normal 0.178564861417 -0.523000061512 0.833418011665
    outer loop
      vertex 0.00671843346208 0.00765132298693 -0.0103916935623
      vertex 0.00498007237911 0.00770182721317 -0.0110656917095
      vertex 0.00669667730108 0.00824506860226 -0.0113452756777
    endloop
  endfacet
  facet normal 0.487678289413 -0.469438374043 0.736068964005
    outer loop
      vertex 0.0077523207292 0.00819057319313 -0.0101631674916
      vertex 0.00671843346208 0.00765132298693 -0.0103916935623
      vertex 0.00669667730108 0.00824506860226 -0.0113452756777
    endloop
  endfacet
  facet normal 0.54022705555 -0.513178288937 0.666935384274
    outer loop
      vertex 0.00827830377966 0.00897907000035 -0.0106342043728
      vertex 0.0077523207292 0.00819057319313 -0.0101631674916
      vertex 0.00669667730108 0.00824506860226 -0.0113452756777
    endloop
  endfacet
  facet normal 0.539253890514 -0.661581575871 0.521071135998
    outer loop
      vertex 0.00669667730108 0.00824506860226 -0.0113452756777
      vertex 0.00794833153486 0.0102150253952 -0.0118766203523
      vertex 0.00827830377966 0.00897907000035 -0.0106342043728
    endloop
  endfacet
  facet normal 0.467867493629 -0.682658851147 0.561317145824
    outer loop
      vertex 0.00895065907389 0.00977977178991 -0.0108317770064
      vertex 0.00827830377966 0.00897907000035 -0.0106342043728
      vertex 0.00794833153486 0.0102150253952 -0.0118766203523
    endloop
  endfacet
  facet normal 0.463639885187 -0.680928468704 0.566898941994
    outer loop
      vertex 0.00895065907389 0.00977977178991 -0.0108317770064
      vertex 0.00794833153486 0.0102150253952 -0.0118766203523
      vertex 0.00871831271797 0.0105672078207 -0.0116455508396
    endloop
  endfacet
  facet normal 0.727850496769 -0.572726428509 0.377118200064
    outer loop
      vertex 0.00871831271797 0.0105672078207 -0.0116455508396
      vertex 0.00937931891531 0.0102011999115 -0.0105645079166
      vertex 0.00895065907389 0.00977977178991 -0.0108317770064
    endloop
  endfacet
  facet normal 0.7575725317 -0.391759186983 0.522119343281
    outer loop
      vertex 0.00895065907389 0.00977977178991 -0.0108317770064
      vertex 0.00937931891531 0.0102011999115 -0.0105645079166
      vertex 0.00909602083266 0.00941521674395 -0.010064817965
    endloop
  endfacet
  facet normal 0.638451516628 -0.425770074129 0.641170442104
    outer loop
      vertex 0.00909602083266 0.00941521674395 -0.010064817965
      vertex 0.00827830377966 0.00897907000035 -0.0106342043728
      vertex 0.00895065907389 0.00977977178991 -0.0108317770064
    endloop
  endfacet
  facet normal 0.614805579185 -0.336607158184 0.713238894939
    outer loop
      vertex 0.00909602083266 0.00941521674395 -0.010064817965
      vertex 0.00888509303331 0.00902096927166 -0.00961469858885
      vertex 0.00827830377966 0.00897907000035 -0.0106342043728
    endloop
  endfacet
  facet normal 0.624372601509 -0.342767059803 0.701904296875
    outer loop
      vertex 0.00888509303331 0.00902096927166 -0.00961469858885
      vertex 0.00843550916761 0.00860521104187 -0.00958227179945
      vertex 0.00827830377966 0.00897907000035 -0.0106342043728
    endloop
  endfacet
  facet normal 0.679973483086 -0.333666682243 0.65291851759
    outer loop
      vertex 0.00843550916761 0.00860521104187 -0.00958227179945
      vertex 0.0077523207292 0.00819057319313 -0.0101631674916
      vertex 0.00827830377966 0.00897907000035 -0.0106342043728
    endloop
  endfacet
  facet normal 0.6379134655 -0.22440674901 0.73668718338
    outer loop
      vertex 0.00787503272295 0.00805587880313 -0.00937215983868
      vertex 0.0077523207292 0.00819057319313 -0.0101631674916
      vertex 0.00843550916761 0.00860521104187 -0.00958227179945
    endloop
  endfacet
  facet normal 0.685693502426 -0.0660926550627 0.724883556366
    outer loop
      vertex 0.00800065137446 0.00812839344144 -0.00886422209442
      vertex 0.00787503272295 0.00805587880313 -0.00937215983868
      vertex 0.00843550916761 0.00860521104187 -0.00958227179945
    endloop
  endfacet
  facet normal 0.653585195541 -0.102166771889 0.749925553799
    outer loop
      vertex 0.00843550916761 0.00860521104187 -0.00958227179945
      vertex 0.00852928124368 0.00858127325773 -0.00880668312311
      vertex 0.00800065137446 0.00812839344144 -0.00886422209442
    endloop
  endfacet
  facet normal -0.499471098185 -0.566958487034 -0.655047118664
    outer loop
      vertex 0.00843282788992 0.00812286324799 -0.00925134494901
      vertex 0.00800065137446 0.00812839344144 -0.00886422209442
      vertex 0.00852928124368 0.00858127325773 -0.00880668312311
    endloop
  endfacet
  facet normal -0.502830088139 -0.565171658993 -0.654020607471
    outer loop
      vertex 0.00852928124368 0.00858127325773 -0.00880668312311
      vertex 0.00908928364515 0.0086013013497 -0.00928173772991
      vertex 0.00843282788992 0.00812286324799 -0.00925134494901
    endloop
  endfacet
  facet normal -0.417505204678 -0.74111700058 -0.525770843029
    outer loop
      vertex 0.00908928364515 0.0086013013497 -0.00928173772991
      vertex 0.00905007310212 0.00783981662244 -0.00979986879975
      vertex 0.00843282788992 0.00812286324799 -0.00925134494901
    endloop
  endfacet
  facet normal -0.399639070034 -0.733444094658 -0.549862146378
    outer loop
      vertex 0.00905007310212 0.00783981662244 -0.00979986879975
      vertex 0.00817400123924 0.00760738505051 -0.00949676893651
      vertex 0.00843282788992 0.00812286324799 -0.00925134494901
    endloop
  endfacet
  facet normal -0.47505363822 -0.677760601044 -0.561217069626
    outer loop
      vertex 0.00843282788992 0.00812286324799 -0.00925134494901
      vertex 0.00817400123924 0.00760738505051 -0.00949676893651
      vertex 0.00798836443573 0.00782397761941 -0.00918730348349
    endloop
  endfacet
  facet normal -0.51071023941 -0.579224288464 -0.635353624821
    outer loop
      vertex 0.00798836443573 0.00782397761941 -0.00918730348349
      vertex 0.00800065137446 0.00812839344144 -0.00886422209442
      vertex 0.00843282788992 0.00812286324799 -0.00925134494901
    endloop
  endfacet
  facet normal -0.617586553097 -0.52679091692 -0.584019005299
    outer loop
      vertex 0.00781112210825 0.00794255547225 -0.0088480534032
      vertex 0.00800065137446 0.00812839344144 -0.00886422209442
      vertex 0.00798836443573 0.00782397761941 -0.00918730348349
    endloop
  endfacet
  facet normal -0.645309448242 -0.529581010342 -0.550563037395
    outer loop
      vertex 0.00781112210825 0.00794255547225 -0.0088480534032
      vertex 0.00798836443573 0.00782397761941 -0.00918730348349
      vertex 0.0074872141704 0.00725190714002 -0.00917137414217
    endloop
  endfacet
  facet normal -0.5655849576 -0.672935366631 -0.476730197668
    outer loop
      vertex 0.00798836443573 0.00782397761941 -0.00918730348349
      vertex 0.00817400123924 0.00760738505051 -0.00949676893651
      vertex 0.0074872141704 0.00725190714002 -0.00917137414217
    endloop
  endfacet
  facet normal -0.53913217783 -0.773250043392 -0.33379766345
    outer loop
      vertex 0.0074872141704 0.00725190714002 -0.00917137414217
      vertex 0.00817400123924 0.00760738505051 -0.00949676893651
      vertex 0.00847176276147 0.00671637291089 -0.0100890100002
    endloop
  endfacet
  facet normal -0.564949274063 -0.773617446423 -0.286964029074
    outer loop
      vertex 0.00751251820475 0.00575941195711 -0.00974347535521
      vertex 0.0074872141704 0.00725190714002 -0.00917137414217
      vertex 0.00847176276147 0.00671637291089 -0.0100890100002
    endloop
  endfacet
  facet normal -0.436157226563 -0.892499744892 -0.114939257503
    outer loop
      vertex 0.00847176276147 0.00671637291089 -0.0100890100002
      vertex 0.00911570992321 0.00556200789288 -0.0105523644015
      vertex 0.00751251820475 0.00575941195711 -0.00974347535521
    endloop
  endfacet
  facet normal -0.447967737913 -0.893726289272 -0.0240475162864
    outer loop
      vertex 0.00911570992321 0.00556200789288 -0.0105523644015
      vertex 0.00727863050997 0.00448485044762 -0.00966053735465
      vertex 0.00751251820475 0.00575941195711 -0.00974347535521
    endloop
  endfacet
  facet normal -0.585558891296 -0.808773815632 -0.0548241399229
    outer loop
      vertex 0.00751251820475 0.00575941195711 -0.00974347535521
      vertex 0.00727863050997 0.00448485044762 -0.00966053735465
      vertex 0.00658807018772 0.00566879613325 -0.00908031035215
    endloop
  endfacet
  facet normal -0.580618321896 -0.77549469471 -0.247972488403
    outer loop
      vertex 0.00689156213775 0.00662075914443 -0.00900313723832
      vertex 0.00751251820475 0.00575941195711 -0.00974347535521
      vertex 0.00658807018772 0.00566879613325 -0.00908031035215
    endloop
  endfacet
  facet normal -0.695448040962 -0.663659274578 -0.27551472187
    outer loop
      vertex 0.00608186516911 0.00603938568383 -0.00839600991458
      vertex 0.00689156213775 0.00662075914443 -0.00900313723832
      vertex 0.00658807018772 0.00566879613325 -0.00908031035215
    endloop
  endfacet
  facet normal -0.737196207047 -0.648350179195 -0.190220430493
    outer loop
      vertex 0.00608186516911 0.00603938568383 -0.00839600991458
      vertex 0.00658807018772 0.00566879613325 -0.00908031035215
      vertex 0.00616222806275 0.00496443361044 -0.00880276691169
    endloop
  endfacet
  facet normal -0.771315336227 -0.612208127975 -0.173993721604
    outer loop
      vertex 0.00608186516911 0.00603938568383 -0.00839600991458
      vertex 0.00616222806275 0.00496443361044 -0.00880276691169
      vertex 0.00566048780456 0.00533019099385 -0.00806667841971
    endloop
  endfacet
  facet normal -0.818753361702 -0.519036889076 -0.24544583261
    outer loop
      vertex 0.00608186516911 0.00603938568383 -0.00839600991458
      vertex 0.00566048780456 0.00533019099385 -0.00806667841971
      vertex 0.00559230940416 0.00586966471747 -0.00770402047783
    endloop
  endfacet
  facet normal -0.81033885479 -0.497256189585 -0.309979319572
    outer loop
      vertex 0.00559230940416 0.00586966471747 -0.00770402047783
      vertex 0.00580239435658 0.00630262633786 -0.00777647970244
      vertex 0.00608186516911 0.00603938568383 -0.00839600991458
    endloop
  endfacet
  facet normal -0.823209285736 -0.491843760014 -0.283577382565
    outer loop
      vertex 0.00608186516911 0.00603938568383 -0.00839600991458
      vertex 0.00580239435658 0.00630262633786 -0.00777647970244
      vertex 0.00618089037016 0.00675067445263 -0.00815164949745
    endloop
  endfacet
  facet normal -0.703972578049 -0.635834395885 -0.316444635391
    outer loop
      vertex 0.00608186516911 0.00603938568383 -0.00839600991458
      vertex 0.00618089037016 0.00675067445263 -0.00815164949745
      vertex 0.00689156213775 0.00662075914443 -0.00900313723832
    endloop
  endfacet
  facet normal -0.906478941441 -0.394473075867 -0.150621905923
    outer loop
      vertex 0.00559230940416 0.00586966471747 -0.00770402047783
      vertex 0.00566048780456 0.00533019099385 -0.00806667841971
      vertex 0.00538569036871 0.00517711788416 -0.00749365566298
    endloop
  endfacet
  facet normal -0.835650205612 -0.542729914188 -0.0844566375017
    outer loop
      vertex 0.00559230940416 0.00586966471747 -0.00770402047783
      vertex 0.00538569036871 0.00517711788416 -0.00749365566298
      vertex 0.00529477000237 0.00562452198938 -0.00728404149413
    endloop
  endfacet
  facet normal -0.835284531116 -0.543243527412 -0.0847715884447
    outer loop
      vertex 0.00499690975994 0.0053792973049 -0.00686432234943
      vertex 0.00529477000237 0.00562452198938 -0.00728404149413
      vertex 0.00538569036871 0.00517711788416 -0.00749365566298
    endloop
  endfacet
  facet normal -0.835384428501 -0.543160200119 -0.0843199789524
    outer loop
      vertex 0.00538569036871 0.00517711788416 -0.00749365566298
      vertex 0.0051790708676 0.00448482157663 -0.00728334579617
      vertex 0.00499690975994 0.0053792973049 -0.00686432234943
    endloop
  endfacet
  facet normal -0.926460564137 -0.376186013222 0.0124480333179
    outer loop
      vertex 0.00499690975994 0.0053792973049 -0.00686432234943
      vertex 0.0051790708676 0.00448482157663 -0.00728334579617
      vertex 0.00489383889362 0.00456420797855 -0.00658351089805
    endloop
  endfacet
  facet normal -0.9643201828 -0.262872576714 -0.0313777327538
    outer loop
      vertex 0.00499690975994 0.0053792973049 -0.00686432234943
      vertex 0.00489383889362 0.00456420797855 -0.00658351089805
      vertex 0.00478872843087 0.00537815224379 -0.00610076729208
    endloop
  endfacet
  facet normal -0.976185798645 -0.216920748353 -0.00259177875705
    outer loop
      vertex 0.00478872843087 0.00537815224379 -0.00610076729208
      vertex 0.00489383889362 0.00456420797855 -0.00658351089805
      vertex 0.00451394775882 0.00421881629154 -0.00487805344164
    endloop
  endfacet
  facet normal -0.948533594608 -0.302376031876 0.0940891504288
    outer loop
      vertex 0.00451394775882 0.00421881629154 -0.00487805344164
      vertex 0.00437796628103 0.00554558448493 -0.0048643341288
      vertex 0.00478872843087 0.00537815224379 -0.00610076729208
    endloop
  endfacet
  facet normal -0.919840037823 -0.333547413349 -0.20649549365
    outer loop
      vertex 0.00437796628103 0.00554558448493 -0.0048643341288
      vertex 0.00482959346846 0.00619388464838 -0.0057084527798
      vertex 0.00478872843087 0.00537815224379 -0.00610076729208
    endloop
  endfacet
  facet normal -0.956971406937 -0.239870473742 -0.163303107023
    outer loop
      vertex 0.00496855983511 0.0061126826331 -0.00631814543158
      vertex 0.00478872843087 0.00537815224379 -0.00610076729208
      vertex 0.00482959346846 0.00619388464838 -0.0057084527798
    endloop
  endfacet
  facet normal -0.933674156666 -0.247308388352 -0.259019643068
    outer loop
      vertex 0.00496855983511 0.0061126826331 -0.00631814543158
      vertex 0.00482959346846 0.00619388464838 -0.0057084527798
      vertex 0.0049927001819 0.00647768424824 -0.00602699816227
    endloop
  endfacet
  facet normal -0.919175982475 -0.144089907408 -0.36654278636
    outer loop
      vertex 0.0049927001819 0.00647768424824 -0.00602699816227
      vertex 0.00482959346846 0.00619388464838 -0.0057084527798
      vertex 0.00503646535799 0.00678296526894 -0.00552959367633
    endloop
  endfacet
  facet normal -0.890199363232 -0.178836241364 -0.419002056122
    outer loop
      vertex 0.00518333818763 0.00699101109058 -0.00577325094491
      vertex 0.0049927001819 0.00647768424824 -0.00602699816227
      vertex 0.00503646535799 0.00678296526894 -0.00552959367633
    endloop
  endfacet
  facet normal -0.883337080479 -0.154640197754 -0.44249522686
    outer loop
      vertex 0.0052237296477 0.00714835897088 -0.00555373076349
      vertex 0.00518333818763 0.00699101109058 -0.00577325094491
      vertex 0.00503646535799 0.00678296526894 -0.00552959367633
    endloop
  endfacet
  facet normal -0.863223493099 -0.273464173079 -0.424337744713
    outer loop
      vertex 0.0052237296477 0.00714835897088 -0.00555373076349
      vertex 0.00503646535799 0.00678296526894 -0.00552959367633
      vertex 0.00512412097305 0.00722302496433 -0.00512344343588
    endloop
  endfacet
  facet normal 0.124804779887 0.197611942887 0.97230309248
    outer loop
      vertex 0.0052237296477 0.00714835897088 -0.00555373076349
      vertex 0.00512412097305 0.00722302496433 -0.00512344343588
      vertex 0.0049994578585 0.00712050870061 -0.00554911885411
    endloop
  endfacet
  facet normal 0.124805428088 0.197471573949 0.972331523895
    outer loop
      vertex 0.0052237296477 0.00714835897088 -0.00555373076349
      vertex 0.0049994578585 0.00712050870061 -0.00554911885411
      vertex 0.00499858800322 0.00708344345912 -0.00573107553646
    endloop
  endfacet
  facet normal 0.124306418002 0.198082953691 0.972271084785
    outer loop
      vertex 0.005273535382 0.00711090117693 -0.00576884346083
      vertex 0.0052237296477 0.00714835897088 -0.00555373076349
      vertex 0.00499858800322 0.00708344345912 -0.00573107553646
    endloop
  endfacet
  facet normal -0.762604475021 -0.27825397253 -0.583959877491
    outer loop
      vertex 0.005273535382 0.00711090117693 -0.00576884346083
      vertex 0.00518333818763 0.00699101109058 -0.00577325094491
      vertex 0.0052237296477 0.00714835897088 -0.00555373076349
    endloop
  endfacet
  facet normal 0.122916825116 0.197527304292 0.972560763359
    outer loop
      vertex 0.00476719392464 0.00705869216472 -0.00570895103738
      vertex 0.00499858800322 0.00708344345912 -0.00573107553646
      vertex 0.0049994578585 0.00712050870061 -0.00554911885411
    endloop
  endfacet
  facet normal -0.902718961239 -0.211257472634 -0.374791681767
    outer loop
      vertex 0.00503646535799 0.00678296526894 -0.00552959367633
      vertex 0.0047992891632 0.00669145630673 -0.00467846821994
      vertex 0.00512412097305 0.00722302496433 -0.00512344343588
    endloop
  endfacet
  facet normal -0.897621035576 -0.168925195932 -0.407112747431
    outer loop
      vertex 0.0047992891632 0.00669145630673 -0.00467846821994
      vertex 0.0050576175563 0.00734640518203 -0.00447271531448
      vertex 0.00512412097305 0.00722302496433 -0.00512344343588
    endloop
  endfacet
  facet normal 0.123638279736 0.197037309408 0.972568690777
    outer loop
      vertex 0.00512412097305 0.00722302496433 -0.00512344343588
      vertex 0.0050576175563 0.00734640518203 -0.00447271531448
      vertex 0.00438562780619 0.00717520294711 -0.00489609828219
    endloop
  endfacet
  facet normal 0.150638610125 0.155673250556 0.976254999638
    outer loop
      vertex 0.00441126571968 0.00727185141295 -0.00431480724365
      vertex 0.00438562780619 0.00717520294711 -0.00489609828219
      vertex 0.0050576175563 0.00734640518203 -0.00447271531448
    endloop
  endfacet
  facet normal 0.16038069129 0.20013000071 0.966553688049
    outer loop
      vertex 0.0050576175563 0.00734640518203 -0.00447271531448
      vertex 0.00496878474951 0.00751126697287 -0.00360530521721
      vertex 0.00441126571968 0.00727185141295 -0.00431480724365
    endloop
  endfacet
  facet normal 0.242067307234 0.1340521276 0.960954427719
    outer loop
      vertex 0.00496878474951 0.00751126697287 -0.00360530521721
      vertex 0.00433772196993 0.00744059495628 -0.00297236256301
      vertex 0.00441126571968 0.00727185141295 -0.00431480724365
    endloop
  endfacet
  facet normal 0.222257643938 0.13357527554 0.965794563293
    outer loop
      vertex 0.00433772196993 0.00744059495628 -0.00297236256301
      vertex 0.00323350052349 0.00711517548189 -0.00348792807199
      vertex 0.00441126571968 0.00727185141295 -0.00431480724365
    endloop
  endfacet
  facet normal 0.16408957541 0.0470231696963 0.985324025154
    outer loop
      vertex 0.00441126571968 0.00727185141295 -0.00431480724365
      vertex 0.00323350052349 0.00711517548189 -0.00348792807199
      vertex 0.00364679004997 0.00712763285264 -0.0046690874733
    endloop
  endfacet
  facet normal 0.11176918447 0.158186987042 0.981062948704
    outer loop
      vertex 0.00441126571968 0.00727185141295 -0.00431480724365
      vertex 0.00364679004997 0.00712763285264 -0.0046690874733
      vertex 0.00438562780619 0.00717520294711 -0.00489609828219
    endloop
  endfacet
  facet normal 0.121899500489 0.192709878087 0.973654687405
    outer loop
      vertex 0.00364679004997 0.00712763285264 -0.0046690874733
      vertex 0.00381522509269 0.00701911281794 -0.00532392272726
      vertex 0.00438562780619 0.00717520294711 -0.00489609828219
    endloop
  endfacet
  facet normal 0.262676984072 0.0457467250526 0.963798761368
    outer loop
      vertex 0.00323350052349 0.00711517548189 -0.00348792807199
      vertex 0.00433772196993 0.00744059495628 -0.00297236256301
      vertex 0.0039062066935 0.00735699059442 -0.00225599738769
    endloop
  endfacet
  facet normal 0.215869411826 0.0732442587614 0.973671257496
    outer loop
      vertex 0.00230253417976 0.00699212914333 -0.00237984862179
      vertex 0.00323350052349 0.00711517548189 -0.00348792807199
      vertex 0.0039062066935 0.00735699059442 -0.00225599738769
    endloop
  endfacet
  facet normal 0.229355067015 -0.126760870218 0.965053319931
    outer loop
      vertex 0.00230253417976 0.00699212914333 -0.00237984862179
      vertex 0.0039062066935 0.00735699059442 -0.00225599738769
      vertex 0.00304780201986 0.00700196065009 -0.0011062475387
    endloop
  endfacet
  facet normal 0.187248051167 -0.102029062808 0.976999640465
    outer loop
      vertex 0.00304780201986 0.00700196065009 -0.0011062475387
      vertex 0.00131957174744 0.00663857860491 -0.000798331398983
      vertex 0.00230253417976 0.00699212914333 -0.00237984862179
    endloop
  endfacet
  facet normal 0.117810204625 -0.14634783566 0.982192993164
    outer loop
      vertex 0.00131957174744 0.00663857860491 -0.000798331398983
      vertex 5.39185602975e-05 0.00658397050574 -0.001450690208
      vertex 0.00230253417976 0.00699212914333 -0.00237984862179
    endloop
  endfacet
  facet normal 0.167993307114 -0.02632673271 0.985436499119
    outer loop
      vertex 0.00160391023383 0.00690235290676 -0.00347742857412
      vertex 0.00230253417976 0.00699212914333 -0.00237984862179
      vertex 5.39185602975e-05 0.00658397050574 -0.001450690208
    endloop
  endfacet
  facet normal 0.0380674041808 -0.126599386334 0.991223216057
    outer loop
      vertex -0.000867257942446 0.0069692521356 -0.00474428245798
      vertex 0.00160391023383 0.00690235290676 -0.00347742857412
      vertex 5.39185602975e-05 0.00658397050574 -0.001450690208
    endloop
  endfacet
  facet normal -0.0749662742019 -0.0951505675912 0.992636084557
    outer loop
      vertex 5.39185602975e-05 0.00658397050574 -0.001450690208
      vertex -0.00339710433036 0.00694855349138 -0.00253515760414
      vertex -0.000867257942446 0.0069692521356 -0.00474428245798
    endloop
  endfacet
  facet normal -0.182330235839 -0.217784762383 0.958814620972
    outer loop
      vertex -0.000867257942446 0.0069692521356 -0.00474428245798
      vertex -0.00339710433036 0.00694855349138 -0.00253515760414
      vertex -0.00620315689594 0.00863373186439 -0.00760504975915
    endloop
  endfacet
  facet normal -0.255042016506 -0.0847209170461 0.963211238384
    outer loop
      vertex -0.00240760296583 0.00773942470551 -0.00886352639645
      vertex -0.000867257942446 0.0069692521356 -0.00474428245798
      vertex -0.00620315689594 0.00863373186439 -0.00760504975915
    endloop
  endfacet
  facet normal -0.355143070221 -0.518227338791 0.77801913023
    outer loop
      vertex -0.00366979045793 0.00987647753209 -0.0112069202587
      vertex -0.00240760296583 0.00773942470551 -0.00886352639645
      vertex -0.00620315689594 0.00863373186439 -0.00760504975915
    endloop
  endfacet
  facet normal -0.438322871923 -0.552817165852 0.70870745182
    outer loop
      vertex -0.00620315689594 0.00863373186439 -0.00760504975915
      vertex -0.00698389019817 0.0112820453942 -0.0103811323643
      vertex -0.00366979045793 0.00987647753209 -0.0112069202587
    endloop
  endfacet
  facet normal -0.371011912823 -0.849144876003 0.375903129578
    outer loop
      vertex -0.00366979045793 0.00987647753209 -0.0112069202587
      vertex -0.00698389019817 0.0112820453942 -0.0103811323643
      vertex -0.00415490800515 0.0118811540306 -0.0118823992088
    endloop
  endfacet
  facet normal -0.434724211693 -0.816340267658 0.380267500877
    outer loop
      vertex -0.00415490800515 0.0118811540306 -0.0118823992088
      vertex -0.00236883200705 0.010675644502 -0.0122719844803
      vertex -0.00366979045793 0.00987647753209 -0.0112069202587
    endloop
  endfacet
  facet normal -0.213308990002 -0.739566206932 0.638389468193
    outer loop
      vertex -0.00366979045793 0.00987647753209 -0.0112069202587
      vertex -0.00236883200705 0.010675644502 -0.0122719844803
      vertex -0.000789770623669 0.0087062176317 -0.0110274264589
    endloop
  endfacet
  facet normal -0.281955748796 -0.55913990736 0.779656052589
    outer loop
      vertex -0.000789770623669 0.0087062176317 -0.0110274264589
      vertex -0.00240760296583 0.00773942470551 -0.00886352639645
      vertex -0.00366979045793 0.00987647753209 -0.0112069202587
    endloop
  endfacet
  facet normal -0.261957794428 -0.707054555416 0.656850039959
    outer loop
      vertex -0.000789770623669 0.0087062176317 -0.0110274264589
      vertex -0.00236883200705 0.010675644502 -0.0122719844803
      vertex 0.00199298397638 0.00945622287691 -0.0127551648766
    endloop
  endfacet
  facet normal -0.138923838735 -0.984525203705 0.106818802655
    outer loop
      vertex 0.00199298397638 0.00945622287691 -0.0127551648766
      vertex -0.00236883200705 0.010675644502 -0.0122719844803
      vertex -0.000177615511348 0.0135454107076 -0.0128925452009
    endloop
  endfacet
  facet normal -0.00733225373551 -0.999271094799 0.0374634899199
    outer loop
      vertex 0.00442310934886 0.0108574610204 -0.0128255300224
      vertex 0.00199298397638 0.00945622287691 -0.0127551648766
      vertex -0.000177615511348 0.0135454107076 -0.0128925452009
    endloop
  endfacet
  facet normal 0.0891832262278 -0.98775357008 -0.12802067399
    outer loop
      vertex 0.00442310934886 0.0108574610204 -0.0128255300224
      vertex -0.000177615511348 0.0135454107076 -0.0128925452009
      vertex 0.00203904788941 0.0159710980952 -0.0123780164868
    endloop
  endfacet
  facet normal 0.0608227513731 -0.991487145424 -0.1151252985
    outer loop
      vertex 0.00203904788941 0.0159710980952 -0.0123780164868
      vertex 0.00663379672915 0.0132200466469 -0.0124155869707
      vertex 0.00442310934886 0.0108574610204 -0.0128255300224
    endloop
  endfacet
  facet normal 0.155207246542 -0.987536489964 -0.0261235646904
    outer loop
      vertex 0.00632381998003 0.0102013405412 -0.0125441588461
      vertex 0.00442310934886 0.0108574610204 -0.0128255300224
      vertex 0.00663379672915 0.0132200466469 -0.0124155869707
    endloop
  endfacet
  facet normal 0.33354011178 -0.942717432976 -0.00590248871595
    outer loop
      vertex 0.00632381998003 0.0102013405412 -0.0125441588461
      vertex 0.00663379672915 0.0132200466469 -0.0124155869707
      vertex 0.00803092867136 0.0116126900539 -0.0119313355535
    endloop
  endfacet
  facet normal 0.379848152399 -0.923191666603 0.0585880577564
    outer loop
      vertex 0.00803092867136 0.0116126900539 -0.0119313355535
      vertex 0.00794833153486 0.0102150253952 -0.0118766203523
      vertex 0.00632381998003 0.0102013405412 -0.0125441588461
    endloop
  endfacet
  facet normal 0.344108104706 -0.828353464603 0.44206354022
    outer loop
      vertex 0.00632381998003 0.0102013405412 -0.0125441588461
      vertex 0.00794833153486 0.0102150253952 -0.0118766203523
      vertex 0.00669667730108 0.00824506860226 -0.0113452756777
    endloop
  endfacet
  facet normal 0.265492320061 -0.843747019768 0.466481238604
    outer loop
      vertex 0.00669667730108 0.00824506860226 -0.0113452756777
      vertex 0.00482230726629 0.00939870998263 -0.0125728743151
      vertex 0.00632381998003 0.0102013405412 -0.0125441588461
    endloop
  endfacet
  facet normal 0.0959773138165 -0.984866380692 0.144314005971
    outer loop
      vertex 0.00482230726629 0.00939870998263 -0.0125728743151
      vertex 0.00442310934886 0.0108574610204 -0.0128255300224
      vertex 0.00632381998003 0.0102013405412 -0.0125441588461
    endloop
  endfacet
  facet normal 0.0604026541114 -0.986179590225 0.154276713729
    outer loop
      vertex 0.00482230726629 0.00939870998263 -0.0125728743151
      vertex 0.00199298397638 0.00945622287691 -0.0127551648766
      vertex 0.00442310934886 0.0108574610204 -0.0128255300224
    endloop
  endfacet
  facet normal 0.310187608004 -0.949054896832 0.0554838329554
    outer loop
      vertex 0.00871831271797 0.0105672078207 -0.0116455508396
      vertex 0.00794833153486 0.0102150253952 -0.0118766203523
      vertex 0.00803092867136 0.0116126900539 -0.0119313355535
    endloop
  endfacet
  facet normal 0.604713857174 -0.774445295334 -0.185891479254
    outer loop
      vertex 0.00871831271797 0.0105672078207 -0.0116455508396
      vertex 0.00803092867136 0.0116126900539 -0.0119313355535
      vertex 0.00926411803812 0.0114574097097 -0.0110056903213
    endloop
  endfacet
  facet normal 0.829475462437 -0.54640096426 0.115829579532
    outer loop
      vertex 0.00926411803812 0.0114574097097 -0.0110056903213
      vertex 0.00937931891531 0.0102011999115 -0.0105645079166
      vertex 0.00871831271797 0.0105672078207 -0.0116455508396
    endloop
  endfacet
  facet normal 0.651463210583 -0.73251760006 0.197518602014
    outer loop
      vertex 0.00926411803812 0.0114574097097 -0.0110056903213
      vertex 0.00980764441192 0.0106228776276 -0.0102972798049
      vertex 0.00937931891531 0.0102011999115 -0.0105645079166
    endloop
  endfacet
  facet normal 0.745498001575 -0.500656425953 0.439972549677
    outer loop
      vertex 0.00980764441192 0.0106228776276 -0.0102972798049
      vertex 0.00985322706401 0.0100396340713 -0.00971685536206
      vertex 0.00937931891531 0.0102011999115 -0.0105645079166
    endloop
  endfacet
  facet normal 0.678244233131 -0.484501868486 0.55248773098
    outer loop
      vertex 0.00937931891531 0.0102011999115 -0.0105645079166
      vertex 0.00985322706401 0.0100396340713 -0.00971685536206
      vertex 0.00909602083266 0.00941521674395 -0.010064817965
    endloop
  endfacet
  facet normal 0.68559896946 -0.309697031975 0.658818483353
    outer loop
      vertex 0.00985322706401 0.0100396340713 -0.00971685536206
      vertex 0.00946495495737 0.00951153133065 -0.00945296976715
      vertex 0.00909602083266 0.00941521674395 -0.010064817965
    endloop
  endfacet
  facet normal 0.633055984974 -0.267365396023 0.726468026638
    outer loop
      vertex 0.00909602083266 0.00941521674395 -0.010064817965
      vertex 0.00946495495737 0.00951153133065 -0.00945296976715
      vertex 0.00919579621404 0.0092549091205 -0.00939299538732
    endloop
  endfacet
  facet normal 0.693061709404 -0.263079553843 0.671159148216
    outer loop
      vertex 0.00888509303331 0.00902096927166 -0.00961469858885
      vertex 0.00909602083266 0.00941521674395 -0.010064817965
      vertex 0.00919579621404 0.0092549091205 -0.00939299538732
    endloop
  endfacet
  facet normal 0.657277286053 -0.139661490917 0.740595161915
    outer loop
      vertex 0.00888509303331 0.00902096927166 -0.00961469858885
      vertex 0.00919579621404 0.0092549091205 -0.00939299538732
      vertex 0.00881562568247 0.00889211334288 -0.00925833079964
    endloop
  endfacet
  facet normal 0.667509317398 -0.134675100446 0.732320904732
    outer loop
      vertex 0.00881562568247 0.00889211334288 -0.00925833079964
      vertex 0.00843550916761 0.00860521104187 -0.00958227179945
      vertex 0.00888509303331 0.00902096927166 -0.00961469858885
    endloop
  endfacet
  facet normal 0.653274953365 -0.102137729526 0.750199794769
    outer loop
      vertex 0.00843550916761 0.00860521104187 -0.00958227179945
      vertex 0.00881562568247 0.00889211334288 -0.00925833079964
      vertex 0.00852928124368 0.00858127325773 -0.00880668312311
    endloop
  endfacet
  facet normal 0.642453849316 -0.114205926657 0.757766485214
    outer loop
      vertex 0.0088884467259 0.00889859348536 -0.00889168120921
      vertex 0.00852928124368 0.00858127325773 -0.00880668312311
      vertex 0.00881562568247 0.00889211334288 -0.00925833079964
    endloop
  endfacet
  facet normal 0.642959535122 -0.114314235747 0.757321119308
    outer loop
      vertex 0.0088884467259 0.00889859348536 -0.00889168120921
      vertex 0.00881562568247 0.00889211334288 -0.00925833079964
      vertex 0.00924730487168 0.0092161372304 -0.00897698663175
    endloop
  endfacet
  facet normal -0.579028666019 -0.661445856094 -0.476670920849
    outer loop
      vertex 0.00908928364515 0.0086013013497 -0.00928173772991
      vertex 0.0088884467259 0.00889859348536 -0.00889168120921
      vertex 0.00924730487168 0.0092161372304 -0.00897698663175
    endloop
  endfacet
  facet normal -0.578528344631 -0.661836624146 -0.476736038923
    outer loop
      vertex 0.00908928364515 0.0086013013497 -0.00928173772991
      vertex 0.00924730487168 0.0092161372304 -0.00897698663175
      vertex 0.00980731006712 0.00923616532236 -0.00945207569748
    endloop
  endfacet
  facet normal -0.500252723694 -0.790329933167 -0.353731244802
    outer loop
      vertex 0.0100495964289 0.00854786578566 -0.0099135003984
      vertex 0.00908928364515 0.0086013013497 -0.00928173772991
      vertex 0.00980731006712 0.00923616532236 -0.00945207569748
    endloop
  endfacet
  facet normal -0.383567810059 -0.823862373829 -0.417284697294
    outer loop
      vertex 0.0106264492497 0.00905544031411 -0.0099249817431
      vertex 0.0100495964289 0.00854786578566 -0.0099135003984
      vertex 0.00980731006712 0.00923616532236 -0.00945207569748
    endloop
  endfacet
  facet normal -0.405856996775 -0.840328156948 -0.35934484005
    outer loop
      vertex 0.0108401095495 0.00988784618676 -0.00967221707106
      vertex 0.0106264492497 0.00905544031411 -0.0099249817431
      vertex 0.00980731006712 0.00923616532236 -0.00945207569748
    endloop
  endfacet
  facet normal -0.464310765266 -0.740642905235 -0.485657930374
    outer loop
      vertex 0.00980731006712 0.00923616532236 -0.00945207569748
      vertex 0.00996501743793 0.0098512256518 -0.0091476328671
      vertex 0.0108401095495 0.00988784618676 -0.00967221707106
    endloop
  endfacet
  facet normal -0.467717081308 -0.747275948524 -0.47203746438
    outer loop
      vertex 0.0108401095495 0.00988784618676 -0.00967221707106
      vertex 0.00996501743793 0.0098512256518 -0.0091476328671
      vertex 0.0102602476254 0.0104334913194 -0.00896461121738
    endloop
  endfacet
  facet normal -0.387093991041 -0.740670323372 -0.549149990082
    outer loop
      vertex 0.0102602476254 0.0104334913194 -0.00896461121738
      vertex 0.0109063601121 0.0106433257461 -0.00914671178907
      vertex 0.0108401095495 0.00988784618676 -0.00967221707106
    endloop
  endfacet
  facet normal -0.112125039101 -0.811115562916 -0.574037909508
    outer loop
      vertex 0.0108401095495 0.00988784618676 -0.00967221707106
      vertex 0.0109063601121 0.0106433257461 -0.00914671178907
      vertex 0.0115412641317 0.0105770966038 -0.00928134843707
    endloop
  endfacet
  facet normal -0.185207903385 -0.761998414993 -0.6205291152
    outer loop
      vertex 0.0115412641317 0.0105770966038 -0.00928134843707
      vertex 0.0122036105022 0.0102756973356 -0.00968777853996
      vertex 0.0108401095495 0.00988784618676 -0.00967221707106
    endloop
  endfacet
  facet normal -0.105782039464 -0.936510026455 -0.334303945303
    outer loop
      vertex 0.0108401095495 0.00988784618676 -0.00967221707106
      vertex 0.0122036105022 0.0102756973356 -0.00968777853996
      vertex 0.0117767620832 0.00905898585916 -0.0100738918409
    endloop
  endfacet
  facet normal -0.122717440128 -0.940430521965 -0.317066013813
    outer loop
      vertex 0.0117767620832 0.00905898585916 -0.0100738918409
      vertex 0.0106264492497 0.00905544031411 -0.0099249817431
      vertex 0.0108401095495 0.00988784618676 -0.00967221707106
    endloop
  endfacet
  facet normal -0.110128469765 -0.838005959988 -0.534432172775
    outer loop
      vertex 0.0106264492497 0.00905544031411 -0.0099249817431
      vertex 0.0117767620832 0.00905898585916 -0.0100738918409
      vertex 0.010929078795 0.00854884274304 -0.0102878306061
    endloop
  endfacet
  facet normal -0.36083137989 -0.846744716167 -0.390927314758
    outer loop
      vertex 0.0106264492497 0.00905544031411 -0.0099249817431
      vertex 0.010929078795 0.00854884274304 -0.0102878306061
      vertex 0.0100495964289 0.00854786578566 -0.0099135003984
    endloop
  endfacet
  facet normal -0.354629844427 -0.83208155632 -0.426471531391
    outer loop
      vertex 0.0100495964289 0.00854786578566 -0.0099135003984
      vertex 0.010929078795 0.00854884274304 -0.0102878306061
      vertex 0.0100692370906 0.00739942258224 -0.0105104893446
    endloop
  endfacet
  facet normal -0.390271753073 -0.819633483887 -0.419391125441
    outer loop
      vertex 0.0100495964289 0.00854786578566 -0.0099135003984
      vertex 0.0100692370906 0.00739942258224 -0.0105104893446
      vertex 0.00905007310212 0.00783981662244 -0.00979986879975
    endloop
  endfacet
  facet normal -0.449758708477 -0.727483570576 -0.518155157566
    outer loop
      vertex 0.00905007310212 0.00783981662244 -0.00979986879975
      vertex 0.00908928364515 0.0086013013497 -0.00928173772991
      vertex 0.0100495964289 0.00854786578566 -0.0099135003984
    endloop
  endfacet
  facet normal -0.393538713455 -0.820886075497 -0.413851886988
    outer loop
      vertex 0.00847176276147 0.00671637291089 -0.0100890100002
      vertex 0.00905007310212 0.00783981662244 -0.00979986879975
      vertex 0.0100692370906 0.00739942258224 -0.0105104893446
    endloop
  endfacet
  facet normal -0.325649768114 -0.926181793213 -0.190104082227
    outer loop
      vertex 0.00911570992321 0.00556200789288 -0.0105523644015
      vertex 0.00847176276147 0.00671637291089 -0.0100890100002
      vertex 0.0100692370906 0.00739942258224 -0.0105104893446
    endloop
  endfacet
  facet normal -0.141168549657 -0.985347628593 -0.0957158133388
    outer loop
      vertex 0.00911570992321 0.00556200789288 -0.0105523644015
      vertex 0.0100692370906 0.00739942258224 -0.0105104893446
      vertex 0.010691053234 0.00511169852689 -0.0108218025416
    endloop
  endfacet
  facet normal -0.189446598291 -0.978862643242 0.0770582035184
    outer loop
      vertex 0.010691053234 0.00511169852689 -0.0108218025416
      vertex 0.00961568951607 0.00278969993815 -0.0104308873415
      vertex 0.00911570992321 0.00556200789288 -0.0105523644015
    endloop
  endfacet
  facet normal -0.381642282009 -0.917855083942 0.109047062695
    outer loop
      vertex 0.00961568951607 0.00278969993815 -0.0104308873415
      vertex 0.00727863050997 0.00448485044762 -0.00966053735465
      vertex 0.00911570992321 0.00556200789288 -0.0105523644015
    endloop
  endfacet
  facet normal -0.518849670887 -0.773609578609 0.363762617111
    outer loop
      vertex 0.00757855083793 0.00235844007693 -0.0088618202135
      vertex 0.00727863050997 0.00448485044762 -0.00966053735465
      vertex 0.00961568951607 0.00278969993815 -0.0104308873415
    endloop
  endfacet
  facet normal -0.427810132504 -0.709385037422 0.560135126114
    outer loop
      vertex 0.00901901070029 0.000507171323989 -0.00826874747872
      vertex 0.00757855083793 0.00235844007693 -0.0088618202135
      vertex 0.00961568951607 0.00278969993815 -0.0104308873415
    endloop
  endfacet
  facet normal 0.0203316025436 -0.723184227943 0.690355837345
    outer loop
      vertex 0.0115938335657 0.00223234971054 -0.00984322372824
      vertex 0.00901901070029 0.000507171323989 -0.00826874747872
      vertex 0.00961568951607 0.00278969993815 -0.0104308873415
    endloop
  endfacet
  facet normal 0.208477407694 -0.944067597389 0.255486786366
    outer loop
      vertex 0.0115938335657 0.00223234971054 -0.00984322372824
      vertex 0.00961568951607 0.00278969993815 -0.0104308873415
      vertex 0.010691053234 0.00511169852689 -0.0108218025416
    endloop
  endfacet
  facet normal 0.354236662388 -0.913640081882 0.199444815516
    outer loop
      vertex 0.010691053234 0.00511169852689 -0.0108218025416
      vertex 0.0144820874557 0.00515787210315 -0.00936202239245
      vertex 0.0115938335657 0.00223234971054 -0.00984322372824
    endloop
  endfacet
  facet normal 0.627196907997 -0.575780808926 0.524500250816
    outer loop
      vertex 0.0144820874557 0.00515787210315 -0.00936202239245
      vertex 0.0142465243116 0.00012658223568 -0.00503542972729
      vertex 0.0115938335657 0.00223234971054 -0.00984322372824
    endloop
  endfacet
  facet normal 0.249299496412 -0.500636994839 0.828982710838
    outer loop
      vertex 0.0115938335657 0.00223234971054 -0.00984322372824
      vertex 0.0142465243116 0.00012658223568 -0.00503542972729
      vertex 0.00901901070029 0.000507171323989 -0.00826874747872
    endloop
  endfacet
  facet normal 0.00124633871019 -0.118888646364 0.992906808853
    outer loop
      vertex 0.0142465243116 0.00012658223568 -0.00503542972729
      vertex 0.00710482988507 -3.55979536835e-05 -0.0037558383774
      vertex 0.00901901070029 0.000507171323989 -0.00826874747872
    endloop
  endfacet
  facet normal -0.5723695755 -0.332902610302 0.749378979206
    outer loop
      vertex 0.00901901070029 0.000507171323989 -0.00826874747872
      vertex 0.00710482988507 -3.55979536835e-05 -0.0037558383774
      vertex 0.00641432404518 0.00170580984559 -0.00648861983791
    endloop
  endfacet
  facet normal -0.614433467388 -0.474720418453 0.630168259144
    outer loop
      vertex 0.00641432404518 0.00170580984559 -0.00648861983791
      vertex 0.00757855083793 0.00235844007693 -0.0088618202135
      vertex 0.00901901070029 0.000507171323989 -0.00826874747872
    endloop
  endfacet
  facet normal -0.709199666977 -0.487871587276 0.508937239647
    outer loop
      vertex 0.00622276170179 0.00373903545551 -0.00833117123693
      vertex 0.00757855083793 0.00235844007693 -0.0088618202135
      vertex 0.00641432404518 0.00170580984559 -0.00648861983791
    endloop
  endfacet
  facet normal -0.715032100677 -0.483181923628 0.50523686409
    outer loop
      vertex 0.00641432404518 0.00170580984559 -0.00648861983791
      vertex 0.00535795092583 0.00361847644672 -0.00692532677203
      vertex 0.00622276170179 0.00373903545551 -0.00833117123693
    endloop
  endfacet
  facet normal -0.776477813721 -0.509456813335 0.370858430862
    outer loop
      vertex 0.00622276170179 0.00373903545551 -0.00833117123693
      vertex 0.00535795092583 0.00361847644672 -0.00692532677203
      vertex 0.0051790708676 0.00448482157663 -0.00728334579617
    endloop
  endfacet
  facet normal -0.7764133811 -0.50488781929 0.37718769908
    outer loop
      vertex 0.0055594057776 0.00481362408027 -0.00811386108398
      vertex 0.00622276170179 0.00373903545551 -0.00833117123693
      vertex 0.0051790708676 0.00448482157663 -0.00728334579617
    endloop
  endfacet
  facet normal -0.919799745083 -0.355267703533 -0.166593253613
    outer loop
      vertex 0.0051790708676 0.00448482157663 -0.00728334579617
      vertex 0.00538569036871 0.00517711788416 -0.00749365566298
      vertex 0.0055594057776 0.00481362408027 -0.00811386108398
    endloop
  endfacet
  facet normal -0.902171611786 -0.37630289793 -0.21090875566
    outer loop
      vertex 0.00566048780456 0.00533019099385 -0.00806667841971
      vertex 0.0055594057776 0.00481362408027 -0.00811386108398
      vertex 0.00538569036871 0.00517711788416 -0.00749365566298
    endloop
  endfacet
  facet normal -0.758383452892 -0.618759393692 -0.204917982221
    outer loop
      vertex 0.00566048780456 0.00533019099385 -0.00806667841971
      vertex 0.00616222806275 0.00496443361044 -0.00880276691169
      vertex 0.0055594057776 0.00481362408027 -0.00811386108398
    endloop
  endfacet
  facet normal -0.687842309475 -0.665388166904 0.290054410696
    outer loop
      vertex 0.0055594057776 0.00481362408027 -0.00811386108398
      vertex 0.00616222806275 0.00496443361044 -0.00880276691169
      vertex 0.00622276170179 0.00373903545551 -0.00833117123693
    endloop
  endfacet
  facet normal -0.658799052238 -0.690636694431 0.298336625099
    outer loop
      vertex 0.00622276170179 0.00373903545551 -0.00833117123693
      vertex 0.00616222806275 0.00496443361044 -0.00880276691169
      vertex 0.00727863050997 0.00448485044762 -0.00966053735465
    endloop
  endfacet
  facet normal -0.628141582012 -0.695095360279 0.349686443806
    outer loop
      vertex 0.00622276170179 0.00373903545551 -0.00833117123693
      vertex 0.00727863050997 0.00448485044762 -0.00966053735465
      vertex 0.00757855083793 0.00235844007693 -0.0088618202135
    endloop
  endfacet
  facet normal -0.59646832943 -0.801383197308 -0.0448389872909
    outer loop
      vertex 0.00727863050997 0.00448485044762 -0.00966053735465
      vertex 0.00616222806275 0.00496443361044 -0.00880276691169
      vertex 0.00658807018772 0.00566879613325 -0.00908031035215
    endloop
  endfacet
  facet normal -0.889847815037 -0.326527088881 0.31867057085
    outer loop
      vertex 0.00489383889362 0.00456420797855 -0.00658351089805
      vertex 0.0051790708676 0.00448482157663 -0.00728334579617
      vertex 0.00535795092583 0.00361847644672 -0.00692532677203
    endloop
  endfacet
  facet normal -0.889539301395 -0.328047543764 0.317969620228
    outer loop
      vertex 0.00504521140829 0.00306260585785 -0.0055385036394
      vertex 0.00489383889362 0.00456420797855 -0.00658351089805
      vertex 0.00535795092583 0.00361847644672 -0.00692532677203
    endloop
  endfacet
  facet normal -0.770672619343 -0.379094898701 0.512201845646
    outer loop
      vertex 0.00641432404518 0.00170580984559 -0.00648861983791
      vertex 0.00504521140829 0.00306260585785 -0.0055385036394
      vertex 0.00535795092583 0.00361847644672 -0.00692532677203
    endloop
  endfacet
  facet normal -0.770780444145 -0.365516573191 0.52181905508
    outer loop
      vertex 0.00504521140829 0.00306260585785 -0.0055385036394
      vertex 0.00641432404518 0.00170580984559 -0.00648861983791
      vertex 0.00495196785778 0.00213327095844 -0.0040151393041
    endloop
  endfacet
  facet normal -0.927177608013 -0.234821155667 0.291891545057
    outer loop
      vertex 0.00495196785778 0.00213327095844 -0.0040151393041
      vertex 0.00451394775882 0.00421881629154 -0.00487805344164
      vertex 0.00504521140829 0.00306260585785 -0.0055385036394
    endloop
  endfacet
  facet normal -0.924972236156 -0.261823177338 0.275454103947
    outer loop
      vertex 0.00489383889362 0.00456420797855 -0.00658351089805
      vertex 0.00504521140829 0.00306260585785 -0.0055385036394
      vertex 0.00451394775882 0.00421881629154 -0.00487805344164
    endloop
  endfacet
  facet normal -0.937223911285 -0.205392181873 0.281825006008
    outer loop
      vertex 0.00495196785778 0.00213327095844 -0.0040151393041
      vertex 0.00429034791887 0.0027621302288 -0.00185898237396
      vertex 0.00451394775882 0.00421881629154 -0.00487805344164
    endloop
  endfacet
  facet normal -0.980884552002 -0.138565406203 0.136620551348
    outer loop
      vertex 0.00429034791887 0.0027621302288 -0.00185898237396
      vertex 0.00406956579536 0.0055447188206 -0.00303963012993
      vertex 0.00451394775882 0.00421881629154 -0.00487805344164
    endloop
  endfacet
  facet normal -0.981179475784 -0.165879994631 0.0988465026021
    outer loop
      vertex 0.00437796628103 0.00554558448493 -0.0048643341288
      vertex 0.00451394775882 0.00421881629154 -0.00487805344164
      vertex 0.00406956579536 0.0055447188206 -0.00303963012993
    endloop
  endfacet
  facet normal -0.949018239975 -0.160268634558 -0.271437644958
    outer loop
      vertex 0.00445099221542 0.00645045051351 -0.00376422982663
      vertex 0.00437796628103 0.00554558448493 -0.0048643341288
      vertex 0.00406956579536 0.0055447188206 -0.00303963012993
    endloop
  endfacet
  facet normal -0.949782133102 -0.180177152157 -0.255832225084
    outer loop
      vertex 0.00406956579536 0.0055447188206 -0.00303963012993
      vertex 0.0043332260102 0.00672056293115 -0.00275991042145
      vertex 0.00445099221542 0.00645045051351 -0.00376422982663
    endloop
  endfacet
  facet normal -0.894740998745 -0.210803002119 -0.393701195717
    outer loop
      vertex 0.00445099221542 0.00645045051351 -0.00376422982663
      vertex 0.0043332260102 0.00672056293115 -0.00275991042145
      vertex 0.00462920311838 0.00700886081904 -0.00347773567773
    endloop
  endfacet
  facet normal -0.877132117748 -0.251649200916 -0.409037768841
    outer loop
      vertex 0.00445099221542 0.00645045051351 -0.00376422982663
      vertex 0.00462920311838 0.00700886081904 -0.00347773567773
      vertex 0.0048203766346 0.00699911313131 -0.00415992131457
    endloop
  endfacet
  facet normal -0.875298023224 -0.219929039478 -0.430679261684
    outer loop
      vertex 0.0047992891632 0.00669145630673 -0.00467846821994
      vertex 0.00445099221542 0.00645045051351 -0.00376422982663
      vertex 0.0048203766346 0.00699911313131 -0.00415992131457
    endloop
  endfacet
  facet normal -0.885090708733 -0.210334539413 -0.415179252625
    outer loop
      vertex 0.0048203766346 0.00699911313131 -0.00415992131457
      vertex 0.0050576175563 0.00734640518203 -0.00447271531448
      vertex 0.0047992891632 0.00669145630673 -0.00467846821994
    endloop
  endfacet
  facet normal -0.879137337208 -0.17433334887 -0.443537443876
    outer loop
      vertex 0.0050576175563 0.00734640518203 -0.00447271531448
      vertex 0.0048203766346 0.00699911313131 -0.00415992131457
      vertex 0.00496878474951 0.00751126697287 -0.00360530521721
    endloop
  endfacet
  facet normal -0.83145314455 -0.240162342787 -0.50100672245
    outer loop
      vertex 0.00462920311838 0.00700886081904 -0.00347773567773
      vertex 0.00496878474951 0.00751126697287 -0.00360530521721
      vertex 0.0048203766346 0.00699911313131 -0.00415992131457
    endloop
  endfacet
  facet normal -0.836398243904 -0.148457348347 -0.527634680271
    outer loop
      vertex 0.00493523664773 0.00763327861205 -0.00298265041783
      vertex 0.00496878474951 0.00751126697287 -0.00360530521721
      vertex 0.00462920311838 0.00700886081904 -0.00347773567773
    endloop
  endfacet
  facet normal -0.841932594776 -0.137604191899 -0.52174192667
    outer loop
      vertex 0.0043332260102 0.00672056293115 -0.00275991042145
      vertex 0.00493523664773 0.00763327861205 -0.00298265041783
      vertex 0.00462920311838 0.00700886081904 -0.00347773567773
    endloop
  endfacet
  facet normal -0.841872513294 -0.143017753959 -0.52038115263
    outer loop
      vertex 0.00493523664773 0.00763327861205 -0.00298265041783
      vertex 0.0043332260102 0.00672056293115 -0.00275991042145
      vertex 0.00483640888706 0.00764263560995 -0.00236685923301
    endloop
  endfacet
  facet normal 0.30728200078 0.0637422204018 0.94948130846
    outer loop
      vertex 0.00433772196993 0.00744059495628 -0.00297236256301
      vertex 0.00493523664773 0.00763327861205 -0.00298265041783
      vertex 0.00483640888706 0.00764263560995 -0.00236685923301
    endloop
  endfacet
  facet normal 0.300440371037 0.0699608698487 0.951231360435
    outer loop
      vertex 0.0039062066935 0.00735699059442 -0.00225599738769
      vertex 0.00433772196993 0.00744059495628 -0.00297236256301
      vertex 0.00483640888706 0.00764263560995 -0.00236685923301
    endloop
  endfacet
  facet normal 0.30079010129 0.0739598050714 0.950818181038
    outer loop
      vertex 0.0039062066935 0.00735699059442 -0.00225599738769
      vertex 0.00483640888706 0.00764263560995 -0.00236685923301
      vertex 0.00470621278509 0.00766875268891 -0.00150159792975
    endloop
  endfacet
  facet normal 0.390416294336 -0.0338134430349 0.920017242432
    outer loop
      vertex 0.0039062066935 0.00735699059442 -0.00225599738769
      vertex 0.00470621278509 0.00766875268891 -0.00150159792975
      vertex 0.00393752753735 0.00732260663062 -0.000958811608143
    endloop
  endfacet
  facet normal 0.343716174364 -0.0331754349172 0.938487410545
    outer loop
      vertex 0.00304780201986 0.00700196065009 -0.0011062475387
      vertex 0.0039062066935 0.00735699059442 -0.00225599738769
      vertex 0.00393752753735 0.00732260663062 -0.000958811608143
    endloop
  endfacet
  facet normal 0.355051130056 -0.128921478987 0.925914645195
    outer loop
      vertex 0.00304780201986 0.00700196065009 -0.0011062475387
      vertex 0.00393752753735 0.00732260663062 -0.000958811608143
      vertex 0.00369863933884 0.00706900050864 0.000204684998607
    endloop
  endfacet
  facet normal 0.468623906374 -0.188521802425 0.863047599792
    outer loop
      vertex 0.00292701367289 0.00657103676349 0.000566258269828
      vertex 0.00304780201986 0.00700196065009 -0.0011062475387
      vertex 0.00369863933884 0.00706900050864 0.000204684998607
    endloop
  endfacet
  facet normal 0.455945968628 -0.21604539454 0.863387286663
    outer loop
      vertex 0.00292701367289 0.00657103676349 0.000566258269828
      vertex 0.00369863933884 0.00706900050864 0.000204684998607
      vertex 0.00369766377844 0.00687933480367 0.000960592122283
    endloop
  endfacet
  facet normal 0.484926044941 -0.307654261589 0.818654716015
    outer loop
      vertex 0.003313658759 0.00651628803462 0.00132137397304
      vertex 0.00292701367289 0.00657103676349 0.000566258269828
      vertex 0.00369766377844 0.00687933480367 0.000960592122283
    endloop
  endfacet
  facet normal -0.786838650703 -0.288469254971 -0.545591831207
    outer loop
      vertex 0.003313658759 0.00651628803462 0.00132137397304
      vertex 0.00369766377844 0.00687933480367 0.000960592122283
      vertex 0.00353701296262 0.0063484380953 0.000394685106585
    endloop
  endfacet
  facet normal -0.94056469202 -0.265138655901 -0.212225303054
    outer loop
      vertex 0.00309505965561 0.00495345657691 0.000845903006848
      vertex 0.003313658759 0.00651628803462 0.00132137397304
      vertex 0.00353701296262 0.0063484380953 0.000394685106585
    endloop
  endfacet
  facet normal -0.945367693901 -0.238356411457 -0.222409904003
    outer loop
      vertex 0.00359106925316 0.00527351489291 -0.000822720990982
      vertex 0.00309505965561 0.00495345657691 0.000845903006848
      vertex 0.00353701296262 0.0063484380953 0.000394685106585
    endloop
  endfacet
  facet normal -0.933538734913 -0.259667217731 -0.247140362859
    outer loop
      vertex 0.00381154427305 0.00672092707828 -0.000237773070694
      vertex 0.00359106925316 0.00527351489291 -0.000822720990982
      vertex 0.00353701296262 0.0063484380953 0.000394685106585
    endloop
  endfacet
  facet normal -0.846959710121 -0.0562776587903 -0.52867013216
    outer loop
      vertex 0.00408138195053 0.00724238343537 0.00059980340302
      vertex 0.00381154427305 0.00672092707828 -0.000237773070694
      vertex 0.00353701296262 0.0063484380953 0.000394685106585
    endloop
  endfacet
  facet normal -0.787047743797 -0.288240432739 -0.545411169529
    outer loop
      vertex 0.00353701296262 0.0063484380953 0.000394685106585
      vertex 0.00369766377844 0.00687933480367 0.000960592122283
      vertex 0.00408138195053 0.00724238343537 0.00059980340302
    endloop
  endfacet
  facet normal 0.567840456963 -0.199635803699 0.798562943935
    outer loop
      vertex 0.00369863933884 0.00706900050864 0.000204684998607
      vertex 0.00408138195053 0.00724238343537 0.00059980340302
      vertex 0.00369766377844 0.00687933480367 0.000960592122283
    endloop
  endfacet
  facet normal 0.518505752087 -0.131513059139 0.844900012016
    outer loop
      vertex 0.00408138195053 0.00724238343537 0.00059980340302
      vertex 0.00369863933884 0.00706900050864 0.000204684998607
      vertex 0.00434802332893 0.00746255088598 0.000236613210291
    endloop
  endfacet
  facet normal -0.748608350754 -0.159481972456 -0.643545687199
    outer loop
      vertex 0.00434802332893 0.00746255088598 0.000236613210291
      vertex 0.00381154427305 0.00672092707828 -0.000237773070694
      vertex 0.00408138195053 0.00724238343537 0.00059980340302
    endloop
  endfacet
  facet normal -0.77978348732 -0.0873091667891 -0.619931340218
    outer loop
      vertex 0.00381154427305 0.00672092707828 -0.000237773070694
      vertex 0.00434802332893 0.00746255088598 0.000236613210291
      vertex 0.00464384397492 0.00774411670864 -0.000406208011555
    endloop
  endfacet
  facet normal -0.779780507088 -0.0870536267757 -0.619970977306
    outer loop
      vertex 0.00381154427305 0.00672092707828 -0.000237773070694
      vertex 0.00464384397492 0.00774411670864 -0.000406208011555
      vertex 0.00470621278509 0.00766875268891 -0.00150159792975
    endloop
  endfacet
  facet normal -0.80416226387 -0.135161265731 -0.57883888483
    outer loop
      vertex 0.00470621278509 0.00766875268891 -0.00150159792975
      vertex 0.00389900244772 0.00647408002988 -0.0018152584089
      vertex 0.00381154427305 0.00672092707828 -0.000237773070694
    endloop
  endfacet
  facet normal -0.979660928249 -0.0829078182578 -0.182731434703
    outer loop
      vertex 0.00381154427305 0.00672092707828 -0.000237773070694
      vertex 0.00389900244772 0.00647408002988 -0.0018152584089
      vertex 0.00359106925316 0.00527351489291 -0.000822720990982
    endloop
  endfacet
  facet normal -0.976060986519 -0.200304329395 -0.084753446281
    outer loop
      vertex 0.00406956579536 0.0055447188206 -0.00303963012993
      vertex 0.00359106925316 0.00527351489291 -0.000822720990982
      vertex 0.00389900244772 0.00647408002988 -0.0018152584089
    endloop
  endfacet
  facet normal -0.897550344467 -0.339016497135 -0.281906306744
    outer loop
      vertex 0.00389900244772 0.00647408002988 -0.0018152584089
      vertex 0.0043332260102 0.00672056293115 -0.00275991042145
      vertex 0.00406956579536 0.0055447188206 -0.00303963012993
    endloop
  endfacet
  facet normal -0.809254586697 -0.231058344245 -0.540110230446
    outer loop
      vertex 0.00483640888706 0.00764263560995 -0.00236685923301
      vertex 0.0043332260102 0.00672056293115 -0.00275991042145
      vertex 0.00389900244772 0.00647408002988 -0.0018152584089
    endloop
  endfacet
  facet normal -0.803387463093 -0.138367444277 -0.579157173634
    outer loop
      vertex 0.00389900244772 0.00647408002988 -0.0018152584089
      vertex 0.00470621278509 0.00766875268891 -0.00150159792975
      vertex 0.00483640888706 0.00764263560995 -0.00236685923301
    endloop
  endfacet
  facet normal -0.958223998547 -0.22795599699 0.172750860453
    outer loop
      vertex 0.00359106925316 0.00527351489291 -0.000822720990982
      vertex 0.00406956579536 0.0055447188206 -0.00303963012993
      vertex 0.00429034791887 0.0027621302288 -0.00185898237396
    endloop
  endfacet
  facet normal -0.919438540936 -0.380573600531 0.0989773795009
    outer loop
      vertex 0.00340080983005 0.00236709881574 0.000392815825762
      vertex 0.00359106925316 0.00527351489291 -0.000822720990982
      vertex 0.00429034791887 0.0027621302288 -0.00185898237396
    endloop
  endfacet
  facet normal -0.80571359396 -0.395615816116 0.440810352564
    outer loop
      vertex 0.0046821096912 8.99901642697e-05 0.000320554361679
      vertex 0.00340080983005 0.00236709881574 0.000392815825762
      vertex 0.00429034791887 0.0027621302288 -0.00185898237396
    endloop
  endfacet
  facet normal -0.759506225586 -0.445089817047 0.474389463663
    outer loop
      vertex 0.00429034791887 0.0027621302288 -0.00185898237396
      vertex 0.00562082976103 0.00113189604599 -0.00239178095944
      vertex 0.0046821096912 8.99901642697e-05 0.000320554361679
    endloop
  endfacet
  facet normal -0.453416079283 -0.452009856701 0.768180251122
    outer loop
      vertex 0.0046821096912 8.99901642697e-05 0.000320554361679
      vertex 0.00562082976103 0.00113189604599 -0.00239178095944
      vertex 0.00659110955894 -0.000907670124434 0.000101116180304
    endloop
  endfacet
  facet normal -0.47100508213 -0.245806694031 0.847191393375
    outer loop
      vertex 0.0046821096912 8.99901642697e-05 0.000320554361679
      vertex 0.00659110955894 -0.000907670124434 0.000101116180304
      vertex 0.00605932762846 -0.00164703221526 0.00366836320609
    endloop
  endfacet
  facet normal -0.429918050766 -0.27013733983 0.861508131027
    outer loop
      vertex 0.00308089680038 0.00038244962343 0.00193615572061
      vertex 0.0046821096912 8.99901642697e-05 0.000320554361679
      vertex 0.00605932762846 -0.00164703221526 0.00366836320609
    endloop
  endfacet
  facet normal -0.520192027092 -0.0993800088763 0.848247528076
    outer loop
      vertex 0.00308089680038 0.00038244962343 0.00193615572061
      vertex 0.00605932762846 -0.00164703221526 0.00366836320609
      vertex 0.00450666155666 -0.00103968183976 0.00661162193865
    endloop
  endfacet
  facet normal -0.728510260582 0.0138324862346 0.684895217419
    outer loop
      vertex 0.00308089680038 0.00038244962343 0.00193615572061
      vertex 0.00450666155666 -0.00103968183976 0.00661162193865
      vertex 0.0016615310451 0.00193623104133 0.00411617010832
    endloop
  endfacet
  facet normal -0.87010538578 -0.476359933615 0.126482591033
    outer loop
      vertex 0.00214455439709 0.00302766240202 0.0029440978542
      vertex 0.00308089680038 0.00038244962343 0.00193615572061
      vertex 0.0016615310451 0.00193623104133 0.00411617010832
    endloop
  endfacet
  facet normal -0.95507889986 -0.258275061846 -0.145321398973
    outer loop
      vertex 0.00175946461968 0.00355369993486 0.00466410722584
      vertex 0.00214455439709 0.00302766240202 0.0029440978542
      vertex 0.0016615310451 0.00193623104133 0.00411617010832
    endloop
  endfacet
  facet normal -0.997844934464 -0.0120522044599 -0.0644998028874
    outer loop
      vertex 0.0016615310451 0.00193623104133 0.00411617010832
      vertex 0.00171136087738 0.00301939458586 0.00578734884039
      vertex 0.00175946461968 0.00355369993486 0.00466410722584
    endloop
  endfacet
  facet normal -0.983823895454 0.040836147964 -0.174421846867
    outer loop
      vertex 0.00175946461968 0.00355369993486 0.00466410722584
      vertex 0.00171136087738 0.00301939458586 0.00578734884039
      vertex 0.00184304430149 0.00379275041632 0.00565665820614
    endloop
  endfacet
  facet normal -0.969668030739 0.0230463761836 -0.243336647749
    outer loop
      vertex 0.00175946461968 0.00355369993486 0.00466410722584
      vertex 0.00184304430149 0.00379275041632 0.00565665820614
      vertex 0.00195703748614 0.00432018423453 0.0048839407973
    endloop
  endfacet
  facet normal -0.970644176006 0.069148465991 -0.230365797877
    outer loop
      vertex 0.00188332295511 0.00430004391819 0.00391629803926
      vertex 0.00175946461968 0.00355369993486 0.00466410722584
      vertex 0.00195703748614 0.00432018423453 0.0048839407973
    endloop
  endfacet
  facet normal -0.943221628666 0.0650746077299 -0.325727254152
    outer loop
      vertex 0.00220736698247 0.00509476987645 0.00463518733159
      vertex 0.00188332295511 0.00430004391819 0.00391629803926
      vertex 0.00195703748614 0.00432018423453 0.0048839407973
    endloop
  endfacet
  facet normal -0.955671548843 -0.104041144252 -0.275440305471
    outer loop
      vertex 0.00220736698247 0.00509476987645 0.00463518733159
      vertex 0.00195703748614 0.00432018423453 0.0048839407973
      vertex 0.00210072123446 0.00507845776156 0.00557159818709
    endloop
  endfacet
  facet normal 0.226251497865 0.00879992172122 0.974029183388
    outer loop
      vertex 0.00107082515024 0.00483102584258 0.0046636229381
      vertex 0.00220736698247 0.00509476987645 0.00463518733159
      vertex 0.00210072123446 0.00507845776156 0.00557159818709
    endloop
  endfacet
  facet normal 0.275392025709 -0.0507646948099 0.959990739822
    outer loop
      vertex 0.00107082515024 0.00483102584258 0.0046636229381
      vertex 0.00210072123446 0.00507845776156 0.00557159818709
      vertex 0.000697947340086 0.00465934816748 0.00588734308258
    endloop
  endfacet
  facet normal -0.003298856318 -0.139916345477 0.990157842636
    outer loop
      vertex 0.00107082515024 0.00483102584258 0.0046636229381
      vertex 0.000697947340086 0.00465934816748 0.00588734308258
      vertex -0.000748789287172 0.00472418265417 0.0054626329802
    endloop
  endfacet
  facet normal 0.0157395545393 -0.0972254350781 0.995137929916
    outer loop
      vertex -0.000748789287172 0.00472418265417 0.0054626329802
      vertex -1.13030534976e-06 0.00499211577699 0.00284127262421
      vertex 0.00107082515024 0.00483102584258 0.0046636229381
    endloop
  endfacet
  facet normal 0.135998472571 -0.166330397129 0.976646602154
    outer loop
      vertex 0.00107082515024 0.00483102584258 0.0046636229381
      vertex -1.13030534976e-06 0.00499211577699 0.00284127262421
      vertex 0.00133644323796 0.00513331824914 0.00310582644306
    endloop
  endfacet
  facet normal 0.103724353015 -0.172397047281 0.979551196098
    outer loop
      vertex 0.00226549943909 0.00513144629076 0.00367543799803
      vertex 0.00107082515024 0.00483102584258 0.0046636229381
      vertex 0.00133644323796 0.00513331824914 0.00310582644306
    endloop
  endfacet
  facet normal 0.261811435223 -0.42986318469 0.864102065563
    outer loop
      vertex 0.00207879440859 0.00544991204515 0.00292155030183
      vertex 0.00226549943909 0.00513144629076 0.00367543799803
      vertex 0.00133644323796 0.00513331824914 0.00310582644306
    endloop
  endfacet
  facet normal 0.276724815369 -0.3923176229 0.87721735239
    outer loop
      vertex 0.00166161288507 0.00572220422328 0.00201844586991
      vertex 0.00207879440859 0.00544991204515 0.00292155030183
      vertex 0.00133644323796 0.00513331824914 0.00310582644306
    endloop
  endfacet
  facet normal 0.178031310439 -0.426910072565 0.886596083641
    outer loop
      vertex -1.13030534976e-06 0.00499211577699 0.00284127262421
      vertex 0.00166161288507 0.00572220422328 0.00201844586991
      vertex 0.00133644323796 0.00513331824914 0.00310582644306
    endloop
  endfacet
  facet normal 0.207745060325 -0.379971981049 0.901367425919
    outer loop
      vertex 0.00166161288507 0.00572220422328 0.00201844586991
      vertex -1.13030534976e-06 0.00499211577699 0.00284127262421
      vertex 0.000724042474758 0.00623215222731 0.000296144309686
    endloop
  endfacet
  facet normal 0.200716942549 -0.376987308264 0.904208660126
    outer loop
      vertex 0.000724042474758 0.00623215222731 0.000296144309686
      vertex 0.00219169957563 0.00617731828243 0.00120907952078
      vertex 0.00166161288507 0.00572220422328 0.00201844586991
    endloop
  endfacet
  facet normal 0.227433368564 -0.359857469797 0.904862761497
    outer loop
      vertex 0.00219169957563 0.00617731828243 0.00120907952078
      vertex 0.00292927864939 0.0057980986312 0.00262878625654
      vertex 0.00166161288507 0.00572220422328 0.00201844586991
    endloop
  endfacet
  facet normal 0.2359636724 -0.378815442324 0.894885480404
    outer loop
      vertex 0.00207879440859 0.00544991204515 0.00292155030183
      vertex 0.00166161288507 0.00572220422328 0.00201844586991
      vertex 0.00292927864939 0.0057980986312 0.00262878625654
    endloop
  endfacet
  facet normal 0.263938128948 -0.316763997078 0.911041855812
    outer loop
      vertex 0.0025382945314 0.0054561146535 0.00328658241779
      vertex 0.00207879440859 0.00544991204515 0.00292155030183
      vertex 0.00292927864939 0.0057980986312 0.00262878625654
    endloop
  endfacet
  facet normal -0.877736508846 -0.353631138802 -0.323301166296
    outer loop
      vertex 0.00292927864939 0.0057980986312 0.00262878625654
      vertex 0.00252173002809 0.00491513265297 0.0028331130743
      vertex 0.0025382945314 0.0054561146535 0.00328658241779
    endloop
  endfacet
  facet normal -0.88024866581 -0.350038915873 -0.320366978645
    outer loop
      vertex 0.00252173002809 0.00491513265297 0.0028331130743
      vertex 0.00226549943909 0.00513144629076 0.00367543799803
      vertex 0.0025382945314 0.0054561146535 0.00328658241779
    endloop
  endfacet
  facet normal 0.358459115028 -0.437211126089 0.824835419655
    outer loop
      vertex 0.00207879440859 0.00544991204515 0.00292155030183
      vertex 0.0025382945314 0.0054561146535 0.00328658241779
      vertex 0.00226549943909 0.00513144629076 0.00367543799803
    endloop
  endfacet
  facet normal -0.885946691036 -0.348180383444 -0.306380271912
    outer loop
      vertex 0.00226549943909 0.00513144629076 0.00367543799803
      vertex 0.00252173002809 0.00491513265297 0.0028331130743
      vertex 0.00188332295511 0.00430004391819 0.00391629803926
    endloop
  endfacet
  facet normal -0.912198126316 -0.0396674312651 -0.407824754715
    outer loop
      vertex 0.00226549943909 0.00513144629076 0.00367543799803
      vertex 0.00188332295511 0.00430004391819 0.00391629803926
      vertex 0.00220736698247 0.00509476987645 0.00463518733159
    endloop
  endfacet
  facet normal 0.225429058075 -0.0235657505691 0.973974525928
    outer loop
      vertex 0.00220736698247 0.00509476987645 0.00463518733159
      vertex 0.00107082515024 0.00483102584258 0.0046636229381
      vertex 0.00226549943909 0.00513144629076 0.00367543799803
    endloop
  endfacet
  facet normal -0.886796832085 -0.436609566212 -0.151536881924
    outer loop
      vertex 0.00188332295511 0.00430004391819 0.00391629803926
      vertex 0.00252173002809 0.00491513265297 0.0028331130743
      vertex 0.00214455439709 0.00302766240202 0.0029440978542
    endloop
  endfacet
  facet normal -0.977675437927 -0.205529645085 0.0436846464872
    outer loop
      vertex 0.00214455439709 0.00302766240202 0.0029440978542
      vertex 0.00175946461968 0.00355369993486 0.00466410722584
      vertex 0.00188332295511 0.00430004391819 0.00391629803926
    endloop
  endfacet
  facet normal -0.953038036823 -0.246493622661 -0.175952896476
    outer loop
      vertex 0.00214455439709 0.00302766240202 0.0029440978542
      vertex 0.00252173002809 0.00491513265297 0.0028331130743
      vertex 0.00267768022604 0.00441127410159 0.001870484557
    endloop
  endfacet
  facet normal -0.896886527538 -0.442254126072 -0.00241661048494
    outer loop
      vertex 0.00214455439709 0.00302766240202 0.0029440978542
      vertex 0.00267768022604 0.00441127410159 0.001870484557
      vertex 0.00340080983005 0.00236709881574 0.000392815825762
    endloop
  endfacet
  facet normal -0.901030421257 -0.400613486767 0.166292026639
    outer loop
      vertex 0.00340080983005 0.00236709881574 0.000392815825762
      vertex 0.00308089680038 0.00038244962343 0.00193615572061
      vertex 0.00214455439709 0.00302766240202 0.0029440978542
    endloop
  endfacet
  facet normal -0.69247931242 -0.619334936142 0.369995415211
    outer loop
      vertex 0.00308089680038 0.00038244962343 0.00193615572061
      vertex 0.00340080983005 0.00236709881574 0.000392815825762
      vertex 0.0046821096912 8.99901642697e-05 0.000320554361679
    endloop
  endfacet
  facet normal -0.917938828468 -0.394764721394 0.0393592305481
    outer loop
      vertex 0.00267768022604 0.00441127410159 0.001870484557
      vertex 0.00309505965561 0.00495345657691 0.000845903006848
      vertex 0.00340080983005 0.00236709881574 0.000392815825762
    endloop
  endfacet
  facet normal -0.953504085541 -0.295138895512 0.0610164292157
    outer loop
      vertex 0.00359106925316 0.00527351489291 -0.000822720990982
      vertex 0.00340080983005 0.00236709881574 0.000392815825762
      vertex 0.00309505965561 0.00495345657691 0.000845903006848
    endloop
  endfacet
  facet normal -0.932166218758 -0.233189597726 -0.276927441359
    outer loop
      vertex 0.00300773815252 0.00539049785584 0.00171398185194
      vertex 0.00309505965561 0.00495345657691 0.000845903006848
      vertex 0.00267768022604 0.00441127410159 0.001870484557
    endloop
  endfacet
  facet normal -0.920579791069 -0.287499845028 -0.264342069626
    outer loop
      vertex 0.00300773815252 0.00539049785584 0.00171398185194
      vertex 0.00267768022604 0.00441127410159 0.001870484557
      vertex 0.00252173002809 0.00491513265297 0.0028331130743
    endloop
  endfacet
  facet normal -0.901618480682 -0.2381927073 -0.361037880182
    outer loop
      vertex 0.00292927864939 0.0057980986312 0.00262878625654
      vertex 0.00300773815252 0.00539049785584 0.00171398185194
      vertex 0.00252173002809 0.00491513265297 0.0028331130743
    endloop
  endfacet
  facet normal -0.964100658894 -0.172597795725 -0.201791703701
    outer loop
      vertex 0.003313658759 0.00651628803462 0.00132137397304
      vertex 0.00300773815252 0.00539049785584 0.00171398185194
      vertex 0.00292927864939 0.0057980986312 0.00262878625654
    endloop
  endfacet
  facet normal 0.301882982254 -0.389288604259 0.870241940022
    outer loop
      vertex 0.003313658759 0.00651628803462 0.00132137397304
      vertex 0.00292927864939 0.0057980986312 0.00262878625654
      vertex 0.00219169957563 0.00617731828243 0.00120907952078
    endloop
  endfacet
  facet normal 0.302288532257 -0.221993476152 0.927006244659
    outer loop
      vertex 0.00219169957563 0.00617731828243 0.00120907952078
      vertex 0.00292701367289 0.00657103676349 0.000566258269828
      vertex 0.003313658759 0.00651628803462 0.00132137397304
    endloop
  endfacet
  facet normal 0.224061667919 -0.309675127268 0.924065828323
    outer loop
      vertex 0.00131957174744 0.00663857860491 -0.000798331398983
      vertex 0.00292701367289 0.00657103676349 0.000566258269828
      vertex 0.00219169957563 0.00617731828243 0.00120907952078
    endloop
  endfacet
  facet normal 0.137522131205 -0.278182148933 0.950632631779
    outer loop
      vertex 0.00219169957563 0.00617731828243 0.00120907952078
      vertex 0.000724042474758 0.00623215222731 0.000296144309686
      vertex 0.00131957174744 0.00663857860491 -0.000798331398983
    endloop
  endfacet
  facet normal 0.174069538713 -0.258168250322 0.950288891792
    outer loop
      vertex 0.000724042474758 0.00623215222731 0.000296144309686
      vertex 5.39185602975e-05 0.00658397050574 -0.001450690208
      vertex 0.00131957174744 0.00663857860491 -0.000798331398983
    endloop
  endfacet
  facet normal 0.0251604225487 -0.206643253565 0.97809278965
    outer loop
      vertex -0.0020818465855 0.00627642637119 -0.000255053892033
      vertex 5.39185602975e-05 0.00658397050574 -0.001450690208
      vertex 0.000724042474758 0.00623215222731 0.000296144309686
    endloop
  endfacet
  facet normal 0.0684594735503 -0.4211396873 0.904408454895
    outer loop
      vertex -1.13030534976e-06 0.00499211577699 0.00284127262421
      vertex -0.0020818465855 0.00627642637119 -0.000255053892033
      vertex 0.000724042474758 0.00623215222731 0.000296144309686
    endloop
  endfacet
  facet normal -0.0331183634698 -0.363854408264 0.930866897106
    outer loop
      vertex -0.00333771645091 0.00566401984543 0.00142600713298
      vertex -0.0020818465855 0.00627642637119 -0.000255053892033
      vertex -1.13030534976e-06 0.00499211577699 0.00284127262421
    endloop
  endfacet
  facet normal -0.0615167580545 -0.306005805731 0.9500400424
    outer loop
      vertex -0.00268003647216 0.00449264328927 0.00493050320074
      vertex -0.00333771645091 0.00566401984543 0.00142600713298
      vertex -1.13030534976e-06 0.00499211577699 0.00284127262421
    endloop
  endfacet
  facet normal 0.135726749897 -0.0623533055186 0.988782227039
    outer loop
      vertex -0.000748789287172 0.00472418265417 0.0054626329802
      vertex -0.00268003647216 0.00449264328927 0.00493050320074
      vertex -1.13030534976e-06 0.00499211577699 0.00284127262421
    endloop
  endfacet
  facet normal 0.0849542096257 0.121962226927 0.988892316818
    outer loop
      vertex -0.000748789287172 0.00472418265417 0.0054626329802
      vertex -0.00128295912873 0.00488130608574 0.00710870232433
      vertex -0.00268003647216 0.00449264328927 0.00493050320074
    endloop
  endfacet
  facet normal -0.0962185710669 0.234327092767 0.967384517193
    outer loop
      vertex -0.00128295912873 0.00488130608574 0.00710870232433
      vertex -0.00338679598644 0.00506968609989 0.00702253030613
      vertex -0.00268003647216 0.00449264328927 0.00493050320074
    endloop
  endfacet
  facet normal -0.405436426401 0.113229751587 0.907083392143
    outer loop
      vertex -0.00268003647216 0.00449264328927 0.00493050320074
      vertex -0.00338679598644 0.00506968609989 0.00702253030613
      vertex -0.00637022778392 0.0060708662495 0.00436035264283
    endloop
  endfacet
  facet normal -0.350845426321 -0.236972257495 0.905953407288
    outer loop
      vertex -0.00268003647216 0.00449264328927 0.00493050320074
      vertex -0.00637022778392 0.0060708662495 0.00436035264283
      vertex -0.00333771645091 0.00566401984543 0.00142600713298
    endloop
  endfacet
  facet normal -0.155919253826 -0.0242223795503 0.987472772598
    outer loop
      vertex -0.00678221043199 0.00620033685118 0.00173416885082
      vertex -0.00333771645091 0.00566401984543 0.00142600713298
      vertex -0.00637022778392 0.0060708662495 0.00436035264283
    endloop
  endfacet
  facet normal -0.336369663477 0.00634196819738 0.941708683968
    outer loop
      vertex -0.00637022778392 0.0060708662495 0.00436035264283
      vertex -0.00945007801056 0.00715986732394 0.00271310959943
      vertex -0.00678221043199 0.00620033685118 0.00173416885082
    endloop
  endfacet
  facet normal -0.402654886246 -0.228555113077 0.886358618736
    outer loop
      vertex -0.00945007801056 0.00715986732394 0.00271310959943
      vertex -0.00728313531727 0.00723260547966 -0.00138656771742
      vertex -0.00678221043199 0.00620033685118 0.00173416885082
    endloop
  endfacet
  facet normal -0.139328107238 -0.29074960947 0.946600437164
    outer loop
      vertex -0.00678221043199 0.00620033685118 0.00173416885082
      vertex -0.00728313531727 0.00723260547966 -0.00138656771742
      vertex -0.00411755638197 0.00637882854789 -0.00012386169692
    endloop
  endfacet
  facet normal -0.174268335104 -0.33874475956 0.924598574638
    outer loop
      vertex -0.00678221043199 0.00620033685118 0.00173416885082
      vertex -0.00411755638197 0.00637882854789 -0.00012386169692
      vertex -0.00333771645091 0.00566401984543 0.00142600713298
    endloop
  endfacet
  facet normal -0.0712270885706 -0.387970417738 0.918915450573
    outer loop
      vertex -0.00411755638197 0.00637882854789 -0.00012386169692
      vertex -0.0020818465855 0.00627642637119 -0.000255053892033
      vertex -0.00333771645091 0.00566401984543 0.00142600713298
    endloop
  endfacet
  facet normal -0.0645900294185 -0.247699394822 0.966681480408
    outer loop
      vertex -0.0020818465855 0.00627642637119 -0.000255053892033
      vertex -0.00411755638197 0.00637882854789 -0.00012386169692
      vertex -0.00339710433036 0.00694855349138 -0.00253515760414
    endloop
  endfacet
  facet normal -0.0152799058706 -0.274597764015 0.961437761784
    outer loop
      vertex -0.00339710433036 0.00694855349138 -0.00253515760414
      vertex 5.39185602975e-05 0.00658397050574 -0.001450690208
      vertex -0.0020818465855 0.00627642637119 -0.000255053892033
    endloop
  endfacet
  facet normal -0.149159163237 -0.269360780716 0.951418042183
    outer loop
      vertex -0.00411755638197 0.00637882854789 -0.00012386169692
      vertex -0.00728313531727 0.00723260547966 -0.00138656771742
      vertex -0.00339710433036 0.00694855349138 -0.00253515760414
    endloop
  endfacet
  facet normal -0.14138956368 -0.24090321362 0.960195124149
    outer loop
      vertex -0.00339710433036 0.00694855349138 -0.00253515760414
      vertex -0.00728313531727 0.00723260547966 -0.00138656771742
      vertex -0.00620315689594 0.00863373186439 -0.00760504975915
    endloop
  endfacet
  facet normal -0.0991863012314 -0.235084593296 0.966900885105
    outer loop
      vertex -0.00728313531727 0.00723260547966 -0.00138656771742
      vertex -0.00998398847878 0.00876719597727 -0.00655878707767
      vertex -0.00620315689594 0.00863373186439 -0.00760504975915
    endloop
  endfacet
  facet normal -0.160944089293 -0.470954656601 0.867351531982
    outer loop
      vertex -0.00620315689594 0.00863373186439 -0.00760504975915
      vertex -0.00998398847878 0.00876719597727 -0.00655878707767
      vertex -0.0101871760562 0.010701761581 -0.0100522171706
    endloop
  endfacet
  facet normal 0.0577515102923 -0.697563230991 0.714192092419
    outer loop
      vertex -0.00698389019817 0.0112820453942 -0.0103811323643
      vertex -0.00620315689594 0.00863373186439 -0.00760504975915
      vertex -0.0101871760562 0.010701761581 -0.0100522171706
    endloop
  endfacet
  facet normal -0.00746045215055 -0.88705009222 0.46161288023
    outer loop
      vertex -0.00845641549677 0.0134147126228 -0.0114785684273
      vertex -0.00698389019817 0.0112820453942 -0.0103811323643
      vertex -0.0101871760562 0.010701761581 -0.0100522171706
    endloop
  endfacet
  facet normal -0.169334352016 -0.912721574306 0.371840327978
    outer loop
      vertex -0.00845641549677 0.0134147126228 -0.0114785684273
      vertex -0.0101871760562 0.010701761581 -0.0100522171706
      vertex -0.0134477214888 0.0139232072979 -0.010759706609
    endloop
  endfacet
  facet normal -0.0914417654276 -0.914194643497 -0.394824713469
    outer loop
      vertex -0.00845641549677 0.0134147126228 -0.0114785684273
      vertex -0.0134477214888 0.0139232072979 -0.010759706609
      vertex -0.00938926450908 0.0191797222942 -0.00889545399696
    endloop
  endfacet
  facet normal -0.326277554035 -0.881217896938 -0.342049598694
    outer loop
      vertex -0.00938926450908 0.0191797222942 -0.00889545399696
      vertex -0.00485074520111 0.017077498138 -0.0113918650895
      vertex -0.00845641549677 0.0134147126228 -0.0114785684273
    endloop
  endfacet
  facet normal -0.11986283958 -0.982690036297 -0.141255632043
    outer loop
      vertex -0.00485074520111 0.017077498138 -0.0113918650895
      vertex -0.00490071810782 0.0132236210629 -0.0119397407398
      vertex -0.00845641549677 0.0134147126228 -0.0114785684273
    endloop
  endfacet
  facet normal -0.137120261788 -0.83907532692 0.526450932026
    outer loop
      vertex -0.00845641549677 0.0134147126228 -0.0114785684273
      vertex -0.00490071810782 0.0132236210629 -0.0119397407398
      vertex -0.00698389019817 0.0112820453942 -0.0103811323643
    endloop
  endfacet
  facet normal -0.407924443483 -0.874028027058 0.263955831528
    outer loop
      vertex -0.00490071810782 0.0132236210629 -0.0119397407398
      vertex -0.00415490800515 0.0118811540306 -0.0118823992088
      vertex -0.00698389019817 0.0112820453942 -0.0103811323643
    endloop
  endfacet
  facet normal -0.180927425623 -0.973179280758 0.14208227396
    outer loop
      vertex -0.00415490800515 0.0118811540306 -0.0118823992088
      vertex -0.00490071810782 0.0132236210629 -0.0119397407398
      vertex -0.00292997690849 0.0133329788223 -0.0123220942914
    endloop
  endfacet
  facet normal -0.259274601936 -0.963047623634 0.0729108676314
    outer loop
      vertex -0.00292997690849 0.0133329788223 -0.0123220942914
      vertex -0.00236883200705 0.010675644502 -0.0122719844803
      vertex -0.00415490800515 0.0118811540306 -0.0118823992088
    endloop
  endfacet
  facet normal -0.198113203049 -0.978323578835 0.0602835714817
    outer loop
      vertex -0.000177615511348 0.0135454107076 -0.0128925452009
      vertex -0.00236883200705 0.010675644502 -0.0122719844803
      vertex -0.00292997690849 0.0133329788223 -0.0123220942914
    endloop
  endfacet
  facet normal -0.211101695895 -0.967992722988 -0.135743021965
    outer loop
      vertex -0.00274900277145 0.0157690830529 -0.0120199425146
      vertex -0.000177615511348 0.0135454107076 -0.0128925452009
      vertex -0.00292997690849 0.0133329788223 -0.0123220942914
    endloop
  endfacet
  facet normal -0.195935025811 -0.971276521683 -0.135023608804
    outer loop
      vertex -0.00292997690849 0.0133329788223 -0.0123220942914
      vertex -0.00490071810782 0.0132236210629 -0.0119397407398
      vertex -0.00274900277145 0.0157690830529 -0.0120199425146
    endloop
  endfacet
  facet normal -0.202229082584 -0.96922069788 -0.140408843756
    outer loop
      vertex -0.00490071810782 0.0132236210629 -0.0119397407398
      vertex -0.00485074520111 0.017077498138 -0.0113918650895
      vertex -0.00274900277145 0.0157690830529 -0.0120199425146
    endloop
  endfacet
  facet normal 0.165567994118 -0.758637011051 -0.630124688148
    outer loop
      vertex -0.00485074520111 0.017077498138 -0.0113918650895
      vertex -0.00089258904336 0.0186605546623 -0.00921313278377
      vertex -0.00274900277145 0.0157690830529 -0.0120199425146
    endloop
  endfacet
  facet normal -0.0818866789341 -0.688335776329 -0.720755457878
    outer loop
      vertex 0.00203904788941 0.0159710980952 -0.0123780164868
      vertex -0.00274900277145 0.0157690830529 -0.0120199425146
      vertex -0.00089258904336 0.0186605546623 -0.00921313278377
    endloop
  endfacet
  facet normal 0.139311045408 -0.563134491444 -0.814537882805
    outer loop
      vertex -0.00089258904336 0.0186605546623 -0.00921313278377
      vertex 0.00514622172341 0.0177071969956 -0.00909819174558
      vertex 0.00203904788941 0.0159710980952 -0.0123780164868
    endloop
  endfacet
  facet normal 0.102240294218 -0.539310693741 -0.835877299309
    outer loop
      vertex 0.00638926587999 0.0160290598869 -0.0114634847268
      vertex 0.00203904788941 0.0159710980952 -0.0123780164868
      vertex 0.00514622172341 0.0177071969956 -0.00909819174558
    endloop
  endfacet
  facet normal 0.217574477196 -0.486138254404 -0.84636336565
    outer loop
      vertex 0.00638926587999 0.0160290598869 -0.0114634847268
      vertex 0.00514622172341 0.0177071969956 -0.00909819174558
      vertex 0.00783014204353 0.0174496844411 -0.00834531337023
    endloop
  endfacet
  facet normal 0.436284095049 -0.532169044018 -0.725570321083
    outer loop
      vertex 0.00894579477608 0.0161484424025 -0.0092048170045
      vertex 0.00638926587999 0.0160290598869 -0.0114634847268
      vertex 0.00783014204353 0.0174496844411 -0.00834531337023
    endloop
  endfacet
  facet normal 0.395054876804 -0.573591768742 -0.717582166195
    outer loop
      vertex 0.00894579477608 0.0161484424025 -0.0092048170045
      vertex 0.00783014204353 0.0174496844411 -0.00834531337023
      vertex 0.0101638725027 0.0166998449713 -0.00767605612054
    endloop
  endfacet
  facet normal 0.496748834848 -0.616229593754 -0.611147880554
    outer loop
      vertex 0.00894579477608 0.0161484424025 -0.0092048170045
      vertex 0.0101638725027 0.0166998449713 -0.00767605612054
      vertex 0.0104617020115 0.0146370958537 -0.00948171224445
    endloop
  endfacet
  facet normal 0.490475296974 -0.625687420368 -0.606588184834
    outer loop
      vertex 0.0104617020115 0.0146370958537 -0.00948171224445
      vertex 0.00966029707342 0.0142195494846 -0.0105147324502
      vertex 0.00894579477608 0.0161484424025 -0.0092048170045
    endloop
  endfacet
  facet normal 0.511489212513 -0.610882997513 -0.60431843996
    outer loop
      vertex 0.00894579477608 0.0161484424025 -0.0092048170045
      vertex 0.00966029707342 0.0142195494846 -0.0105147324502
      vertex 0.00638926587999 0.0160290598869 -0.0114634847268
    endloop
  endfacet
  facet normal 0.401407748461 -0.876386284828 -0.26611828804
    outer loop
      vertex 0.00638926587999 0.0160290598869 -0.0114634847268
      vertex 0.00966029707342 0.0142195494846 -0.0105147324502
      vertex 0.00853271596134 0.0131081473082 -0.0113686760888
    endloop
  endfacet
  facet normal 0.471858412027 -0.821712136269 -0.319591701031
    outer loop
      vertex 0.00853271596134 0.0131081473082 -0.0113686760888
      vertex 0.00663379672915 0.0132200466469 -0.0124155869707
      vertex 0.00638926587999 0.0160290598869 -0.0114634847268
    endloop
  endfacet
  facet normal 0.189995840192 -0.924678981304 -0.329955101013
    outer loop
      vertex 0.00663379672915 0.0132200466469 -0.0124155869707
      vertex 0.00203904788941 0.0159710980952 -0.0123780164868
      vertex 0.00638926587999 0.0160290598869 -0.0114634847268
    endloop
  endfacet
  facet normal 0.483754754066 -0.860205948353 -0.161329075694
    outer loop
      vertex 0.00663379672915 0.0132200466469 -0.0124155869707
      vertex 0.00853271596134 0.0131081473082 -0.0113686760888
      vertex 0.00803092867136 0.0116126900539 -0.0119313355535
    endloop
  endfacet
  facet normal 0.605205953121 -0.790459752083 -0.0943354740739
    outer loop
      vertex 0.00803092867136 0.0116126900539 -0.0119313355535
      vertex 0.00853271596134 0.0131081473082 -0.0113686760888
      vertex 0.00926411803812 0.0114574097097 -0.0110056903213
    endloop
  endfacet
  facet normal 0.487422674894 -0.872835338116 -0.0240347795188
    outer loop
      vertex 0.00853271596134 0.0131081473082 -0.0113686760888
      vertex 0.0099411085248 0.0123802935705 -0.0106022218242
      vertex 0.00926411803812 0.0114574097097 -0.0110056903213
    endloop
  endfacet
  facet normal 0.602639257908 -0.792253136635 0.0957126393914
    outer loop
      vertex 0.00926411803812 0.0114574097097 -0.0110056903213
      vertex 0.0099411085248 0.0123802935705 -0.0106022218242
      vertex 0.0101509988308 0.0117499809712 -0.0103664165363
    endloop
  endfacet
  facet normal 0.618144929409 -0.750323116779 0.234333261847
    outer loop
      vertex 0.0101509988308 0.0117499809712 -0.0103664165363
      vertex 0.00980764441192 0.0106228776276 -0.0102972798049
      vertex 0.00926411803812 0.0114574097097 -0.0110056903213
    endloop
  endfacet
  facet normal 0.770980715752 -0.576678931713 0.270240902901
    outer loop
      vertex 0.00980764441192 0.0106228776276 -0.0102972798049
      vertex 0.0101509988308 0.0117499809712 -0.0103664165363
      vertex 0.0104190120474 0.0112609285861 -0.00977892428637
    endloop
  endfacet
  facet normal 0.801979959011 -0.350274533033 0.483875900507
    outer loop
      vertex 0.00980764441192 0.0106228776276 -0.0102972798049
      vertex 0.0104190120474 0.0112609285861 -0.00977892428637
      vertex 0.0103197377175 0.0107755055651 -0.00933564733714
    endloop
  endfacet
  facet normal 0.853208065033 -0.401517987251 0.332895338535
    outer loop
      vertex 0.00985322706401 0.0100396340713 -0.00971685536206
      vertex 0.00980764441192 0.0106228776276 -0.0102972798049
      vertex 0.0103197377175 0.0107755055651 -0.00933564733714
    endloop
  endfacet
  facet normal 0.871093273163 -0.24999551475 0.422727793455
    outer loop
      vertex 0.00985322706401 0.0100396340713 -0.00971685536206
      vertex 0.0103197377175 0.0107755055651 -0.00933564733714
      vertex 0.0102602476254 0.0104334913194 -0.00896461121738
    endloop
  endfacet
  facet normal 0.886827707291 -0.292558431625 0.357695609331
    outer loop
      vertex 0.0102602476254 0.0104334913194 -0.00896461121738
      vertex 0.00996501743793 0.0098512256518 -0.0091476328671
      vertex 0.00985322706401 0.0100396340713 -0.00971685536206
    endloop
  endfacet
  facet normal 0.663050830364 -0.349351406097 0.662055313587
    outer loop
      vertex 0.00996501743793 0.0098512256518 -0.0091476328671
      vertex 0.00946495495737 0.00951153133065 -0.00945296976715
      vertex 0.00985322706401 0.0100396340713 -0.00971685536206
    endloop
  endfacet
  facet normal 0.626593828201 -0.183544516563 0.757424294949
    outer loop
      vertex 0.00960615929216 0.00953368190676 -0.00906232651323
      vertex 0.00946495495737 0.00951153133065 -0.00945296976715
      vertex 0.00996501743793 0.0098512256518 -0.0091476328671
    endloop
  endfacet
  facet normal -0.578705251217 -0.66212272644 -0.476123631001
    outer loop
      vertex 0.00960615929216 0.00953368190676 -0.00906232651323
      vertex 0.00996501743793 0.0098512256518 -0.0091476328671
      vertex 0.00980731006712 0.00923616532236 -0.00945207569748
    endloop
  endfacet
  facet normal -0.578741729259 -0.662115454674 -0.476089447737
    outer loop
      vertex 0.00924730487168 0.0092161372304 -0.00897698663175
      vertex 0.00960615929216 0.00953368190676 -0.00906232651323
      vertex 0.00980731006712 0.00923616532236 -0.00945207569748
    endloop
  endfacet
  facet normal 0.626587867737 -0.183542028069 0.757429838181
    outer loop
      vertex 0.00960615929216 0.00953368190676 -0.00906232651323
      vertex 0.00924730487168 0.0092161372304 -0.00897698663175
      vertex 0.00946495495737 0.00951153133065 -0.00945296976715
    endloop
  endfacet
  facet normal 0.664420306683 -0.150492101908 0.732050418854
    outer loop
      vertex 0.00946495495737 0.00951153133065 -0.00945296976715
      vertex 0.00924730487168 0.0092161372304 -0.00897698663175
      vertex 0.00919579621404 0.0092549091205 -0.00939299538732
    endloop
  endfacet
  facet normal 0.654220402241 -0.150087714195 0.741261959076
    outer loop
      vertex 0.00924730487168 0.0092161372304 -0.00897698663175
      vertex 0.00881562568247 0.00889211334288 -0.00925833079964
      vertex 0.00919579621404 0.0092549091205 -0.00939299538732
    endloop
  endfacet
  facet normal 0.763030230999 -0.367677688599 0.531599462032
    outer loop
      vertex 0.0103197377175 0.0107755055651 -0.00933564733714
      vertex 0.0105684017763 0.0108487736434 -0.00892553385347
      vertex 0.0102602476254 0.0104334913194 -0.00896461121738
    endloop
  endfacet
  facet normal -0.357023149729 -0.867431521416 -0.346550136805
    outer loop
      vertex 0.0102602476254 0.0104334913194 -0.00896461121738
      vertex 0.0105684017763 0.0108487736434 -0.00892553385347
      vertex 0.0109063601121 0.0106433257461 -0.00914671178907
    endloop
  endfacet
  facet normal -0.0801932513714 -0.7414021492 -0.66625213623
    outer loop
      vertex 0.0109063601121 0.0106433257461 -0.00914671178907
      vertex 0.0105684017763 0.0108487736434 -0.00892553385347
      vertex 0.0107745230198 0.0110320160165 -0.00878315977752
    endloop
  endfacet
  facet normal -0.367530077696 -0.738143026829 -0.56574422121
    outer loop
      vertex 0.0109063601121 0.0106433257461 -0.00914671178907
      vertex 0.0107745230198 0.0110320160165 -0.00878315977752
      vertex 0.0114193847403 0.0112310657278 -0.00895168352872
    endloop
  endfacet
  facet normal -0.219557374716 -0.85243088007 -0.47450619936
    outer loop
      vertex 0.0109063601121 0.0106433257461 -0.00914671178907
      vertex 0.0114193847403 0.0112310657278 -0.00895168352872
      vertex 0.011628350243 0.0109995296225 -0.00913439039141
    endloop
  endfacet
  facet normal -0.158633992076 -0.921914696693 -0.353424042463
    outer loop
      vertex 0.0115412641317 0.0105770966038 -0.00928134843707
      vertex 0.0109063601121 0.0106433257461 -0.00914671178907
      vertex 0.011628350243 0.0109995296225 -0.00913439039141
    endloop
  endfacet
  facet normal -0.332374930382 -0.867419779301 -0.370283395052
    outer loop
      vertex 0.0120190819725 0.0109611209482 -0.00930050574243
      vertex 0.0115412641317 0.0105770966038 -0.00928134843707
      vertex 0.011628350243 0.0109995296225 -0.00913439039141
    endloop
  endfacet
  facet normal -0.315630584955 -0.843091011047 -0.435401916504
    outer loop
      vertex 0.0120190819725 0.0109611209482 -0.00930050574243
      vertex 0.011628350243 0.0109995296225 -0.00913439039141
      vertex 0.0119236316532 0.0111419055611 -0.00917140766978
    endloop
  endfacet
  facet normal -0.316783607006 -0.843004584312 -0.434731423855
    outer loop
      vertex 0.0120190819725 0.0109611209482 -0.00930050574243
      vertex 0.0119236316532 0.0111419055611 -0.00917140766978
      vertex 0.0122186094522 0.0112845012918 -0.00920871924609
    endloop
  endfacet
  facet normal -0.316660344601 -0.843079209328 -0.434676557779
    outer loop
      vertex 0.0122186094522 0.0112845012918 -0.00920871924609
      vertex 0.0124098071828 0.010922963731 -0.00946693494916
      vertex 0.0120190819725 0.0109611209482 -0.00930050574243
    endloop
  endfacet
  facet normal -0.32665130496 -0.857839465141 -0.396749734879
    outer loop
      vertex 0.0120190819725 0.0109611209482 -0.00930050574243
      vertex 0.0124098071828 0.010922963731 -0.00946693494916
      vertex 0.0122036105022 0.0102756973356 -0.00968777853996
    endloop
  endfacet
  facet normal -0.346775978804 -0.853526353836 -0.388894826174
    outer loop
      vertex 0.0115412641317 0.0105770966038 -0.00928134843707
      vertex 0.0120190819725 0.0109611209482 -0.00930050574243
      vertex 0.0122036105022 0.0102756973356 -0.00968777853996
    endloop
  endfacet
  facet normal 0.0506201721728 -0.950032234192 -0.308019995689
    outer loop
      vertex 0.0124098071828 0.010922963731 -0.00946693494916
      vertex 0.0132392039523 0.0103539936244 -0.00960721448064
      vertex 0.0122036105022 0.0102756973356 -0.00968777853996
    endloop
  endfacet
  facet normal 0.0545863173902 -0.961926877499 -0.267800301313
    outer loop
      vertex 0.0132392039523 0.0103539936244 -0.00960721448064
      vertex 0.0130443936214 0.00886317528784 -0.0100333122537
      vertex 0.0122036105022 0.0102756973356 -0.00968777853996
    endloop
  endfacet
  facet normal 0.0736162438989 -0.957726955414 -0.278100192547
    outer loop
      vertex 0.0122036105022 0.0102756973356 -0.00968777853996
      vertex 0.0130443936214 0.00886317528784 -0.0100333122537
      vertex 0.0117767620832 0.00905898585916 -0.0100738918409
    endloop
  endfacet
  facet normal 0.0645659863949 -0.974236428738 -0.216089487076
    outer loop
      vertex 0.0130443936214 0.00886317528784 -0.0100333122537
      vertex 0.0120904836804 0.0072534987703 -0.0104535641149
      vertex 0.0117767620832 0.00905898585916 -0.0100738918409
    endloop
  endfacet
  facet normal 0.110337495804 -0.96858727932 -0.222854807973
    outer loop
      vertex 0.010929078795 0.00854884274304 -0.0102878306061
      vertex 0.0117767620832 0.00905898585916 -0.0100738918409
      vertex 0.0120904836804 0.0072534987703 -0.0104535641149
    endloop
  endfacet
  facet normal 0.0394322238863 -0.986081421375 -0.161519452929
    outer loop
      vertex 0.0100692370906 0.00739942258224 -0.0105104893446
      vertex 0.010929078795 0.00854884274304 -0.0102878306061
      vertex 0.0120904836804 0.0072534987703 -0.0104535641149
    endloop
  endfacet
  facet normal 0.0383099764585 -0.988696336746 -0.144954711199
    outer loop
      vertex 0.010691053234 0.00511169852689 -0.0108218025416
      vertex 0.0100692370906 0.00739942258224 -0.0105104893446
      vertex 0.0120904836804 0.0072534987703 -0.0104535641149
    endloop
  endfacet
  facet normal 0.359129697084 -0.930292785168 0.0747070088983
    outer loop
      vertex 0.0120904836804 0.0072534987703 -0.0104535641149
      vertex 0.0144820874557 0.00515787210315 -0.00936202239245
      vertex 0.010691053234 0.00511169852689 -0.0108218025416
    endloop
  endfacet
  facet normal 0.37821662426 -0.924374401569 0.0498416312039
    outer loop
      vertex 0.0146268391982 0.00776070915163 -0.00944313872606
      vertex 0.0144820874557 0.00515787210315 -0.00936202239245
      vertex 0.0120904836804 0.0072534987703 -0.0104535641149
    endloop
  endfacet
  facet normal 0.365403473377 -0.930475234985 -0.0263852700591
    outer loop
      vertex 0.0130443936214 0.00886317528784 -0.0100333122537
      vertex 0.0146268391982 0.00776070915163 -0.00944313872606
      vertex 0.0120904836804 0.0072534987703 -0.0104535641149
    endloop
  endfacet
  facet normal 0.447315126657 -0.877633452415 -0.172245979309
    outer loop
      vertex 0.0146268391982 0.00776070915163 -0.00944313872606
      vertex 0.0130443936214 0.00886317528784 -0.0100333122537
      vertex 0.0138660538942 0.00930988136679 -0.00952685531229
    endloop
  endfacet
  facet normal 0.447244822979 -0.877676546574 -0.172209128737
    outer loop
      vertex 0.0146268391982 0.00776070915163 -0.00944313872606
      vertex 0.0138660538942 0.00930988136679 -0.00952685531229
      vertex 0.0146874543279 0.00975653156638 -0.00902064982802
    endloop
  endfacet
  facet normal 0.525924265385 -0.835187971592 -0.160825252533
    outer loop
      vertex 0.0146268391982 0.00776070915163 -0.00944313872606
      vertex 0.0146874543279 0.00975653156638 -0.00902064982802
      vertex 0.0165562648326 0.00944370962679 -0.00790408346802
    endloop
  endfacet
  facet normal 0.583494067192 -0.809017181396 -0.0708936229348
    outer loop
      vertex 0.0146268391982 0.00776070915163 -0.00944313872606
      vertex 0.0165562648326 0.00944370962679 -0.00790408346802
      vertex 0.0183020308614 0.00536172837019 -0.00700267078355
    endloop
  endfacet
  facet normal 0.526823163033 -0.848145902157 0.0557304397225
    outer loop
      vertex 0.0144820874557 0.00515787210315 -0.00936202239245
      vertex 0.0146268391982 0.00776070915163 -0.00944313872606
      vertex 0.0183020308614 0.00536172837019 -0.00700267078355
    endloop
  endfacet
  facet normal 0.444798201323 -0.668674468994 0.595843136311
    outer loop
      vertex 0.0144820874557 0.00515787210315 -0.00936202239245
      vertex 0.0183020308614 0.00536172837019 -0.00700267078355
      vertex 0.0142465243116 0.00012658223568 -0.00503542972729
    endloop
  endfacet
  facet normal 0.327250123024 -0.772722840309 0.543881177902
    outer loop
      vertex 0.0205450858921 0.000432533153798 -0.00258331606165
      vertex 0.0142465243116 0.00012658223568 -0.00503542972729
      vertex 0.0183020308614 0.00536172837019 -0.00700267078355
    endloop
  endfacet
  facet normal 0.219608321786 -0.773942351341 0.593957424164
    outer loop
      vertex 0.0183020308614 0.00536172837019 -0.00700267078355
      vertex 0.0240711402148 0.00462814792991 -0.00480268802494
      vertex 0.0205450858921 0.000432533153798 -0.00258331606165
    endloop
  endfacet
  facet normal 0.165809035301 -0.807289838791 0.566383719444
    outer loop
      vertex 0.0205450858921 0.000432533153798 -0.00258331606165
      vertex 0.0240711402148 0.00462814792991 -0.00480268802494
      vertex 0.0257900580764 -0.00275958189741 0.000733492488507
    endloop
  endfacet
  facet normal -0.209647148848 -0.485369861126 0.848801612854
    outer loop
      vertex 0.0205450858921 0.000432533153798 -0.00258331606165
      vertex 0.0257900580764 -0.00275958189741 0.000733492488507
      vertex 0.0162551160902 -0.00106862082612 0.00189484003931
    endloop
  endfacet
  facet normal 0.126615166664 -0.2041092664 0.970725536346
    outer loop
      vertex 0.0162551160902 -0.00106862082612 0.00189484003931
      vertex 0.0142465243116 0.00012658223568 -0.00503542972729
      vertex 0.0205450858921 0.000432533153798 -0.00258331606165
    endloop
  endfacet
  facet normal 0.145293712616 -0.208894923329 0.96708458662
    outer loop
      vertex 0.0142465243116 0.00012658223568 -0.00503542972729
      vertex 0.0162551160902 -0.00106862082612 0.00189484003931
      vertex 0.0110430410132 -0.00158912711777 0.000679357850458
    endloop
  endfacet
  facet normal -0.0328951478004 -0.304258257151 0.952021420002
    outer loop
      vertex 0.00710482988507 -3.55979536835e-05 -0.0037558383774
      vertex 0.0142465243116 0.00012658223568 -0.00503542972729
      vertex 0.0110430410132 -0.00158912711777 0.000679357850458
    endloop
  endfacet
  facet normal -0.117362357676 -0.233858510852 0.965161263943
    outer loop
      vertex 0.00659110955894 -0.000907670124434 0.000101116180304
      vertex 0.00710482988507 -3.55979536835e-05 -0.0037558383774
      vertex 0.0110430410132 -0.00158912711777 0.000679357850458
    endloop
  endfacet
  facet normal -0.119846306741 -0.21858663857 0.968430042267
    outer loop
      vertex 0.0110430410132 -0.00158912711777 0.000679357850458
      vertex 0.00605932762846 -0.00164703221526 0.00366836320609
      vertex 0.00659110955894 -0.000907670124434 0.000101116180304
    endloop
  endfacet
  facet normal 0.033876568079 0.0371358469129 0.998735845089
    outer loop
      vertex 0.0110430410132 -0.00158912711777 0.000679357850458
      vertex 0.0086162686348 -0.00142309302464 0.00735848257318
      vertex 0.00605932762846 -0.00164703221526 0.00366836320609
    endloop
  endfacet
  facet normal -0.117330744863 0.140957117081 0.983038425446
    outer loop
      vertex 0.00605932762846 -0.00164703221526 0.00366836320609
      vertex 0.0086162686348 -0.00142309302464 0.00735848257318
      vertex 0.00450666155666 -0.00103968183976 0.00661162193865
    endloop
  endfacet
  facet normal -0.163610309362 0.449427753687 0.878206312656
    outer loop
      vertex 0.0086162686348 -0.00142309302464 0.00735848257318
      vertex 0.00417841179296 0.000136442540679 0.00879033654928
      vertex 0.00450666155666 -0.00103968183976 0.00661162193865
    endloop
  endfacet
  facet normal -0.673883855343 0.269775599241 0.687823832035
    outer loop
      vertex 0.00450666155666 -0.00103968183976 0.00661162193865
      vertex 0.00417841179296 0.000136442540679 0.00879033654928
      vertex 0.00186619907618 0.00166293268558 0.00690652476624
    endloop
  endfacet
  facet normal -0.716056883335 -0.0158297736198 0.697862446308
    outer loop
      vertex 0.00450666155666 -0.00103968183976 0.00661162193865
      vertex 0.00186619907618 0.00166293268558 0.00690652476624
      vertex 0.0016615310451 0.00193623104133 0.00411617010832
    endloop
  endfacet
  facet normal -0.996034443378 0.0673655346036 0.058114618063
    outer loop
      vertex 0.0016615310451 0.00193623104133 0.00411617010832
      vertex 0.00186619907618 0.00166293268558 0.00690652476624
      vertex 0.00171136087738 0.00301939458586 0.00578734884039
    endloop
  endfacet
  facet normal -0.986078619957 0.16464188695 -0.0232816096395
    outer loop
      vertex 0.00194954662584 0.00328079215251 0.0071769352071
      vertex 0.00171136087738 0.00301939458586 0.00578734884039
      vertex 0.00186619907618 0.00166293268558 0.00690652476624
    endloop
  endfacet
  facet normal -0.966427266598 0.256848812103 -0.00685766339302
    outer loop
      vertex 0.00186619907618 0.00166293268558 0.00690652476624
      vertex 0.00239784107544 0.00242053507827 0.00888667069376
      vertex 0.00194954662584 0.00328079215251 0.0071769352071
    endloop
  endfacet
  facet normal -0.968064725399 0.250619202852 0.00637680059299
    outer loop
      vertex 0.00239784107544 0.00242053507827 0.00888667069376
      vertex 0.00233938451856 0.0036476100795 0.00869209226221
      vertex 0.00194954662584 0.00328079215251 0.0071769352071
    endloop
  endfacet
  facet normal -0.964927732944 0.258850872517 0.0437119044363
    outer loop
      vertex 0.00194954662584 0.00328079215251 0.0071769352071
      vertex 0.00233938451856 0.0036476100795 0.00869209226221
      vertex 0.00210698065348 0.00458711385727 0.00798440538347
    endloop
  endfacet
  facet normal -0.993575453758 0.0955138802528 -0.0607032850385
    outer loop
      vertex 0.00210698065348 0.00458711385727 0.00798440538347
      vertex 0.00199407548644 0.00506217218935 0.00650799879804
      vertex 0.00194954662584 0.00328079215251 0.0071769352071
    endloop
  endfacet
  facet normal -0.994289755821 0.0893192514777 -0.0583949573338
    outer loop
      vertex 0.00199407548644 0.00506217218935 0.00650799879804
      vertex 0.00184304430149 0.00379275041632 0.00565665820614
      vertex 0.00194954662584 0.00328079215251 0.0071769352071
    endloop
  endfacet
  facet normal -0.973337471485 0.131481036544 -0.187954500318
    outer loop
      vertex 0.00194954662584 0.00328079215251 0.0071769352071
      vertex 0.00184304430149 0.00379275041632 0.00565665820614
      vertex 0.00171136087738 0.00301939458586 0.00578734884039
    endloop
  endfacet
  facet normal -0.97612965107 -0.107892148197 -0.188494578004
    outer loop
      vertex 0.00199407548644 0.00506217218935 0.00650799879804
      vertex 0.00210072123446 0.00507845776156 0.00557159818709
      vertex 0.00184304430149 0.00379275041632 0.00565665820614
    endloop
  endfacet
  facet normal -0.980582714081 -0.0110133560374 -0.195796370506
    outer loop
      vertex 0.00195703748614 0.00432018423453 0.0048839407973
      vertex 0.00184304430149 0.00379275041632 0.00565665820614
      vertex 0.00210072123446 0.00507845776156 0.00557159818709
    endloop
  endfacet
  facet normal 0.289604604244 0.016338782385 0.957006931305
    outer loop
      vertex 0.00210072123446 0.00507845776156 0.00557159818709
      vertex 0.00199407548644 0.00506217218935 0.00650799879804
      vertex 0.000697947340086 0.00465934816748 0.00588734308258
    endloop
  endfacet
  facet normal 0.124709755182 0.343666434288 0.930774331093
    outer loop
      vertex 0.000697947340086 0.00465934816748 0.00588734308258
      vertex 0.00199407548644 0.00506217218935 0.00650799879804
      vertex 0.00133071932942 0.00526049779728 0.00728585617617
    endloop
  endfacet
  facet normal 0.111274920404 0.349537432194 0.930291056633
    outer loop
      vertex -0.00128295912873 0.00488130608574 0.00710870232433
      vertex 0.000697947340086 0.00465934816748 0.00588734308258
      vertex 0.00133071932942 0.00526049779728 0.00728585617617
    endloop
  endfacet
  facet normal 0.0965444073081 0.46231380105 0.88144493103
    outer loop
      vertex 0.00133071932942 0.00526049779728 0.00728585617617
      vertex 0.000106265812065 0.00584991462529 0.00866533536464
      vertex -0.00128295912873 0.00488130608574 0.00710870232433
    endloop
  endfacet
  facet normal -0.0842190384865 0.579541325569 0.810579419136
    outer loop
      vertex 0.000106265812065 0.00584991462529 0.00866533536464
      vertex -0.00114194967318 0.005939216353 0.0086088469252
      vertex -0.00128295912873 0.00488130608574 0.00710870232433
    endloop
  endfacet
  facet normal -0.0961955711246 0.579664289951 0.809157431126
    outer loop
      vertex -0.00114194967318 0.005939216353 0.0086088469252
      vertex -0.00338679598644 0.00506968609989 0.00702253030613
      vertex -0.00128295912873 0.00488130608574 0.00710870232433
    endloop
  endfacet
  facet normal -0.295401513577 0.745517969131 0.597445309162
    outer loop
      vertex -0.00278363935649 0.0067196409218 0.00858376827091
      vertex -0.00338679598644 0.00506968609989 0.00702253030613
      vertex -0.00114194967318 0.005939216353 0.0086088469252
    endloop
  endfacet
  facet normal -0.235201582313 0.852194011211 0.46738165617
    outer loop
      vertex -0.00114194967318 0.005939216353 0.0086088469252
      vertex -0.00112421181984 0.00706377625465 0.00923050194979
      vertex -0.00278363935649 0.0067196409218 0.00858376827091
    endloop
  endfacet
  facet normal -0.26758313179 0.88692677021 0.376510560513
    outer loop
      vertex -0.00112421181984 0.00706377625465 0.00923050194979
      vertex -0.00213890802115 0.00844138395041 0.00950918160379
      vertex -0.00278363935649 0.0067196409218 0.00858376827091
    endloop
  endfacet
  facet normal -0.205123156309 0.89206880331 0.402663350105
    outer loop
      vertex -0.00213890802115 0.00844138395041 0.00950918160379
      vertex -0.00442560203373 0.00750000914559 0.0085584577173
      vertex -0.00278363935649 0.0067196409218 0.00858376827091
    endloop
  endfacet
  facet normal -0.295431256294 0.745516240597 0.597432732582
    outer loop
      vertex -0.00442560203373 0.00750000914559 0.0085584577173
      vertex -0.00338679598644 0.00506968609989 0.00702253030613
      vertex -0.00278363935649 0.0067196409218 0.00858376827091
    endloop
  endfacet
  facet normal -0.639723420143 0.496161818504 0.587007164955
    outer loop
      vertex -0.00338679598644 0.00506968609989 0.00702253030613
      vertex -0.00442560203373 0.00750000914559 0.0085584577173
      vertex -0.00637022778392 0.0060708662495 0.00436035264283
    endloop
  endfacet
  facet normal -0.414309978485 0.459384590387 0.785692751408
    outer loop
      vertex -0.00637022778392 0.0060708662495 0.00436035264283
      vertex -0.00442560203373 0.00750000914559 0.0085584577173
      vertex -0.00852906517684 0.00784110091627 0.00544099975377
    endloop
  endfacet
  facet normal -0.476547658443 0.361073583364 0.801578581333
    outer loop
      vertex -0.00852906517684 0.00784110091627 0.00544099975377
      vertex -0.00945007801056 0.00715986732394 0.00271310959943
      vertex -0.00637022778392 0.0060708662495 0.00436035264283
    endloop
  endfacet
  facet normal -0.509602367878 0.366462171078 0.778466999531
    outer loop
      vertex -0.00852906517684 0.00784110091627 0.00544099975377
      vertex -0.0131696527824 0.00996077992022 0.00349058187567
      vertex -0.00945007801056 0.00715986732394 0.00271310959943
    endloop
  endfacet
  facet normal -0.45298114419 0.49765843153 0.739691972733
    outer loop
      vertex -0.0131696527824 0.00996077992022 0.00349058187567
      vertex -0.015633078292 0.00805397890508 -0.00158585293684
      vertex -0.00945007801056 0.00715986732394 0.00271310959943
    endloop
  endfacet
  facet normal -0.0960504114628 -0.0683874562383 0.993024408817
    outer loop
      vertex -0.00945007801056 0.00715986732394 0.00271310959943
      vertex -0.015633078292 0.00805397890508 -0.00158585293684
      vertex -0.00728313531727 0.00723260547966 -0.00138656771742
    endloop
  endfacet
  facet normal -0.0893538370728 -0.240135133266 0.966618359089
    outer loop
      vertex -0.00728313531727 0.00723260547966 -0.00138656771742
      vertex -0.015633078292 0.00805397890508 -0.00158585293684
      vertex -0.00998398847878 0.00876719597727 -0.00655878707767
    endloop
  endfacet
  facet normal -0.149536252022 -0.304770767689 0.94061344862
    outer loop
      vertex -0.015633078292 0.00805397890508 -0.00158585293684
      vertex -0.0156233292073 0.010227708146 -0.00829941313714
      vertex -0.00998398847878 0.00876719597727 -0.00655878707767
    endloop
  endfacet
  facet normal -0.0783762559295 -0.4794678092 0.874052524567
    outer loop
      vertex -0.00998398847878 0.00876719597727 -0.00655878707767
      vertex -0.0156233292073 0.010227708146 -0.00829941313714
      vertex -0.0101871760562 0.010701761581 -0.0100522171706
    endloop
  endfacet
  facet normal -0.241709664464 -0.867320179939 0.435123115778
    outer loop
      vertex -0.0101871760562 0.010701761581 -0.0100522171706
      vertex -0.0156233292073 0.010227708146 -0.00829941313714
      vertex -0.0134477214888 0.0139232072979 -0.010759706609
    endloop
  endfacet
  facet normal -0.0194738134742 -0.837493538857 0.546100139618
    outer loop
      vertex -0.0183893553913 0.0140488799661 -0.0107267480344
      vertex -0.0134477214888 0.0139232072979 -0.010759706609
      vertex -0.0156233292073 0.010227708146 -0.00829941313714
    endloop
  endfacet
  facet normal 0.298015803099 -0.888579428196 0.348730832338
    outer loop
      vertex -0.0156233292073 0.010227708146 -0.00829941313714
      vertex -0.0207828041166 0.0108932442963 -0.0102910166606
      vertex -0.0183893553913 0.0140488799661 -0.0107267480344
    endloop
  endfacet
  facet normal 0.294808745384 -0.890495359898 0.346562922001
    outer loop
      vertex -0.0207828041166 0.0108932442963 -0.0102910166606
      vertex -0.0205579157919 0.0150970974937 -0.0118526201695
      vertex -0.0183893553913 0.0140488799661 -0.0107267480344
    endloop
  endfacet
  facet normal 0.545772016048 -0.789295196533 -0.281329005957
    outer loop
      vertex -0.0183893553913 0.0140488799661 -0.0107267480344
      vertex -0.0205579157919 0.0150970974937 -0.0118526201695
      vertex -0.0186264701188 0.0195982437581 -0.00891274213791
    endloop
  endfacet
  facet normal 0.0572231188416 -0.948223769665 -0.312405586243
    outer loop
      vertex -0.0142779573798 0.0195584949106 -0.00866341497749
      vertex -0.0183893553913 0.0140488799661 -0.0107267480344
      vertex -0.0186264701188 0.0195982437581 -0.00891274213791
    endloop
  endfacet
  facet normal 0.0288281664252 -0.353742897511 -0.93489831686
    outer loop
      vertex -0.0142779573798 0.0195584949106 -0.00866341497749
      vertex -0.0186264701188 0.0195982437581 -0.00891274213791
      vertex -0.0193520653993 0.0216281991452 -0.0036069562193
    endloop
  endfacet
  facet normal 0.221620589495 -0.170591145754 -0.960095286369
    outer loop
      vertex -0.0193520653993 0.0216281991452 -0.0036069562193
      vertex -0.0107044130564 0.0202611256391 -6.64591498207e-05
      vertex -0.0142779573798 0.0195584949106 -0.00866341497749
    endloop
  endfacet
  facet normal 0.071545779705 -0.11075656116 -0.991268992424
    outer loop
      vertex -0.0107044130564 0.0202611256391 -6.64591498207e-05
      vertex -0.00938926450908 0.0191797222942 -0.00889545399696
      vertex -0.0142779573798 0.0195584949106 -0.00866341497749
    endloop
  endfacet
  facet normal -0.017687831074 -0.937954425812 -0.346307218075
    outer loop
      vertex -0.0134477214888 0.0139232072979 -0.010759706609
      vertex -0.0142779573798 0.0195584949106 -0.00866341497749
      vertex -0.00938926450908 0.0191797222942 -0.00889545399696
    endloop
  endfacet
  facet normal 0.00262517132796 -0.937122583389 -0.348990470171
    outer loop
      vertex -0.0183893553913 0.0140488799661 -0.0107267480344
      vertex -0.0142779573798 0.0195584949106 -0.00866341497749
      vertex -0.0134477214888 0.0139232072979 -0.010759706609
    endloop
  endfacet
  facet normal 0.0679775103927 -0.111311234534 -0.991457939148
    outer loop
      vertex -0.00411668978631 0.0198342241347 0.000154186593136
      vertex -0.00938926450908 0.0191797222942 -0.00889545399696
      vertex -0.0107044130564 0.0202611256391 -6.64591498207e-05
    endloop
  endfacet
  facet normal 0.0420152544975 0.460789084435 -0.886514604092
    outer loop
      vertex -0.0107044130564 0.0202611256391 -6.64591498207e-05
      vertex -0.00782277714461 0.0166653487831 0.00658872630447
      vertex -0.00411668978631 0.0198342241347 0.000154186593136
    endloop
  endfacet
  facet normal -0.200286105275 0.33759278059 -0.91973721981
    outer loop
      vertex -0.00782277714461 0.0166653487831 0.00658872630447
      vertex -0.00238693132997 0.0179446302354 0.00632841931656
      vertex -0.00411668978631 0.0198342241347 0.000154186593136
    endloop
  endfacet
  facet normal -0.0522181652486 0.305595159531 -0.950728595257
    outer loop
      vertex -0.00238693132997 0.0179446302354 0.00632841931656
      vertex 0.00190138828475 0.01879619807 0.00441188784316
      vertex -0.00411668978631 0.0198342241347 0.000154186593136
    endloop
  endfacet
  facet normal 0.0880702137947 0.116696298122 -0.989255070686
    outer loop
      vertex -0.00411668978631 0.0198342241347 0.000154186593136
      vertex 0.00190138828475 0.01879619807 0.00441188784316
      vertex 0.000194177540834 0.0196788590401 -0.00178216362838
    endloop
  endfacet
  facet normal 0.0252515934408 -0.0239693280309 -0.999393701553
    outer loop
      vertex -0.00411668978631 0.0198342241347 0.000154186593136
      vertex 0.000194177540834 0.0196788590401 -0.00178216362838
      vertex -0.00309869158082 0.0196299739182 -0.00728943105787
    endloop
  endfacet
  facet normal -0.0622306540608 -0.0358792543411 -0.997416675091
    outer loop
      vertex -0.00411668978631 0.0198342241347 0.000154186593136
      vertex -0.00309869158082 0.0196299739182 -0.00728943105787
      vertex -0.00938926450908 0.0191797222942 -0.00889545399696
    endloop
  endfacet
  facet normal 0.0813306421041 -0.551339685917 -0.830307066441
    outer loop
      vertex -0.00309869158082 0.0196299739182 -0.00728943105787
      vertex -0.00485074520111 0.017077498138 -0.0113918650895
      vertex -0.00938926450908 0.0191797222942 -0.00889545399696
    endloop
  endfacet
  facet normal -0.0645724311471 -0.507150828838 -0.859434962273
    outer loop
      vertex -0.00485074520111 0.017077498138 -0.0113918650895
      vertex -0.00309869158082 0.0196299739182 -0.00728943105787
      vertex -0.00089258904336 0.0186605546623 -0.00921313278377
    endloop
  endfacet
  facet normal 0.0928883776069 -0.361075937748 -0.927898645401
    outer loop
      vertex -0.00309869158082 0.0196299739182 -0.00728943105787
      vertex 0.00149619346485 0.0195600874722 -0.00628697406501
      vertex -0.00089258904336 0.0186605546623 -0.00921313278377
    endloop
  endfacet
  facet normal 0.150317177176 -0.400566458702 -0.903853535652
    outer loop
      vertex 0.00149619346485 0.0195600874722 -0.00628697406501
      vertex 0.00514622172341 0.0177071969956 -0.00909819174558
      vertex -0.00089258904336 0.0186605546623 -0.00921313278377
    endloop
  endfacet
  facet normal 0.299482882023 -0.222649097443 -0.927759349346
    outer loop
      vertex 0.00514622172341 0.0177071969956 -0.00909819174558
      vertex 0.00149619346485 0.0195600874722 -0.00628697406501
      vertex 0.00392014440149 0.019470281899 -0.00340075301938
    endloop
  endfacet
  facet normal 0.0520457662642 -0.284982413054 -0.957118749619
    outer loop
      vertex 0.00747829768807 0.0185909196734 -0.00570429116488
      vertex 0.00514622172341 0.0177071969956 -0.00909819174558
      vertex 0.00392014440149 0.019470281899 -0.00340075301938
    endloop
  endfacet
  facet normal 0.186632454395 -0.0853382721543 -0.978716373444
    outer loop
      vertex 0.0083731636405 0.0186665076762 -0.0028803574387
      vertex 0.00747829768807 0.0185909196734 -0.00570429116488
      vertex 0.00392014440149 0.019470281899 -0.00340075301938
    endloop
  endfacet
  facet normal 0.171277225018 0.0538325682282 -0.983751058578
    outer loop
      vertex 0.00392014440149 0.019470281899 -0.00340075301938
      vertex 0.00696421274915 0.0187824815512 -0.000516906089615
      vertex 0.0083731636405 0.0186665076762 -0.0028803574387
    endloop
  endfacet
  facet normal 0.292914509773 0.128123700619 -0.947515368462
    outer loop
      vertex 0.0084613179788 0.0183527879417 -0.000761845905799
      vertex 0.0083731636405 0.0186665076762 -0.0028803574387
      vertex 0.00696421274915 0.0187824815512 -0.000516906089615
    endloop
  endfacet
  facet normal 0.296011388302 0.156137123704 -0.942336678505
    outer loop
      vertex 0.00696421274915 0.0187824815512 -0.000516906089615
      vertex 0.00807276926935 0.0182641018182 0.000510029203724
      vertex 0.0084613179788 0.0183527879417 -0.000761845905799
    endloop
  endfacet
  facet normal 0.492175877094 0.2092743963 -0.844965755939
    outer loop
      vertex 0.0084613179788 0.0183527879417 -0.000761845905799
      vertex 0.00807276926935 0.0182641018182 0.000510029203724
      vertex 0.00891995523125 0.0179186221212 -8.74921970535e-05
    endloop
  endfacet
  facet normal 0.560793697834 0.143578574061 -0.815411329269
    outer loop
      vertex 0.00944605376571 0.0177165549248 -0.000994758098386
      vertex 0.0084613179788 0.0183527879417 -0.000761845905799
      vertex 0.00891995523125 0.0179186221212 -8.74921970535e-05
    endloop
  endfacet
  facet normal 0.552984535694 0.137639790773 -0.821744084358
    outer loop
      vertex 0.00981110334396 0.0172904357314 8.26483010314e-05
      vertex 0.00944605376571 0.0177165549248 -0.000994758098386
      vertex 0.00891995523125 0.0179186221212 -8.74921970535e-05
    endloop
  endfacet
  facet normal 0.549127876759 0.155574217439 -0.82113045454
    outer loop
      vertex 0.00891995523125 0.0179186221212 -8.74921970535e-05
      vertex 0.00937828514725 0.017484402284 0.000586588634178
      vertex 0.00981110334396 0.0172904357314 8.26483010314e-05
    endloop
  endfacet
  facet normal 0.558794796467 0.167292162776 -0.812257170677
    outer loop
      vertex 0.00937828514725 0.017484402284 0.000586588634178
      vertex 0.00984618719667 0.0171882826835 0.000461447809357
      vertex 0.00981110334396 0.0172904357314 8.26483010314e-05
    endloop
  endfacet
  facet normal 0.611342489719 0.152776792645 -0.776478946209
    outer loop
      vertex 0.0100868046284 0.0170720275491 8.94637487363e-05
      vertex 0.00981110334396 0.0172904357314 8.26483010314e-05
      vertex 0.00984618719667 0.0171882826835 0.000461447809357
    endloop
  endfacet
  facet normal 0.598075091839 0.140259325504 -0.789071321487
    outer loop
      vertex 0.0100868046284 0.0170720275491 8.94637487363e-05
      vertex 0.00984618719667 0.0171882826835 0.000461447809357
      vertex 0.0102802431211 0.0168922506273 0.000276018632576
    endloop
  endfacet
  facet normal 0.614864051342 0.114391297102 -0.78029280901
    outer loop
      vertex 0.0100868046284 0.0170720275491 8.94637487363e-05
      vertex 0.0102802431211 0.0168922506273 0.000276018632576
      vertex 0.0104444315657 0.0168157108128 -8.44153546495e-05
    endloop
  endfacet
  facet normal 0.625822007656 0.162705883384 -0.762806415558
    outer loop
      vertex 0.0101207792759 0.0171853490174 -0.000572493940126
      vertex 0.0100868046284 0.0170720275491 8.94637487363e-05
      vertex 0.0104444315657 0.0168157108128 -8.44153546495e-05
    endloop
  endfacet
  facet normal 0.630411505699 0.157607480884 -0.7600928545
    outer loop
      vertex 0.0105782877654 0.0168509073555 -0.00078956480138
      vertex 0.0101207792759 0.0171853490174 -0.000572493940126
      vertex 0.0104444315657 0.0168157108128 -8.44153546495e-05
    endloop
  endfacet
  facet normal 0.671918869019 0.163601785898 -0.722329199314
    outer loop
      vertex 0.0104444315657 0.0168157108128 -8.44153546495e-05
      vertex 0.0109072336927 0.0164538957179 -0.000387685548048
      vertex 0.0105782877654 0.0168509073555 -0.00078956480138
    endloop
  endfacet
  facet normal 0.64660269022 0.198397234082 -0.736575484276
    outer loop
      vertex 0.0105782877654 0.0168509073555 -0.00078956480138
      vertex 0.0109072336927 0.0164538957179 -0.000387685548048
      vertex 0.0111074019223 0.016402605921 -0.000849641684908
    endloop
  endfacet
  facet normal 0.649639546871 0.121708415449 -0.750436842442
    outer loop
      vertex 0.0111074019223 0.016402605921 -0.000849641684908
      vertex 0.0108700552955 0.0167260188609 -0.0015768816229
      vertex 0.0105782877654 0.0168509073555 -0.00078956480138
    endloop
  endfacet
  facet normal 0.686779379845 0.141413971782 -0.71297699213
    outer loop
      vertex 0.0108700552955 0.0167260188609 -0.0015768816229
      vertex 0.0104304691777 0.017080238089 -0.00122791586909
      vertex 0.0105782877654 0.0168509073555 -0.00078956480138
    endloop
  endfacet
  facet normal 0.634603977203 0.179294139147 -0.751752197742
    outer loop
      vertex 0.0104304691777 0.017080238089 -0.00122791586909
      vertex 0.0101207792759 0.0171853490174 -0.000572493940126
      vertex 0.0105782877654 0.0168509073555 -0.00078956480138
    endloop
  endfacet
  facet normal 0.560107529163 0.133536309004 -0.817586481571
    outer loop
      vertex 0.00944605376571 0.0177165549248 -0.000994758098386
      vertex 0.0101207792759 0.0171853490174 -0.000572493940126
      vertex 0.0104304691777 0.017080238089 -0.00122791586909
    endloop
  endfacet
  facet normal 0.559010028839 0.121904738247 -0.820150613785
    outer loop
      vertex 0.00944605376571 0.0177165549248 -0.000994758098386
      vertex 0.0104304691777 0.017080238089 -0.00122791586909
      vertex 0.0100846281275 0.017495829612 -0.0024380357936
    endloop
  endfacet
  facet normal 0.541150391102 0.111970707774 -0.833437979221
    outer loop
      vertex 0.00944605376571 0.0177165549248 -0.000994758098386
      vertex 0.0100846281275 0.017495829612 -0.0024380357936
      vertex 0.0083731636405 0.0186665076762 -0.0028803574387
    endloop
  endfacet
  facet normal 0.55643081665 0.0990119278431 -0.824973523617
    outer loop
      vertex 0.00944605376571 0.0177165549248 -0.000994758098386
      vertex 0.0083731636405 0.0186665076762 -0.0028803574387
      vertex 0.0084613179788 0.0183527879417 -0.000761845905799
    endloop
  endfacet
  facet normal 0.550392627716 0.0718885585666 -0.831805229187
    outer loop
      vertex 0.0100701311603 0.0176526159048 -0.00414117379114
      vertex 0.0083731636405 0.0186665076762 -0.0028803574387
      vertex 0.0100846281275 0.017495829612 -0.0024380357936
    endloop
  endfacet
  facet normal 0.496689647436 0.0753692388535 -0.86464959383
    outer loop
      vertex 0.0100846281275 0.017495829612 -0.0024380357936
      vertex 0.0114961415529 0.0167744532228 -0.00346426852047
      vertex 0.0100701311603 0.0176526159048 -0.00414117379114
    endloop
  endfacet
  facet normal 0.540629923344 -0.0494264103472 -0.839807331562
    outer loop
      vertex 0.0100701311603 0.0176526159048 -0.00414117379114
      vertex 0.0114961415529 0.0167744532228 -0.00346426852047
      vertex 0.0108800297603 0.0170753765851 -0.00509034190327
    endloop
  endfacet
  facet normal 0.430522710085 -0.171547412872 -0.886127352715
    outer loop
      vertex 0.0108800297603 0.0170753765851 -0.00509034190327
      vertex 0.00955521408468 0.017514096573 -0.00614895299077
      vertex 0.0100701311603 0.0176526159048 -0.00414117379114
    endloop
  endfacet
  facet normal 0.424594819546 -0.170241475105 -0.889234006405
    outer loop
      vertex 0.00747829768807 0.0185909196734 -0.00570429116488
      vertex 0.0100701311603 0.0176526159048 -0.00414117379114
      vertex 0.00955521408468 0.017514096573 -0.00614895299077
    endloop
  endfacet
  facet normal 0.379923433065 -0.323811948299 -0.866489470005
    outer loop
      vertex 0.00747829768807 0.0185909196734 -0.00570429116488
      vertex 0.00955521408468 0.017514096573 -0.00614895299077
      vertex 0.00783014204353 0.0174496844411 -0.00834531337023
    endloop
  endfacet
  facet normal 0.190526798368 -0.367904067039 -0.91013520956
    outer loop
      vertex 0.00747829768807 0.0185909196734 -0.00570429116488
      vertex 0.00783014204353 0.0174496844411 -0.00834531337023
      vertex 0.00514622172341 0.0177071969956 -0.00909819174558
    endloop
  endfacet
  facet normal 0.371355324984 -0.317261725664 -0.872605443001
    outer loop
      vertex 0.0101638725027 0.0166998449713 -0.00767605612054
      vertex 0.00783014204353 0.0174496844411 -0.00834531337023
      vertex 0.00955521408468 0.017514096573 -0.00614895299077
    endloop
  endfacet
  facet normal 0.481537222862 -0.255142897367 -0.83846527338
    outer loop
      vertex 0.0101638725027 0.0166998449713 -0.00767605612054
      vertex 0.00955521408468 0.017514096573 -0.00614895299077
      vertex 0.0108800297603 0.0170753765851 -0.00509034190327
    endloop
  endfacet
  facet normal 0.516401588917 -0.261457532644 -0.815456569195
    outer loop
      vertex 0.0108800297603 0.0170753765851 -0.00509034190327
      vertex 0.0117331882939 0.0160471871495 -0.00661208946258
      vertex 0.0101638725027 0.0166998449713 -0.00767605612054
    endloop
  endfacet
  facet normal 0.606039643288 -0.530097007751 -0.593054056168
    outer loop
      vertex 0.0114534646273 0.0147968428209 -0.00833072699606
      vertex 0.0101638725027 0.0166998449713 -0.00767605612054
      vertex 0.0117331882939 0.0160471871495 -0.00661208946258
    endloop
  endfacet
  facet normal 0.83267724514 -0.407954245806 -0.37446218729
    outer loop
      vertex 0.0117331882939 0.0160471871495 -0.00661208946258
      vertex 0.0121294455603 0.0143853612244 -0.00732867978513
      vertex 0.0114534646273 0.0147968428209 -0.00833072699606
    endloop
  endfacet
  facet normal 0.835193693638 -0.415443390608 -0.360358506441
    outer loop
      vertex 0.0114534646273 0.0147968428209 -0.00833072699606
      vertex 0.0121294455603 0.0143853612244 -0.00732867978513
      vertex 0.0118780452758 0.0136258024722 -0.00849293358624
    endloop
  endfacet
  facet normal 0.770277380943 -0.531193137169 -0.35285499692
    outer loop
      vertex 0.0112433498725 0.0137889888138 -0.00930489972234
      vertex 0.0114534646273 0.0147968428209 -0.00833072699606
      vertex 0.0118780452758 0.0136258024722 -0.00849293358624
    endloop
  endfacet
  facet normal 0.792448103428 -0.606567442417 -0.064046934247
    outer loop
      vertex 0.0116493320093 0.012795349583 -0.00887942221016
      vertex 0.0112433498725 0.0137889888138 -0.00930489972234
      vertex 0.0118780452758 0.0136258024722 -0.00849293358624
    endloop
  endfacet
  facet normal 0.8855047822 -0.463783860207 0.028032341972
    outer loop
      vertex 0.0118780452758 0.0136258024722 -0.00849293358624
      vertex 0.011926708743 0.0128888711333 -0.00835547875613
      vertex 0.0116493320093 0.012795349583 -0.00887942221016
    endloop
  endfacet
  facet normal 0.852158606052 -0.388575285673 0.350478231907
    outer loop
      vertex 0.0115514835343 0.0122413244098 -0.00859429873526
      vertex 0.0116493320093 0.012795349583 -0.00887942221016
      vertex 0.011926708743 0.0128888711333 -0.00835547875613
    endloop
  endfacet
  facet normal 0.86982691288 -0.0316899456084 0.492338210344
    outer loop
      vertex 0.0115311434492 0.0121801504865 -0.00820220913738
      vertex 0.0115514835343 0.0122413244098 -0.00859429873526
      vertex 0.011926708743 0.0128888711333 -0.00835547875613
    endloop
  endfacet
  facet normal 0.859577775002 -0.0993597283959 0.501252114773
    outer loop
      vertex 0.0115311434492 0.0121801504865 -0.00820220913738
      vertex 0.011926708743 0.0128888711333 -0.00835547875613
      vertex 0.0118060912937 0.0125967198983 -0.00792510993779
    endloop
  endfacet
  facet normal -0.368495970964 -0.643276870251 -0.671122670174
    outer loop
      vertex 0.0120854526758 0.0122043676674 -0.00849447585642
      vertex 0.0115311434492 0.0121801504865 -0.00820220913738
      vertex 0.0118060912937 0.0125967198983 -0.00792510993779
    endloop
  endfacet
  facet normal -0.356591850519 -0.642411708832 -0.678343176842
    outer loop
      vertex 0.0118060912937 0.0125967198983 -0.00792510993779
      vertex 0.0122077995911 0.012685992755 -0.00805382523686
      vertex 0.0120854526758 0.0122043676674 -0.00849447585642
    endloop
  endfacet
  facet normal -0.307843208313 -0.661726176739 -0.683630764484
    outer loop
      vertex 0.0120854526758 0.0122043676674 -0.00849447585642
      vertex 0.0122077995911 0.012685992755 -0.00805382523686
      vertex 0.0128068253398 0.012362469919 -0.00866673048586
    endloop
  endfacet
  facet normal -0.308190703392 -0.720863759518 -0.620784938335
    outer loop
      vertex 0.0120854526758 0.0122043676674 -0.00849447585642
      vertex 0.0128068253398 0.012362469919 -0.00866673048586
      vertex 0.0124171311036 0.0120042571798 -0.00880860630423
    endloop
  endfacet
  facet normal -0.307627111673 -0.720623970032 -0.621342658997
    outer loop
      vertex 0.0120854526758 0.0122043676674 -0.00849447585642
      vertex 0.0124171311036 0.0120042571798 -0.00880860630423
      vertex 0.0120271285996 0.011646265164 -0.00895078945905
    endloop
  endfacet
  facet normal -0.312960267067 -0.718993902206 -0.620567202568
    outer loop
      vertex 0.0120271285996 0.011646265164 -0.00895078945905
      vertex 0.0116717368364 0.0119110699743 -0.00856754183769
      vertex 0.0120854526758 0.0122043676674 -0.00849447585642
    endloop
  endfacet
  facet normal -0.366508603096 -0.639087378979 -0.676194369793
    outer loop
      vertex 0.0115311434492 0.0121801504865 -0.00820220913738
      vertex 0.0120854526758 0.0122043676674 -0.00849447585642
      vertex 0.0116717368364 0.0119110699743 -0.00856754183769
    endloop
  endfacet
  facet normal -0.36656576395 -0.639086902142 -0.67616379261
    outer loop
      vertex 0.0115311434492 0.0121801504865 -0.00820220913738
      vertex 0.0116717368364 0.0119110699743 -0.00856754183769
      vertex 0.0114141311496 0.0119390869513 -0.00839014258236
    endloop
  endfacet
  facet normal 0.905266702175 -0.0192528683692 0.424407243729
    outer loop
      vertex 0.0115514835343 0.0122413244098 -0.00859429873526
      vertex 0.0115311434492 0.0121801504865 -0.00820220913738
      vertex 0.0114141311496 0.0119390869513 -0.00839014258236
    endloop
  endfacet
  facet normal 0.879700243473 -0.0972543805838 0.465477287769
    outer loop
      vertex 0.0114141311496 0.0119390869513 -0.00839014258236
      vertex 0.011278770864 0.0117660984397 -0.00878657121211
      vertex 0.0115514835343 0.0122413244098 -0.00859429873526
    endloop
  endfacet
  facet normal 0.864637434483 -0.359843194485 0.350592285395
    outer loop
      vertex 0.0115514835343 0.0122413244098 -0.00859429873526
      vertex 0.011278770864 0.0117660984397 -0.00878657121211
      vertex 0.0113660888746 0.0122071066871 -0.00900643225759
    endloop
  endfacet
  facet normal 0.86796861887 -0.362244397402 0.339719623327
    outer loop
      vertex 0.0116493320093 0.012795349583 -0.00887942221016
      vertex 0.0115514835343 0.0122413244098 -0.00859429873526
      vertex 0.0113660888746 0.0122071066871 -0.00900643225759
    endloop
  endfacet
  facet normal 0.857730567455 -0.396345704794 0.327426940203
    outer loop
      vertex 0.0113716218621 0.0127020832151 -0.00940336473286
      vertex 0.0116493320093 0.012795349583 -0.00887942221016
      vertex 0.0113660888746 0.0122071066871 -0.00900643225759
    endloop
  endfacet
  facet normal 0.811923921108 -0.450951784849 0.370704829693
    outer loop
      vertex 0.0113660888746 0.0122071066871 -0.00900643225759
      vertex 0.0111608952284 0.0121253468096 -0.00930866505951
      vertex 0.0113716218621 0.0127020832151 -0.00940336473286
    endloop
  endfacet
  facet normal 0.733766674995 -0.574639856815 0.362457513809
    outer loop
      vertex 0.0113716218621 0.0127020832151 -0.00940336473286
      vertex 0.0111608952284 0.0121253468096 -0.00930866505951
      vertex 0.0106622865424 0.0121722454205 -0.00997492764145
    endloop
  endfacet
  facet normal 0.619126498699 -0.785084068775 -0.0180370174348
    outer loop
      vertex 0.0108556365594 0.0133359702304 -0.00979571323842
      vertex 0.0113716218621 0.0127020832151 -0.00940336473286
      vertex 0.0106622865424 0.0121722454205 -0.00997492764145
    endloop
  endfacet
  facet normal 0.657391011715 -0.753518760204 -0.00681840302423
    outer loop
      vertex 0.0108556365594 0.0133359702304 -0.00979571323842
      vertex 0.0106622865424 0.0121722454205 -0.00997492764145
      vertex 0.0099411085248 0.0123802935705 -0.0106022218242
    endloop
  endfacet
  facet normal 0.578365445137 -0.805888652802 -0.126636952162
    outer loop
      vertex 0.00966029707342 0.0142195494846 -0.0105147324502
      vertex 0.0108556365594 0.0133359702304 -0.00979571323842
      vertex 0.0099411085248 0.0123802935705 -0.0106022218242
    endloop
  endfacet
  facet normal 0.521624088287 -0.844719648361 -0.119820967317
    outer loop
      vertex 0.0099411085248 0.0123802935705 -0.0106022218242
      vertex 0.00853271596134 0.0131081473082 -0.0113686760888
      vertex 0.00966029707342 0.0142195494846 -0.0105147324502
    endloop
  endfacet
  facet normal 0.661496341228 -0.658352375031 -0.359158337116
    outer loop
      vertex 0.0104617020115 0.0146370958537 -0.00948171224445
      vertex 0.0108556365594 0.0133359702304 -0.00979571323842
      vertex 0.00966029707342 0.0142195494846 -0.0105147324502
    endloop
  endfacet
  facet normal 0.550819933414 -0.757848680019 -0.34966096282
    outer loop
      vertex 0.0104617020115 0.0146370958537 -0.00948171224445
      vertex 0.0112433498725 0.0137889888138 -0.00930489972234
      vertex 0.0108556365594 0.0133359702304 -0.00979571323842
    endloop
  endfacet
  facet normal 0.706236600876 -0.692736208439 -0.146103993058
    outer loop
      vertex 0.0113716218621 0.0127020832151 -0.00940336473286
      vertex 0.0108556365594 0.0133359702304 -0.00979571323842
      vertex 0.0112433498725 0.0137889888138 -0.00930489972234
    endloop
  endfacet
  facet normal 0.863170623779 -0.48344424367 -0.145664379001
    outer loop
      vertex 0.0116493320093 0.012795349583 -0.00887942221016
      vertex 0.0113716218621 0.0127020832151 -0.00940336473286
      vertex 0.0112433498725 0.0137889888138 -0.00930489972234
    endloop
  endfacet
  facet normal 0.639529526234 -0.615068852901 -0.461185753345
    outer loop
      vertex 0.0104617020115 0.0146370958537 -0.00948171224445
      vertex 0.0114534646273 0.0147968428209 -0.00833072699606
      vertex 0.0112433498725 0.0137889888138 -0.00930489972234
    endloop
  endfacet
  facet normal 0.572252631187 -0.574335277081 -0.585376739502
    outer loop
      vertex 0.0101638725027 0.0166998449713 -0.00767605612054
      vertex 0.0114534646273 0.0147968428209 -0.00833072699606
      vertex 0.0104617020115 0.0146370958537 -0.00948171224445
    endloop
  endfacet
  facet normal 0.642835557461 -0.76268196106 0.0712646991014
    outer loop
      vertex 0.0106622865424 0.0121722454205 -0.00997492764145
      vertex 0.0101509988308 0.0117499809712 -0.0103664165363
      vertex 0.0099411085248 0.0123802935705 -0.0106022218242
    endloop
  endfacet
  facet normal 0.729203045368 -0.602590978146 0.324263900518
    outer loop
      vertex 0.0104190120474 0.0112609285861 -0.00977892428637
      vertex 0.0101509988308 0.0117499809712 -0.0103664165363
      vertex 0.0106622865424 0.0121722454205 -0.00997492764145
    endloop
  endfacet
  facet normal 0.809972286224 -0.490368545055 0.321688652039
    outer loop
      vertex 0.0106622865424 0.0121722454205 -0.00997492764145
      vertex 0.0107844397426 0.0114813474938 -0.00931992195547
      vertex 0.0104190120474 0.0112609285861 -0.00977892428637
    endloop
  endfacet
  facet normal 0.777089416981 -0.376449733973 0.504398286343
    outer loop
      vertex 0.0107844397426 0.0114813474938 -0.00931992195547
      vertex 0.0106248017401 0.011120618321 -0.00916612055153
      vertex 0.0104190120474 0.0112609285861 -0.00977892428637
    endloop
  endfacet
  facet normal 0.778081774712 -0.376434743404 0.502877354622
    outer loop
      vertex 0.0106248017401 0.011120618321 -0.00916612055153
      vertex 0.0103197377175 0.0107755055651 -0.00933564733714
      vertex 0.0104190120474 0.0112609285861 -0.00977892428637
    endloop
  endfacet
  facet normal 0.77745783329 -0.382157623768 0.499514579773
    outer loop
      vertex 0.0103197377175 0.0107755055651 -0.00933564733714
      vertex 0.0106248017401 0.011120618321 -0.00916612055153
      vertex 0.0105684017763 0.0108487736434 -0.00892553385347
    endloop
  endfacet
  facet normal 0.747628748417 -0.412676632404 0.520335733891
    outer loop
      vertex 0.0107745230198 0.0110320160165 -0.00878315977752
      vertex 0.0105684017763 0.0108487736434 -0.00892553385347
      vertex 0.0106248017401 0.011120618321 -0.00916612055153
    endloop
  endfacet
  facet normal 0.751536548138 -0.412860691547 0.514527797699
    outer loop
      vertex 0.0106248017401 0.011120618321 -0.00916612055153
      vertex 0.010909833014 0.0113698104396 -0.00895783025771
      vertex 0.0107745230198 0.0110320160165 -0.00878315977752
    endloop
  endfacet
  facet normal 0.747868180275 -0.418004572392 0.515718221664
    outer loop
      vertex 0.0107745230198 0.0110320160165 -0.00878315977752
      vertex 0.010909833014 0.0113698104396 -0.00895783025771
      vertex 0.0110655575991 0.0114161809906 -0.00873642694205
    endloop
  endfacet
  facet normal -0.338745325804 -0.868344187737 -0.36225682497
    outer loop
      vertex 0.0107745230198 0.0110320160165 -0.00878315977752
      vertex 0.0110655575991 0.0114161809906 -0.00873642694205
      vertex 0.0114193847403 0.0112310657278 -0.00895168352872
    endloop
  endfacet
  facet normal -0.192497551441 -0.802313745022 -0.565010905266
    outer loop
      vertex 0.0114193847403 0.0112310657278 -0.00895168352872
      vertex 0.0110655575991 0.0114161809906 -0.00873642694205
      vertex 0.0112580135465 0.0116178030148 -0.00864061526954
    endloop
  endfacet
  facet normal -0.31604385376 -0.79933232069 -0.511061787605
    outer loop
      vertex 0.0117757860571 0.0113807329908 -0.00899690762162
      vertex 0.0114193847403 0.0112310657278 -0.00895168352872
      vertex 0.0112580135465 0.0116178030148 -0.00864061526954
    endloop
  endfacet
  facet normal -0.269801497459 -0.773594141006 -0.573375284672
    outer loop
      vertex 0.0112580135465 0.0116178030148 -0.00864061526954
      vertex 0.0116717368364 0.0119110699743 -0.00856754183769
      vertex 0.0117757860571 0.0113807329908 -0.00899690762162
    endloop
  endfacet
  facet normal -0.41474789381 -0.745298504829 -0.522029042244
    outer loop
      vertex 0.0117757860571 0.0113807329908 -0.00899690762162
      vertex 0.0116717368364 0.0119110699743 -0.00856754183769
      vertex 0.0120271285996 0.011646265164 -0.00895078945905
    endloop
  endfacet
  facet normal -0.307739257813 -0.84466278553 -0.437996923923
    outer loop
      vertex 0.0120271285996 0.011646265164 -0.00895078945905
      vertex 0.0120602548122 0.011398804374 -0.00909117795527
      vertex 0.0117757860571 0.0113807329908 -0.00899690762162
    endloop
  endfacet
  facet normal -0.308572351933 -0.848862409592 -0.429203629494
    outer loop
      vertex 0.0120602548122 0.011398804374 -0.00909117795527
      vertex 0.0119236316532 0.0111419055611 -0.00917140766978
      vertex 0.0117757860571 0.0113807329908 -0.00899690762162
    endloop
  endfacet
  facet normal -0.312211334705 -0.8487200737 -0.426846921444
    outer loop
      vertex 0.0117757860571 0.0113807329908 -0.00899690762162
      vertex 0.0119236316532 0.0111419055611 -0.00917140766978
      vertex 0.011628350243 0.0109995296225 -0.00913439039141
    endloop
  endfacet
  facet normal -0.286043137312 -0.860746741295 -0.421063452959
    outer loop
      vertex 0.011628350243 0.0109995296225 -0.00913439039141
      vertex 0.0114193847403 0.0112310657278 -0.00895168352872
      vertex 0.0117757860571 0.0113807329908 -0.00899690762162
    endloop
  endfacet
  facet normal -0.315582275391 -0.844998002052 -0.431724727154
    outer loop
      vertex 0.0119236316532 0.0111419055611 -0.00917140766978
      vertex 0.0120602548122 0.011398804374 -0.00909117795527
      vertex 0.0122186094522 0.0112845012918 -0.00920871924609
    endloop
  endfacet
  facet normal -0.100581623614 -0.75996106863 -0.642139017582
    outer loop
      vertex 0.0120602548122 0.011398804374 -0.00909117795527
      vertex 0.0124226603657 0.0116074671969 -0.00896283052862
      vertex 0.0122186094522 0.0112845012918 -0.00920871924609
    endloop
  endfacet
  facet normal 0.0332364998758 -0.805217087269 -0.592047929764
    outer loop
      vertex 0.0124226603657 0.0116074671969 -0.00896283052862
      vertex 0.0125662684441 0.0113362073898 -0.00915635097772
      vertex 0.0122186094522 0.0112845012918 -0.00920871924609
    endloop
  endfacet
  facet normal 0.0331385433674 -0.804941773415 -0.592427670956
    outer loop
      vertex 0.0125662684441 0.0113362073898 -0.00915635097772
      vertex 0.0124098071828 0.010922963731 -0.00946693494916
      vertex 0.0122186094522 0.0112845012918 -0.00920871924609
    endloop
  endfacet
  facet normal 0.166468650103 -0.817482411861 -0.551371634007
    outer loop
      vertex 0.0131629984826 0.0110534681007 -0.00922553613782
      vertex 0.0124098071828 0.010922963731 -0.00946693494916
      vertex 0.0125662684441 0.0113362073898 -0.00915635097772
    endloop
  endfacet
  facet normal 0.142174571753 -0.849572181702 -0.507950246334
    outer loop
      vertex 0.0131629984826 0.0110534681007 -0.00922553613782
      vertex 0.0125662684441 0.0113362073898 -0.00915635097772
      vertex 0.012817860581 0.0115688638762 -0.00897514540702
    endloop
  endfacet
  facet normal 0.0831448733807 -0.87333792448 -0.479966461658
    outer loop
      vertex 0.0137037038803 0.0118273552507 -0.00874874833971
      vertex 0.0131629984826 0.0110534681007 -0.00922553613782
      vertex 0.012817860581 0.0115688638762 -0.00897514540702
    endloop
  endfacet
  facet normal 0.130759552121 -0.923470199108 -0.360700279474
    outer loop
      vertex 0.012817860581 0.0115688638762 -0.00897514540702
      vertex 0.0128068253398 0.012362469919 -0.00866673048586
      vertex 0.0137037038803 0.0118273552507 -0.00874874833971
    endloop
  endfacet
  facet normal 0.269577682018 -0.775641381741 -0.570708632469
    outer loop
      vertex 0.0137037038803 0.0118273552507 -0.00874874833971
      vertex 0.0128068253398 0.012362469919 -0.00866673048586
      vertex 0.0136734480038 0.0122660752386 -0.00843645911664
    endloop
  endfacet
  facet normal 0.358672589064 -0.748612701893 -0.557613611221
    outer loop
      vertex 0.0143337408081 0.0118327746168 -0.00844285171479
      vertex 0.0137037038803 0.0118273552507 -0.00874874833971
      vertex 0.0136734480038 0.0122660752386 -0.00843645911664
    endloop
  endfacet
  facet normal 0.258942246437 -0.875717997551 -0.407513022423
    outer loop
      vertex 0.0143337408081 0.0118327746168 -0.00844285171479
      vertex 0.0136734480038 0.0122660752386 -0.00843645911664
      vertex 0.014390071854 0.0123997060582 -0.00816237460822
    endloop
  endfacet
  facet normal 0.402262687683 -0.835850477219 -0.373548835516
    outer loop
      vertex 0.0149637358263 0.0118381381035 -0.00813726149499
      vertex 0.0143337408081 0.0118327746168 -0.00844285171479
      vertex 0.014390071854 0.0123997060582 -0.00816237460822
    endloop
  endfacet
  facet normal 0.54217416048 -0.65646892786 -0.524495720863
    outer loop
      vertex 0.0149637358263 0.0118381381035 -0.00813726149499
      vertex 0.014390071854 0.0123997060582 -0.00816237460822
      vertex 0.0154607314616 0.0128440642729 -0.00692309625447
    endloop
  endfacet
  facet normal 0.517495632172 -0.661509990692 -0.542773246765
    outer loop
      vertex 0.0154607314616 0.0128440642729 -0.00692309625447
      vertex 0.0160541087389 0.0114753711969 -0.00758192222565
      vertex 0.0149637358263 0.0118381381035 -0.00813726149499
    endloop
  endfacet
  facet normal 0.517361342907 -0.764147639275 -0.385247498751
    outer loop
      vertex 0.0149637358263 0.0118381381035 -0.00813726149499
      vertex 0.0160541087389 0.0114753711969 -0.00758192222565
      vertex 0.0153613686562 0.0106022059917 -0.00849114637822
    endloop
  endfacet
  facet normal 0.480746895075 -0.789844572544 -0.380825430155
    outer loop
      vertex 0.0153613686562 0.0106022059917 -0.00849114637822
      vertex 0.0144392671064 0.0110657587647 -0.00882888957858
      vertex 0.0149637358263 0.0118381381035 -0.00813726149499
    endloop
  endfacet
  facet normal 0.385126501322 -0.801981151104 -0.456622242928
    outer loop
      vertex 0.0149637358263 0.0118381381035 -0.00813726149499
      vertex 0.0144392671064 0.0110657587647 -0.00882888957858
      vertex 0.0143337408081 0.0118327746168 -0.00844285171479
    endloop
  endfacet
  facet normal 0.385396063328 -0.801864027977 -0.456600397825
    outer loop
      vertex 0.0143337408081 0.0118327746168 -0.00844285171479
      vertex 0.0144392671064 0.0110657587647 -0.00882888957858
      vertex 0.0137037038803 0.0118273552507 -0.00874874833971
    endloop
  endfacet
  facet normal 0.249492421746 -0.908026516438 -0.336513608694
    outer loop
      vertex 0.0137037038803 0.0118273552507 -0.00874874833971
      vertex 0.0144392671064 0.0110657587647 -0.00882888957858
      vertex 0.0138824749738 0.0105572082102 -0.0091703440994
    endloop
  endfacet
  facet normal 0.301738917828 -0.891340196133 -0.33832859993
    outer loop
      vertex 0.0138824749738 0.0105572082102 -0.0091703440994
      vertex 0.0131629984826 0.0110534681007 -0.00922553613782
      vertex 0.0137037038803 0.0118273552507 -0.00874874833971
    endloop
  endfacet
  facet normal 0.387438386679 -0.790854930878 -0.473750948906
    outer loop
      vertex 0.0132392039523 0.0103539936244 -0.00960721448064
      vertex 0.0131629984826 0.0110534681007 -0.00922553613782
      vertex 0.0138824749738 0.0105572082102 -0.0091703440994
    endloop
  endfacet
  facet normal 0.49500310421 -0.837136566639 -0.232753738761
    outer loop
      vertex 0.0138660538942 0.00930988136679 -0.00952685531229
      vertex 0.0132392039523 0.0103539936244 -0.00960721448064
      vertex 0.0138824749738 0.0105572082102 -0.0091703440994
    endloop
  endfacet
  facet normal 0.408098548651 -0.879192650318 -0.245918318629
    outer loop
      vertex 0.0146874543279 0.00975653156638 -0.00902064982802
      vertex 0.0138660538942 0.00930988136679 -0.00952685531229
      vertex 0.0138824749738 0.0105572082102 -0.0091703440994
    endloop
  endfacet
  facet normal 0.370454221964 -0.906399905682 -0.202985033393
    outer loop
      vertex 0.0138824749738 0.0105572082102 -0.0091703440994
      vertex 0.0144392671064 0.0110657587647 -0.00882888957858
      vertex 0.0146874543279 0.00975653156638 -0.00902064982802
    endloop
  endfacet
  facet normal 0.427554607391 -0.879297614098 -0.209839805961
    outer loop
      vertex 0.0146874543279 0.00975653156638 -0.00902064982802
      vertex 0.0144392671064 0.0110657587647 -0.00882888957858
      vertex 0.0153613686562 0.0106022059917 -0.00849114637822
    endloop
  endfacet
  facet normal 0.523409843445 -0.844714701176 -0.111799813807
    outer loop
      vertex 0.0146874543279 0.00975653156638 -0.00902064982802
      vertex 0.0153613686562 0.0106022059917 -0.00849114637822
      vertex 0.0165562648326 0.00944370962679 -0.00790408346802
    endloop
  endfacet
  facet normal 0.622823059559 -0.73416519165 -0.270357012749
    outer loop
      vertex 0.0165562648326 0.00944370962679 -0.00790408346802
      vertex 0.0153613686562 0.0106022059917 -0.00849114637822
      vertex 0.0160541087389 0.0114753711969 -0.00758192222565
    endloop
  endfacet
  facet normal 0.551848888397 -0.791737437248 -0.261943906546
    outer loop
      vertex 0.0160541087389 0.0114753711969 -0.00758192222565
      vertex 0.0176037345082 0.0118784718215 -0.00636845268309
      vertex 0.0165562648326 0.00944370962679 -0.00790408346802
    endloop
  endfacet
  facet normal 0.713709235191 -0.688765287399 -0.127363562584
    outer loop
      vertex 0.0165562648326 0.00944370962679 -0.00790408346802
      vertex 0.0176037345082 0.0118784718215 -0.00636845268309
      vertex 0.0187195166945 0.0104542179033 -0.00547562958673
    endloop
  endfacet
  facet normal 0.706608951092 -0.691638112068 -0.149467438459
    outer loop
      vertex 0.0187195166945 0.0104542179033 -0.00547562958673
      vertex 0.0183020308614 0.00536172837019 -0.00700267078355
      vertex 0.0165562648326 0.00944370962679 -0.00790408346802
    endloop
  endfacet
  facet normal 0.372355848551 -0.896939992905 -0.238431841135
    outer loop
      vertex 0.0183020308614 0.00536172837019 -0.00700267078355
      vertex 0.0187195166945 0.0104542179033 -0.00547562958673
      vertex 0.0240711402148 0.00462814792991 -0.00480268802494
    endloop
  endfacet
  facet normal 0.695466160774 -0.407629013062 -0.591747701168
    outer loop
      vertex 0.0240711402148 0.00462814792991 -0.00480268802494
      vertex 0.0187195166945 0.0104542179033 -0.00547562958673
      vertex 0.0218616891652 0.0108980471268 0.000529609096702
    endloop
  endfacet
  facet normal 0.222666636109 -0.702521204948 -0.675931632519
    outer loop
      vertex 0.0279815848917 0.00724246539176 -0.00104788993485
      vertex 0.0240711402148 0.00462814792991 -0.00480268802494
      vertex 0.0218616891652 0.0108980471268 0.000529609096702
    endloop
  endfacet
  facet normal 0.487786412239 -0.113427743316 -0.865562558174
    outer loop
      vertex 0.0291034653783 0.00737188011408 0.00476422393695
      vertex 0.0279815848917 0.00724246539176 -0.00104788993485
      vertex 0.0218616891652 0.0108980471268 0.000529609096702
    endloop
  endfacet
  facet normal 0.412441074848 0.052008651197 -0.90949845314
    outer loop
      vertex 0.0218616891652 0.0108980471268 0.000529609096702
      vertex 0.0219793375582 0.010483157821 0.00685197021812
      vertex 0.0291034653783 0.00737188011408 0.00476422393695
    endloop
  endfacet
  facet normal 0.43730455637 0.178778856993 -0.881364166737
    outer loop
      vertex 0.0291034653783 0.00737188011408 0.00476422393695
      vertex 0.0219793375582 0.010483157821 0.00685197021812
      vertex 0.0283361971378 0.00664961198345 0.0102017335594
    endloop
  endfacet
  facet normal 0.411675900221 0.176841929555 -0.894007742405
    outer loop
      vertex 0.0283361971378 0.00664961198345 0.0102017335594
      vertex 0.0332952439785 0.00457688979805 0.00913586374372
      vertex 0.0291034653783 0.00737188011408 0.00476422393695
    endloop
  endfacet
  facet normal 0.351185441017 0.241612553596 -0.904595017433
    outer loop
      vertex 0.0344082191586 0.005617456045 0.00362227880396
      vertex 0.0291034653783 0.00737188011408 0.00476422393695
      vertex 0.0332952439785 0.00457688979805 0.00913586374372
    endloop
  endfacet
  facet normal 0.617890298367 0.264471024275 -0.740450322628
    outer loop
      vertex 0.0332952439785 0.00457688979805 0.00913586374372
      vertex 0.0376637428999 0.00235112197697 0.00516120484099
      vertex 0.0344082191586 0.005617456045 0.00362227880396
    endloop
  endfacet
  facet normal 0.725823640823 -0.0872176364064 -0.682329177856
    outer loop
      vertex 0.0376637428999 0.00235112197697 0.00516120484099
      vertex 0.0356786772609 0.00346674327739 -0.00263063516468
      vertex 0.0344082191586 0.005617456045 0.00362227880396
    endloop
  endfacet
  facet normal 0.390779823065 -0.227392971516 -0.891954898834
    outer loop
      vertex 0.0356786772609 0.00346674327739 -0.00263063516468
      vertex 0.0279815848917 0.00724246539176 -0.00104788993485
      vertex 0.0344082191586 0.005617456045 0.00362227880396
    endloop
  endfacet
  facet normal 0.297724276781 -0.0786525160074 -0.951406359673
    outer loop
      vertex 0.0279815848917 0.00724246539176 -0.00104788993485
      vertex 0.0291034653783 0.00737188011408 0.00476422393695
      vertex 0.0344082191586 0.005617456045 0.00362227880396
    endloop
  endfacet
  facet normal 0.117238536477 -0.807832300663 -0.577634871006
    outer loop
      vertex 0.0308305714279 0.00066275865538 -0.00533919781446
      vertex 0.0279815848917 0.00724246539176 -0.00104788993485
      vertex 0.0356786772609 0.00346674327739 -0.00263063516468
    endloop
  endfacet
  facet normal 0.329469919205 -0.896467208862 -0.296304047108
    outer loop
      vertex 0.0356786772609 0.00346674327739 -0.00263063516468
      vertex 0.0371271148324 -0.000148922626977 -0.0032933705952
      vertex 0.0308305714279 0.00066275865538 -0.00533919781446
    endloop
  endfacet
  facet normal 0.2916842103 -0.948064208031 0.126864463091
    outer loop
      vertex 0.0308305714279 0.00066275865538 -0.00533919781446
      vertex 0.0371271148324 -0.000148922626977 -0.0032933705952
      vertex 0.0342766791582 -0.00380766089074 -0.0036807525903
    endloop
  endfacet
  facet normal 0.0225977599621 -0.942878007889 0.332370847464
    outer loop
      vertex 0.0342766791582 -0.00380766089074 -0.0036807525903
      vertex 0.0308624207973 -0.00408241152763 -0.00366572989151
      vertex 0.0308305714279 0.00066275865538 -0.00533919781446
    endloop
  endfacet
  facet normal -0.670764744282 -0.698024272919 0.250672727823
    outer loop
      vertex 0.0257900580764 -0.00275958189741 0.000733492488507
      vertex 0.0308305714279 0.00066275865538 -0.00533919781446
      vertex 0.0308624207973 -0.00408241152763 -0.00366572989151
    endloop
  endfacet
  facet normal -0.253453165293 -0.00135730043985 0.967346727848
    outer loop
      vertex 0.0257900580764 -0.00275958189741 0.000733492488507
      vertex 0.0308624207973 -0.00408241152763 -0.00366572989151
      vertex 0.0320610851049 -0.00440576579422 0.00295772193931
    endloop
  endfacet
  facet normal -0.200407207012 -0.151362091303 0.96794962883
    outer loop
      vertex 0.027388362214 -0.00400514900684 0.00658261030912
      vertex 0.0257900580764 -0.00275958189741 0.000733492488507
      vertex 0.0320610851049 -0.00440576579422 0.00295772193931
    endloop
  endfacet
  facet normal 0.0310630463064 0.149268582463 0.988308668137
    outer loop
      vertex 0.0320610851049 -0.00440576579422 0.00295772193931
      vertex 0.0316855162382 -0.00371735240333 0.00759386783466
      vertex 0.027388362214 -0.00400514900684 0.00658261030912
    endloop
  endfacet
  facet normal 0.0789012238383 -0.051956538111 0.995527565479
    outer loop
      vertex 0.027388362214 -0.00400514900684 0.00658261030912
      vertex 0.0316855162382 -0.00371735240333 0.00759386783466
      vertex 0.0295885503292 -0.00397836044431 0.00941052846611
    endloop
  endfacet
  facet normal 0.0068505522795 0.00414266670123 0.999967932701
    outer loop
      vertex 0.0295885503292 -0.00397836044431 0.00941052846611
      vertex 0.0253127720207 -0.00399931054562 0.0114242564887
      vertex 0.027388362214 -0.00400514900684 0.00658261030912
    endloop
  endfacet
  facet normal -0.237353622913 -0.100587144494 0.966201603413
    outer loop
      vertex 0.0253127720207 -0.00399931054562 0.0114242564887
      vertex 0.0185007154942 -0.00196745386347 0.00798130407929
      vertex 0.027388362214 -0.00400514900684 0.00658261030912
    endloop
  endfacet
  facet normal -0.241964846849 -0.13839109242 0.960364997387
    outer loop
      vertex 0.0257900580764 -0.00275958189741 0.000733492488507
      vertex 0.027388362214 -0.00400514900684 0.00658261030912
      vertex 0.0185007154942 -0.00196745386347 0.00798130407929
    endloop
  endfacet
  facet normal -0.18320004642 -0.0771387517452 0.980044543743
    outer loop
      vertex 0.0162551160902 -0.00106862082612 0.00189484003931
      vertex 0.0257900580764 -0.00275958189741 0.000733492488507
      vertex 0.0185007154942 -0.00196745386347 0.00798130407929
    endloop
  endfacet
  facet normal -0.293227046728 -0.0329160951078 0.955476045609
    outer loop
      vertex 0.0133187854663 -0.00040931487456 0.00891452189535
      vertex 0.0162551160902 -0.00106862082612 0.00189484003931
      vertex 0.0185007154942 -0.00196745386347 0.00798130407929
    endloop
  endfacet
  facet normal -0.147963479161 0.550359606743 0.821712315083
    outer loop
      vertex 0.0173692014068 0.00115139363334 0.0123336818069
      vertex 0.0133187854663 -0.00040931487456 0.00891452189535
      vertex 0.0185007154942 -0.00196745386347 0.00798130407929
    endloop
  endfacet
  facet normal -0.622387945652 0.342516809702 0.703786551952
    outer loop
      vertex 0.0205437466502 -0.00147697585635 0.0127015076578
      vertex 0.0173692014068 0.00115139363334 0.0123336818069
      vertex 0.0185007154942 -0.00196745386347 0.00798130407929
    endloop
  endfacet
  facet normal -0.395251095295 0.262542754412 0.88025444746
    outer loop
      vertex 0.0253127720207 -0.00399931054562 0.0114242564887
      vertex 0.0205437466502 -0.00147697585635 0.0127015076578
      vertex 0.0185007154942 -0.00196745386347 0.00798130407929
    endloop
  endfacet
  facet normal -0.392305880785 0.271048665047 0.878993034363
    outer loop
      vertex 0.0253127720207 -0.00399931054562 0.0114242564887
      vertex 0.0247026514262 -0.00253114453517 0.0153023535386
      vertex 0.0205437466502 -0.00147697585635 0.0127015076578
    endloop
  endfacet
  facet normal -0.555182993412 0.716739118099 0.421967864037
    outer loop
      vertex 0.0205437466502 -0.00147697585635 0.0127015076578
      vertex 0.0247026514262 -0.00253114453517 0.0153023535386
      vertex 0.022613286972 0.00140846183058 0.016003318131
    endloop
  endfacet
  facet normal -0.485474169254 0.727707564831 0.484516829252
    outer loop
      vertex 0.0205437466502 -0.00147697585635 0.0127015076578
      vertex 0.022613286972 0.00140846183058 0.016003318131
      vertex 0.0173692014068 0.00115139363334 0.0123336818069
    endloop
  endfacet
  facet normal -0.572414815426 0.819635212421 0.0232253391296
    outer loop
      vertex 0.0173692014068 0.00115139363334 0.0123336818069
      vertex 0.022613286972 0.00140846183058 0.016003318131
      vertex 0.018514432013 0.00488856853917 0.0132393818349
    endloop
  endfacet
  facet normal -0.245079874992 0.9567450881 0.15676318109
    outer loop
      vertex 0.018514432013 0.00488856853917 0.0132393818349
      vertex 0.016279136762 0.00377956638113 0.012485078536
      vertex 0.0173692014068 0.00115139363334 0.0123336818069
    endloop
  endfacet
  facet normal -0.302753210068 0.936014950275 0.179489687085
    outer loop
      vertex 0.0147312190384 0.0028801751323 0.0118119390681
      vertex 0.0173692014068 0.00115139363334 0.0123336818069
      vertex 0.016279136762 0.00377956638113 0.012485078536
    endloop
  endfacet
  facet normal -0.426594227552 0.902535796165 -0.0587067827582
    outer loop
      vertex 0.0154696339741 0.00430537993088 0.0120682548732
      vertex 0.0147312190384 0.0028801751323 0.0118119390681
      vertex 0.016279136762 0.00377956638113 0.012485078536
    endloop
  endfacet
  facet normal -0.340903609991 0.917952239513 -0.202850580215
    outer loop
      vertex 0.0154696339741 0.00430537993088 0.0120682548732
      vertex 0.016279136762 0.00377956638113 0.012485078536
      vertex 0.0160688310862 0.00497102597728 0.0121436854824
    endloop
  endfacet
  facet normal -0.025175254792 0.995609104633 0.0901594310999
    outer loop
      vertex 0.0154696339741 0.00430537993088 0.0120682548732
      vertex 0.0160688310862 0.00497102597728 0.0121436854824
      vertex 0.0143529251218 0.00575821055099 0.0121715813875
    endloop
  endfacet
  facet normal -0.0804283544421 0.98796993494 0.132086083293
    outer loop
      vertex 0.0123828593642 0.00429057655856 0.0118149882182
      vertex 0.0154696339741 0.00430537993088 0.0120682548732
      vertex 0.0143529251218 0.00575821055099 0.0121715813875
    endloop
  endfacet
  facet normal -0.184235617518 0.982845306396 -0.0085038272664
    outer loop
      vertex 0.0143529251218 0.00575821055099 0.0121715813875
      vertex 0.0115774869919 0.0074936687015 0.0116363065317
      vertex 0.0123828593642 0.00429057655856 0.0118149882182
    endloop
  endfacet
  facet normal 0.00902926269919 0.998278141022 -0.0579584389925
    outer loop
      vertex 0.00816291570663 0.00533142033964 0.0117927277461
      vertex 0.0123828593642 0.00429057655856 0.0118149882182
      vertex 0.0115774869919 0.0074936687015 0.0116363065317
    endloop
  endfacet
  facet normal 0.0794777870178 0.99539989233 0.0535004362464
    outer loop
      vertex 0.00816291570663 0.00533142033964 0.0117927277461
      vertex 0.0115774869919 0.0074936687015 0.0116363065317
      vertex 0.00853498093784 0.0082294549793 0.0119187822565
    endloop
  endfacet
  facet normal -0.143233552575 0.989381968975 0.0246457476169
    outer loop
      vertex 0.00816291570663 0.00533142033964 0.0117927277461
      vertex 0.00853498093784 0.0082294549793 0.0119187822565
      vertex 0.0067341318354 0.00705361133441 0.0116287814453
    endloop
  endfacet
  facet normal -0.195676475763 0.97822278738 0.069216363132
    outer loop
      vertex 0.00816291570663 0.00533142033964 0.0117927277461
      vertex 0.0067341318354 0.00705361133441 0.0116287814453
      vertex 0.00643865950406 0.00570505391806 0.0114742573351
    endloop
  endfacet
  facet normal -0.213246136904 0.963302791119 0.163014680147
    outer loop
      vertex 0.00676991092041 0.00285171181895 0.0110647296533
      vertex 0.00816291570663 0.00533142033964 0.0117927277461
      vertex 0.00643865950406 0.00570505391806 0.0114742573351
    endloop
  endfacet
  facet normal -0.226880282164 0.959994316101 0.164122655988
    outer loop
      vertex 0.00643865950406 0.00570505391806 0.0114742573351
      vertex 0.00484461989254 0.00433160969988 0.0108627229929
      vertex 0.00676991092041 0.00285171181895 0.0110647296533
    endloop
  endfacet
  facet normal -0.16460223496 0.983114898205 0.0799452885985
    outer loop
      vertex 0.00484461989254 0.00433160969988 0.0108627229929
      vertex 0.00361832766794 0.00278659933247 0.0105317682028
      vertex 0.00676991092041 0.00285171181895 0.0110647296533
    endloop
  endfacet
  facet normal -0.126446738839 0.816537499428 0.563274145126
    outer loop
      vertex 0.00676991092041 0.00285171181895 0.0110647296533
      vertex 0.00361832766794 0.00278659933247 0.0105317682028
      vertex 0.00417841179296 0.000136442540679 0.00879033654928
    endloop
  endfacet
  facet normal 0.0160758681595 0.758893787861 0.651015996933
    outer loop
      vertex 0.00676991092041 0.00285171181895 0.0110647296533
      vertex 0.00417841179296 0.000136442540679 0.00879033654928
      vertex 0.0086162686348 -0.00142309302464 0.00735848257318
    endloop
  endfacet
  facet normal -0.105458796024 0.728357076645 0.677033543587
    outer loop
      vertex 0.0086162686348 -0.00142309302464 0.00735848257318
      vertex 0.0110035669059 0.00216634385288 0.0110406475142
      vertex 0.00676991092041 0.00285171181895 0.0110647296533
    endloop
  endfacet
  facet normal -0.0369804576039 0.964272499084 0.262318611145
    outer loop
      vertex 0.00676991092041 0.00285171181895 0.0110647296533
      vertex 0.0110035669059 0.00216634385288 0.0110406475142
      vertex 0.00816291570663 0.00533142033964 0.0117927277461
    endloop
  endfacet
  facet normal -0.0780993923545 0.951901614666 0.296283245087
    outer loop
      vertex 0.0110035669059 0.00216634385288 0.0110406475142
      vertex 0.0123828593642 0.00429057655856 0.0118149882182
      vertex 0.00816291570663 0.00533142033964 0.0117927277461
    endloop
  endfacet
  facet normal -0.149722516537 0.956243336201 0.251360088587
    outer loop
      vertex 0.0123828593642 0.00429057655856 0.0118149882182
      vertex 0.0110035669059 0.00216634385288 0.0110406475142
      vertex 0.0147312190384 0.0028801751323 0.0118119390681
    endloop
  endfacet
  facet normal -0.0803672298789 0.987450778484 0.135948911309
    outer loop
      vertex 0.0147312190384 0.0028801751323 0.0118119390681
      vertex 0.0154696339741 0.00430537993088 0.0120682548732
      vertex 0.0123828593642 0.00429057655856 0.0118149882182
    endloop
  endfacet
  facet normal -0.0315283685923 0.756714761257 0.652984499931
    outer loop
      vertex 0.0147312190384 0.0028801751323 0.0118119390681
      vertex 0.0110035669059 0.00216634385288 0.0110406475142
      vertex 0.0133187854663 -0.00040931487456 0.00891452189535
    endloop
  endfacet
  facet normal -0.456995099783 0.755585491657 0.469303816557
    outer loop
      vertex 0.0147312190384 0.0028801751323 0.0118119390681
      vertex 0.0133187854663 -0.00040931487456 0.00891452189535
      vertex 0.0173692014068 0.00115139363334 0.0123336818069
    endloop
  endfacet
  facet normal -0.0929136425257 0.725248754025 0.682188570499
    outer loop
      vertex 0.0086162686348 -0.00142309302464 0.00735848257318
      vertex 0.0133187854663 -0.00040931487456 0.00891452189535
      vertex 0.0110035669059 0.00216634385288 0.0110406475142
    endloop
  endfacet
  facet normal 0.181268393993 0.0902052819729 0.979287862778
    outer loop
      vertex 0.0110430410132 -0.00158912711777 0.000679357850458
      vertex 0.0133187854663 -0.00040931487456 0.00891452189535
      vertex 0.0086162686348 -0.00142309302464 0.00735848257318
    endloop
  endfacet
  facet normal 0.0703217536211 0.122397571802 0.989986717701
    outer loop
      vertex 0.0162551160902 -0.00106862082612 0.00189484003931
      vertex 0.0133187854663 -0.00040931487456 0.00891452189535
      vertex 0.0110430410132 -0.00158912711777 0.000679357850458
    endloop
  endfacet
  facet normal -0.629464745522 0.581644058228 0.5152323246
    outer loop
      vertex 0.00417841179296 0.000136442540679 0.00879033654928
      vertex 0.00361832766794 0.00278659933247 0.0105317682028
      vertex 0.00239784107544 0.00242053507827 0.00888667069376
    endloop
  endfacet
  facet normal -0.711029887199 0.409580200911 0.571559727192
    outer loop
      vertex 0.00186619907618 0.00166293268558 0.00690652476624
      vertex 0.00417841179296 0.000136442540679 0.00879033654928
      vertex 0.00239784107544 0.00242053507827 0.00888667069376
    endloop
  endfacet
  facet normal -0.79250150919 0.605024337769 0.0767259895802
    outer loop
      vertex 0.00239784107544 0.00242053507827 0.00888667069376
      vertex 0.00361832766794 0.00278659933247 0.0105317682028
      vertex 0.00312042143196 0.00368842086755 0.00999394152313
    endloop
  endfacet
  facet normal -0.857369601727 0.51310390234 -0.0405189245939
    outer loop
      vertex 0.00312042143196 0.00368842086755 0.00999394152313
      vertex 0.00233938451856 0.0036476100795 0.00869209226221
      vertex 0.00239784107544 0.00242053507827 0.00888667069376
    endloop
  endfacet
  facet normal -0.857594609261 0.513738512993 -0.0245818141848
    outer loop
      vertex 0.00267580756918 0.00506982579827 0.00918563921005
      vertex 0.00233938451856 0.0036476100795 0.00869209226221
      vertex 0.00312042143196 0.00368842086755 0.00999394152313
    endloop
  endfacet
  facet normal -0.673389792442 0.711789369583 -0.19975489378
    outer loop
      vertex 0.00328064593486 0.00527722947299 0.00969964265823
      vertex 0.00267580756918 0.00506982579827 0.00918563921005
      vertex 0.00312042143196 0.00368842086755 0.00999394152313
    endloop
  endfacet
  facet normal -0.500572741032 0.840773820877 -0.206219151616
    outer loop
      vertex 0.00328064593486 0.00527722947299 0.00969964265823
      vertex 0.00312042143196 0.00368842086755 0.00999394152313
      vertex 0.00484461989254 0.00433160969988 0.0108627229929
    endloop
  endfacet
  facet normal -0.534309864044 0.83338868618 -0.141337364912
    outer loop
      vertex 0.00484461989254 0.00433160969988 0.0108627229929
      vertex 0.00414900435135 0.006008352153 0.0101323788986
      vertex 0.00328064593486 0.00527722947299 0.00969964265823
    endloop
  endfacet
  facet normal -0.618229925632 0.724119603634 -0.305683791637
    outer loop
      vertex 0.00352919800207 0.00612162053585 0.0095553919673
      vertex 0.00328064593486 0.00527722947299 0.00969964265823
      vertex 0.00414900435135 0.006008352153 0.0101323788986
    endloop
  endfacet
  facet normal -0.576005578041 0.701226294041 -0.420118182898
    outer loop
      vertex 0.00414900435135 0.006008352153 0.0101323788986
      vertex 0.00394374970347 0.00654653878883 0.00964133907109
      vertex 0.00352919800207 0.00612162053585 0.0095553919673
    endloop
  endfacet
  facet normal -0.666877925396 0.504284143448 -0.548608541489
    outer loop
      vertex 0.00394374970347 0.00654653878883 0.00964133907109
      vertex 0.0035400625784 0.0065777967684 0.00907348748296
      vertex 0.00352919800207 0.00612162053585 0.0095553919673
    endloop
  endfacet
  facet normal -0.829472899437 0.373999536037 -0.414848268032
    outer loop
      vertex 0.00352919800207 0.00612162053585 0.0095553919673
      vertex 0.0035400625784 0.0065777967684 0.00907348748296
      vertex 0.00316282198764 0.00608209474012 0.00878666993231
    endloop
  endfacet
  facet normal -0.86129462719 0.393999755383 -0.320836126804
    outer loop
      vertex 0.00316282198764 0.00608209474012 0.00878666993231
      vertex 0.00328064593486 0.00527722947299 0.00969964265823
      vertex 0.00352919800207 0.00612162053585 0.0095553919673
    endloop
  endfacet
  facet normal -0.647751092911 0.549140274525 -0.528075277805
    outer loop
      vertex 0.00316282198764 0.00608209474012 0.00878666993231
      vertex 0.00267580756918 0.00506982579827 0.00918563921005
      vertex 0.00328064593486 0.00527722947299 0.00969964265823
    endloop
  endfacet
  facet normal -0.833503603935 0.242349609733 -0.496526360512
    outer loop
      vertex 0.00265137013048 0.00557463429868 0.00806733965874
      vertex 0.00267580756918 0.00506982579827 0.00918563921005
      vertex 0.00316282198764 0.00608209474012 0.00878666993231
    endloop
  endfacet
  facet normal -0.852318882942 0.307585179806 -0.42301762104
    outer loop
      vertex 0.00265137013048 0.00557463429868 0.00806733965874
      vertex 0.00316282198764 0.00608209474012 0.00878666993231
      vertex 0.00302030821331 0.00621891207993 0.00820360146463
    endloop
  endfacet
  facet normal -0.866227507591 0.216730490327 -0.45019748807
    outer loop
      vertex 0.00276396493427 0.00592974852771 0.00777970673516
      vertex 0.00265137013048 0.00557463429868 0.00806733965874
      vertex 0.00302030821331 0.00621891207993 0.00820360146463
    endloop
  endfacet
  facet normal 0.364643067122 0.364104062319 0.857008576393
    outer loop
      vertex 0.00276396493427 0.00592974852771 0.00777970673516
      vertex 0.00302030821331 0.00621891207993 0.00820360146463
      vertex 0.0023939081002 0.00587737234309 0.00802703108639
    endloop
  endfacet
  facet normal 0.364579588175 0.363993406296 0.857082545757
    outer loop
      vertex 0.0023939081002 0.00587737234309 0.00802703108639
      vertex 0.00250734202564 0.00564055610448 0.0073557915166
      vertex 0.00276396493427 0.00592974852771 0.00777970673516
    endloop
  endfacet
  facet normal -0.866055488586 0.217028945684 -0.450384706259
    outer loop
      vertex 0.00276396493427 0.00592974852771 0.00777970673516
      vertex 0.00250734202564 0.00564055610448 0.0073557915166
      vertex 0.00265137013048 0.00557463429868 0.00806733965874
    endloop
  endfacet
  facet normal -0.862478852272 0.216939985752 -0.457238703966
    outer loop
      vertex 0.00265137013048 0.00557463429868 0.00806733965874
      vertex 0.00250734202564 0.00564055610448 0.0073557915166
      vertex 0.00210698065348 0.00458711385727 0.00798440538347
    endloop
  endfacet
  facet normal -0.861221194267 0.224616572261 -0.4559006989
    outer loop
      vertex 0.00267580756918 0.00506982579827 0.00918563921005
      vertex 0.00265137013048 0.00557463429868 0.00806733965874
      vertex 0.00210698065348 0.00458711385727 0.00798440538347
    endloop
  endfacet
  facet normal -0.912689447403 0.401411443949 -0.0765949040651
    outer loop
      vertex 0.00210698065348 0.00458711385727 0.00798440538347
      vertex 0.00233938451856 0.0036476100795 0.00869209226221
      vertex 0.00267580756918 0.00506982579827 0.00918563921005
    endloop
  endfacet
  facet normal -0.864490389824 0.212658032775 -0.455448061228
    outer loop
      vertex 0.00250734202564 0.00564055610448 0.0073557915166
      vertex 0.00199407548644 0.00506217218935 0.00650799879804
      vertex 0.00210698065348 0.00458711385727 0.00798440538347
    endloop
  endfacet
  facet normal 0.253048032522 0.435996294022 0.863639950752
    outer loop
      vertex 0.00133071932942 0.00526049779728 0.00728585617617
      vertex 0.00199407548644 0.00506217218935 0.00650799879804
      vertex 0.00250734202564 0.00564055610448 0.0073557915166
    endloop
  endfacet
  facet normal 0.267239749432 0.360453933477 0.893675506115
    outer loop
      vertex 0.00250734202564 0.00564055610448 0.0073557915166
      vertex 0.0023939081002 0.00587737234309 0.00802703108639
      vertex 0.00133071932942 0.00526049779728 0.00728585617617
    endloop
  endfacet
  facet normal 0.307314515114 0.30843013525 0.900238096714
    outer loop
      vertex 0.0023939081002 0.00587737234309 0.00802703108639
      vertex 0.0013544880785 0.00576058449224 0.00872181355953
      vertex 0.00133071932942 0.00526049779728 0.00728585617617
    endloop
  endfacet
  facet normal -0.0822109803557 0.328986227512 0.940749406815
    outer loop
      vertex 0.0013544880785 0.00576058449224 0.00872181355953
      vertex 0.000106265812065 0.00584991462529 0.00866533536464
      vertex 0.00133071932942 0.00526049779728 0.00728585617617
    endloop
  endfacet
  facet normal -0.0780976638198 0.812668681145 0.57746887207
    outer loop
      vertex 0.000470711267553 0.00636125868186 0.0090637113899
      vertex 0.000106265812065 0.00584991462529 0.00866533536464
      vertex 0.0013544880785 0.00576058449224 0.00872181355953
    endloop
  endfacet
  facet normal -0.00504378601909 0.865860402584 0.500260293484
    outer loop
      vertex 0.000470711267553 0.00636125868186 0.0090637113899
      vertex 0.0013544880785 0.00576058449224 0.00872181355953
      vertex 0.00185284786858 0.006421986036 0.00910684838891
    endloop
  endfacet
  facet normal 0.00245783827268 0.787991523743 0.615681171417
    outer loop
      vertex 0.000835190876387 0.00687263114378 0.00946212559938
      vertex 0.000470711267553 0.00636125868186 0.0090637113899
      vertex 0.00185284786858 0.006421986036 0.00910684838891
    endloop
  endfacet
  facet normal -0.008420211263 0.77594268322 0.630747258663
    outer loop
      vertex 0.00174719828647 0.00728796888143 0.00980964116752
      vertex 0.000835190876387 0.00687263114378 0.00946212559938
      vertex 0.00185284786858 0.006421986036 0.00910684838891
    endloop
  endfacet
  facet normal 0.101663693786 0.778482556343 0.619378268719
    outer loop
      vertex 0.00185284786858 0.006421986036 0.00910684838891
      vertex 0.00233832723461 0.00686777103692 0.00939812511206
      vertex 0.00174719828647 0.00728796888143 0.00980964116752
    endloop
  endfacet
  facet normal 0.230626136065 0.837361574173 0.495618015528
    outer loop
      vertex 0.00174719828647 0.00728796888143 0.00980964116752
      vertex 0.00233832723461 0.00686777103692 0.00939812511206
      vertex 0.00239779008552 0.00746176857501 0.00973332393914
    endloop
  endfacet
  facet normal 0.215856179595 0.880901932716 0.421209990978
    outer loop
      vertex 0.00206083827652 0.00831643957645 0.0102245574817
      vertex 0.00174719828647 0.00728796888143 0.00980964116752
      vertex 0.00239779008552 0.00746176857501 0.00973332393914
    endloop
  endfacet
  facet normal 0.129775255919 0.880906820297 0.455150008202
    outer loop
      vertex 0.00239779008552 0.00746176857501 0.00973332393914
      vertex 0.00276094605215 0.00821249932051 0.0100677134469
      vertex 0.00206083827652 0.00831643957645 0.0102245574817
    endloop
  endfacet
  facet normal 0.159913048148 0.931088685989 0.32787451148
    outer loop
      vertex 0.00276094605215 0.00821249932051 0.0100677134469
      vertex 0.00300486246124 0.00910127721727 0.0103387963027
      vertex 0.00206083827652 0.00831643957645 0.0102245574817
    endloop
  endfacet
  facet normal 0.118723921478 0.952215909958 0.281406313181
    outer loop
      vertex 0.00206083827652 0.00831643957645 0.0102245574817
      vertex 0.00300486246124 0.00910127721727 0.0103387963027
      vertex 0.00139689538628 0.00959164369851 0.0106841977686
    endloop
  endfacet
  facet normal -0.0440601184964 0.932303369045 0.358983457088
    outer loop
      vertex 0.00139689538628 0.00959164369851 0.0106841977686
      vertex 0.00123354303651 0.00807484518737 0.0100924344733
      vertex 0.00206083827652 0.00831643957645 0.0102245574817
    endloop
  endfacet
  facet normal -0.0428134649992 0.930987179279 0.362532585859
    outer loop
      vertex 0.00123354303651 0.00807484518737 0.0100924344733
      vertex 0.00174719828647 0.00728796888143 0.00980964116752
      vertex 0.00206083827652 0.00831643957645 0.0102245574817
    endloop
  endfacet
  facet normal -0.150003626943 0.895207643509 0.419645279646
    outer loop
      vertex 0.000835190876387 0.00687263114378 0.00946212559938
      vertex 0.00174719828647 0.00728796888143 0.00980964116752
      vertex 0.00123354303651 0.00807484518737 0.0100924344733
    endloop
  endfacet
  facet normal -0.0517883934081 0.891422510147 0.450204253197
    outer loop
      vertex 0.00123354303651 0.00807484518737 0.0100924344733
      vertex 4.05946739193e-05 0.00774987135082 0.00985900405794
      vertex 0.000835190876387 0.00687263114378 0.00946212559938
    endloop
  endfacet
  facet normal -0.127915143967 0.854965150356 0.502665221691
    outer loop
      vertex -4.64096883661e-05 0.0066382442601 0.00919242016971
      vertex 0.000835190876387 0.00687263114378 0.00946212559938
      vertex 4.05946739193e-05 0.00774987135082 0.00985900405794
    endloop
  endfacet
  facet normal -0.166339024901 0.851366579533 0.497500032187
    outer loop
      vertex -0.00112421181984 0.00706377625465 0.00923050194979
      vertex -4.64096883661e-05 0.0066382442601 0.00919242016971
      vertex 4.05946739193e-05 0.00774987135082 0.00985900405794
    endloop
  endfacet
  facet normal -0.261118561029 0.890547394753 0.372481405735
    outer loop
      vertex -0.00213890802115 0.00844138395041 0.00950918160379
      vertex -0.00112421181984 0.00706377625465 0.00923050194979
      vertex 4.05946739193e-05 0.00774987135082 0.00985900405794
    endloop
  endfacet
  facet normal -0.254215598106 0.903916358948 0.343961626291
    outer loop
      vertex -0.00213890802115 0.00844138395041 0.00950918160379
      vertex 4.05946739193e-05 0.00774987135082 0.00985900405794
      vertex -0.000378906494007 0.00934767629951 0.0103490268812
    endloop
  endfacet
  facet normal -0.252337247133 0.903275310993 0.347015321255
    outer loop
      vertex -0.00213890802115 0.00844138395041 0.00950918160379
      vertex -0.000378906494007 0.00934767629951 0.0103490268812
      vertex -0.00321361259557 0.0105143580586 0.0100053381175
    endloop
  endfacet
  facet normal -0.237776860595 0.909510374069 0.340959012508
    outer loop
      vertex -0.00213890802115 0.00844138395041 0.00950918160379
      vertex -0.00321361259557 0.0105143580586 0.0100053381175
      vertex -0.00442560203373 0.00750000914559 0.0085584577173
    endloop
  endfacet
  facet normal -0.514039337635 0.835461735725 0.194338038564
    outer loop
      vertex -0.00442560203373 0.00750000914559 0.0085584577173
      vertex -0.00321361259557 0.0105143580586 0.0100053381175
      vertex -0.00651185121387 0.0102395247668 0.00791208259761
    endloop
  endfacet
  facet normal -0.595900714397 0.754193007946 0.275853663683
    outer loop
      vertex -0.00852906517684 0.00784110091627 0.00544099975377
      vertex -0.00442560203373 0.00750000914559 0.0085584577173
      vertex -0.00651185121387 0.0102395247668 0.00791208259761
    endloop
  endfacet
  facet normal -0.556576728821 0.76616692543 0.321264088154
    outer loop
      vertex -0.00852906517684 0.00784110091627 0.00544099975377
      vertex -0.00651185121387 0.0102395247668 0.00791208259761
      vertex -0.00913895573467 0.0124857695773 0.00694552063942
    endloop
  endfacet
  facet normal -0.489024549723 0.80895781517 0.326254844666
    outer loop
      vertex -0.00913895573467 0.0124857695773 0.00694552063942
      vertex -0.0131696527824 0.00996077992022 0.00349058187567
      vertex -0.00852906517684 0.00784110091627 0.00544099975377
    endloop
  endfacet
  facet normal -0.597476601601 0.791420340538 0.129133835435
    outer loop
      vertex -0.0112786097452 0.0153269870207 0.00579379918054
      vertex -0.0131696527824 0.00996077992022 0.00349058187567
      vertex -0.00913895573467 0.0124857695773 0.00694552063942
    endloop
  endfacet
  facet normal -0.282858222723 0.944036960602 -0.169662758708
    outer loop
      vertex -0.0112786097452 0.0153269870207 0.00579379918054
      vertex -0.00913895573467 0.0124857695773 0.00694552063942
      vertex -0.00782277714461 0.0166653487831 0.00658872630447
    endloop
  endfacet
  facet normal -0.407793104649 0.564376294613 -0.71776330471
    outer loop
      vertex -0.0107044130564 0.0202611256391 -6.64591498207e-05
      vertex -0.0112786097452 0.0153269870207 0.00579379918054
      vertex -0.00782277714461 0.0166653487831 0.00658872630447
    endloop
  endfacet
  facet normal -0.024068666622 0.642505824566 -0.76590269804
    outer loop
      vertex -0.0107044130564 0.0202611256391 -6.64591498207e-05
      vertex -0.0179299097508 0.0185068119317 0.00175411032978
      vertex -0.0112786097452 0.0153269870207 0.00579379918054
    endloop
  endfacet
  facet normal -0.4385420084 0.876913011074 -0.196734532714
    outer loop
      vertex -0.0112786097452 0.0153269870207 0.00579379918054
      vertex -0.0179299097508 0.0185068119317 0.00175411032978
      vertex -0.0174459386617 0.0125595657155 0.00333040184341
    endloop
  endfacet
  facet normal -0.226383209229 0.921451747417 0.315717101097
    outer loop
      vertex -0.0174459386617 0.0125595657155 0.00333040184341
      vertex -0.0131696527824 0.00996077992022 0.00349058187567
      vertex -0.0112786097452 0.0153269870207 0.00579379918054
    endloop
  endfacet
  facet normal -0.463428914547 0.499751418829 0.731766462326
    outer loop
      vertex -0.015633078292 0.00805397890508 -0.00158585293684
      vertex -0.0131696527824 0.00996077992022 0.00349058187567
      vertex -0.0174459386617 0.0125595657155 0.00333040184341
    endloop
  endfacet
  facet normal 0.00286854454316 0.67621666193 0.73669719696
    outer loop
      vertex -0.0174459386617 0.0125595657155 0.00333040184341
      vertex -0.0237946361303 0.0105592468753 0.0011781064095
      vertex -0.015633078292 0.00805397890508 -0.00158585293684
    endloop
  endfacet
  facet normal -0.053260833025 0.579709410667 0.813080728054
    outer loop
      vertex -0.015633078292 0.00805397890508 -0.00158585293684
      vertex -0.0237946361303 0.0105592468753 0.0011781064095
      vertex -0.0230339672416 0.00689687673002 -0.00388872250915
    endloop
  endfacet
  facet normal 0.198036417365 -0.149712219834 0.968693852425
    outer loop
      vertex -0.015633078292 0.00805397890508 -0.00158585293684
      vertex -0.0230339672416 0.00689687673002 -0.00388872250915
      vertex -0.0211676415056 0.0077824969776 -0.00715027749538
    endloop
  endfacet
  facet normal 0.335300803185 -0.289765030146 0.896442770958
    outer loop
      vertex -0.0156233292073 0.010227708146 -0.00829941313714
      vertex -0.015633078292 0.00805397890508 -0.00158585293684
      vertex -0.0211676415056 0.0077824969776 -0.00715027749538
    endloop
  endfacet
  facet normal 0.171830579638 -0.682531476021 0.710369646549
    outer loop
      vertex -0.0211676415056 0.0077824969776 -0.00715027749538
      vertex -0.0207828041166 0.0108932442963 -0.0102910166606
      vertex -0.0156233292073 0.010227708146 -0.00829941313714
    endloop
  endfacet
  facet normal 0.28520861268 -0.656610667706 0.698225200176
    outer loop
      vertex -0.023943355307 0.00806900672615 -0.0086606182158
      vertex -0.0207828041166 0.0108932442963 -0.0102910166606
      vertex -0.0211676415056 0.0077824969776 -0.00715027749538
    endloop
  endfacet
  facet normal 0.21294465661 -0.545165002346 0.810832738876
    outer loop
      vertex -0.023943355307 0.00806900672615 -0.0086606182158
      vertex -0.0211676415056 0.0077824969776 -0.00715027749538
      vertex -0.0239760689437 0.00711338641122 -0.00725208595395
    endloop
  endfacet
  facet normal 0.261873364449 -0.537668406963 0.801458060741
    outer loop
      vertex -0.023943355307 0.00806900672615 -0.0086606182158
      vertex -0.0239760689437 0.00711338641122 -0.00725208595395
      vertex -0.0258849579841 0.00661343848333 -0.00743658747524
    endloop
  endfacet
  facet normal 0.31048193574 -0.481881320477 0.819384753704
    outer loop
      vertex -0.0258849579841 0.00661343848333 -0.00743658747524
      vertex -0.0275510586798 0.0075693950057 -0.0101355714723
      vertex -0.023943355307 0.00806900672615 -0.0086606182158
    endloop
  endfacet
  facet normal 0.389599353075 -0.796085953712 0.463097691536
    outer loop
      vertex -0.023943355307 0.00806900672615 -0.0086606182158
      vertex -0.0275510586798 0.0075693950057 -0.0101355714723
      vertex -0.0264632068574 0.0133480355144 -0.0129647245631
    endloop
  endfacet
  facet normal 0.118772491813 -0.796568751335 0.592765808105
    outer loop
      vertex -0.0207828041166 0.0108932442963 -0.0102910166606
      vertex -0.023943355307 0.00806900672615 -0.0086606182158
      vertex -0.0264632068574 0.0133480355144 -0.0129647245631
    endloop
  endfacet
  facet normal 0.271995902061 -0.897230446339 0.347844392061
    outer loop
      vertex -0.0205579157919 0.0150970974937 -0.0118526201695
      vertex -0.0207828041166 0.0108932442963 -0.0102910166606
      vertex -0.0264632068574 0.0133480355144 -0.0129647245631
    endloop
  endfacet
  facet normal 0.0489075444639 -0.90937846899 -0.413084566593
    outer loop
      vertex -0.0264632068574 0.0133480355144 -0.0129647245631
      vertex -0.0281398333609 0.0213363561779 -0.00942620635033
      vertex -0.0205579157919 0.0150970974937 -0.0118526201695
    endloop
  endfacet
  facet normal 0.13744468987 -0.855265259743 -0.499630153179
    outer loop
      vertex -0.0281398333609 0.0213363561779 -0.00942620635033
      vertex -0.0186264701188 0.0195982437581 -0.00891274213791
      vertex -0.0205579157919 0.0150970974937 -0.0118526201695
    endloop
  endfacet
  facet normal 0.186879977584 -0.328640401363 -0.925781488419
    outer loop
      vertex -0.0193520653993 0.0216281991452 -0.0036069562193
      vertex -0.0186264701188 0.0195982437581 -0.00891274213791
      vertex -0.0281398333609 0.0213363561779 -0.00942620635033
    endloop
  endfacet
  facet normal -0.0952692106366 0.0941686779261 -0.990987420082
    outer loop
      vertex -0.0193520653993 0.0216281991452 -0.0036069562193
      vertex -0.0281398333609 0.0213363561779 -0.00942620635033
      vertex -0.0284289401025 0.0205658730119 -0.00161048804875
    endloop
  endfacet
  facet normal 0.00901385210454 0.501353859901 -0.865195393562
    outer loop
      vertex -0.0284289401025 0.0205658730119 -0.00161048804875
      vertex -0.0179299097508 0.0185068119317 0.00175411032978
      vertex -0.0193520653993 0.0216281991452 -0.0036069562193
    endloop
  endfacet
  facet normal -0.0768001452088 0.516812086105 -0.852647066116
    outer loop
      vertex -0.0179299097508 0.0185068119317 0.00175411032978
      vertex -0.0107044130564 0.0202611256391 -6.64591498207e-05
      vertex -0.0193520653993 0.0216281991452 -0.0036069562193
    endloop
  endfacet
  facet normal -0.278005093336 0.950870037079 -0.136232793331
    outer loop
      vertex -0.0237946361303 0.0105592468753 0.0011781064095
      vertex -0.0179299097508 0.0185068119317 0.00175411032978
      vertex -0.0284289401025 0.0205658730119 -0.00161048804875
    endloop
  endfacet
  facet normal 0.0433921292424 0.957010090351 -0.28679049015
    outer loop
      vertex -0.0237946361303 0.0105592468753 0.0011781064095
      vertex -0.0284289401025 0.0205658730119 -0.00161048804875
      vertex -0.0331139191985 0.0141452206299 0.000526034215
    endloop
  endfacet
  facet normal -0.0832229182124 0.995909631252 0.0351851433516
    outer loop
      vertex -0.0331139191985 0.0141452206299 0.000526034215
      vertex -0.0318981520832 0.00776688242331 0.000402285135351
      vertex -0.0237946361303 0.0105592468753 0.0011781064095
    endloop
  endfacet
  facet normal 0.202908277512 0.617077171803 0.760292053223
    outer loop
      vertex -0.0237946361303 0.0105592468753 0.0011781064095
      vertex -0.0318981520832 0.00776688242331 0.000402285135351
      vertex -0.0268463660032 0.00591525062919 -0.0035402206704
    endloop
  endfacet
  facet normal 0.251336038113 0.591501533985 0.766130626202
    outer loop
      vertex -0.0237946361303 0.0105592468753 0.0011781064095
      vertex -0.0268463660032 0.00591525062919 -0.0035402206704
      vertex -0.0230339672416 0.00689687673002 -0.00388872250915
    endloop
  endfacet
  facet normal 0.249275639653 -0.000861392705701 0.968432188034
    outer loop
      vertex -0.0230339672416 0.00689687673002 -0.00388872250915
      vertex -0.0268463660032 0.00591525062919 -0.0035402206704
      vertex -0.0258324481547 0.00617838092148 -0.005953672342
    endloop
  endfacet
  facet normal 0.353560894728 -0.158380568027 0.921905815601
    outer loop
      vertex -0.0258324481547 0.00617838092148 -0.005953672342
      vertex -0.0239760689437 0.00711338641122 -0.00725208595395
      vertex -0.0230339672416 0.00689687673002 -0.00388872250915
    endloop
  endfacet
  facet normal 0.234244570136 -0.127653583884 0.963760375977
    outer loop
      vertex -0.0239760689437 0.00711338641122 -0.00725208595395
      vertex -0.0211676415056 0.0077824969776 -0.00715027749538
      vertex -0.0230339672416 0.00689687673002 -0.00388872250915
    endloop
  endfacet
  facet normal 0.268459171057 -0.279921472073 0.92172318697
    outer loop
      vertex -0.0258849579841 0.00661343848333 -0.00743658747524
      vertex -0.0239760689437 0.00711338641122 -0.00725208595395
      vertex -0.0258324481547 0.00617838092148 -0.005953672342
    endloop
  endfacet
  facet normal 0.282357156277 -0.27925235033 0.91776496172
    outer loop
      vertex -0.0258324481547 0.00617838092148 -0.005953672342
      vertex -0.0277663413435 0.00574407633394 -0.00648172246292
      vertex -0.0258849579841 0.00661343848333 -0.00743658747524
    endloop
  endfacet
  facet normal 0.189766868949 -0.429807811975 0.882753491402
    outer loop
      vertex -0.0258849579841 0.00661343848333 -0.00743658747524
      vertex -0.0277663413435 0.00574407633394 -0.00648172246292
      vertex -0.0275510586798 0.0075693950057 -0.0101355714723
    endloop
  endfacet
  facet normal 0.355975359678 -0.400755852461 0.844201564789
    outer loop
      vertex -0.0275510586798 0.0075693950057 -0.0101355714723
      vertex -0.0277663413435 0.00574407633394 -0.00648172246292
      vertex -0.0340715497732 0.00411007134244 -0.00864031538367
    endloop
  endfacet
  facet normal 0.413669586182 -0.232523724437 0.880233049393
    outer loop
      vertex -0.0367622375488 0.00467803608626 -0.0155772296712
      vertex -0.0275510586798 0.0075693950057 -0.0101355714723
      vertex -0.0340715497732 0.00411007134244 -0.00864031538367
    endloop
  endfacet
  facet normal 0.429919868708 -0.238064020872 0.87091588974
    outer loop
      vertex -0.0340715497732 0.00411007134244 -0.00864031538367
      vertex -0.040764555335 0.00135457864963 -0.0106467232108
      vertex -0.0367622375488 0.00467803608626 -0.0155772296712
    endloop
  endfacet
  facet normal 0.539624392986 -0.123334906995 0.832822918892
    outer loop
      vertex -0.0367622375488 0.00467803608626 -0.0155772296712
      vertex -0.040764555335 0.00135457864963 -0.0106467232108
      vertex -0.0398185700178 0.00305484142154 -0.0179888661951
    endloop
  endfacet
  facet normal 0.68434637785 -0.530836105347 0.499883055687
    outer loop
      vertex -0.0398185700178 0.00305484142154 -0.0179888661951
      vertex -0.0390127785504 0.00546670006588 -0.0192212741822
      vertex -0.0367622375488 0.00467803608626 -0.0155772296712
    endloop
  endfacet
  facet normal 0.818386256695 -0.54492521286 0.182484254241
    outer loop
      vertex -0.0367622375488 0.00467803608626 -0.0155772296712
      vertex -0.0390127785504 0.00546670006588 -0.0192212741822
      vertex -0.0381141714752 0.00860107783228 -0.0189213547856
    endloop
  endfacet
  facet normal 0.658810555935 -0.669308245182 0.34350425005
    outer loop
      vertex -0.0381141714752 0.00860107783228 -0.0189213547856
      vertex -0.0336529128253 0.0113090267405 -0.0159198511392
      vertex -0.0367622375488 0.00467803608626 -0.0155772296712
    endloop
  endfacet
  facet normal 0.55323523283 -0.777292311192 0.299578696489
    outer loop
      vertex -0.0367622375488 0.00467803608626 -0.0155772296712
      vertex -0.0336529128253 0.0113090267405 -0.0159198511392
      vertex -0.0275510586798 0.0075693950057 -0.0101355714723
    endloop
  endfacet
  facet normal 0.44602099061 -0.767833888531 0.459887415171
    outer loop
      vertex -0.0275510586798 0.0075693950057 -0.0101355714723
      vertex -0.0336529128253 0.0113090267405 -0.0159198511392
      vertex -0.0264632068574 0.0133480355144 -0.0129647245631
    endloop
  endfacet
  facet normal 0.269257247448 -0.896990835667 -0.350582361221
    outer loop
      vertex -0.0264632068574 0.0133480355144 -0.0129647245631
      vertex -0.0336529128253 0.0113090267405 -0.0159198511392
      vertex -0.0359270088375 0.0184502173215 -0.0138114020228
    endloop
  endfacet
  facet normal 0.311943292618 -0.842719972134 -0.438764601946
    outer loop
      vertex -0.0264632068574 0.0133480355144 -0.0129647245631
      vertex -0.0359270088375 0.0184502173215 -0.0138114020228
      vertex -0.0281398333609 0.0213363561779 -0.00942620635033
    endloop
  endfacet
  facet normal 0.0216017439961 -0.576123595238 -0.817077100277
    outer loop
      vertex -0.037865370512 0.0231106989086 -0.0072744358331
      vertex -0.0281398333609 0.0213363561779 -0.00942620635033
      vertex -0.0359270088375 0.0184502173215 -0.0138114020228
    endloop
  endfacet
  facet normal 0.332305073738 -0.480209767818 -0.81177085638
    outer loop
      vertex -0.0426336973906 0.0201245304197 -0.0156220858917
      vertex -0.037865370512 0.0231106989086 -0.0072744358331
      vertex -0.0359270088375 0.0184502173215 -0.0138114020228
    endloop
  endfacet
  facet normal 0.338969260454 -0.804441928864 -0.48782479763
    outer loop
      vertex -0.0426336973906 0.0201245304197 -0.0156220858917
      vertex -0.0359270088375 0.0184502173215 -0.0138114020228
      vertex -0.0386311002076 0.0139432065189 -0.0176839455962
    endloop
  endfacet
  facet normal 0.527602374554 -0.642346680164 -0.555901527405
    outer loop
      vertex -0.0440833121538 0.0170225836337 -0.0194972492754
      vertex -0.0426336973906 0.0201245304197 -0.0156220858917
      vertex -0.0386311002076 0.0139432065189 -0.0176839455962
    endloop
  endfacet
  facet normal 0.50463950634 -0.727238893509 -0.465255349874
    outer loop
      vertex -0.0386311002076 0.0139432065189 -0.0176839455962
      vertex -0.0410430170596 0.0124789811671 -0.0202943496406
      vertex -0.0440833121538 0.0170225836337 -0.0194972492754
    endloop
  endfacet
  facet normal 0.540400147438 -0.689299702644 -0.482528328896
    outer loop
      vertex -0.0440833121538 0.0170225836337 -0.0194972492754
      vertex -0.0410430170596 0.0124789811671 -0.0202943496406
      vertex -0.0444996543229 0.0126840928569 -0.0228607151657
    endloop
  endfacet
  facet normal 0.48427310586 -0.713353872299 -0.506562769413
    outer loop
      vertex -0.0440833121538 0.0170225836337 -0.0194972492754
      vertex -0.0444996543229 0.0126840928569 -0.0228607151657
      vertex -0.0476743988693 0.0145517019555 -0.0236897300929
    endloop
  endfacet
  facet normal 0.405872046947 -0.696440339088 -0.591809749603
    outer loop
      vertex -0.0481047332287 0.0197157040238 -0.0195523388684
      vertex -0.0440833121538 0.0170225836337 -0.0194972492754
      vertex -0.0476743988693 0.0145517019555 -0.0236897300929
    endloop
  endfacet
  facet normal 0.371260464191 -0.709293365479 -0.599223315716
    outer loop
      vertex -0.0476743988693 0.0145517019555 -0.0236897300929
      vertex -0.0505308136344 0.0163039490581 -0.0237045139074
      vertex -0.0481047332287 0.0197157040238 -0.0195523388684
    endloop
  endfacet
  facet normal 0.189835160971 -0.687145769596 -0.701279759407
    outer loop
      vertex -0.0481047332287 0.0197157040238 -0.0195523388684
      vertex -0.0505308136344 0.0163039490581 -0.0237045139074
      vertex -0.0534658879042 0.0180663894862 -0.0227166842669
    endloop
  endfacet
  facet normal 0.155271217227 -0.650550842285 -0.743420779705
    outer loop
      vertex -0.0534658879042 0.0180663894862 -0.0227166842669
      vertex -0.0529065579176 0.022325694561 -0.0177158396691
      vertex -0.0481047332287 0.0197157040238 -0.0195523388684
    endloop
  endfacet
  facet normal 0.207729116082 -0.578189492226 -0.78901553154
    outer loop
      vertex -0.0481047332287 0.0197157040238 -0.0195523388684
      vertex -0.0529065579176 0.022325694561 -0.0177158396691
      vertex -0.0463352017105 0.0237347520888 -0.0134320706129
    endloop
  endfacet
  facet normal 0.364145904779 -0.582494616508 -0.726703345776
    outer loop
      vertex -0.0463352017105 0.0237347520888 -0.0134320706129
      vertex -0.0426336973906 0.0201245304197 -0.0156220858917
      vertex -0.0481047332287 0.0197157040238 -0.0195523388684
    endloop
  endfacet
  facet normal 0.425607830286 -0.657168805599 -0.62208288908
    outer loop
      vertex -0.0426336973906 0.0201245304197 -0.0156220858917
      vertex -0.0440833121538 0.0170225836337 -0.0194972492754
      vertex -0.0481047332287 0.0197157040238 -0.0195523388684
    endloop
  endfacet
  facet normal 0.426227450371 -0.510596811771 -0.746740281582
    outer loop
      vertex -0.037865370512 0.0231106989086 -0.0072744358331
      vertex -0.0426336973906 0.0201245304197 -0.0156220858917
      vertex -0.0463352017105 0.0237347520888 -0.0134320706129
    endloop
  endfacet
  facet normal -0.018054254353 0.125363707542 -0.991946578026
    outer loop
      vertex -0.037865370512 0.0231106989086 -0.0072744358331
      vertex -0.0463352017105 0.0237347520888 -0.0134320706129
      vertex -0.0444354712963 0.0227027609944 -0.00499280402437
    endloop
  endfacet
  facet normal 0.164005756378 0.610764443874 -0.774641156197
    outer loop
      vertex -0.037865370512 0.0231106989086 -0.0072744358331
      vertex -0.0444354712963 0.0227027609944 -0.00499280402437
      vertex -0.039401281625 0.018682539463 -0.00124570832122
    endloop
  endfacet
  facet normal -0.120936915278 0.567437887192 -0.814486682415
    outer loop
      vertex -0.037865370512 0.0231106989086 -0.0072744358331
      vertex -0.039401281625 0.018682539463 -0.00124570832122
      vertex -0.0284289401025 0.0205658730119 -0.00161048804875
    endloop
  endfacet
  facet normal 0.200622826815 0.103457994759 -0.974190413952
    outer loop
      vertex -0.0284289401025 0.0205658730119 -0.00161048804875
      vertex -0.0281398333609 0.0213363561779 -0.00942620635033
      vertex -0.037865370512 0.0231106989086 -0.0072744358331
    endloop
  endfacet
  facet normal -0.0257260873914 0.94275867939 -0.332481920719
    outer loop
      vertex -0.0284289401025 0.0205658730119 -0.00161048804875
      vertex -0.039401281625 0.018682539463 -0.00124570832122
      vertex -0.0331139191985 0.0141452206299 0.000526034215
    endloop
  endfacet
  facet normal -0.0173720475286 0.939283788204 -0.342701256275
    outer loop
      vertex -0.0331139191985 0.0141452206299 0.000526034215
      vertex -0.039401281625 0.018682539463 -0.00124570832122
      vertex -0.0435646511614 0.011548416689 0.001280201599
    endloop
  endfacet
  facet normal 0.0733048319817 0.997295081615 0.00537642091513
    outer loop
      vertex -0.0331139191985 0.0141452206299 0.000526034215
      vertex -0.0435646511614 0.011548416689 0.001280201599
      vertex -0.0318981520832 0.00776688242331 0.000402285135351
    endloop
  endfacet
  facet normal 0.119154416025 0.983043432236 -0.13938382268
    outer loop
      vertex -0.0435646511614 0.011548416689 0.001280201599
      vertex -0.0436098538339 0.00515343016014 0.00219241366722
      vertex -0.0318981520832 0.00776688242331 0.000402285135351
    endloop
  endfacet
  facet normal 0.259270697832 0.639074921608 0.724128425121
    outer loop
      vertex -0.0318981520832 0.00776688242331 0.000402285135351
      vertex -0.0436098538339 0.00515343016014 0.00219241366722
      vertex -0.0376465655863 0.00282774516381 -0.00286208069883
    endloop
  endfacet
  facet normal 0.333333104849 0.56029599905 0.758259475231
    outer loop
      vertex -0.0325125455856 0.00411194376647 -0.00417849840596
      vertex -0.0318981520832 0.00776688242331 0.000402285135351
      vertex -0.0376465655863 0.00282774516381 -0.00286208069883
    endloop
  endfacet
  facet normal 0.223164364696 -0.0775680467486 0.97168970108
    outer loop
      vertex -0.0376465655863 0.00282774516381 -0.00286208069883
      vertex -0.0340715497732 0.00411007134244 -0.00864031538367
      vertex -0.0325125455856 0.00411194376647 -0.00417849840596
    endloop
  endfacet
  facet normal 0.280888050795 -0.0977443903685 0.954750180244
    outer loop
      vertex -0.0340715497732 0.00411007134244 -0.00864031538367
      vertex -0.0277663413435 0.00574407633394 -0.00648172246292
      vertex -0.0325125455856 0.00411194376647 -0.00417849840596
    endloop
  endfacet
  facet normal 0.307182490826 -0.0407451428473 0.950777947903
    outer loop
      vertex -0.0277663413435 0.00574407633394 -0.00648172246292
      vertex -0.0268463660032 0.00591525062919 -0.0035402206704
      vertex -0.0325125455856 0.00411194376647 -0.00417849840596
    endloop
  endfacet
  facet normal 0.18097423017 0.598442792892 0.780457913876
    outer loop
      vertex -0.0325125455856 0.00411194376647 -0.00417849840596
      vertex -0.0268463660032 0.00591525062919 -0.0035402206704
      vertex -0.0318981520832 0.00776688242331 0.000402285135351
    endloop
  endfacet
  facet normal 0.222435519099 -0.0128383524716 0.974862873554
    outer loop
      vertex -0.0268463660032 0.00591525062919 -0.0035402206704
      vertex -0.0277663413435 0.00574407633394 -0.00648172246292
      vertex -0.0258324481547 0.00617838092148 -0.005953672342
    endloop
  endfacet
  facet normal 0.373987585306 0.0256470646709 0.927079021931
    outer loop
      vertex -0.0340715497732 0.00411007134244 -0.00864031538367
      vertex -0.0376465655863 0.00282774516381 -0.00286208069883
      vertex -0.040764555335 0.00135457864963 -0.0106467232108
    endloop
  endfacet
  facet normal 0.475355058908 -0.0239636860788 0.879467606544
    outer loop
      vertex -0.0376465655863 0.00282774516381 -0.00286208069883
      vertex -0.0421870984137 0.000330940674758 -0.00129746890161
      vertex -0.040764555335 0.00135457864963 -0.0106467232108
    endloop
  endfacet
  facet normal 0.544482052326 -0.00898467842489 0.838724374771
    outer loop
      vertex -0.0421870984137 0.000330940674758 -0.00129746890161
      vertex -0.0454967916012 -0.00174317811616 -0.00824866257608
      vertex -0.040764555335 0.00135457864963 -0.0106467232108
    endloop
  endfacet
  facet normal 0.579884767532 0.0998474210501 0.808556854725
    outer loop
      vertex -0.040764555335 0.00135457864963 -0.0106467232108
      vertex -0.0454967916012 -0.00174317811616 -0.00824866257608
      vertex -0.0448034927249 -0.00240550120361 -0.0176385845989
    endloop
  endfacet
  facet normal 0.73515188694 -0.0616169460118 0.675096333027
    outer loop
      vertex -0.0448034927249 -0.00240550120361 -0.0176385845989
      vertex -0.0398185700178 0.00305484142154 -0.0179888661951
      vertex -0.040764555335 0.00135457864963 -0.0106467232108
    endloop
  endfacet
  facet normal 0.661801636219 -0.405999213457 0.630224764347
    outer loop
      vertex -0.0421342514455 0.00257302215323 -0.0210156403482
      vertex -0.0398185700178 0.00305484142154 -0.0179888661951
      vertex -0.0448034927249 -0.00240550120361 -0.0176385845989
    endloop
  endfacet
  facet normal 0.663278162479 -0.404224961996 0.629812896252
    outer loop
      vertex -0.0421342514455 0.00257302215323 -0.0210156403482
      vertex -0.0448034927249 -0.00240550120361 -0.0176385845989
      vertex -0.0459752306342 -0.00150490773376 -0.0209644380957
    endloop
  endfacet
  facet normal 0.47181931138 -0.75588786602 0.453894346952
    outer loop
      vertex -0.0450913645327 0.00459203030914 -0.0240738168359
      vertex -0.0421342514455 0.00257302215323 -0.0210156403482
      vertex -0.0459752306342 -0.00150490773376 -0.0209644380957
    endloop
  endfacet
  facet normal 0.275823861361 -0.839510321617 0.468127757311
    outer loop
      vertex -0.0450913645327 0.00459203030914 -0.0240738168359
      vertex -0.0459752306342 -0.00150490773376 -0.0209644380957
      vertex -0.0506766326725 0.00110343180131 -0.0239635612816
    endloop
  endfacet
  facet normal 0.15288208425 -0.949278950691 0.274766415358
    outer loop
      vertex -0.0480460822582 0.00650237733498 -0.0251026209444
      vertex -0.0450913645327 0.00459203030914 -0.0240738168359
      vertex -0.0506766326725 0.00110343180131 -0.0239635612816
    endloop
  endfacet
  facet normal -0.0457230731845 -0.981704354286 0.184840276837
    outer loop
      vertex -0.0480460822582 0.00650237733498 -0.0251026209444
      vertex -0.0506766326725 0.00110343180131 -0.0239635612816
      vertex -0.053528200835 0.00984762143344 -0.0254771504551
    endloop
  endfacet
  facet normal 0.103787302971 -0.992852389812 -0.0589262582362
    outer loop
      vertex -0.053528200835 0.00984762143344 -0.0254771504551
      vertex -0.0487433709204 0.0111685246229 -0.0248985737562
      vertex -0.0480460822582 0.00650237733498 -0.0251026209444
    endloop
  endfacet
  facet normal 0.255660861731 -0.963423013687 -0.080334700644
    outer loop
      vertex -0.0487433709204 0.0111685246229 -0.0248985737562
      vertex -0.0450008586049 0.00825811456889 -0.0241481177509
      vertex -0.0480460822582 0.00650237733498 -0.0251026209444
    endloop
  endfacet
  facet normal 0.313111662865 -0.949333310127 0.0269700847566
    outer loop
      vertex -0.0450008586049 0.00825811456889 -0.0241481177509
      vertex -0.0450913645327 0.00459203030914 -0.0240738168359
      vertex -0.0480460822582 0.00650237733498 -0.0251026209444
    endloop
  endfacet
  facet normal 0.495522975922 -0.868082582951 0.0298265255988
    outer loop
      vertex -0.0416383817792 0.0076319091022 -0.022207217291
      vertex -0.0450913645327 0.00459203030914 -0.0240738168359
      vertex -0.0450008586049 0.00825811456889 -0.0241481177509
    endloop
  endfacet
  facet normal 0.513486564159 -0.848683953285 -0.126755937934
    outer loop
      vertex -0.0421200618148 0.009915583767 -0.0221575722098
      vertex -0.0416383817792 0.0076319091022 -0.022207217291
      vertex -0.0450008586049 0.00825811456889 -0.0241481177509
    endloop
  endfacet
  facet normal 0.479329377413 -0.855778634548 -0.194643899798
    outer loop
      vertex -0.0421200618148 0.009915583767 -0.0221575722098
      vertex -0.0450008586049 0.00825811456889 -0.0241481177509
      vertex -0.0444996543229 0.0126840928569 -0.0228607151657
    endloop
  endfacet
  facet normal 0.579171657562 -0.755638182163 -0.305894076824
    outer loop
      vertex -0.0410430170596 0.0124789811671 -0.0202943496406
      vertex -0.0421200618148 0.009915583767 -0.0221575722098
      vertex -0.0444996543229 0.0126840928569 -0.0228607151657
    endloop
  endfacet
  facet normal 0.63420188427 -0.727347493172 -0.262209117413
    outer loop
      vertex -0.040870141238 0.00914680678397 -0.0213448628783
      vertex -0.0421200618148 0.009915583767 -0.0221575722098
      vertex -0.0410430170596 0.0124789811671 -0.0202943496406
    endloop
  endfacet
  facet normal 0.666486740112 -0.700407683849 -0.255390942097
    outer loop
      vertex -0.040870141238 0.00914680678397 -0.0213448628783
      vertex -0.0410430170596 0.0124789811671 -0.0202943496406
      vertex -0.0381141714752 0.00860107783228 -0.0189213547856
    endloop
  endfacet
  facet normal 0.667998790741 -0.73784071207 -0.0967921763659
    outer loop
      vertex -0.0381141714752 0.00860107783228 -0.0189213547856
      vertex -0.0405325628817 0.00720313657075 -0.0212942138314
      vertex -0.040870141238 0.00914680678397 -0.0213448628783
    endloop
  endfacet
  facet normal 0.655323147774 -0.749440670013 -0.0942883715034
    outer loop
      vertex -0.040870141238 0.00914680678397 -0.0213448628783
      vertex -0.0405325628817 0.00720313657075 -0.0212942138314
      vertex -0.0416383817792 0.0076319091022 -0.022207217291
    endloop
  endfacet
  facet normal 0.600051343441 -0.786953985691 -0.143672481179
    outer loop
      vertex -0.0416383817792 0.0076319091022 -0.022207217291
      vertex -0.0421200618148 0.009915583767 -0.0221575722098
      vertex -0.040870141238 0.00914680678397 -0.0213448628783
    endloop
  endfacet
  facet normal 0.585624992847 -0.791473150253 0.174967437983
    outer loop
      vertex -0.0416383817792 0.0076319091022 -0.022207217291
      vertex -0.0405325628817 0.00720313657075 -0.0212942138314
      vertex -0.0410239621997 0.00536507973447 -0.0212514791638
    endloop
  endfacet
  facet normal 0.583552598953 -0.792758107185 0.176070898771
    outer loop
      vertex -0.0410239621997 0.00536507973447 -0.0212514791638
      vertex -0.0450913645327 0.00459203030914 -0.0240738168359
      vertex -0.0416383817792 0.0076319091022 -0.022207217291
    endloop
  endfacet
  facet normal 0.581910073757 -0.757705152035 0.295404046774
    outer loop
      vertex -0.0421342514455 0.00257302215323 -0.0210156403482
      vertex -0.0450913645327 0.00459203030914 -0.0240738168359
      vertex -0.0410239621997 0.00536507973447 -0.0212514791638
    endloop
  endfacet
  facet normal 0.769785583019 -0.533040761948 0.351137727499
    outer loop
      vertex -0.0421342514455 0.00257302215323 -0.0210156403482
      vertex -0.0410239621997 0.00536507973447 -0.0212514791638
      vertex -0.0398185700178 0.00305484142154 -0.0179888661951
    endloop
  endfacet
  facet normal 0.623409092426 -0.592001914978 0.510778605938
    outer loop
      vertex -0.0410239621997 0.00536507973447 -0.0212514791638
      vertex -0.0390127785504 0.00546670006588 -0.0192212741822
      vertex -0.0398185700178 0.00305484142154 -0.0179888661951
    endloop
  endfacet
  facet normal 0.700668811798 -0.683932244778 0.203223869205
    outer loop
      vertex -0.0405325628817 0.00720313657075 -0.0212942138314
      vertex -0.0390127785504 0.00546670006588 -0.0192212741822
      vertex -0.0410239621997 0.00536507973447 -0.0212514791638
    endloop
  endfacet
  facet normal 0.734789848328 -0.662106573582 0.147304862738
    outer loop
      vertex -0.0390127785504 0.00546670006588 -0.0192212741822
      vertex -0.0405325628817 0.00720313657075 -0.0212942138314
      vertex -0.0381141714752 0.00860107783228 -0.0189213547856
    endloop
  endfacet
  facet normal 0.646618723869 -0.727006196976 -0.230967968702
    outer loop
      vertex -0.0386311002076 0.0139432065189 -0.0176839455962
      vertex -0.0381141714752 0.00860107783228 -0.0189213547856
      vertex -0.0410430170596 0.0124789811671 -0.0202943496406
    endloop
  endfacet
  facet normal 0.435668557882 -0.86670935154 -0.242915168405
    outer loop
      vertex -0.0386311002076 0.0139432065189 -0.0176839455962
      vertex -0.0336529128253 0.0113090267405 -0.0159198511392
      vertex -0.0381141714752 0.00860107783228 -0.0189213547856
    endloop
  endfacet
  facet normal 0.482761442661 -0.786167919636 -0.385851532221
    outer loop
      vertex -0.0359270088375 0.0184502173215 -0.0138114020228
      vertex -0.0336529128253 0.0113090267405 -0.0159198511392
      vertex -0.0386311002076 0.0139432065189 -0.0176839455962
    endloop
  endfacet
  facet normal 0.355864197016 -0.907384991646 -0.223636239767
    outer loop
      vertex -0.0444996543229 0.0126840928569 -0.0228607151657
      vertex -0.0450008586049 0.00825811456889 -0.0241481177509
      vertex -0.0487433709204 0.0111685246229 -0.0248985737562
    endloop
  endfacet
  facet normal 0.361068308353 -0.908466637135 -0.210518658161
    outer loop
      vertex -0.0476743988693 0.0145517019555 -0.0236897300929
      vertex -0.0444996543229 0.0126840928569 -0.0228607151657
      vertex -0.0487433709204 0.0111685246229 -0.0248985737562
    endloop
  endfacet
  facet normal 0.307924777269 -0.922600150108 -0.232360348105
    outer loop
      vertex -0.0476743988693 0.0145517019555 -0.0236897300929
      vertex -0.0487433709204 0.0111685246229 -0.0248985737562
      vertex -0.0509448684752 0.0144274579361 -0.0248125661165
    endloop
  endfacet
  facet normal 0.276054948568 -0.8530600667 -0.442811697721
    outer loop
      vertex -0.0509448684752 0.0144274579361 -0.0248125661165
      vertex -0.0505308136344 0.0163039490581 -0.0237045139074
      vertex -0.0476743988693 0.0145517019555 -0.0236897300929
    endloop
  endfacet
  facet normal 0.00618678983301 -0.861664652824 -0.507440388203
    outer loop
      vertex -0.0534245222807 0.0163558777422 -0.023694710806
      vertex -0.0505308136344 0.0163039490581 -0.0237045139074
      vertex -0.0509448684752 0.0144274579361 -0.0248125661165
    endloop
  endfacet
  facet normal -0.0811598002911 -0.904033601284 -0.419686049223
    outer loop
      vertex -0.0509448684752 0.0144274579361 -0.0248125661165
      vertex -0.0540600530803 0.014557541348 -0.0244725104421
      vertex -0.0534245222807 0.0163558777422 -0.023694710806
    endloop
  endfacet
  facet normal -0.226197451353 -0.862376749516 -0.452925026417
    outer loop
      vertex -0.0540600530803 0.014557541348 -0.0244725104421
      vertex -0.0548394396901 0.0164843685925 -0.0232560988516
      vertex -0.0534245222807 0.0163558777422 -0.023694710806
    endloop
  endfacet
  facet normal -0.219631388783 -0.849196314812 -0.48023712635
    outer loop
      vertex -0.0534245222807 0.0163558777422 -0.023694710806
      vertex -0.0548394396901 0.0164843685925 -0.0232560988516
      vertex -0.0534658879042 0.0180663894862 -0.0227166842669
    endloop
  endfacet
  facet normal 0.00596824660897 -0.868036329746 -0.496464818716
    outer loop
      vertex -0.0534658879042 0.0180663894862 -0.0227166842669
      vertex -0.0505308136344 0.0163039490581 -0.0237045139074
      vertex -0.0534245222807 0.0163558777422 -0.023694710806
    endloop
  endfacet
  facet normal -0.564170360565 -0.497029155493 -0.65929800272
    outer loop
      vertex -0.0534658879042 0.0180663894862 -0.0227166842669
      vertex -0.0548394396901 0.0164843685925 -0.0232560988516
      vertex -0.0560437887907 0.0177930928767 -0.0201530661434
    endloop
  endfacet
  facet normal -0.56467205286 -0.497627615929 -0.658416450024
    outer loop
      vertex -0.0560437887907 0.0177930928767 -0.0201530661434
      vertex -0.0529065579176 0.022325694561 -0.0177158396691
      vertex -0.0534658879042 0.0180663894862 -0.0227166842669
    endloop
  endfacet
  facet normal -0.712655186653 -0.279373347759 -0.64348512888
    outer loop
      vertex -0.0560316331685 0.0197572689503 -0.0156599637121
      vertex -0.0529065579176 0.022325694561 -0.0177158396691
      vertex -0.0560437887907 0.0177930928767 -0.0201530661434
    endloop
  endfacet
  facet normal -0.981921553612 -0.073582932353 -0.17440058291
    outer loop
      vertex -0.0560437887907 0.0177930928767 -0.0201530661434
      vertex -0.0566329210997 0.0155769037083 -0.0175441093743
      vertex -0.0560316331685 0.0197572689503 -0.0156599637121
    endloop
  endfacet
  facet normal -0.989403665066 0.112726740539 -0.0915045067668
    outer loop
      vertex -0.0560920238495 0.013369711116 -0.0110049946234
      vertex -0.0560316331685 0.0197572689503 -0.0156599637121
      vertex -0.0566329210997 0.0155769037083 -0.0175441093743
    endloop
  endfacet
  facet normal -0.955971360207 0.161728680134 -0.244872525334
    outer loop
      vertex -0.0572820305824 0.00959058199078 -0.0123171210289
      vertex -0.0560920238495 0.013369711116 -0.0110049946234
      vertex -0.0566329210997 0.0155769037083 -0.0175441093743
    endloop
  endfacet
  facet normal -0.992511153221 0.0155121712014 -0.121164917946
    outer loop
      vertex -0.0566329210997 0.0155769037083 -0.0175441093743
      vertex -0.0574565306306 0.00923490989953 -0.0207039639354
      vertex -0.0572820305824 0.00959058199078 -0.0123171210289
    endloop
  endfacet
  facet normal -0.993963837624 0.0160784982145 -0.108523480594
    outer loop
      vertex -0.0578585527837 0.00458393059671 -0.0141645083204
      vertex -0.0572820305824 0.00959058199078 -0.0123171210289
      vertex -0.0574565306306 0.00923490989953 -0.0207039639354
    endloop
  endfacet
  facet normal -0.948713839054 -0.21987593174 0.227148860693
    outer loop
      vertex -0.0574565306306 0.00923490989953 -0.0207039639354
      vertex -0.0555410720408 0.00272933649831 -0.0222479738295
      vertex -0.0578585527837 0.00458393059671 -0.0141645083204
    endloop
  endfacet
  facet normal -0.932994782925 -0.198629468679 0.300111681223
    outer loop
      vertex -0.0555410720408 0.00272933649831 -0.0222479738295
      vertex -0.0561033077538 -0.00103462615516 -0.0139200398698
      vertex -0.0578585527837 0.00458393059671 -0.0141645083204
    endloop
  endfacet
  facet normal -0.911208152771 -0.28538236022 0.29708018899
    outer loop
      vertex -0.0561033077538 -0.00103462615516 -0.0139200398698
      vertex -0.060395181179 0.004129903391 -0.00559257669374
      vertex -0.0578585527837 0.00458393059671 -0.0141645083204
    endloop
  endfacet
  facet normal -0.941042900085 -0.267508029938 -0.207069218159
    outer loop
      vertex -0.060395181179 0.004129903391 -0.00559257669374
      vertex -0.0572820305824 0.00959058199078 -0.0123171210289
      vertex -0.0578585527837 0.00458393059671 -0.0141645083204
    endloop
  endfacet
  facet normal -0.940810084343 -0.247592568398 -0.231461331248
    outer loop
      vertex -0.0572820305824 0.00959058199078 -0.0123171210289
      vertex -0.060395181179 0.004129903391 -0.00559257669374
      vertex -0.0586428269744 0.0120332520455 -0.00486279884353
    endloop
  endfacet
  facet normal -0.881770730019 -0.284299224615 -0.376369923353
    outer loop
      vertex -0.0560920238495 0.013369711116 -0.0110049946234
      vertex -0.0572820305824 0.00959058199078 -0.0123171210289
      vertex -0.0586428269744 0.0120332520455 -0.00486279884353
    endloop
  endfacet
  facet normal -0.919445872307 -0.338185369968 -0.200623944402
    outer loop
      vertex -0.0560920238495 0.013369711116 -0.0110049946234
      vertex -0.0586428269744 0.0120332520455 -0.00486279884353
      vertex -0.0581006072462 0.0165488924831 -0.00365812308155
    endloop
  endfacet
  facet normal -0.947152137756 -0.30367437005 -0.103366732597
    outer loop
      vertex -0.0560920238495 0.013369711116 -0.0110049946234
      vertex -0.0581006072462 0.0165488924831 -0.00365812308155
      vertex -0.0566888228059 0.020851938054 -0.00659674592316
    endloop
  endfacet
  facet normal -0.987456202507 -0.157279863954 -0.0139018185437
    outer loop
      vertex -0.0560920238495 0.013369711116 -0.0110049946234
      vertex -0.0566888228059 0.020851938054 -0.00659674592316
      vertex -0.0559488087893 0.0204670503736 -0.0112768067047
    endloop
  endfacet
  facet normal -0.999663770199 0.0155264735222 -0.0207662582397
    outer loop
      vertex -0.0559488087893 0.0204670503736 -0.0112768067047
      vertex -0.0560316331685 0.0197572689503 -0.0156599637121
      vertex -0.0560920238495 0.013369711116 -0.0110049946234
    endloop
  endfacet
  facet normal -0.74486219883 -0.0929178595543 -0.660716772079
    outer loop
      vertex -0.0560316331685 0.0197572689503 -0.0156599637121
      vertex -0.0559488087893 0.0204670503736 -0.0112768067047
      vertex -0.0515751503408 0.0252782255411 -0.0121264792979
    endloop
  endfacet
  facet normal -0.696858346462 -0.198122918606 -0.689300954342
    outer loop
      vertex -0.0515751503408 0.0252782255411 -0.0121264792979
      vertex -0.0529065579176 0.022325694561 -0.0177158396691
      vertex -0.0560316331685 0.0197572689503 -0.0156599637121
    endloop
  endfacet
  facet normal 0.132737904787 -0.487482398748 -0.862984120846
    outer loop
      vertex -0.0529065579176 0.022325694561 -0.0177158396691
      vertex -0.0515751503408 0.0252782255411 -0.0121264792979
      vertex -0.0463352017105 0.0237347520888 -0.0134320706129
    endloop
  endfacet
  facet normal 0.293772876263 0.0505947768688 -0.9545353055
    outer loop
      vertex -0.0463352017105 0.0237347520888 -0.0134320706129
      vertex -0.0515751503408 0.0252782255411 -0.0121264792979
      vertex -0.0444354712963 0.0227027609944 -0.00499280402437
    endloop
  endfacet
  facet normal 0.193617045879 0.155915781856 -0.968608617783
    outer loop
      vertex -0.0444354712963 0.0227027609944 -0.00499280402437
      vertex -0.0515751503408 0.0252782255411 -0.0121264792979
      vertex -0.0532364733517 0.0247808173299 -0.00697334902361
    endloop
  endfacet
  facet normal 0.0212051887065 0.677339732647 -0.735364675522
    outer loop
      vertex -0.0468983650208 0.0189820677042 -0.000876268954016
      vertex -0.0444354712963 0.0227027609944 -0.00499280402437
      vertex -0.0532364733517 0.0247808173299 -0.00697334902361
    endloop
  endfacet
  facet normal 0.100471913815 0.628843545914 -0.771013081074
    outer loop
      vertex -0.0532364733517 0.0247808173299 -0.00697334902361
      vertex -0.0543239638209 0.019805142656 -0.000699019699823
      vertex -0.0468983650208 0.0189820677042 -0.000876268954016
    endloop
  endfacet
  facet normal 0.0785127729177 0.846885442734 -0.525947451591
    outer loop
      vertex -0.0468983650208 0.0189820677042 -0.000876268954016
      vertex -0.0543239638209 0.019805142656 -0.000699019699823
      vertex -0.0526692904532 0.0143707236275 0.00252255680971
    endloop
  endfacet
  facet normal 0.236537843943 0.899622380733 -0.367055028677
    outer loop
      vertex -0.0435646511614 0.011548416689 0.001280201599
      vertex -0.0468983650208 0.0189820677042 -0.000876268954016
      vertex -0.0526692904532 0.0143707236275 0.00252255680971
    endloop
  endfacet
  facet normal 0.230784952641 0.91023170948 -0.343826323748
    outer loop
      vertex -0.0526692904532 0.0143707236275 0.00252255680971
      vertex -0.0535019487143 0.00806110352278 0.00511703733355
      vertex -0.0435646511614 0.011548416689 0.001280201599
    endloop
  endfacet
  facet normal 0.316468894482 0.939406991005 -0.131764560938
    outer loop
      vertex -0.0535019487143 0.00806110352278 0.00511703733355
      vertex -0.0436098538339 0.00515343016014 0.00219241366722
      vertex -0.0435646511614 0.011548416689 0.001280201599
    endloop
  endfacet
  facet normal 0.294959545135 0.95452439785 -0.043382871896
    outer loop
      vertex -0.0436098538339 0.00515343016014 0.00219241366722
      vertex -0.0535019487143 0.00806110352278 0.00511703733355
      vertex -0.050147715956 0.00126463396009 0.00438943598419
    endloop
  endfacet
  facet normal 0.40498945117 0.897665858269 0.173722758889
    outer loop
      vertex -0.0454236641526 0.000315354787745 0.00207442953251
      vertex -0.0436098538339 0.00515343016014 0.00219241366722
      vertex -0.050147715956 0.00126463396009 0.00438943598419
    endloop
  endfacet
  facet normal 0.231939539313 0.734710156918 0.637499034405
    outer loop
      vertex -0.050147715956 0.00126463396009 0.00438943598419
      vertex -0.047985997051 -0.00342081463896 -0.000358499906724
      vertex -0.0454236641526 0.000315354787745 0.00207442953251
    endloop
  endfacet
  facet normal 0.525744497776 0.501467347145 0.687112212181
    outer loop
      vertex -0.047985997051 -0.00342081463896 -0.000358499906724
      vertex -0.0421870984137 0.000330940674758 -0.00129746890161
      vertex -0.0454236641526 0.000315354787745 0.00207442953251
    endloop
  endfacet
  facet normal 0.693971931934 0.664841413498 0.276385337114
    outer loop
      vertex -0.0421870984137 0.000330940674758 -0.00129746890161
      vertex -0.0436098538339 0.00515343016014 0.00219241366722
      vertex -0.0454236641526 0.000315354787745 0.00207442953251
    endloop
  endfacet
  facet normal 0.490780740976 0.768188655376 0.41112101078
    outer loop
      vertex -0.0376465655863 0.00282774516381 -0.00286208069883
      vertex -0.0436098538339 0.00515343016014 0.00219241366722
      vertex -0.0421870984137 0.000330940674758 -0.00129746890161
    endloop
  endfacet
  facet normal 0.542326807976 -0.00753796799108 0.840133786201
    outer loop
      vertex -0.0454967916012 -0.00174317811616 -0.00824866257608
      vertex -0.0421870984137 0.000330940674758 -0.00129746890161
      vertex -0.047985997051 -0.00342081463896 -0.000358499906724
    endloop
  endfacet
  facet normal 0.303614497185 -0.105554886162 0.946929991245
    outer loop
      vertex -0.0521548464894 -0.00405506510288 -0.00665979087353
      vertex -0.0454967916012 -0.00174317811616 -0.00824866257608
      vertex -0.047985997051 -0.00342081463896 -0.000358499906724
    endloop
  endfacet
  facet normal -0.117623694241 0.176187798381 0.977303683758
    outer loop
      vertex -0.047985997051 -0.00342081463896 -0.000358499906724
      vertex -0.0547670982778 -0.00229253922589 0.0013728889171
      vertex -0.0521548464894 -0.00405506510288 -0.00665979087353
    endloop
  endfacet
  facet normal -0.375529497862 0.0804688632488 0.923310518265
    outer loop
      vertex -0.0584315955639 -0.00129968370311 -0.00433631800115
      vertex -0.0521548464894 -0.00405506510288 -0.00665979087353
      vertex -0.0547670982778 -0.00229253922589 0.0013728889171
    endloop
  endfacet
  facet normal -0.630827307701 0.278989136219 0.724031746387
    outer loop
      vertex -0.0584315955639 -0.00129968370311 -0.00433631800115
      vertex -0.0547670982778 -0.00229253922589 0.0013728889171
      vertex -0.0582564547658 0.00105379475281 0.00216743745841
    endloop
  endfacet
  facet normal -0.941239058971 0.137049108744 0.30868524313
    outer loop
      vertex -0.0584315955639 -0.00129968370311 -0.00433631800115
      vertex -0.0582564547658 0.00105379475281 0.00216743745841
      vertex -0.060395181179 0.004129903391 -0.00559257669374
    endloop
  endfacet
  facet normal -0.897423505783 -0.228459954262 0.377408415079
    outer loop
      vertex -0.0561033077538 -0.00103462615516 -0.0139200398698
      vertex -0.0584315955639 -0.00129968370311 -0.00433631800115
      vertex -0.060395181179 0.004129903391 -0.00559257669374
    endloop
  endfacet
  facet normal -0.438798636198 -0.131188601255 0.888957440853
    outer loop
      vertex -0.0521548464894 -0.00405506510288 -0.00665979087353
      vertex -0.0584315955639 -0.00129968370311 -0.00433631800115
      vertex -0.0561033077538 -0.00103462615516 -0.0139200398698
    endloop
  endfacet
  facet normal -0.416576325893 -0.146697700024 0.897186696529
    outer loop
      vertex -0.0521548464894 -0.00405506510288 -0.00665979087353
      vertex -0.0561033077538 -0.00103462615516 -0.0139200398698
      vertex -0.0503656454384 -0.00331693119369 -0.0162549130619
    endloop
  endfacet
  facet normal 0.325427889824 -0.0120521839708 0.945490062237
    outer loop
      vertex -0.0521548464894 -0.00405506510288 -0.00665979087353
      vertex -0.0503656454384 -0.00331693119369 -0.0162549130619
      vertex -0.0454967916012 -0.00174317811616 -0.00824866257608
    endloop
  endfacet
  facet normal 0.181107401848 0.0824965760112 0.979997158051
    outer loop
      vertex -0.0448034927249 -0.00240550120361 -0.0176385845989
      vertex -0.0454967916012 -0.00174317811616 -0.00824866257608
      vertex -0.0503656454384 -0.00331693119369 -0.0162549130619
    endloop
  endfacet
  facet normal 0.0846301317215 -0.288105458021 0.953851640224
    outer loop
      vertex -0.0459752306342 -0.00150490773376 -0.0209644380957
      vertex -0.0448034927249 -0.00240550120361 -0.0176385845989
      vertex -0.0503656454384 -0.00331693119369 -0.0162549130619
    endloop
  endfacet
  facet normal -0.166496142745 -0.485439956188 0.858269810677
    outer loop
      vertex -0.0506766326725 0.00110343180131 -0.0239635612816
      vertex -0.0459752306342 -0.00150490773376 -0.0209644380957
      vertex -0.0503656454384 -0.00331693119369 -0.0162549130619
    endloop
  endfacet
  facet normal -0.420202404261 -0.438581675291 0.794402956963
    outer loop
      vertex -0.0555410720408 0.00272933649831 -0.0222479738295
      vertex -0.0506766326725 0.00110343180131 -0.0239635612816
      vertex -0.0503656454384 -0.00331693119369 -0.0162549130619
    endloop
  endfacet
  facet normal -0.472839683294 -0.389215826988 0.790527462959
    outer loop
      vertex -0.0503656454384 -0.00331693119369 -0.0162549130619
      vertex -0.0561033077538 -0.00103462615516 -0.0139200398698
      vertex -0.0555410720408 0.00272933649831 -0.0222479738295
    endloop
  endfacet
  facet normal -0.401517212391 -0.871426463127 0.28177973628
    outer loop
      vertex -0.0506766326725 0.00110343180131 -0.0239635612816
      vertex -0.0555410720408 0.00272933649831 -0.0222479738295
      vertex -0.053528200835 0.00984762143344 -0.0254771504551
    endloop
  endfacet
  facet normal -0.76537925005 -0.639355897903 0.0736111477017
    outer loop
      vertex -0.053528200835 0.00984762143344 -0.0254771504551
      vertex -0.0555410720408 0.00272933649831 -0.0222479738295
      vertex -0.0574565306306 0.00923490989953 -0.0207039639354
    endloop
  endfacet
  facet normal -0.763269245625 -0.63975083828 0.0902159512043
    outer loop
      vertex -0.0563510246575 0.0137859992683 -0.0226646978408
      vertex -0.053528200835 0.00984762143344 -0.0254771504551
      vertex -0.0574565306306 0.00923490989953 -0.0207039639354
    endloop
  endfacet
  facet normal -0.975393414497 -0.118680521846 -0.185802489519
    outer loop
      vertex -0.0574565306306 0.00923490989953 -0.0207039639354
      vertex -0.0566329210997 0.0155769037083 -0.0175441093743
      vertex -0.0563510246575 0.0137859992683 -0.0226646978408
    endloop
  endfacet
  facet normal -0.98472225666 -0.103251323104 -0.140218660235
    outer loop
      vertex -0.0566329210997 0.0155769037083 -0.0175441093743
      vertex -0.0560437887907 0.0177930928767 -0.0201530661434
      vertex -0.0563510246575 0.0137859992683 -0.0226646978408
    endloop
  endfacet
  facet normal -0.812224268913 -0.464226096869 -0.353250384331
    outer loop
      vertex -0.0563510246575 0.0137859992683 -0.0226646978408
      vertex -0.0560437887907 0.0177930928767 -0.0201530661434
      vertex -0.0548394396901 0.0164843685925 -0.0232560988516
    endloop
  endfacet
  facet normal -0.64770257473 -0.734678804874 -0.201812818646
    outer loop
      vertex -0.0563510246575 0.0137859992683 -0.0226646978408
      vertex -0.0548394396901 0.0164843685925 -0.0232560988516
      vertex -0.0540600530803 0.014557541348 -0.0244725104421
    endloop
  endfacet
  facet normal -0.635704338551 -0.766466021538 -0.0917049646378
    outer loop
      vertex -0.0563510246575 0.0137859992683 -0.0226646978408
      vertex -0.0540600530803 0.014557541348 -0.0244725104421
      vertex -0.053528200835 0.00984762143344 -0.0254771504551
    endloop
  endfacet
  facet normal -0.0982580110431 -0.975472152233 -0.19697573781
    outer loop
      vertex -0.053528200835 0.00984762143344 -0.0254771504551
      vertex -0.0540600530803 0.014557541348 -0.0244725104421
      vertex -0.0509448684752 0.0144274579361 -0.0248125661165
    endloop
  endfacet
  facet normal 0.0949470624328 -0.991378009319 -0.0903033092618
    outer loop
      vertex -0.0509448684752 0.0144274579361 -0.0248125661165
      vertex -0.0487433709204 0.0111685246229 -0.0248985737562
      vertex -0.053528200835 0.00984762143344 -0.0254771504551
    endloop
  endfacet
  facet normal -0.918709933758 0.101957902312 0.381545037031
    outer loop
      vertex -0.0606219395995 0.00691363727674 0.0027814139612
      vertex -0.060395181179 0.004129903391 -0.00559257669374
      vertex -0.0582564547658 0.00105379475281 0.00216743745841
    endloop
  endfacet
  facet normal -0.552154302597 0.776255309582 0.304225772619
    outer loop
      vertex -0.0547641664743 0.00317771965638 0.00548391835764
      vertex -0.0606219395995 0.00691363727674 0.0027814139612
      vertex -0.0582564547658 0.00105379475281 0.00216743745841
    endloop
  endfacet
  facet normal -0.366549104452 0.743869006634 0.558838665485
    outer loop
      vertex -0.0582564547658 0.00105379475281 0.00216743745841
      vertex -0.0547670982778 -0.00229253922589 0.0013728889171
      vertex -0.0547641664743 0.00317771965638 0.00548391835764
    endloop
  endfacet
  facet normal -0.0593221634626 0.798022329807 0.599700927734
    outer loop
      vertex -0.0547641664743 0.00317771965638 0.00548391835764
      vertex -0.0547670982778 -0.00229253922589 0.0013728889171
      vertex -0.050147715956 0.00126463396009 0.00438943598419
    endloop
  endfacet
  facet normal 0.235438376665 0.971813261509 -0.0121567435563
    outer loop
      vertex -0.0535019487143 0.00806110352278 0.00511703733355
      vertex -0.0547641664743 0.00317771965638 0.00548391835764
      vertex -0.050147715956 0.00126463396009 0.00438943598419
    endloop
  endfacet
  facet normal -0.330425620079 0.930959820747 -0.155347123742
    outer loop
      vertex -0.0535019487143 0.00806110352278 0.00511703733355
      vertex -0.0606219395995 0.00691363727674 0.0027814139612
      vertex -0.0547641664743 0.00317771965638 0.00548391835764
    endloop
  endfacet
  facet normal -0.343225210905 0.850640118122 -0.398255944252
    outer loop
      vertex -0.0606219395995 0.00691363727674 0.0027814139612
      vertex -0.0535019487143 0.00806110352278 0.00511703733355
      vertex -0.0600724592805 0.0112244756892 0.000984858954325
    endloop
  endfacet
  facet normal -0.993007183075 -0.0605739019811 -0.101328834891
    outer loop
      vertex -0.0606219395995 0.00691363727674 0.0027814139612
      vertex -0.0600724592805 0.0112244756892 0.000984858954325
      vertex -0.060395181179 0.004129903391 -0.00559257669374
    endloop
  endfacet
  facet normal -0.952270269394 -0.201040863991 -0.229703843594
    outer loop
      vertex -0.060395181179 0.004129903391 -0.00559257669374
      vertex -0.0600724592805 0.0112244756892 0.000984858954325
      vertex -0.0586428269744 0.0120332520455 -0.00486279884353
    endloop
  endfacet
  facet normal -0.962147474289 -0.211444854736 -0.171939745545
    outer loop
      vertex -0.0600724592805 0.0112244756892 0.000984858954325
      vertex -0.0581006072462 0.0165488924831 -0.00365812308155
      vertex -0.0586428269744 0.0120332520455 -0.00486279884353
    endloop
  endfacet
  facet normal -0.414673089981 0.604193925858 -0.680438041687
    outer loop
      vertex -0.0526692904532 0.0143707236275 0.00252255680971
      vertex -0.0581006072462 0.0165488924831 -0.00365812308155
      vertex -0.0600724592805 0.0112244756892 0.000984858954325
    endloop
  endfacet
  facet normal -0.344904989004 0.851229310036 -0.395536571741
    outer loop
      vertex -0.0600724592805 0.0112244756892 0.000984858954325
      vertex -0.0535019487143 0.00806110352278 0.00511703733355
      vertex -0.0526692904532 0.0143707236275 0.00252255680971
    endloop
  endfacet
  facet normal -0.702580571175 0.685145676136 -0.19223921001
    outer loop
      vertex -0.0526692904532 0.0143707236275 0.00252255680971
      vertex -0.0543239638209 0.019805142656 -0.000699019699823
      vertex -0.0581006072462 0.0165488924831 -0.00365812308155
    endloop
  endfacet
  facet normal -0.757616460323 0.395892500877 -0.5189281106
    outer loop
      vertex -0.0566888228059 0.020851938054 -0.00659674592316
      vertex -0.0581006072462 0.0165488924831 -0.00365812308155
      vertex -0.0543239638209 0.019805142656 -0.000699019699823
    endloop
  endfacet
  facet normal -0.675499916077 0.382725149393 -0.630254983902
    outer loop
      vertex -0.0566888228059 0.020851938054 -0.00659674592316
      vertex -0.0543239638209 0.019805142656 -0.000699019699823
      vertex -0.0532364733517 0.0247808173299 -0.00697334902361
    endloop
  endfacet
  facet normal -0.748197078705 -0.171025305986 -0.641054987907
    outer loop
      vertex -0.0559488087893 0.0204670503736 -0.0112768067047
      vertex -0.0566888228059 0.020851938054 -0.00659674592316
      vertex -0.0532364733517 0.0247808173299 -0.00697334902361
    endloop
  endfacet
  facet normal -0.743600666523 -0.177507057786 -0.644631147385
    outer loop
      vertex -0.0515751503408 0.0252782255411 -0.0121264792979
      vertex -0.0559488087893 0.0204670503736 -0.0112768067047
      vertex -0.0532364733517 0.0247808173299 -0.00697334902361
    endloop
  endfacet
  facet normal 0.0672709345818 0.716165959835 0.694680452347
    outer loop
      vertex -0.050147715956 0.00126463396009 0.00438943598419
      vertex -0.0547670982778 -0.00229253922589 0.0013728889171
      vertex -0.047985997051 -0.00342081463896 -0.000358499906724
    endloop
  endfacet
  facet normal 0.0589629299939 0.951347827911 -0.302424669266
    outer loop
      vertex -0.039401281625 0.018682539463 -0.00124570832122
      vertex -0.0468983650208 0.0189820677042 -0.000876268954016
      vertex -0.0435646511614 0.011548416689 0.001280201599
    endloop
  endfacet
  facet normal 0.0628066062927 0.689634084702 -0.721429228783
    outer loop
      vertex -0.039401281625 0.018682539463 -0.00124570832122
      vertex -0.0444354712963 0.0227027609944 -0.00499280402437
      vertex -0.0468983650208 0.0189820677042 -0.000876268954016
    endloop
  endfacet
  facet normal -0.372465908527 0.904130518436 -0.209325507283
    outer loop
      vertex -0.0179299097508 0.0185068119317 0.00175411032978
      vertex -0.0237946361303 0.0105592468753 0.0011781064095
      vertex -0.0174459386617 0.0125595657155 0.00333040184341
    endloop
  endfacet
  facet normal -0.515646338463 0.824576437473 -0.232771500945
    outer loop
      vertex -0.00913895573467 0.0124857695773 0.00694552063942
      vertex -0.00604164693505 0.0148394685239 0.00821798294783
      vertex -0.00782277714461 0.0166653487831 0.00658872630447
    endloop
  endfacet
  facet normal -0.104211129248 0.790416002274 -0.603641092777
    outer loop
      vertex -0.00604164693505 0.0148394685239 0.00821798294783
      vertex -0.00238693132997 0.0179446302354 0.00632841931656
      vertex -0.00782277714461 0.0166653487831 0.00658872630447
    endloop
  endfacet
  facet normal -0.228208690882 0.689015746117 -0.687879443169
    outer loop
      vertex -0.00238693132997 0.0179446302354 0.00632841931656
      vertex -0.00604164693505 0.0148394685239 0.00821798294783
      vertex -0.00170567352325 0.0149644147605 0.00952935870737
    endloop
  endfacet
  facet normal -0.135492026806 0.69043213129 -0.71059513092
    outer loop
      vertex 0.00251198443584 0.0177544038743 0.007485574577
      vertex -0.00238693132997 0.0179446302354 0.00632841931656
      vertex -0.00170567352325 0.0149644147605 0.00952935870737
    endloop
  endfacet
  facet normal -0.175397962332 0.648827791214 -0.740444481373
    outer loop
      vertex 0.00168100174051 0.0152229070663 0.010149887763
      vertex 0.00251198443584 0.0177544038743 0.007485574577
      vertex -0.00170567352325 0.0149644147605 0.00952935870737
    endloop
  endfacet
  facet normal -0.194689765573 0.904392898083 -0.379696398973
    outer loop
      vertex -0.000296193320537 0.013005967252 0.0106550054625
      vertex 0.00168100174051 0.0152229070663 0.010149887763
      vertex -0.00170567352325 0.0149644147605 0.00952935870737
    endloop
  endfacet
  facet normal -0.135028898716 0.897928059101 -0.418918132782
    outer loop
      vertex -0.00170567352325 0.0149644147605 0.00952935870737
      vertex -0.00357236154377 0.0127912443131 0.0102625172585
      vertex -0.000296193320537 0.013005967252 0.0106550054625
    endloop
  endfacet
  facet normal -0.124624595046 0.987506687641 -0.096432544291
    outer loop
      vertex -0.000296193320537 0.013005967252 0.0106550054625
      vertex -0.00357236154377 0.0127912443131 0.0102625172585
      vertex -0.000701415468939 0.0111515689641 0.01078495197
    endloop
  endfacet
  facet normal -0.0937693864107 0.991520285606 -0.0899713337421
    outer loop
      vertex -0.000701415468939 0.0111515689641 0.01078495197
      vertex 0.00126294698566 0.0111118191853 0.0109743317589
      vertex -0.000296193320537 0.013005967252 0.0106550054625
    endloop
  endfacet
  facet normal -0.0431098565459 0.99038118124 -0.131478950381
    outer loop
      vertex 0.00207278737798 0.0128331165761 0.0107810702175
      vertex -0.000296193320537 0.013005967252 0.0106550054625
      vertex 0.00126294698566 0.0111118191853 0.0109743317589
    endloop
  endfacet
  facet normal 0.192014873028 0.981191754341 -0.0198250692338
    outer loop
      vertex 0.00207278737798 0.0128331165761 0.0107810702175
      vertex 0.00126294698566 0.0111118191853 0.0109743317589
      vertex 0.00302992085926 0.0105125410482 0.0106406509876
    endloop
  endfacet
  facet normal 0.309377521276 0.948343157768 -0.0702195987105
    outer loop
      vertex 0.00397361069918 0.0113913752139 0.0102677186951
      vertex 0.00207278737798 0.0128331165761 0.0107810702175
      vertex 0.00302992085926 0.0105125410482 0.0106406509876
    endloop
  endfacet
  facet normal 0.43567866087 0.895820617676 0.0876901596785
    outer loop
      vertex 0.00302992085926 0.0105125410482 0.0106406509876
      vertex 0.00419285800308 0.0102822352201 0.0100525170565
      vertex 0.00397361069918 0.0113913752139 0.0102677186951
    endloop
  endfacet
  facet normal 0.310098230839 0.942889809608 0.121646665037
    outer loop
      vertex 0.00419285800308 0.0102822352201 0.0100525170565
      vertex 0.00496110320091 0.01090371795 0.00988003704697
      vertex 0.00397361069918 0.0113913752139 0.0102677186951
    endloop
  endfacet
  facet normal 0.263145685196 0.940529048443 0.21484747529
    outer loop
      vertex 0.00516867730767 0.0117627177387 0.0100181838498
      vertex 0.00397361069918 0.0113913752139 0.0102677186951
      vertex 0.00496110320091 0.01090371795 0.00988003704697
    endloop
  endfacet
  facet normal 0.56789958477 0.780056416988 0.262682378292
    outer loop
      vertex 0.00516867730767 0.0117627177387 0.0100181838498
      vertex 0.00496110320091 0.01090371795 0.00988003704697
      vertex 0.00594460079446 0.0115936659276 0.00939636491239
    endloop
  endfacet
  facet normal 0.631909072399 0.772915899754 -0.0573754608631
    outer loop
      vertex 0.0061070015654 0.012715655379 0.00918030459434
      vertex 0.00516867730767 0.0117627177387 0.0100181838498
      vertex 0.00594460079446 0.0115936659276 0.00939636491239
    endloop
  endfacet
  facet normal 0.610204160213 0.789675593376 -0.0637445002794
    outer loop
      vertex 0.00594460079446 0.0115936659276 0.00939636491239
      vertex 0.00643393490463 0.0120093394071 0.00898468960077
      vertex 0.0061070015654 0.012715655379 0.00918030459434
    endloop
  endfacet
  facet normal 0.721695065498 0.676487922668 -0.146697819233
    outer loop
      vertex 0.00643393490463 0.0120093394071 0.00898468960077
      vertex 0.00678237527609 0.0122785596177 0.00855458341539
      vertex 0.0061070015654 0.012715655379 0.00918030459434
    endloop
  endfacet
  facet normal 0.696633040905 0.715535163879 -0.0520757362247
    outer loop
      vertex 0.00678237527609 0.0122785596177 0.00855458341539
      vertex 0.00655011134222 0.0131446821615 0.00871767569333
      vertex 0.0061070015654 0.012715655379 0.00918030459434
    endloop
  endfacet
  facet normal 0.61563962698 0.765008568764 -0.189075991511
    outer loop
      vertex 0.00569119118154 0.0137742124498 0.00925329886377
      vertex 0.0061070015654 0.012715655379 0.00918030459434
      vertex 0.00655011134222 0.0131446821615 0.00871767569333
    endloop
  endfacet
  facet normal 0.54482704401 0.837998747826 -0.030358241871
    outer loop
      vertex 0.00669862842187 0.0138247990981 0.00859647803009
      vertex 0.00569119118154 0.0137742124498 0.00925329886377
      vertex 0.00655011134222 0.0131446821615 0.00871767569333
    endloop
  endfacet
  facet normal 0.5758472085 0.817315101624 -0.0198985077441
    outer loop
      vertex 0.00727999815717 0.0133752990514 0.00819781236351
      vertex 0.00669862842187 0.0138247990981 0.00859647803009
      vertex 0.00655011134222 0.0131446821615 0.00871767569333
    endloop
  endfacet
  facet normal 0.579623878002 0.814880430698 -0.00245717586949
    outer loop
      vertex 0.00655011134222 0.0131446821615 0.00871767569333
      vertex 0.00703134387732 0.01282683108 0.00837633386254
      vertex 0.00727999815717 0.0133752990514 0.00819781236351
    endloop
  endfacet
  facet normal -0.459732234478 0.761810898781 -0.456388443708
    outer loop
      vertex 0.00727999815717 0.0133752990514 0.00819781236351
      vertex 0.00703134387732 0.01282683108 0.00837633386254
      vertex 0.00740995211527 0.0127863856032 0.00862904451787
    endloop
  endfacet
  facet normal -0.427313029766 0.77180993557 -0.470864087343
    outer loop
      vertex 0.00740995211527 0.0127863856032 0.00862904451787
      vertex 0.00770651595667 0.0134039027616 0.00841650366783
      vertex 0.00727999815717 0.0133752990514 0.00819781236351
    endloop
  endfacet
  facet normal -0.393385469913 0.68737000227 -0.610549211502
    outer loop
      vertex 0.00770651595667 0.0134039027616 0.00841650366783
      vertex 0.00747145479545 0.0136525351554 0.00806113146245
      vertex 0.00727999815717 0.0133752990514 0.00819781236351
    endloop
  endfacet
  facet normal 0.560359179974 0.827977716923 -0.021223988384
    outer loop
      vertex 0.00727999815717 0.0133752990514 0.00819781236351
      vertex 0.00747145479545 0.0136525351554 0.00806113146245
      vertex 0.00724852038547 0.0139305237681 0.00820488389581
    endloop
  endfacet
  facet normal 0.577079772949 0.816382706165 -0.0223196186125
    outer loop
      vertex 0.00669862842187 0.0138247990981 0.00859647803009
      vertex 0.00727999815717 0.0133752990514 0.00819781236351
      vertex 0.00724852038547 0.0139305237681 0.00820488389581
    endloop
  endfacet
  facet normal 0.574671506882 0.817461848259 -0.0388424657285
    outer loop
      vertex 0.00724852038547 0.0139305237681 0.00820488389581
      vertex 0.0070252479054 0.0142087666318 0.00834862235934
      vertex 0.00669862842187 0.0138247990981 0.00859647803009
    endloop
  endfacet
  facet normal 0.456969916821 0.872233271599 -0.174320310354
    outer loop
      vertex 0.0070252479054 0.0142087666318 0.00834862235934
      vertex 0.00641725771129 0.0148640219122 0.00853619724512
      vertex 0.00669862842187 0.0138247990981 0.00859647803009
    endloop
  endfacet
  facet normal 0.529309570789 0.826590240002 -0.191258773208
    outer loop
      vertex 0.00669862842187 0.0138247990981 0.00859647803009
      vertex 0.00641725771129 0.0148640219122 0.00853619724512
      vertex 0.00569119118154 0.0137742124498 0.00925329886377
    endloop
  endfacet
  facet normal 0.278984755278 0.8769993186 -0.391202896833
    outer loop
      vertex 0.00569119118154 0.0137742124498 0.00925329886377
      vertex 0.00641725771129 0.0148640219122 0.00853619724512
      vertex 0.00435057142749 0.0154530489817 0.00893088895828
    endloop
  endfacet
  facet normal 0.275639921427 0.879065990448 -0.388928800821
    outer loop
      vertex 0.00435057142749 0.0154530489817 0.00893088895828
      vertex 0.00439420342445 0.0128138978034 0.0100848581642
      vertex 0.00569119118154 0.0137742124498 0.00925329886377
    endloop
  endfacet
  facet normal 0.468940883875 0.87449580431 -0.1239015311
    outer loop
      vertex 0.00569119118154 0.0137742124498 0.00925329886377
      vertex 0.00439420342445 0.0128138978034 0.0100848581642
      vertex 0.0061070015654 0.012715655379 0.00918030459434
    endloop
  endfacet
  facet normal 0.460279196501 0.840510368347 -0.28580647707
    outer loop
      vertex 0.00439420342445 0.0128138978034 0.0100848581642
      vertex 0.00516867730767 0.0117627177387 0.0100181838498
      vertex 0.0061070015654 0.012715655379 0.00918030459434
    endloop
  endfacet
  facet normal 0.182333961129 0.980586528778 -0.0721410810947
    outer loop
      vertex 0.00439420342445 0.0128138978034 0.0100848581642
      vertex 0.00397361069918 0.0113913752139 0.0102677186951
      vertex 0.00516867730767 0.0117627177387 0.0100181838498
    endloop
  endfacet
  facet normal 0.287348330021 0.957069337368 -0.0380687527359
    outer loop
      vertex 0.00439420342445 0.0128138978034 0.0100848581642
      vertex 0.00207278737798 0.0128331165761 0.0107810702175
      vertex 0.00397361069918 0.0113913752139 0.0102677186951
    endloop
  endfacet
  facet normal 0.277315348387 0.916728079319 -0.287586241961
    outer loop
      vertex 0.00168100174051 0.0152229070663 0.010149887763
      vertex 0.00207278737798 0.0128331165761 0.0107810702175
      vertex 0.00439420342445 0.0128138978034 0.0100848581642
    endloop
  endfacet
  facet normal 0.357110530138 0.85364484787 -0.379160314798
    outer loop
      vertex 0.00435057142749 0.0154530489817 0.00893088895828
      vertex 0.00168100174051 0.0152229070663 0.010149887763
      vertex 0.00439420342445 0.0128138978034 0.0100848581642
    endloop
  endfacet
  facet normal 0.26595801115 0.706300139427 -0.656053721905
    outer loop
      vertex 0.00435057142749 0.0154530489817 0.00893088895828
      vertex 0.00251198443584 0.0177544038743 0.007485574577
      vertex 0.00168100174051 0.0152229070663 0.010149887763
    endloop
  endfacet
  facet normal 0.204573720694 0.746996223927 -0.632571160793
    outer loop
      vertex 0.00251198443584 0.0177544038743 0.007485574577
      vertex 0.00435057142749 0.0154530489817 0.00893088895828
      vertex 0.00527373002842 0.0163631401956 0.00790738873184
    endloop
  endfacet
  facet normal 0.264804810286 0.641350209713 -0.720102965832
    outer loop
      vertex 0.00614438066259 0.0176619719714 0.00608958909288
      vertex 0.00251198443584 0.0177544038743 0.007485574577
      vertex 0.00527373002842 0.0163631401956 0.00790738873184
    endloop
  endfacet
  facet normal 0.442538380623 0.65192180872 -0.615757882595
    outer loop
      vertex 0.00686313398182 0.0165762118995 0.00662721414119
      vertex 0.00614438066259 0.0176619719714 0.00608958909288
      vertex 0.00527373002842 0.0163631401956 0.00790738873184
    endloop
  endfacet
  facet normal 0.421742469072 0.631852507591 -0.650304317474
    outer loop
      vertex 0.00712178647518 0.0152657851577 0.00780326733366
      vertex 0.00686313398182 0.0165762118995 0.00662721414119
      vertex 0.00527373002842 0.0163631401956 0.00790738873184
    endloop
  endfacet
  facet normal 0.392196893692 0.702519774437 -0.59384137392
    outer loop
      vertex 0.00527373002842 0.0163631401956 0.00790738873184
      vertex 0.00641725771129 0.0148640219122 0.00853619724512
      vertex 0.00712178647518 0.0152657851577 0.00780326733366
    endloop
  endfacet
  facet normal 0.583959817886 0.741924405098 -0.329452753067
    outer loop
      vertex 0.00712178647518 0.0152657851577 0.00780326733366
      vertex 0.00641725771129 0.0148640219122 0.00853619724512
      vertex 0.0070252479054 0.0142087666318 0.00834862235934
    endloop
  endfacet
  facet normal 0.569452702999 0.750561118126 -0.335233718157
    outer loop
      vertex 0.00752171128988 0.0142361680046 0.00795971509069
      vertex 0.00712178647518 0.0152657851577 0.00780326733366
      vertex 0.0070252479054 0.0142087666318 0.00834862235934
    endloop
  endfacet
  facet normal 0.611583650112 0.786668419838 -0.0843698382378
    outer loop
      vertex 0.00752171128988 0.0142361680046 0.00795971509069
      vertex 0.0070252479054 0.0142087666318 0.00834862235934
      vertex 0.00724852038547 0.0139305237681 0.00820488389581
    endloop
  endfacet
  facet normal 0.611862719059 0.786493122578 -0.0839798226953
    outer loop
      vertex 0.00747145479545 0.0136525351554 0.00806113146245
      vertex 0.00752171128988 0.0142361680046 0.00795971509069
      vertex 0.00724852038547 0.0139305237681 0.00820488389581
    endloop
  endfacet
  facet normal 0.917081058025 0.398582518101 0.00970854796469
    outer loop
      vertex 0.00780583824962 0.0138470605016 0.00729650259018
      vertex 0.00752171128988 0.0142361680046 0.00795971509069
      vertex 0.00747145479545 0.0136525351554 0.00806113146245
    endloop
  endfacet
  facet normal -0.442276805639 0.0345861837268 -0.896211504936
    outer loop
      vertex 0.00809930823743 0.0139552168548 0.00824669748545
      vertex 0.00780583824962 0.0138470605016 0.00729650259018
      vertex 0.00747145479545 0.0136525351554 0.00806113146245
    endloop
  endfacet
  facet normal -0.468810349703 0.693150281906 -0.547502994537
    outer loop
      vertex 0.00770651595667 0.0134039027616 0.00841650366783
      vertex 0.00809930823743 0.0139552168548 0.00824669748545
      vertex 0.00747145479545 0.0136525351554 0.00806113146245
    endloop
  endfacet
  facet normal -0.277638196945 0.844525396824 -0.45792350173
    outer loop
      vertex 0.00770651595667 0.0134039027616 0.00841650366783
      vertex 0.00876604858786 0.0132483718917 0.00884915795177
      vertex 0.00809930823743 0.0139552168548 0.00824669748545
    endloop
  endfacet
  facet normal -0.0395335033536 0.778573811054 -0.626306593418
    outer loop
      vertex 0.00809930823743 0.0139552168548 0.00824669748545
      vertex 0.00876604858786 0.0132483718917 0.00884915795177
      vertex 0.00914470758289 0.0140673955902 0.00820953957736
    endloop
  endfacet
  facet normal -0.087236687541 0.355327904224 -0.930662035942
    outer loop
      vertex 0.00877341628075 0.0143380984664 0.00740937003866
      vertex 0.00809930823743 0.0139552168548 0.00824669748545
      vertex 0.00914470758289 0.0140673955902 0.00820953957736
    endloop
  endfacet
  facet normal -0.156071588397 0.380755126476 -0.911409437656
    outer loop
      vertex 0.00969965849072 0.0144898593426 0.00742576736957
      vertex 0.00877341628075 0.0143380984664 0.00740937003866
      vertex 0.00914470758289 0.0140673955902 0.00820953957736
    endloop
  endfacet
  facet normal 0.0737023204565 0.513120174408 -0.855146586895
    outer loop
      vertex 0.00914470758289 0.0140673955902 0.00820953957736
      vertex 0.010210826993 0.0137090422213 0.00865362491459
      vertex 0.00969965849072 0.0144898593426 0.00742576736957
    endloop
  endfacet
  facet normal -0.236465901136 0.589577019215 -0.772323012352
    outer loop
      vertex 0.01066376362 0.0148742208257 0.00730894971639
      vertex 0.00969965849072 0.0144898593426 0.00742576736957
      vertex 0.010210826993 0.0137090422213 0.00865362491459
    endloop
  endfacet
  facet normal 0.065017580986 0.665897011757 -0.743205189705
    outer loop
      vertex 0.010210826993 0.0137090422213 0.00865362491459
      vertex 0.0124458214268 0.0136148817837 0.0085404952988
      vertex 0.01066376362 0.0148742208257 0.00730894971639
    endloop
  endfacet
  facet normal 0.0336168892682 0.690355122089 -0.722689211369
    outer loop
      vertex 0.0124458214268 0.0136148817837 0.0085404952988
      vertex 0.0128966271877 0.0150914825499 0.00697278231382
      vertex 0.01066376362 0.0148742208257 0.00730894971639
    endloop
  endfacet
  facet normal 0.0294950716197 0.673348724842 -0.738736450672
    outer loop
      vertex 0.0128966271877 0.0150914825499 0.00697278231382
      vertex 0.0112980986014 0.0158428251743 0.00621849903837
      vertex 0.01066376362 0.0148742208257 0.00730894971639
    endloop
  endfacet
  facet normal -0.338209331036 0.50731241703 -0.792621314526
    outer loop
      vertex 0.01066376362 0.0148742208257 0.00730894971639
      vertex 0.0112980986014 0.0158428251743 0.00621849903837
      vertex 0.00971303973347 0.0154839707538 0.00572246219963
    endloop
  endfacet
  facet normal -0.497060567141 0.554416239262 -0.667497873306
    outer loop
      vertex 0.00971303973347 0.0154839707538 0.00572246219963
      vertex 0.00955208204687 0.0145974857733 0.00664545362815
      vertex 0.01066376362 0.0148742208257 0.00730894971639
    endloop
  endfacet
  facet normal -0.343320220709 0.191745266318 -0.919437289238
    outer loop
      vertex 0.00955208204687 0.0145974857733 0.00664545362815
      vertex 0.00969965849072 0.0144898593426 0.00742576736957
      vertex 0.01066376362 0.0148742208257 0.00730894971639
    endloop
  endfacet
  facet normal -0.162319228053 0.164882794023 -0.972864925861
    outer loop
      vertex 0.00877341628075 0.0143380984664 0.00740937003866
      vertex 0.00969965849072 0.0144898593426 0.00742576736957
      vertex 0.00955208204687 0.0145974857733 0.00664545362815
    endloop
  endfacet
  facet normal -0.17198254168 0.155019760132 -0.972826242447
    outer loop
      vertex 0.00955208204687 0.0145974857733 0.00664545362815
      vertex 0.00881358236074 0.0145050836727 0.00640601571649
      vertex 0.00877341628075 0.0143380984664 0.00740937003866
    endloop
  endfacet
  facet normal -0.125802189112 0.157962277532 -0.979398667812
    outer loop
      vertex 0.0080840876326 0.0142831262201 0.00720122270286
      vertex 0.00877341628075 0.0143380984664 0.00740937003866
      vertex 0.00881358236074 0.0145050836727 0.00640601571649
    endloop
  endfacet
  facet normal 0.65115749836 0.687233805656 -0.322030514479
    outer loop
      vertex 0.00813014805317 0.0151790808886 0.00673774536699
      vertex 0.0080840876326 0.0142831262201 0.00720122270286
      vertex 0.00881358236074 0.0145050836727 0.00640601571649
    endloop
  endfacet
  facet normal 0.693977892399 0.58931607008 -0.413643836975
    outer loop
      vertex 0.00854294653982 0.0152311483398 0.00621508806944
      vertex 0.00813014805317 0.0151790808886 0.00673774536699
      vertex 0.00881358236074 0.0145050836727 0.00640601571649
    endloop
  endfacet
  facet normal 0.740161240101 0.52907627821 -0.415017575026
    outer loop
      vertex 0.00881358236074 0.0145050836727 0.00640601571649
      vertex 0.00900886952877 0.0145797748119 0.00607422506437
      vertex 0.00854294653982 0.0152311483398 0.00621508806944
    endloop
  endfacet
  facet normal 0.740355074406 0.528618514538 -0.415255188942
    outer loop
      vertex 0.00900886952877 0.0145797748119 0.00607422506437
      vertex 0.00911361537874 0.0152454786003 0.00540458224714
      vertex 0.00854294653982 0.0152311483398 0.00621508806944
    endloop
  endfacet
  facet normal 0.740465939045 0.528691411018 -0.414964586496
    outer loop
      vertex 0.00854294653982 0.0152311483398 0.00621508806944
      vertex 0.00911361537874 0.0152454786003 0.00540458224714
      vertex 0.00866626948118 0.0158222969621 0.00557837961242
    endloop
  endfacet
  facet normal 0.740341126919 0.528775036335 -0.415080666542
    outer loop
      vertex 0.00866626948118 0.0158222969621 0.00557837961242
      vertex 0.00817682594061 0.0162001494318 0.00596704380587
      vertex 0.00854294653982 0.0152311483398 0.00621508806944
    endloop
  endfacet
  facet normal 0.601018607616 0.689807534218 -0.403660982847
    outer loop
      vertex 0.00854294653982 0.0152311483398 0.00621508806944
      vertex 0.00817682594061 0.0162001494318 0.00596704380587
      vertex 0.00769972801208 0.016116740182 0.00643154140562
    endloop
  endfacet
  facet normal 0.660092532635 0.570077359676 -0.489172428846
    outer loop
      vertex 0.00813014805317 0.0151790808886 0.00673774536699
      vertex 0.00854294653982 0.0152311483398 0.00621508806944
      vertex 0.00769972801208 0.016116740182 0.00643154140562
    endloop
  endfacet
  facet normal 0.653181791306 0.578374087811 -0.488709539175
    outer loop
      vertex 0.00813014805317 0.0151790808886 0.00673774536699
      vertex 0.00769972801208 0.016116740182 0.00643154140562
      vertex 0.00712178647518 0.0152657851577 0.00780326733366
    endloop
  endfacet
  facet normal 0.705560684204 0.643571674824 -0.296647280455
    outer loop
      vertex 0.00813014805317 0.0151790808886 0.00673774536699
      vertex 0.00712178647518 0.0152657851577 0.00780326733366
      vertex 0.0080840876326 0.0142831262201 0.00720122270286
    endloop
  endfacet
  facet normal 0.734614253044 0.567677259445 -0.371597081423
    outer loop
      vertex 0.00712178647518 0.0152657851577 0.00780326733366
      vertex 0.00752171128988 0.0142361680046 0.00795971509069
      vertex 0.0080840876326 0.0142831262201 0.00720122270286
    endloop
  endfacet
  facet normal 0.758264243603 0.539551377296 0.365950316191
    outer loop
      vertex 0.0080840876326 0.0142831262201 0.00720122270286
      vertex 0.00752171128988 0.0142361680046 0.00795971509069
      vertex 0.00780583824962 0.0138470605016 0.00729650259018
    endloop
  endfacet
  facet normal -0.809221506119 0.186516404152 -0.557110548019
    outer loop
      vertex 0.00780583824962 0.0138470605016 0.00729650259018
      vertex 0.00809930823743 0.0139552168548 0.00824669748545
      vertex 0.0080840876326 0.0142831262201 0.00720122270286
    endloop
  endfacet
  facet normal -0.164787992835 0.297362953424 -0.940436184406
    outer loop
      vertex 0.0080840876326 0.0142831262201 0.00720122270286
      vertex 0.00809930823743 0.0139552168548 0.00824669748545
      vertex 0.00877341628075 0.0143380984664 0.00740937003866
    endloop
  endfacet
  facet normal 0.488496392965 0.599264800549 -0.634234130383
    outer loop
      vertex 0.00712178647518 0.0152657851577 0.00780326733366
      vertex 0.00769972801208 0.016116740182 0.00643154140562
      vertex 0.00686313398182 0.0165762118995 0.00662721414119
    endloop
  endfacet
  facet normal 0.485990613699 0.611397385597 -0.624504864216
    outer loop
      vertex 0.00716061890125 0.0169310458004 0.00602830806747
      vertex 0.00686313398182 0.0165762118995 0.00662721414119
      vertex 0.00769972801208 0.016116740182 0.00643154140562
    endloop
  endfacet
  facet normal 0.486030757427 0.611358225346 -0.624512016773
    outer loop
      vertex 0.00817682594061 0.0162001494318 0.00596704380587
      vertex 0.00716061890125 0.0169310458004 0.00602830806747
      vertex 0.00769972801208 0.016116740182 0.00643154140562
    endloop
  endfacet
  facet normal 0.533966302872 0.469707250595 -0.703032791615
    outer loop
      vertex 0.00817682594061 0.0162001494318 0.00596704380587
      vertex 0.00755131989717 0.0173561330885 0.00494790636003
      vertex 0.00716061890125 0.0169310458004 0.00602830806747
    endloop
  endfacet
  facet normal 0.533974587917 0.469707667828 -0.703026175499
    outer loop
      vertex 0.00716061890125 0.0169310458004 0.00602830806747
      vertex 0.00755131989717 0.0173561330885 0.00494790636003
      vertex 0.00614438066259 0.0176619719714 0.00608958909288
    endloop
  endfacet
  facet normal 0.486023515463 0.611398160458 -0.624478518963
    outer loop
      vertex 0.00686313398182 0.0165762118995 0.00662721414119
      vertex 0.00716061890125 0.0169310458004 0.00602830806747
      vertex 0.00614438066259 0.0176619719714 0.00608958909288
    endloop
  endfacet
  facet normal 0.324599385262 0.149836957455 -0.933907985687
    outer loop
      vertex 0.00614438066259 0.0176619719714 0.00608958909288
      vertex 0.00755131989717 0.0173561330885 0.00494790636003
      vertex 0.00504322955385 0.0183064173907 0.00445835432038
    endloop
  endfacet
  facet normal 0.133612304926 0.28481271863 -0.949225723743
    outer loop
      vertex 0.00504322955385 0.0183064173907 0.00445835432038
      vertex 0.00251198443584 0.0177544038743 0.007485574577
      vertex 0.00614438066259 0.0176619719714 0.00608958909288
    endloop
  endfacet
  facet normal 0.143093749881 0.292084544897 -0.945627212524
    outer loop
      vertex 0.00190138828475 0.01879619807 0.00441188784316
      vertex 0.00251198443584 0.0177544038743 0.007485574577
      vertex 0.00504322955385 0.0183064173907 0.00445835432038
    endloop
  endfacet
  facet normal 0.145600289106 0.248655676842 -0.957585990429
    outer loop
      vertex 0.00504322955385 0.0183064173907 0.00445835432038
      vertex 0.00409536762163 0.0191494114697 0.00176696351264
      vertex 0.00190138828475 0.01879619807 0.00441188784316
    endloop
  endfacet
  facet normal 0.00802693609148 0.138903021812 -0.990273475647
    outer loop
      vertex 0.00190138828475 0.01879619807 0.00441188784316
      vertex 0.00409536762163 0.0191494114697 0.00176696351264
      vertex 0.000194177540834 0.0196788590401 -0.00178216362838
    endloop
  endfacet
  facet normal 0.081334464252 0.0590194314718 -0.994937896729
    outer loop
      vertex 0.000194177540834 0.0196788590401 -0.00178216362838
      vertex 0.00409536762163 0.0191494114697 0.00176696351264
      vertex 0.00392014440149 0.019470281899 -0.00340075301938
    endloop
  endfacet
  facet normal 0.0508497580886 -0.0116327526048 -0.998638570309
    outer loop
      vertex 0.00149619346485 0.0195600874722 -0.00628697406501
      vertex 0.000194177540834 0.0196788590401 -0.00178216362838
      vertex 0.00392014440149 0.019470281899 -0.00340075301938
    endloop
  endfacet
  facet normal 0.0197105184197 -0.0206580068916 -0.99959230423
    outer loop
      vertex 0.000194177540834 0.0196788590401 -0.00178216362838
      vertex 0.00149619346485 0.0195600874722 -0.00628697406501
      vertex -0.00309869158082 0.0196299739182 -0.00728943105787
    endloop
  endfacet
  facet normal 0.1698923558 0.0553318113089 -0.983907997608
    outer loop
      vertex 0.00392014440149 0.019470281899 -0.00340075301938
      vertex 0.00409536762163 0.0191494114697 0.00176696351264
      vertex 0.00696421274915 0.0187824815512 -0.000516906089615
    endloop
  endfacet
  facet normal 0.225291460752 0.127818360925 -0.965870678425
    outer loop
      vertex 0.00740131502971 0.0184589046985 0.00115779659245
      vertex 0.00696421274915 0.0187824815512 -0.000516906089615
      vertex 0.00409536762163 0.0191494114697 0.00176696351264
    endloop
  endfacet
  facet normal 0.237481817603 0.215034589171 -0.947292208672
    outer loop
      vertex 0.00409536762163 0.0191494114697 0.00176696351264
      vertex 0.00706008588895 0.0181642379612 0.00283274473622
      vertex 0.00740131502971 0.0184589046985 0.00115779659245
    endloop
  endfacet
  facet normal 0.394944697618 0.23663122952 -0.887707352638
    outer loop
      vertex 0.00706008588895 0.0181642379612 0.00283274473622
      vertex 0.00804804917425 0.0179997701198 0.00180079508573
      vertex 0.00740131502971 0.0184589046985 0.00115779659245
    endloop
  endfacet
  facet normal 0.436990380287 0.18847873807 -0.879497110844
    outer loop
      vertex 0.00804804917425 0.0179997701198 0.00180079508573
      vertex 0.00807276926935 0.0182641018182 0.000510029203724
      vertex 0.00740131502971 0.0184589046985 0.00115779659245
    endloop
  endfacet
  facet normal 0.354402899742 0.0873825475574 -0.931001007557
    outer loop
      vertex 0.00807276926935 0.0182641018182 0.000510029203724
      vertex 0.00696421274915 0.0187824815512 -0.000516906089615
      vertex 0.00740131502971 0.0184589046985 0.00115779659245
    endloop
  endfacet
  facet normal 0.45867061615 0.186697646976 -0.868772268295
    outer loop
      vertex 0.00807276926935 0.0182641018182 0.000510029203724
      vertex 0.00804804917425 0.0179997701198 0.00180079508573
      vertex 0.00894545670599 0.0176786221564 0.00109050166793
    endloop
  endfacet
  facet normal 0.47067335248 0.166345372796 -0.866484761238
    outer loop
      vertex 0.00894545670599 0.0176786221564 0.00109050166793
      vertex 0.00891995523125 0.0179186221212 -8.74921970535e-05
      vertex 0.00807276926935 0.0182641018182 0.000510029203724
    endloop
  endfacet
  facet normal 0.549320459366 0.155383586884 -0.821037769318
    outer loop
      vertex 0.00894545670599 0.0176786221564 0.00109050166793
      vertex 0.00937828514725 0.017484402284 0.000586588634178
      vertex 0.00891995523125 0.0179186221212 -8.74921970535e-05
    endloop
  endfacet
  facet normal 0.558789849281 0.166866347194 -0.81234818697
    outer loop
      vertex 0.00964730791748 0.0172344315797 0.000902630155906
      vertex 0.00937828514725 0.017484402284 0.000586588634178
      vertex 0.00894545670599 0.0176786221564 0.00109050166793
    endloop
  endfacet
  facet normal 0.56066429615 0.18774984777 -0.806477248669
    outer loop
      vertex 0.00964730791748 0.0172344315797 0.000902630155906
      vertex 0.00894545670599 0.0176786221564 0.00109050166793
      vertex 0.00902707874775 0.017499152571 0.00161767192185
    endloop
  endfacet
  facet normal 0.608479738235 0.248818680644 -0.753552675247
    outer loop
      vertex 0.00902707874775 0.017499152571 0.00161767192185
      vertex 0.00997904036194 0.0168290622532 0.00131905439775
      vertex 0.00964730791748 0.0172344315797 0.000902630155906
    endloop
  endfacet
  facet normal 0.643831193447 0.204790249467 -0.737253248692
    outer loop
      vertex 0.00964730791748 0.0172344315797 0.000902630155906
      vertex 0.00997904036194 0.0168290622532 0.00131905439775
      vertex 0.0102705219761 0.0167505182326 0.000685443286784
    endloop
  endfacet
  facet normal 0.644511640072 0.21374706924 -0.734109640121
    outer loop
      vertex 0.00984618719667 0.0171882826835 0.000461447809357
      vertex 0.00964730791748 0.0172344315797 0.000902630155906
      vertex 0.0102705219761 0.0167505182326 0.000685443286784
    endloop
  endfacet
  facet normal 0.618594110012 0.270104765892 -0.737824320793
    outer loop
      vertex 0.0102802431211 0.0168922506273 0.000276018632576
      vertex 0.00984618719667 0.0171882826835 0.000461447809357
      vertex 0.0102705219761 0.0167505182326 0.000685443286784
    endloop
  endfacet
  facet normal 0.684608757496 0.252910792828 -0.683627784252
    outer loop
      vertex 0.0102802431211 0.0168922506273 0.000276018632576
      vertex 0.0102705219761 0.0167505182326 0.000685443286784
      vertex 0.0104996338487 0.0165693107992 0.000555062957574
    endloop
  endfacet
  facet normal 0.710096001625 0.216931670904 -0.669853925705
    outer loop
      vertex 0.0102802431211 0.0168922506273 0.000276018632576
      vertex 0.0104996338487 0.0165693107992 0.000555062957574
      vertex 0.0106033151969 0.0165372472256 0.000314687233185
    endloop
  endfacet
  facet normal 0.716940462589 0.183785960078 -0.67247235775
    outer loop
      vertex 0.0104444315657 0.0168157108128 -8.44153546495e-05
      vertex 0.0102802431211 0.0168922506273 0.000276018632576
      vertex 0.0106033151969 0.0165372472256 0.000314687233185
    endloop
  endfacet
  facet normal 0.684720754623 0.213589996099 -0.696804702282
    outer loop
      vertex 0.0109072336927 0.0164538957179 -0.000387685548048
      vertex 0.0104444315657 0.0168157108128 -8.44153546495e-05
      vertex 0.0106033151969 0.0165372472256 0.000314687233185
    endloop
  endfacet
  facet normal -0.0984396338463 -0.159168958664 -0.982331335545
    outer loop
      vertex 0.0111020328477 0.0166026111692 0.000409653177485
      vertex 0.0109072336927 0.0164538957179 -0.000387685548048
      vertex 0.0106033151969 0.0165372472256 0.000314687233185
    endloop
  endfacet
  facet normal -0.0967909693718 -0.16703979671 -0.981187641621
    outer loop
      vertex 0.0111020328477 0.0166026111692 0.000409653177485
      vertex 0.0106033151969 0.0165372472256 0.000314687233185
      vertex 0.0106775620952 0.0166016593575 0.000650022062473
    endloop
  endfacet
  facet normal -0.0834571570158 -0.143473848701 -0.986128866673
    outer loop
      vertex 0.0106775620952 0.0166016593575 0.000650022062473
      vertex 0.0110180173069 0.016687694937 0.00104332575575
      vertex 0.0111020328477 0.0166026111692 0.000409653177485
    endloop
  endfacet
  facet normal -0.103971682489 -0.145884171128 -0.983823001385
    outer loop
      vertex 0.0111020328477 0.0166026111692 0.000409653177485
      vertex 0.0110180173069 0.016687694937 0.00104332575575
      vertex 0.0117983818054 0.016747219488 0.000888583075721
    endloop
  endfacet
  facet normal -0.0922401025891 -0.162507727742 -0.982386350632
    outer loop
      vertex 0.0117983818054 0.016747219488 0.000888583075721
      vertex 0.0114708682522 0.0165557395667 -8.30509015941e-05
      vertex 0.0111020328477 0.0166026111692 0.000409653177485
    endloop
  endfacet
  facet normal -0.090448372066 -0.161202743649 -0.982767939568
    outer loop
      vertex 0.0111020328477 0.0166026111692 0.000409653177485
      vertex 0.0114708682522 0.0165557395667 -8.30509015941e-05
      vertex 0.0109072336927 0.0164538957179 -0.000387685548048
    endloop
  endfacet
  facet normal -0.0962022989988 -0.150919854641 -0.983853816986
    outer loop
      vertex 0.0109072336927 0.0164538957179 -0.000387685548048
      vertex 0.0114708682522 0.0165557395667 -8.30509015941e-05
      vertex 0.0111074019223 0.016402605921 -0.000849641684908
    endloop
  endfacet
  facet normal -0.0376486256719 -0.178553447127 -0.98320966959
    outer loop
      vertex 0.0114708682522 0.0165557395667 -8.30509015941e-05
      vertex 0.0123148411512 0.0164257641882 -0.000976713257842
      vertex 0.0111074019223 0.016402605921 -0.000849641684908
    endloop
  endfacet
  facet normal -0.0540004484355 -0.342151671648 -0.938091754913
    outer loop
      vertex 0.0111074019223 0.016402605921 -0.000849641684908
      vertex 0.0123148411512 0.0164257641882 -0.000976713257842
      vertex 0.0114093041047 0.0161436405033 -0.00160730897915
    endloop
  endfacet
  facet normal 0.733970463276 0.0612660609186 -0.676412463188
    outer loop
      vertex 0.0114093041047 0.0161436405033 -0.00160730897915
      vertex 0.0108700552955 0.0167260188609 -0.0015768816229
      vertex 0.0111074019223 0.016402605921 -0.000849641684908
    endloop
  endfacet
  facet normal 0.718181610107 0.242217257619 -0.652338862419
    outer loop
      vertex 0.0114093041047 0.0161436405033 -0.00160730897915
      vertex 0.0112093230709 0.0166004039347 -0.0022445153445
      vertex 0.0108700552955 0.0167260188609 -0.0015768816229
    endloop
  endfacet
  facet normal 0.598588824272 0.156362473965 -0.785647630692
    outer loop
      vertex 0.0108700552955 0.0167260188609 -0.0015768816229
      vertex 0.0112093230709 0.0166004039347 -0.0022445153445
      vertex 0.0100846281275 0.017495829612 -0.0024380357936
    endloop
  endfacet
  facet normal 0.658630132675 0.0690976977348 -0.749287545681
    outer loop
      vertex 0.0100846281275 0.017495829612 -0.0024380357936
      vertex 0.0104304691777 0.017080238089 -0.00122791586909
      vertex 0.0108700552955 0.0167260188609 -0.0015768816229
    endloop
  endfacet
  facet normal 0.577242434025 0.246804744005 -0.778382003307
    outer loop
      vertex 0.0112093230709 0.0166004039347 -0.0022445153445
      vertex 0.0114961415529 0.0167744532228 -0.00346426852047
      vertex 0.0100846281275 0.017495829612 -0.0024380357936
    endloop
  endfacet
  facet normal 0.445483535528 0.228281602263 -0.865697383881
    outer loop
      vertex 0.0112093230709 0.0166004039347 -0.0022445153445
      vertex 0.0119886919856 0.0163515172899 -0.00282159051858
      vertex 0.0114961415529 0.0167744532228 -0.00346426852047
    endloop
  endfacet
  facet normal 0.722542822361 -0.103984370828 -0.683461129665
    outer loop
      vertex 0.0119886919856 0.0163515172899 -0.00282159051858
      vertex 0.0122742485255 0.0159280523658 -0.00362070300616
      vertex 0.0114961415529 0.0167744532228 -0.00346426852047
    endloop
  endfacet
  facet normal 0.740127444267 0.187917903066 -0.645676553249
    outer loop
      vertex 0.0114961415529 0.0167744532228 -0.00346426852047
      vertex 0.0122742485255 0.0159280523658 -0.00362070300616
      vertex 0.0121345827356 0.01630984433 -0.00438243616372
    endloop
  endfacet
  facet normal 0.540375649929 -0.0492984056473 -0.839978456497
    outer loop
      vertex 0.0114961415529 0.0167744532228 -0.00346426852047
      vertex 0.0121345827356 0.01630984433 -0.00438243616372
      vertex 0.0108800297603 0.0170753765851 -0.00509034190327
    endloop
  endfacet
  facet normal 0.597625315189 -0.227801755071 -0.768732964993
    outer loop
      vertex 0.0121345827356 0.01630984433 -0.00438243616372
      vertex 0.011939807795 0.0161834470928 -0.00531995203346
      vertex 0.0108800297603 0.0170753765851 -0.00509034190327
    endloop
  endfacet
  facet normal 0.610532104969 -0.178985103965 -0.771501719952
    outer loop
      vertex 0.0108800297603 0.0170753765851 -0.00509034190327
      vertex 0.011939807795 0.0161834470928 -0.00531995203346
      vertex 0.0117331882939 0.0160471871495 -0.00661208946258
    endloop
  endfacet
  facet normal 0.938091278076 -0.18114079535 -0.295250326395
    outer loop
      vertex 0.0117331882939 0.0160471871495 -0.00661208946258
      vertex 0.011939807795 0.0161834470928 -0.00531995203346
      vertex 0.0122935557738 0.0149876857176 -0.0054369950667
    endloop
  endfacet
  facet normal 0.942591905594 -0.253714203835 -0.217139452696
    outer loop
      vertex 0.0117331882939 0.0160471871495 -0.00661208946258
      vertex 0.0122935557738 0.0149876857176 -0.0054369950667
      vertex 0.0122303366661 0.0141361691058 -0.00640062661842
    endloop
  endfacet
  facet normal 0.968096733093 -0.0387722328305 -0.247558832169
    outer loop
      vertex 0.0122303366661 0.0141361691058 -0.00640062661842
      vertex 0.0121294455603 0.0143853612244 -0.00732867978513
      vertex 0.0117331882939 0.0160471871495 -0.00661208946258
    endloop
  endfacet
  facet normal 0.992998600006 -0.115092866123 0.0265964344144
    outer loop
      vertex 0.0122303366661 0.0141361691058 -0.00640062661842
      vertex 0.0121405934915 0.0135734565556 -0.00704488018528
      vertex 0.0121294455603 0.0143853612244 -0.00732867978513
    endloop
  endfacet
  facet normal 0.982441306114 -0.17991322279 0.0493992045522
    outer loop
      vertex 0.0121294455603 0.0143853612244 -0.00732867978513
      vertex 0.0121405934915 0.0135734565556 -0.00704488018528
      vertex 0.0118780452758 0.0136258024722 -0.00849293358624
    endloop
  endfacet
  facet normal 0.983629226685 -0.177148267627 -0.03304643929
    outer loop
      vertex 0.0118780452758 0.0136258024722 -0.00849293358624
      vertex 0.0121405934915 0.0135734565556 -0.00704488018528
      vertex 0.0120422365144 0.0129327811301 -0.00771052902564
    endloop
  endfacet
  facet normal 0.983461976051 -0.178322076797 -0.0316816195846
    outer loop
      vertex 0.0120422365144 0.0129327811301 -0.00771052902564
      vertex 0.011926708743 0.0128888711333 -0.00835547875613
      vertex 0.0118780452758 0.0136258024722 -0.00849293358624
    endloop
  endfacet
  facet normal 0.846024036407 -0.116119757295 0.520345568657
    outer loop
      vertex 0.0118060912937 0.0125967198983 -0.00792510993779
      vertex 0.011926708743 0.0128888711333 -0.00835547875613
      vertex 0.0120422365144 0.0129327811301 -0.00771052902564
    endloop
  endfacet
  facet normal -0.357568085194 -0.652644276619 -0.667982459068
    outer loop
      vertex 0.0122077995911 0.012685992755 -0.00805382523686
      vertex 0.0118060912937 0.0125967198983 -0.00792510993779
      vertex 0.0120422365144 0.0129327811301 -0.00771052902564
    endloop
  endfacet
  facet normal -0.150437951088 -0.623869717121 -0.766912639141
    outer loop
      vertex 0.0122077995911 0.012685992755 -0.00805382523686
      vertex 0.0120422365144 0.0129327811301 -0.00771052902564
      vertex 0.0126856239513 0.013128593564 -0.0076249637641
    endloop
  endfacet
  facet normal -0.0434210672975 -0.69365477562 -0.718997716904
    outer loop
      vertex 0.0126856239513 0.013128593564 -0.0076249637641
      vertex 0.0136431669816 0.0127047915012 -0.00812419038266
      vertex 0.0122077995911 0.012685992755 -0.00805382523686
    endloop
  endfacet
  facet normal -0.035573143512 -0.493483483791 -0.869027376175
    outer loop
      vertex 0.0128068253398 0.012362469919 -0.00866673048586
      vertex 0.0122077995911 0.012685992755 -0.00805382523686
      vertex 0.0136431669816 0.0127047915012 -0.00812419038266
    endloop
  endfacet
  facet normal 0.269578576088 -0.775649368763 -0.570697307587
    outer loop
      vertex 0.0136431669816 0.0127047915012 -0.00812419038266
      vertex 0.0136734480038 0.0122660752386 -0.00843645911664
      vertex 0.0128068253398 0.012362469919 -0.00866673048586
    endloop
  endfacet
  facet normal 0.195419698954 -0.792568385601 -0.577621400356
    outer loop
      vertex 0.014390071854 0.0123997060582 -0.00816237460822
      vertex 0.0136734480038 0.0122660752386 -0.00843645911664
      vertex 0.0136431669816 0.0127047915012 -0.00812419038266
    endloop
  endfacet
  facet normal 0.198565870523 -0.786659300327 -0.584584236145
    outer loop
      vertex 0.0136431669816 0.0127047915012 -0.00812419038266
      vertex 0.0141393980011 0.0133577845991 -0.00751367909834
      vertex 0.014390071854 0.0123997060582 -0.00816237460822
    endloop
  endfacet
  facet normal 0.509663820267 -0.644632518291 -0.569817245007
    outer loop
      vertex 0.014390071854 0.0123997060582 -0.00816237460822
      vertex 0.0141393980011 0.0133577845991 -0.00751367909834
      vertex 0.0154607314616 0.0128440642729 -0.00692309625447
    endloop
  endfacet
  facet normal 0.506587088108 -0.573067367077 -0.644176483154
    outer loop
      vertex 0.0141393980011 0.0133577845991 -0.00751367909834
      vertex 0.0145706916228 0.0137395188212 -0.00670331669971
      vertex 0.0154607314616 0.0128440642729 -0.00692309625447
    endloop
  endfacet
  facet normal 0.532517552376 -0.530537009239 -0.659511566162
    outer loop
      vertex 0.0145706916228 0.0137395188212 -0.00670331669971
      vertex 0.0155728142709 0.0136995753273 -0.00574710778892
      vertex 0.0154607314616 0.0128440642729 -0.00692309625447
    endloop
  endfacet
  facet normal 0.457150667906 -0.551293432713 -0.697917461395
    outer loop
      vertex 0.0176037345082 0.0118784718215 -0.00636845268309
      vertex 0.0154607314616 0.0128440642729 -0.00692309625447
      vertex 0.0155728142709 0.0136995753273 -0.00574710778892
    endloop
  endfacet
  facet normal 0.550689220428 -0.379304558039 -0.743551909924
    outer loop
      vertex 0.0176037345082 0.0118784718215 -0.00636845268309
      vertex 0.0155728142709 0.0136995753273 -0.00574710778892
      vertex 0.017728028819 0.013048841618 -0.00389371649362
    endloop
  endfacet
  facet normal 0.832843720913 -0.270271331072 -0.483036965132
    outer loop
      vertex 0.0176037345082 0.0118784718215 -0.00636845268309
      vertex 0.017728028819 0.013048841618 -0.00389371649362
      vertex 0.0187195166945 0.0104542179033 -0.00547562958673
    endloop
  endfacet
  facet normal 0.730764329433 -0.422018706799 -0.536547958851
    outer loop
      vertex 0.0218616891652 0.0108980471268 0.000529609096702
      vertex 0.0187195166945 0.0104542179033 -0.00547562958673
      vertex 0.017728028819 0.013048841618 -0.00389371649362
    endloop
  endfacet
  facet normal 0.662146508694 -0.280996471643 -0.694696307182
    outer loop
      vertex 0.0180816650391 0.0142400534824 -0.000115415728942
      vertex 0.0218616891652 0.0108980471268 0.000529609096702
      vertex 0.017728028819 0.013048841618 -0.00389371649362
    endloop
  endfacet
  facet normal 0.593876838684 -0.291953057051 -0.749715745449
    outer loop
      vertex 0.0180816650391 0.0142400534824 -0.000115415728942
      vertex 0.017728028819 0.013048841618 -0.00389371649362
      vertex 0.0156963113695 0.0151744177565 -0.00256820465438
    endloop
  endfacet
  facet normal 0.521666646004 -0.190534815192 -0.831601083279
    outer loop
      vertex 0.0154149401933 0.0158633291721 -0.000331770250341
      vertex 0.0180816650391 0.0142400534824 -0.000115415728942
      vertex 0.0156963113695 0.0151744177565 -0.00256820465438
    endloop
  endfacet
  facet normal 0.494630932808 -0.198418021202 -0.846150398254
    outer loop
      vertex 0.0144552141428 0.0159139167517 -0.00250851665623
      vertex 0.0154149401933 0.0158633291721 -0.000331770250341
      vertex 0.0156963113695 0.0151744177565 -0.00256820465438
    endloop
  endfacet
  facet normal 0.477924376726 -0.29835781455 -0.826178491116
    outer loop
      vertex 0.0156963113695 0.0151744177565 -0.00256820465438
      vertex 0.0146541278809 0.0154792806134 -0.00339343282394
      vertex 0.0144552141428 0.0159139167517 -0.00250851665623
    endloop
  endfacet
  facet normal 0.320657074451 -0.358531624079 -0.876717805862
    outer loop
      vertex 0.0144552141428 0.0159139167517 -0.00250851665623
      vertex 0.0146541278809 0.0154792806134 -0.00339343282394
      vertex 0.0133442599326 0.0158186107874 -0.00373516697437
    endloop
  endfacet
  facet normal 0.158443659544 -0.218316301703 -0.962929725647
    outer loop
      vertex 0.0133442599326 0.0158186107874 -0.00373516697437
      vertex 0.0130984773859 0.0160411521792 -0.00293197482824
      vertex 0.0144552141428 0.0159139167517 -0.00250851665623
    endloop
  endfacet
  facet normal 0.17383082211 -0.272615849972 -0.946289300919
    outer loop
      vertex 0.0144552141428 0.0159139167517 -0.00250851665623
      vertex 0.0130984773859 0.0160411521792 -0.00293197482824
      vertex 0.0135889807716 0.0162733886391 -0.00181308214087
    endloop
  endfacet
  facet normal 0.303105860949 -0.111645132303 -0.946394324303
    outer loop
      vertex 0.0135889807716 0.0162733886391 -0.00181308214087
      vertex 0.0154149401933 0.0158633291721 -0.000331770250341
      vertex 0.0144552141428 0.0159139167517 -0.00250851665623
    endloop
  endfacet
  facet normal 0.367486268282 -0.201659843326 -0.907902598381
    outer loop
      vertex 0.0154149401933 0.0158633291721 -0.000331770250341
      vertex 0.0135889807716 0.0162733886391 -0.00181308214087
      vertex 0.0136441523209 0.0166035592556 -0.000226066069445
    endloop
  endfacet
  facet normal 0.379715591669 -0.0879201665521 -0.920915901661
    outer loop
      vertex 0.0136441523209 0.0166035592556 -0.000226066069445
      vertex 0.0139862755314 0.016573138535 0.000932880036999
      vertex 0.0154149401933 0.0158633291721 -0.000331770250341
    endloop
  endfacet
  facet normal 0.392464965582 -0.0713182091713 -0.916997790337
    outer loop
      vertex 0.0154149401933 0.0158633291721 -0.000331770250341
      vertex 0.0139862755314 0.016573138535 0.000932880036999
      vertex 0.0158851947635 0.0158448964357 0.00201903260313
    endloop
  endfacet
  facet normal 0.523245811462 -0.0980322733521 -0.846524357796
    outer loop
      vertex 0.0154149401933 0.0158633291721 -0.000331770250341
      vertex 0.0158851947635 0.0158448964357 0.00201903260313
      vertex 0.0180816650391 0.0142400534824 -0.000115415728942
    endloop
  endfacet
  facet normal 0.579802513123 -0.0158314481378 -0.814603209496
    outer loop
      vertex 0.0158851947635 0.0158448964357 0.00201903260313
      vertex 0.0183714982122 0.0140992421657 0.00325387646444
      vertex 0.0180816650391 0.0142400534824 -0.000115415728942
    endloop
  endfacet
  facet normal 0.664626896381 -0.0259650666267 -0.746724128723
    outer loop
      vertex 0.0218616891652 0.0108980471268 0.000529609096702
      vertex 0.0180816650391 0.0142400534824 -0.000115415728942
      vertex 0.0183714982122 0.0140992421657 0.00325387646444
    endloop
  endfacet
  facet normal 0.690065920353 0.0345986448228 -0.722919046879
    outer loop
      vertex 0.0219793375582 0.010483157821 0.00685197021812
      vertex 0.0218616891652 0.0108980471268 0.000529609096702
      vertex 0.0183714982122 0.0140992421657 0.00325387646444
    endloop
  endfacet
  facet normal 0.434169560671 0.383739262819 -0.815009772778
    outer loop
      vertex 0.0219793375582 0.010483157821 0.00685197021812
      vertex 0.0183714982122 0.0140992421657 0.00325387646444
      vertex 0.0178787019104 0.0127187594771 0.00674339057878
    endloop
  endfacet
  facet normal 0.364463925362 0.615923762321 -0.698429644108
    outer loop
      vertex 0.0219793375582 0.010483157821 0.00685197021812
      vertex 0.0178787019104 0.0127187594771 0.00674339057878
      vertex 0.0170285012573 0.0106349186972 0.0096094654873
    endloop
  endfacet
  facet normal 0.31003883481 0.512579143047 -0.800711274147
    outer loop
      vertex 0.0219793375582 0.010483157821 0.00685197021812
      vertex 0.0170285012573 0.0106349186972 0.0096094654873
      vertex 0.0209604501724 0.00815526489168 0.0111047085375
    endloop
  endfacet
  facet normal 0.231549814343 0.509209573269 -0.828909099102
    outer loop
      vertex 0.0283361971378 0.00664961198345 0.0102017335594
      vertex 0.0219793375582 0.010483157821 0.00685197021812
      vertex 0.0209604501724 0.00815526489168 0.0111047085375
    endloop
  endfacet
  facet normal 0.231003373861 0.558682143688 -0.796562433243
    outer loop
      vertex 0.0226669367403 0.00526569411159 0.0145190274343
      vertex 0.0283361971378 0.00664961198345 0.0102017335594
      vertex 0.0209604501724 0.00815526489168 0.0111047085375
    endloop
  endfacet
  facet normal -0.275034606457 0.697483062744 -0.661719977856
    outer loop
      vertex 0.0209604501724 0.00815526489168 0.0111047085375
      vertex 0.018514432013 0.00488856853917 0.0132393818349
      vertex 0.0226669367403 0.00526569411159 0.0145190274343
    endloop
  endfacet
  facet normal -0.304870098829 0.887426674366 -0.345728397369
    outer loop
      vertex 0.018514432013 0.00488856853917 0.0132393818349
      vertex 0.022613286972 0.00140846183058 0.016003318131
      vertex 0.0226669367403 0.00526569411159 0.0145190274343
    endloop
  endfacet
  facet normal -0.0912211164832 0.928968608379 -0.3587423563
    outer loop
      vertex 0.0226669367403 0.00526569411159 0.0145190274343
      vertex 0.022613286972 0.00140846183058 0.016003318131
      vertex 0.0275942981243 0.00512418383732 0.0150575228035
    endloop
  endfacet
  facet normal -0.00526803079993 0.298968702555 -0.95424836874
    outer loop
      vertex 0.0275942981243 0.00512418383732 0.0150575228035
      vertex 0.0283361971378 0.00664961198345 0.0102017335594
      vertex 0.0226669367403 0.00526569411159 0.0145190274343
    endloop
  endfacet
  facet normal 0.385043591261 0.32963091135 -0.862023711205
    outer loop
      vertex 0.0275942981243 0.00512418383732 0.0150575228035
      vertex 0.0320443212986 0.00380160566419 0.0133181279525
      vertex 0.0283361971378 0.00664961198345 0.0102017335594
    endloop
  endfacet
  facet normal 0.4211833179 0.285556167364 -0.860849738121
    outer loop
      vertex 0.0332952439785 0.00457688979805 0.00913586374372
      vertex 0.0283361971378 0.00664961198345 0.0102017335594
      vertex 0.0320443212986 0.00380160566419 0.0133181279525
    endloop
  endfacet
  facet normal 0.71506434679 0.328286468983 -0.617179870605
    outer loop
      vertex 0.0332952439785 0.00457688979805 0.00913586374372
      vertex 0.0320443212986 0.00380160566419 0.0133181279525
      vertex 0.0340537205338 0.00240838434547 0.0115605723113
    endloop
  endfacet
  facet normal 0.762185573578 0.28250053525 -0.582465946674
    outer loop
      vertex 0.0332952439785 0.00457688979805 0.00913586374372
      vertex 0.0340537205338 0.00240838434547 0.0115605723113
      vertex 0.0361393168569 0.000816530839074 0.00921575631946
    endloop
  endfacet
  facet normal 0.700244426727 0.467488497496 -0.53954821825
    outer loop
      vertex 0.0332952439785 0.00457688979805 0.00913586374372
      vertex 0.0361393168569 0.000816530839074 0.00921575631946
      vertex 0.0376637428999 0.00235112197697 0.00516120484099
    endloop
  endfacet
  facet normal 0.940608859062 0.282241761684 0.188665255904
    outer loop
      vertex 0.0376637428999 0.00235112197697 0.00516120484099
      vertex 0.0361393168569 0.000816530839074 0.00921575631946
      vertex 0.0369710847735 -0.000579650688451 0.00551049783826
    endloop
  endfacet
  facet normal 0.898739933968 0.406682282686 0.163938999176
    outer loop
      vertex 0.0390821099281 -0.000359649624443 0.000933964794967
      vertex 0.0376637428999 0.00235112197697 0.00516120484099
      vertex 0.0369710847735 -0.000579650688451 0.00551049783826
    endloop
  endfacet
  facet normal 0.715879321098 0.299903899431 0.630535006523
    outer loop
      vertex 0.0369710847735 -0.000579650688451 0.00551049783826
      vertex 0.0362855792046 -0.00365486647934 0.000681308971252
      vertex 0.0390821099281 -0.000359649624443 0.000933964794967
    endloop
  endfacet
  facet normal 0.723739266396 -0.363930821419 0.586306929588
    outer loop
      vertex 0.0362855792046 -0.00365486647934 0.000681308971252
      vertex 0.0371271148324 -0.000148922626977 -0.0032933705952
      vertex 0.0390821099281 -0.000359649624443 0.000933964794967
    endloop
  endfacet
  facet normal 0.838117301464 -0.36750549078 -0.40311178565
    outer loop
      vertex 0.0390821099281 -0.000359649624443 0.000933964794967
      vertex 0.0371271148324 -0.000148922626977 -0.0032933705952
      vertex 0.0356786772609 0.00346674327739 -0.00263063516468
    endloop
  endfacet
  facet normal 0.793582856655 -0.116672843695 -0.597171366215
    outer loop
      vertex 0.0390821099281 -0.000359649624443 0.000933964794967
      vertex 0.0356786772609 0.00346674327739 -0.00263063516468
      vertex 0.0376637428999 0.00235112197697 0.00516120484099
    endloop
  endfacet
  facet normal 0.761068642139 -0.330960422754 0.557888627052
    outer loop
      vertex 0.0371271148324 -0.000148922626977 -0.0032933705952
      vertex 0.0362855792046 -0.00365486647934 0.000681308971252
      vertex 0.0342766791582 -0.00380766089074 -0.0036807525903
    endloop
  endfacet
  facet normal 0.155504599214 -0.0370384119451 0.987140536308
    outer loop
      vertex 0.0342766791582 -0.00380766089074 -0.0036807525903
      vertex 0.0362855792046 -0.00365486647934 0.000681308971252
      vertex 0.0320610851049 -0.00440576579422 0.00295772193931
    endloop
  endfacet
  facet normal 0.0797774493694 -0.0630042254925 0.994819581509
    outer loop
      vertex 0.0320610851049 -0.00440576579422 0.00295772193931
      vertex 0.0308624207973 -0.00408241152763 -0.00366572989151
      vertex 0.0342766791582 -0.00380766089074 -0.0036807525903
    endloop
  endfacet
  facet normal 0.275696009398 0.201602965593 0.93986594677
    outer loop
      vertex 0.0362855792046 -0.00365486647934 0.000681308971252
      vertex 0.0342849567533 -0.00289843697101 0.00694364821538
      vertex 0.0320610851049 -0.00440576579422 0.00295772193931
    endloop
  endfacet
  facet normal 0.333643108606 0.16485093534 0.928173720837
    outer loop
      vertex 0.0316855162382 -0.00371735240333 0.00759386783466
      vertex 0.0320610851049 -0.00440576579422 0.00295772193931
      vertex 0.0342849567533 -0.00289843697101 0.00694364821538
    endloop
  endfacet
  facet normal 0.308647662401 0.0368533432484 0.950462222099
    outer loop
      vertex 0.0330363363028 -0.00321033853106 0.00935681629926
      vertex 0.0316855162382 -0.00371735240333 0.00759386783466
      vertex 0.0342849567533 -0.00289843697101 0.00694364821538
    endloop
  endfacet
  facet normal 0.371099859476 0.0723588988185 0.92576944828
    outer loop
      vertex 0.0330363363028 -0.00321033853106 0.00935681629926
      vertex 0.0342849567533 -0.00289843697101 0.00694364821538
      vertex 0.0346031114459 -0.00257952441461 0.00939217675477
    endloop
  endfacet
  facet normal 0.370464354753 0.0853352919221 0.924918413162
    outer loop
      vertex 0.034287661314 -0.00263178744353 0.0101951640099
      vertex 0.0330363363028 -0.00321033853106 0.00935681629926
      vertex 0.0346031114459 -0.00257952441461 0.00939217675477
    endloop
  endfacet
  facet normal -0.58606928587 -0.178796693683 -0.790287613869
    outer loop
      vertex 0.0346031114459 -0.00257952441461 0.00939217675477
      vertex 0.033607468009 -0.00322964019142 0.00978220906109
      vertex 0.034287661314 -0.00263178744353 0.0101951640099
    endloop
  endfacet
  facet normal -0.693052172661 0.110146850348 -0.712422907352
    outer loop
      vertex 0.034287661314 -0.00263178744353 0.0101951640099
      vertex 0.033607468009 -0.00322964019142 0.00978220906109
      vertex 0.0340826809406 -0.00290938629769 0.010700895451
    endloop
  endfacet
  facet normal -0.584589123726 0.195303708315 -0.787471950054
    outer loop
      vertex 0.0340826809406 -0.00290938629769 0.010700895451
      vertex 0.0346376076341 -0.00244561303407 0.0104919662699
      vertex 0.034287661314 -0.00263178744353 0.0101951640099
    endloop
  endfacet
  facet normal 0.372283875942 0.136872202158 0.917970955372
    outer loop
      vertex 0.034287661314 -0.00263178744353 0.0101951640099
      vertex 0.0346376076341 -0.00244561303407 0.0104919662699
      vertex 0.0339870750904 -0.00262446864508 0.0110618239269
    endloop
  endfacet
  facet normal 0.365863412619 0.134669885039 0.920873463154
    outer loop
      vertex 0.0328571163118 -0.00315313157625 0.0105166295543
      vertex 0.034287661314 -0.00263178744353 0.0101951640099
      vertex 0.0339870750904 -0.00262446864508 0.0110618239269
    endloop
  endfacet
  facet normal 0.342142015696 0.184335097671 0.921389937401
    outer loop
      vertex 0.0328571163118 -0.00315313157625 0.0105166295543
      vertex 0.0339870750904 -0.00262446864508 0.0110618239269
      vertex 0.0332283452153 -0.00262368656695 0.0124740060419
    endloop
  endfacet
  facet normal 0.400923341513 0.167578160763 0.900654196739
    outer loop
      vertex 0.0328571163118 -0.00315313157625 0.0105166295543
      vertex 0.0332283452153 -0.00262368656695 0.0124740060419
      vertex 0.0321160331368 -0.00333760213107 0.0112982019782
    endloop
  endfacet
  facet normal 0.306042701006 0.0660305321217 0.949725151062
    outer loop
      vertex 0.0313277840614 -0.0037074086722 0.00963265448809
      vertex 0.0328571163118 -0.00315313157625 0.0105166295543
      vertex 0.0321160331368 -0.00333760213107 0.0112982019782
    endloop
  endfacet
  facet normal 0.229106143117 0.106403827667 0.967568397522
    outer loop
      vertex 0.0321160331368 -0.00333760213107 0.0112982019782
      vertex 0.0298148989677 -0.00379028636962 0.0121365254745
      vertex 0.0313277840614 -0.0037074086722 0.00963265448809
    endloop
  endfacet
  facet normal 0.146709248424 0.0559551939368 0.987595796585
    outer loop
      vertex 0.0298148989677 -0.00379028636962 0.0121365254745
      vertex 0.0295885503292 -0.00397836044431 0.00941052846611
      vertex 0.0313277840614 -0.0037074086722 0.00963265448809
    endloop
  endfacet
  facet normal 0.149973288178 0.0311346184462 0.988199710846
    outer loop
      vertex 0.0313277840614 -0.0037074086722 0.00963265448809
      vertex 0.0295885503292 -0.00397836044431 0.00941052846611
      vertex 0.0316855162382 -0.00371735240333 0.00759386783466
    endloop
  endfacet
  facet normal 0.287107765675 0.0550411865115 0.956315636635
    outer loop
      vertex 0.0316855162382 -0.00371735240333 0.00759386783466
      vertex 0.0330363363028 -0.00321033853106 0.00935681629926
      vertex 0.0313277840614 -0.0037074086722 0.00963265448809
    endloop
  endfacet
  facet normal 0.291835904121 0.0920533537865 0.952028334141
    outer loop
      vertex 0.0330363363028 -0.00321033853106 0.00935681629926
      vertex 0.0328571163118 -0.00315313157625 0.0105166295543
      vertex 0.0313277840614 -0.0037074086722 0.00963265448809
    endloop
  endfacet
  facet normal 0.360689461231 0.101465716958 0.92715036869
    outer loop
      vertex 0.034287661314 -0.00263178744353 0.0101951640099
      vertex 0.0328571163118 -0.00315313157625 0.0105166295543
      vertex 0.0330363363028 -0.00321033853106 0.00935681629926
    endloop
  endfacet
  facet normal 0.0358841568232 0.065819054842 0.997186124325
    outer loop
      vertex 0.0253127720207 -0.00399931054562 0.0114242564887
      vertex 0.0295885503292 -0.00397836044431 0.00941052846611
      vertex 0.0298148989677 -0.00379028636962 0.0121365254745
    endloop
  endfacet
  facet normal -0.0122953932732 0.35233694315 0.935792446136
    outer loop
      vertex 0.0247026514262 -0.00253114453517 0.0153023535386
      vertex 0.0253127720207 -0.00399931054562 0.0114242564887
      vertex 0.0298148989677 -0.00379028636962 0.0121365254745
    endloop
  endfacet
  facet normal 0.0126770408824 0.387149393559 0.921929836273
    outer loop
      vertex 0.0299913734198 -0.00259058526717 0.014987628907
      vertex 0.0247026514262 -0.00253114453517 0.0153023535386
      vertex 0.0298148989677 -0.00379028636962 0.0121365254745
    endloop
  endfacet
  facet normal 0.12719771266 0.377997845411 0.917026937008
    outer loop
      vertex 0.0323241055012 -0.00311137153767 0.0129392230883
      vertex 0.0299913734198 -0.00259058526717 0.014987628907
      vertex 0.0298148989677 -0.00379028636962 0.0121365254745
    endloop
  endfacet
  facet normal 0.228472337127 0.10446935147 0.967929005623
    outer loop
      vertex 0.0323241055012 -0.00311137153767 0.0129392230883
      vertex 0.0298148989677 -0.00379028636962 0.0121365254745
      vertex 0.0321160331368 -0.00333760213107 0.0112982019782
    endloop
  endfacet
  facet normal 0.496298074722 0.0565016008914 0.866311609745
    outer loop
      vertex 0.0321160331368 -0.00333760213107 0.0112982019782
      vertex 0.0332283452153 -0.00262368656695 0.0124740060419
      vertex 0.0323241055012 -0.00311137153767 0.0129392230883
    endloop
  endfacet
  facet normal 0.597546160221 0.564728200436 0.569228172302
    outer loop
      vertex 0.0323241055012 -0.00311137153767 0.0129392230883
      vertex 0.0332283452153 -0.00262368656695 0.0124740060419
      vertex 0.0329310595989 -0.00150541111361 0.0139157548547
    endloop
  endfacet
  facet normal 0.459470570087 0.671152234077 0.581757187843
    outer loop
      vertex 0.0329310595989 -0.00150541111361 0.0139157548547
      vertex 0.0299913734198 -0.00259058526717 0.014987628907
      vertex 0.0323241055012 -0.00311137153767 0.0129392230883
    endloop
  endfacet
  facet normal 0.421713173389 0.857132434845 0.295773535967
    outer loop
      vertex 0.031141102314 0.000996503513306 0.0156597644091
      vertex 0.0299913734198 -0.00259058526717 0.014987628907
      vertex 0.0329310595989 -0.00150541111361 0.0139157548547
    endloop
  endfacet
  facet normal 0.529168844223 0.82538664341 0.19676707685
    outer loop
      vertex 0.034377887845 0.0002073374053 0.0133964782581
      vertex 0.031141102314 0.000996503513306 0.0156597644091
      vertex 0.0329310595989 -0.00150541111361 0.0139157548547
    endloop
  endfacet
  facet normal 0.687068402767 0.609442532063 0.395621985197
    outer loop
      vertex 0.0341541655362 -0.00180773192551 0.0123406033963
      vertex 0.034377887845 0.0002073374053 0.0133964782581
      vertex 0.0329310595989 -0.00150541111361 0.0139157548547
    endloop
  endfacet
  facet normal 0.588851869106 0.56766885519 0.575330793858
    outer loop
      vertex 0.0329310595989 -0.00150541111361 0.0139157548547
      vertex 0.0332283452153 -0.00262368656695 0.0124740060419
      vertex 0.0341541655362 -0.00180773192551 0.0123406033963
    endloop
  endfacet
  facet normal 0.647537589073 0.348281890154 0.677786707878
    outer loop
      vertex 0.0339870750904 -0.00262446864508 0.0110618239269
      vertex 0.0341541655362 -0.00180773192551 0.0123406033963
      vertex 0.0332283452153 -0.00262368656695 0.0124740060419
    endloop
  endfacet
  facet normal 0.497107803822 0.419982910156 0.75927478075
    outer loop
      vertex 0.0348285064101 -0.00210876693018 0.0109981959686
      vertex 0.0341541655362 -0.00180773192551 0.0123406033963
      vertex 0.0339870750904 -0.00262446864508 0.0110618239269
    endloop
  endfacet
  facet normal 0.510718226433 0.334429979324 0.792037546635
    outer loop
      vertex 0.0339870750904 -0.00262446864508 0.0110618239269
      vertex 0.0346376076341 -0.00244561303407 0.0104919662699
      vertex 0.0348285064101 -0.00210876693018 0.0109981959686
    endloop
  endfacet
  facet normal 0.733979046345 0.162079513073 0.659549057484
    outer loop
      vertex 0.0348285064101 -0.00210876693018 0.0109981959686
      vertex 0.0346376076341 -0.00244561303407 0.0104919662699
      vertex 0.035005658865 -0.00213072332554 0.0101066213101
    endloop
  endfacet
  facet normal 0.923128962517 0.191628873348 0.333333611488
    outer loop
      vertex 0.035005658865 -0.00213072332554 0.0101066213101
      vertex 0.0354892611504 -0.000435292779002 0.0107261305675
      vertex 0.0348285064101 -0.00210876693018 0.0109981959686
    endloop
  endfacet
  facet normal 0.840274810791 0.479036539793 0.253894209862
    outer loop
      vertex 0.0354892611504 -0.000435292779002 0.0107261305675
      vertex 0.0341541655362 -0.00180773192551 0.0123406033963
      vertex 0.0348285064101 -0.00210876693018 0.0109981959686
    endloop
  endfacet
  facet normal 0.845551013947 0.42854142189 0.318426907063
    outer loop
      vertex 0.0354892611504 -0.000435292779002 0.0107261305675
      vertex 0.034377887845 0.0002073374053 0.0133964782581
      vertex 0.0341541655362 -0.00180773192551 0.0123406033963
    endloop
  endfacet
  facet normal 0.887319743633 0.281366109848 -0.365372180939
    outer loop
      vertex 0.0340537205338 0.00240838434547 0.0115605723113
      vertex 0.034377887845 0.0002073374053 0.0133964782581
      vertex 0.0354892611504 -0.000435292779002 0.0107261305675
    endloop
  endfacet
  facet normal 0.800936162472 0.546837389469 -0.243864908814
    outer loop
      vertex 0.0361393168569 0.000816530839074 0.00921575631946
      vertex 0.0340537205338 0.00240838434547 0.0115605723113
      vertex 0.0354892611504 -0.000435292779002 0.0107261305675
    endloop
  endfacet
  facet normal 0.946188867092 0.190279901028 0.261763721704
    outer loop
      vertex 0.0354892611504 -0.000435292779002 0.0107261305675
      vertex 0.035526804626 -0.00183186575305 0.00861821044236
      vertex 0.0361393168569 0.000816530839074 0.00921575631946
    endloop
  endfacet
  facet normal 0.908738553524 0.309504240751 0.280002355576
    outer loop
      vertex 0.0361393168569 0.000816530839074 0.00921575631946
      vertex 0.035526804626 -0.00183186575305 0.00861821044236
      vertex 0.0369710847735 -0.000579650688451 0.00551049783826
    endloop
  endfacet
  facet normal 0.65290927887 -0.00176530040335 0.757434010506
    outer loop
      vertex 0.0369710847735 -0.000579650688451 0.00551049783826
      vertex 0.035526804626 -0.00183186575305 0.00861821044236
      vertex 0.0342849567533 -0.00289843697101 0.00694364821538
    endloop
  endfacet
  facet normal 0.710247218609 0.303617119789 0.635110616684
    outer loop
      vertex 0.0369710847735 -0.000579650688451 0.00551049783826
      vertex 0.0342849567533 -0.00289843697101 0.00694364821538
      vertex 0.0362855792046 -0.00365486647934 0.000681308971252
    endloop
  endfacet
  facet normal 0.637828588486 0.0174102839082 0.769981503487
    outer loop
      vertex 0.0342849567533 -0.00289843697101 0.00694364821538
      vertex 0.035526804626 -0.00183186575305 0.00861821044236
      vertex 0.0346031114459 -0.00257952441461 0.00939217675477
    endloop
  endfacet
  facet normal 0.669478058815 0.0862644389272 0.737805962563
    outer loop
      vertex 0.035526804626 -0.00183186575305 0.00861821044236
      vertex 0.035005658865 -0.00213072332554 0.0101066213101
      vertex 0.0346031114459 -0.00257952441461 0.00939217675477
    endloop
  endfacet
  facet normal -0.527432203293 -0.218561857939 -0.82100301981
    outer loop
      vertex 0.0346031114459 -0.00257952441461 0.00939217675477
      vertex 0.035005658865 -0.00213072332554 0.0101066213101
      vertex 0.0355311334133 -0.00209030322731 0.00899038277566
    endloop
  endfacet
  facet normal -0.530223548412 -0.231557324529 -0.815625011921
    outer loop
      vertex 0.0351656228304 -0.00264432956465 0.0078758597374
      vertex 0.0346031114459 -0.00257952441461 0.00939217675477
      vertex 0.0355311334133 -0.00209030322731 0.00899038277566
    endloop
  endfacet
  facet normal -0.530296981335 -0.231515437365 -0.815589189529
    outer loop
      vertex 0.0355311334133 -0.00209030322731 0.00899038277566
      vertex 0.0364588722587 -0.00160113838501 0.00858859531581
      vertex 0.0351656228304 -0.00264432956465 0.0078758597374
    endloop
  endfacet
  facet normal -0.404274255037 -0.440039724112 -0.80182749033
    outer loop
      vertex 0.0351656228304 -0.00264432956465 0.0078758597374
      vertex 0.0364588722587 -0.00160113838501 0.00858859531581
      vertex 0.0374920144677 -0.00226452271454 0.00643062405288
    endloop
  endfacet
  facet normal -0.342020511627 -0.318187117577 -0.884182631969
    outer loop
      vertex 0.0374920144677 -0.00226452271454 0.00643062405288
      vertex 0.0343712717295 -0.00414274726063 0.00456588715315
      vertex 0.0351656228304 -0.00264432956465 0.0078758597374
    endloop
  endfacet
  facet normal -0.527201414108 -0.2421977669 -0.814493060112
    outer loop
      vertex 0.0351656228304 -0.00264432956465 0.0078758597374
      vertex 0.0343712717295 -0.00414274726063 0.00456588715315
      vertex 0.0336827933788 -0.00353352515958 0.00811329483986
    endloop
  endfacet
  facet normal -0.527315080166 -0.23057076335 -0.817787230015
    outer loop
      vertex 0.0346031114459 -0.00257952441461 0.00939217675477
      vertex 0.0351656228304 -0.00264432956465 0.0078758597374
      vertex 0.0336827933788 -0.00353352515958 0.00811329483986
    endloop
  endfacet
  facet normal -0.584733009338 -0.170792937279 -0.793042957783
    outer loop
      vertex 0.0336827933788 -0.00353352515958 0.00811329483986
      vertex 0.033607468009 -0.00322964019142 0.00978220906109
      vertex 0.0346031114459 -0.00257952441461 0.00939217675477
    endloop
  endfacet
  facet normal -0.528519928455 -0.1751062572 -0.830665051937
    outer loop
      vertex 0.0336827933788 -0.00353352515958 0.00811329483986
      vertex 0.0322835445404 -0.00402774661779 0.00999215058982
      vertex 0.033607468009 -0.00322964019142 0.00978220906109
    endloop
  endfacet
  facet normal -0.517495393753 -0.0107204969972 -0.855618834496
    outer loop
      vertex 0.033607468009 -0.00322964019142 0.00978220906109
      vertex 0.0322835445404 -0.00402774661779 0.00999215058982
      vertex 0.0333090797067 -0.00339235085994 0.0111997360364
    endloop
  endfacet
  facet normal -0.53701633215 -0.0162303708494 -0.843415737152
    outer loop
      vertex 0.0333090797067 -0.00339235085994 0.0111997360364
      vertex 0.0340826809406 -0.00290938629769 0.010700895451
      vertex 0.033607468009 -0.00322964019142 0.00978220906109
    endloop
  endfacet
  facet normal -0.494453579187 0.0718623399734 -0.866228282452
    outer loop
      vertex 0.0333090797067 -0.00339235085994 0.0111997360364
      vertex 0.0336004197598 -0.00327681959607 0.0118117174134
      vertex 0.0340826809406 -0.00290938629769 0.010700895451
    endloop
  endfacet
  facet normal -0.506132721901 0.0647391006351 -0.860022366047
    outer loop
      vertex 0.0336004197598 -0.00327681959607 0.0118117174134
      vertex 0.0345894470811 -0.00267829559743 0.0115929171443
      vertex 0.0340826809406 -0.00290938629769 0.010700895451
    endloop
  endfacet
  facet normal -0.603549599648 0.139511927962 -0.785025000572
    outer loop
      vertex 0.0340826809406 -0.00290938629769 0.010700895451
      vertex 0.0345894470811 -0.00267829559743 0.0115929171443
      vertex 0.0346376076341 -0.00244561303407 0.0104919662699
    endloop
  endfacet
  facet normal -0.355302125216 0.178384438157 -0.917572557926
    outer loop
      vertex 0.0346376076341 -0.00244561303407 0.0104919662699
      vertex 0.0345894470811 -0.00267829559743 0.0115929171443
      vertex 0.0356136187911 -0.00220184028149 0.0111820455641
    endloop
  endfacet
  facet normal -0.423055708408 0.295799016953 -0.856461822987
    outer loop
      vertex 0.0346376076341 -0.00244561303407 0.0104919662699
      vertex 0.0356136187911 -0.00220184028149 0.0111820455641
      vertex 0.035005658865 -0.00213072332554 0.0101066213101
    endloop
  endfacet
  facet normal -0.102166622877 0.123034797609 -0.98712939024
    outer loop
      vertex 0.0356136187911 -0.00220184028149 0.0111820455641
      vertex 0.0367111116648 -0.00196200725622 0.0101691707969
      vertex 0.035005658865 -0.00213072332554 0.0101066213101
    endloop
  endfacet
  facet normal -0.0980737060308 -0.0101340208203 -0.995127558708
    outer loop
      vertex 0.0355311334133 -0.00209030322731 0.00899038277566
      vertex 0.035005658865 -0.00213072332554 0.0101066213101
      vertex 0.0367111116648 -0.00196200725622 0.0101691707969
    endloop
  endfacet
  facet normal -0.358969420195 0.261827856302 -0.895872294903
    outer loop
      vertex 0.0364588722587 -0.00160113838501 0.00858859531581
      vertex 0.0355311334133 -0.00209030322731 0.00899038277566
      vertex 0.0367111116648 -0.00196200725622 0.0101691707969
    endloop
  endfacet
  facet normal 0.19529671967 0.188573464751 -0.962444424629
    outer loop
      vertex 0.0364588722587 -0.00160113838501 0.00858859531581
      vertex 0.0367111116648 -0.00196200725622 0.0101691707969
      vertex 0.0389678254724 -0.00221010949463 0.00909826625139
    endloop
  endfacet
  facet normal 0.26425036788 -0.165570646524 -0.950135827065
    outer loop
      vertex 0.0374920144677 -0.00226452271454 0.00643062405288
      vertex 0.0364588722587 -0.00160113838501 0.00858859531581
      vertex 0.0389678254724 -0.00221010949463 0.00909826625139
    endloop
  endfacet
  facet normal 0.0487706698477 -0.0473315827549 -0.997687876225
    outer loop
      vertex 0.0402459949255 -0.00236234464683 0.00720637710765
      vertex 0.0374920144677 -0.00226452271454 0.00643062405288
      vertex 0.0389678254724 -0.00221010949463 0.00909826625139
    endloop
  endfacet
  facet normal 0.400440096855 0.198556885123 -0.894551753998
    outer loop
      vertex 0.0400570034981 -0.00288905133493 0.00996047817171
      vertex 0.0402459949255 -0.00236234464683 0.00720637710765
      vertex 0.0389678254724 -0.00221010949463 0.00909826625139
    endloop
  endfacet
  facet normal 0.400400131941 0.198611855507 -0.894557476044
    outer loop
      vertex 0.0389678254724 -0.00221010949463 0.00909826625139
      vertex 0.0394177809358 -0.00281296134926 0.0109064327553
      vertex 0.0400570034981 -0.00288905133493 0.00996047817171
    endloop
  endfacet
  facet normal 0.400294333696 0.198535174131 -0.89462184906
    outer loop
      vertex 0.0411461368203 -0.00356771494262 0.0108226593584
      vertex 0.0400570034981 -0.00288905133493 0.00996047817171
      vertex 0.0394177809358 -0.00281296134926 0.0109064327553
    endloop
  endfacet
  facet normal 0.369721204042 0.484403342009 -0.79288059473
    outer loop
      vertex 0.0390165522695 -0.00390782952309 0.0130047714338
      vertex 0.0411461368203 -0.00356771494262 0.0108226593584
      vertex 0.0394177809358 -0.00281296134926 0.0109064327553
    endloop
  endfacet
  facet normal 0.36981856823 0.484399497509 -0.792837560177
    outer loop
      vertex 0.0390165522695 -0.00390782952309 0.0130047714338
      vertex 0.0394177809358 -0.00281296134926 0.0109064327553
      vertex 0.0376893877983 -0.00205790111795 0.0109901493415
    endloop
  endfacet
  facet normal 0.240694761276 0.565678119659 -0.788716852665
    outer loop
      vertex 0.0376893877983 -0.00205790111795 0.0109901493415
      vertex 0.035894818604 -0.00280508492142 0.0127955218777
      vertex 0.0390165522695 -0.00390782952309 0.0130047714338
    endloop
  endfacet
  facet normal 0.261959403753 0.485974133015 -0.833790361881
    outer loop
      vertex 0.0359455794096 -0.00392897427082 0.0146964266896
      vertex 0.0390165522695 -0.00390782952309 0.0130047714338
      vertex 0.035894818604 -0.00280508492142 0.0127955218777
    endloop
  endfacet
  facet normal -0.0872718691826 0.508723735809 -0.856495022774
    outer loop
      vertex 0.0346128866076 -0.00326894316822 0.0133565645665
      vertex 0.0359455794096 -0.00392897427082 0.0146964266896
      vertex 0.035894818604 -0.00280508492142 0.0127955218777
    endloop
  endfacet
  facet normal -0.198729977012 0.313604921103 -0.928524851799
    outer loop
      vertex 0.0346128866076 -0.00326894316822 0.0133565645665
      vertex 0.035894818604 -0.00280508492142 0.0127955218777
      vertex 0.0345894470811 -0.00267829559743 0.0115929171443
    endloop
  endfacet
  facet normal -0.44795486331 0.289268314838 -0.845967054367
    outer loop
      vertex 0.0336004197598 -0.00327681959607 0.0118117174134
      vertex 0.0346128866076 -0.00326894316822 0.0133565645665
      vertex 0.0345894470811 -0.00267829559743 0.0115929171443
    endloop
  endfacet
  facet normal -0.325114071369 0.208370804787 -0.922432899475
    outer loop
      vertex 0.0336004197598 -0.00327681959607 0.0118117174134
      vertex 0.0327962562442 -0.0040953727439 0.014180643484
      vertex 0.0346128866076 -0.00326894316822 0.0133565645665
    endloop
  endfacet
  facet normal -0.118104070425 0.561196804047 -0.819212794304
    outer loop
      vertex 0.0346128866076 -0.00326894316822 0.0133565645665
      vertex 0.0327962562442 -0.0040953727439 0.014180643484
      vertex 0.0341914370656 -0.00515001593158 0.0160137861967
    endloop
  endfacet
  facet normal -0.152687728405 0.55476552248 -0.817876279354
    outer loop
      vertex 0.0359455794096 -0.00392897427082 0.0146964266896
      vertex 0.0346128866076 -0.00326894316822 0.0133565645665
      vertex 0.0341914370656 -0.00515001593158 0.0160137861967
    endloop
  endfacet
  facet normal 0.326881438494 0.838806211948 -0.435376435518
    outer loop
      vertex 0.0341914370656 -0.00515001593158 0.0160137861967
      vertex 0.0382580533624 -0.00739975040779 0.0155967408791
      vertex 0.0359455794096 -0.00392897427082 0.0146964266896
    endloop
  endfacet
  facet normal 0.420735806227 0.769789338112 -0.480005949736
    outer loop
      vertex 0.0382580533624 -0.00739975040779 0.0155967408791
      vertex 0.0390165522695 -0.00390782952309 0.0130047714338
      vertex 0.0359455794096 -0.00392897427082 0.0146964266896
    endloop
  endfacet
  facet normal 0.641113877296 0.676305234432 -0.362745374441
    outer loop
      vertex 0.0382580533624 -0.00739975040779 0.0155967408791
      vertex 0.0418965891004 -0.00596736744046 0.0113792568445
      vertex 0.0390165522695 -0.00390782952309 0.0130047714338
    endloop
  endfacet
  facet normal 0.639786660671 0.680161237717 -0.35784599185
    outer loop
      vertex 0.0418965891004 -0.00596736744046 0.0113792568445
      vertex 0.0411461368203 -0.00356771494262 0.0108226593584
      vertex 0.0390165522695 -0.00390782952309 0.0130047714338
    endloop
  endfacet
  facet normal 0.92881834507 0.169104903936 -0.329696804285
    outer loop
      vertex 0.0418965891004 -0.00596736744046 0.0113792568445
      vertex 0.0420401357114 -0.00466456543654 0.00805079564452
      vertex 0.0411461368203 -0.00356771494262 0.0108226593584
    endloop
  endfacet
  facet normal 0.593338012695 -0.123394876719 -0.795439302921
    outer loop
      vertex 0.0420401357114 -0.00466456543654 0.00805079564452
      vertex 0.0400570034981 -0.00288905133493 0.00996047817171
      vertex 0.0411461368203 -0.00356771494262 0.0108226593584
    endloop
  endfacet
  facet normal 0.744672238827 0.174312755466 -0.644265711308
    outer loop
      vertex 0.0420401357114 -0.00466456543654 0.00805079564452
      vertex 0.0402459949255 -0.00236234464683 0.00720637710765
      vertex 0.0400570034981 -0.00288905133493 0.00996047817171
    endloop
  endfacet
  facet normal 0.806717813015 -0.17618355155 -0.564061820507
    outer loop
      vertex 0.0402459949255 -0.00236234464683 0.00720637710765
      vertex 0.0420401357114 -0.00466456543654 0.00805079564452
      vertex 0.0421600937843 -0.0059227864258 0.00457178801298
    endloop
  endfacet
  facet normal 0.581771492958 -0.472251296043 -0.662208914757
    outer loop
      vertex 0.0421600937843 -0.0059227864258 0.00457178801298
      vertex 0.0381761193275 -0.00367190595716 0.0028201576788
      vertex 0.0402459949255 -0.00236234464683 0.00720637710765
    endloop
  endfacet
  facet normal 0.128575921059 -0.338931113482 -0.931983888149
    outer loop
      vertex 0.0402459949255 -0.00236234464683 0.00720637710765
      vertex 0.0381761193275 -0.00367190595716 0.0028201576788
      vertex 0.0374920144677 -0.00226452271454 0.00643062405288
    endloop
  endfacet
  facet normal -0.289037585258 -0.394735008478 -0.872147679329
    outer loop
      vertex 0.0374920144677 -0.00226452271454 0.00643062405288
      vertex 0.0381761193275 -0.00367190595716 0.0028201576788
      vertex 0.0343712717295 -0.00414274726063 0.00456588715315
    endloop
  endfacet
  facet normal -0.262420088053 -0.327099859715 -0.907822310925
    outer loop
      vertex 0.0350998714566 -0.00532035250217 0.000713073473889
      vertex 0.0343712717295 -0.00414274726063 0.00456588715315
      vertex 0.0381761193275 -0.00367190595716 0.0028201576788
    endloop
  endfacet
  facet normal 0.206558451056 -0.771923303604 -0.601222097874
    outer loop
      vertex 0.0350998714566 -0.00532035250217 0.000713073473889
      vertex 0.0381761193275 -0.00367190595716 0.0028201576788
      vertex 0.0406553000212 -0.00957213900983 -0.00111191009637
    endloop
  endfacet
  facet normal 0.174497589469 -0.801468670368 -0.572012722492
    outer loop
      vertex 0.0406553000212 -0.00957213900983 -0.00111191009637
      vertex 0.0368559509516 -0.0108982371166 -0.00288555608131
      vertex 0.0350998714566 -0.00532035250217 0.000713073473889
    endloop
  endfacet
  facet normal 0.0558155402541 -0.83089029789 -0.553629755974
    outer loop
      vertex 0.0368559509516 -0.0108982371166 -0.00288555608131
      vertex 0.0320342406631 -0.00932722166181 -0.00216267560609
      vertex 0.0350998714566 -0.00532035250217 0.000713073473889
    endloop
  endfacet
  facet normal -0.559766530991 -0.408116728067 -0.721181094646
    outer loop
      vertex 0.0350998714566 -0.00532035250217 0.000713073473889
      vertex 0.0320342406631 -0.00932722166181 -0.00216267560609
      vertex 0.0314517170191 -0.00688390992582 0.00295386719517
    endloop
  endfacet
  facet normal -0.53836864233 -0.337785214186 -0.772049427032
    outer loop
      vertex 0.0314517170191 -0.00688390992582 0.00295386719517
      vertex 0.0343712717295 -0.00414274726063 0.00456588715315
      vertex 0.0350998714566 -0.00532035250217 0.000713073473889
    endloop
  endfacet
  facet normal -0.536607503891 -0.340803831816 -0.771948873997
    outer loop
      vertex 0.0343712717295 -0.00414274726063 0.00456588715315
      vertex 0.0314517170191 -0.00688390992582 0.00295386719517
      vertex 0.0318161919713 -0.00491277920082 0.00684476597235
    endloop
  endfacet
  facet normal -0.46798697114 -0.23703572154 -0.851353168488
    outer loop
      vertex 0.0343712717295 -0.00414274726063 0.00456588715315
      vertex 0.0318161919713 -0.00491277920082 0.00684476597235
      vertex 0.0336827933788 -0.00353352515958 0.00811329483986
    endloop
  endfacet
  facet normal -0.513555347919 -0.160752817988 -0.842863798141
    outer loop
      vertex 0.0318161919713 -0.00491277920082 0.00684476597235
      vertex 0.0322835445404 -0.00402774661779 0.00999215058982
      vertex 0.0336827933788 -0.00353352515958 0.00811329483986
    endloop
  endfacet
  facet normal -0.457981526852 -0.1769644171 -0.871169626713
    outer loop
      vertex 0.0318161919713 -0.00491277920082 0.00684476597235
      vertex 0.0300343707204 -0.00535214040428 0.0092931818217
      vertex 0.0322835445404 -0.00402774661779 0.00999215058982
    endloop
  endfacet
  facet normal -0.488093107939 -0.0767387747765 -0.869411468506
    outer loop
      vertex 0.0322835445404 -0.00402774661779 0.00999215058982
      vertex 0.0300343707204 -0.00535214040428 0.0092931818217
      vertex 0.0301021020859 -0.00509895337746 0.0117308562621
    endloop
  endfacet
  facet normal -0.449393957853 -0.0135100642219 -0.893231511116
    outer loop
      vertex 0.0322835445404 -0.00402774661779 0.00999215058982
      vertex 0.0301021020859 -0.00509895337746 0.0117308562621
      vertex 0.0325351655483 -0.00387534289621 0.0116985868663
    endloop
  endfacet
  facet normal -0.528465926647 0.00210413848981 -0.848951876163
    outer loop
      vertex 0.0325351655483 -0.00387534289621 0.0116985868663
      vertex 0.0333090797067 -0.00339235085994 0.0111997360364
      vertex 0.0322835445404 -0.00402774661779 0.00999215058982
    endloop
  endfacet
  facet normal -0.494357228279 0.0718052014709 -0.866288006306
    outer loop
      vertex 0.0336004197598 -0.00327681959607 0.0118117174134
      vertex 0.0333090797067 -0.00339235085994 0.0111997360364
      vertex 0.0325351655483 -0.00387534289621 0.0116985868663
    endloop
  endfacet
  facet normal -0.496109724045 0.12831106782 -0.858726620674
    outer loop
      vertex 0.0325351655483 -0.00387534289621 0.0116985868663
      vertex 0.0327962562442 -0.0040953727439 0.014180643484
      vertex 0.0336004197598 -0.00327681959607 0.0118117174134
    endloop
  endfacet
  facet normal -0.444418758154 0.125380143523 -0.887001574039
    outer loop
      vertex 0.0325351655483 -0.00387534289621 0.0116985868663
      vertex 0.0301021020859 -0.00509895337746 0.0117308562621
      vertex 0.0327962562442 -0.0040953727439 0.014180643484
    endloop
  endfacet
  facet normal -0.468239635229 0.15886887908 -0.869202136993
    outer loop
      vertex 0.0307975262403 -0.00534490542486 0.015126154758
      vertex 0.0327962562442 -0.0040953727439 0.014180643484
      vertex 0.0301021020859 -0.00509895337746 0.0117308562621
    endloop
  endfacet
  facet normal -0.52605432272 0.168136179447 -0.833664834499
    outer loop
      vertex 0.0301021020859 -0.00509895337746 0.0117308562621
      vertex 0.0281024798751 -0.00718148052692 0.0158002898097
      vertex 0.0307975262403 -0.00534490542486 0.015126154758
    endloop
  endfacet
  facet normal -0.114882782102 0.866098105907 -0.486493587494
    outer loop
      vertex 0.0281024798751 -0.00718148052692 0.0158002898097
      vertex 0.033794619143 -0.00892409030348 0.0175341553986
      vertex 0.0307975262403 -0.00534490542486 0.015126154758
    endloop
  endfacet
  facet normal -0.254189819098 0.88753926754 -0.384267568588
    outer loop
      vertex 0.0341914370656 -0.00515001593158 0.0160137861967
      vertex 0.0307975262403 -0.00534490542486 0.015126154758
      vertex 0.033794619143 -0.00892409030348 0.0175341553986
    endloop
  endfacet
  facet normal 0.277079850435 0.900991618633 -0.33382755518
    outer loop
      vertex 0.0382580533624 -0.00739975040779 0.0155967408791
      vertex 0.0341914370656 -0.00515001593158 0.0160137861967
      vertex 0.033794619143 -0.00892409030348 0.0175341553986
    endloop
  endfacet
  facet normal 0.344035863876 0.923986315727 -0.166998922825
    outer loop
      vertex 0.0387290865183 -0.012594057247 0.0163601636887
      vertex 0.0382580533624 -0.00739975040779 0.0155967408791
      vertex 0.033794619143 -0.00892409030348 0.0175341553986
    endloop
  endfacet
  facet normal 0.181434184313 0.980919957161 0.0698403865099
    outer loop
      vertex 0.033794619143 -0.00892409030348 0.0175341553986
      vertex 0.0357337072492 -0.0148909445852 0.0167506635189
      vertex 0.0387290865183 -0.012594057247 0.0163601636887
    endloop
  endfacet
  facet normal 0.0916327759624 0.994557380676 -0.0495885461569
    outer loop
      vertex 0.0387070998549 -0.0170905962586 0.0165863856673
      vertex 0.0387290865183 -0.012594057247 0.0163601636887
      vertex 0.0357337072492 -0.0148909445852 0.0167506635189
    endloop
  endfacet
  facet normal -0.218664526939 0.905680418015 0.36322003603
    outer loop
      vertex 0.0357337072492 -0.0148909445852 0.0167506635189
      vertex 0.0351757407188 -0.0183624178171 0.0152237266302
      vertex 0.0387070998549 -0.0170905962586 0.0165863856673
    endloop
  endfacet
  facet normal -0.273303389549 0.931672334671 0.239357247949
    outer loop
      vertex 0.0387070998549 -0.0170905962586 0.0165863856673
      vertex 0.0351757407188 -0.0183624178171 0.0152237266302
      vertex 0.0373510345817 -0.0196354426444 0.0155347883701
    endloop
  endfacet
  facet normal -0.370129227638 0.911489009857 0.179421633482
    outer loop
      vertex 0.0373510345817 -0.0196354426444 0.0155347883701
      vertex 0.0408509448171 -0.0211400631815 0.0166598241776
      vertex 0.0387070998549 -0.0170905962586 0.0165863856673
    endloop
  endfacet
  facet normal 0.134310543537 0.986934125423 -0.0890042930841
    outer loop
      vertex 0.0387070998549 -0.0170905962586 0.0165863856673
      vertex 0.0408509448171 -0.0211400631815 0.0166598241776
      vertex 0.043066650629 -0.0153986280784 0.0158405136317
    endloop
  endfacet
  facet normal 0.149950474501 0.987481117249 -0.0489473640919
    outer loop
      vertex 0.0387290865183 -0.012594057247 0.0163601636887
      vertex 0.0387070998549 -0.0170905962586 0.0165863856673
      vertex 0.043066650629 -0.0153986280784 0.0158405136317
    endloop
  endfacet
  facet normal 0.384266853333 0.80924475193 -0.444366902113
    outer loop
      vertex 0.043066650629 -0.0153986280784 0.0158405136317
      vertex 0.0425353348255 -0.009775464423 0.0130050545558
      vertex 0.0387290865183 -0.012594057247 0.0163601636887
    endloop
  endfacet
  facet normal 0.577937722206 0.798235833645 -0.169727861881
    outer loop
      vertex 0.0387290865183 -0.012594057247 0.0163601636887
      vertex 0.0425353348255 -0.009775464423 0.0130050545558
      vertex 0.0382580533624 -0.00739975040779 0.0155967408791
    endloop
  endfacet
  facet normal 0.626206874847 0.673588097095 -0.392611831427
    outer loop
      vertex 0.0425353348255 -0.009775464423 0.0130050545558
      vertex 0.0418965891004 -0.00596736744046 0.0113792568445
      vertex 0.0382580533624 -0.00739975040779 0.0155967408791
    endloop
  endfacet
  facet normal 0.881302237511 0.362847208977 -0.302734732628
    outer loop
      vertex 0.0434030890465 -0.00741017051041 0.0089239673689
      vertex 0.0418965891004 -0.00596736744046 0.0113792568445
      vertex 0.0425353348255 -0.009775464423 0.0130050545558
    endloop
  endfacet
  facet normal 0.831010341644 0.400457143784 -0.386077582836
    outer loop
      vertex 0.0425353348255 -0.009775464423 0.0130050545558
      vertex 0.0466489195824 -0.0123190833256 0.00692101521417
      vertex 0.0434030890465 -0.00741017051041 0.0089239673689
    endloop
  endfacet
  facet normal 0.825169920921 -0.0431833080947 -0.56323158741
    outer loop
      vertex 0.0421600937843 -0.0059227864258 0.00457178801298
      vertex 0.0434030890465 -0.00741017051041 0.0089239673689
      vertex 0.0466489195824 -0.0123190833256 0.00692101521417
    endloop
  endfacet
  facet normal 0.796978652477 -0.461330622435 -0.389870613813
    outer loop
      vertex 0.0466489195824 -0.0123190833256 0.00692101521417
      vertex 0.0406553000212 -0.00957213900983 -0.00111191009637
      vertex 0.0421600937843 -0.0059227864258 0.00457178801298
    endloop
  endfacet
  facet normal 0.58118391037 -0.543027222157 -0.606091320515
    outer loop
      vertex 0.0406553000212 -0.00957213900983 -0.00111191009637
      vertex 0.0381761193275 -0.00367190595716 0.0028201576788
      vertex 0.0421600937843 -0.0059227864258 0.00457178801298
    endloop
  endfacet
  facet normal 0.788053929806 -0.441172719002 -0.429345577955
    outer loop
      vertex 0.0466489195824 -0.0123190833256 0.00692101521417
      vertex 0.0456103906035 -0.0158910341561 0.00158972782083
      vertex 0.0406553000212 -0.00957213900983 -0.00111191009637
    endloop
  endfacet
  facet normal 0.145477727056 -0.945812344551 0.290301918983
    outer loop
      vertex 0.0406553000212 -0.00957213900983 -0.00111191009637
      vertex 0.0456103906035 -0.0158910341561 0.00158972782083
      vertex 0.0386604815722 -0.01684053801 0.000812180514913
    endloop
  endfacet
  facet normal 0.493394702673 -0.7977668643 0.346597343683
    outer loop
      vertex 0.0386604815722 -0.01684053801 0.000812180514913
      vertex 0.0368559509516 -0.0108982371166 -0.00288555608131
      vertex 0.0406553000212 -0.00957213900983 -0.00111191009637
    endloop
  endfacet
  facet normal -0.219186574221 -0.797142446041 0.562602162361
    outer loop
      vertex 0.0318392962217 -0.0130262114108 -4.28101247962e-06
      vertex 0.0368559509516 -0.0108982371166 -0.00288555608131
      vertex 0.0386604815722 -0.01684053801 0.000812180514913
    endloop
  endfacet
  facet normal -0.372720837593 -0.509452879429 0.775588154793
    outer loop
      vertex 0.0386604815722 -0.01684053801 0.000812180514913
      vertex 0.031517021358 -0.0168963205069 0.00612333184108
      vertex 0.0318392962217 -0.0130262114108 -4.28101247962e-06
    endloop
  endfacet
  facet normal -0.701431155205 -0.406606286764 0.585376501083
    outer loop
      vertex 0.0279562231153 -0.0108241857961 0.00352418143302
      vertex 0.0318392962217 -0.0130262114108 -4.28101247962e-06
      vertex 0.031517021358 -0.0168963205069 0.00612333184108
    endloop
  endfacet
  facet normal -0.702882409096 -0.404293596745 0.585237562656
    outer loop
      vertex 0.0279562231153 -0.0108241857961 0.00352418143302
      vertex 0.031517021358 -0.0168963205069 0.00612333184108
      vertex 0.0266348198056 -0.0125014316291 0.00824940949678
    endloop
  endfacet
  facet normal -0.95956236124 -0.196950793266 -0.201123103499
    outer loop
      vertex 0.0276626404375 -0.0079229939729 0.00791719555855
      vertex 0.0279562231153 -0.0108241857961 0.00352418143302
      vertex 0.0266348198056 -0.0125014316291 0.00824940949678
    endloop
  endfacet
  facet normal -0.965155363083 -0.162817001343 -0.204855456948
    outer loop
      vertex 0.0269443765283 -0.0082948403433 0.0117071112618
      vertex 0.0276626404375 -0.0079229939729 0.00791719555855
      vertex 0.0266348198056 -0.0125014316291 0.00824940949678
    endloop
  endfacet
  facet normal -0.998386144638 0.0345304496586 -0.0450867004693
    outer loop
      vertex 0.0266348198056 -0.0125014316291 0.00824940949678
      vertex 0.0267588142306 -0.0132618006319 0.0128273135051
      vertex 0.0269443765283 -0.0082948403433 0.0117071112618
    endloop
  endfacet
  facet normal -0.964423298836 0.247863531113 -0.091931052506
    outer loop
      vertex 0.0281024798751 -0.00718148052692 0.0158002898097
      vertex 0.0269443765283 -0.0082948403433 0.0117071112618
      vertex 0.0267588142306 -0.0132618006319 0.0128273135051
    endloop
  endfacet
  facet normal -0.934828281403 0.353493303061 -0.0337432026863
    outer loop
      vertex 0.0267588142306 -0.0132618006319 0.0128273135051
      vertex 0.02889290452 -0.0112728197128 0.018281146884
      vertex 0.0281024798751 -0.00718148052692 0.0158002898097
    endloop
  endfacet
  facet normal -0.108644664288 0.85918712616 -0.499993801117
    outer loop
      vertex 0.033794619143 -0.00892409030348 0.0175341553986
      vertex 0.0281024798751 -0.00718148052692 0.0158002898097
      vertex 0.02889290452 -0.0112728197128 0.018281146884
    endloop
  endfacet
  facet normal 0.168605431914 0.984926462173 0.0386274531484
    outer loop
      vertex 0.02889290452 -0.0112728197128 0.018281146884
      vertex 0.0320730134845 -0.0140336491168 0.017628479749
      vertex 0.033794619143 -0.00892409030348 0.0175341553986
    endloop
  endfacet
  facet normal 0.220336660743 0.973799884319 0.0562630854547
    outer loop
      vertex 0.0320730134845 -0.0140336491168 0.017628479749
      vertex 0.0357337072492 -0.0148909445852 0.0167506635189
      vertex 0.033794619143 -0.00892409030348 0.0175341553986
    endloop
  endfacet
  facet normal 0.018211312592 0.736417174339 0.676282584667
    outer loop
      vertex 0.0320730134845 -0.0140336491168 0.017628479749
      vertex 0.0333351120353 -0.0174395088106 0.0144695257768
      vertex 0.0357337072492 -0.0148909445852 0.0167506635189
    endloop
  endfacet
  facet normal -0.482732534409 0.827601969242 0.286433696747
    outer loop
      vertex 0.0333351120353 -0.0174395088106 0.0144695257768
      vertex 0.0351757407188 -0.0183624178171 0.0152237266302
      vertex 0.0357337072492 -0.0148909445852 0.0167506635189
    endloop
  endfacet
  facet normal -0.536187231541 0.397066652775 0.744876682758
    outer loop
      vertex 0.0351298525929 -0.0191326215863 0.0137168997899
      vertex 0.0351757407188 -0.0183624178171 0.0152237266302
      vertex 0.0333351120353 -0.0174395088106 0.0144695257768
    endloop
  endfacet
  facet normal -0.546090364456 0.378734469414 0.747225224972
    outer loop
      vertex 0.0333351120353 -0.0174395088106 0.0144695257768
      vertex 0.0330644994974 -0.0184515807778 0.0120825609192
      vertex 0.0351298525929 -0.0191326215863 0.0137168997899
    endloop
  endfacet
  facet normal -0.52141648531 0.331233084202 0.786390185356
    outer loop
      vertex 0.0330644994974 -0.0184515807778 0.0120825609192
      vertex 0.0351314097643 -0.0200862586498 0.0114552909508
      vertex 0.0351298525929 -0.0191326215863 0.0137168997899
    endloop
  endfacet
  facet normal -0.691253423691 0.280356317759 0.666009783745
    outer loop
      vertex 0.0351314097643 -0.0200862586498 0.0114552909508
      vertex 0.0377965122461 -0.0223570261151 0.0126320328563
      vertex 0.0351298525929 -0.0191326215863 0.0137168997899
    endloop
  endfacet
  facet normal -0.567186951637 0.515313982964 0.642456591129
    outer loop
      vertex 0.0351298525929 -0.0191326215863 0.0137168997899
      vertex 0.0377965122461 -0.0223570261151 0.0126320328563
      vertex 0.0373510345817 -0.0196354426444 0.0155347883701
    endloop
  endfacet
  facet normal -0.504237294197 0.405162632465 0.762619137764
    outer loop
      vertex 0.0373510345817 -0.0196354426444 0.0155347883701
      vertex 0.0351757407188 -0.0183624178171 0.0152237266302
      vertex 0.0351298525929 -0.0191326215863 0.0137168997899
    endloop
  endfacet
  facet normal -0.472478628159 0.563140690327 0.677964985371
    outer loop
      vertex 0.0373510345817 -0.0196354426444 0.0155347883701
      vertex 0.0377965122461 -0.0223570261151 0.0126320328563
      vertex 0.0408509448171 -0.0211400631815 0.0166598241776
    endloop
  endfacet
  facet normal -0.432568341494 0.545034170151 0.718207776546
    outer loop
      vertex 0.0377965122461 -0.0223570261151 0.0126320328563
      vertex 0.0420264601707 -0.0246653929353 0.0129473414272
      vertex 0.0408509448171 -0.0211400631815 0.0166598241776
    endloop
  endfacet
  facet normal -0.1076733917 0.666449904442 0.737733662128
    outer loop
      vertex 0.0420264601707 -0.0246653929353 0.0129473414272
      vertex 0.0467439964414 -0.0242370646447 0.0141836619005
      vertex 0.0408509448171 -0.0211400631815 0.0166598241776
    endloop
  endfacet
  facet normal -0.0279444810003 0.754131793976 0.65612834692
    outer loop
      vertex 0.0467439964414 -0.0242370646447 0.0141836619005
      vertex 0.0482605099678 -0.0211687739938 0.0169094074517
      vertex 0.0408509448171 -0.0211400631815 0.0166598241776
    endloop
  endfacet
  facet normal -0.0326712466776 0.987602114677 -0.153540372849
    outer loop
      vertex 0.0408509448171 -0.0211400631815 0.0166598241776
      vertex 0.0482605099678 -0.0211687739938 0.0169094074517
      vertex 0.043066650629 -0.0153986280784 0.0158405136317
    endloop
  endfacet
  facet normal 0.0779539123178 0.965361893177 -0.248997092247
    outer loop
      vertex 0.043066650629 -0.0153986280784 0.0158405136317
      vertex 0.0482605099678 -0.0211687739938 0.0169094074517
      vertex 0.0496443808079 -0.0174803454429 0.0158462971449
    endloop
  endfacet
  facet normal 0.274800390005 0.410550117493 -0.86944425106
    outer loop
      vertex 0.0496443808079 -0.0174803454429 0.0158462971449
      vertex 0.0466489195824 -0.0123190833256 0.00692101521417
      vertex 0.043066650629 -0.0153986280784 0.0158405136317
    endloop
  endfacet
  facet normal 0.84341943264 0.443454056978 -0.303302139044
    outer loop
      vertex 0.043066650629 -0.0153986280784 0.0158405136317
      vertex 0.0466489195824 -0.0123190833256 0.00692101521417
      vertex 0.0425353348255 -0.009775464423 0.0130050545558
    endloop
  endfacet
  facet normal 0.321275472641 0.390948444605 -0.862520337105
    outer loop
      vertex 0.0538366958499 -0.0171852875501 0.0117501532659
      vertex 0.0466489195824 -0.0123190833256 0.00692101521417
      vertex 0.0496443808079 -0.0174803454429 0.0158462971449
    endloop
  endfacet
  facet normal 0.681464731693 0.710194051266 -0.176720812917
    outer loop
      vertex 0.053816922009 -0.0212205387652 0.0127732371911
      vertex 0.0538366958499 -0.0171852875501 0.0117501532659
      vertex 0.0496443808079 -0.0174803454429 0.0158462971449
    endloop
  endfacet
  facet normal 0.597146630287 0.802100300789 -0.00714291771874
    outer loop
      vertex 0.0496443808079 -0.0174803454429 0.0158462971449
      vertex 0.0482605099678 -0.0211687739938 0.0169094074517
      vertex 0.053816922009 -0.0212205387652 0.0127732371911
    endloop
  endfacet
  facet normal 0.416123241186 0.567895770073 0.710166096687
    outer loop
      vertex 0.053816922009 -0.0212205387652 0.0127732371911
      vertex 0.0482605099678 -0.0211687739938 0.0169094074517
      vertex 0.0467439964414 -0.0242370646447 0.0141836619005
    endloop
  endfacet
  facet normal 0.401311814785 0.0573670044541 0.914143204689
    outer loop
      vertex 0.053816922009 -0.0212205387652 0.0127732371911
      vertex 0.0467439964414 -0.0242370646447 0.0141836619005
      vertex 0.048388838768 -0.0239917282015 0.00658654328436
    endloop
  endfacet
  facet normal 0.679419696331 -0.295218288898 0.671740293503
    outer loop
      vertex 0.048388838768 -0.0239917282015 0.00658654328436
      vertex 0.0535664409399 -0.0186912752688 0.00644168956205
      vertex 0.053816922009 -0.0212205387652 0.0127732371911
    endloop
  endfacet
  facet normal 0.998797118664 -0.0461413860321 0.0165930408984
    outer loop
      vertex 0.053816922009 -0.0212205387652 0.0127732371911
      vertex 0.0535664409399 -0.0186912752688 0.00644168956205
      vertex 0.0538366958499 -0.0171852875501 0.0117501532659
    endloop
  endfacet
  facet normal 0.649075567722 -0.238022297621 -0.722527742386
    outer loop
      vertex 0.0538366958499 -0.0171852875501 0.0117501532659
      vertex 0.0535664409399 -0.0186912752688 0.00644168956205
      vertex 0.0466489195824 -0.0123190833256 0.00692101521417
    endloop
  endfacet
  facet normal 0.551703572273 -0.535745859146 -0.639217913151
    outer loop
      vertex 0.0535664409399 -0.0186912752688 0.00644168956205
      vertex 0.0456103906035 -0.0158910341561 0.00158972782083
      vertex 0.0466489195824 -0.0123190833256 0.00692101521417
    endloop
  endfacet
  facet normal 0.496455967426 -0.863778233528 0.0861316546798
    outer loop
      vertex 0.0456252470613 -0.0213186386973 0.00213947962038
      vertex 0.0456103906035 -0.0158910341561 0.00158972782083
      vertex 0.0535664409399 -0.0186912752688 0.00644168956205
    endloop
  endfacet
  facet normal 0.532183587551 -0.653940200806 0.53772008419
    outer loop
      vertex 0.0535664409399 -0.0186912752688 0.00644168956205
      vertex 0.048388838768 -0.0239917282015 0.00658654328436
      vertex 0.0456252470613 -0.0213186386973 0.00213947962038
    endloop
  endfacet
  facet normal -0.00188704684842 -0.514320552349 0.857595920563
    outer loop
      vertex 0.048388838768 -0.0239917282015 0.00658654328436
      vertex 0.0418558940291 -0.0225904937834 0.00427404418588
      vertex 0.0456252470613 -0.0213186386973 0.00213947962038
    endloop
  endfacet
  facet normal -0.235266655684 -0.769340753555 0.593939721584
    outer loop
      vertex 0.0456252470613 -0.0213186386973 0.00213947962038
      vertex 0.0418558940291 -0.0225904937834 0.00427404418588
      vertex 0.0386604815722 -0.01684053801 0.000812180514913
    endloop
  endfacet
  facet normal 0.124068431556 -0.987256467342 0.099657766521
    outer loop
      vertex 0.0456103906035 -0.0158910341561 0.00158972782083
      vertex 0.0456252470613 -0.0213186386973 0.00213947962038
      vertex 0.0386604815722 -0.01684053801 0.000812180514913
    endloop
  endfacet
  facet normal -0.501270592213 -0.589453101158 0.63346105814
    outer loop
      vertex 0.0386604815722 -0.01684053801 0.000812180514913
      vertex 0.0418558940291 -0.0225904937834 0.00427404418588
      vertex 0.0364202782512 -0.0201239641756 0.00624581193551
    endloop
  endfacet
  facet normal -0.433510154486 -0.590220212936 0.680961847305
    outer loop
      vertex 0.0386604815722 -0.01684053801 0.000812180514913
      vertex 0.0364202782512 -0.0201239641756 0.00624581193551
      vertex 0.031517021358 -0.0168963205069 0.00612333184108
    endloop
  endfacet
  facet normal -0.538342535496 -0.174578681588 0.824445009232
    outer loop
      vertex 0.031517021358 -0.0168963205069 0.00612333184108
      vertex 0.0364202782512 -0.0201239641756 0.00624581193551
      vertex 0.0324765816331 -0.0183637868613 0.0100944470614
    endloop
  endfacet
  facet normal -0.567272186279 -0.161352023482 0.807569086552
    outer loop
      vertex 0.029356405139 -0.0162963159382 0.0107164671645
      vertex 0.031517021358 -0.0168963205069 0.00612333184108
      vertex 0.0324765816331 -0.0183637868613 0.0100944470614
    endloop
  endfacet
  facet normal -0.551426827908 0.0066369981505 0.834196865559
    outer loop
      vertex 0.029356405139 -0.0162963159382 0.0107164671645
      vertex 0.0324765816331 -0.0183637868613 0.0100944470614
      vertex 0.0308547317982 -0.0172749534249 0.0121992863715
    endloop
  endfacet
  facet normal -0.624764144421 0.122337974608 0.771170020103
    outer loop
      vertex 0.0293937698007 -0.015777040273 0.0141805922613
      vertex 0.029356405139 -0.0162963159382 0.0107164671645
      vertex 0.0308547317982 -0.0172749534249 0.0121992863715
    endloop
  endfacet
  facet normal -0.338596522808 0.395723372698 0.853671729565
    outer loop
      vertex 0.0293937698007 -0.015777040273 0.0141805922613
      vertex 0.0308547317982 -0.0172749534249 0.0121992863715
      vertex 0.0308016911149 -0.0159488562495 0.0150146177039
    endloop
  endfacet
  facet normal -0.365253001451 0.448540240526 0.815721690655
    outer loop
      vertex 0.0291882734746 -0.014544211328 0.0162552949041
      vertex 0.0293937698007 -0.015777040273 0.0141805922613
      vertex 0.0308016911149 -0.0159488562495 0.0150146177039
    endloop
  endfacet
  facet normal -0.168605864048 0.634621739388 0.754206418991
    outer loop
      vertex 0.0308016911149 -0.0159488562495 0.0150146177039
      vertex 0.0320730134845 -0.0140336491168 0.017628479749
      vertex 0.0291882734746 -0.014544211328 0.0162552949041
    endloop
  endfacet
  facet normal -0.289221674204 0.80194067955 0.522725582123
    outer loop
      vertex 0.0291882734746 -0.014544211328 0.0162552949041
      vertex 0.0320730134845 -0.0140336491168 0.017628479749
      vertex 0.02889290452 -0.0112728197128 0.018281146884
    endloop
  endfacet
  facet normal -0.820643723011 0.449702203274 0.352578818798
    outer loop
      vertex 0.0291882734746 -0.014544211328 0.0162552949041
      vertex 0.02889290452 -0.0112728197128 0.018281146884
      vertex 0.0267588142306 -0.0132618006319 0.0128273135051
    endloop
  endfacet
  facet normal -0.734579801559 0.291366308928 0.612779080868
    outer loop
      vertex 0.0267588142306 -0.0132618006319 0.0128273135051
      vertex 0.0293937698007 -0.015777040273 0.0141805922613
      vertex 0.0291882734746 -0.014544211328 0.0162552949041
    endloop
  endfacet
  facet normal -0.715474128723 0.111111052334 0.689747095108
    outer loop
      vertex 0.0293937698007 -0.015777040273 0.0141805922613
      vertex 0.0267588142306 -0.0132618006319 0.0128273135051
      vertex 0.029356405139 -0.0162963159382 0.0107164671645
    endloop
  endfacet
  facet normal -0.78429877758 -0.0809193998575 0.615083277225
    outer loop
      vertex 0.029356405139 -0.0162963159382 0.0107164671645
      vertex 0.0267588142306 -0.0132618006319 0.0128273135051
      vertex 0.0266348198056 -0.0125014316291 0.00824940949678
    endloop
  endfacet
  facet normal -0.705408930779 -0.244938030839 0.665134310722
    outer loop
      vertex 0.031517021358 -0.0168963205069 0.00612333184108
      vertex 0.029356405139 -0.0162963159382 0.0107164671645
      vertex 0.0266348198056 -0.0125014316291 0.00824940949678
    endloop
  endfacet
  facet normal -0.275534003973 0.651754379272 0.706609666348
    outer loop
      vertex 0.0308016911149 -0.0159488562495 0.0150146177039
      vertex 0.0333351120353 -0.0174395088106 0.0144695257768
      vertex 0.0320730134845 -0.0140336491168 0.017628479749
    endloop
  endfacet
  facet normal -0.405779361725 0.383195370436 0.829761683941
    outer loop
      vertex 0.0308547317982 -0.0172749534249 0.0121992863715
      vertex 0.0333351120353 -0.0174395088106 0.0144695257768
      vertex 0.0308016911149 -0.0159488562495 0.0150146177039
    endloop
  endfacet
  facet normal -0.415530502796 0.394590616226 0.819531977177
    outer loop
      vertex 0.0308547317982 -0.0172749534249 0.0121992863715
      vertex 0.0330644994974 -0.0184515807778 0.0120825609192
      vertex 0.0333351120353 -0.0174395088106 0.0144695257768
    endloop
  endfacet
  facet normal -0.463672220707 0.0982305631042 0.880544602871
    outer loop
      vertex 0.0324765816331 -0.0183637868613 0.0100944470614
      vertex 0.0330644994974 -0.0184515807778 0.0120825609192
      vertex 0.0308547317982 -0.0172749534249 0.0121992863715
    endloop
  endfacet
  facet normal -0.588085174561 0.138718858361 0.796814203262
    outer loop
      vertex 0.0351314097643 -0.0200862586498 0.0114552909508
      vertex 0.0330644994974 -0.0184515807778 0.0120825609192
      vertex 0.0324765816331 -0.0183637868613 0.0100944470614
    endloop
  endfacet
  facet normal -0.497685045004 -0.116910785437 0.859442532063
    outer loop
      vertex 0.0324765816331 -0.0183637868613 0.0100944470614
      vertex 0.0364202782512 -0.0201239641756 0.00624581193551
      vertex 0.0351314097643 -0.0200862586498 0.0114552909508
    endloop
  endfacet
  facet normal -0.715926706791 -0.17222905159 0.676598966122
    outer loop
      vertex 0.0370110794902 -0.0218318272382 0.010499259457
      vertex 0.0351314097643 -0.0200862586498 0.0114552909508
      vertex 0.0364202782512 -0.0201239641756 0.00624581193551
    endloop
  endfacet
  facet normal -0.631504952908 -0.211777225137 0.745890021324
    outer loop
      vertex 0.0364202782512 -0.0201239641756 0.00624581193551
      vertex 0.0391527488828 -0.0228262469172 0.00761534785852
      vertex 0.0370110794902 -0.0218318272382 0.010499259457
    endloop
  endfacet
  facet normal -0.62871158123 -0.208580985665 0.749143302441
    outer loop
      vertex 0.0370110794902 -0.0218318272382 0.010499259457
      vertex 0.0391527488828 -0.0228262469172 0.00761534785852
      vertex 0.0388542786241 -0.0233231503516 0.0102996947244
    endloop
  endfacet
  facet normal -0.625987172127 0.0387324430048 0.778870880604
    outer loop
      vertex 0.0388542786241 -0.0233231503516 0.0102996947244
      vertex 0.0377965122461 -0.0223570261151 0.0126320328563
      vertex 0.0370110794902 -0.0218318272382 0.010499259457
    endloop
  endfacet
  facet normal -0.662639200687 0.0601977221668 0.746515631676
    outer loop
      vertex 0.0377965122461 -0.0223570261151 0.0126320328563
      vertex 0.0351314097643 -0.0200862586498 0.0114552909508
      vertex 0.0370110794902 -0.0218318272382 0.010499259457
    endloop
  endfacet
  facet normal -0.482340395451 0.139477461576 0.864808499813
    outer loop
      vertex 0.0388542786241 -0.0233231503516 0.0102996947244
      vertex 0.0420264601707 -0.0246653929353 0.0129473414272
      vertex 0.0377965122461 -0.0223570261151 0.0126320328563
    endloop
  endfacet
  facet normal -0.369389235973 -0.0283137131482 0.928843319416
    outer loop
      vertex 0.0388542786241 -0.0233231503516 0.0102996947244
      vertex 0.0426636636257 -0.0247955583036 0.00890432950109
      vertex 0.0420264601707 -0.0246653929353 0.0129473414272
    endloop
  endfacet
  facet normal 0.0787667557597 0.0444772951305 0.995900392532
    outer loop
      vertex 0.0467439964414 -0.0242370646447 0.0141836619005
      vertex 0.0420264601707 -0.0246653929353 0.0129473414272
      vertex 0.0426636636257 -0.0247955583036 0.00890432950109
    endloop
  endfacet
  facet normal 0.138221949339 -0.00205688504502 0.990399122238
    outer loop
      vertex 0.0426636636257 -0.0247955583036 0.00890432950109
      vertex 0.048388838768 -0.0239917282015 0.00658654328436
      vertex 0.0467439964414 -0.0242370646447 0.0141836619005
    endloop
  endfacet
  facet normal -0.0442851893604 -0.423230469227 0.904939115047
    outer loop
      vertex 0.0426636636257 -0.0247955583036 0.00890432950109
      vertex 0.0418558940291 -0.0225904937834 0.00427404418588
      vertex 0.048388838768 -0.0239917282015 0.00658654328436
    endloop
  endfacet
  facet normal -0.357194662094 -0.350072592497 0.865945219994
    outer loop
      vertex 0.0391527488828 -0.0228262469172 0.00761534785852
      vertex 0.0418558940291 -0.0225904937834 0.00427404418588
      vertex 0.0426636636257 -0.0247955583036 0.00890432950109
    endloop
  endfacet
  facet normal -0.41848346591 -0.210093572736 0.883590579033
    outer loop
      vertex 0.0426636636257 -0.0247955583036 0.00890432950109
      vertex 0.0388542786241 -0.0233231503516 0.0102996947244
      vertex 0.0391527488828 -0.0228262469172 0.00761534785852
    endloop
  endfacet
  facet normal -0.499630451202 -0.456164032221 0.736399233341
    outer loop
      vertex 0.0364202782512 -0.0201239641756 0.00624581193551
      vertex 0.0418558940291 -0.0225904937834 0.00427404418588
      vertex 0.0391527488828 -0.0228262469172 0.00761534785852
    endloop
  endfacet
  facet normal -0.711342036724 0.01010663528 -0.702773332596
    outer loop
      vertex 0.0269443765283 -0.0082948403433 0.0117071112618
      vertex 0.0281024798751 -0.00718148052692 0.0158002898097
      vertex 0.0301021020859 -0.00509895337746 0.0117308562621
    endloop
  endfacet
  facet normal -0.710136413574 -0.0531866438687 -0.702052295208
    outer loop
      vertex 0.0269443765283 -0.0082948403433 0.0117071112618
      vertex 0.0301021020859 -0.00509895337746 0.0117308562621
      vertex 0.0300343707204 -0.00535214040428 0.0092931818217
    endloop
  endfacet
  facet normal -0.71513146162 -0.0672688633204 -0.695745587349
    outer loop
      vertex 0.0300343707204 -0.00535214040428 0.0092931818217
      vertex 0.0276626404375 -0.0079229939729 0.00791719555855
      vertex 0.0269443765283 -0.0082948403433 0.0117071112618
    endloop
  endfacet
  facet normal -0.657673835754 -0.215194284916 -0.721911728382
    outer loop
      vertex 0.0276626404375 -0.0079229939729 0.00791719555855
      vertex 0.0300343707204 -0.00535214040428 0.0092931818217
      vertex 0.0296183023602 -0.00678024999797 0.00577389216051
    endloop
  endfacet
  facet normal -0.747882962227 -0.399903565645 -0.529856801033
    outer loop
      vertex 0.0296183023602 -0.00678024999797 0.00577389216051
      vertex 0.0279562231153 -0.0108241857961 0.00352418143302
      vertex 0.0276626404375 -0.0079229939729 0.00791719555855
    endloop
  endfacet
  facet normal -0.692798197269 -0.470505386591 -0.546493649483
    outer loop
      vertex 0.0279562231153 -0.0108241857961 0.00352418143302
      vertex 0.0296183023602 -0.00678024999797 0.00577389216051
      vertex 0.0314517170191 -0.00688390992582 0.00295386719517
    endloop
  endfacet
  facet normal -0.722457647324 -0.363201618195 -0.588336229324
    outer loop
      vertex 0.0279562231153 -0.0108241857961 0.00352418143302
      vertex 0.0314517170191 -0.00688390992582 0.00295386719517
      vertex 0.0320342406631 -0.00932722166181 -0.00216267560609
    endloop
  endfacet
  facet normal -0.729907333851 -0.606434464455 0.315392702818
    outer loop
      vertex 0.0320342406631 -0.00932722166181 -0.00216267560609
      vertex 0.0318392962217 -0.0130262114108 -4.28101247962e-06
      vertex 0.0279562231153 -0.0108241857961 0.00352418143302
    endloop
  endfacet
  facet normal -0.279362380505 -0.835660815239 0.472892850637
    outer loop
      vertex 0.0368559509516 -0.0108982371166 -0.00288555608131
      vertex 0.0318392962217 -0.0130262114108 -4.28101247962e-06
      vertex 0.0320342406631 -0.00932722166181 -0.00216267560609
    endloop
  endfacet
  facet normal -0.499500691891 -0.353813767433 -0.790768504143
    outer loop
      vertex 0.0314517170191 -0.00688390992582 0.00295386719517
      vertex 0.0296183023602 -0.00678024999797 0.00577389216051
      vertex 0.0318161919713 -0.00491277920082 0.00684476597235
    endloop
  endfacet
  facet normal -0.549746513367 -0.257475107908 -0.794660508633
    outer loop
      vertex 0.0300343707204 -0.00535214040428 0.0092931818217
      vertex 0.0318161919713 -0.00491277920082 0.00684476597235
      vertex 0.0296183023602 -0.00678024999797 0.00577389216051
    endloop
  endfacet
  facet normal 0.9038823843 -0.117586404085 -0.411302924156
    outer loop
      vertex 0.0420401357114 -0.00466456543654 0.00805079564452
      vertex 0.0434030890465 -0.00741017051041 0.0089239673689
      vertex 0.0421600937843 -0.0059227864258 0.00457178801298
    endloop
  endfacet
  facet normal 0.841248333454 0.228135123849 -0.490158766508
    outer loop
      vertex 0.0420401357114 -0.00466456543654 0.00805079564452
      vertex 0.0418965891004 -0.00596736744046 0.0113792568445
      vertex 0.0434030890465 -0.00741017051041 0.0089239673689
    endloop
  endfacet
  facet normal -0.201170250773 0.599013626575 -0.775056898594
    outer loop
      vertex 0.0341914370656 -0.00515001593158 0.0160137861967
      vertex 0.0327962562442 -0.0040953727439 0.014180643484
      vertex 0.0307975262403 -0.00534490542486 0.015126154758
    endloop
  endfacet
  facet normal -0.261679798365 0.37768137455 -0.888189435005
    outer loop
      vertex 0.0356136187911 -0.00220184028149 0.0111820455641
      vertex 0.0345894470811 -0.00267829559743 0.0115929171443
      vertex 0.035894818604 -0.00280508492142 0.0127955218777
    endloop
  endfacet
  facet normal -0.0319805555046 0.354908764362 -0.934353768826
    outer loop
      vertex 0.0356136187911 -0.00220184028149 0.0111820455641
      vertex 0.035894818604 -0.00280508492142 0.0127955218777
      vertex 0.0376893877983 -0.00205790111795 0.0109901493415
    endloop
  endfacet
  facet normal -0.0518345609307 0.176575422287 -0.982921302319
    outer loop
      vertex 0.0376893877983 -0.00205790111795 0.0109901493415
      vertex 0.0367111116648 -0.00196200725622 0.0101691707969
      vertex 0.0356136187911 -0.00220184028149 0.0111820455641
    endloop
  endfacet
  facet normal 0.105046518147 -0.00901988614351 -0.994426429272
    outer loop
      vertex 0.0376893877983 -0.00205790111795 0.0109901493415
      vertex 0.0389678254724 -0.00221010949463 0.00909826625139
      vertex 0.0367111116648 -0.00196200725622 0.0101691707969
    endloop
  endfacet
  facet normal 0.400411278009 0.198607727885 -0.894553422928
    outer loop
      vertex 0.0394177809358 -0.00281296134926 0.0109064327553
      vertex 0.0389678254724 -0.00221010949463 0.00909826625139
      vertex 0.0376893877983 -0.00205790111795 0.0109901493415
    endloop
  endfacet
  facet normal 0.904386758804 0.246757119894 0.34813144803
    outer loop
      vertex 0.0354892611504 -0.000435292779002 0.0107261305675
      vertex 0.035005658865 -0.00213072332554 0.0101066213101
      vertex 0.035526804626 -0.00183186575305 0.00861821044236
    endloop
  endfacet
  facet normal 0.741033434868 0.45792427659 -0.491095542908
    outer loop
      vertex 0.034377887845 0.0002073374053 0.0133964782581
      vertex 0.0340537205338 0.00240838434547 0.0115605723113
      vertex 0.0320443212986 0.00380160566419 0.0133181279525
    endloop
  endfacet
  facet normal 0.588924705982 0.703567385674 -0.397694170475
    outer loop
      vertex 0.0320443212986 0.00380160566419 0.0133181279525
      vertex 0.031141102314 0.000996503513306 0.0156597644091
      vertex 0.034377887845 0.0002073374053 0.0133964782581
    endloop
  endfacet
  facet normal 0.43974173069 0.754057407379 -0.48787766695
    outer loop
      vertex 0.0275942981243 0.00512418383732 0.0150575228035
      vertex 0.031141102314 0.000996503513306 0.0156597644091
      vertex 0.0320443212986 0.00380160566419 0.0133181279525
    endloop
  endfacet
  facet normal 0.291673511267 0.878324568272 -0.378777652979
    outer loop
      vertex 0.031141102314 0.000996503513306 0.0156597644091
      vertex 0.0275942981243 0.00512418383732 0.0150575228035
      vertex 0.0283334329724 0.000265214097453 0.0169075038284
    endloop
  endfacet
  facet normal 0.451736450195 0.83945196867 0.302083671093
    outer loop
      vertex 0.0283334329724 0.000265214097453 0.0169075038284
      vertex 0.0299913734198 -0.00259058526717 0.014987628907
      vertex 0.031141102314 0.000996503513306 0.0156597644091
    endloop
  endfacet
  facet normal 0.0439650192857 0.840726077557 0.539672791958
    outer loop
      vertex 0.0247026514262 -0.00253114453517 0.0153023535386
      vertex 0.0299913734198 -0.00259058526717 0.014987628907
      vertex 0.0283334329724 0.000265214097453 0.0169075038284
    endloop
  endfacet
  facet normal -0.203512594104 0.939623892307 0.275117397308
    outer loop
      vertex 0.0283334329724 0.000265214097453 0.0169075038284
      vertex 0.022613286972 0.00140846183058 0.016003318131
      vertex 0.0247026514262 -0.00253114453517 0.0153023535386
    endloop
  endfacet
  facet normal -0.0790984258056 0.935568988323 -0.344171673059
    outer loop
      vertex 0.0275942981243 0.00512418383732 0.0150575228035
      vertex 0.022613286972 0.00140846183058 0.016003318131
      vertex 0.0283334329724 0.000265214097453 0.0169075038284
    endloop
  endfacet
  facet normal -0.0332711189985 0.8250618577 -0.564062058926
    outer loop
      vertex 0.0209604501724 0.00815526489168 0.0111047085375
      vertex 0.0168386921287 0.00720595754683 0.0115874996409
      vertex 0.018514432013 0.00488856853917 0.0132393818349
    endloop
  endfacet
  facet normal -0.374351292849 0.861390769482 -0.343317717314
    outer loop
      vertex 0.018514432013 0.00488856853917 0.0132393818349
      vertex 0.0168386921287 0.00720595754683 0.0115874996409
      vertex 0.0160688310862 0.00497102597728 0.0121436854824
    endloop
  endfacet
  facet normal -0.396337300539 0.898742139339 -0.187561541796
    outer loop
      vertex 0.0160688310862 0.00497102597728 0.0121436854824
      vertex 0.016279136762 0.00377956638113 0.012485078536
      vertex 0.018514432013 0.00488856853917 0.0132393818349
    endloop
  endfacet
  facet normal 0.109556853771 0.972750008106 -0.204339817166
    outer loop
      vertex 0.0143529251218 0.00575821055099 0.0121715813875
      vertex 0.0160688310862 0.00497102597728 0.0121436854824
      vertex 0.0168386921287 0.00720595754683 0.0115874996409
    endloop
  endfacet
  facet normal 0.0340370684862 0.945748150349 -0.323112875223
    outer loop
      vertex 0.0138392085209 0.00891496334225 0.0111115714535
      vertex 0.0143529251218 0.00575821055099 0.0121715813875
      vertex 0.0168386921287 0.00720595754683 0.0115874996409
    endloop
  endfacet
  facet normal 0.141871213913 0.860826134682 -0.488723814487
    outer loop
      vertex 0.0138392085209 0.00891496334225 0.0111115714535
      vertex 0.0168386921287 0.00720595754683 0.0115874996409
      vertex 0.0170285012573 0.0106349186972 0.0096094654873
    endloop
  endfacet
  facet normal 0.0981632918119 0.832594454288 -0.545115053654
    outer loop
      vertex 0.0153309786692 0.0122781675309 0.0087337391451
      vertex 0.0138392085209 0.00891496334225 0.0111115714535
      vertex 0.0170285012573 0.0106349186972 0.0096094654873
    endloop
  endfacet
  facet normal 0.360204696655 0.616131484509 -0.700453102589
    outer loop
      vertex 0.0170285012573 0.0106349186972 0.0096094654873
      vertex 0.0178787019104 0.0127187594771 0.00674339057878
      vertex 0.0153309786692 0.0122781675309 0.0087337391451
    endloop
  endfacet
  facet normal 0.389625519514 0.644391596317 -0.657990455627
    outer loop
      vertex 0.0178787019104 0.0127187594771 0.00674339057878
      vertex 0.015429972671 0.0140981813893 0.00681546097621
      vertex 0.0153309786692 0.0122781675309 0.0087337391451
    endloop
  endfacet
  facet normal 0.275020301342 0.669172048569 -0.6903424263
    outer loop
      vertex 0.015429972671 0.0140981813893 0.00681546097621
      vertex 0.0124458214268 0.0136148817837 0.0085404952988
      vertex 0.0153309786692 0.0122781675309 0.0087337391451
    endloop
  endfacet
  facet normal 0.183317855 0.836381673813 -0.516585171223
    outer loop
      vertex 0.0153309786692 0.0122781675309 0.0087337391451
      vertex 0.0124458214268 0.0136148817837 0.0085404952988
      vertex 0.0115297213197 0.0108161205426 0.0104699209332
    endloop
  endfacet
  facet normal 0.18701608479 0.83931940794 -0.510458469391
    outer loop
      vertex 0.0115297213197 0.0108161205426 0.0104699209332
      vertex 0.0138392085209 0.00891496334225 0.0111115714535
      vertex 0.0153309786692 0.0122781675309 0.0087337391451
    endloop
  endfacet
  facet normal 0.0106542920694 0.943444132805 -0.331360369921
    outer loop
      vertex 0.0138392085209 0.00891496334225 0.0111115714535
      vertex 0.0115297213197 0.0108161205426 0.0104699209332
      vertex 0.0115774869919 0.0074936687015 0.0116363065317
    endloop
  endfacet
  facet normal 0.0180332995951 0.946938574314 -0.320908248425
    outer loop
      vertex 0.0138392085209 0.00891496334225 0.0111115714535
      vertex 0.0115774869919 0.0074936687015 0.0116363065317
      vertex 0.0143529251218 0.00575821055099 0.0121715813875
    endloop
  endfacet
  facet normal 0.120507344604 0.93612664938 -0.330370813608
    outer loop
      vertex 0.0115774869919 0.0074936687015 0.0116363065317
      vertex 0.0115297213197 0.0108161205426 0.0104699209332
      vertex 0.00946932192892 0.0100934337825 0.0109902005643
    endloop
  endfacet
  facet normal 0.173791244626 0.913461625576 -0.367946237326
    outer loop
      vertex 0.00853498093784 0.0082294549793 0.0119187822565
      vertex 0.0115774869919 0.0074936687015 0.0116363065317
      vertex 0.00946932192892 0.0100934337825 0.0109902005643
    endloop
  endfacet
  facet normal -0.136047571898 0.857855618 -0.495555043221
    outer loop
      vertex 0.00722061702982 0.00897943135351 0.0112771000713
      vertex 0.00853498093784 0.0082294549793 0.0119187822565
      vertex 0.00946932192892 0.0100934337825 0.0109902005643
    endloop
  endfacet
  facet normal -0.110469140112 0.885623276234 -0.45107421279
    outer loop
      vertex 0.00722061702982 0.00897943135351 0.0112771000713
      vertex 0.00946932192892 0.0100934337825 0.0109902005643
      vertex 0.0077937184833 0.0109323216602 0.0103539219126
    endloop
  endfacet
  facet normal -0.38074824214 0.78780144453 -0.484148353338
    outer loop
      vertex 0.0077937184833 0.0109323216602 0.0103539219126
      vertex 0.00636896304786 0.00989904720336 0.0103003364056
      vertex 0.00722061702982 0.00897943135351 0.0112771000713
    endloop
  endfacet
  facet normal -0.33658182621 0.784225046635 -0.521252095699
    outer loop
      vertex 0.00722061702982 0.00897943135351 0.0112771000713
      vertex 0.00636896304786 0.00989904720336 0.0103003364056
      vertex 0.00585991283879 0.00905544031411 0.0106425788254
    endloop
  endfacet
  facet normal -0.396419674158 0.88102799654 -0.258149504662
    outer loop
      vertex 0.00585991283879 0.00905544031411 0.0106425788254
      vertex 0.00571999512613 0.00800224766135 0.0108882179484
      vertex 0.00722061702982 0.00897943135351 0.0112771000713
    endloop
  endfacet
  facet normal -0.397952646017 0.87945753336 -0.261128634214
    outer loop
      vertex 0.00722061702982 0.00897943135351 0.0112771000713
      vertex 0.00571999512613 0.00800224766135 0.0108882179484
      vertex 0.0067341318354 0.00705361133441 0.0116287814453
    endloop
  endfacet
  facet normal -0.308430612087 0.91896045208 -0.245728030801
    outer loop
      vertex 0.0067341318354 0.00705361133441 0.0116287814453
      vertex 0.00853498093784 0.0082294549793 0.0119187822565
      vertex 0.00722061702982 0.00897943135351 0.0112771000713
    endloop
  endfacet
  facet normal -0.552343308926 0.831549048424 -0.0586774684489
    outer loop
      vertex 0.00532794650644 0.00714014656842 0.0106886392459
      vertex 0.0067341318354 0.00705361133441 0.0116287814453
      vertex 0.00571999512613 0.00800224766135 0.0108882179484
    endloop
  endfacet
  facet normal -0.688696563244 0.709591627121 -0.14891885221
    outer loop
      vertex 0.00571999512613 0.00800224766135 0.0108882179484
      vertex 0.00486655673012 0.00789333507419 0.010082767345
      vertex 0.00532794650644 0.00714014656842 0.0106886392459
    endloop
  endfacet
  facet normal -0.642584204674 0.739352285862 -0.201106250286
    outer loop
      vertex 0.00486655673012 0.00789333507419 0.010082767345
      vertex 0.00464543001726 0.00743774650618 0.0100145032629
      vertex 0.00532794650644 0.00714014656842 0.0106886392459
    endloop
  endfacet
  facet normal -0.570656836033 0.737338006496 -0.361501634121
    outer loop
      vertex 0.00464543001726 0.00743774650618 0.0100145032629
      vertex 0.00465433998033 0.00687494874001 0.0102973273024
      vertex 0.00532794650644 0.00714014656842 0.0106886392459
    endloop
  endfacet
  facet normal -0.532616496086 0.838404119015 -0.11575063318
    outer loop
      vertex 0.00532794650644 0.00714014656842 0.0106886392459
      vertex 0.00465433998033 0.00687494874001 0.0102973273024
      vertex 0.00511615630239 0.00581703800708 0.0107367634773
    endloop
  endfacet
  facet normal -0.477187663317 0.872126877308 -0.108104690909
    outer loop
      vertex 0.00532794650644 0.00714014656842 0.0106886392459
      vertex 0.00511615630239 0.00581703800708 0.0107367634773
      vertex 0.00643865950406 0.00570505391806 0.0114742573351
    endloop
  endfacet
  facet normal -0.554494380951 0.831775486469 -0.0261822082102
    outer loop
      vertex 0.00643865950406 0.00570505391806 0.0114742573351
      vertex 0.0067341318354 0.00705361133441 0.0116287814453
      vertex 0.00532794650644 0.00714014656842 0.0106886392459
    endloop
  endfacet
  facet normal -0.470455318689 0.867872238159 -0.159592032433
    outer loop
      vertex 0.00511615630239 0.00581703800708 0.0107367634773
      vertex 0.00484461989254 0.00433160969988 0.0108627229929
      vertex 0.00643865950406 0.00570505391806 0.0114742573351
    endloop
  endfacet
  facet normal -0.49936825037 0.850835561752 -0.163432657719
    outer loop
      vertex 0.00414900435135 0.006008352153 0.0101323788986
      vertex 0.00484461989254 0.00433160969988 0.0108627229929
      vertex 0.00511615630239 0.00581703800708 0.0107367634773
    endloop
  endfacet
  facet normal -0.506187915802 0.852109134197 -0.132980421185
    outer loop
      vertex 0.00414900435135 0.006008352153 0.0101323788986
      vertex 0.00511615630239 0.00581703800708 0.0107367634773
      vertex 0.00465433998033 0.00687494874001 0.0102973273024
    endloop
  endfacet
  facet normal -0.733055770397 0.604145050049 -0.312470763922
    outer loop
      vertex 0.00465433998033 0.00687494874001 0.0102973273024
      vertex 0.00434439396486 0.00695955846459 0.00987748522311
      vertex 0.00414900435135 0.006008352153 0.0101323788986
    endloop
  endfacet
  facet normal -0.701671183109 0.63891851902 -0.315342187881
    outer loop
      vertex 0.00434439396486 0.00695955846459 0.00987748522311
      vertex 0.00394374970347 0.00654653878883 0.00964133907109
      vertex 0.00414900435135 0.006008352153 0.0101323788986
    endloop
  endfacet
  facet normal -0.728097915649 0.570401608944 -0.380151897669
    outer loop
      vertex 0.004020370543 0.0070902868174 0.00937675498426
      vertex 0.00394374970347 0.00654653878883 0.00964133907109
      vertex 0.00434439396486 0.00695955846459 0.00987748522311
    endloop
  endfacet
  facet normal -0.754697561264 0.572174191475 -0.32101136446
    outer loop
      vertex 0.00425319420174 0.00735160103068 0.00953724142164
      vertex 0.004020370543 0.0070902868174 0.00937675498426
      vertex 0.00434439396486 0.00695955846459 0.00987748522311
    endloop
  endfacet
  facet normal -0.767295062542 0.561866402626 -0.309134989977
    outer loop
      vertex 0.00448811193928 0.00759347341955 0.00972497370094
      vertex 0.00425319420174 0.00735160103068 0.00953724142164
      vertex 0.00434439396486 0.00695955846459 0.00987748522311
    endloop
  endfacet
  facet normal -0.755380153656 0.577249765396 -0.310134768486
    outer loop
      vertex 0.00434439396486 0.00695955846459 0.00987748522311
      vertex 0.00464543001726 0.00743774650618 0.0100145032629
      vertex 0.00448811193928 0.00759347341955 0.00972497370094
    endloop
  endfacet
  facet normal -0.768343031406 0.571970939636 -0.287224978209
    outer loop
      vertex 0.00448811193928 0.00759347341955 0.00972497370094
      vertex 0.00464543001726 0.00743774650618 0.0100145032629
      vertex 0.00486655673012 0.00789333507419 0.010082767345
    endloop
  endfacet
  facet normal -0.772560656071 0.547110319138 -0.322211563587
    outer loop
      vertex 0.00448811193928 0.00759347341955 0.00972497370094
      vertex 0.00486655673012 0.00789333507419 0.010082767345
      vertex 0.00446766568348 0.00789780542254 0.00951687060297
    endloop
  endfacet
  facet normal -0.750560522079 0.567880153656 -0.337892085314
    outer loop
      vertex 0.00448811193928 0.00759347341955 0.00972497370094
      vertex 0.00446766568348 0.00789780542254 0.00951687060297
      vertex 0.00429763412103 0.00759676937014 0.0094712600112
    endloop
  endfacet
  facet normal -0.762685537338 0.576404750347 -0.293373942375
    outer loop
      vertex 0.00429763412103 0.00759676937014 0.0094712600112
      vertex 0.00425319420174 0.00735160103068 0.00953724142164
      vertex 0.00448811193928 0.00759347341955 0.00972497370094
    endloop
  endfacet
  facet normal -0.753170073032 0.588076174259 -0.29479020834
    outer loop
      vertex 0.00425319420174 0.00735160103068 0.00953724142164
      vertex 0.00429763412103 0.00759676937014 0.0094712600112
      vertex 0.00410894397646 0.00744729954749 0.00930452439934
    endloop
  endfacet
  facet normal -0.748283684254 0.589184165001 -0.304850041866
    outer loop
      vertex 0.00425319420174 0.00735160103068 0.00953724142164
      vertex 0.00410894397646 0.00744729954749 0.00930452439934
      vertex 0.004020370543 0.0070902868174 0.00937675498426
    endloop
  endfacet
  facet normal -0.727419435978 0.614759027958 -0.304847985506
    outer loop
      vertex 0.00410894397646 0.00744729954749 0.00930452439934
      vertex 0.00388881005347 0.00724090123549 0.00914639793336
      vertex 0.004020370543 0.0070902868174 0.00937675498426
    endloop
  endfacet
  facet normal -0.693439483643 0.627524912357 -0.354053974152
    outer loop
      vertex 0.004020370543 0.0070902868174 0.00937675498426
      vertex 0.00388881005347 0.00724090123549 0.00914639793336
      vertex 0.00380654702894 0.00687575899065 0.00926150940359
    endloop
  endfacet
  facet normal -0.707339942455 0.591273665428 -0.387383073568
    outer loop
      vertex 0.004020370543 0.0070902868174 0.00937675498426
      vertex 0.00380654702894 0.00687575899065 0.00926150940359
      vertex 0.00394374970347 0.00654653878883 0.00964133907109
    endloop
  endfacet
  facet normal -0.761332809925 0.559287548065 -0.327978372574
    outer loop
      vertex 0.00394374970347 0.00654653878883 0.00964133907109
      vertex 0.00380654702894 0.00687575899065 0.00926150940359
      vertex 0.0035400625784 0.0065777967684 0.00907348748296
    endloop
  endfacet
  facet normal -0.778087258339 0.499798417091 -0.380501925945
    outer loop
      vertex 0.0035400625784 0.0065777967684 0.00907348748296
      vertex 0.00380654702894 0.00687575899065 0.00926150940359
      vertex 0.00364226684906 0.00687341298908 0.00900754425675
    endloop
  endfacet
  facet normal -0.852208614349 0.363991558552 -0.375833302736
    outer loop
      vertex 0.00364226684906 0.00687341298908 0.00900754425675
      vertex 0.00354427867569 0.00678860908374 0.00886568892747
      vertex 0.0035400625784 0.0065777967684 0.00907348748296
    endloop
  endfacet
  facet normal -0.847245335579 0.369741022587 -0.381401330233
    outer loop
      vertex 0.00354427867569 0.00678860908374 0.00886568892747
      vertex 0.00332427769899 0.00649575609714 0.00866365432739
      vertex 0.0035400625784 0.0065777967684 0.00907348748296
    endloop
  endfacet
  facet normal -0.831742703915 0.35198789835 -0.429311811924
    outer loop
      vertex 0.00316282198764 0.00608209474012 0.00878666993231
      vertex 0.0035400625784 0.0065777967684 0.00907348748296
      vertex 0.00332427769899 0.00649575609714 0.00866365432739
    endloop
  endfacet
  facet normal -0.839750468731 0.334930539131 -0.427364766598
    outer loop
      vertex 0.00316282198764 0.00608209474012 0.00878666993231
      vertex 0.00332427769899 0.00649575609714 0.00866365432739
      vertex 0.00319570186548 0.00646740477532 0.00837745983154
    endloop
  endfacet
  facet normal -0.865450263023 0.30482763052 -0.397587656975
    outer loop
      vertex 0.00302030821331 0.00621891207993 0.00820360146463
      vertex 0.00316282198764 0.00608209474012 0.00878666993231
      vertex 0.00319570186548 0.00646740477532 0.00837745983154
    endloop
  endfacet
  facet normal 0.68694627285 0.270830988884 0.674355566502
    outer loop
      vertex 0.00319570186548 0.00646740477532 0.00837745983154
      vertex 0.00300240656361 0.00637274049222 0.00863203313202
      vertex 0.00302030821331 0.00621891207993 0.00820360146463
    endloop
  endfacet
  facet normal 0.345040678978 0.32991284132 0.87869477272
    outer loop
      vertex 0.00302030821331 0.00621891207993 0.00820360146463
      vertex 0.00300240656361 0.00637274049222 0.00863203313202
      vertex 0.00265052774921 0.00616656476632 0.00845091510564
    endloop
  endfacet
  facet normal 0.364720493555 0.363918274641 0.857054531574
    outer loop
      vertex 0.00302030821331 0.00621891207993 0.00820360146463
      vertex 0.00265052774921 0.00616656476632 0.00845091510564
      vertex 0.0023939081002 0.00587737234309 0.00802703108639
    endloop
  endfacet
  facet normal 0.364065378904 0.364373058081 0.857139825821
    outer loop
      vertex 0.00228044367395 0.00611449917778 0.00869820825756
      vertex 0.0023939081002 0.00587737234309 0.00802703108639
      vertex 0.00265052774921 0.00616656476632 0.00845091510564
    endloop
  endfacet
  facet normal 0.344150274992 0.32996147871 0.879025578499
    outer loop
      vertex 0.00281319092028 0.00638491846621 0.00886295642704
      vertex 0.00228044367395 0.00611449917778 0.00869820825756
      vertex 0.00265052774921 0.00616656476632 0.00845091510564
    endloop
  endfacet
  facet normal 0.345381081104 0.329342722893 0.878774881363
    outer loop
      vertex 0.00265052774921 0.00616656476632 0.00845091510564
      vertex 0.00300240656361 0.00637274049222 0.00863203313202
      vertex 0.00281319092028 0.00638491846621 0.00886295642704
    endloop
  endfacet
  facet normal 0.579776406288 0.508627772331 0.636519551277
    outer loop
      vertex 0.0032301985193 0.0067072105594 0.00879094749689
      vertex 0.00281319092028 0.00638491846621 0.00886295642704
      vertex 0.00300240656361 0.00637274049222 0.00863203313202
    endloop
  endfacet
  facet normal 0.675110220909 0.372495919466 0.636767566204
    outer loop
      vertex 0.00337103754282 0.00671614892781 0.00855097081512
      vertex 0.0032301985193 0.0067072105594 0.00879094749689
      vertex 0.00300240656361 0.00637274049222 0.00863203313202
    endloop
  endfacet
  facet normal 0.687328279018 0.271342337132 0.673760533333
    outer loop
      vertex 0.00300240656361 0.00637274049222 0.00863203313202
      vertex 0.00319570186548 0.00646740477532 0.00837745983154
      vertex 0.00337103754282 0.00671614892781 0.00855097081512
    endloop
  endfacet
  facet normal -0.86289948225 0.351716130972 -0.362905234098
    outer loop
      vertex 0.00332427769899 0.00649575609714 0.00866365432739
      vertex 0.00337103754282 0.00671614892781 0.00855097081512
      vertex 0.00319570186548 0.00646740477532 0.00837745983154
    endloop
  endfacet
  facet normal -0.846230626106 0.37977668643 -0.373715609312
    outer loop
      vertex 0.00354427867569 0.00678860908374 0.00886568892747
      vertex 0.00337103754282 0.00671614892781 0.00855097081512
      vertex 0.00332427769899 0.00649575609714 0.00866365432739
    endloop
  endfacet
  facet normal -0.857367515564 0.396346032619 -0.328376024961
    outer loop
      vertex 0.00354643119499 0.00696461461484 0.00872452184558
      vertex 0.00337103754282 0.00671614892781 0.00855097081512
      vertex 0.00354427867569 0.00678860908374 0.00886568892747
    endloop
  endfacet
  facet normal -0.857528030872 0.396136343479 -0.32820981741
    outer loop
      vertex 0.00364226684906 0.00687341298908 0.00900754425675
      vertex 0.00354643119499 0.00696461461484 0.00872452184558
      vertex 0.00354427867569 0.00678860908374 0.00886568892747
    endloop
  endfacet
  facet normal -0.85786741972 0.396013110876 -0.327470749617
    outer loop
      vertex 0.00364226684906 0.00687341298908 0.00900754425675
      vertex 0.00363394711167 0.00708897272125 0.00881127081811
      vertex 0.00354643119499 0.00696461461484 0.00872452184558
    endloop
  endfacet
  facet normal 0.500136077404 0.504439711571 0.703849732876
    outer loop
      vertex 0.00345374713652 0.00703824684024 0.00891915429384
      vertex 0.00354643119499 0.00696461461484 0.00872452184558
      vertex 0.00363394711167 0.00708897272125 0.00881127081811
    endloop
  endfacet
  facet normal 0.512767195702 0.544309914112 0.663925051689
    outer loop
      vertex 0.0036054472439 0.0072332485579 0.00901409983635
      vertex 0.00345374713652 0.00703824684024 0.00891915429384
      vertex 0.00363394711167 0.00708897272125 0.00881127081811
    endloop
  endfacet
  facet normal 0.440259963274 0.560693204403 0.701280474663
    outer loop
      vertex 0.00363394711167 0.00708897272125 0.00881127081811
      vertex 0.00372149050236 0.00721333082765 0.00889807008207
      vertex 0.0036054472439 0.0072332485579 0.00901409983635
    endloop
  endfacet
  facet normal 0.520795762539 0.621347427368 0.585405111313
    outer loop
      vertex 0.0036054472439 0.0072332485579 0.00901409983635
      vertex 0.00372149050236 0.00721333082765 0.00889807008207
      vertex 0.00372025906108 0.0073069348 0.00898729171604
    endloop
  endfacet
  facet normal 0.505471169949 0.669842064381 0.543884634972
    outer loop
      vertex 0.00372025906108 0.0073069348 0.00898729171604
      vertex 0.00363405630924 0.00735308043659 0.00908980984241
      vertex 0.0036054472439 0.0072332485579 0.00901409983635
    endloop
  endfacet
  facet normal 0.538777291775 0.648167908192 0.538142502308
    outer loop
      vertex 0.0036054472439 0.0072332485579 0.00901409983635
      vertex 0.00363405630924 0.00735308043659 0.00908980984241
      vertex 0.00341193354689 0.00723609654233 0.00917731970549
    endloop
  endfacet
  facet normal 0.480514705181 0.581161737442 0.656777501106
    outer loop
      vertex 0.00345374713652 0.00703824684024 0.00891915429384
      vertex 0.0036054472439 0.0072332485579 0.00901409983635
      vertex 0.00341193354689 0.00723609654233 0.00917731970549
    endloop
  endfacet
  facet normal 0.640439629555 0.529823184013 0.555989682674
    outer loop
      vertex 0.00328092905693 0.0069616548717 0.0090476796031
      vertex 0.00345374713652 0.00703824684024 0.00891915429384
      vertex 0.00341193354689 0.00723609654233 0.00917731970549
    endloop
  endfacet
  facet normal 0.536694645882 0.634682893753 0.556000471115
    outer loop
      vertex 0.00341193354689 0.00723609654233 0.00917731970549
      vertex 0.00322799501009 0.00725333159789 0.00934795755893
      vertex 0.00328092905693 0.0069616548717 0.0090476796031
    endloop
  endfacet
  facet normal 0.510701179504 0.64367300272 0.569973111153
    outer loop
      vertex 0.00328092905693 0.0069616548717 0.0090476796031
      vertex 0.00322799501009 0.00725333159789 0.00934795755893
      vertex 0.00284714880399 0.0067459824495 0.00920087005943
    endloop
  endfacet
  facet normal 0.519514024258 0.547503948212 0.656006515026
    outer loop
      vertex 0.00328092905693 0.0069616548717 0.0090476796031
      vertex 0.00284714880399 0.0067459824495 0.00920087005943
      vertex 0.0032301985193 0.0067072105594 0.00879094749689
    endloop
  endfacet
  facet normal 0.628648579121 0.48124152422 0.610907196999
    outer loop
      vertex 0.00345374713652 0.00703824684024 0.00891915429384
      vertex 0.00328092905693 0.0069616548717 0.0090476796031
      vertex 0.0032301985193 0.0067072105594 0.00879094749689
    endloop
  endfacet
  facet normal 0.603064537048 0.516995429993 0.607477486134
    outer loop
      vertex 0.00354643119499 0.00696461461484 0.00872452184558
      vertex 0.00345374713652 0.00703824684024 0.00891915429384
      vertex 0.0032301985193 0.0067072105594 0.00879094749689
    endloop
  endfacet
  facet normal 0.634835481644 0.346861153841 0.690413832664
    outer loop
      vertex 0.0032301985193 0.0067072105594 0.00879094749689
      vertex 0.00337103754282 0.00671614892781 0.00855097081512
      vertex 0.00354643119499 0.00696461461484 0.00872452184558
    endloop
  endfacet
  facet normal 0.558987677097 0.578525483608 0.594004273415
    outer loop
      vertex 0.00284714880399 0.0067459824495 0.00920087005943
      vertex 0.00281319092028 0.00638491846621 0.00886295642704
      vertex 0.0032301985193 0.0067072105594 0.00879094749689
    endloop
  endfacet
  facet normal 0.153957694769 0.714155972004 0.682845711708
    outer loop
      vertex 0.00235854834318 0.00641539273784 0.00899010617286
      vertex 0.00281319092028 0.00638491846621 0.00886295642704
      vertex 0.00284714880399 0.0067459824495 0.00920087005943
    endloop
  endfacet
  facet normal 0.128372699022 0.739279568195 0.661049246788
    outer loop
      vertex 0.00284714880399 0.0067459824495 0.00920087005943
      vertex 0.00233832723461 0.00686777103692 0.00939812511206
      vertex 0.00235854834318 0.00641539273784 0.00899010617286
    endloop
  endfacet
  facet normal 0.161437362432 0.736414313316 0.656987011433
    outer loop
      vertex 0.00235854834318 0.00641539273784 0.00899010617286
      vertex 0.00233832723461 0.00686777103692 0.00939812511206
      vertex 0.00185284786858 0.006421986036 0.00910684838891
    endloop
  endfacet
  facet normal 0.150028049946 0.689884722233 0.708202421665
    outer loop
      vertex 0.00228044367395 0.00611449917778 0.00869820825756
      vertex 0.00235854834318 0.00641539273784 0.00899010617286
      vertex 0.00185284786858 0.006421986036 0.00910684838891
    endloop
  endfacet
  facet normal 0.257151454687 0.738279998302 0.623550951481
    outer loop
      vertex 0.0013544880785 0.00576058449224 0.00872181355953
      vertex 0.00228044367395 0.00611449917778 0.00869820825756
      vertex 0.00185284786858 0.006421986036 0.00910684838891
    endloop
  endfacet
  facet normal 0.340630352497 0.363870501518 0.866930902004
    outer loop
      vertex 0.0023939081002 0.00587737234309 0.00802703108639
      vertex 0.00228044367395 0.00611449917778 0.00869820825756
      vertex 0.0013544880785 0.00576058449224 0.00872181355953
    endloop
  endfacet
  facet normal 0.145764693618 0.690911471844 0.708091795444
    outer loop
      vertex 0.00235854834318 0.00641539273784 0.00899010617286
      vertex 0.00228044367395 0.00611449917778 0.00869820825756
      vertex 0.00281319092028 0.00638491846621 0.00886295642704
    endloop
  endfacet
  facet normal 0.207757934928 0.842637300491 0.496788740158
    outer loop
      vertex 0.00284527940676 0.00735051138327 0.00955773890018
      vertex 0.00233832723461 0.00686777103692 0.00939812511206
      vertex 0.00284714880399 0.0067459824495 0.00920087005943
    endloop
  endfacet
  facet normal 0.324783176184 0.814901411533 0.480053663254
    outer loop
      vertex 0.00284714880399 0.0067459824495 0.00920087005943
      vertex 0.00322799501009 0.00725333159789 0.00934795755893
      vertex 0.00284527940676 0.00735051138327 0.00955773890018
    endloop
  endfacet
  facet normal 0.353775113821 0.837930738926 0.415590256453
    outer loop
      vertex 0.00284527940676 0.00735051138327 0.00955773890018
      vertex 0.00322799501009 0.00725333159789 0.00934795755893
      vertex 0.0032600085251 0.00747766299173 0.00944570358843
    endloop
  endfacet
  facet normal 0.363747119904 0.794348299503 0.486516982317
    outer loop
      vertex 0.00296366284601 0.00774894934148 0.00974756199867
      vertex 0.00284527940676 0.00735051138327 0.00955773890018
      vertex 0.0032600085251 0.00747766299173 0.00944570358843
    endloop
  endfacet
  facet normal 0.403159469366 0.798145711422 0.447689443827
    outer loop
      vertex 0.0032600085251 0.00747766299173 0.00944570358843
      vertex 0.00343279610388 0.00769565301016 0.00948069896549
      vertex 0.00296366284601 0.00774894934148 0.00974756199867
    endloop
  endfacet
  facet normal 0.40272718668 0.797642290592 0.448973894119
    outer loop
      vertex 0.00296366284601 0.00774894934148 0.00974756199867
      vertex 0.00343279610388 0.00769565301016 0.00948069896549
      vertex 0.00347849843092 0.0080768847838 0.00967220962048
    endloop
  endfacet
  facet normal 0.380743861198 0.83031463623 0.406954228878
    outer loop
      vertex 0.00347849843092 0.0080768847838 0.00967220962048
      vertex 0.00276094605215 0.00821249932051 0.0100677134469
      vertex 0.00296366284601 0.00774894934148 0.00974756199867
    endloop
  endfacet
  facet normal 0.224975973368 0.844968676567 0.485194534063
    outer loop
      vertex 0.00296366284601 0.00774894934148 0.00974756199867
      vertex 0.00276094605215 0.00821249932051 0.0100677134469
      vertex 0.00239779008552 0.00746176857501 0.00973332393914
    endloop
  endfacet
  facet normal 0.217933028936 0.854357481003 0.471782296896
    outer loop
      vertex 0.00239779008552 0.00746176857501 0.00973332393914
      vertex 0.00284527940676 0.00735051138327 0.00955773890018
      vertex 0.00296366284601 0.00774894934148 0.00974756199867
    endloop
  endfacet
  facet normal 0.207326561213 0.84294962883 0.496438980103
    outer loop
      vertex 0.00284527940676 0.00735051138327 0.00955773890018
      vertex 0.00239779008552 0.00746176857501 0.00973332393914
      vertex 0.00233832723461 0.00686777103692 0.00939812511206
    endloop
  endfacet
  facet normal 0.323894172907 0.774128258228 0.543891489506
    outer loop
      vertex 0.00276094605215 0.00821249932051 0.0100677134469
      vertex 0.00347849843092 0.0080768847838 0.00967220962048
      vertex 0.00328852212988 0.00855602137744 0.0100883310661
    endloop
  endfacet
  facet normal 0.179864436388 0.926040351391 0.331810206175
    outer loop
      vertex 0.00276094605215 0.00821249932051 0.0100677134469
      vertex 0.00328852212988 0.00855602137744 0.0100883310661
      vertex 0.00300486246124 0.00910127721727 0.0103387963027
    endloop
  endfacet
  facet normal 0.394034355879 0.895616590977 0.206416681409
    outer loop
      vertex 0.00300486246124 0.00910127721727 0.0103387963027
      vertex 0.00328852212988 0.00855602137744 0.0100883310661
      vertex 0.0034057663288 0.0089449910447 0.010126395151
    endloop
  endfacet
  facet normal 0.396783620119 0.895911157131 0.199764609337
    outer loop
      vertex 0.00300486246124 0.00910127721727 0.0103387963027
      vertex 0.0034057663288 0.0089449910447 0.010126395151
      vertex 0.00360333221033 0.00965588912368 0.0101974084973
    endloop
  endfacet
  facet normal 0.396002858877 0.896475851536 0.198778122663
    outer loop
      vertex 0.00360333221033 0.00965588912368 0.0101974084973
      vertex 0.00302992085926 0.0105125410482 0.0106406509876
      vertex 0.00300486246124 0.00910127721727 0.0103387963027
    endloop
  endfacet
  facet normal 0.143889904022 0.967179954052 0.209424510598
    outer loop
      vertex 0.00300486246124 0.00910127721727 0.0103387963027
      vertex 0.00302992085926 0.0105125410482 0.0106406509876
      vertex 0.00139689538628 0.00959164369851 0.0106841977686
    endloop
  endfacet
  facet normal 0.12493557483 0.97654312849 0.17537009716
    outer loop
      vertex 0.00139689538628 0.00959164369851 0.0106841977686
      vertex 0.00302992085926 0.0105125410482 0.0106406509876
      vertex 0.00126294698566 0.0111118191853 0.0109743317589
    endloop
  endfacet
  facet normal -0.0980291515589 0.975912809372 0.194896057248
    outer loop
      vertex 0.00139689538628 0.00959164369851 0.0106841977686
      vertex 0.00126294698566 0.0111118191853 0.0109743317589
      vertex -0.000701415468939 0.0111515689641 0.01078495197
    endloop
  endfacet
  facet normal -0.145059615374 0.955505490303 0.256840288639
    outer loop
      vertex -0.000701415468939 0.0111515689641 0.01078495197
      vertex -0.000378906494007 0.00934767629951 0.0103490268812
      vertex 0.00139689538628 0.00959164369851 0.0106841977686
    endloop
  endfacet
  facet normal -0.127378389239 0.92859005928 0.348561763763
    outer loop
      vertex 0.00123354303651 0.00807484518737 0.0100924344733
      vertex 0.00139689538628 0.00959164369851 0.0106841977686
      vertex -0.000378906494007 0.00934767629951 0.0103490268812
    endloop
  endfacet
  facet normal -0.0987662300467 0.943810582161 0.315383583307
    outer loop
      vertex 4.05946739193e-05 0.00774987135082 0.00985900405794
      vertex 0.00123354303651 0.00807484518737 0.0100924344733
      vertex -0.000378906494007 0.00934767629951 0.0103490268812
    endloop
  endfacet
  facet normal -0.223364889622 0.937592566013 0.266511291265
    outer loop
      vertex -0.00321361259557 0.0105143580586 0.0100053381175
      vertex -0.000378906494007 0.00934767629951 0.0103490268812
      vertex -0.000701415468939 0.0111515689641 0.01078495197
    endloop
  endfacet
  facet normal -0.258536100388 0.954511523247 0.148549228907
    outer loop
      vertex -0.000701415468939 0.0111515689641 0.01078495197
      vertex -0.00357236154377 0.0127912443131 0.0102625172585
      vertex -0.00321361259557 0.0105143580586 0.0100053381175
    endloop
  endfacet
  facet normal -0.516977965832 0.837694108486 0.17607486248
    outer loop
      vertex -0.00651185121387 0.0102395247668 0.00791208259761
      vertex -0.00321361259557 0.0105143580586 0.0100053381175
      vertex -0.00357236154377 0.0127912443131 0.0102625172585
    endloop
  endfacet
  facet normal -0.63129556179 0.775433957577 -0.0129637327045
    outer loop
      vertex -0.00357236154377 0.0127912443131 0.0102625172585
      vertex -0.00604164693505 0.0148394685239 0.00821798294783
      vertex -0.00651185121387 0.0102395247668 0.00791208259761
    endloop
  endfacet
  facet normal -0.363748937845 0.931168377399 0.0247412361205
    outer loop
      vertex -0.00651185121387 0.0102395247668 0.00791208259761
      vertex -0.00604164693505 0.0148394685239 0.00821798294783
      vertex -0.00913895573467 0.0124857695773 0.00694552063942
    endloop
  endfacet
  facet normal -0.263341784477 0.822723269463 -0.503763377666
    outer loop
      vertex -0.00170567352325 0.0149644147605 0.00952935870737
      vertex -0.00604164693505 0.0148394685239 0.00821798294783
      vertex -0.00357236154377 0.0127912443131 0.0102625172585
    endloop
  endfacet
  facet normal 0.414377868176 0.891346991062 0.183824807405
    outer loop
      vertex 0.00360333221033 0.00965588912368 0.0101974084973
      vertex 0.00419285800308 0.0102822352201 0.0100525170565
      vertex 0.00302992085926 0.0105125410482 0.0106406509876
    endloop
  endfacet
  facet normal 0.497015118599 0.822135031223 0.277614742517
    outer loop
      vertex 0.00432992726564 0.00922426581383 0.0096124028787
      vertex 0.00419285800308 0.0102822352201 0.0100525170565
      vertex 0.00360333221033 0.00965588912368 0.0101974084973
    endloop
  endfacet
  facet normal 0.527502477169 0.819747984409 0.223056927323
    outer loop
      vertex 0.00360333221033 0.00965588912368 0.0101974084973
      vertex 0.00371263176203 0.00901264511049 0.00995204597712
      vertex 0.00432992726564 0.00922426581383 0.0096124028787
    endloop
  endfacet
  facet normal 0.537602186203 0.784512579441 0.309069395065
    outer loop
      vertex 0.00432992726564 0.00922426581383 0.0096124028787
      vertex 0.00371263176203 0.00901264511049 0.00995204597712
      vertex 0.00391221698374 0.00875457096845 0.00971360411495
    endloop
  endfacet
  facet normal 0.545949220657 0.77489054203 0.318565785885
    outer loop
      vertex 0.00391221698374 0.00875457096845 0.00971360411495
      vertex 0.00417942507192 0.00865658093244 0.00948505848646
      vertex 0.00432992726564 0.00922426581383 0.0096124028787
    endloop
  endfacet
  facet normal 0.525629520416 0.789650499821 0.316489696503
    outer loop
      vertex 0.00463210931048 0.00858663767576 0.00915569625795
      vertex 0.00432992726564 0.00922426581383 0.0096124028787
      vertex 0.00417942507192 0.00865658093244 0.00948505848646
    endloop
  endfacet
  facet normal 0.484507203102 0.758477926254 0.43584856391
    outer loop
      vertex 0.00449196994305 0.00837004277855 0.00912075303495
      vertex 0.00463210931048 0.00858663767576 0.00915569625795
      vertex 0.00417942507192 0.00865658093244 0.00948505848646
    endloop
  endfacet
  facet normal 0.504654049873 0.757989048958 0.413251578808
    outer loop
      vertex 0.00449196994305 0.00837004277855 0.00912075303495
      vertex 0.00417942507192 0.00865658093244 0.00948505848646
      vertex 0.00408472819254 0.00825319904834 0.00932818371803
    endloop
  endfacet
  facet normal 0.504507064819 0.738689124584 0.447002232075
    outer loop
      vertex 0.00435157772154 0.00815336499363 0.00908551923931
      vertex 0.00449196994305 0.00837004277855 0.00912075303495
      vertex 0.00408472819254 0.00825319904834 0.00932818371803
    endloop
  endfacet
  facet normal 0.507032752037 0.739636957645 0.442555010319
    outer loop
      vertex 0.00435157772154 0.00815336499363 0.00908551923931
      vertex 0.00408472819254 0.00825319904834 0.00932818371803
      vertex 0.00408319337294 0.00799369905144 0.0091739660129
    endloop
  endfacet
  facet normal 0.508919000626 0.734803438187 0.448403149843
    outer loop
      vertex 0.00421115523204 0.00793674495071 0.00905058532953
      vertex 0.00435157772154 0.00815336499363 0.00908551923931
      vertex 0.00408319337294 0.00799369905144 0.0091739660129
    endloop
  endfacet
  facet normal 0.50938808918 0.734940290451 0.447645634413
    outer loop
      vertex 0.00409445026889 0.00775629514828 0.00902156345546
      vertex 0.00421115523204 0.00793674495071 0.00905058532953
      vertex 0.00408319337294 0.00799369905144 0.0091739660129
    endloop
  endfacet
  facet normal 0.528249680996 0.725695014 0.440816253424
    outer loop
      vertex 0.00408319337294 0.00799369905144 0.0091739660129
      vertex 0.00397889129817 0.00772936968133 0.00908932555467
      vertex 0.00409445026889 0.00775629514828 0.00902156345546
    endloop
  endfacet
  facet normal 0.526507258415 0.715303242207 0.459490418434
    outer loop
      vertex 0.00403694203123 0.00766783114523 0.00900706648827
      vertex 0.00409445026889 0.00775629514828 0.00902156345546
      vertex 0.00397889129817 0.00772936968133 0.00908932555467
    endloop
  endfacet
  facet normal 0.525794565678 0.715352714062 0.460228860378
    outer loop
      vertex 0.00397889129817 0.00772936968133 0.00908932555467
      vertex 0.00396522972733 0.00762554071844 0.009032567963
      vertex 0.00403694203123 0.00766783114523 0.00900706648827
    endloop
  endfacet
  facet normal 0.525426268578 0.716448128223 0.458943754435
    outer loop
      vertex 0.00396522972733 0.00762554071844 0.009032567963
      vertex 0.00399850169197 0.00760886445642 0.0089974841103
      vertex 0.00403694203123 0.00766783114523 0.00900706648827
    endloop
  endfacet
  facet normal -0.78368806839 0.438878118992 -0.439566850662
    outer loop
      vertex 0.00402442319319 0.00761266285554 0.00903996638954
      vertex 0.00403694203123 0.00766783114523 0.00900706648827
      vertex 0.00399850169197 0.00760886445642 0.0089974841103
    endloop
  endfacet
  facet normal -0.784694552422 0.43972954154 -0.436912387609
    outer loop
      vertex 0.00402442319319 0.00761266285554 0.00903996638954
      vertex 0.00399850169197 0.00760886445642 0.0089974841103
      vertex 0.00399450724944 0.00757073750719 0.00902823917568
    endloop
  endfacet
  facet normal -0.784927427769 0.438924014568 -0.437303870916
    outer loop
      vertex 0.00399450724944 0.00757073750719 0.00902823917568
      vertex 0.00402671191841 0.00756696565077 0.00908958818763
      vertex 0.00402442319319 0.00761266285554 0.00903996638954
    endloop
  endfacet
  facet normal -0.78334993124 0.440237700939 -0.438809394836
    outer loop
      vertex 0.00402442319319 0.00761266285554 0.00903996638954
      vertex 0.00402671191841 0.00756696565077 0.00908958818763
      vertex 0.0040967152454 0.00767428474501 0.00910717993975
    endloop
  endfacet
  facet normal -0.783322691917 0.439338326454 -0.439758390188
    outer loop
      vertex 0.00403694203123 0.00766783114523 0.00900706648827
      vertex 0.00402442319319 0.00761266285554 0.00903996638954
      vertex 0.0040967152454 0.00767428474501 0.00910717993975
    endloop
  endfacet
  facet normal -0.784148395061 0.439967036247 -0.437653183937
    outer loop
      vertex 0.00409445026889 0.00775629514828 0.00902156345546
      vertex 0.00403694203123 0.00766783114523 0.00900706648827
      vertex 0.0040967152454 0.00767428474501 0.00910717993975
    endloop
  endfacet
  facet normal -0.79072624445 0.434240967035 -0.431493699551
    outer loop
      vertex 0.00417707813904 0.00779411708936 0.00913444161415
      vertex 0.00409445026889 0.00775629514828 0.00902156345546
      vertex 0.0040967152454 0.00767428474501 0.00910717993975
    endloop
  endfacet
  facet normal -0.782631099224 0.459061026573 -0.420418322086
    outer loop
      vertex 0.00417707813904 0.00779411708936 0.00913444161415
      vertex 0.0040967152454 0.00767428474501 0.00910717993975
      vertex 0.00419400399551 0.0076616583392 0.00928460620344
    endloop
  endfacet
  facet normal -0.778920471668 0.461932450533 -0.424147754908
    outer loop
      vertex 0.00419400399551 0.0076616583392 0.00928460620344
      vertex 0.00429285876453 0.00784523505718 0.00928273703903
      vertex 0.00417707813904 0.00779411708936 0.00913444161415
    endloop
  endfacet
  facet normal -0.7728972435 0.448821514845 -0.448541045189
    outer loop
      vertex 0.00429285876453 0.00784523505718 0.00928273703903
      vertex 0.00421115523204 0.00793674495071 0.00905058532953
      vertex 0.00417707813904 0.00779411708936 0.00913444161415
    endloop
  endfacet
  facet normal -0.788281917572 0.429344892502 -0.440765857697
    outer loop
      vertex 0.00421115523204 0.00793674495071 0.00905058532953
      vertex 0.00409445026889 0.00775629514828 0.00902156345546
      vertex 0.00417707813904 0.00779411708936 0.00913444161415
    endloop
  endfacet
  facet normal -0.781939446926 0.44661295414 -0.434864968061
    outer loop
      vertex 0.00421115523204 0.00793674495071 0.00905058532953
      vertex 0.00429285876453 0.00784523505718 0.00928273703903
      vertex 0.00435157772154 0.00815336499363 0.00908551923931
    endloop
  endfacet
  facet normal -0.801078140736 0.423056423664 -0.423434853554
    outer loop
      vertex 0.00435157772154 0.00815336499363 0.00908551923931
      vertex 0.00429285876453 0.00784523505718 0.00928273703903
      vertex 0.0044624125585 0.00809026509523 0.00935854576528
    endloop
  endfacet
  facet normal -0.790230095387 0.42321947217 -0.443194806576
    outer loop
      vertex 0.00449196994305 0.00837004277855 0.00912075303495
      vertex 0.00435157772154 0.00815336499363 0.00908551923931
      vertex 0.0044624125585 0.00809026509523 0.00935854576528
    endloop
  endfacet
  facet normal -0.790413916111 0.423027068377 -0.443050712347
    outer loop
      vertex 0.00449196994305 0.00837004277855 0.00912075303495
      vertex 0.0044624125585 0.00809026509523 0.00935854576528
      vertex 0.00460345251486 0.00836783554405 0.00933136604726
    endloop
  endfacet
  facet normal -0.790375471115 0.423007637262 -0.44313788414
    outer loop
      vertex 0.00449196994305 0.00837004277855 0.00912075303495
      vertex 0.00460345251486 0.00836783554405 0.00933136604726
      vertex 0.00463210931048 0.00858663767576 0.00915569625795
    endloop
  endfacet
  facet normal -0.790090560913 0.423317849636 -0.443349629641
    outer loop
      vertex 0.00463210931048 0.00858663767576 0.00915569625795
      vertex 0.00460345251486 0.00836783554405 0.00933136604726
      vertex 0.00492881331593 0.00870881602168 0.00958151184022
    endloop
  endfacet
  facet normal -0.790195643902 0.423492759466 -0.44299519062
    outer loop
      vertex 0.00491261389107 0.00901990756392 0.00922586675733
      vertex 0.00463210931048 0.00858663767576 0.00915569625795
      vertex 0.00492881331593 0.00870881602168 0.00958151184022
    endloop
  endfacet
  facet normal -0.776335775852 0.434658080339 -0.45648124814
    outer loop
      vertex 0.00492881331593 0.00870881602168 0.00958151184022
      vertex 0.00542515376583 0.00921007525176 0.00994159094989
      vertex 0.00491261389107 0.00901990756392 0.00922586675733
    endloop
  endfacet
  facet normal -0.780493140221 0.441254377365 -0.442860007286
    outer loop
      vertex 0.00512973917648 0.00949636381119 0.00913172960281
      vertex 0.00491261389107 0.00901990756392 0.00922586675733
      vertex 0.00542515376583 0.00921007525176 0.00994159094989
    endloop
  endfacet
  facet normal -0.7838062644 0.440610200167 -0.437618970871
    outer loop
      vertex 0.00559312105179 0.010239943862 0.00921751279384
      vertex 0.00512973917648 0.00949636381119 0.00913172960281
      vertex 0.00542515376583 0.00921007525176 0.00994159094989
    endloop
  endfacet
  facet normal -0.60792028904 0.599480330944 -0.520630657673
    outer loop
      vertex 0.00636896304786 0.00989904720336 0.0103003364056
      vertex 0.00559312105179 0.010239943862 0.00921751279384
      vertex 0.00542515376583 0.00921007525176 0.00994159094989
    endloop
  endfacet
  facet normal -0.624221026897 0.516458809376 -0.586189746857
    outer loop
      vertex 0.00585991283879 0.00905544031411 0.0106425788254
      vertex 0.00636896304786 0.00989904720336 0.0103003364056
      vertex 0.00542515376583 0.00921007525176 0.00994159094989
    endloop
  endfacet
  facet normal -0.736083328724 0.545063436031 -0.401356756687
    outer loop
      vertex 0.00585991283879 0.00905544031411 0.0106425788254
      vertex 0.00542515376583 0.00921007525176 0.00994159094989
      vertex 0.00504563096911 0.00845046341419 0.00998840201646
    endloop
  endfacet
  facet normal -0.711966633797 0.657027959824 -0.247826129198
    outer loop
      vertex 0.00571999512613 0.00800224766135 0.0108882179484
      vertex 0.00585991283879 0.00905544031411 0.0106425788254
      vertex 0.00504563096911 0.00845046341419 0.00998840201646
    endloop
  endfacet
  facet normal -0.670166790485 0.66572022438 -0.328166157007
    outer loop
      vertex 0.00571999512613 0.00800224766135 0.0108882179484
      vertex 0.00504563096911 0.00845046341419 0.00998840201646
      vertex 0.00486655673012 0.00789333507419 0.010082767345
    endloop
  endfacet
  facet normal -0.753618299961 0.563904643059 -0.337744057178
    outer loop
      vertex 0.00504563096911 0.00845046341419 0.00998840201646
      vertex 0.00468694372103 0.00820769462734 0.00965444464236
      vertex 0.00486655673012 0.00789333507419 0.010082767345
    endloop
  endfacet
  facet normal -0.777104437351 0.550182104111 -0.305627733469
    outer loop
      vertex 0.00486655673012 0.00789333507419 0.010082767345
      vertex 0.00468694372103 0.00820769462734 0.00965444464236
      vertex 0.00446766568348 0.00789780542254 0.00951687060297
    endloop
  endfacet
  facet normal -0.806041240692 0.467679858208 -0.362730026245
    outer loop
      vertex 0.00468694372103 0.00820769462734 0.00965444464236
      vertex 0.0044624125585 0.00809026509523 0.00935854576528
      vertex 0.00446766568348 0.00789780542254 0.00951687060297
    endloop
  endfacet
  facet normal -0.778706014156 0.494774699211 -0.385765343904
    outer loop
      vertex 0.0044624125585 0.00809026509523 0.00935854576528
      vertex 0.00429285876453 0.00784523505718 0.00928273703903
      vertex 0.00446766568348 0.00789780542254 0.00951687060297
    endloop
  endfacet
  facet normal -0.78318053484 0.502503573895 -0.366221815348
    outer loop
      vertex 0.00429763412103 0.00759676937014 0.0094712600112
      vertex 0.00446766568348 0.00789780542254 0.00951687060297
      vertex 0.00429285876453 0.00784523505718 0.00928273703903
    endloop
  endfacet
  facet normal -0.734561443329 0.547279119492 -0.401129752398
    outer loop
      vertex 0.00429763412103 0.00759676937014 0.0094712600112
      vertex 0.00429285876453 0.00784523505718 0.00928273703903
      vertex 0.00419400399551 0.0076616583392 0.00928460620344
    endloop
  endfacet
  facet normal -0.760775268078 0.544933319092 -0.352517604828
    outer loop
      vertex 0.00429763412103 0.00759676937014 0.0094712600112
      vertex 0.00419400399551 0.0076616583392 0.00928460620344
      vertex 0.00410894397646 0.00744729954749 0.00930452439934
    endloop
  endfacet
  facet normal -0.782565891743 0.509433686733 -0.357865840197
    outer loop
      vertex 0.00410894397646 0.00744729954749 0.00930452439934
      vertex 0.00419400399551 0.0076616583392 0.00928460620344
      vertex 0.00406439462677 0.00756014930084 0.00915681477636
    endloop
  endfacet
  facet normal -0.741690456867 0.533894777298 -0.406019300222
    outer loop
      vertex 0.00399497803301 0.00747609883547 0.00912430044264
      vertex 0.00410894397646 0.00744729954749 0.00930452439934
      vertex 0.00406439462677 0.00756014930084 0.00915681477636
    endloop
  endfacet
  facet normal -0.760766506195 0.471642017365 -0.445856601
    outer loop
      vertex 0.00402671191841 0.00756696565077 0.00908958818763
      vertex 0.00399497803301 0.00747609883547 0.00912430044264
      vertex 0.00406439462677 0.00756014930084 0.00915681477636
    endloop
  endfacet
  facet normal -0.770632922649 0.475038468838 -0.424809843302
    outer loop
      vertex 0.0040967152454 0.00767428474501 0.00910717993975
      vertex 0.00402671191841 0.00756696565077 0.00908958818763
      vertex 0.00406439462677 0.00756014930084 0.00915681477636
    endloop
  endfacet
  facet normal -0.782323300838 0.458942204714 -0.421120345592
    outer loop
      vertex 0.00406439462677 0.00756014930084 0.00915681477636
      vertex 0.00419400399551 0.0076616583392 0.00928460620344
      vertex 0.0040967152454 0.00767428474501 0.00910717993975
    endloop
  endfacet
  facet normal -0.783995389938 0.437111109495 -0.440777897835
    outer loop
      vertex 0.00397755065933 0.00751283066347 0.00905600283295
      vertex 0.00399497803301 0.00747609883547 0.00912430044264
      vertex 0.00402671191841 0.00756696565077 0.00908958818763
    endloop
  endfacet
  facet normal -0.783804237843 0.438484936953 -0.439752012491
    outer loop
      vertex 0.00399450724944 0.00757073750719 0.00902823917568
      vertex 0.00397755065933 0.00751283066347 0.00905600283295
      vertex 0.00402671191841 0.00756696565077 0.00908958818763
    endloop
  endfacet
  facet normal -0.783582389355 0.438796669245 -0.439836472273
    outer loop
      vertex 0.00399450724944 0.00757073750719 0.00902823917568
      vertex 0.00396006507799 0.00754987075925 0.00898765027523
      vertex 0.00397755065933 0.00751283066347 0.00905600283295
    endloop
  endfacet
  facet normal -0.794233083725 0.433753371239 -0.425501793623
    outer loop
      vertex 0.00396006507799 0.00754987075925 0.00898765027523
      vertex 0.00393109768629 0.00749118300155 0.00899218022823
      vertex 0.00397755065933 0.00751283066347 0.00905600283295
    endloop
  endfacet
  facet normal -0.799080431461 0.44416859746 -0.405197173357
    outer loop
      vertex 0.00397755065933 0.00751283066347 0.00905600283295
      vertex 0.00393109768629 0.00749118300155 0.00899218022823
      vertex 0.00391199206933 0.00742095895112 0.00902187079191
    endloop
  endfacet
  facet normal -0.803326010704 0.427806347609 -0.414305567741
    outer loop
      vertex 0.00391199206933 0.00742095895112 0.00902187079191
      vertex 0.00399497803301 0.00747609883547 0.00912430044264
      vertex 0.00397755065933 0.00751283066347 0.00905600283295
    endloop
  endfacet
  facet normal -0.804885387421 0.434536397457 -0.404150545597
    outer loop
      vertex 0.00399497803301 0.00747609883547 0.00912430044264
      vertex 0.00391199206933 0.00742095895112 0.00902187079191
      vertex 0.00388881005347 0.00724090123549 0.00914639793336
    endloop
  endfacet
  facet normal -0.749427616596 0.536011993885 -0.388650774956
    outer loop
      vertex 0.00399497803301 0.00747609883547 0.00912430044264
      vertex 0.00388881005347 0.00724090123549 0.00914639793336
      vertex 0.00410894397646 0.00744729954749 0.00930452439934
    endloop
  endfacet
  facet normal -0.765545427799 0.478832423687 -0.429720491171
    outer loop
      vertex 0.00388881005347 0.00724090123549 0.00914639793336
      vertex 0.00391199206933 0.00742095895112 0.00902187079191
      vertex 0.0038434418384 0.00736308097839 0.00896421540529
    endloop
  endfacet
  facet normal -0.785923719406 0.467283159494 -0.404932498932
    outer loop
      vertex 0.0038434418384 0.00736308097839 0.00896421540529
      vertex 0.0037893652916 0.0072550624609 0.00896686967462
      vertex 0.00388881005347 0.00724090123549 0.00914639793336
    endloop
  endfacet
  facet normal -0.781625807285 0.465693295002 -0.414958894253
    outer loop
      vertex 0.00388881005347 0.00724090123549 0.00914639793336
      vertex 0.0037893652916 0.0072550624609 0.00896686967462
      vertex 0.00374721712433 0.0071401190944 0.008998548612
    endloop
  endfacet
  facet normal -0.784126758575 0.518999278545 -0.340271890163
    outer loop
      vertex 0.00380654702894 0.00687575899065 0.00926150940359
      vertex 0.00388881005347 0.00724090123549 0.00914639793336
      vertex 0.00374721712433 0.0071401190944 0.008998548612
    endloop
  endfacet
  facet normal -0.794084787369 0.510615885258 -0.32969802618
    outer loop
      vertex 0.00364226684906 0.00687341298908 0.00900754425675
      vertex 0.00380654702894 0.00687575899065 0.00926150940359
      vertex 0.00374721712433 0.0071401190944 0.008998548612
    endloop
  endfacet
  facet normal -0.841832280159 0.414868116379 -0.345257669687
    outer loop
      vertex 0.00363394711167 0.00708897272125 0.00881127081811
      vertex 0.00364226684906 0.00687341298908 0.00900754425675
      vertex 0.00374721712433 0.0071401190944 0.008998548612
    endloop
  endfacet
  facet normal -0.850930988789 0.433748841286 -0.296274185181
    outer loop
      vertex 0.00372149050236 0.00721333082765 0.00889807008207
      vertex 0.00363394711167 0.00708897272125 0.00881127081811
      vertex 0.00374721712433 0.0071401190944 0.008998548612
    endloop
  endfacet
  facet normal -0.760733246803 0.49804648757 -0.416214674711
    outer loop
      vertex 0.00374721712433 0.0071401190944 0.008998548612
      vertex 0.0037893652916 0.0072550624609 0.00896686967462
      vertex 0.00372149050236 0.00721333082765 0.00889807008207
    endloop
  endfacet
  facet normal -0.731102466583 0.375917375088 -0.569363951683
    outer loop
      vertex 0.00372149050236 0.00721333082765 0.00889807008207
      vertex 0.0037893652916 0.0072550624609 0.00896686967462
      vertex 0.00378216081299 0.00728146126494 0.00891287438571
    endloop
  endfacet
  facet normal 0.509821534157 0.626052439213 0.59003418684
    outer loop
      vertex 0.00378216081299 0.00728146126494 0.00891287438571
      vertex 0.00372025906108 0.0073069348 0.00898729171604
      vertex 0.00372149050236 0.00721333082765 0.00889807008207
    endloop
  endfacet
  facet normal 0.424030274153 0.588386714458 0.688476145267
    outer loop
      vertex 0.00378216081299 0.00728146126494 0.00891287438571
      vertex 0.0038434418384 0.00736308097839 0.00896421540529
      vertex 0.00372025906108 0.0073069348 0.00898729171604
    endloop
  endfacet
  facet normal 0.380763530731 0.763538718224 0.521562755108
    outer loop
      vertex 0.0038434418384 0.00736308097839 0.00896421540529
      vertex 0.00377534213476 0.0074368249625 0.00904854945838
      vertex 0.00372025906108 0.0073069348 0.00898729171604
    endloop
  endfacet
  facet normal 0.512933433056 0.67183047533 0.534362316132
    outer loop
      vertex 0.00363405630924 0.00735308043659 0.00908980984241
      vertex 0.00372025906108 0.0073069348 0.00898729171604
      vertex 0.00377534213476 0.0074368249625 0.00904854945838
    endloop
  endfacet
  facet normal 0.500432014465 0.711041033268 0.49395185709
    outer loop
      vertex 0.00366975390352 0.00748746749014 0.00915804319084
      vertex 0.00363405630924 0.00735308043659 0.00908980984241
      vertex 0.00377534213476 0.0074368249625 0.00904854945838
    endloop
  endfacet
  facet normal 0.520662486553 0.716685175896 0.463975161314
    outer loop
      vertex 0.00366975390352 0.00748746749014 0.00915804319084
      vertex 0.00377534213476 0.0074368249625 0.00904854945838
      vertex 0.00378740369342 0.00753459148109 0.00910307932645
    endloop
  endfacet
  facet normal 0.520856976509 0.714793801308 0.466666698456
    outer loop
      vertex 0.00366975390352 0.00748746749014 0.00915804319084
      vertex 0.00378740369342 0.00753459148109 0.00910307932645
      vertex 0.00375156640075 0.00763517711312 0.00919486302882
    endloop
  endfacet
  facet normal 0.535727918148 0.700581669807 0.471360653639
    outer loop
      vertex 0.00356003479101 0.00757889263332 0.00930345617235
      vertex 0.00366975390352 0.00748746749014 0.00915804319084
      vertex 0.00375156640075 0.00763517711312 0.00919486302882
    endloop
  endfacet
  facet normal 0.536125183105 0.704805791378 0.464562743902
    outer loop
      vertex 0.00375156640075 0.00763517711312 0.00919486302882
      vertex 0.00366238574497 0.00779347494245 0.00936703942716
      vertex 0.00356003479101 0.00757889263332 0.00930345617235
    endloop
  endfacet
  facet normal 0.544007718563 0.697647333145 0.466201394796
    outer loop
      vertex 0.00366238574497 0.00779347494245 0.00936703942716
      vertex 0.00343279610388 0.00769565301016 0.00948069896549
      vertex 0.00356003479101 0.00757889263332 0.00930345617235
    endloop
  endfacet
  facet normal 0.502923548222 0.697397232056 0.51059281826
    outer loop
      vertex 0.00356003479101 0.00757889263332 0.00930345617235
      vertex 0.00343279610388 0.00769565301016 0.00948069896549
      vertex 0.0032600085251 0.00747766299173 0.00944570358843
    endloop
  endfacet
  facet normal 0.502450525761 0.72951811552 0.464054733515
    outer loop
      vertex 0.0032600085251 0.00747766299173 0.00944570358843
      vertex 0.00347704533488 0.00741509348154 0.00925641972572
      vertex 0.00356003479101 0.00757889263332 0.00930345617235
    endloop
  endfacet
  facet normal 0.534986495972 0.700565934181 0.472225368023
    outer loop
      vertex 0.00366975390352 0.00748746749014 0.00915804319084
      vertex 0.00356003479101 0.00757889263332 0.00930345617235
      vertex 0.00347704533488 0.00741509348154 0.00925641972572
    endloop
  endfacet
  facet normal 0.535273849964 0.687230348587 0.491117477417
    outer loop
      vertex 0.00347704533488 0.00741509348154 0.00925641972572
      vertex 0.00363405630924 0.00735308043659 0.00908980984241
      vertex 0.00366975390352 0.00748746749014 0.00915804319084
    endloop
  endfacet
  facet normal 0.531797170639 0.685992479324 0.496594488621
    outer loop
      vertex 0.00363405630924 0.00735308043659 0.00908980984241
      vertex 0.00347704533488 0.00741509348154 0.00925641972572
      vertex 0.00341193354689 0.00723609654233 0.00917731970549
    endloop
  endfacet
  facet normal 0.564817607403 0.659006476402 0.496680557728
    outer loop
      vertex 0.00341193354689 0.00723609654233 0.00917731970549
      vertex 0.00347704533488 0.00741509348154 0.00925641972572
      vertex 0.00322799501009 0.00725333159789 0.00934795755893
    endloop
  endfacet
  facet normal 0.533897519112 0.744611382484 0.400633603334
    outer loop
      vertex 0.00322799501009 0.00725333159789 0.00934795755893
      vertex 0.00347704533488 0.00741509348154 0.00925641972572
      vertex 0.0032600085251 0.00747766299173 0.00944570358843
    endloop
  endfacet
  facet normal 0.540870130062 0.723806500435 0.42844325304
    outer loop
      vertex 0.00347849843092 0.0080768847838 0.00967220962048
      vertex 0.00343279610388 0.00769565301016 0.00948069896549
      vertex 0.00366238574497 0.00779347494245 0.00936703942716
    endloop
  endfacet
  facet normal 0.513746678829 0.729267299175 0.451922118664
    outer loop
      vertex 0.00347849843092 0.0080768847838 0.00967220962048
      vertex 0.00366238574497 0.00779347494245 0.00936703942716
      vertex 0.00378626445308 0.00808101892471 0.00945795979351
    endloop
  endfacet
  facet normal 0.514918208122 0.731031358242 0.44771912694
    outer loop
      vertex 0.00378626445308 0.00808101892471 0.00945795979351
      vertex 0.00382154248655 0.00836870074272 0.00960930157453
      vertex 0.00347849843092 0.0080768847838 0.00967220962048
    endloop
  endfacet
  facet normal 0.497301787138 0.758539736271 0.421080052853
    outer loop
      vertex 0.00347849843092 0.0080768847838 0.00967220962048
      vertex 0.00382154248655 0.00836870074272 0.00960930157453
      vertex 0.00359707279131 0.00873233564198 0.00995832588524
    endloop
  endfacet
  facet normal 0.544649541378 0.728030323982 0.416327625513
    outer loop
      vertex 0.00328852212988 0.00855602137744 0.0100883310661
      vertex 0.00347849843092 0.0080768847838 0.00967220962048
      vertex 0.00359707279131 0.00873233564198 0.00995832588524
    endloop
  endfacet
  facet normal 0.486210554838 0.843280553818 0.229079037905
    outer loop
      vertex 0.0034057663288 0.0089449910447 0.010126395151
      vertex 0.00328852212988 0.00855602137744 0.0100883310661
      vertex 0.00359707279131 0.00873233564198 0.00995832588524
    endloop
  endfacet
  facet normal 0.516616821289 0.833880186081 0.194295763969
    outer loop
      vertex 0.0034057663288 0.0089449910447 0.010126395151
      vertex 0.00359707279131 0.00873233564198 0.00995832588524
      vertex 0.00371263176203 0.00901264511049 0.00995204597712
    endloop
  endfacet
  facet normal 0.518428564072 0.824593007565 0.226446896791
    outer loop
      vertex 0.00360333221033 0.00965588912368 0.0101974084973
      vertex 0.0034057663288 0.0089449910447 0.010126395151
      vertex 0.00371263176203 0.00901264511049 0.00995204597712
    endloop
  endfacet
  facet normal 0.60664498806 0.760041296482 0.233064517379
    outer loop
      vertex 0.00371263176203 0.00901264511049 0.00995204597712
      vertex 0.00359707279131 0.00873233564198 0.00995832588524
      vertex 0.00391221698374 0.00875457096845 0.00971360411495
    endloop
  endfacet
  facet normal 0.592170715332 0.731957733631 0.337004065514
    outer loop
      vertex 0.00382154248655 0.00836870074272 0.00960930157453
      vertex 0.00391221698374 0.00875457096845 0.00971360411495
      vertex 0.00359707279131 0.00873233564198 0.00995832588524
    endloop
  endfacet
  facet normal 0.538254141808 0.773139715195 0.335465997458
    outer loop
      vertex 0.00391221698374 0.00875457096845 0.00971360411495
      vertex 0.00382154248655 0.00836870074272 0.00960930157453
      vertex 0.00417942507192 0.00865658093244 0.00948505848646
    endloop
  endfacet
  facet normal 0.575574159622 0.707407951355 0.410229623318
    outer loop
      vertex 0.00382154248655 0.00836870074272 0.00960930157453
      vertex 0.00408472819254 0.00825319904834 0.00932818371803
      vertex 0.00417942507192 0.00865658093244 0.00948505848646
    endloop
  endfacet
  facet normal 0.559013128281 0.703598678112 0.438694834709
    outer loop
      vertex 0.00408472819254 0.00825319904834 0.00932818371803
      vertex 0.00382154248655 0.00836870074272 0.00960930157453
      vertex 0.00378626445308 0.00808101892471 0.00945795979351
    endloop
  endfacet
  facet normal 0.556293606758 0.712909698486 0.426962763071
    outer loop
      vertex 0.00408319337294 0.00799369905144 0.0091739660129
      vertex 0.00408472819254 0.00825319904834 0.00932818371803
      vertex 0.00378626445308 0.00808101892471 0.00945795979351
    endloop
  endfacet
  facet normal 0.543901264668 0.707443773746 0.451325535774
    outer loop
      vertex 0.00378626445308 0.00808101892471 0.00945795979351
      vertex 0.00385610060766 0.00777492672205 0.0092089921236
      vertex 0.00408319337294 0.00799369905144 0.0091739660129
    endloop
  endfacet
  facet normal 0.536605000496 0.718858897686 0.441924184561
    outer loop
      vertex 0.00385610060766 0.00777492672205 0.0092089921236
      vertex 0.00397889129817 0.00772936968133 0.00908932555467
      vertex 0.00408319337294 0.00799369905144 0.0091739660129
    endloop
  endfacet
  facet normal 0.526406645775 0.715191721916 0.459779173136
    outer loop
      vertex 0.00397889129817 0.00772936968133 0.00908932555467
      vertex 0.00385610060766 0.00777492672205 0.0092089921236
      vertex 0.00387089466676 0.00762311089784 0.00910050421953
    endloop
  endfacet
  facet normal 0.526644825935 0.714836597443 0.46005859971
    outer loop
      vertex 0.00396522972733 0.00762554071844 0.009032567963
      vertex 0.00397889129817 0.00772936968133 0.00908932555467
      vertex 0.00387089466676 0.00762311089784 0.00910050421953
    endloop
  endfacet
  facet normal 0.527638137341 0.716340720654 0.456567615271
    outer loop
      vertex 0.00387089466676 0.00762311089784 0.00910050421953
      vertex 0.00392383197322 0.00757774710655 0.00903259869665
      vertex 0.00396522972733 0.00762554071844 0.009032567963
    endloop
  endfacet
  facet normal 0.530612230301 0.712485432625 0.459146201611
    outer loop
      vertex 0.00392383197322 0.00757774710655 0.00903259869665
      vertex 0.00396006507799 0.00754987075925 0.00898765027523
      vertex 0.00396522972733 0.00762554071844 0.009032567963
    endloop
  endfacet
  facet normal 0.524140119553 0.716148078442 0.460878640413
    outer loop
      vertex 0.00396006507799 0.00754987075925 0.00898765027523
      vertex 0.00399850169197 0.00760886445642 0.0089974841103
      vertex 0.00396522972733 0.00762554071844 0.009032567963
    endloop
  endfacet
  facet normal -0.784029364586 0.440426170826 -0.437404602766
    outer loop
      vertex 0.00399450724944 0.00757073750719 0.00902823917568
      vertex 0.00399850169197 0.00760886445642 0.0089974841103
      vertex 0.00396006507799 0.00754987075925 0.00898765027523
    endloop
  endfacet
  facet normal 0.528533518314 0.712387025356 0.461689352989
    outer loop
      vertex 0.00392123963684 0.00753989908844 0.0090099927038
      vertex 0.00396006507799 0.00754987075925 0.00898765027523
      vertex 0.00392383197322 0.00757774710655 0.00903259869665
    endloop
  endfacet
  facet normal 0.526190340519 0.713711440563 0.462319910526
    outer loop
      vertex 0.00392123963684 0.00753989908844 0.0090099927038
      vertex 0.00392383197322 0.00757774710655 0.00903259869665
      vertex 0.00388240721077 0.0075302044861 0.00903234258294
    endloop
  endfacet
  facet normal 0.53112590313 0.76315164566 0.368109732866
    outer loop
      vertex 0.0038971605245 0.00749897584319 0.00900701154023
      vertex 0.00392123963684 0.00753989908844 0.0090099927038
      vertex 0.00388240721077 0.0075302044861 0.00903234258294
    endloop
  endfacet
  facet normal 0.475377887487 0.779576838017 0.407769322395
    outer loop
      vertex 0.00382888992317 0.00748336128891 0.00904047489166
      vertex 0.0038971605245 0.00749897584319 0.00900701154023
      vertex 0.00388240721077 0.0075302044861 0.00903234258294
    endloop
  endfacet
  facet normal 0.515292227268 0.720815777779 0.463571459055
    outer loop
      vertex 0.00378740369342 0.00753459148109 0.00910307932645
      vertex 0.00382888992317 0.00748336128891 0.00904047489166
      vertex 0.00388240721077 0.0075302044861 0.00903234258294
    endloop
  endfacet
  facet normal 0.514906466007 0.720367372036 0.464695811272
    outer loop
      vertex 0.00387089466676 0.00762311089784 0.00910050421953
      vertex 0.00378740369342 0.00753459148109 0.00910307932645
      vertex 0.00388240721077 0.0075302044861 0.00903234258294
    endloop
  endfacet
  facet normal 0.524173438549 0.716317951679 0.460576593876
    outer loop
      vertex 0.00388240721077 0.0075302044861 0.00903234258294
      vertex 0.00392383197322 0.00757774710655 0.00903259869665
      vertex 0.00387089466676 0.00762311089784 0.00910050421953
    endloop
  endfacet
  facet normal 0.51846575737 0.715533435345 0.468193531036
    outer loop
      vertex 0.00375156640075 0.00763517711312 0.00919486302882
      vertex 0.00378740369342 0.00753459148109 0.00910307932645
      vertex 0.00387089466676 0.00762311089784 0.00910050421953
    endloop
  endfacet
  facet normal 0.520826458931 0.717745780945 0.462148070335
    outer loop
      vertex 0.00387089466676 0.00762311089784 0.00910050421953
      vertex 0.00385610060766 0.00777492672205 0.0092089921236
      vertex 0.00375156640075 0.00763517711312 0.00919486302882
    endloop
  endfacet
  facet normal 0.531084299088 0.705931007862 0.468626558781
    outer loop
      vertex 0.00366238574497 0.00779347494245 0.00936703942716
      vertex 0.00375156640075 0.00763517711312 0.00919486302882
      vertex 0.00385610060766 0.00777492672205 0.0092089921236
    endloop
  endfacet
  facet normal 0.536128520966 0.71059179306 0.4556594491
    outer loop
      vertex 0.00378626445308 0.00808101892471 0.00945795979351
      vertex 0.00366238574497 0.00779347494245 0.00936703942716
      vertex 0.00385610060766 0.00777492672205 0.0092089921236
    endloop
  endfacet
  facet normal 0.513256072998 0.721033990383 0.465487003326
    outer loop
      vertex 0.00377534213476 0.0074368249625 0.00904854945838
      vertex 0.00382888992317 0.00748336128891 0.00904047489166
      vertex 0.00378740369342 0.00753459148109 0.00910307932645
    endloop
  endfacet
  facet normal 0.485082447529 0.763892710209 0.4256323874
    outer loop
      vertex 0.00382888992317 0.00748336128891 0.00904047489166
      vertex 0.00377534213476 0.0074368249625 0.00904854945838
      vertex 0.0038434418384 0.00736308097839 0.00896421540529
    endloop
  endfacet
  facet normal 0.56519317627 0.725939810276 0.391877621412
    outer loop
      vertex 0.0038434418384 0.00736308097839 0.00896421540529
      vertex 0.00389190716669 0.00744472816586 0.0089705567807
      vertex 0.00382888992317 0.00748336128891 0.00904047489166
    endloop
  endfacet
  facet normal 0.468535661697 0.711585402489 0.523565232754
    outer loop
      vertex 0.00389190716669 0.00744472816586 0.0089705567807
      vertex 0.0038971605245 0.00749897584319 0.00900701154023
      vertex 0.00382888992317 0.00748336128891 0.00904047489166
    endloop
  endfacet
  facet normal 0.221093863249 0.799410700798 0.558623313904
    outer loop
      vertex 0.0038971605245 0.00749897584319 0.00900701154023
      vertex 0.00389190716669 0.00744472816586 0.0089705567807
      vertex 0.00393109768629 0.00749118300155 0.00899218022823
    endloop
  endfacet
  facet normal 0.33500751853 0.904756844044 0.263030380011
    outer loop
      vertex 0.0038971605245 0.00749897584319 0.00900701154023
      vertex 0.00393109768629 0.00749118300155 0.00899218022823
      vertex 0.00392123963684 0.00753989908844 0.0090099927038
    endloop
  endfacet
  facet normal 0.526432394981 0.827321529388 0.195979654789
    outer loop
      vertex 0.00392123963684 0.00753989908844 0.0090099927038
      vertex 0.00393109768629 0.00749118300155 0.00899218022823
      vertex 0.00396006507799 0.00754987075925 0.00898765027523
    endloop
  endfacet
  facet normal -0.764694929123 0.492050617933 -0.416086316109
    outer loop
      vertex 0.00391199206933 0.00742095895112 0.00902187079191
      vertex 0.00393109768629 0.00749118300155 0.00899218022823
      vertex 0.00389190716669 0.00744472816586 0.0089705567807
    endloop
  endfacet
  facet normal -0.764877080917 0.491996467113 -0.415815502405
    outer loop
      vertex 0.00391199206933 0.00742095895112 0.00902187079191
      vertex 0.00389190716669 0.00744472816586 0.0089705567807
      vertex 0.0038434418384 0.00736308097839 0.00896421540529
    endloop
  endfacet
  facet normal -0.843153178692 0.322746604681 -0.430031865835
    outer loop
      vertex 0.00378216081299 0.00728146126494 0.00891287438571
      vertex 0.0037893652916 0.0072550624609 0.00896686967462
      vertex 0.0038434418384 0.00736308097839 0.00896421540529
    endloop
  endfacet
  facet normal -0.790087819099 0.423736453056 -0.442954480648
    outer loop
      vertex 0.00460345251486 0.00836783554405 0.00933136604726
      vertex 0.0044624125585 0.00809026509523 0.00935854576528
      vertex 0.00468694372103 0.00820769462734 0.00965444464236
    endloop
  endfacet
  facet normal -0.790055453777 0.423750191927 -0.442999005318
    outer loop
      vertex 0.00492881331593 0.00870881602168 0.00958151184022
      vertex 0.00460345251486 0.00836783554405 0.00933136604726
      vertex 0.00468694372103 0.00820769462734 0.00965444464236
    endloop
  endfacet
  facet normal -0.753434121609 0.492742031813 -0.435364544392
    outer loop
      vertex 0.00504563096911 0.00845046341419 0.00998840201646
      vertex 0.00492881331593 0.00870881602168 0.00958151184022
      vertex 0.00468694372103 0.00820769462734 0.00965444464236
    endloop
  endfacet
  facet normal -0.770273089409 0.484458267689 -0.414704144001
    outer loop
      vertex 0.00492881331593 0.00870881602168 0.00958151184022
      vertex 0.00504563096911 0.00845046341419 0.00998840201646
      vertex 0.00542515376583 0.00921007525176 0.00994159094989
    endloop
  endfacet
  facet normal -0.508233487606 0.567962348461 -0.647392809391
    outer loop
      vertex 0.00649943901226 0.0106232427061 0.00959161482751
      vertex 0.00559312105179 0.010239943862 0.00921751279384
      vertex 0.00636896304786 0.00989904720336 0.0103003364056
    endloop
  endfacet
  facet normal -0.494366019964 0.575065076351 -0.65184533596
    outer loop
      vertex 0.00649943901226 0.0106232427061 0.00959161482751
      vertex 0.00636896304786 0.00989904720336 0.0103003364056
      vertex 0.0077937184833 0.0109323216602 0.0103539219126
    endloop
  endfacet
  facet normal -0.524040281773 0.683966815472 -0.507514715195
    outer loop
      vertex 0.00691226078197 0.0112613188103 0.00943444762379
      vertex 0.00649943901226 0.0106232427061 0.00959161482751
      vertex 0.0077937184833 0.0109323216602 0.0103539219126
    endloop
  endfacet
  facet normal -0.506420254707 0.67670404911 -0.534425020218
    outer loop
      vertex 0.00776070542634 0.0118041429669 0.00964069832116
      vertex 0.00691226078197 0.0112613188103 0.00943444762379
      vertex 0.0077937184833 0.0109323216602 0.0103539219126
    endloop
  endfacet
  facet normal -0.249898791313 0.754052877426 -0.607416570187
    outer loop
      vertex 0.00776070542634 0.0118041429669 0.00964069832116
      vertex 0.0077937184833 0.0109323216602 0.0103539219126
      vertex 0.00935450941324 0.011892830953 0.0100974552333
    endloop
  endfacet
  facet normal -0.252707540989 0.767370045185 -0.589306473732
    outer loop
      vertex 0.00799606647342 0.0127859935164 0.00896418839693
      vertex 0.00776070542634 0.0118041429669 0.00964069832116
      vertex 0.00935450941324 0.011892830953 0.0100974552333
    endloop
  endfacet
  facet normal -0.244544938207 0.763855755329 -0.597262203693
    outer loop
      vertex 0.00876604858786 0.0132483718917 0.00884915795177
      vertex 0.00799606647342 0.0127859935164 0.00896418839693
      vertex 0.00935450941324 0.011892830953 0.0100974552333
    endloop
  endfacet
  facet normal -0.104811742902 0.753813743591 -0.648675024509
    outer loop
      vertex 0.00935450941324 0.011892830953 0.0100974552333
      vertex 0.010210826993 0.0137090422213 0.00865362491459
      vertex 0.00876604858786 0.0132483718917 0.00884915795177
    endloop
  endfacet
  facet normal -0.101430952549 0.760783672333 -0.641030430794
    outer loop
      vertex 0.00876604858786 0.0132483718917 0.00884915795177
      vertex 0.010210826993 0.0137090422213 0.00865362491459
      vertex 0.00914470758289 0.0140673955902 0.00820953957736
    endloop
  endfacet
  facet normal 0.145380929112 0.806719958782 -0.572771608829
    outer loop
      vertex 0.0115297213197 0.0108161205426 0.0104699209332
      vertex 0.010210826993 0.0137090422213 0.00865362491459
      vertex 0.00935450941324 0.011892830953 0.0100974552333
    endloop
  endfacet
  facet normal 0.0684809312224 0.891958117485 -0.446901649237
    outer loop
      vertex 0.00946932192892 0.0100934337825 0.0109902005643
      vertex 0.0115297213197 0.0108161205426 0.0104699209332
      vertex 0.00935450941324 0.011892830953 0.0100974552333
    endloop
  endfacet
  facet normal -0.121059730649 0.892272830009 -0.434964001179
    outer loop
      vertex 0.00935450941324 0.011892830953 0.0100974552333
      vertex 0.0077937184833 0.0109323216602 0.0103539219126
      vertex 0.00946932192892 0.0100934337825 0.0109902005643
    endloop
  endfacet
  facet normal 0.0653315782547 0.831422746181 -0.551786243916
    outer loop
      vertex 0.0124458214268 0.0136148817837 0.0085404952988
      vertex 0.010210826993 0.0137090422213 0.00865362491459
      vertex 0.0115297213197 0.0108161205426 0.0104699209332
    endloop
  endfacet
  facet normal -0.232867881656 0.77937400341 -0.581677496433
    outer loop
      vertex 0.00770651595667 0.0134039027616 0.00841650366783
      vertex 0.00799606647342 0.0127859935164 0.00896418839693
      vertex 0.00876604858786 0.0132483718917 0.00884915795177
    endloop
  endfacet
  facet normal -0.437062710524 0.764908671379 -0.473171085119
    outer loop
      vertex 0.00770651595667 0.0134039027616 0.00841650366783
      vertex 0.00740995211527 0.0127863856032 0.00862904451787
      vertex 0.00799606647342 0.0127859935164 0.00896418839693
    endloop
  endfacet
  facet normal -0.4115254879 0.720347702503 -0.558342158794
    outer loop
      vertex 0.00799606647342 0.0127859935164 0.00896418839693
      vertex 0.00740995211527 0.0127863856032 0.00862904451787
      vertex 0.00721771456301 0.0118659595028 0.00923264492303
    endloop
  endfacet
  facet normal -0.447335571051 0.682775914669 -0.577674567699
    outer loop
      vertex 0.00721771456301 0.0118659595028 0.00923264492303
      vertex 0.00776070542634 0.0118041429669 0.00964069832116
      vertex 0.00799606647342 0.0127859935164 0.00896418839693
    endloop
  endfacet
  facet normal -0.488152891397 0.723518967628 -0.488085091114
    outer loop
      vertex 0.00776070542634 0.0118041429669 0.00964069832116
      vertex 0.00721771456301 0.0118659595028 0.00923264492303
      vertex 0.00691226078197 0.0112613188103 0.00943444762379
    endloop
  endfacet
  facet normal -0.569591224194 0.648994386196 -0.504353165627
    outer loop
      vertex 0.00691226078197 0.0112613188103 0.00943444762379
      vertex 0.00721771456301 0.0118659595028 0.00923264492303
      vertex 0.00678782304749 0.0115415435284 0.00910746306181
    endloop
  endfacet
  facet normal -0.596068918705 0.641113638878 -0.483399569988
    outer loop
      vertex 0.00678782304749 0.0115415435284 0.00910746306181
      vertex 0.00656994339079 0.0111776869744 0.00917924009264
      vertex 0.00691226078197 0.0112613188103 0.00943444762379
    endloop
  endfacet
  facet normal -0.586226761341 0.61258649826 -0.530165970325
    outer loop
      vertex 0.00656994339079 0.0111776869744 0.00917924009264
      vertex 0.00649943901226 0.0106232427061 0.00959161482751
      vertex 0.00691226078197 0.0112613188103 0.00943444762379
    endloop
  endfacet
  facet normal -0.604729413986 0.600307583809 -0.523386240005
    outer loop
      vertex 0.00608167052269 0.0108517613262 0.00897153280675
      vertex 0.00649943901226 0.0106232427061 0.00959161482751
      vertex 0.00656994339079 0.0111776869744 0.00917924009264
    endloop
  endfacet
  facet normal -0.595571935177 0.641621172428 -0.483338743448
    outer loop
      vertex 0.00656994339079 0.0111776869744 0.00917924009264
      vertex 0.00637237075716 0.0113367661834 0.00887601077557
      vertex 0.00608167052269 0.0108517613262 0.00897153280675
    endloop
  endfacet
  facet normal 0.674638032913 0.687396645546 0.26897841692
    outer loop
      vertex 0.00594460079446 0.0115936659276 0.00939636491239
      vertex 0.00608167052269 0.0108517613262 0.00897153280675
      vertex 0.00637237075716 0.0113367661834 0.00887601077557
    endloop
  endfacet
  facet normal 0.716545283794 0.675306916237 0.174709573388
    outer loop
      vertex 0.00637237075716 0.0113367661834 0.00887601077557
      vertex 0.00643393490463 0.0120093394071 0.00898468960077
      vertex 0.00594460079446 0.0115936659276 0.00939636491239
    endloop
  endfacet
  facet normal 0.567182004452 0.803295016289 0.181718721986
    outer loop
      vertex 0.00643393490463 0.0120093394071 0.00898468960077
      vertex 0.00637237075716 0.0113367661834 0.00887601077557
      vertex 0.00666307099164 0.0118217682466 0.00878047198057
    endloop
  endfacet
  facet normal 0.722087323666 0.676258385181 -0.145823389292
    outer loop
      vertex 0.00666307099164 0.0118217682466 0.00878047198057
      vertex 0.00678237527609 0.0122785596177 0.00855458341539
      vertex 0.00643393490463 0.0120093394071 0.00898468960077
    endloop
  endfacet
  facet normal -0.577557444572 0.661719679832 -0.478073745966
    outer loop
      vertex 0.00678237527609 0.0122785596177 0.00855458341539
      vertex 0.00666307099164 0.0118217682466 0.00878047198057
      vertex 0.00721771456301 0.0118659595028 0.00923264492303
    endloop
  endfacet
  facet normal -0.517322957516 0.662087917328 -0.54223293066
    outer loop
      vertex 0.00721771456301 0.0118659595028 0.00923264492303
      vertex 0.00740995211527 0.0127863856032 0.00862904451787
      vertex 0.00678237527609 0.0122785596177 0.00855458341539
    endloop
  endfacet
  facet normal -0.459719002247 0.761796951294 -0.456425130367
    outer loop
      vertex 0.00703134387732 0.01282683108 0.00837633386254
      vertex 0.00678237527609 0.0122785596177 0.00855458341539
      vertex 0.00740995211527 0.0127863856032 0.00862904451787
    endloop
  endfacet
  facet normal 0.579376041889 0.815058171749 -0.00189103325829
    outer loop
      vertex 0.00678237527609 0.0122785596177 0.00855458341539
      vertex 0.00703134387732 0.01282683108 0.00837633386254
      vertex 0.00655011134222 0.0131446821615 0.00871767569333
    endloop
  endfacet
  facet normal -0.569487512112 0.649276733398 -0.504106760025
    outer loop
      vertex 0.00721771456301 0.0118659595028 0.00923264492303
      vertex 0.00666307099164 0.0118217682466 0.00878047198057
      vertex 0.00678782304749 0.0115415435284 0.00910746306181
    endloop
  endfacet
  facet normal -0.595653355122 0.641506314278 -0.48339086771
    outer loop
      vertex 0.00678782304749 0.0115415435284 0.00910746306181
      vertex 0.00666307099164 0.0118217682466 0.00878047198057
      vertex 0.00637237075716 0.0113367661834 0.00887601077557
    endloop
  endfacet
  facet normal -0.595646381378 0.641621351242 -0.483246713877
    outer loop
      vertex 0.00637237075716 0.0113367661834 0.00887601077557
      vertex 0.00656994339079 0.0111776869744 0.00917924009264
      vertex 0.00678782304749 0.0115415435284 0.00910746306181
    endloop
  endfacet
  facet normal 0.691236913204 0.674746274948 0.25866779685
    outer loop
      vertex 0.00594460079446 0.0115936659276 0.00939636491239
      vertex 0.00570873124525 0.0108045833185 0.00933550018817
      vertex 0.00608167052269 0.0108517613262 0.00897153280675
    endloop
  endfacet
  facet normal 0.688316762447 0.668897509575 0.280706524849
    outer loop
      vertex 0.00608167052269 0.0108517613262 0.00897153280675
      vertex 0.00570873124525 0.0108045833185 0.00933550018817
      vertex 0.00559312105179 0.010239943862 0.00921751279384
    endloop
  endfacet
  facet normal -0.508499383926 0.57784986496 -0.638371288776
    outer loop
      vertex 0.00608167052269 0.0108517613262 0.00897153280675
      vertex 0.00559312105179 0.010239943862 0.00921751279384
      vertex 0.00649943901226 0.0106232427061 0.00959161482751
    endloop
  endfacet
  facet normal 0.519967794418 0.808564305305 0.275421947241
    outer loop
      vertex 0.00559312105179 0.010239943862 0.00921751279384
      vertex 0.00570873124525 0.0108045833185 0.00933550018817
      vertex 0.00506049348041 0.010451760143 0.00963218417019
    endloop
  endfacet
  facet normal 0.492991298437 0.803579092026 0.333496928215
    outer loop
      vertex 0.00559312105179 0.010239943862 0.00921751279384
      vertex 0.00506049348041 0.010451760143 0.00963218417019
      vertex 0.00472637964413 0.00975977163762 0.0095499753952
    endloop
  endfacet
  facet normal 0.515152573586 0.753765523434 0.407989412546
    outer loop
      vertex 0.00472637964413 0.00975977163762 0.0095499753952
      vertex 0.00512973917648 0.00949636381119 0.00913172960281
      vertex 0.00559312105179 0.010239943862 0.00921751279384
    endloop
  endfacet
  facet normal 0.660211324692 0.734766125679 0.155691146851
    outer loop
      vertex 0.00491261389107 0.00901990756392 0.00922586675733
      vertex 0.00512973917648 0.00949636381119 0.00913172960281
      vertex 0.00472637964413 0.00975977163762 0.0095499753952
    endloop
  endfacet
  facet normal 0.472349435091 0.844856142998 0.251205325127
    outer loop
      vertex 0.00432992726564 0.00922426581383 0.0096124028787
      vertex 0.00491261389107 0.00901990756392 0.00922586675733
      vertex 0.00472637964413 0.00975977163762 0.0095499753952
    endloop
  endfacet
  facet normal 0.501866698265 0.819732367992 0.275986671448
    outer loop
      vertex 0.00432992726564 0.00922426581383 0.0096124028787
      vertex 0.00472637964413 0.00975977163762 0.0095499753952
      vertex 0.00419285800308 0.0102822352201 0.0100525170565
    endloop
  endfacet
  facet normal 0.462983340025 0.825940847397 0.321664720774
    outer loop
      vertex 0.00472637964413 0.00975977163762 0.0095499753952
      vertex 0.00506049348041 0.010451760143 0.00963218417019
      vertex 0.00419285800308 0.0102822352201 0.0100525170565
    endloop
  endfacet
  facet normal 0.462954521179 0.81615883112 0.345771491528
    outer loop
      vertex 0.00506049348041 0.010451760143 0.00963218417019
      vertex 0.00496110320091 0.01090371795 0.00988003704697
      vertex 0.00419285800308 0.0102822352201 0.0100525170565
    endloop
  endfacet
  facet normal 0.531247317791 0.786651730537 0.314571589231
    outer loop
      vertex 0.00496110320091 0.01090371795 0.00988003704697
      vertex 0.00506049348041 0.010451760143 0.00963218417019
      vertex 0.00570873124525 0.0108045833185 0.00933550018817
    endloop
  endfacet
  facet normal 0.553471386433 0.801266789436 0.227246418595
    outer loop
      vertex 0.00496110320091 0.01090371795 0.00988003704697
      vertex 0.00570873124525 0.0108045833185 0.00933550018817
      vertex 0.00594460079446 0.0115936659276 0.00939636491239
    endloop
  endfacet
  facet normal 0.406792193651 0.822920441628 0.396638482809
    outer loop
      vertex 0.00432992726564 0.00922426581383 0.0096124028787
      vertex 0.00463210931048 0.00858663767576 0.00915569625795
      vertex 0.00491261389107 0.00901990756392 0.00922586675733
    endloop
  endfacet
  facet normal -0.740212678909 0.605407595634 -0.292518079281
    outer loop
      vertex 0.00434439396486 0.00695955846459 0.00987748522311
      vertex 0.00465433998033 0.00687494874001 0.0102973273024
      vertex 0.00464543001726 0.00743774650618 0.0100145032629
    endloop
  endfacet
  facet normal 0.298413366079 0.698465466499 -0.650457859039
    outer loop
      vertex 0.0124458214268 0.0136148817837 0.0085404952988
      vertex 0.015429972671 0.0140981813893 0.00681546097621
      vertex 0.0128966271877 0.0150914825499 0.00697278231382
    endloop
  endfacet
  facet normal 0.329556971788 0.57401663065 -0.749597966671
    outer loop
      vertex 0.0128966271877 0.0150914825499 0.00697278231382
      vertex 0.015429972671 0.0140981813893 0.00681546097621
      vertex 0.0147600537166 0.015721431002 0.00508030643687
    endloop
  endfacet
  facet normal 0.243766114116 0.513821482658 -0.822536051273
    outer loop
      vertex 0.0125648975372 0.016610654071 0.00469823880121
      vertex 0.0128966271877 0.0150914825499 0.00697278231382
      vertex 0.0147600537166 0.015721431002 0.00508030643687
    endloop
  endfacet
  facet normal 0.322316288948 0.263954281807 -0.909087657928
    outer loop
      vertex 0.0147600537166 0.015721431002 0.00508030643687
      vertex 0.0134713277221 0.0165681112558 0.00373791623861
      vertex 0.0125648975372 0.016610654071 0.00469823880121
    endloop
  endfacet
  facet normal 0.0470700450242 0.000176205445314 -0.998891592026
    outer loop
      vertex 0.0125648975372 0.016610654071 0.00469823880121
      vertex 0.0134713277221 0.0165681112558 0.00373791623861
      vertex 0.0121375164017 0.0166309885681 0.00359504437074
    endloop
  endfacet
  facet normal -0.0960755199194 0.0555378124118 -0.993823468685
    outer loop
      vertex 0.0121375164017 0.0166309885681 0.00359504437074
      vertex 0.0113881006837 0.0165219381452 0.00425002956763
      vertex 0.0125648975372 0.016610654071 0.00469823880121
    endloop
  endfacet
  facet normal -0.189200505614 0.312500089407 -0.930885016918
    outer loop
      vertex 0.0113881006837 0.0165219381452 0.00425002956763
      vertex 0.0112980986014 0.0158428251743 0.00621849903837
      vertex 0.0125648975372 0.016610654071 0.00469823880121
    endloop
  endfacet
  facet normal 0.138498306274 0.536011219025 -0.832772612572
    outer loop
      vertex 0.0125648975372 0.016610654071 0.00469823880121
      vertex 0.0112980986014 0.0158428251743 0.00621849903837
      vertex 0.0128966271877 0.0150914825499 0.00697278231382
    endloop
  endfacet
  facet normal -0.0586951859295 0.323170632124 -0.944518744946
    outer loop
      vertex 0.0113881006837 0.0165219381452 0.00425002956763
      vertex 0.0101978713647 0.0161710996181 0.00505923898891
      vertex 0.0112980986014 0.0158428251743 0.00621849903837
    endloop
  endfacet
  facet normal -0.343409121037 0.542933344841 -0.766350805759
    outer loop
      vertex 0.0112980986014 0.0158428251743 0.00621849903837
      vertex 0.0101978713647 0.0161710996181 0.00505923898891
      vertex 0.00971303973347 0.0154839707538 0.00572246219963
    endloop
  endfacet
  facet normal -0.442510515451 0.468639194965 -0.764566361904
    outer loop
      vertex 0.0101978713647 0.0161710996181 0.00505923898891
      vertex 0.00919738598168 0.0156443621963 0.00497388560325
      vertex 0.00971303973347 0.0154839707538 0.00572246219963
    endloop
  endfacet
  facet normal -0.538284480572 0.513909816742 -0.667942047119
    outer loop
      vertex 0.00971303973347 0.0154839707538 0.00572246219963
      vertex 0.00919738598168 0.0156443621963 0.00497388560325
      vertex 0.00911361537874 0.0152454786003 0.00540458224714
    endloop
  endfacet
  facet normal -0.54350155592 0.547510743141 -0.636268854141
    outer loop
      vertex 0.00900886952877 0.0145797748119 0.00607422506437
      vertex 0.00971303973347 0.0154839707538 0.00572246219963
      vertex 0.00911361537874 0.0152454786003 0.00540458224714
    endloop
  endfacet
  facet normal -0.565509080887 0.517872929573 -0.641877770424
    outer loop
      vertex 0.00971303973347 0.0154839707538 0.00572246219963
      vertex 0.00900886952877 0.0145797748119 0.00607422506437
      vertex 0.00955208204687 0.0145974857733 0.00664545362815
    endloop
  endfacet
  facet normal -0.162830203772 0.124498143792 -0.978767871857
    outer loop
      vertex 0.00881358236074 0.0145050836727 0.00640601571649
      vertex 0.00955208204687 0.0145974857733 0.00664545362815
      vertex 0.00900886952877 0.0145797748119 0.00607422506437
    endloop
  endfacet
  facet normal 0.740549147129 0.528472304344 -0.415095150471
    outer loop
      vertex 0.00866626948118 0.0158222969621 0.00557837961242
      vertex 0.00911361537874 0.0152454786003 0.00540458224714
      vertex 0.00919738598168 0.0156443621963 0.00497388560325
    endloop
  endfacet
  facet normal 0.7171651721 0.481933087111 -0.503403007984
    outer loop
      vertex 0.00856752041727 0.0166252069175 0.00488664954901
      vertex 0.00866626948118 0.0158222969621 0.00557837961242
      vertex 0.00919738598168 0.0156443621963 0.00497388560325
    endloop
  endfacet
  facet normal 0.841125309467 0.00728791160509 -0.540791153908
    outer loop
      vertex 0.00887914747 0.0161490570754 0.0042527038604
      vertex 0.00856752041727 0.0166252069175 0.00488664954901
      vertex 0.00919738598168 0.0156443621963 0.00497388560325
    endloop
  endfacet
  facet normal 0.841191709042 0.00718731200323 -0.54068928957
    outer loop
      vertex 0.00919392704964 0.0156587511301 0.00429631210864
      vertex 0.00887914747 0.0161490570754 0.0042527038604
      vertex 0.00919738598168 0.0156443621963 0.00497388560325
    endloop
  endfacet
  facet normal -0.466989785433 0.0211556833237 -0.884009599686
    outer loop
      vertex 0.00969417952001 0.0159219913185 0.00433912826702
      vertex 0.00919392704964 0.0156587511301 0.00429631210864
      vertex 0.00919738598168 0.0156443621963 0.00497388560325
    endloop
  endfacet
  facet normal -0.46715977788 0.0209851320833 -0.883923828602
    outer loop
      vertex 0.00969417952001 0.0159219913185 0.00433912826702
      vertex 0.00919738598168 0.0156443621963 0.00497388560325
      vertex 0.0101978713647 0.0161710996181 0.00505923898891
    endloop
  endfacet
  facet normal -0.607934892178 0.155911654234 -0.778528571129
    outer loop
      vertex 0.00969417952001 0.0159219913185 0.00433912826702
      vertex 0.0101978713647 0.0161710996181 0.00505923898891
      vertex 0.0102112740278 0.0164334494621 0.00380147923715
    endloop
  endfacet
  facet normal -0.60782456398 0.15606957674 -0.778583049774
    outer loop
      vertex 0.00919043365866 0.0156731363386 0.00361871765926
      vertex 0.00969417952001 0.0159219913185 0.00433912826702
      vertex 0.0102112740278 0.0164334494621 0.00380147923715
    endloop
  endfacet
  facet normal -0.602756559849 0.0552680641413 -0.796008765697
    outer loop
      vertex 0.0102112740278 0.0164334494621 0.00380147923715
      vertex 0.00956509914249 0.0160168781877 0.00275400909595
      vertex 0.00919043365866 0.0156731363386 0.00361871765926
    endloop
  endfacet
  facet normal 0.899499237537 0.426838874817 -0.0933259576559
    outer loop
      vertex 0.00919043365866 0.0156731363386 0.00361871765926
      vertex 0.00956509914249 0.0160168781877 0.00275400909595
      vertex 0.00928981415927 0.0166861023754 0.00318780960515
    endloop
  endfacet
  facet normal 0.916616380215 0.392291933298 -0.0769506320357
    outer loop
      vertex 0.00887914747 0.0161490570754 0.0042527038604
      vertex 0.00919043365866 0.0156731363386 0.00361871765926
      vertex 0.00928981415927 0.0166861023754 0.00318780960515
    endloop
  endfacet
  facet normal 0.903126120567 0.410981953144 -0.124326333404
    outer loop
      vertex 0.00928981415927 0.0166861023754 0.00318780960515
      vertex 0.00895825214684 0.0170502681285 0.0038062480744
      vertex 0.00887914747 0.0161490570754 0.0042527038604
    endloop
  endfacet
  facet normal 0.921365857124 0.374362230301 -0.104584090412
    outer loop
      vertex 0.00895825214684 0.0170502681285 0.0038062480744
      vertex 0.00856752041727 0.0166252069175 0.00488664954901
      vertex 0.00887914747 0.0161490570754 0.0042527038604
    endloop
  endfacet
  facet normal 0.533980667591 0.469705909491 -0.70302271843
    outer loop
      vertex 0.00895825214684 0.0170502681285 0.0038062480744
      vertex 0.00755131989717 0.0173561330885 0.00494790636003
      vertex 0.00856752041727 0.0166252069175 0.00488664954901
    endloop
  endfacet
  facet normal 0.533984482288 0.469692021608 -0.703029155731
    outer loop
      vertex 0.00856752041727 0.0166252069175 0.00488664954901
      vertex 0.00755131989717 0.0173561330885 0.00494790636003
      vertex 0.00817682594061 0.0162001494318 0.00596704380587
    endloop
  endfacet
  facet normal 0.741902410984 0.460157006979 -0.487684696913
    outer loop
      vertex 0.00817682594061 0.0162001494318 0.00596704380587
      vertex 0.00866626948118 0.0158222969621 0.00557837961242
      vertex 0.00856752041727 0.0166252069175 0.00488664954901
    endloop
  endfacet
  facet normal 0.393055915833 0.247096523643 -0.885692000389
    outer loop
      vertex 0.00706008588895 0.0181642379612 0.00283274473622
      vertex 0.00755131989717 0.0173561330885 0.00494790636003
      vertex 0.00895825214684 0.0170502681285 0.0038062480744
    endloop
  endfacet
  facet normal 0.395542860031 0.242449909449 -0.885869026184
    outer loop
      vertex 0.00895825214684 0.0170502681285 0.0038062480744
      vertex 0.00869478937238 0.0175408851355 0.00244344584644
      vertex 0.00706008588895 0.0181642379612 0.00283274473622
    endloop
  endfacet
  facet normal 0.394860118628 0.236540421844 -0.887769162655
    outer loop
      vertex 0.00869478937238 0.0175408851355 0.00244344584644
      vertex 0.00804804917425 0.0179997701198 0.00180079508573
      vertex 0.00706008588895 0.0181642379612 0.00283274473622
    endloop
  endfacet
  facet normal 0.47190335393 0.145951509476 -0.869485676289
    outer loop
      vertex 0.00869478937238 0.0175408851355 0.00244344584644
      vertex 0.00902707874775 0.017499152571 0.00161767192185
      vertex 0.00804804917425 0.0179997701198 0.00180079508573
    endloop
  endfacet
  facet normal 0.476269632578 0.216401070356 -0.852254509926
    outer loop
      vertex 0.00902707874775 0.017499152571 0.00161767192185
      vertex 0.00894545670599 0.0176786221564 0.00109050166793
      vertex 0.00804804917425 0.0179997701198 0.00180079508573
    endloop
  endfacet
  facet normal 0.553326547146 0.1815738976 -0.812933385372
    outer loop
      vertex 0.00902707874775 0.017499152571 0.00161767192185
      vertex 0.00869478937238 0.0175408851355 0.00244344584644
      vertex 0.00952546205372 0.0170384794474 0.00216140644625
    endloop
  endfacet
  facet normal 0.596927165985 0.12437889725 -0.792595624924
    outer loop
      vertex 0.00902707874775 0.017499152571 0.00161767192185
      vertex 0.00952546205372 0.0170384794474 0.00216140644625
      vertex 0.00997904036194 0.0168290622532 0.00131905439775
    endloop
  endfacet
  facet normal 0.859471261501 0.376959502697 -0.345269083977
    outer loop
      vertex 0.00952546205372 0.0170384794474 0.00216140644625
      vertex 0.00991614256054 0.0162930544466 0.00195340928622
      vertex 0.00997904036194 0.0168290622532 0.00131905439775
    endloop
  endfacet
  facet normal 0.777351438999 0.449195593596 -0.440395355225
    outer loop
      vertex 0.0101984580979 0.0164321325719 0.00132849649526
      vertex 0.00997904036194 0.0168290622532 0.00131905439775
      vertex 0.00991614256054 0.0162930544466 0.00195340928622
    endloop
  endfacet
  facet normal -0.449238240719 -0.00411848770455 -0.893402516842
    outer loop
      vertex 0.0106532946229 0.0166630595922 0.00180936395191
      vertex 0.0101984580979 0.0164321325719 0.00132849649526
      vertex 0.00991614256054 0.0162930544466 0.00195340928622
    endloop
  endfacet
  facet normal -0.454835027456 -0.0426452793181 -0.889554083347
    outer loop
      vertex 0.00991614256054 0.0162930544466 0.00195340928622
      vertex 0.0103382086381 0.0165417734534 0.00263997493312
      vertex 0.0106532946229 0.0166630595922 0.00180936395191
    endloop
  endfacet
  facet normal -0.237917214632 0.0513768568635 -0.969925701618
    outer loop
      vertex 0.0106532946229 0.0166630595922 0.00180936395191
      vertex 0.0103382086381 0.0165417734534 0.00263997493312
      vertex 0.0109917307273 0.0166946202517 0.00278079323471
    endloop
  endfacet
  facet normal -0.178542718291 0.0302514899522 -0.983466982841
    outer loop
      vertex 0.0109917307273 0.0166946202517 0.00278079323471
      vertex 0.0112570691854 0.0167705174536 0.00187939452007
      vertex 0.0106532946229 0.0166630595922 0.00180936395191
    endloop
  endfacet
  facet normal -0.169495344162 -0.0490445122123 -0.984309911728
    outer loop
      vertex 0.0106532946229 0.0166630595922 0.00180936395191
      vertex 0.0112570691854 0.0167705174536 0.00187939452007
      vertex 0.0110180173069 0.016687694937 0.00104332575575
    endloop
  endfacet
  facet normal -0.019314121455 0.0229490362108 -0.999550044537
    outer loop
      vertex 0.0105138514191 0.0166753474623 0.00115684827324
      vertex 0.0106532946229 0.0166630595922 0.00180936395191
      vertex 0.0110180173069 0.016687694937 0.00104332575575
    endloop
  endfacet
  facet normal -0.0628490522504 -0.172188192606 -0.983057081699
    outer loop
      vertex 0.0105138514191 0.0166753474623 0.00115684827324
      vertex 0.0110180173069 0.016687694937 0.00104332575575
      vertex 0.0105067258701 0.016622191295 0.000855972641148
    endloop
  endfacet
  facet normal -0.652771234512 -0.116777487099 -0.748500287533
    outer loop
      vertex 0.0105067258701 0.016622191295 0.000855972641148
      vertex 0.0103674251586 0.0165159031749 0.000953380949795
      vertex 0.0105138514191 0.0166753474623 0.00115684827324
    endloop
  endfacet
  facet normal -0.647287011147 -0.123592048883 -0.752159953117
    outer loop
      vertex 0.0103674251586 0.0165159031749 0.000953380949795
      vertex 0.0101984580979 0.0164321325719 0.00132849649526
      vertex 0.0105138514191 0.0166753474623 0.00115684827324
    endloop
  endfacet
  facet normal -0.558093905449 0.134683176875 -0.818774461746
    outer loop
      vertex 0.0105138514191 0.0166753474623 0.00115684827324
      vertex 0.0101984580979 0.0164321325719 0.00132849649526
      vertex 0.0106532946229 0.0166630595922 0.00180936395191
    endloop
  endfacet
  facet normal 0.777601540089 0.448639750481 -0.440520405769
    outer loop
      vertex 0.0101984580979 0.0164321325719 0.00132849649526
      vertex 0.0103674251586 0.0165159031749 0.000953380949795
      vertex 0.00997904036194 0.0168290622532 0.00131905439775
    endloop
  endfacet
  facet normal 0.744531154633 0.266638994217 -0.612026929855
    outer loop
      vertex 0.00997904036194 0.0168290622532 0.00131905439775
      vertex 0.0103674251586 0.0165159031749 0.000953380949795
      vertex 0.0102705219761 0.0167505182326 0.000685443286784
    endloop
  endfacet
  facet normal 0.765844106674 0.243973508477 -0.594945132732
    outer loop
      vertex 0.0103674251586 0.0165159031749 0.000953380949795
      vertex 0.0104247387499 0.0165319088846 0.000734440807719
      vertex 0.0102705219761 0.0167505182326 0.000685443286784
    endloop
  endfacet
  facet normal 0.697850763798 0.413339614868 -0.58493989706
    outer loop
      vertex 0.0102705219761 0.0167505182326 0.000685443286784
      vertex 0.0104247387499 0.0165319088846 0.000734440807719
      vertex 0.0104996338487 0.0165693107992 0.000555062957574
    endloop
  endfacet
  facet normal -0.231791764498 0.104875482619 -0.96709549427
    outer loop
      vertex 0.0106775620952 0.0166016593575 0.000650022062473
      vertex 0.0104996338487 0.0165693107992 0.000555062957574
      vertex 0.0104247387499 0.0165319088846 0.000734440807719
    endloop
  endfacet
  facet normal -0.362784534693 -0.385508358479 -0.848393023014
    outer loop
      vertex 0.0106775620952 0.0166016593575 0.000650022062473
      vertex 0.0104247387499 0.0165319088846 0.000734440807719
      vertex 0.0105067258701 0.016622191295 0.000855972641148
    endloop
  endfacet
  facet normal -0.069209523499 -0.155644416809 -0.985385656357
    outer loop
      vertex 0.0106775620952 0.0166016593575 0.000650022062473
      vertex 0.0105067258701 0.016622191295 0.000855972641148
      vertex 0.0110180173069 0.016687694937 0.00104332575575
    endloop
  endfacet
  facet normal -0.652526974678 -0.116076976061 -0.748822212219
    outer loop
      vertex 0.0105067258701 0.016622191295 0.000855972641148
      vertex 0.0104247387499 0.0165319088846 0.000734440807719
      vertex 0.0103674251586 0.0165159031749 0.000953380949795
    endloop
  endfacet
  facet normal -0.0882635191083 -0.169017255306 -0.981653034687
    outer loop
      vertex 0.0106033151969 0.0165372472256 0.000314687233185
      vertex 0.0104996338487 0.0165693107992 0.000555062957574
      vertex 0.0106775620952 0.0166016593575 0.000650022062473
    endloop
  endfacet
  facet normal -0.0901639088988 -0.0726154968143 -0.993276119232
    outer loop
      vertex 0.0117983818054 0.016747219488 0.000888583075721
      vertex 0.0110180173069 0.016687694937 0.00104332575575
      vertex 0.0112570691854 0.0167705174536 0.00187939452007
    endloop
  endfacet
  facet normal -0.110075309873 -0.0834264829755 -0.990415811539
    outer loop
      vertex 0.0122472327203 0.0168552398682 0.00157874403521
      vertex 0.0117983818054 0.016747219488 0.000888583075721
      vertex 0.0112570691854 0.0167705174536 0.00187939452007
    endloop
  endfacet
  facet normal -0.0964983999729 -0.0375259630382 -0.994625508785
    outer loop
      vertex 0.0116452490911 0.0168475005776 0.00292160478421
      vertex 0.0122472327203 0.0168552398682 0.00157874403521
      vertex 0.0112570691854 0.0167705174536 0.00187939452007
    endloop
  endfacet
  facet normal -0.230627611279 0.0140333287418 -0.972940862179
    outer loop
      vertex 0.0112570691854 0.0167705174536 0.00187939452007
      vertex 0.0109917307273 0.0166946202517 0.00278079323471
      vertex 0.0116452490911 0.0168475005776 0.00292160478421
    endloop
  endfacet
  facet normal -0.240425810218 0.0642898753285 -0.968536138535
    outer loop
      vertex 0.0109284371138 0.0166403483599 0.00336169544607
      vertex 0.0116452490911 0.0168475005776 0.00292160478421
      vertex 0.0109917307273 0.0166946202517 0.00278079323471
    endloop
  endfacet
  facet normal -0.240378648043 0.0642960742116 -0.968547403812
    outer loop
      vertex 0.0103382086381 0.0165417734534 0.00263997493312
      vertex 0.0109284371138 0.0166403483599 0.00336169544607
      vertex 0.0109917307273 0.0166946202517 0.00278079323471
    endloop
  endfacet
  facet normal -0.240140542388 0.0640914291143 -0.968620061874
    outer loop
      vertex 0.0109284371138 0.0166403483599 0.00336169544607
      vertex 0.0103382086381 0.0165417734534 0.00263997493312
      vertex 0.0102112740278 0.0164334494621 0.00380147923715
    endloop
  endfacet
  facet normal -0.151686251163 0.207311540842 -0.96644359827
    outer loop
      vertex 0.0109284371138 0.0166403483599 0.00336169544607
      vertex 0.0102112740278 0.0164334494621 0.00380147923715
      vertex 0.0113881006837 0.0165219381452 0.00425002956763
    endloop
  endfacet
  facet normal -0.151923835278 0.207426220179 -0.966381669044
    outer loop
      vertex 0.0116452490911 0.0168475005776 0.00292160478421
      vertex 0.0109284371138 0.0166403483599 0.00336169544607
      vertex 0.0113881006837 0.0165219381452 0.00425002956763
    endloop
  endfacet
  facet normal 0.0797288492322 0.25180414319 -0.964488446712
    outer loop
      vertex 0.0113881006837 0.0165219381452 0.00425002956763
      vertex 0.0121375164017 0.0166309885681 0.00359504437074
      vertex 0.0116452490911 0.0168475005776 0.00292160478421
    endloop
  endfacet
  facet normal 0.0795966237783 0.251896560192 -0.964475274086
    outer loop
      vertex 0.0116452490911 0.0168475005776 0.00292160478421
      vertex 0.0121375164017 0.0166309885681 0.00359504437074
      vertex 0.0128869116306 0.0167402904481 0.00293973833323
    endloop
  endfacet
  facet normal 0.0853019058704 0.0439765937626 -0.995384156704
    outer loop
      vertex 0.0128869116306 0.0167402904481 0.00293973833323
      vertex 0.0122472327203 0.0168552398682 0.00157874403521
      vertex 0.0116452490911 0.0168475005776 0.00292160478421
    endloop
  endfacet
  facet normal 0.162683799863 0.0068690944463 -0.986654341221
    outer loop
      vertex 0.0131169110537 0.0167140904814 0.00125598255545
      vertex 0.0122472327203 0.0168552398682 0.00157874403521
      vertex 0.0128869116306 0.0167402904481 0.00293973833323
    endloop
  endfacet
  facet normal 0.184177964926 0.00986447371542 -0.982843399048
    outer loop
      vertex 0.0131169110537 0.0167140904814 0.00125598255545
      vertex 0.0128869116306 0.0167402904481 0.00293973833323
      vertex 0.0139684285969 0.0165448170155 0.00222299783491
    endloop
  endfacet
  facet normal 0.168668404222 0.0239659007639 -0.985381424427
    outer loop
      vertex 0.0139862755314 0.016573138535 0.000932880036999
      vertex 0.0131169110537 0.0167140904814 0.00125598255545
      vertex 0.0139684285969 0.0165448170155 0.00222299783491
    endloop
  endfacet
  facet normal 0.345274746418 0.0253723040223 -0.938158631325
    outer loop
      vertex 0.0139862755314 0.016573138535 0.000932880036999
      vertex 0.0139684285969 0.0165448170155 0.00222299783491
      vertex 0.0158851947635 0.0158448964357 0.00201903260313
    endloop
  endfacet
  facet normal 0.344660669565 0.01825915277 -0.938549757004
    outer loop
      vertex 0.0139684285969 0.0165448170155 0.00222299783491
      vertex 0.0150064742193 0.0161466002464 0.00309772836044
      vertex 0.0158851947635 0.0158448964357 0.00201903260313
    endloop
  endfacet
  facet normal 0.47599542141 0.145150244236 -0.867386758327
    outer loop
      vertex 0.0164390280843 0.015203634277 0.00403488287702
      vertex 0.0158851947635 0.0158448964357 0.00201903260313
      vertex 0.0150064742193 0.0161466002464 0.00309772836044
    endloop
  endfacet
  facet normal 0.419385284185 0.239888951182 -0.875539422035
    outer loop
      vertex 0.0147600537166 0.015721431002 0.00508030643687
      vertex 0.0164390280843 0.015203634277 0.00403488287702
      vertex 0.0150064742193 0.0161466002464 0.00309772836044
    endloop
  endfacet
  facet normal 0.348124742508 0.237736225128 -0.906802415848
    outer loop
      vertex 0.0150064742193 0.0161466002464 0.00309772836044
      vertex 0.0134713277221 0.0165681112558 0.00373791623861
      vertex 0.0147600537166 0.015721431002 0.00508030643687
    endloop
  endfacet
  facet normal 0.295676857233 0.0823880061507 -0.951728641987
    outer loop
      vertex 0.0134713277221 0.0165681112558 0.00373791623861
      vertex 0.0150064742193 0.0161466002464 0.00309772836044
      vertex 0.0139684285969 0.0165448170155 0.00222299783491
    endloop
  endfacet
  facet normal 0.212627589703 0.0547694303095 -0.975597143173
    outer loop
      vertex 0.0139684285969 0.0165448170155 0.00222299783491
      vertex 0.0128869116306 0.0167402904481 0.00293973833323
      vertex 0.0134713277221 0.0165681112558 0.00373791623861
    endloop
  endfacet
  facet normal 0.0255816318095 0.19286429882 -0.980891883373
    outer loop
      vertex 0.0134713277221 0.0165681112558 0.00373791623861
      vertex 0.0128869116306 0.0167402904481 0.00293973833323
      vertex 0.0121375164017 0.0166309885681 0.00359504437074
    endloop
  endfacet
  facet normal 0.514458835125 0.471459835768 -0.716280460358
    outer loop
      vertex 0.015429972671 0.0140981813893 0.00681546097621
      vertex 0.0164390280843 0.015203634277 0.00403488287702
      vertex 0.0147600537166 0.015721431002 0.00508030643687
    endloop
  endfacet
  facet normal 0.444726854563 0.465582340956 -0.765147745609
    outer loop
      vertex 0.015429972671 0.0140981813893 0.00681546097621
      vertex 0.0178787019104 0.0127187594771 0.00674339057878
      vertex 0.0164390280843 0.015203634277 0.00403488287702
    endloop
  endfacet
  facet normal 0.569221317768 0.370710730553 -0.733866930008
    outer loop
      vertex 0.0164390280843 0.015203634277 0.00403488287702
      vertex 0.0178787019104 0.0127187594771 0.00674339057878
      vertex 0.0183714982122 0.0140992421657 0.00325387646444
    endloop
  endfacet
  facet normal 0.529127299786 0.121764674783 -0.839760482311
    outer loop
      vertex 0.0164390280843 0.015203634277 0.00403488287702
      vertex 0.0183714982122 0.0140992421657 0.00325387646444
      vertex 0.0158851947635 0.0158448964357 0.00201903260313
    endloop
  endfacet
  facet normal 0.153039425611 -0.0192432347685 -0.988032698631
    outer loop
      vertex 0.0131169110537 0.0167140904814 0.00125598255545
      vertex 0.0139862755314 0.016573138535 0.000932880036999
      vertex 0.0136441523209 0.0166035592556 -0.000226066069445
    endloop
  endfacet
  facet normal 0.0613472610712 -0.0525118596852 -0.996734201908
    outer loop
      vertex 0.0136441523209 0.0166035592556 -0.000226066069445
      vertex 0.0125848939642 0.016698198393 0.000332793511916
      vertex 0.0131169110537 0.0167140904814 0.00125598255545
    endloop
  endfacet
  facet normal 0.126876443624 -0.0901216343045 -0.987815976143
    outer loop
      vertex 0.0122472327203 0.0168552398682 0.00157874403521
      vertex 0.0131169110537 0.0167140904814 0.00125598255545
      vertex 0.0125848939642 0.016698198393 0.000332793511916
    endloop
  endfacet
  facet normal -0.0327588841319 -0.133719399571 -0.99047768116
    outer loop
      vertex 0.0125848939642 0.016698198393 0.000332793511916
      vertex 0.0117983818054 0.016747219488 0.000888583075721
      vertex 0.0122472327203 0.0168552398682 0.00157874403521
    endloop
  endfacet
  facet normal -0.0610768385231 -0.173133552074 -0.983002722263
    outer loop
      vertex 0.0114708682522 0.0165557395667 -8.30509015941e-05
      vertex 0.0117983818054 0.016747219488 0.000888583075721
      vertex 0.0125848939642 0.016698198393 0.000332793511916
    endloop
  endfacet
  facet normal -0.0533076114953 -0.192843019962 -0.979780495167
    outer loop
      vertex 0.0123148411512 0.0164257641882 -0.000976713257842
      vertex 0.0114708682522 0.0165557395667 -8.30509015941e-05
      vertex 0.0125848939642 0.016698198393 0.000332793511916
    endloop
  endfacet
  facet normal -0.0180393159389 -0.200081408024 -0.979613184929
    outer loop
      vertex 0.0136441523209 0.0166035592556 -0.000226066069445
      vertex 0.0123148411512 0.0164257641882 -0.000976713257842
      vertex 0.0125848939642 0.016698198393 0.000332793511916
    endloop
  endfacet
  facet normal -0.0162468347698 -0.203115195036 -0.979020059109
    outer loop
      vertex 0.0136441523209 0.0166035592556 -0.000226066069445
      vertex 0.0135889807716 0.0162733886391 -0.00181308214087
      vertex 0.0123148411512 0.0164257641882 -0.000976713257842
    endloop
  endfacet
  facet normal 0.00134862342384 -0.177247360349 -0.984165430069
    outer loop
      vertex 0.0125118270516 0.0162243396044 -0.00209362059832
      vertex 0.0123148411512 0.0164257641882 -0.000976713257842
      vertex 0.0135889807716 0.0162733886391 -0.00181308214087
    endloop
  endfacet
  facet normal 0.00941147003323 -0.207172781229 -0.978259086609
    outer loop
      vertex 0.0125118270516 0.0162243396044 -0.00209362059832
      vertex 0.0135889807716 0.0162733886391 -0.00181308214087
      vertex 0.0130984773859 0.0160411521792 -0.00293197482824
    endloop
  endfacet
  facet normal -0.139620482922 -0.303646147251 -0.942499399185
    outer loop
      vertex 0.0130984773859 0.0160411521792 -0.00293197482824
      vertex 0.0119200572371 0.0159018244594 -0.00282258656807
      vertex 0.0125118270516 0.0162243396044 -0.00209362059832
    endloop
  endfacet
  facet normal -0.351006269455 -0.125590771437 -0.927912473679
    outer loop
      vertex 0.0119200572371 0.0159018244594 -0.00282258656807
      vertex 0.0117108961567 0.0158846434206 -0.00236496259458
      vertex 0.0125118270516 0.0162243396044 -0.00209362059832
    endloop
  endfacet
  facet normal -0.240482151508 -0.398311942816 -0.885164320469
    outer loop
      vertex 0.0117108961567 0.0158846434206 -0.00236496259458
      vertex 0.0114093041047 0.0161436405033 -0.00160730897915
      vertex 0.0125118270516 0.0162243396044 -0.00209362059832
    endloop
  endfacet
  facet normal -0.16001778841 -0.202454552054 -0.966129601002
    outer loop
      vertex 0.0114093041047 0.0161436405033 -0.00160730897915
      vertex 0.0123148411512 0.0164257641882 -0.000976713257842
      vertex 0.0125118270516 0.0162243396044 -0.00209362059832
    endloop
  endfacet
  facet normal 0.821861922741 0.138227954507 -0.552662611008
    outer loop
      vertex 0.0117108961567 0.0158846434206 -0.00236496259458
      vertex 0.0112093230709 0.0166004039347 -0.0022445153445
      vertex 0.0114093041047 0.0161436405033 -0.00160730897915
    endloop
  endfacet
  facet normal 0.627657949924 0.70947945118 -0.320444107056
    outer loop
      vertex 0.0112093230709 0.0166004039347 -0.0022445153445
      vertex 0.0117108961567 0.0158846434206 -0.00236496259458
      vertex 0.0119886919856 0.0163515172899 -0.00282159051858
    endloop
  endfacet
  facet normal 0.902674376965 0.407367378473 0.138674989343
    outer loop
      vertex 0.0119886919856 0.0163515172899 -0.00282159051858
      vertex 0.0117108961567 0.0158846434206 -0.00236496259458
      vertex 0.0119200572371 0.0159018244594 -0.00282258656807
    endloop
  endfacet
  facet normal 0.906814515591 0.397852808237 0.139285817742
    outer loop
      vertex 0.0119886919856 0.0163515172899 -0.00282159051858
      vertex 0.0119200572371 0.0159018244594 -0.00282258656807
      vertex 0.0122742485255 0.0159280523658 -0.00362070300616
    endloop
  endfacet
  facet normal -0.119248755276 -0.0202994197607 -0.992656886578
    outer loop
      vertex 0.0119200572371 0.0159018244594 -0.00282258656807
      vertex 0.0130984773859 0.0160411521792 -0.00293197482824
      vertex 0.0122742485255 0.0159280523658 -0.00362070300616
    endloop
  endfacet
  facet normal 0.0725956782699 -0.245615810156 -0.966645121574
    outer loop
      vertex 0.0122742485255 0.0159280523658 -0.00362070300616
      vertex 0.0130984773859 0.0160411521792 -0.00293197482824
      vertex 0.0133442599326 0.0158186107874 -0.00373516697437
    endloop
  endfacet
  facet normal 0.0481261871755 -0.41764742136 -0.907333731651
    outer loop
      vertex 0.0133442599326 0.0158186107874 -0.00373516697437
      vertex 0.0123193338513 0.015696849674 -0.00411779386923
      vertex 0.0122742485255 0.0159280523658 -0.00362070300616
    endloop
  endfacet
  facet normal 0.961304366589 -0.0396135784686 -0.272625565529
    outer loop
      vertex 0.0121345827356 0.01630984433 -0.00438243616372
      vertex 0.0122742485255 0.0159280523658 -0.00362070300616
      vertex 0.0123193338513 0.015696849674 -0.00411779386923
    endloop
  endfacet
  facet normal 0.963038086891 -0.141738802195 -0.229058474302
    outer loop
      vertex 0.0123193338513 0.015696849674 -0.00411779386923
      vertex 0.0123058697209 0.0153200048953 -0.00481827696785
      vertex 0.0121345827356 0.01630984433 -0.00438243616372
    endloop
  endfacet
  facet normal 0.936816990376 -0.230148807168 -0.263449251652
    outer loop
      vertex 0.0123058697209 0.0153200048953 -0.00481827696785
      vertex 0.011939807795 0.0161834470928 -0.00531995203346
      vertex 0.0121345827356 0.01630984433 -0.00438243616372
    endloop
  endfacet
  facet normal 0.938893020153 -0.177187889814 -0.295100599527
    outer loop
      vertex 0.0122935557738 0.0149876857176 -0.0054369950667
      vertex 0.011939807795 0.0161834470928 -0.00531995203346
      vertex 0.0123058697209 0.0153200048953 -0.00481827696785
    endloop
  endfacet
  facet normal -0.132182776928 -0.466981202364 -0.874331891537
    outer loop
      vertex 0.0122935557738 0.0149876857176 -0.0054369950667
      vertex 0.0123058697209 0.0153200048953 -0.00481827696785
      vertex 0.0131744537503 0.0151513991877 -0.00537981744856
    endloop
  endfacet
  facet normal -0.115344874561 -0.564061045647 -0.817637264729
    outer loop
      vertex 0.0131744537503 0.0151513991877 -0.00537981744856
      vertex 0.0132501563057 0.0147118167952 -0.00603249669075
      vertex 0.0122935557738 0.0149876857176 -0.0054369950667
    endloop
  endfacet
  facet normal -0.186625137925 -0.643632352352 -0.742232084274
    outer loop
      vertex 0.0122303366661 0.0141361691058 -0.00640062661842
      vertex 0.0122935557738 0.0149876857176 -0.0054369950667
      vertex 0.0132501563057 0.0147118167952 -0.00603249669075
    endloop
  endfacet
  facet normal -0.180054694414 -0.6523848176 -0.736189126968
    outer loop
      vertex 0.0122303366661 0.0141361691058 -0.00640062661842
      vertex 0.0132501563057 0.0147118167952 -0.00603249669075
      vertex 0.0137493181974 0.0140846325085 -0.00687801465392
    endloop
  endfacet
  facet normal -0.173687472939 -0.634002029896 -0.753574192524
    outer loop
      vertex 0.0121405934915 0.0135734565556 -0.00704488018528
      vertex 0.0122303366661 0.0141361691058 -0.00640062661842
      vertex 0.0137493181974 0.0140846325085 -0.00687801465392
    endloop
  endfacet
  facet normal -0.15387865901 -0.688268661499 -0.708948254585
    outer loop
      vertex 0.0126856239513 0.013128593564 -0.0076249637641
      vertex 0.0121405934915 0.0135734565556 -0.00704488018528
      vertex 0.0137493181974 0.0140846325085 -0.00687801465392
    endloop
  endfacet
  facet normal -0.0431645475328 -0.763407766819 -0.644473016262
    outer loop
      vertex 0.0137493181974 0.0140846325085 -0.00687801465392
      vertex 0.0141393980011 0.0133577845991 -0.00751367909834
      vertex 0.0126856239513 0.013128593564 -0.0076249637641
    endloop
  endfacet
  facet normal -0.0569332763553 -0.707334578037 -0.704582452774
    outer loop
      vertex 0.0136431669816 0.0127047915012 -0.00812419038266
      vertex 0.0126856239513 0.013128593564 -0.0076249637641
      vertex 0.0141393980011 0.0133577845991 -0.00751367909834
    endloop
  endfacet
  facet normal 0.419345229864 -0.559835851192 -0.714656114578
    outer loop
      vertex 0.0145706916228 0.0137395188212 -0.00670331669971
      vertex 0.0141393980011 0.0133577845991 -0.00751367909834
      vertex 0.0137493181974 0.0140846325085 -0.00687801465392
    endloop
  endfacet
  facet normal 0.424967616796 -0.471139639616 -0.772935926914
    outer loop
      vertex 0.0141182010993 0.014671199955 -0.00558297801763
      vertex 0.0145706916228 0.0137395188212 -0.00670331669971
      vertex 0.0137493181974 0.0140846325085 -0.00687801465392
    endloop
  endfacet
  facet normal 0.278122931719 -0.460924655199 -0.842731356621
    outer loop
      vertex 0.0137493181974 0.0140846325085 -0.00687801465392
      vertex 0.0132501563057 0.0147118167952 -0.00603249669075
      vertex 0.0141182010993 0.014671199955 -0.00558297801763
    endloop
  endfacet
  facet normal 0.301045119762 -0.508438766003 -0.806760072708
    outer loop
      vertex 0.0141182010993 0.014671199955 -0.00558297801763
      vertex 0.0132501563057 0.0147118167952 -0.00603249669075
      vertex 0.0131744537503 0.0151513991877 -0.00537981744856
    endloop
  endfacet
  facet normal 0.347085684538 -0.396508276463 -0.849889814854
    outer loop
      vertex 0.0137713849545 0.0154549768195 -0.00420659221709
      vertex 0.0141182010993 0.014671199955 -0.00558297801763
      vertex 0.0131744537503 0.0151513991877 -0.00537981744856
    endloop
  endfacet
  facet normal 0.216699749231 -0.346422553062 -0.912706196308
    outer loop
      vertex 0.0131744537503 0.0151513991877 -0.00537981744856
      vertex 0.012818031013 0.0155045026913 -0.00467246444896
      vertex 0.0137713849545 0.0154549768195 -0.00420659221709
    endloop
  endfacet
  facet normal 0.256763160229 -0.433612883091 -0.863743305206
    outer loop
      vertex 0.0133442599326 0.0158186107874 -0.00373516697437
      vertex 0.0137713849545 0.0154549768195 -0.00420659221709
      vertex 0.012818031013 0.0155045026913 -0.00467246444896
    endloop
  endfacet
  facet normal 0.00755704101175 -0.32155495882 -0.946860730648
    outer loop
      vertex 0.0123193338513 0.015696849674 -0.00411779386923
      vertex 0.0133442599326 0.0158186107874 -0.00373516697437
      vertex 0.012818031013 0.0155045026913 -0.00467246444896
    endloop
  endfacet
  facet normal -0.180644869804 -0.463280856609 -0.867604911327
    outer loop
      vertex 0.0123058697209 0.0153200048953 -0.00481827696785
      vertex 0.0123193338513 0.015696849674 -0.00411779386923
      vertex 0.012818031013 0.0155045026913 -0.00467246444896
    endloop
  endfacet
  facet normal -0.161747515202 -0.504791021347 -0.847952663898
    outer loop
      vertex 0.0123058697209 0.0153200048953 -0.00481827696785
      vertex 0.012818031013 0.0155045026913 -0.00467246444896
      vertex 0.0131744537503 0.0151513991877 -0.00537981744856
    endloop
  endfacet
  facet normal 0.323185056448 -0.376786828041 -0.868091642857
    outer loop
      vertex 0.0146541278809 0.0154792806134 -0.00339343282394
      vertex 0.0137713849545 0.0154549768195 -0.00420659221709
      vertex 0.0133442599326 0.0158186107874 -0.00373516697437
    endloop
  endfacet
  facet normal 0.370173215866 -0.426515728235 -0.825261235237
    outer loop
      vertex 0.0146541278809 0.0154792806134 -0.00339343282394
      vertex 0.0150333503261 0.0148441074416 -0.00429329648614
      vertex 0.0137713849545 0.0154549768195 -0.00420659221709
    endloop
  endfacet
  facet normal 0.38098809123 -0.383159279823 -0.841449379921
    outer loop
      vertex 0.0137713849545 0.0154549768195 -0.00420659221709
      vertex 0.0150333503261 0.0148441074416 -0.00429329648614
      vertex 0.0141182010993 0.014671199955 -0.00558297801763
    endloop
  endfacet
  facet normal 0.466017454863 -0.434049367905 -0.770992159843
    outer loop
      vertex 0.0155728142709 0.0136995753273 -0.00574710778892
      vertex 0.0141182010993 0.014671199955 -0.00558297801763
      vertex 0.0150333503261 0.0148441074416 -0.00429329648614
    endloop
  endfacet
  facet normal 0.551198005676 -0.3801869452 -0.742723822594
    outer loop
      vertex 0.017728028819 0.013048841618 -0.00389371649362
      vertex 0.0155728142709 0.0136995753273 -0.00574710778892
      vertex 0.0150333503261 0.0148441074416 -0.00429329648614
    endloop
  endfacet
  facet normal 0.554007649422 -0.356919020414 -0.752119898796
    outer loop
      vertex 0.0150333503261 0.0148441074416 -0.00429329648614
      vertex 0.0156963113695 0.0151744177565 -0.00256820465438
      vertex 0.017728028819 0.013048841618 -0.00389371649362
    endloop
  endfacet
  facet normal 0.50496172905 -0.345509648323 -0.790972054005
    outer loop
      vertex 0.0150333503261 0.0148441074416 -0.00429329648614
      vertex 0.0146541278809 0.0154792806134 -0.00339343282394
      vertex 0.0156963113695 0.0151744177565 -0.00256820465438
    endloop
  endfacet
  facet normal 0.460230618715 -0.450368851423 -0.765085399151
    outer loop
      vertex 0.0145706916228 0.0137395188212 -0.00670331669971
      vertex 0.0141182010993 0.014671199955 -0.00558297801763
      vertex 0.0155728142709 0.0136995753273 -0.00574710778892
    endloop
  endfacet
  facet normal -0.13021504879 -0.67750287056 -0.723901867867
    outer loop
      vertex 0.0120422365144 0.0129327811301 -0.00771052902564
      vertex 0.0121405934915 0.0135734565556 -0.00704488018528
      vertex 0.0126856239513 0.013128593564 -0.0076249637641
    endloop
  endfacet
  facet normal -0.14918410778 0.20038202405 -0.968292891979
    outer loop
      vertex 0.0102112740278 0.0164334494621 0.00380147923715
      vertex 0.0101978713647 0.0161710996181 0.00505923898891
      vertex 0.0113881006837 0.0165219381452 0.00425002956763
    endloop
  endfacet
  facet normal -0.560016334057 0.0160497203469 -0.828326046467
    outer loop
      vertex 0.0102112740278 0.0164334494621 0.00380147923715
      vertex 0.0103382086381 0.0165417734534 0.00263997493312
      vertex 0.00956509914249 0.0160168781877 0.00275400909595
    endloop
  endfacet
  facet normal -0.556977570057 0.0419135726988 -0.829469263554
    outer loop
      vertex 0.0103382086381 0.0165417734534 0.00263997493312
      vertex 0.00991614256054 0.0162930544466 0.00195340928622
      vertex 0.00956509914249 0.0160168781877 0.00275400909595
    endloop
  endfacet
  facet normal 0.82947832346 0.468569457531 -0.303987562656
    outer loop
      vertex 0.00956509914249 0.0160168781877 0.00275400909595
      vertex 0.00991614256054 0.0162930544466 0.00195340928622
      vertex 0.00952546205372 0.0170384794474 0.00216140644625
    endloop
  endfacet
  facet normal 0.937363147736 0.284310907125 -0.201290041208
    outer loop
      vertex 0.00952546205372 0.0170384794474 0.00216140644625
      vertex 0.00928981415927 0.0166861023754 0.00318780960515
      vertex 0.00956509914249 0.0160168781877 0.00275400909595
    endloop
  endfacet
  facet normal 0.569759726524 0.380825579166 -0.728248357773
    outer loop
      vertex 0.00869478937238 0.0175408851355 0.00244344584644
      vertex 0.00928981415927 0.0166861023754 0.00318780960515
      vertex 0.00952546205372 0.0170384794474 0.00216140644625
    endloop
  endfacet
  facet normal 0.791070640087 0.0660057216883 -0.608153283596
    outer loop
      vertex 0.00869478937238 0.0175408851355 0.00244344584644
      vertex 0.00895825214684 0.0170502681285 0.0038062480744
      vertex 0.00928981415927 0.0166861023754 0.00318780960515
    endloop
  endfacet
  facet normal 0.291417807341 0.281596571207 -0.914209485054
    outer loop
      vertex 0.00504322955385 0.0183064173907 0.00445835432038
      vertex 0.00755131989717 0.0173561330885 0.00494790636003
      vertex 0.00706008588895 0.0181642379612 0.00283274473622
    endloop
  endfacet
  facet normal 0.238358229399 0.212849348783 -0.947565555573
    outer loop
      vertex 0.00706008588895 0.0181642379612 0.00283274473622
      vertex 0.00409536762163 0.0191494114697 0.00176696351264
      vertex 0.00504322955385 0.0183064173907 0.00445835432038
    endloop
  endfacet
  facet normal 0.841193795204 0.00714195799083 -0.540686607361
    outer loop
      vertex 0.00919043365866 0.0156731363386 0.00361871765926
      vertex 0.00887914747 0.0161490570754 0.0042527038604
      vertex 0.00919392704964 0.0156587511301 0.00429631210864
    endloop
  endfacet
  facet normal -0.466990828514 0.0211740862578 -0.884008586407
    outer loop
      vertex 0.00969417952001 0.0159219913185 0.00433912826702
      vertex 0.00919043365866 0.0156731363386 0.00361871765926
      vertex 0.00919392704964 0.0156587511301 0.00429631210864
    endloop
  endfacet
  facet normal -0.0137930968776 0.865795791149 -0.500207364559
    outer loop
      vertex 0.0209604501724 0.00815526489168 0.0111047085375
      vertex 0.0170285012573 0.0106349186972 0.0096094654873
      vertex 0.0168386921287 0.00720595754683 0.0115874996409
    endloop
  endfacet
  facet normal 0.429612666368 -0.726693868637 -0.536049425602
    outer loop
      vertex 0.0176037345082 0.0118784718215 -0.00636845268309
      vertex 0.0160541087389 0.0114753711969 -0.00758192222565
      vertex 0.0154607314616 0.0128440642729 -0.00692309625447
    endloop
  endfacet
  facet normal 0.558757781982 0.166904836893 -0.812362313271
    outer loop
      vertex 0.00984618719667 0.0171882826835 0.000461447809357
      vertex 0.00937828514725 0.017484402284 0.000586588634178
      vertex 0.00964730791748 0.0172344315797 0.000902630155906
    endloop
  endfacet
  facet normal -0.0408280976117 0.328000098467 -0.943794965744
    outer loop
      vertex 0.00190138828475 0.01879619807 0.00441188784316
      vertex -0.00238693132997 0.0179446302354 0.00632841931656
      vertex 0.00251198443584 0.0177544038743 0.007485574577
    endloop
  endfacet
  facet normal 0.306230843067 0.771767675877 -0.557312607765
    outer loop
      vertex 0.00435057142749 0.0154530489817 0.00893088895828
      vertex 0.00641725771129 0.0148640219122 0.00853619724512
      vertex 0.00527373002842 0.0163631401956 0.00790738873184
    endloop
  endfacet
  facet normal -0.0332433134317 0.967643857002 -0.250120490789
    outer loop
      vertex -0.000296193320537 0.013005967252 0.0106550054625
      vertex 0.00207278737798 0.0128331165761 0.0107810702175
      vertex 0.00168100174051 0.0152229070663 0.010149887763
    endloop
  endfacet
  facet normal -0.157306909561 0.865332007408 0.475872963667
    outer loop
      vertex -0.00112421181984 0.00706377625465 0.00923050194979
      vertex -0.00114194967318 0.005939216353 0.0086088469252
      vertex -4.64096883661e-05 0.0066382442601 0.00919242016971
    endloop
  endfacet
  facet normal -0.0775754824281 0.821792006493 0.564481973648
    outer loop
      vertex -4.64096883661e-05 0.0066382442601 0.00919242016971
      vertex -0.00114194967318 0.005939216353 0.0086088469252
      vertex 0.000106265812065 0.00584991462529 0.00866533536464
    endloop
  endfacet
  facet normal -0.0997099280357 0.818131089211 0.566321015358
    outer loop
      vertex 0.000470711267553 0.00636125868186 0.0090637113899
      vertex -4.64096883661e-05 0.0066382442601 0.00919242016971
      vertex 0.000106265812065 0.00584991462529 0.00866533536464
    endloop
  endfacet
  facet normal -0.0997175499797 0.818122923374 0.566331446171
    outer loop
      vertex -4.64096883661e-05 0.0066382442601 0.00919242016971
      vertex 0.000470711267553 0.00636125868186 0.0090637113899
      vertex 0.000835190876387 0.00687263114378 0.00946212559938
    endloop
  endfacet
  facet normal -0.503249287605 0.83554816246 -0.220452770591
    outer loop
      vertex 0.00312042143196 0.00368842086755 0.00999394152313
      vertex 0.00361832766794 0.00278659933247 0.0105317682028
      vertex 0.00484461989254 0.00433160969988 0.0108627229929
    endloop
  endfacet
  facet normal -0.40971237421 -0.681686639786 0.606167554855
    outer loop
      vertex 0.0257900580764 -0.00275958189741 0.000733492488507
      vertex 0.0240711402148 0.00462814792991 -0.00480268802494
      vertex 0.0308305714279 0.00066275865538 -0.00533919781446
    endloop
  endfacet
  facet normal 0.298766940832 -0.734980463982 -0.608721673489
    outer loop
      vertex 0.0308305714279 0.00066275865538 -0.00533919781446
      vertex 0.0240711402148 0.00462814792991 -0.00480268802494
      vertex 0.0279815848917 0.00724246539176 -0.00104788993485
    endloop
  endfacet
  facet normal 0.436065047979 -0.878718197346 -0.194168969989
    outer loop
      vertex 0.0138660538942 0.00930988136679 -0.00952685531229
      vertex 0.0130443936214 0.00886317528784 -0.0100333122537
      vertex 0.0132392039523 0.0103539936244 -0.00960721448064
    endloop
  endfacet
  facet normal 0.189201697707 -0.8531498909 -0.486146062613
    outer loop
      vertex 0.0131629984826 0.0110534681007 -0.00922553613782
      vertex 0.0132392039523 0.0103539936244 -0.00960721448064
      vertex 0.0124098071828 0.010922963731 -0.00946693494916
    endloop
  endfacet
  facet normal 0.00629534898326 -0.932040214539 -0.362300127745
    outer loop
      vertex 0.0124171311036 0.0120042571798 -0.00880860630423
      vertex 0.0128068253398 0.012362469919 -0.00866673048586
      vertex 0.012817860581 0.0115688638762 -0.00897514540702
    endloop
  endfacet
  facet normal 0.00635337457061 -0.932021796703 -0.362346500158
    outer loop
      vertex 0.0124171311036 0.0120042571798 -0.00880860630423
      vertex 0.012817860581 0.0115688638762 -0.00897514540702
      vertex 0.0124226603657 0.0116074671969 -0.00896283052862
    endloop
  endfacet
  facet normal 0.00717026274651 -0.932012796402 -0.362354367971
    outer loop
      vertex 0.0120271285996 0.011646265164 -0.00895078945905
      vertex 0.0124171311036 0.0120042571798 -0.00880860630423
      vertex 0.0124226603657 0.0116074671969 -0.00896283052862
    endloop
  endfacet
  facet normal 0.0221769101918 -0.868288636208 -0.495563387871
    outer loop
      vertex 0.0124226603657 0.0116074671969 -0.00896283052862
      vertex 0.0120602548122 0.011398804374 -0.00909117795527
      vertex 0.0120271285996 0.011646265164 -0.00895078945905
    endloop
  endfacet
  facet normal 0.032721079886 -0.805362522602 -0.591878771782
    outer loop
      vertex 0.012817860581 0.0115688638762 -0.00897514540702
      vertex 0.0125662684441 0.0113362073898 -0.00915635097772
      vertex 0.0124226603657 0.0116074671969 -0.00896283052862
    endloop
  endfacet
  facet normal -0.366504907608 -0.639014542103 -0.676265180111
    outer loop
      vertex 0.0114141311496 0.0119390869513 -0.00839014258236
      vertex 0.0116717368364 0.0119110699743 -0.00856754183769
      vertex 0.0112580135465 0.0116178030148 -0.00864061526954
    endloop
  endfacet
  facet normal 0.932762622833 -0.182947948575 0.310618698597
    outer loop
      vertex 0.0112580135465 0.0116178030148 -0.00864061526954
      vertex 0.011278770864 0.0117660984397 -0.00878657121211
      vertex 0.0114141311496 0.0119390869513 -0.00839014258236
    endloop
  endfacet
  facet normal 0.747995316982 -0.417686522007 0.515791594982
    outer loop
      vertex 0.0110734337941 0.0115839745849 -0.00892938766629
      vertex 0.011278770864 0.0117660984397 -0.00878657121211
      vertex 0.0112580135465 0.0116178030148 -0.00864061526954
    endloop
  endfacet
  facet normal 0.748101532459 -0.417781442404 0.515560626984
    outer loop
      vertex 0.0110655575991 0.0114161809906 -0.00873642694205
      vertex 0.0110734337941 0.0115839745849 -0.00892938766629
      vertex 0.0112580135465 0.0116178030148 -0.00864061526954
    endloop
  endfacet
  facet normal 0.747845470905 -0.417977035046 0.515773534775
    outer loop
      vertex 0.0110655575991 0.0114161809906 -0.00873642694205
      vertex 0.010909833014 0.0113698104396 -0.00895783025771
      vertex 0.0110734337941 0.0115839745849 -0.00892938766629
    endloop
  endfacet
  facet normal 0.747875511646 -0.417878895998 0.515809476376
    outer loop
      vertex 0.0110734337941 0.0115839745849 -0.00892938766629
      vertex 0.010909833014 0.0113698104396 -0.00895783025771
      vertex 0.0107844397426 0.0114813474938 -0.00931992195547
    endloop
  endfacet
  facet normal 0.772251546383 -0.454925715923 0.443475008011
    outer loop
      vertex 0.0107844397426 0.0114813474938 -0.00931992195547
      vertex 0.0111608952284 0.0121253468096 -0.00930866505951
      vertex 0.0110734337941 0.0115839745849 -0.00892938766629
    endloop
  endfacet
  facet normal 0.744470596313 -0.484309971333 0.459573000669
    outer loop
      vertex 0.0111608952284 0.0121253468096 -0.00930866505951
      vertex 0.011278770864 0.0117660984397 -0.00878657121211
      vertex 0.0110734337941 0.0115839745849 -0.00892938766629
    endloop
  endfacet
  facet normal 0.809216380119 -0.445914834738 0.382529437542
    outer loop
      vertex 0.0113660888746 0.0122071066871 -0.00900643225759
      vertex 0.011278770864 0.0117660984397 -0.00878657121211
      vertex 0.0111608952284 0.0121253468096 -0.00930866505951
    endloop
  endfacet
  facet normal 0.716558516026 -0.565037548542 0.408994436264
    outer loop
      vertex 0.0107844397426 0.0114813474938 -0.00931992195547
      vertex 0.0106622865424 0.0121722454205 -0.00997492764145
      vertex 0.0111608952284 0.0121253468096 -0.00930866505951
    endloop
  endfacet
  facet normal 0.75158315897 -0.417571514845 0.510643482208
    outer loop
      vertex 0.0106248017401 0.011120618321 -0.00916612055153
      vertex 0.0107844397426 0.0114813474938 -0.00931992195547
      vertex 0.010909833014 0.0113698104396 -0.00895783025771
    endloop
  endfacet
  facet normal 0.418296635151 -0.156501382589 -0.894726336002
    outer loop
      vertex 0.00747829768807 0.0185909196734 -0.00570429116488
      vertex 0.0083731636405 0.0186665076762 -0.0028803574387
      vertex 0.0100701311603 0.0176526159048 -0.00414117379114
    endloop
  endfacet
  facet normal 0.560078263283 0.133595973253 -0.81759673357
    outer loop
      vertex 0.00944605376571 0.0177165549248 -0.000994758098386
      vertex 0.00981110334396 0.0172904357314 8.26483010314e-05
      vertex 0.0101207792759 0.0171853490174 -0.000572493940126
    endloop
  endfacet
  facet normal 0.610051512718 0.164018154144 -0.775200128555
    outer loop
      vertex 0.0101207792759 0.0171853490174 -0.000572493940126
      vertex 0.00981110334396 0.0172904357314 8.26483010314e-05
      vertex 0.0100868046284 0.0170720275491 8.94637487363e-05
    endloop
  endfacet
  facet normal -0.0661748498678 0.073511198163 0.995096445084
    outer loop
      vertex -0.000748789287172 0.00472418265417 0.0054626329802
      vertex 0.000697947340086 0.00465934816748 0.00588734308258
      vertex -0.00128295912873 0.00488130608574 0.00710870232433
    endloop
  endfacet
  facet normal -0.727530300617 -0.242051362991 0.641958594322
    outer loop
      vertex 0.00562082976103 0.00113189604599 -0.00239178095944
      vertex 0.00710482988507 -3.55979536835e-05 -0.0037558383774
      vertex 0.00659110955894 -0.000907670124434 0.000101116180304
    endloop
  endfacet
  facet normal -0.692703723907 -0.149779066443 0.705498218536
    outer loop
      vertex 0.00710482988507 -3.55979536835e-05 -0.0037558383774
      vertex 0.00562082976103 0.00113189604599 -0.00239178095944
      vertex 0.00495196785778 0.00213327095844 -0.0040151393041
    endloop
  endfacet
  facet normal -0.666020572186 -0.27385187149 0.693845629692
    outer loop
      vertex 0.00495196785778 0.00213327095844 -0.0040151393041
      vertex 0.00641432404518 0.00170580984559 -0.00648861983791
      vertex 0.00710482988507 -3.55979536835e-05 -0.0037558383774
    endloop
  endfacet
  facet normal -0.782806634903 -0.0595500767231 0.619409024715
    outer loop
      vertex 0.00429034791887 0.0027621302288 -0.00185898237396
      vertex 0.00495196785778 0.00213327095844 -0.0040151393041
      vertex 0.00562082976103 0.00113189604599 -0.00239178095944
    endloop
  endfacet
  facet normal -0.0833169594407 -0.956652581692 -0.279059320688
    outer loop
      vertex -0.000177615511348 0.0135454107076 -0.0128925452009
      vertex -0.00274900277145 0.0157690830529 -0.0120199425146
      vertex 0.00203904788941 0.0159710980952 -0.0123780164868
    endloop
  endfacet
  facet normal 0.159620076418 -0.235478430986 0.958682060242
    outer loop
      vertex 0.00131957174744 0.00663857860491 -0.000798331398983
      vertex 0.00304780201986 0.00700196065009 -0.0011062475387
      vertex 0.00292701367289 0.00657103676349 0.000566258269828
    endloop
  endfacet
  facet normal -0.961668133736 -0.194203361869 -0.193595975637
    outer loop
      vertex 0.00300773815252 0.00539049785584 0.00171398185194
      vertex 0.003313658759 0.00651628803462 0.00132137397304
      vertex 0.00309505965561 0.00495345657691 0.000845903006848
    endloop
  endfacet
  facet normal 0.459458231926 0.0869758352637 0.883930623531
    outer loop
      vertex 0.00393752753735 0.00732260663062 -0.000958811608143
      vertex 0.00470621278509 0.00766875268891 -0.00150159792975
      vertex 0.00464384397492 0.00774411670864 -0.000406208011555
    endloop
  endfacet
  facet normal 0.565593898296 -0.0983650311828 0.818796575069
    outer loop
      vertex 0.00393752753735 0.00732260663062 -0.000958811608143
      vertex 0.00464384397492 0.00774411670864 -0.000406208011555
      vertex 0.00434802332893 0.00746255088598 0.000236613210291
    endloop
  endfacet
  facet normal 0.519505381584 -0.0787890553474 0.850826919079
    outer loop
      vertex 0.00369863933884 0.00706900050864 0.000204684998607
      vertex 0.00393752753735 0.00732260663062 -0.000958811608143
      vertex 0.00434802332893 0.00746255088598 0.000236613210291
    endloop
  endfacet
  facet normal 0.303878307343 0.19894516468 0.931707441807
    outer loop
      vertex 0.00493523664773 0.00763327861205 -0.00298265041783
      vertex 0.00433772196993 0.00744059495628 -0.00297236256301
      vertex 0.00496878474951 0.00751126697287 -0.00360530521721
    endloop
  endfacet
  facet normal -0.89664041996 -0.244240224361 -0.369300246239
    outer loop
      vertex 0.00437796628103 0.00554558448493 -0.0048643341288
      vertex 0.00445099221542 0.00645045051351 -0.00376422982663
      vertex 0.0047992891632 0.00669145630673 -0.00467846821994
    endloop
  endfacet
  facet normal -0.907671928406 -0.203908905387 -0.366814464331
    outer loop
      vertex 0.00482959346846 0.00619388464838 -0.0057084527798
      vertex 0.00437796628103 0.00554558448493 -0.0048643341288
      vertex 0.0047992891632 0.00669145630673 -0.00467846821994
    endloop
  endfacet
  facet normal -0.900748848915 -0.210135132074 -0.380124568939
    outer loop
      vertex 0.00482959346846 0.00619388464838 -0.0057084527798
      vertex 0.0047992891632 0.00669145630673 -0.00467846821994
      vertex 0.00503646535799 0.00678296526894 -0.00552959367633
    endloop
  endfacet
  facet normal -0.393774986267 -0.820731461048 -0.413933724165
    outer loop
      vertex 0.00847176276147 0.00671637291089 -0.0100890100002
      vertex 0.00817400123924 0.00760738505051 -0.00949676893651
      vertex 0.00905007310212 0.00783981662244 -0.00979986879975
    endloop
  endfacet
  facet normal -0.578304350376 -0.661590099335 -0.47734951973
    outer loop
      vertex 0.0088884467259 0.00889859348536 -0.00889168120921
      vertex 0.00908928364515 0.0086013013497 -0.00928173772991
      vertex 0.00852928124368 0.00858127325773 -0.00880668312311
    endloop
  endfacet
  facet normal -0.196821838617 -0.108585104346 0.974407732487
    outer loop
      vertex 0.000882639724296 0.00679855234921 -0.00638434849679
      vertex -0.000867257942446 0.0069692521356 -0.00474428245798
      vertex -0.00240760296583 0.00773942470551 -0.00886352639645
    endloop
  endfacet
  facet normal 0.129490494728 -0.00131670187693 0.991579771042
    outer loop
      vertex 0.00160391023383 0.00690235290676 -0.00347742857412
      vertex 0.00323350052349 0.00711517548189 -0.00348792807199
      vertex 0.00230253417976 0.00699212914333 -0.00237984862179
    endloop
  endfacet
  facet normal -0.866345763206 -0.23771224916 -0.439246952534
    outer loop
      vertex 0.00521672330797 0.00688184890896 -0.00609663315117
      vertex 0.0049927001819 0.00647768424824 -0.00602699816227
      vertex 0.00518333818763 0.00699101109058 -0.00577325094491
    endloop
  endfacet
  facet normal -0.535475254059 -0.791594326496 -0.294354617596
    outer loop
      vertex 0.00689156213775 0.00662075914443 -0.00900313723832
      vertex 0.0074872141704 0.00725190714002 -0.00917137414217
      vertex 0.00751251820475 0.00575941195711 -0.00974347535521
    endloop
  endfacet
  facet normal 0.695364952087 -0.0698593482375 0.715253293514
    outer loop
      vertex 0.00800065137446 0.00812839344144 -0.00886422209442
      vertex 0.00781112210825 0.00794255547225 -0.0088480534032
      vertex 0.00787503272295 0.00805587880313 -0.00937215983868
    endloop
  endfacet
  facet normal 0.519466340542 -0.119596585631 0.846080005169
    outer loop
      vertex 0.00787503272295 0.00805587880313 -0.00937215983868
      vertex 0.00781112210825 0.00794255547225 -0.0088480534032
      vertex 0.00702609075233 0.00753383757547 -0.00936637446284
    endloop
  endfacet
  facet normal 0.509811937809 -0.220678836107 0.83150023222
    outer loop
      vertex 0.00702609075233 0.00753383757547 -0.00936637446284
      vertex 0.0077523207292 0.00819057319313 -0.0101631674916
      vertex 0.00787503272295 0.00805587880313 -0.00937215983868
    endloop
  endfacet
  facet normal 0.490275651217 -0.243019282818 0.837001442909
    outer loop
      vertex 0.00702609075233 0.00753383757547 -0.00936637446284
      vertex 0.00671843346208 0.00765132298693 -0.0103916935623
      vertex 0.0077523207292 0.00819057319313 -0.0101631674916
    endloop
  endfacet
  facet normal 0.355608403683 0.0660575404763 0.932297706604
    outer loop
      vertex 0.00609496049583 0.00713528739288 -0.00834480859339
      vertex 0.00650393823162 0.00731632160023 -0.00799145642668
      vertex 0.00617047259584 0.00722570624202 -0.00747519498691
    endloop
  endfacet
  facet normal 0.360684961081 0.0654184296727 0.930390655994
    outer loop
      vertex 0.00609496049583 0.00713528739288 -0.00834480859339
      vertex 0.00617047259584 0.00722570624202 -0.00747519498691
      vertex 0.00553479790688 0.00696254847571 -0.00771306687966
    endloop
  endfacet
  facet normal 0.263280153275 -0.0302072428167 0.96424639225
    outer loop
      vertex 0.00553479790688 0.00696254847571 -0.00771306687966
      vertex 0.00479847751558 0.00678726658225 -0.00853550434113
      vertex 0.00609496049583 0.00713528739288 -0.00834480859339
    endloop
  endfacet
  facet normal 0.259834766388 -0.00423274375498 0.965643823147
    outer loop
      vertex 0.00609496049583 0.00713528739288 -0.00834480859339
      vertex 0.00479847751558 0.00678726658225 -0.00853550434113
      vertex 0.00614354154095 0.00715279998258 -0.00935785379261
    endloop
  endfacet
  facet normal 0.210017248988 0.0203003846109 0.977486908436
    outer loop
      vertex 0.00477433996275 0.0068092783913 -0.00722588878125
      vertex 0.00479847751558 0.00678726658225 -0.00853550434113
      vertex 0.00553479790688 0.00696254847571 -0.00771306687966
    endloop
  endfacet
  facet normal 0.381684243679 -0.0353703387082 0.923615753651
    outer loop
      vertex 0.0053485087119 0.00708975456655 -0.00626239366829
      vertex 0.00522772734985 0.00703428033739 -0.00611716788262
      vertex 0.00498297857121 0.00694503309205 -0.00642778584734
    endloop
  endfacet
  facet normal 0.399810701609 -0.0175499022007 0.916429698467
    outer loop
      vertex 0.00522772734985 0.00703428033739 -0.00611716788262
      vertex 0.0053485087119 0.00708975456655 -0.00626239366829
      vertex 0.00544412294403 0.00712891714647 -0.00612917542458
    endloop
  endfacet
endsolid "toes_ring_r3"
