solid "toes_middle_l"
  facet normal -0.844887495041 0.343901455402 -0.409752219915
    outer loop
      vertex 0.268387585878 -0.303100049496 -0.144364923239
      vertex 0.268549501896 -0.302518039942 -0.144660621881
      vertex 0.268291592598 -0.303003489971 -0.14471578598
    endloop
  endfacet
  facet normal -0.844357430935 0.34482100606 -0.410071969032
    outer loop
      vertex 0.268549501896 -0.302518039942 -0.144660621881
      vertex 0.268387585878 -0.303100049496 -0.144364923239
      vertex 0.2686457932 -0.302614569664 -0.144310027361
    endloop
  endfacet
  facet normal -0.844604671001 0.343939363956 -0.410303145647
    outer loop
      vertex 0.268387585878 -0.303100049496 -0.144364923239
      vertex 0.268741756678 -0.302711129189 -0.143959194422
      vertex 0.2686457932 -0.302614569664 -0.144310027361
    endloop
  endfacet
  facet normal -0.845918059349 0.396478235722 -0.356689810753
    outer loop
      vertex 0.268387585878 -0.303100049496 -0.144364923239
      vertex 0.268636882305 -0.303172916174 -0.143767490983
      vertex 0.268741756678 -0.302711129189 -0.143959194422
    endloop
  endfacet
  facet normal -0.87219107151 0.398532152176 -0.283645689487
    outer loop
      vertex 0.268636882305 -0.303172916174 -0.143767490983
      vertex 0.268387585878 -0.303100049496 -0.144364923239
      vertex 0.26827287674 -0.304013341665 -0.143965989351
    endloop
  endfacet
  facet normal -0.854704141617 0.42770537734 -0.294192045927
    outer loop
      vertex 0.26804381609 -0.303778469563 -0.144585251808
      vertex 0.26827287674 -0.304013341665 -0.143965989351
      vertex 0.268387585878 -0.303100049496 -0.144364923239
    endloop
  endfacet
  facet normal -0.910144984722 0.389826387167 -0.140255138278
    outer loop
      vertex 0.26804381609 -0.303778469563 -0.144585251808
      vertex 0.267812073231 -0.304671287537 -0.14480510354
      vertex 0.26827287674 -0.304013341665 -0.143965989351
    endloop
  endfacet
  facet normal -0.962895810604 0.172643765807 -0.20742662251
    outer loop
      vertex 0.267812073231 -0.304671287537 -0.14480510354
      vertex 0.26804381609 -0.303778469563 -0.144585251808
      vertex 0.267894595861 -0.303442835808 -0.145820870996
    endloop
  endfacet
  facet normal -0.940869867802 0.189851880074 -0.280571162701
    outer loop
      vertex 0.26804381609 -0.303778469563 -0.144585251808
      vertex 0.268134206533 -0.30302375555 -0.14525270462
      vertex 0.267894595861 -0.303442835808 -0.145820870996
    endloop
  endfacet
  facet normal -0.908135294914 0.253663659096 -0.333084076643
    outer loop
      vertex 0.268291592598 -0.303003489971 -0.14471578598
      vertex 0.268134206533 -0.30302375555 -0.14525270462
      vertex 0.26804381609 -0.303778469563 -0.144585251808
    endloop
  endfacet
  facet normal -0.858544409275 0.234486475587 -0.455979824066
    outer loop
      vertex 0.26847115159 -0.302496701479 -0.145043924451
      vertex 0.268134206533 -0.30302375555 -0.14525270462
      vertex 0.268291592598 -0.303003489971 -0.14471578598
    endloop
  endfacet
  facet normal -0.829301774502 -0.0632181763649 -0.55521351099
    outer loop
      vertex 0.26847115159 -0.302496701479 -0.145043924451
      vertex 0.268539220095 -0.302446842194 -0.145499199629
      vertex 0.268134206533 -0.30302375555 -0.14525270462
    endloop
  endfacet
  facet normal -0.724947750568 -0.0330695025623 -0.688009560108
    outer loop
      vertex 0.268681585789 -0.302285075188 -0.14525410533
      vertex 0.268539220095 -0.302446842194 -0.145499199629
      vertex 0.26847115159 -0.302496701479 -0.145043924451
    endloop
  endfacet
  facet normal -0.662420749664 -0.104858115315 -0.74175709486
    outer loop
      vertex 0.268539220095 -0.302446842194 -0.145499199629
      vertex 0.268681585789 -0.302285075188 -0.14525410533
      vertex 0.268695473671 -0.302315980196 -0.145560488105
    endloop
  endfacet
  facet normal -0.639831781387 -0.105795033276 -0.761198222637
    outer loop
      vertex 0.268695473671 -0.302315980196 -0.145560488105
      vertex 0.268681585789 -0.302285075188 -0.14525410533
      vertex 0.268871545792 -0.302137345076 -0.145340129733
    endloop
  endfacet
  facet normal -0.594469964504 0.0637502744794 -0.801586747169
    outer loop
      vertex 0.268871545792 -0.302137345076 -0.145340129733
      vertex 0.268681585789 -0.302285075188 -0.14525410533
      vertex 0.269000828266 -0.302069813013 -0.144983738661
    endloop
  endfacet
  facet normal -0.633785545826 0.143170103431 -0.760143518448
    outer loop
      vertex 0.268681585789 -0.302285075188 -0.14525410533
      vertex 0.268785744905 -0.302288204432 -0.144776418805
      vertex 0.269000828266 -0.302069813013 -0.144983738661
    endloop
  endfacet
  facet normal -0.627866387367 0.141913115978 -0.765274107456
    outer loop
      vertex 0.26847115159 -0.302496701479 -0.145043924451
      vertex 0.268785744905 -0.302288204432 -0.144776418805
      vertex 0.268681585789 -0.302285075188 -0.14525410533
    endloop
  endfacet
  facet normal -0.642009317875 0.172815293074 -0.746966481209
    outer loop
      vertex 0.268549501896 -0.302518039942 -0.144660621881
      vertex 0.268785744905 -0.302288204432 -0.144776418805
      vertex 0.26847115159 -0.302496701479 -0.145043924451
    endloop
  endfacet
  facet normal -0.611770391464 0.244860172272 -0.752183794975
    outer loop
      vertex 0.268549501896 -0.302518039942 -0.144660621881
      vertex 0.268833726645 -0.302369654179 -0.144406318665
      vertex 0.268785744905 -0.302288204432 -0.144776418805
    endloop
  endfacet
  facet normal -0.665126085281 0.362443119287 -0.65287232399
    outer loop
      vertex 0.268549501896 -0.302518039942 -0.144660621881
      vertex 0.2686457932 -0.302614569664 -0.144310027361
      vertex 0.268833726645 -0.302369654179 -0.144406318665
    endloop
  endfacet
  facet normal -0.665370702744 0.361982136965 -0.652878820896
    outer loop
      vertex 0.268834978342 -0.302515745163 -0.144140526652
      vertex 0.268833726645 -0.302369654179 -0.144406318665
      vertex 0.2686457932 -0.302614569664 -0.144310027361
    endloop
  endfacet
  facet normal -0.667159199715 0.361218839884 -0.651474893093
    outer loop
      vertex 0.269091576338 -0.302267074585 -0.144115060568
      vertex 0.268833726645 -0.302369654179 -0.144406318665
      vertex 0.268834978342 -0.302515745163 -0.144140526652
    endloop
  endfacet
  facet normal -0.603818416595 0.270503520966 -0.749820768833
    outer loop
      vertex 0.26919272542 -0.302114099264 -0.144313320518
      vertex 0.268833726645 -0.302369654179 -0.144406318665
      vertex 0.269091576338 -0.302267074585 -0.144115060568
    endloop
  endfacet
  facet normal -0.603815317154 0.268915355206 -0.750394284725
    outer loop
      vertex 0.269050836563 -0.302130967379 -0.144584849477
      vertex 0.268833726645 -0.302369654179 -0.144406318665
      vertex 0.26919272542 -0.302114099264 -0.144313320518
    endloop
  endfacet
  facet normal -0.619238197803 0.244503840804 -0.746164798737
    outer loop
      vertex 0.268833726645 -0.302369654179 -0.144406318665
      vertex 0.269050836563 -0.302130967379 -0.144584849477
      vertex 0.268785744905 -0.302288204432 -0.144776418805
    endloop
  endfacet
  facet normal -0.63684207201 0.297489792109 -0.711288928986
    outer loop
      vertex 0.269050836563 -0.302130967379 -0.144584849477
      vertex 0.269078314304 -0.302029192448 -0.144769340754
      vertex 0.268785744905 -0.302288204432 -0.144776418805
    endloop
  endfacet
  facet normal -0.612253189087 0.310012668371 -0.727350115776
    outer loop
      vertex 0.269050836563 -0.302130967379 -0.144584849477
      vertex 0.269307166338 -0.301963746548 -0.144470989704
      vertex 0.269078314304 -0.302029192448 -0.144769340754
    endloop
  endfacet
  facet normal -0.607525885105 0.271089613438 -0.746607482433
    outer loop
      vertex 0.269050836563 -0.302130967379 -0.144584849477
      vertex 0.26919272542 -0.302114099264 -0.144313320518
      vertex 0.269307166338 -0.301963746548 -0.144470989704
    endloop
  endfacet
  facet normal -0.592297315598 0.287817835808 -0.7525588274
    outer loop
      vertex 0.269307166338 -0.301963746548 -0.144470989704
      vertex 0.26919272542 -0.302114099264 -0.144313320518
      vertex 0.269408583641 -0.301934689283 -0.144338205457
    endloop
  endfacet
  facet normal -0.593520462513 0.283115595579 -0.753378391266
    outer loop
      vertex 0.269432395697 -0.301974385977 -0.144182696939
      vertex 0.269408583641 -0.301934689283 -0.144338205457
      vertex 0.26919272542 -0.302114099264 -0.144313320518
    endloop
  endfacet
  facet normal -0.589859187603 0.283273041248 -0.756189465523
    outer loop
      vertex 0.269408583641 -0.301934689283 -0.144338205457
      vertex 0.269432395697 -0.301974385977 -0.144182696939
      vertex 0.269500166178 -0.301908195019 -0.14421826601
    endloop
  endfacet
  facet normal -0.590289652348 0.28242084384 -0.756172299385
    outer loop
      vertex 0.269481986761 -0.30197095871 -0.144088178873
      vertex 0.269500166178 -0.301908195019 -0.14421826601
      vertex 0.269432395697 -0.301974385977 -0.144182696939
    endloop
  endfacet
  facet normal -0.587290287018 0.283729195595 -0.758015751839
    outer loop
      vertex 0.269500166178 -0.301908195019 -0.14421826601
      vertex 0.269481986761 -0.30197095871 -0.144088178873
      vertex 0.2695774436 -0.301886111498 -0.144117295742
    endloop
  endfacet
  facet normal -0.589028477669 0.27910426259 -0.758383989334
    outer loop
      vertex 0.269546717405 -0.301953494549 -0.143999069929
      vertex 0.2695774436 -0.301886111498 -0.144117295742
      vertex 0.269481986761 -0.30197095871 -0.144088178873
    endloop
  endfacet
  facet normal -0.587009131908 0.280275017023 -0.759517073631
    outer loop
      vertex 0.2695774436 -0.301886111498 -0.144117295742
      vertex 0.269546717405 -0.301953494549 -0.143999069929
      vertex 0.269688129425 -0.301854193211 -0.143971994519
    endloop
  endfacet
  facet normal -0.587038874626 0.279592424631 -0.759745597839
    outer loop
      vertex 0.269688129425 -0.301854193211 -0.143971994519
      vertex 0.269546717405 -0.301953494549 -0.143999069929
      vertex 0.269652307034 -0.301916360855 -0.143878236413
    endloop
  endfacet
  facet normal -0.5899477005 0.283245652914 -0.756130695343
    outer loop
      vertex 0.269652307034 -0.301916360855 -0.143878236413
      vertex 0.269546717405 -0.301953494549 -0.143999069929
      vertex 0.26950097084 -0.30206912756 -0.143785625696
    endloop
  endfacet
  facet normal -0.591796755791 0.282265037298 -0.755051672459
    outer loop
      vertex 0.269546717405 -0.301953494549 -0.143999069929
      vertex 0.269422441721 -0.302074313164 -0.143936410546
      vertex 0.26950097084 -0.30206912756 -0.143785625696
    endloop
  endfacet
  facet normal -0.591976821423 0.281899243593 -0.755047142506
    outer loop
      vertex 0.269546717405 -0.301953494549 -0.143999069929
      vertex 0.269481986761 -0.30197095871 -0.144088178873
      vertex 0.269422441721 -0.302074313164 -0.143936410546
    endloop
  endfacet
  facet normal -0.589197993279 0.283946335316 -0.756452381611
    outer loop
      vertex 0.269481986761 -0.30197095871 -0.144088178873
      vertex 0.269365131855 -0.302074462175 -0.144054949284
      vertex 0.269422441721 -0.302074313164 -0.143936410546
    endloop
  endfacet
  facet normal -0.589844703674 0.282171338797 -0.756612539291
    outer loop
      vertex 0.269481986761 -0.30197095871 -0.144088178873
      vertex 0.269432395697 -0.301974385977 -0.144182696939
      vertex 0.269365131855 -0.302074462175 -0.144054949284
    endloop
  endfacet
  facet normal -0.592735350132 0.279620677233 -0.755299329758
    outer loop
      vertex 0.269432395697 -0.301974385977 -0.144182696939
      vertex 0.26919272542 -0.302114099264 -0.144313320518
      vertex 0.269365131855 -0.302074462175 -0.144054949284
    endloop
  endfacet
  facet normal -0.593084216118 0.279911994934 -0.754917502403
    outer loop
      vertex 0.26919272542 -0.302114099264 -0.144313320518
      vertex 0.269091576338 -0.302267074585 -0.144115060568
      vertex 0.269365131855 -0.302074462175 -0.144054949284
    endloop
  endfacet
  facet normal -0.593020260334 0.28224503994 -0.754098594189
    outer loop
      vertex 0.269365131855 -0.302074462175 -0.144054949284
      vertex 0.269091576338 -0.302267074585 -0.144115060568
      vertex 0.26928755641 -0.302205890417 -0.143866792321
    endloop
  endfacet
  facet normal -0.590628266335 0.279658138752 -0.756934344769
    outer loop
      vertex 0.269082248211 -0.302355289459 -0.143895998597
      vertex 0.26928755641 -0.302205890417 -0.143866792321
      vertex 0.269091576338 -0.302267074585 -0.144115060568
    endloop
  endfacet
  facet normal -0.590578377247 0.280274569988 -0.756745219231
    outer loop
      vertex 0.26928755641 -0.302205890417 -0.143866792321
      vertex 0.269082248211 -0.302355289459 -0.143895998597
      vertex 0.269272834063 -0.302290409803 -0.143669590354
    endloop
  endfacet
  facet normal -0.684475898743 0.401855736971 -0.60828012228
    outer loop
      vertex 0.269082248211 -0.302355289459 -0.143895998597
      vertex 0.268967717886 -0.302724897861 -0.143531635404
      vertex 0.269272834063 -0.302290409803 -0.143669590354
    endloop
  endfacet
  facet normal -0.69916510582 0.388824552298 -0.599986314774
    outer loop
      vertex 0.269082248211 -0.302355289459 -0.143895998597
      vertex 0.268741756678 -0.302711129189 -0.143959194422
      vertex 0.268967717886 -0.302724897861 -0.143531635404
    endloop
  endfacet
  facet normal -0.71384459734 0.309753388166 -0.628075420856
    outer loop
      vertex 0.268741756678 -0.302711129189 -0.143959194422
      vertex 0.269082248211 -0.302355289459 -0.143895998597
      vertex 0.268834978342 -0.302515745163 -0.144140526652
    endloop
  endfacet
  facet normal -0.686990559101 0.246075391769 -0.683733046055
    outer loop
      vertex 0.268834978342 -0.302515745163 -0.144140526652
      vertex 0.269082248211 -0.302355289459 -0.143895998597
      vertex 0.269091576338 -0.302267074585 -0.144115060568
    endloop
  endfacet
  facet normal -0.665267288685 0.361720830202 -0.65312898159
    outer loop
      vertex 0.2686457932 -0.302614569664 -0.144310027361
      vertex 0.268741756678 -0.302711129189 -0.143959194422
      vertex 0.268834978342 -0.302515745163 -0.144140526652
    endloop
  endfacet
  facet normal -0.816576838493 0.443453878164 -0.369528025389
    outer loop
      vertex 0.268741756678 -0.302711129189 -0.143959194422
      vertex 0.268636882305 -0.303172916174 -0.143767490983
      vertex 0.268967717886 -0.302724897861 -0.143531635404
    endloop
  endfacet
  facet normal -0.831574082375 0.354952782393 -0.427192091942
    outer loop
      vertex 0.268967717886 -0.302724897861 -0.143531635404
      vertex 0.268636882305 -0.303172916174 -0.143767490983
      vertex 0.269003033638 -0.303111761808 -0.142983302474
    endloop
  endfacet
  facet normal -0.874422490597 0.385278433561 -0.294865727425
    outer loop
      vertex 0.268636882305 -0.303172916174 -0.143767490983
      vertex 0.268811315298 -0.303794264793 -0.142896085978
      vertex 0.269003033638 -0.303111761808 -0.142983302474
    endloop
  endfacet
  facet normal -0.877449989319 0.382250338793 -0.289769113064
    outer loop
      vertex 0.268811315298 -0.303794264793 -0.142896085978
      vertex 0.268636882305 -0.303172916174 -0.143767490983
      vertex 0.26827287674 -0.304013341665 -0.143965989351
    endloop
  endfacet
  facet normal -0.895189464092 0.419948339462 -0.149262323976
    outer loop
      vertex 0.268811315298 -0.303794264793 -0.142896085978
      vertex 0.26827287674 -0.304013341665 -0.143965989351
      vertex 0.26854750514 -0.305262595415 -0.142936512828
    endloop
  endfacet
  facet normal -0.908304572105 0.398119091988 -0.128390073776
    outer loop
      vertex 0.267812073231 -0.304671287537 -0.14480510354
      vertex 0.26854750514 -0.305262595415 -0.142936512828
      vertex 0.26827287674 -0.304013341665 -0.143965989351
    endloop
  endfacet
  facet normal -0.925017118454 0.377534657717 -0.0425551645458
    outer loop
      vertex 0.268250405788 -0.306466370821 -0.14352875948
      vertex 0.26854750514 -0.305262595415 -0.142936512828
      vertex 0.267812073231 -0.304671287537 -0.14480510354
    endloop
  endfacet
  facet normal -0.854476511478 0.517641365528 0.0437867566943
    outer loop
      vertex 0.26854750514 -0.305262595415 -0.142936512828
      vertex 0.268250405788 -0.306466370821 -0.14352875948
      vertex 0.269377529621 -0.306509971619 -0.141671940684
    endloop
  endfacet
  facet normal -0.828805148602 0.497053682804 0.256942868233
    outer loop
      vertex 0.268250405788 -0.306466370821 -0.14352875948
      vertex 0.269617497921 -0.307768851519 -0.141922548413
      vertex 0.269377529621 -0.306509971619 -0.141671940684
    endloop
  endfacet
  facet normal -0.834042072296 0.440325915813 0.332395792007
    outer loop
      vertex 0.269617497921 -0.307768851519 -0.141922548413
      vertex 0.268250405788 -0.306466370821 -0.14352875948
      vertex 0.268803268671 -0.308889210224 -0.144310534
    endloop
  endfacet
  facet normal -0.864600479603 0.385887026787 0.321803122759
    outer loop
      vertex 0.268250405788 -0.306466370821 -0.14352875948
      vertex 0.267849564552 -0.30722117424 -0.145056322217
      vertex 0.268803268671 -0.308889210224 -0.144310534
    endloop
  endfacet
  facet normal -0.950569868088 0.295918166637 0.0940710455179
    outer loop
      vertex 0.267849564552 -0.30722117424 -0.145056322217
      vertex 0.268250405788 -0.306466370821 -0.14352875948
      vertex 0.267492383718 -0.305495023727 -0.14565500617
    endloop
  endfacet
  facet normal -0.939964175224 0.341027468443 -0.012948051095
    outer loop
      vertex 0.267492383718 -0.305495023727 -0.14565500617
      vertex 0.268250405788 -0.306466370821 -0.14352875948
      vertex 0.267812073231 -0.304671287537 -0.14480510354
    endloop
  endfacet
  facet normal -0.956697285175 0.278810620308 -0.0836356952786
    outer loop
      vertex 0.267486423254 -0.304242134094 -0.146051213145
      vertex 0.267492383718 -0.305495023727 -0.14565500617
      vertex 0.267812073231 -0.304671287537 -0.14480510354
    endloop
  endfacet
  facet normal -0.909644186497 0.397276222706 -0.121322132647
    outer loop
      vertex 0.267486423254 -0.304242134094 -0.146051213145
      vertex 0.267091691494 -0.305157721043 -0.146675437689
      vertex 0.267492383718 -0.305495023727 -0.14565500617
    endloop
  endfacet
  facet normal -0.921391427517 0.356841981411 -0.153953328729
    outer loop
      vertex 0.267091691494 -0.305157721043 -0.146675437689
      vertex 0.267486423254 -0.304242134094 -0.146051213145
      vertex 0.267141014338 -0.304336696863 -0.146902322769
    endloop
  endfacet
  facet normal -0.815634250641 0.274434715509 -0.509339153767
    outer loop
      vertex 0.267486423254 -0.304242134094 -0.146051213145
      vertex 0.26770439744 -0.303526252508 -0.1467320472
      vertex 0.267141014338 -0.304336696863 -0.146902322769
    endloop
  endfacet
  facet normal -0.897390782833 0.149289250374 -0.415213793516
    outer loop
      vertex 0.267486423254 -0.304242134094 -0.146051213145
      vertex 0.267894595861 -0.303442835808 -0.145820870996
      vertex 0.26770439744 -0.303526252508 -0.1467320472
    endloop
  endfacet
  facet normal -0.872040450573 0.346818238497 -0.345344156027
    outer loop
      vertex 0.267894595861 -0.303442835808 -0.145820870996
      vertex 0.267486423254 -0.304242134094 -0.146051213145
      vertex 0.267812073231 -0.304671287537 -0.14480510354
    endloop
  endfacet
  facet normal -0.805291831493 0.114829361439 -0.581652164459
    outer loop
      vertex 0.267894595861 -0.303442835808 -0.145820870996
      vertex 0.268333792686 -0.302740544081 -0.14629805088
      vertex 0.26770439744 -0.303526252508 -0.1467320472
    endloop
  endfacet
  facet normal -0.85543513298 -0.026107519865 -0.517251491547
    outer loop
      vertex 0.267894595861 -0.303442835808 -0.145820870996
      vertex 0.268240064383 -0.3028652668 -0.145698085427
      vertex 0.268333792686 -0.302740544081 -0.14629805088
    endloop
  endfacet
  facet normal -0.856157302856 -0.0197730138898 -0.516336858273
    outer loop
      vertex 0.268134206533 -0.30302375555 -0.14525270462
      vertex 0.268240064383 -0.3028652668 -0.145698085427
      vertex 0.267894595861 -0.303442835808 -0.145820870996
    endloop
  endfacet
  facet normal -0.816028773785 0.0116696236655 -0.57789349556
    outer loop
      vertex 0.268539220095 -0.302446842194 -0.145499199629
      vertex 0.268240064383 -0.3028652668 -0.145698085427
      vertex 0.268134206533 -0.30302375555 -0.14525270462
    endloop
  endfacet
  facet normal -0.785257101059 -0.10322458297 -0.610504627228
    outer loop
      vertex 0.268559217453 -0.302486419678 -0.145885393023
      vertex 0.268240064383 -0.3028652668 -0.145698085427
      vertex 0.268539220095 -0.302446842194 -0.145499199629
    endloop
  endfacet
  facet normal -0.760763466358 0.0160358287394 -0.648831129074
    outer loop
      vertex 0.268333792686 -0.302740544081 -0.14629805088
      vertex 0.268240064383 -0.3028652668 -0.145698085427
      vertex 0.268559217453 -0.302486419678 -0.145885393023
    endloop
  endfacet
  facet normal -0.711755990982 -0.0429334416986 -0.701113522053
    outer loop
      vertex 0.268640786409 -0.302422434092 -0.146192535758
      vertex 0.268333792686 -0.302740544081 -0.14629805088
      vertex 0.268559217453 -0.302486419678 -0.145885393023
    endloop
  endfacet
  facet normal -0.715203821659 -0.0249355901033 -0.698471009731
    outer loop
      vertex 0.268640786409 -0.302422434092 -0.146192535758
      vertex 0.26849937439 -0.302580833435 -0.146573498845
      vertex 0.268333792686 -0.302740544081 -0.14629805088
    endloop
  endfacet
  facet normal 0.193777352571 0.314452797174 0.929284572601
    outer loop
      vertex 0.268192738295 -0.302572250366 -0.146359175444
      vertex 0.26849937439 -0.302580833435 -0.146573498845
      vertex 0.268640786409 -0.302422434092 -0.146192535758
    endloop
  endfacet
  facet normal 0.267561346292 0.417576104403 0.86835539341
    outer loop
      vertex 0.26849937439 -0.302580833435 -0.146573498845
      vertex 0.268192738295 -0.302572250366 -0.146359175444
      vertex 0.268285900354 -0.302789986134 -0.146871656179
    endloop
  endfacet
  facet normal 0.134264007211 0.408072650433 0.903022646904
    outer loop
      vertex 0.268285900354 -0.302789986134 -0.146871656179
      vertex 0.268192738295 -0.302572250366 -0.146359175444
      vertex 0.267566502094 -0.302940249443 -0.146967470646
    endloop
  endfacet
  facet normal 0.111403740942 0.427917987108 0.896925508976
    outer loop
      vertex 0.267432302237 -0.302456885576 -0.145919397473
      vertex 0.267566502094 -0.302940249443 -0.146967470646
      vertex 0.268192738295 -0.302572250366 -0.146359175444
    endloop
  endfacet
  facet normal -0.174224689603 0.393906950951 0.902487158775
    outer loop
      vertex 0.267432302237 -0.302456885576 -0.145919397473
      vertex 0.266172915697 -0.3026073277 -0.146821096539
      vertex 0.267566502094 -0.302940249443 -0.146967470646
    endloop
  endfacet
  facet normal -0.119925007224 0.324060767889 0.938404262066
    outer loop
      vertex 0.266172915697 -0.3026073277 -0.146821096539
      vertex 0.267432302237 -0.302456885576 -0.145919397473
      vertex 0.266617506742 -0.30213367939 -0.145284995437
    endloop
  endfacet
  facet normal -0.143282637 0.296952843666 0.944081068039
    outer loop
      vertex 0.266617506742 -0.30213367939 -0.145284995437
      vertex 0.267432302237 -0.302456885576 -0.145919397473
      vertex 0.267485111952 -0.30225944519 -0.145266205072
    endloop
  endfacet
  facet normal 0.036510899663 0.286442130804 0.957401633263
    outer loop
      vertex 0.267432302237 -0.302456885576 -0.145919397473
      vertex 0.26815828681 -0.302223742008 -0.14523267746
      vertex 0.267485111952 -0.30225944519 -0.145266205072
    endloop
  endfacet
  facet normal 0.060172341764 0.263274848461 0.962842464447
    outer loop
      vertex 0.26815828681 -0.302223742008 -0.14523267746
      vertex 0.267432302237 -0.302456885576 -0.145919397473
      vertex 0.268238276243 -0.302397191525 -0.145885288715
    endloop
  endfacet
  facet normal 0.0550535693765 0.341340959072 0.938325881958
    outer loop
      vertex 0.268192738295 -0.302572250366 -0.146359175444
      vertex 0.268238276243 -0.302397191525 -0.145885288715
      vertex 0.267432302237 -0.302456885576 -0.145919397473
    endloop
  endfacet
  facet normal 0.189339667559 0.324194639921 0.926848590374
    outer loop
      vertex 0.268640786409 -0.302422434092 -0.146192535758
      vertex 0.268238276243 -0.302397191525 -0.145885288715
      vertex 0.268192738295 -0.302572250366 -0.146359175444
    endloop
  endfacet
  facet normal 0.1845857054 0.318215340376 0.929874777794
    outer loop
      vertex 0.268781900406 -0.30226406455 -0.145811617374
      vertex 0.268238276243 -0.302397191525 -0.145885288715
      vertex 0.268640786409 -0.302422434092 -0.146192535758
    endloop
  endfacet
  facet normal 0.191482558846 0.28447714448 0.939365327358
    outer loop
      vertex 0.268541753292 -0.302239537239 -0.145568966866
      vertex 0.268238276243 -0.302397191525 -0.145885288715
      vertex 0.268781900406 -0.30226406455 -0.145811617374
    endloop
  endfacet
  facet normal 0.202120751143 0.274621903896 0.940069139004
    outer loop
      vertex 0.268238276243 -0.302397191525 -0.145885288715
      vertex 0.268541753292 -0.302239537239 -0.145568966866
      vertex 0.26815828681 -0.302223742008 -0.14523267746
    endloop
  endfacet
  facet normal 0.135025560856 0.199547722936 0.970540463924
    outer loop
      vertex 0.26815828681 -0.302223742008 -0.14523267746
      vertex 0.268541753292 -0.302239537239 -0.145568966866
      vertex 0.268590271473 -0.30215010047 -0.145166814327
    endloop
  endfacet
  facet normal 0.164145961404 0.195229887962 0.966923654079
    outer loop
      vertex 0.268590271473 -0.30215010047 -0.145166814327
      vertex 0.268541753292 -0.302239537239 -0.145568966866
      vertex 0.268871545792 -0.302137345076 -0.145340129733
    endloop
  endfacet
  facet normal 0.19627417624 0.149866834283 0.96902859211
    outer loop
      vertex 0.268541753292 -0.302239537239 -0.145568966866
      vertex 0.268851697445 -0.30218487978 -0.145621478558
      vertex 0.268871545792 -0.302137345076 -0.145340129733
    endloop
  endfacet
  facet normal 0.215480268002 0.306979238987 0.927001595497
    outer loop
      vertex 0.268781900406 -0.30226406455 -0.145811617374
      vertex 0.268851697445 -0.30218487978 -0.145621478558
      vertex 0.268541753292 -0.302239537239 -0.145568966866
    endloop
  endfacet
  facet normal -0.657342851162 -0.0711552277207 -0.75022482872
    outer loop
      vertex 0.268695473671 -0.302315980196 -0.145560488105
      vertex 0.268851697445 -0.30218487978 -0.145621478558
      vertex 0.268781900406 -0.30226406455 -0.145811617374
    endloop
  endfacet
  facet normal -0.658877789974 -0.0798739492893 -0.747997462749
    outer loop
      vertex 0.268695473671 -0.302315980196 -0.145560488105
      vertex 0.268871545792 -0.302137345076 -0.145340129733
      vertex 0.268851697445 -0.30218487978 -0.145621478558
    endloop
  endfacet
  facet normal -0.689005553722 -0.0884380564094 -0.719340026379
    outer loop
      vertex 0.268695473671 -0.302315980196 -0.145560488105
      vertex 0.268781900406 -0.30226406455 -0.145811617374
      vertex 0.268559217453 -0.302486419678 -0.145885393023
    endloop
  endfacet
  facet normal -0.699901103973 -0.0372536219656 -0.713267505169
    outer loop
      vertex 0.268559217453 -0.302486419678 -0.145885393023
      vertex 0.268781900406 -0.30226406455 -0.145811617374
      vertex 0.268640786409 -0.302422434092 -0.146192535758
    endloop
  endfacet
  facet normal -0.66324788332 -0.110203377903 -0.740241467953
    outer loop
      vertex 0.268695473671 -0.302315980196 -0.145560488105
      vertex 0.268559217453 -0.302486419678 -0.145885393023
      vertex 0.268539220095 -0.302446842194 -0.145499199629
    endloop
  endfacet
  facet normal 0.13007299602 0.138843625784 0.981734931469
    outer loop
      vertex 0.269000828266 -0.302069813013 -0.144983738661
      vertex 0.268590271473 -0.30215010047 -0.145166814327
      vertex 0.268871545792 -0.302137345076 -0.145340129733
    endloop
  endfacet
  facet normal 0.118435099721 0.16389426589 0.979342520237
    outer loop
      vertex 0.268825799227 -0.302055716515 -0.144773036242
      vertex 0.268590271473 -0.30215010047 -0.145166814327
      vertex 0.269000828266 -0.302069813013 -0.144983738661
    endloop
  endfacet
  facet normal 0.0778978839517 0.188074320555 0.979060769081
    outer loop
      vertex 0.268494606018 -0.302071481943 -0.144717916846
      vertex 0.268590271473 -0.30215010047 -0.145166814327
      vertex 0.268825799227 -0.302055716515 -0.144773036242
    endloop
  endfacet
  facet normal 0.135160505772 0.198810711503 0.970672905445
    outer loop
      vertex 0.268590271473 -0.30215010047 -0.145166814327
      vertex 0.268494606018 -0.302071481943 -0.144717916846
      vertex 0.26815828681 -0.302223742008 -0.14523267746
    endloop
  endfacet
  facet normal 0.0401763580739 0.259186208248 0.964991390705
    outer loop
      vertex 0.26815828681 -0.302223742008 -0.14523267746
      vertex 0.268494606018 -0.302071481943 -0.144717916846
      vertex 0.267924547195 -0.302098602057 -0.144730523229
    endloop
  endfacet
  facet normal 0.0428962260485 0.175967797637 0.983460843563
    outer loop
      vertex 0.268405497074 -0.301994919777 -0.14426830411
      vertex 0.267924547195 -0.302098602057 -0.144730523229
      vertex 0.268494606018 -0.302071481943 -0.144717916846
    endloop
  endfacet
  facet normal 0.0136109096929 0.20534850657 0.978594243526
    outer loop
      vertex 0.26788726449 -0.301996022463 -0.144239202142
      vertex 0.267924547195 -0.302098602057 -0.144730523229
      vertex 0.268405497074 -0.301994919777 -0.14426830411
    endloop
  endfacet
  facet normal -0.0309663265944 0.202027663589 0.978890120983
    outer loop
      vertex 0.267537593842 -0.302062064409 -0.144612804055
      vertex 0.267924547195 -0.302098602057 -0.144730523229
      vertex 0.26788726449 -0.301996022463 -0.144239202142
    endloop
  endfacet
  facet normal -0.00235521397553 0.289349555969 0.957220613956
    outer loop
      vertex 0.267924547195 -0.302098602057 -0.144730523229
      vertex 0.267537593842 -0.302062064409 -0.144612804055
      vertex 0.267485111952 -0.30225944519 -0.145266205072
    endloop
  endfacet
  facet normal -0.143288075924 0.29672062397 0.944153249264
    outer loop
      vertex 0.267537593842 -0.302062064409 -0.144612804055
      vertex 0.266617506742 -0.30213367939 -0.145284995437
      vertex 0.267485111952 -0.30225944519 -0.145266205072
    endloop
  endfacet
  facet normal -0.130871757865 0.280444800854 0.950906574726
    outer loop
      vertex 0.267537593842 -0.302062064409 -0.144612804055
      vertex 0.266274601221 -0.301814615726 -0.144363150001
      vertex 0.266617506742 -0.30213367939 -0.145284995437
    endloop
  endfacet
  facet normal -0.149977564812 0.200810626149 0.968081533909
    outer loop
      vertex 0.266274601221 -0.301814615726 -0.144363150001
      vertex 0.267537593842 -0.302062064409 -0.144612804055
      vertex 0.267210364342 -0.301830768585 -0.143742144108
    endloop
  endfacet
  facet normal -0.0657368600368 0.233044445515 0.970241725445
    outer loop
      vertex 0.26788726449 -0.301996022463 -0.144239202142
      vertex 0.267210364342 -0.301830768585 -0.143742144108
      vertex 0.267537593842 -0.302062064409 -0.144612804055
    endloop
  endfacet
  facet normal -0.069600507617 0.228085026145 0.97115033865
    outer loop
      vertex 0.267210364342 -0.301830768585 -0.143742144108
      vertex 0.26788726449 -0.301996022463 -0.144239202142
      vertex 0.268214762211 -0.3018835783 -0.143660500646
    endloop
  endfacet
  facet normal 0.0159206688404 0.182024180889 0.98316514492
    outer loop
      vertex 0.26788726449 -0.301996022463 -0.144239202142
      vertex 0.26843380928 -0.301930069923 -0.143930777907
      vertex 0.268214762211 -0.3018835783 -0.143660500646
    endloop
  endfacet
  facet normal 0.0126247517765 0.187648653984 0.98215508461
    outer loop
      vertex 0.26788726449 -0.301996022463 -0.144239202142
      vertex 0.268405497074 -0.301994919777 -0.14426830411
      vertex 0.26843380928 -0.301930069923 -0.143930777907
    endloop
  endfacet
  facet normal 0.0455247089267 0.184806451201 0.981719970703
    outer loop
      vertex 0.268405497074 -0.301994919777 -0.14426830411
      vertex 0.268748641014 -0.301944106817 -0.144082903862
      vertex 0.26843380928 -0.301930069923 -0.143930777907
    endloop
  endfacet
  facet normal 0.0519980229437 0.17331160605 0.983493387699
    outer loop
      vertex 0.268748641014 -0.301944106817 -0.144082903862
      vertex 0.268405497074 -0.301994919777 -0.14426830411
      vertex 0.268653780222 -0.302010983229 -0.144433945417
    endloop
  endfacet
  facet normal 0.0553706623614 0.178262770176 0.982423782349
    outer loop
      vertex 0.268405497074 -0.301994919777 -0.14426830411
      vertex 0.268494606018 -0.302071481943 -0.144717916846
      vertex 0.268653780222 -0.302010983229 -0.144433945417
    endloop
  endfacet
  facet normal 0.0746747031808 0.167570695281 0.983027875423
    outer loop
      vertex 0.268825799227 -0.302055716515 -0.144773036242
      vertex 0.268653780222 -0.302010983229 -0.144433945417
      vertex 0.268494606018 -0.302071481943 -0.144717916846
    endloop
  endfacet
  facet normal 0.077457845211 0.168923795223 0.982580780983
    outer loop
      vertex 0.268653780222 -0.302010983229 -0.144433945417
      vertex 0.268825799227 -0.302055716515 -0.144773036242
      vertex 0.269025623798 -0.30199894309 -0.144534409046
    endloop
  endfacet
  facet normal 0.101139105856 0.149336844683 0.983600199223
    outer loop
      vertex 0.268825799227 -0.302055716515 -0.144773036242
      vertex 0.269078314304 -0.302029192448 -0.144769340754
      vertex 0.269025623798 -0.30199894309 -0.144534409046
    endloop
  endfacet
  facet normal 0.101125203073 0.149796426296 0.98353177309
    outer loop
      vertex 0.269078314304 -0.302029192448 -0.144769340754
      vertex 0.268825799227 -0.302055716515 -0.144773036242
      vertex 0.269000828266 -0.302069813013 -0.144983738661
    endloop
  endfacet
  facet normal -0.66096919775 0.0979530364275 -0.743992567062
    outer loop
      vertex 0.268785744905 -0.302288204432 -0.144776418805
      vertex 0.269078314304 -0.302029192448 -0.144769340754
      vertex 0.269000828266 -0.302069813013 -0.144983738661
    endloop
  endfacet
  facet normal 0.090019479394 0.147025853395 0.985027849674
    outer loop
      vertex 0.269307166338 -0.301963746548 -0.144470989704
      vertex 0.269025623798 -0.30199894309 -0.144534409046
      vertex 0.269078314304 -0.302029192448 -0.144769340754
    endloop
  endfacet
  facet normal 0.0901993364096 0.146280035377 0.985122442245
    outer loop
      vertex 0.269209444523 -0.301955640316 -0.144356146455
      vertex 0.269025623798 -0.30199894309 -0.144534409046
      vertex 0.269307166338 -0.301963746548 -0.144470989704
    endloop
  endfacet
  facet normal 0.0895726829767 0.146917060018 0.985084831715
    outer loop
      vertex 0.269025623798 -0.30199894309 -0.144534409046
      vertex 0.269209444523 -0.301955640316 -0.144356146455
      vertex 0.26897290349 -0.301968693733 -0.144299462438
    endloop
  endfacet
  facet normal 0.0900549441576 0.149012118578 0.984726130962
    outer loop
      vertex 0.269209444523 -0.301955640316 -0.144356146455
      vertex 0.269250243902 -0.301925629377 -0.144182488322
      vertex 0.26897290349 -0.301968693733 -0.144299462438
    endloop
  endfacet
  facet normal 0.0901795774698 0.148981645703 0.984719336033
    outer loop
      vertex 0.269408583641 -0.301934689283 -0.144338205457
      vertex 0.269250243902 -0.301925629377 -0.144182488322
      vertex 0.269209444523 -0.301955640316 -0.144356146455
    endloop
  endfacet
  facet normal 0.0900068953633 0.148808509111 0.984761297703
    outer loop
      vertex 0.269500166178 -0.301908195019 -0.14421826601
      vertex 0.269250243902 -0.301925629377 -0.144182488322
      vertex 0.269408583641 -0.301934689283 -0.144338205457
    endloop
  endfacet
  facet normal 0.0912081301212 0.157946392894 0.983226358891
    outer loop
      vertex 0.269406467676 -0.301882237196 -0.144002571702
      vertex 0.269250243902 -0.301925629377 -0.144182488322
      vertex 0.269500166178 -0.301908195019 -0.14421826601
    endloop
  endfacet
  facet normal 0.0833889916539 0.164637461305 0.982822835445
    outer loop
      vertex 0.269406467676 -0.301882237196 -0.144002571702
      vertex 0.269008398056 -0.301912099123 -0.143979221582
      vertex 0.269250243902 -0.301925629377 -0.144182488322
    endloop
  endfacet
  facet normal 0.0822178646922 0.13960005343 0.986788749695
    outer loop
      vertex 0.269304454327 -0.301856547594 -0.143760889769
      vertex 0.269008398056 -0.301912099123 -0.143979221582
      vertex 0.269406467676 -0.301882237196 -0.144002571702
    endloop
  endfacet
  facet normal 0.0714591667056 0.153861969709 0.985504984856
    outer loop
      vertex 0.269304454327 -0.301856547594 -0.143760889769
      vertex 0.268796205521 -0.30189332366 -0.14376039803
      vertex 0.269008398056 -0.301912099123 -0.143979221582
    endloop
  endfacet
  facet normal 0.0718680098653 0.105629123747 0.991805136204
    outer loop
      vertex 0.268796205521 -0.30189332366 -0.14376039803
      vertex 0.269304454327 -0.301856547594 -0.143760889769
      vertex 0.269217759371 -0.301824480295 -0.14340081811
    endloop
  endfacet
  facet normal 0.123841099441 0.117562532425 0.985313355923
    outer loop
      vertex 0.269547134638 -0.30181825161 -0.143695577979
      vertex 0.269217759371 -0.301824480295 -0.14340081811
      vertex 0.269304454327 -0.301856547594 -0.143760889769
    endloop
  endfacet
  facet normal 0.084342725575 0.0732479989529 0.993740916252
    outer loop
      vertex 0.269547134638 -0.30181825161 -0.143695577979
      vertex 0.269553482533 -0.30178424716 -0.143241554499
      vertex 0.269217759371 -0.301824480295 -0.14340081811
    endloop
  endfacet
  facet normal 0.195246979594 0.0705368518829 0.978214263916
    outer loop
      vertex 0.269756942987 -0.301771640778 -0.143629878759
      vertex 0.269553482533 -0.30178424716 -0.143241554499
      vertex 0.269547134638 -0.30181825161 -0.143695577979
    endloop
  endfacet
  facet normal 0.180642575026 0.0627772286534 0.981543302536
    outer loop
      vertex 0.269756942987 -0.301771640778 -0.143629878759
      vertex 0.269929409027 -0.301727890968 -0.143442109227
      vertex 0.269553482533 -0.30178424716 -0.143241554499
    endloop
  endfacet
  facet normal 0.168276831508 0.074457667768 0.982923686504
    outer loop
      vertex 0.269906044006 -0.301748394966 -0.143659994006
      vertex 0.269929409027 -0.301727890968 -0.143442109227
      vertex 0.269756942987 -0.301771640778 -0.143629878759
    endloop
  endfacet
  facet normal 0.298597991467 0.0576346553862 0.952637135983
    outer loop
      vertex 0.270021826029 -0.301712036133 -0.143658906221
      vertex 0.269929409027 -0.301727890968 -0.143442109227
      vertex 0.269906044006 -0.301748394966 -0.143659994006
    endloop
  endfacet
  facet normal 0.286680579185 0.0522639118135 0.956599593163
    outer loop
      vertex 0.270153731108 -0.301664471626 -0.143511861563
      vertex 0.269929409027 -0.301727890968 -0.143442109227
      vertex 0.270021826029 -0.301712036133 -0.143658906221
    endloop
  endfacet
  facet normal 0.277709335089 0.0198993850499 0.960459053516
    outer loop
      vertex 0.270153731108 -0.301664471626 -0.143511861563
      vertex 0.270116388798 -0.301666915417 -0.143108591437
      vertex 0.269929409027 -0.301727890968 -0.143442109227
    endloop
  endfacet
  facet normal 0.315844535828 0.0235035680234 0.948519825935
    outer loop
      vertex 0.270153731108 -0.301664471626 -0.143511861563
      vertex 0.270417571068 -0.301569342613 -0.143218114972
      vertex 0.270116388798 -0.301666915417 -0.143108591437
    endloop
  endfacet
  facet normal -0.577432692051 0.268981784582 -0.7708568573
    outer loop
      vertex 0.270055145025 -0.301851034164 -0.143188863993
      vertex 0.270417571068 -0.301569342613 -0.143218114972
      vertex 0.270153731108 -0.301664471626 -0.143511861563
    endloop
  endfacet
  facet normal -0.590809881687 0.202009260654 -0.781111955643
    outer loop
      vertex 0.270244419575 -0.301822125912 -0.142747029662
      vertex 0.270417571068 -0.301569342613 -0.143218114972
      vertex 0.270055145025 -0.301851034164 -0.143188863993
    endloop
  endfacet
  facet normal -0.664507627487 0.148747473955 -0.732327640057
    outer loop
      vertex 0.270684987307 -0.301480054855 -0.142463043332
      vertex 0.270417571068 -0.301569342613 -0.143218114972
      vertex 0.270244419575 -0.301822125912 -0.142747029662
    endloop
  endfacet
  facet normal 0.269450306892 0.0184261873364 0.962837994099
    outer loop
      vertex 0.270684987307 -0.301480054855 -0.142463043332
      vertex 0.270237624645 -0.301608502865 -0.142633065581
      vertex 0.270417571068 -0.301569342613 -0.143218114972
    endloop
  endfacet
  facet normal 0.279392927885 -0.00978413317353 0.96012699604
    outer loop
      vertex 0.270237624645 -0.301608502865 -0.142633065581
      vertex 0.270684987307 -0.301480054855 -0.142463043332
      vertex 0.270014077425 -0.301681309938 -0.141871631145
    endloop
  endfacet
  facet normal 0.261369585991 -0.0317906662822 0.964715123177
    outer loop
      vertex 0.270505607128 -0.301555722952 -0.141641616821
      vertex 0.270014077425 -0.301681309938 -0.141871631145
      vertex 0.270684987307 -0.301480054855 -0.142463043332
    endloop
  endfacet
  facet normal 0.222766563296 0.0553909093142 0.973296940327
    outer loop
      vertex 0.270505607128 -0.301555722952 -0.141641616821
      vertex 0.270174562931 -0.301590770483 -0.140926107764
      vertex 0.270014077425 -0.301681309938 -0.141871631145
    endloop
  endfacet
  facet normal 0.228799521923 0.0582589134574 0.971728682518
    outer loop
      vertex 0.270174562931 -0.301590770483 -0.140926107764
      vertex 0.270505607128 -0.301555722952 -0.141641616821
      vertex 0.270722180605 -0.301480799913 -0.141242563725
    endloop
  endfacet
  facet normal 0.320943385363 0.00362118217163 0.947091460228
    outer loop
      vertex 0.270505607128 -0.301555722952 -0.141641616821
      vertex 0.270888745785 -0.301425039768 -0.141420900822
      vertex 0.270722180605 -0.301480799913 -0.141242563725
    endloop
  endfacet
  facet normal 0.326213747263 -0.00660443026572 0.945272982121
    outer loop
      vertex 0.270888745785 -0.301425039768 -0.141420900822
      vertex 0.270505607128 -0.301555722952 -0.141641616821
      vertex 0.270907670259 -0.301416009665 -0.141778469086
    endloop
  endfacet
  facet normal 0.323137283325 -0.0165970176458 0.946206569672
    outer loop
      vertex 0.270907670259 -0.301416009665 -0.141778469086
      vertex 0.270505607128 -0.301555722952 -0.141641616821
      vertex 0.270684987307 -0.301480054855 -0.142463043332
    endloop
  endfacet
  facet normal -0.746993362904 0.183211609721 -0.639088749886
    outer loop
      vertex 0.270684987307 -0.301480054855 -0.142463043332
      vertex 0.270644456148 -0.30171585083 -0.141805693507
      vertex 0.270907670259 -0.301416009665 -0.141778469086
    endloop
  endfacet
  facet normal -0.679306030273 0.210332289338 -0.703067302704
    outer loop
      vertex 0.270644456148 -0.30171585083 -0.141805693507
      vertex 0.270684987307 -0.301480054855 -0.142463043332
      vertex 0.270187228918 -0.302071511745 -0.142093628645
    endloop
  endfacet
  facet normal -0.68015730381 0.208663538098 -0.702741444111
    outer loop
      vertex 0.270684987307 -0.301480054855 -0.142463043332
      vertex 0.270244419575 -0.301822125912 -0.142747029662
      vertex 0.270187228918 -0.302071511745 -0.142093628645
    endloop
  endfacet
  facet normal -0.621598660946 0.231229275465 -0.748430430889
    outer loop
      vertex 0.270244419575 -0.301822125912 -0.142747029662
      vertex 0.269892334938 -0.302190840244 -0.142500087619
      vertex 0.270187228918 -0.302071511745 -0.142093628645
    endloop
  endfacet
  facet normal -0.628915965557 0.21771645546 -0.746367394924
    outer loop
      vertex 0.26980483532 -0.302115470171 -0.143011257052
      vertex 0.269892334938 -0.302190840244 -0.142500087619
      vertex 0.270244419575 -0.301822125912 -0.142747029662
    endloop
  endfacet
  facet normal -0.688881695271 0.219782412052 -0.690751552582
    outer loop
      vertex 0.269892334938 -0.302190840244 -0.142500087619
      vertex 0.26980483532 -0.302115470171 -0.143011257052
      vertex 0.269498348236 -0.302545547485 -0.142620161176
    endloop
  endfacet
  facet normal -0.654986083508 0.264946907759 -0.70766967535
    outer loop
      vertex 0.269302815199 -0.302508294582 -0.143203064799
      vertex 0.269498348236 -0.302545547485 -0.142620161176
      vertex 0.26980483532 -0.302115470171 -0.143011257052
    endloop
  endfacet
  facet normal -0.805059731007 0.302668005228 -0.510167598724
    outer loop
      vertex 0.269302815199 -0.302508294582 -0.143203064799
      vertex 0.269003033638 -0.303111761808 -0.142983302474
      vertex 0.269498348236 -0.302545547485 -0.142620161176
    endloop
  endfacet
  facet normal -0.744954824448 0.415953397751 -0.521560251713
    outer loop
      vertex 0.269003033638 -0.303111761808 -0.142983302474
      vertex 0.269302815199 -0.302508294582 -0.143203064799
      vertex 0.268967717886 -0.302724897861 -0.143531635404
    endloop
  endfacet
  facet normal -0.719431996346 0.331333398819 -0.610439002514
    outer loop
      vertex 0.268967717886 -0.302724897861 -0.143531635404
      vertex 0.269302815199 -0.302508294582 -0.143203064799
      vertex 0.269272834063 -0.302290409803 -0.143669590354
    endloop
  endfacet
  facet normal -0.631508588791 0.361054241657 -0.686175465584
    outer loop
      vertex 0.269302815199 -0.302508294582 -0.143203064799
      vertex 0.269538760185 -0.302169680595 -0.143433913589
      vertex 0.269272834063 -0.302290409803 -0.143669590354
    endloop
  endfacet
  facet normal -0.656700730324 0.326190203428 -0.679958879948
    outer loop
      vertex 0.26980483532 -0.302115470171 -0.143011257052
      vertex 0.269538760185 -0.302169680595 -0.143433913589
      vertex 0.269302815199 -0.302508294582 -0.143203064799
    endloop
  endfacet
  facet normal -0.593121945858 0.276389747858 -0.756184518337
    outer loop
      vertex 0.26980483532 -0.302115470171 -0.143011257052
      vertex 0.269830524921 -0.301919847727 -0.143491342664
      vertex 0.269538760185 -0.302169680595 -0.143433913589
    endloop
  endfacet
  facet normal -0.599646389484 0.274255394936 -0.751803338528
    outer loop
      vertex 0.269830524921 -0.301919847727 -0.143491342664
      vertex 0.26980483532 -0.302115470171 -0.143011257052
      vertex 0.270055145025 -0.301851034164 -0.143188863993
    endloop
  endfacet
  facet normal -0.629790842533 0.221096247435 -0.744634091854
    outer loop
      vertex 0.270055145025 -0.301851034164 -0.143188863993
      vertex 0.26980483532 -0.302115470171 -0.143011257052
      vertex 0.270244419575 -0.301822125912 -0.142747029662
    endloop
  endfacet
  facet normal -0.588105499744 0.262698590755 -0.764932274818
    outer loop
      vertex 0.270055145025 -0.301851034164 -0.143188863993
      vertex 0.269966840744 -0.301794469357 -0.143551230431
      vertex 0.269830524921 -0.301919847727 -0.143491342664
    endloop
  endfacet
  facet normal -0.587659537792 0.262646228075 -0.765292942524
    outer loop
      vertex 0.269966840744 -0.301794469357 -0.143551230431
      vertex 0.270055145025 -0.301851034164 -0.143188863993
      vertex 0.270153731108 -0.301664471626 -0.143511861563
    endloop
  endfacet
  facet normal -0.587205529213 0.28124281764 -0.759007334709
    outer loop
      vertex 0.270021826029 -0.301712036133 -0.143658906221
      vertex 0.269966840744 -0.301794469357 -0.143551230431
      vertex 0.270153731108 -0.301664471626 -0.143511861563
    endloop
  endfacet
  facet normal -0.587880790234 0.280662238598 -0.758699476719
    outer loop
      vertex 0.269904375076 -0.301790833473 -0.143691912293
      vertex 0.269966840744 -0.301794469357 -0.143551230431
      vertex 0.270021826029 -0.301712036133 -0.143658906221
    endloop
  endfacet
  facet normal -0.58128708601 0.277891248465 -0.764775633812
    outer loop
      vertex 0.269966840744 -0.301794469357 -0.143551230431
      vertex 0.269904375076 -0.301790833473 -0.143691912293
      vertex 0.269830524921 -0.301919847727 -0.143491342664
    endloop
  endfacet
  facet normal -0.585974991322 0.274621248245 -0.762375533581
    outer loop
      vertex 0.269784480333 -0.301858335733 -0.143760353327
      vertex 0.269830524921 -0.301919847727 -0.143491342664
      vertex 0.269904375076 -0.301790833473 -0.143691912293
    endloop
  endfacet
  facet normal -0.590795993805 0.274595618248 -0.758654952049
    outer loop
      vertex 0.269830524921 -0.301919847727 -0.143491342664
      vertex 0.269784480333 -0.301858335733 -0.143760353327
      vertex 0.269650220871 -0.302003800869 -0.143647328019
    endloop
  endfacet
  facet normal -0.585528492928 0.282414138317 -0.759867548943
    outer loop
      vertex 0.269784480333 -0.301858335733 -0.143760353327
      vertex 0.269652307034 -0.301916360855 -0.143878236413
      vertex 0.269650220871 -0.302003800869 -0.143647328019
    endloop
  endfacet
  facet normal -0.588118493557 0.28718739748 -0.756068766117
    outer loop
      vertex 0.269780397415 -0.301827251911 -0.143850535154
      vertex 0.269652307034 -0.301916360855 -0.143878236413
      vertex 0.269784480333 -0.301858335733 -0.143760353327
    endloop
  endfacet
  facet normal -0.588359594345 0.278641909361 -0.759072899818
    outer loop
      vertex 0.269688129425 -0.301854193211 -0.143971994519
      vertex 0.269652307034 -0.301916360855 -0.143878236413
      vertex 0.269780397415 -0.301827251911 -0.143850535154
    endloop
  endfacet
  facet normal -0.0711691752076 0.267229050398 0.961001336575
    outer loop
      vertex 0.269780397415 -0.301827251911 -0.143850535154
      vertex 0.269692212343 -0.301804482937 -0.143792137504
      vertex 0.269688129425 -0.301854193211 -0.143971994519
    endloop
  endfacet
  facet normal 0.0631365701556 0.443906456232 0.893846094608
    outer loop
      vertex 0.269692212343 -0.301804482937 -0.143792137504
      vertex 0.269780397415 -0.301827251911 -0.143850535154
      vertex 0.269832849503 -0.301771730185 -0.143746182323
    endloop
  endfacet
  facet normal 0.438430219889 0.240479499102 0.865995705128
    outer loop
      vertex 0.269780397415 -0.301827251911 -0.143850535154
      vertex 0.26988992095 -0.301759332418 -0.143805593252
      vertex 0.269832849503 -0.301771730185 -0.143746182323
    endloop
  endfacet
  facet normal -0.587241590023 0.287360012531 -0.756684541702
    outer loop
      vertex 0.269784480333 -0.301858335733 -0.143760353327
      vertex 0.26988992095 -0.301759332418 -0.143805593252
      vertex 0.269780397415 -0.301827251911 -0.143850535154
    endloop
  endfacet
  facet normal -0.588498950005 0.284586280584 -0.756756007671
    outer loop
      vertex 0.269904375076 -0.301790833473 -0.143691912293
      vertex 0.26988992095 -0.301759332418 -0.143805593252
      vertex 0.269784480333 -0.301858335733 -0.143760353327
    endloop
  endfacet
  facet normal -0.583555817604 0.284975081682 -0.760428726673
    outer loop
      vertex 0.26988992095 -0.301759332418 -0.143805593252
      vertex 0.269904375076 -0.301790833473 -0.143691912293
      vertex 0.269939422607 -0.30174189806 -0.143750742078
    endloop
  endfacet
  facet normal -0.58788561821 0.280885905027 -0.758612990379
    outer loop
      vertex 0.269939422607 -0.30174189806 -0.143750742078
      vertex 0.269904375076 -0.301790833473 -0.143691912293
      vertex 0.270021826029 -0.301712036133 -0.143658906221
    endloop
  endfacet
  facet normal 0.298971831799 0.0416902787983 0.953350841999
    outer loop
      vertex 0.269939422607 -0.30174189806 -0.143750742078
      vertex 0.270021826029 -0.301712036133 -0.143658906221
      vertex 0.269906044006 -0.301748394966 -0.143659994006
    endloop
  endfacet
  facet normal 0.27064922452 0.0306432172656 0.962190210819
    outer loop
      vertex 0.269906044006 -0.301748394966 -0.143659994006
      vertex 0.269832849503 -0.301771730185 -0.143746182323
      vertex 0.269939422607 -0.30174189806 -0.143750742078
    endloop
  endfacet
  facet normal 0.175730377436 0.115431897342 0.97764736414
    outer loop
      vertex 0.269756942987 -0.301771640778 -0.143629878759
      vertex 0.269832849503 -0.301771730185 -0.143746182323
      vertex 0.269906044006 -0.301748394966 -0.143659994006
    endloop
  endfacet
  facet normal 0.186901941895 0.122720167041 0.974683225155
    outer loop
      vertex 0.269832849503 -0.301771730185 -0.143746182323
      vertex 0.269756942987 -0.301771640778 -0.143629878759
      vertex 0.269692212343 -0.301804482937 -0.143792137504
    endloop
  endfacet
  facet normal 0.177097216249 0.126893371344 0.975978791714
    outer loop
      vertex 0.269756942987 -0.301771640778 -0.143629878759
      vertex 0.269547134638 -0.30181825161 -0.143695577979
      vertex 0.269692212343 -0.301804482937 -0.143792137504
    endloop
  endfacet
  facet normal 0.200373753905 0.163284316659 0.966016888618
    outer loop
      vertex 0.269547134638 -0.30181825161 -0.143695577979
      vertex 0.269562900066 -0.301851242781 -0.143910109997
      vertex 0.269692212343 -0.301804482937 -0.143792137504
    endloop
  endfacet
  facet normal 0.111972175539 0.159077331424 0.98089581728
    outer loop
      vertex 0.269304454327 -0.301856547594 -0.143760889769
      vertex 0.269562900066 -0.301851242781 -0.143910109997
      vertex 0.269547134638 -0.30181825161 -0.143695577979
    endloop
  endfacet
  facet normal 0.106443837285 0.149425819516 0.983026742935
    outer loop
      vertex 0.269304454327 -0.301856547594 -0.143760889769
      vertex 0.269406467676 -0.301882237196 -0.144002571702
      vertex 0.269562900066 -0.301851242781 -0.143910109997
    endloop
  endfacet
  facet normal 0.0929092168808 0.171574428678 0.980780363083
    outer loop
      vertex 0.269562900066 -0.301851242781 -0.143910109997
      vertex 0.269406467676 -0.301882237196 -0.144002571702
      vertex 0.2695774436 -0.301886111498 -0.144117295742
    endloop
  endfacet
  facet normal 0.0807547569275 0.153598040342 0.984828054905
    outer loop
      vertex 0.2695774436 -0.301886111498 -0.144117295742
      vertex 0.269406467676 -0.301882237196 -0.144002571702
      vertex 0.269500166178 -0.301908195019 -0.14421826601
    endloop
  endfacet
  facet normal 0.060738928616 0.169792965055 0.983606159687
    outer loop
      vertex 0.269688129425 -0.301854193211 -0.143971994519
      vertex 0.269562900066 -0.301851242781 -0.143910109997
      vertex 0.2695774436 -0.301886111498 -0.144117295742
    endloop
  endfacet
  facet normal 0.107190623879 0.262607038021 0.958930492401
    outer loop
      vertex 0.269562900066 -0.301851242781 -0.143910109997
      vertex 0.269688129425 -0.301854193211 -0.143971994519
      vertex 0.269692212343 -0.301804482937 -0.143792137504
    endloop
  endfacet
  facet normal 0.271461099386 0.0603291317821 0.960556745529
    outer loop
      vertex 0.269832849503 -0.301771730185 -0.143746182323
      vertex 0.26988992095 -0.301759332418 -0.143805593252
      vertex 0.269939422607 -0.30174189806 -0.143750742078
    endloop
  endfacet
  facet normal -0.591247200966 0.280894756317 -0.755992650986
    outer loop
      vertex 0.269650220871 -0.302003800869 -0.143647328019
      vertex 0.269652307034 -0.301916360855 -0.143878236413
      vertex 0.26950097084 -0.30206912756 -0.143785625696
    endloop
  endfacet
  facet normal -0.590642750263 0.279833674431 -0.756858110428
    outer loop
      vertex 0.269538760185 -0.302169680595 -0.143433913589
      vertex 0.269650220871 -0.302003800869 -0.143647328019
      vertex 0.26950097084 -0.30206912756 -0.143785625696
    endloop
  endfacet
  facet normal -0.592592954636 0.278120696545 -0.755964577198
    outer loop
      vertex 0.269650220871 -0.302003800869 -0.143647328019
      vertex 0.269538760185 -0.302169680595 -0.143433913589
      vertex 0.269830524921 -0.301919847727 -0.143491342664
    endloop
  endfacet
  facet normal -0.591325163841 0.279762148857 -0.756351530552
    outer loop
      vertex 0.269272834063 -0.302290409803 -0.143669590354
      vertex 0.269538760185 -0.302169680595 -0.143433913589
      vertex 0.26950097084 -0.30206912756 -0.143785625696
    endloop
  endfacet
  facet normal -0.591176629066 0.28006324172 -0.756356239319
    outer loop
      vertex 0.269272834063 -0.302290409803 -0.143669590354
      vertex 0.26950097084 -0.30206912756 -0.143785625696
      vertex 0.26928755641 -0.302205890417 -0.143866792321
    endloop
  endfacet
  facet normal -0.591362178326 0.282023876905 -0.755482196808
    outer loop
      vertex 0.26928755641 -0.302205890417 -0.143866792321
      vertex 0.26950097084 -0.30206912756 -0.143785625696
      vertex 0.269422441721 -0.302074313164 -0.143936410546
    endloop
  endfacet
  facet normal -0.590165793896 0.284415483475 -0.755521118641
    outer loop
      vertex 0.269422441721 -0.302074313164 -0.143936410546
      vertex 0.269365131855 -0.302074462175 -0.144054949284
      vertex 0.26928755641 -0.302205890417 -0.143866792321
    endloop
  endfacet
  facet normal -0.80247926712 0.249490499496 -0.542016148567
    outer loop
      vertex 0.269498348236 -0.302545547485 -0.142620161176
      vertex 0.269003033638 -0.303111761808 -0.142983302474
      vertex 0.269143849611 -0.303115487099 -0.142522275448
    endloop
  endfacet
  facet normal -0.913840889931 0.281490236521 -0.292673945427
    outer loop
      vertex 0.269003033638 -0.303111761808 -0.142983302474
      vertex 0.268811315298 -0.303794264793 -0.142896085978
      vertex 0.269143849611 -0.303115487099 -0.142522275448
    endloop
  endfacet
  facet normal -0.888370454311 0.408021837473 -0.210513949394
    outer loop
      vertex 0.268811315298 -0.303794264793 -0.142896085978
      vertex 0.269186854362 -0.304352849722 -0.141790211201
      vertex 0.269143849611 -0.303115487099 -0.142522275448
    endloop
  endfacet
  facet normal -0.909706354141 0.386116415262 -0.152801960707
    outer loop
      vertex 0.268811315298 -0.303794264793 -0.142896085978
      vertex 0.26854750514 -0.305262595415 -0.142936512828
      vertex 0.269186854362 -0.304352849722 -0.141790211201
    endloop
  endfacet
  facet normal -0.855883061886 0.514991879463 0.0474086850882
    outer loop
      vertex 0.26854750514 -0.305262595415 -0.142936512828
      vertex 0.269377529621 -0.306509971619 -0.141671940684
      vertex 0.269186854362 -0.304352849722 -0.141790211201
    endloop
  endfacet
  facet normal -0.837190687656 0.545129954815 0.0441039390862
    outer loop
      vertex 0.270066022873 -0.306102186441 -0.140581563115
      vertex 0.269186854362 -0.304352849722 -0.141790211201
      vertex 0.269377529621 -0.306509971619 -0.141671940684
    endloop
  endfacet
  facet normal -0.847654998302 0.526919186115 0.0619451701641
    outer loop
      vertex 0.269186854362 -0.304352849722 -0.141790211201
      vertex 0.270066022873 -0.306102186441 -0.140581563115
      vertex 0.269859939814 -0.304184287786 -0.140687614679
    endloop
  endfacet
  facet normal -0.779770553112 0.624123156071 0.0492761023343
    outer loop
      vertex 0.269859939814 -0.304184287786 -0.140687614679
      vertex 0.270066022873 -0.306102186441 -0.140581563115
      vertex 0.271053016186 -0.304007530212 -0.139183044434
    endloop
  endfacet
  facet normal -0.788560569286 0.613768219948 0.0382207296789
    outer loop
      vertex 0.271053016186 -0.304007530212 -0.139183044434
      vertex 0.270066022873 -0.306102186441 -0.140581563115
      vertex 0.271593660116 -0.306296020746 -0.138630926609
    endloop
  endfacet
  facet normal -0.771890699863 0.578257322311 0.26420301199
    outer loop
      vertex 0.270066022873 -0.306102186441 -0.140581563115
      vertex 0.27038872242 -0.307849526405 -0.140949159861
      vertex 0.271593660116 -0.306296020746 -0.138630926609
    endloop
  endfacet
  facet normal -0.767671585083 0.583682775497 0.264565199614
    outer loop
      vertex 0.270066022873 -0.306102186441 -0.140581563115
      vertex 0.269377529621 -0.306509971619 -0.141671940684
      vertex 0.27038872242 -0.307849526405 -0.140949159861
    endloop
  endfacet
  facet normal -0.766739606857 0.585718154907 0.262763440609
    outer loop
      vertex 0.269617497921 -0.307768851519 -0.141922548413
      vertex 0.27038872242 -0.307849526405 -0.140949159861
      vertex 0.269377529621 -0.306509971619 -0.141671940684
    endloop
  endfacet
  facet normal -0.71684885025 0.530465900898 0.452474981546
    outer loop
      vertex 0.269617497921 -0.307768851519 -0.141922548413
      vertex 0.27075368166 -0.309232890606 -0.141635924578
      vertex 0.27038872242 -0.307849526405 -0.140949159861
    endloop
  endfacet
  facet normal -0.737400949001 0.476181179285 0.479052573442
    outer loop
      vertex 0.269617497921 -0.307768851519 -0.141922548413
      vertex 0.268803268671 -0.308889210224 -0.144310534
      vertex 0.27075368166 -0.309232890606 -0.141635924578
    endloop
  endfacet
  facet normal -0.625950336456 0.36812093854 0.687512278557
    outer loop
      vertex 0.268803268671 -0.308889210224 -0.144310534
      vertex 0.272420495749 -0.311480969191 -0.143000289798
      vertex 0.27075368166 -0.309232890606 -0.141635924578
    endloop
  endfacet
  facet normal -0.625804007053 0.376972168684 0.682833313942
    outer loop
      vertex 0.272420495749 -0.311480969191 -0.143000289798
      vertex 0.268803268671 -0.308889210224 -0.144310534
      vertex 0.269902706146 -0.311230957508 -0.146727129817
    endloop
  endfacet
  facet normal -0.764803528786 0.233799263835 0.600344479084
    outer loop
      vertex 0.267485290766 -0.308185011148 -0.14681366086
      vertex 0.269902706146 -0.311230957508 -0.146727129817
      vertex 0.268803268671 -0.308889210224 -0.144310534
    endloop
  endfacet
  facet normal -0.783172547817 -0.00702350540087 0.621764719486
    outer loop
      vertex 0.267485290766 -0.308185011148 -0.14681366086
      vertex 0.268016576767 -0.308824270964 -0.149465397
      vertex 0.269902706146 -0.311230957508 -0.146727129817
    endloop
  endfacet
  facet normal -0.937332749367 -0.107934512198 0.331296682358
    outer loop
      vertex 0.267212420702 -0.306935042143 -0.148280546069
      vertex 0.268016576767 -0.308824270964 -0.149465397
      vertex 0.267485290766 -0.308185011148 -0.14681366086
    endloop
  endfacet
  facet normal -0.940702259541 -0.178743571043 0.288322776556
    outer loop
      vertex 0.268016576767 -0.308824270964 -0.149465397
      vertex 0.267212420702 -0.306935042143 -0.148280546069
      vertex 0.26719981432 -0.306070387363 -0.149608924985
    endloop
  endfacet
  facet normal -0.938257277012 -0.182418629527 0.293933182955
    outer loop
      vertex 0.267212420702 -0.306935042143 -0.148280546069
      vertex 0.266856223345 -0.306070297956 -0.147841915488
      vertex 0.26719981432 -0.306070387363 -0.149608924985
    endloop
  endfacet
  facet normal -0.920300960541 0.0226491503417 0.390554964542
    outer loop
      vertex 0.267212420702 -0.306935042143 -0.148280546069
      vertex 0.267279237509 -0.306998163462 -0.146653294563
      vertex 0.266856223345 -0.306070297956 -0.147841915488
    endloop
  endfacet
  facet normal -0.983930289745 0.0336098857224 0.175361335278
    outer loop
      vertex 0.267279237509 -0.306998163462 -0.146653294563
      vertex 0.267212420702 -0.306935042143 -0.148280546069
      vertex 0.267485290766 -0.308185011148 -0.14681366086
    endloop
  endfacet
  facet normal -0.930821478367 0.304117053747 0.202692463994
    outer loop
      vertex 0.267485290766 -0.308185011148 -0.14681366086
      vertex 0.267849564552 -0.30722117424 -0.145056322217
      vertex 0.267279237509 -0.306998163462 -0.146653294563
    endloop
  endfacet
  facet normal -0.869405090809 0.363669186831 0.334483891726
    outer loop
      vertex 0.267849564552 -0.30722117424 -0.145056322217
      vertex 0.267485290766 -0.308185011148 -0.14681366086
      vertex 0.268803268671 -0.308889210224 -0.144310534
    endloop
  endfacet
  facet normal -0.942138254642 0.324978321791 0.0822473466396
    outer loop
      vertex 0.267849564552 -0.30722117424 -0.145056322217
      vertex 0.267492383718 -0.305495023727 -0.14565500617
      vertex 0.267279237509 -0.306998163462 -0.146653294563
    endloop
  endfacet
  facet normal -0.936829149723 0.337633371353 0.0914047658443
    outer loop
      vertex 0.267279237509 -0.306998163462 -0.146653294563
      vertex 0.267492383718 -0.305495023727 -0.14565500617
      vertex 0.267091691494 -0.305157721043 -0.146675437689
    endloop
  endfacet
  facet normal -0.958913385868 0.267497867346 0.0944988876581
    outer loop
      vertex 0.267279237509 -0.306998163462 -0.146653294563
      vertex 0.267091691494 -0.305157721043 -0.146675437689
      vertex 0.266856223345 -0.306070297956 -0.147841915488
    endloop
  endfacet
  facet normal -0.987476944923 0.133214265108 -0.0845176354051
    outer loop
      vertex 0.267091691494 -0.305157721043 -0.146675437689
      vertex 0.266994178295 -0.304568707943 -0.147772088647
      vertex 0.266856223345 -0.306070297956 -0.147841915488
    endloop
  endfacet
  facet normal -0.985265672207 0.140220209956 -0.0979277566075
    outer loop
      vertex 0.267141014338 -0.304336696863 -0.146902322769
      vertex 0.266994178295 -0.304568707943 -0.147772088647
      vertex 0.267091691494 -0.305157721043 -0.146675437689
    endloop
  endfacet
  facet normal -0.968317985535 0.102770596743 -0.227592930198
    outer loop
      vertex 0.266994178295 -0.304568707943 -0.147772088647
      vertex 0.267141014338 -0.304336696863 -0.146902322769
      vertex 0.26710999012 -0.304089277983 -0.147742524743
    endloop
  endfacet
  facet normal -0.889331817627 0.159075394273 -0.428700327873
    outer loop
      vertex 0.26746571064 -0.303519040346 -0.147290572524
      vertex 0.26710999012 -0.304089277983 -0.147742524743
      vertex 0.267141014338 -0.304336696863 -0.146902322769
    endloop
  endfacet
  facet normal -0.840823709965 -0.0206875652075 -0.540913641453
    outer loop
      vertex 0.26710999012 -0.304089277983 -0.147742524743
      vertex 0.26746571064 -0.303519040346 -0.147290572524
      vertex 0.267397463322 -0.303647130728 -0.147865056992
    endloop
  endfacet
  facet normal -0.658549845219 -0.0883715599775 -0.747330307961
    outer loop
      vertex 0.26746571064 -0.303519040346 -0.147290572524
      vertex 0.267644941807 -0.303417265415 -0.147765591741
      vertex 0.267397463322 -0.303647130728 -0.147865056992
    endloop
  endfacet
  facet normal -0.639727473259 -0.0775522217155 -0.764679312706
    outer loop
      vertex 0.26746571064 -0.303519040346 -0.147290572524
      vertex 0.267965584993 -0.303103715181 -0.147318765521
      vertex 0.267644941807 -0.303417265415 -0.147765591741
    endloop
  endfacet
  facet normal -0.606521189213 0.268859684467 -0.748228907585
    outer loop
      vertex 0.26770439744 -0.303526252508 -0.1467320472
      vertex 0.267965584993 -0.303103715181 -0.147318765521
      vertex 0.26746571064 -0.303519040346 -0.147290572524
    endloop
  endfacet
  facet normal -0.769710540771 0.110211797059 -0.628807604313
    outer loop
      vertex 0.267965584993 -0.303103715181 -0.147318765521
      vertex 0.26770439744 -0.303526252508 -0.1467320472
      vertex 0.268285900354 -0.302789986134 -0.146871656179
    endloop
  endfacet
  facet normal -0.783608078957 0.0118922237307 -0.621141672134
    outer loop
      vertex 0.268333792686 -0.302740544081 -0.14629805088
      vertex 0.268285900354 -0.302789986134 -0.146871656179
      vertex 0.26770439744 -0.303526252508 -0.1467320472
    endloop
  endfacet
  facet normal -0.697295844555 -0.00355804339051 -0.716774582863
    outer loop
      vertex 0.26849937439 -0.302580833435 -0.146573498845
      vertex 0.268285900354 -0.302789986134 -0.146871656179
      vertex 0.268333792686 -0.302740544081 -0.14629805088
    endloop
  endfacet
  facet normal 0.108269110322 0.517863035202 0.848584532738
    outer loop
      vertex 0.268285900354 -0.302789986134 -0.146871656179
      vertex 0.267566502094 -0.302940249443 -0.146967470646
      vertex 0.267965584993 -0.303103715181 -0.147318765521
    endloop
  endfacet
  facet normal 0.0650059953332 0.480749130249 0.874445259571
    outer loop
      vertex 0.267480045557 -0.303212374449 -0.147450760007
      vertex 0.267965584993 -0.303103715181 -0.147318765521
      vertex 0.267566502094 -0.302940249443 -0.146967470646
    endloop
  endfacet
  facet normal 0.0340379327536 0.557599484921 0.82941198349
    outer loop
      vertex 0.267965584993 -0.303103715181 -0.147318765521
      vertex 0.267480045557 -0.303212374449 -0.147450760007
      vertex 0.267644941807 -0.303417265415 -0.147765591741
    endloop
  endfacet
  facet normal -0.14763250947 0.483986884356 0.862531960011
    outer loop
      vertex 0.267480045557 -0.303212374449 -0.147450760007
      vertex 0.267214864492 -0.303440332413 -0.147937893867
      vertex 0.267644941807 -0.303417265415 -0.147765591741
    endloop
  endfacet
  facet normal -0.112141482532 0.470592975616 0.875195145607
    outer loop
      vertex 0.267214864492 -0.303440332413 -0.147937893867
      vertex 0.267480045557 -0.303212374449 -0.147450760007
      vertex 0.266894042492 -0.303146243095 -0.147467404604
    endloop
  endfacet
  facet normal -0.111037366092 0.502621650696 0.857345998287
    outer loop
      vertex 0.267480045557 -0.303212374449 -0.147450760007
      vertex 0.267566502094 -0.302940249443 -0.146967470646
      vertex 0.266894042492 -0.303146243095 -0.147467404604
    endloop
  endfacet
  facet normal -0.142718106508 0.535067379475 0.832667052746
    outer loop
      vertex 0.267566502094 -0.302940249443 -0.146967470646
      vertex 0.266172915697 -0.3026073277 -0.146821096539
      vertex 0.266894042492 -0.303146243095 -0.147467404604
    endloop
  endfacet
  facet normal -0.332385212183 0.357037037611 0.872951686382
    outer loop
      vertex 0.266172915697 -0.3026073277 -0.146821096539
      vertex 0.265625059605 -0.302672296762 -0.147489964962
      vertex 0.266894042492 -0.303146243095 -0.147467404604
    endloop
  endfacet
  facet normal -0.33870780468 0.361788511276 0.868554055691
    outer loop
      vertex 0.265153497458 -0.302043646574 -0.146422222257
      vertex 0.265625059605 -0.302672296762 -0.147489964962
      vertex 0.266172915697 -0.3026073277 -0.146821096539
    endloop
  endfacet
  facet normal -0.408273339272 0.322494417429 0.853996634483
    outer loop
      vertex 0.265625059605 -0.302672296762 -0.147489964962
      vertex 0.265153497458 -0.302043646574 -0.146422222257
      vertex 0.263713896275 -0.301980048418 -0.148076340556
    endloop
  endfacet
  facet normal -0.375528544188 0.293024212122 0.879269659519
    outer loop
      vertex 0.263877868652 -0.30149820447 -0.146420329809
      vertex 0.263713896275 -0.301980048418 -0.148076340556
      vertex 0.265153497458 -0.302043646574 -0.146422222257
    endloop
  endfacet
  facet normal -0.408656299114 0.292064160109 0.864695668221
    outer loop
      vertex 0.263713896275 -0.301980048418 -0.148076340556
      vertex 0.263877868652 -0.30149820447 -0.146420329809
      vertex 0.262728065252 -0.301124721766 -0.146923393011
    endloop
  endfacet
  facet normal -0.391175299883 0.233094662428 0.890308260918
    outer loop
      vertex 0.262728065252 -0.301124721766 -0.146923393011
      vertex 0.263877868652 -0.30149820447 -0.146420329809
      vertex 0.263164252043 -0.301034152508 -0.145845457911
    endloop
  endfacet
  facet normal -0.370346128941 0.26010286808 0.891734421253
    outer loop
      vertex 0.263877868652 -0.30149820447 -0.146420329809
      vertex 0.264525473118 -0.301234871149 -0.144595444202
      vertex 0.263164252043 -0.301034152508 -0.145845457911
    endloop
  endfacet
  facet normal -0.367143213749 0.259195297956 0.893321692944
    outer loop
      vertex 0.264525473118 -0.301234871149 -0.144595444202
      vertex 0.263877868652 -0.30149820447 -0.146420329809
      vertex 0.265159249306 -0.301775217056 -0.145560011268
    endloop
  endfacet
  facet normal -0.377356439829 0.27757281065 0.883490502834
    outer loop
      vertex 0.265159249306 -0.301775217056 -0.145560011268
      vertex 0.263877868652 -0.30149820447 -0.146420329809
      vertex 0.265153497458 -0.302043646574 -0.146422222257
    endloop
  endfacet
  facet normal -0.338367044926 0.281778395176 0.897835552692
    outer loop
      vertex 0.265153497458 -0.302043646574 -0.146422222257
      vertex 0.265731394291 -0.301981657743 -0.145530745387
      vertex 0.265159249306 -0.301775217056 -0.145560011268
    endloop
  endfacet
  facet normal -0.368889302015 0.300298303366 0.879625856876
    outer loop
      vertex 0.266172915697 -0.3026073277 -0.146821096539
      vertex 0.265731394291 -0.301981657743 -0.145530745387
      vertex 0.265153497458 -0.302043646574 -0.146422222257
    endloop
  endfacet
  facet normal -0.252073377371 0.351020395756 0.901800215244
    outer loop
      vertex 0.265731394291 -0.301981657743 -0.145530745387
      vertex 0.266172915697 -0.3026073277 -0.146821096539
      vertex 0.266617506742 -0.30213367939 -0.145284995437
    endloop
  endfacet
  facet normal -0.228738814592 0.241339549422 0.943097949028
    outer loop
      vertex 0.266274601221 -0.301814615726 -0.144363150001
      vertex 0.265731394291 -0.301981657743 -0.145530745387
      vertex 0.266617506742 -0.30213367939 -0.145284995437
    endloop
  endfacet
  facet normal -0.293846309185 0.267970263958 0.917521834373
    outer loop
      vertex 0.265731394291 -0.301981657743 -0.145530745387
      vertex 0.266274601221 -0.301814615726 -0.144363150001
      vertex 0.265458732843 -0.301703363657 -0.144876882434
    endloop
  endfacet
  facet normal -0.284642398357 0.251735657454 0.924990713596
    outer loop
      vertex 0.266274601221 -0.301814615726 -0.144363150001
      vertex 0.265934914351 -0.301508396864 -0.143622070551
      vertex 0.265458732843 -0.301703363657 -0.144876882434
    endloop
  endfacet
  facet normal -0.20872618258 0.290223360062 0.933918535709
    outer loop
      vertex 0.266274601221 -0.301814615726 -0.144363150001
      vertex 0.267210364342 -0.301830768585 -0.143742144108
      vertex 0.265934914351 -0.301508396864 -0.143622070551
    endloop
  endfacet
  facet normal -0.215587869287 0.2466224581 0.944827616215
    outer loop
      vertex 0.265934914351 -0.301508396864 -0.143622070551
      vertex 0.267210364342 -0.301830768585 -0.143742144108
      vertex 0.267113804817 -0.30148935318 -0.142518565059
    endloop
  endfacet
  facet normal -0.238300278783 0.243528470397 0.940163195133
    outer loop
      vertex 0.267846733332 -0.301782667637 -0.142933726311
      vertex 0.267113804817 -0.30148935318 -0.142518565059
      vertex 0.267210364342 -0.301830768585 -0.143742144108
    endloop
  endfacet
  facet normal -0.253437250853 0.218372568488 0.942381560802
    outer loop
      vertex 0.268433481455 -0.301684439182 -0.141828894615
      vertex 0.267113804817 -0.30148935318 -0.142518565059
      vertex 0.267846733332 -0.301782667637 -0.142933726311
    endloop
  endfacet
  facet normal -0.227504655719 0.163796111941 0.959902346134
    outer loop
      vertex 0.268433481455 -0.301684439182 -0.141828894615
      vertex 0.267931699753 -0.301363348961 -0.140644133091
      vertex 0.267113804817 -0.30148935318 -0.142518565059
    endloop
  endfacet
  facet normal -0.13533231616 0.205375120044 0.969281315804
    outer loop
      vertex 0.269091486931 -0.301706463099 -0.141499236226
      vertex 0.267931699753 -0.301363348961 -0.140644133091
      vertex 0.268433481455 -0.301684439182 -0.141828894615
    endloop
  endfacet
  facet normal -0.176667660475 0.150670990348 0.972669899464
    outer loop
      vertex 0.269091486931 -0.301706463099 -0.141499236226
      vertex 0.269273400307 -0.301559984684 -0.140340328217
      vertex 0.267931699753 -0.301363348961 -0.140644133091
    endloop
  endfacet
  facet normal 0.0432051122189 0.118600517511 0.992001652718
    outer loop
      vertex 0.269091486931 -0.301706463099 -0.141499236226
      vertex 0.270174562931 -0.301590770483 -0.140926107764
      vertex 0.269273400307 -0.301559984684 -0.140340328217
    endloop
  endfacet
  facet normal 0.0613492615521 0.0848179832101 0.994506001472
    outer loop
      vertex 0.270014077425 -0.301681309938 -0.141871631145
      vertex 0.270174562931 -0.301590770483 -0.140926107764
      vertex 0.269091486931 -0.301706463099 -0.141499236226
    endloop
  endfacet
  facet normal 0.0605092644691 0.08272151649 0.994734048843
    outer loop
      vertex 0.270014077425 -0.301681309938 -0.141871631145
      vertex 0.269091486931 -0.301706463099 -0.141499236226
      vertex 0.269200950861 -0.301764518023 -0.142277434468
    endloop
  endfacet
  facet normal -0.0658964440227 0.0650114566088 0.995706379414
    outer loop
      vertex 0.268433481455 -0.301684439182 -0.141828894615
      vertex 0.269200950861 -0.301764518023 -0.142277434468
      vertex 0.269091486931 -0.301706463099 -0.141499236226
    endloop
  endfacet
  facet normal -0.0328399948776 0.12093308568 0.992117285728
    outer loop
      vertex 0.269200950861 -0.301764518023 -0.142277434468
      vertex 0.268433481455 -0.301684439182 -0.141828894615
      vertex 0.268621861935 -0.301798582077 -0.142714142799
    endloop
  endfacet
  facet normal -0.0533715039492 0.116516940296 0.991753637791
    outer loop
      vertex 0.268621861935 -0.301798582077 -0.142714142799
      vertex 0.268433481455 -0.301684439182 -0.141828894615
      vertex 0.267846733332 -0.301782667637 -0.142933726311
    endloop
  endfacet
  facet normal -0.0414269454777 0.0740180388093 0.996396064758
    outer loop
      vertex 0.268432438374 -0.301823109388 -0.14315032959
      vertex 0.268621861935 -0.301798582077 -0.142714142799
      vertex 0.267846733332 -0.301782667637 -0.142933726311
    endloop
  endfacet
  facet normal 0.0031163173262 0.0547930002213 0.998492896557
    outer loop
      vertex 0.268900096416 -0.301826179028 -0.143232867122
      vertex 0.268621861935 -0.301798582077 -0.142714142799
      vertex 0.268432438374 -0.301823109388 -0.14315032959
    endloop
  endfacet
  facet normal 0.020455237478 0.0640529096127 0.997736871243
    outer loop
      vertex 0.269244611263 -0.301797389984 -0.14289444685
      vertex 0.268621861935 -0.301798582077 -0.142714142799
      vertex 0.268900096416 -0.301826179028 -0.143232867122
    endloop
  endfacet
  facet normal 0.0176726169884 0.0544378422201 0.998360753059
    outer loop
      vertex 0.269244611263 -0.301797389984 -0.14289444685
      vertex 0.269200950861 -0.301764518023 -0.142277434468
      vertex 0.268621861935 -0.301798582077 -0.142714142799
    endloop
  endfacet
  facet normal 0.0851805731654 0.0590150803328 0.994616270065
    outer loop
      vertex 0.269552797079 -0.301750272512 -0.142545163631
      vertex 0.269200950861 -0.301764518023 -0.142277434468
      vertex 0.269244611263 -0.301797389984 -0.14289444685
    endloop
  endfacet
  facet normal 0.0775104910135 0.0488729402423 0.995792925358
    outer loop
      vertex 0.270014077425 -0.301681309938 -0.141871631145
      vertex 0.269200950861 -0.301764518023 -0.142277434468
      vertex 0.269552797079 -0.301750272512 -0.142545163631
    endloop
  endfacet
  facet normal 0.198222905397 -0.0354670248926 0.979515075684
    outer loop
      vertex 0.270237624645 -0.301608502865 -0.142633065581
      vertex 0.270014077425 -0.301681309938 -0.141871631145
      vertex 0.269552797079 -0.301750272512 -0.142545163631
    endloop
  endfacet
  facet normal 0.210411250591 0.0661683529615 0.97537112236
    outer loop
      vertex 0.270237624645 -0.301608502865 -0.142633065581
      vertex 0.269552797079 -0.301750272512 -0.142545163631
      vertex 0.270116388798 -0.301666915417 -0.143108591437
    endloop
  endfacet
  facet normal 0.192940935493 0.048003334552 0.980035424232
    outer loop
      vertex 0.270116388798 -0.301666915417 -0.143108591437
      vertex 0.269552797079 -0.301750272512 -0.142545163631
      vertex 0.269553482533 -0.30178424716 -0.143241554499
    endloop
  endfacet
  facet normal 0.0969130173326 0.0485949628055 0.994105815887
    outer loop
      vertex 0.269552797079 -0.301750272512 -0.142545163631
      vertex 0.269244611263 -0.301797389984 -0.14289444685
      vertex 0.269553482533 -0.30178424716 -0.143241554499
    endloop
  endfacet
  facet normal 0.0963368713856 0.048079226166 0.994186878204
    outer loop
      vertex 0.269244611263 -0.301797389984 -0.14289444685
      vertex 0.269217759371 -0.301824480295 -0.14340081811
      vertex 0.269553482533 -0.30178424716 -0.143241554499
    endloop
  endfacet
  facet normal 0.0326541140676 0.0516671948135 0.998130381107
    outer loop
      vertex 0.268900096416 -0.301826179028 -0.143232867122
      vertex 0.269217759371 -0.301824480295 -0.14340081811
      vertex 0.269244611263 -0.301797389984 -0.14289444685
    endloop
  endfacet
  facet normal 0.065225340426 0.113341927528 0.991412758827
    outer loop
      vertex 0.268900096416 -0.301826179028 -0.143232867122
      vertex 0.268796205521 -0.30189332366 -0.14376039803
      vertex 0.269217759371 -0.301824480295 -0.14340081811
    endloop
  endfacet
  facet normal 0.0157070718706 0.123201422393 0.992257356644
    outer loop
      vertex 0.268575400114 -0.301870316267 -0.143546953797
      vertex 0.268796205521 -0.30189332366 -0.14376039803
      vertex 0.268900096416 -0.301826179028 -0.143232867122
    endloop
  endfacet
  facet normal 0.033762127161 0.141565695405 0.989352941513
    outer loop
      vertex 0.268796205521 -0.30189332366 -0.14376039803
      vertex 0.268575400114 -0.301870316267 -0.143546953797
      vertex 0.26843380928 -0.301930069923 -0.143930777907
    endloop
  endfacet
  facet normal -0.0136771611869 0.158733606339 0.987226724625
    outer loop
      vertex 0.26843380928 -0.301930069923 -0.143930777907
      vertex 0.268575400114 -0.301870316267 -0.143546953797
      vertex 0.268214762211 -0.3018835783 -0.143660500646
    endloop
  endfacet
  facet normal -0.000627564208116 0.117965504527 0.993017494678
    outer loop
      vertex 0.268575400114 -0.301870316267 -0.143546953797
      vertex 0.268432438374 -0.301823109388 -0.14315032959
      vertex 0.268214762211 -0.3018835783 -0.143660500646
    endloop
  endfacet
  facet normal 0.0153040308505 0.123611785471 0.99221265316
    outer loop
      vertex 0.268575400114 -0.301870316267 -0.143546953797
      vertex 0.268900096416 -0.301826179028 -0.143232867122
      vertex 0.268432438374 -0.301823109388 -0.14315032959
    endloop
  endfacet
  facet normal -0.0215990971774 0.12675768137 0.991698503494
    outer loop
      vertex 0.268214762211 -0.3018835783 -0.143660500646
      vertex 0.268432438374 -0.301823109388 -0.14315032959
      vertex 0.267846733332 -0.301782667637 -0.142933726311
    endloop
  endfacet
  facet normal -0.0608736909926 0.106967560947 0.992397248745
    outer loop
      vertex 0.268214762211 -0.3018835783 -0.143660500646
      vertex 0.267846733332 -0.301782667637 -0.142933726311
      vertex 0.267210364342 -0.301830768585 -0.143742144108
    endloop
  endfacet
  facet normal 0.0290535502136 0.151301592588 0.988060593605
    outer loop
      vertex 0.268748641014 -0.301944106817 -0.144082903862
      vertex 0.268796205521 -0.30189332366 -0.14376039803
      vertex 0.26843380928 -0.301930069923 -0.143930777907
    endloop
  endfacet
  facet normal 0.0633226111531 0.146119818091 0.987238168716
    outer loop
      vertex 0.269008398056 -0.301912099123 -0.143979221582
      vertex 0.268796205521 -0.30189332366 -0.14376039803
      vertex 0.268748641014 -0.301944106817 -0.144082903862
    endloop
  endfacet
  facet normal 0.0542517341673 0.167938321829 0.984303534031
    outer loop
      vertex 0.269008398056 -0.301912099123 -0.143979221582
      vertex 0.268748641014 -0.301944106817 -0.144082903862
      vertex 0.26897290349 -0.301968693733 -0.144299462438
    endloop
  endfacet
  facet normal 0.0579675026238 0.171688765287 0.983444333076
    outer loop
      vertex 0.268748641014 -0.301944106817 -0.144082903862
      vertex 0.268653780222 -0.302010983229 -0.144433945417
      vertex 0.26897290349 -0.301968693733 -0.144299462438
    endloop
  endfacet
  facet normal 0.0705848634243 0.142931580544 0.98721241951
    outer loop
      vertex 0.26897290349 -0.301968693733 -0.144299462438
      vertex 0.268653780222 -0.302010983229 -0.144433945417
      vertex 0.269025623798 -0.30199894309 -0.144534409046
    endloop
  endfacet
  facet normal 0.0832460001111 0.164470016956 0.982863008976
    outer loop
      vertex 0.269250243902 -0.301925629377 -0.144182488322
      vertex 0.269008398056 -0.301912099123 -0.143979221582
      vertex 0.26897290349 -0.301968693733 -0.144299462438
    endloop
  endfacet
  facet normal 0.186597689986 0.0744827613235 0.979608893394
    outer loop
      vertex 0.270116388798 -0.301666915417 -0.143108591437
      vertex 0.269553482533 -0.30178424716 -0.143241554499
      vertex 0.269929409027 -0.301727890968 -0.143442109227
    endloop
  endfacet
  facet normal 0.319472134113 0.0348741672933 0.946953713894
    outer loop
      vertex 0.270417571068 -0.301569342613 -0.143218114972
      vertex 0.270237624645 -0.301608502865 -0.142633065581
      vertex 0.270116388798 -0.301666915417 -0.143108591437
    endloop
  endfacet
  facet normal 0.0151532096788 0.07570938766 0.997014760971
    outer loop
      vertex 0.270100235939 -0.30152925849 -0.140101179481
      vertex 0.269273400307 -0.301559984684 -0.140340328217
      vertex 0.270174562931 -0.301590770483 -0.140926107764
    endloop
  endfacet
  facet normal -0.0291374064982 0.22584797442 0.973726689816
    outer loop
      vertex 0.269273400307 -0.301559984684 -0.140340328217
      vertex 0.270100235939 -0.30152925849 -0.140101179481
      vertex 0.269964545965 -0.301392734051 -0.139530062675
    endloop
  endfacet
  facet normal 0.00303267640993 0.233180582523 0.972428739071
    outer loop
      vertex 0.270100235939 -0.30152925849 -0.140101179481
      vertex 0.270619541407 -0.301362931728 -0.139414295554
      vertex 0.269964545965 -0.301392734051 -0.139530062675
    endloop
  endfacet
  facet normal 0.238258585334 0.054667096585 0.96966201067
    outer loop
      vertex 0.270969033241 -0.301306188107 -0.13993100822
      vertex 0.270619541407 -0.301362931728 -0.139414295554
      vertex 0.270100235939 -0.30152925849 -0.140101179481
    endloop
  endfacet
  facet normal 0.284734070301 0.0877582803369 0.954581081867
    outer loop
      vertex 0.270969033241 -0.301306188107 -0.13993100822
      vertex 0.271337002516 -0.301150411367 -0.139430433512
      vertex 0.270619541407 -0.301362931728 -0.139414295554
    endloop
  endfacet
  facet normal 0.287854522467 0.0852441266179 0.953872740269
    outer loop
      vertex 0.271591722965 -0.301116794348 -0.139914393425
      vertex 0.271337002516 -0.301150411367 -0.139430433512
      vertex 0.270969033241 -0.301306188107 -0.13993100822
    endloop
  endfacet
  facet normal 0.281850546598 0.081939637661 0.955953001976
    outer loop
      vertex 0.271591722965 -0.301116794348 -0.139914393425
      vertex 0.271824687719 -0.301019191742 -0.13957709074
      vertex 0.271337002516 -0.301150411367 -0.139430433512
    endloop
  endfacet
  facet normal 0.291098743677 0.0749158859253 0.953755259514
    outer loop
      vertex 0.271591722965 -0.301116794348 -0.139914393425
      vertex 0.272009551525 -0.30100992322 -0.140177354217
      vertex 0.271824687719 -0.301019191742 -0.13957709074
    endloop
  endfacet
  facet normal 0.304430216551 0.0986770242453 0.947409689426
    outer loop
      vertex 0.271695047617 -0.301146745682 -0.140520736575
      vertex 0.272009551525 -0.30100992322 -0.140177354217
      vertex 0.271591722965 -0.301116794348 -0.139914393425
    endloop
  endfacet
  facet normal -0.632686436176 0.294002354145 -0.716428995132
    outer loop
      vertex 0.272009551525 -0.30100992322 -0.140177354217
      vertex 0.271695047617 -0.301146745682 -0.140520736575
      vertex 0.271840155125 -0.301301836967 -0.139830559492
    endloop
  endfacet
  facet normal -0.739997804165 0.291756480932 -0.606037437916
    outer loop
      vertex 0.271840155125 -0.301301836967 -0.139830559492
      vertex 0.271695047617 -0.301146745682 -0.140520736575
      vertex 0.27146884799 -0.301459372044 -0.140445053577
    endloop
  endfacet
  facet normal -0.773410856724 0.188525632024 -0.605222046375
    outer loop
      vertex 0.27146884799 -0.301459372044 -0.140445053577
      vertex 0.271695047617 -0.301146745682 -0.140520736575
      vertex 0.271619647741 -0.301193088293 -0.140681222081
    endloop
  endfacet
  facet normal 0.306513011456 0.128388985991 0.943168103695
    outer loop
      vertex 0.271391838789 -0.301236510277 -0.140456318855
      vertex 0.271619647741 -0.301193088293 -0.140681222081
      vertex 0.271695047617 -0.301146745682 -0.140520736575
    endloop
  endfacet
  facet normal 0.237507671118 0.0533224642277 0.969921052456
    outer loop
      vertex 0.271391838789 -0.301236510277 -0.140456318855
      vertex 0.271077871323 -0.301328331232 -0.140727967024
      vertex 0.271619647741 -0.301193088293 -0.140681222081
    endloop
  endfacet
  facet normal 0.233006522059 0.0587875284255 0.970696628094
    outer loop
      vertex 0.271077871323 -0.301328331232 -0.140727967024
      vertex 0.271391838789 -0.301236510277 -0.140456318855
      vertex 0.270969033241 -0.301306188107 -0.13993100822
    endloop
  endfacet
  facet normal 0.286845862865 0.104568056762 0.952252566814
    outer loop
      vertex 0.271391838789 -0.301236510277 -0.140456318855
      vertex 0.271591722965 -0.301116794348 -0.139914393425
      vertex 0.270969033241 -0.301306188107 -0.13993100822
    endloop
  endfacet
  facet normal 0.301642000675 0.0982481092215 0.948345601559
    outer loop
      vertex 0.271695047617 -0.301146745682 -0.140520736575
      vertex 0.271591722965 -0.301116794348 -0.139914393425
      vertex 0.271391838789 -0.301236510277 -0.140456318855
    endloop
  endfacet
  facet normal 0.323908209801 0.0704434067011 0.943462371826
    outer loop
      vertex 0.271077871323 -0.301328331232 -0.140727967024
      vertex 0.270969033241 -0.301306188107 -0.13993100822
      vertex 0.270613670349 -0.301489919424 -0.14075769484
    endloop
  endfacet
  facet normal 0.22517490387 0.118146970868 0.967128515244
    outer loop
      vertex 0.270969033241 -0.301306188107 -0.13993100822
      vertex 0.270100235939 -0.30152925849 -0.140101179481
      vertex 0.270613670349 -0.301489919424 -0.14075769484
    endloop
  endfacet
  facet normal 0.190015122294 0.0900201573968 0.977645456791
    outer loop
      vertex 0.270613670349 -0.301489919424 -0.14075769484
      vertex 0.270100235939 -0.30152925849 -0.140101179481
      vertex 0.270174562931 -0.301590770483 -0.140926107764
    endloop
  endfacet
  facet normal 0.21305513382 0.0293205808848 0.976600110531
    outer loop
      vertex 0.270174562931 -0.301590770483 -0.140926107764
      vertex 0.270722180605 -0.301480799913 -0.141242563725
      vertex 0.270613670349 -0.301489919424 -0.14075769484
    endloop
  endfacet
  facet normal 0.326425999403 0.0553175844252 0.94360268116
    outer loop
      vertex 0.270722180605 -0.301480799913 -0.141242563725
      vertex 0.270915687084 -0.301403850317 -0.14107170701
      vertex 0.270613670349 -0.301489919424 -0.14075769484
    endloop
  endfacet
  facet normal 0.341974765062 0.0356522873044 0.939032554626
    outer loop
      vertex 0.270915687084 -0.301403850317 -0.14107170701
      vertex 0.270722180605 -0.301480799913 -0.141242563725
      vertex 0.270958423615 -0.301394939423 -0.141247078776
    endloop
  endfacet
  facet normal 0.341910481453 0.0256130881608 0.939383387566
    outer loop
      vertex 0.270722180605 -0.301480799913 -0.141242563725
      vertex 0.270888745785 -0.301425039768 -0.141420900822
      vertex 0.270958423615 -0.301394939423 -0.141247078776
    endloop
  endfacet
  facet normal 0.311311930418 0.039627045393 0.949481189251
    outer loop
      vertex 0.271202474833 -0.301322102547 -0.141419127584
      vertex 0.270958423615 -0.301394939423 -0.141247078776
      vertex 0.270888745785 -0.301425039768 -0.141420900822
    endloop
  endfacet
  facet normal 0.316994220018 0.0486619435251 0.947178244591
    outer loop
      vertex 0.270958423615 -0.301394939423 -0.141247078776
      vertex 0.271202474833 -0.301322102547 -0.141419127584
      vertex 0.271140187979 -0.301325201988 -0.141073688865
    endloop
  endfacet
  facet normal 0.26084497571 0.0383808277547 0.964617431164
    outer loop
      vertex 0.271140187979 -0.301325201988 -0.141073688865
      vertex 0.271202474833 -0.301322102547 -0.141419127584
      vertex 0.27134975791 -0.301275134087 -0.141239583492
    endloop
  endfacet
  facet normal -0.618915677071 0.320014953613 -0.717310130596
    outer loop
      vertex 0.271202474833 -0.301322102547 -0.141419127584
      vertex 0.271052390337 -0.301518023014 -0.141270264983
      vertex 0.27134975791 -0.301275134087 -0.141239583492
    endloop
  endfacet
  facet normal -0.618787288666 0.320188343525 -0.717343509197
    outer loop
      vertex 0.271202474833 -0.301322102547 -0.141419127584
      vertex 0.270907670259 -0.301416009665 -0.141778469086
      vertex 0.271052390337 -0.301518023014 -0.141270264983
    endloop
  endfacet
  facet normal 0.311788201332 -0.00749049568549 0.950122117996
    outer loop
      vertex 0.270907670259 -0.301416009665 -0.141778469086
      vertex 0.271202474833 -0.301322102547 -0.141419127584
      vertex 0.270888745785 -0.301425039768 -0.141420900822
    endloop
  endfacet
  facet normal -0.724519968033 0.327986866236 -0.606213986874
    outer loop
      vertex 0.271052390337 -0.301518023014 -0.141270264983
      vertex 0.270907670259 -0.301416009665 -0.141778469086
      vertex 0.270644456148 -0.30171585083 -0.141805693507
    endloop
  endfacet
  facet normal -0.698430776596 0.290416479111 -0.654104530811
    outer loop
      vertex 0.271052390337 -0.301518023014 -0.141270264983
      vertex 0.270644456148 -0.30171585083 -0.141805693507
      vertex 0.270716309547 -0.301966875792 -0.141067534685
    endloop
  endfacet
  facet normal -0.714420735836 0.286606729031 -0.638325572014
    outer loop
      vertex 0.270716309547 -0.301966875792 -0.141067534685
      vertex 0.270644456148 -0.30171585083 -0.141805693507
      vertex 0.270053088665 -0.302550464869 -0.14142100513
    endloop
  endfacet
  facet normal -0.698617458344 0.31731697917 -0.641282737255
    outer loop
      vertex 0.270053088665 -0.302550464869 -0.14142100513
      vertex 0.270644456148 -0.30171585083 -0.141805693507
      vertex 0.270187228918 -0.302071511745 -0.142093628645
    endloop
  endfacet
  facet normal -0.668312907219 0.338425338268 -0.662439584732
    outer loop
      vertex 0.269582092762 -0.302654892206 -0.14214669168
      vertex 0.270053088665 -0.302550464869 -0.14142100513
      vertex 0.270187228918 -0.302071511745 -0.142093628645
    endloop
  endfacet
  facet normal -0.751230061054 0.413539409637 -0.514430344105
    outer loop
      vertex 0.270053088665 -0.302550464869 -0.14142100513
      vertex 0.269582092762 -0.302654892206 -0.14214669168
      vertex 0.269490271807 -0.303321182728 -0.141484647989
    endloop
  endfacet
  facet normal -0.804725646973 0.361949115992 -0.470541715622
    outer loop
      vertex 0.269582092762 -0.302654892206 -0.14214669168
      vertex 0.269143849611 -0.303115487099 -0.142522275448
      vertex 0.269490271807 -0.303321182728 -0.141484647989
    endloop
  endfacet
  facet normal -0.797352194786 0.266104757786 -0.541680455208
    outer loop
      vertex 0.269143849611 -0.303115487099 -0.142522275448
      vertex 0.269582092762 -0.302654892206 -0.14214669168
      vertex 0.269498348236 -0.302545547485 -0.142620161176
    endloop
  endfacet
  facet normal -0.688183903694 0.276604682207 -0.670740485191
    outer loop
      vertex 0.269498348236 -0.302545547485 -0.142620161176
      vertex 0.269582092762 -0.302654892206 -0.14214669168
      vertex 0.269892334938 -0.302190840244 -0.142500087619
    endloop
  endfacet
  facet normal -0.676831364632 0.292731285095 -0.675431489944
    outer loop
      vertex 0.269582092762 -0.302654892206 -0.14214669168
      vertex 0.270187228918 -0.302071511745 -0.142093628645
      vertex 0.269892334938 -0.302190840244 -0.142500087619
    endloop
  endfacet
  facet normal -0.924023747444 0.342274546623 -0.170376837254
    outer loop
      vertex 0.269143849611 -0.303115487099 -0.142522275448
      vertex 0.269186854362 -0.304352849722 -0.141790211201
      vertex 0.269490271807 -0.303321182728 -0.141484647989
    endloop
  endfacet
  facet normal -0.855949521065 0.506984889507 -0.101571068168
    outer loop
      vertex 0.269186854362 -0.304352849722 -0.141790211201
      vertex 0.269859939814 -0.304184287786 -0.140687614679
      vertex 0.269490271807 -0.303321182728 -0.141484647989
    endloop
  endfacet
  facet normal -0.723646759987 0.633134126663 -0.274729847908
    outer loop
      vertex 0.269859939814 -0.304184287786 -0.140687614679
      vertex 0.270295381546 -0.302866727114 -0.140761628747
      vertex 0.269490271807 -0.303321182728 -0.141484647989
    endloop
  endfacet
  facet normal -0.78060990572 0.554128885269 -0.289118170738
    outer loop
      vertex 0.271001964808 -0.303082585335 -0.139653667808
      vertex 0.270295381546 -0.302866727114 -0.140761628747
      vertex 0.269859939814 -0.304184287786 -0.140687614679
    endloop
  endfacet
  facet normal -0.771227002144 0.553180158138 -0.314961194992
    outer loop
      vertex 0.271001964808 -0.303082585335 -0.139653667808
      vertex 0.270892471075 -0.302110075951 -0.140359997749
      vertex 0.270295381546 -0.302866727114 -0.140761628747
    endloop
  endfacet
  facet normal -0.794990718365 0.52986484766 -0.295352250338
    outer loop
      vertex 0.270892471075 -0.302110075951 -0.140359997749
      vertex 0.271001964808 -0.303082585335 -0.139653667808
      vertex 0.271486341953 -0.30198392272 -0.139539286494
    endloop
  endfacet
  facet normal -0.74482011795 0.612549602985 -0.264624208212
    outer loop
      vertex 0.272241175175 -0.302885144949 -0.138232141733
      vertex 0.271486341953 -0.30198392272 -0.139539286494
      vertex 0.271001964808 -0.303082585335 -0.139653667808
    endloop
  endfacet
  facet normal -0.695579469204 0.634293377399 -0.337403506041
    outer loop
      vertex 0.272241175175 -0.302885144949 -0.138232141733
      vertex 0.272483170033 -0.301240056753 -0.138841837645
      vertex 0.271486341953 -0.30198392272 -0.139539286494
    endloop
  endfacet
  facet normal -0.66879338026 0.659665167332 -0.342866241932
    outer loop
      vertex 0.272483170033 -0.301240056753 -0.138841837645
      vertex 0.272241175175 -0.302885144949 -0.138232141733
      vertex 0.273140281439 -0.301550596952 -0.138014227152
    endloop
  endfacet
  facet normal -0.576318502426 0.774131655693 -0.261872291565
    outer loop
      vertex 0.272241175175 -0.302885144949 -0.138232141733
      vertex 0.27381426096 -0.302631527185 -0.137146815658
      vertex 0.273140281439 -0.301550596952 -0.138014227152
    endloop
  endfacet
  facet normal -0.578114032745 0.795435726643 -0.181840956211
    outer loop
      vertex 0.27230322361 -0.304691255093 -0.137774154544
      vertex 0.27381426096 -0.302631527185 -0.137146815658
      vertex 0.272241175175 -0.302885144949 -0.138232141733
    endloop
  endfacet
  facet normal -0.290503054857 0.953740954399 0.0773704797029
    outer loop
      vertex 0.27230322361 -0.304691255093 -0.137774154544
      vertex 0.274756193161 -0.306925177574 -0.137208223343
      vertex 0.27381426096 -0.302631527185 -0.137146815658
    endloop
  endfacet
  facet normal -0.438918203115 0.858743488789 0.264405786991
    outer loop
      vertex 0.27230322361 -0.304691255093 -0.137774154544
      vertex 0.271593660116 -0.306296020746 -0.138630926609
      vertex 0.274756193161 -0.306925177574 -0.137208223343
    endloop
  endfacet
  facet normal -0.752372205257 0.658467411995 0.0188869573176
    outer loop
      vertex 0.27230322361 -0.304691255093 -0.137774154544
      vertex 0.271053016186 -0.304007530212 -0.139183044434
      vertex 0.271593660116 -0.306296020746 -0.138630926609
    endloop
  endfacet
  facet normal -0.70133036375 0.696337342262 -0.15247951448
    outer loop
      vertex 0.272241175175 -0.302885144949 -0.138232141733
      vertex 0.271053016186 -0.304007530212 -0.139183044434
      vertex 0.27230322361 -0.304691255093 -0.137774154544
    endloop
  endfacet
  facet normal -0.744069933891 0.611165106297 -0.269883692265
    outer loop
      vertex 0.271053016186 -0.304007530212 -0.139183044434
      vertex 0.272241175175 -0.302885144949 -0.138232141733
      vertex 0.271001964808 -0.303082585335 -0.139653667808
    endloop
  endfacet
  facet normal -0.772194683552 0.58251541853 -0.253754138947
    outer loop
      vertex 0.269859939814 -0.304184287786 -0.140687614679
      vertex 0.271053016186 -0.304007530212 -0.139183044434
      vertex 0.271001964808 -0.303082585335 -0.139653667808
    endloop
  endfacet
  facet normal -0.436117351055 0.748591840267 0.499411612749
    outer loop
      vertex 0.271593660116 -0.306296020746 -0.138630926609
      vertex 0.27291867137 -0.308444261551 -0.139292165637
      vertex 0.274756193161 -0.306925177574 -0.137208223343
    endloop
  endfacet
  facet normal -0.547198593616 0.643276751041 0.535507977009
    outer loop
      vertex 0.27038872242 -0.307849526405 -0.140949159861
      vertex 0.27291867137 -0.308444261551 -0.139292165637
      vertex 0.271593660116 -0.306296020746 -0.138630926609
    endloop
  endfacet
  facet normal -0.556436955929 0.676375448704 0.482591092587
    outer loop
      vertex 0.27291867137 -0.308444261551 -0.139292165637
      vertex 0.27038872242 -0.307849526405 -0.140949159861
      vertex 0.27075368166 -0.309232890606 -0.141635924578
    endloop
  endfacet
  facet normal -0.413433492184 0.609507024288 0.676442146301
    outer loop
      vertex 0.27075368166 -0.309232890606 -0.141635924578
      vertex 0.272420495749 -0.311480969191 -0.143000289798
      vertex 0.27291867137 -0.308444261551 -0.139292165637
    endloop
  endfacet
  facet normal -0.447387397289 0.601853489876 0.661526203156
    outer loop
      vertex 0.27291867137 -0.308444261551 -0.139292165637
      vertex 0.272420495749 -0.311480969191 -0.143000289798
      vertex 0.276320040226 -0.310892790556 -0.13945505023
    endloop
  endfacet
  facet normal -0.241095140576 0.4110493958 0.879153847694
    outer loop
      vertex 0.272420495749 -0.311480969191 -0.143000289798
      vertex 0.277695536613 -0.312792956829 -0.142712369561
      vertex 0.276320040226 -0.310892790556 -0.13945505023
    endloop
  endfacet
  facet normal -0.246752783656 0.215257763863 0.944868862629
    outer loop
      vertex 0.277695536613 -0.312792956829 -0.142712369561
      vertex 0.272420495749 -0.311480969191 -0.143000289798
      vertex 0.274370282888 -0.312958151102 -0.147249266505
    endloop
  endfacet
  facet normal -0.338558465242 0.166597440839 0.926079630852
    outer loop
      vertex 0.274370282888 -0.312958151102 -0.147249266505
      vertex 0.272420495749 -0.311480969191 -0.143000289798
      vertex 0.269902706146 -0.311230957508 -0.146727129817
    endloop
  endfacet
  facet normal -0.3736307621 -0.202672570944 0.90516513586
    outer loop
      vertex 0.274370282888 -0.312958151102 -0.147249266505
      vertex 0.269902706146 -0.311230957508 -0.146727129817
      vertex 0.270387351513 -0.310343772173 -0.151582866907
    endloop
  endfacet
  facet normal -0.648586750031 -0.198965162039 0.734675526619
    outer loop
      vertex 0.269902706146 -0.311230957508 -0.146727129817
      vertex 0.268016576767 -0.308824270964 -0.149465397
      vertex 0.270387351513 -0.310343772173 -0.151582866907
    endloop
  endfacet
  facet normal -0.60432600975 -0.110388740897 0.789052844048
    outer loop
      vertex 0.270387351513 -0.310343772173 -0.151582866907
      vertex 0.268016576767 -0.308824270964 -0.149465397
      vertex 0.26822295785 -0.308614164591 -0.152096942067
    endloop
  endfacet
  facet normal -0.934800326824 -0.100503288209 0.340657413006
    outer loop
      vertex 0.268016576767 -0.308824270964 -0.149465397
      vertex 0.267574965954 -0.307182371616 -0.150922939181
      vertex 0.26822295785 -0.308614164591 -0.152096942067
    endloop
  endfacet
  facet normal -0.957789003849 -0.0316564068198 0.285723865032
    outer loop
      vertex 0.267574965954 -0.307182371616 -0.150922939181
      vertex 0.268016576767 -0.308824270964 -0.149465397
      vertex 0.26719981432 -0.306070387363 -0.149608924985
    endloop
  endfacet
  facet normal -0.97675549984 -0.17876252532 0.118290409446
    outer loop
      vertex 0.267349272966 -0.305600404739 -0.150736570358
      vertex 0.267574965954 -0.307182371616 -0.150922939181
      vertex 0.26719981432 -0.306070387363 -0.149608924985
    endloop
  endfacet
  facet normal -0.948191404343 -0.301637351513 0.0997393354774
    outer loop
      vertex 0.267574965954 -0.307182371616 -0.150922939181
      vertex 0.267349272966 -0.305600404739 -0.150736570358
      vertex 0.267700135708 -0.305941849947 -0.151726603508
    endloop
  endfacet
  facet normal -0.847648203373 -0.414585083723 -0.331076622009
    outer loop
      vertex 0.267349272966 -0.305600404739 -0.150736570358
      vertex 0.267705112696 -0.305059403181 -0.151032119989
      vertex 0.267700135708 -0.305941849947 -0.151726603508
    endloop
  endfacet
  facet normal -0.839090049267 -0.4495228827 -0.306361049414
    outer loop
      vertex 0.267705112696 -0.305059403181 -0.151032119989
      vertex 0.267349272966 -0.305600404739 -0.150736570358
      vertex 0.267505258322 -0.305078059435 -0.150671765208
    endloop
  endfacet
  facet normal -0.818870902061 -0.486306995153 -0.304886817932
    outer loop
      vertex 0.267505258322 -0.305078059435 -0.150671765208
      vertex 0.267349272966 -0.305600404739 -0.150736570358
      vertex 0.267196267843 -0.305065721273 -0.15014372766
    endloop
  endfacet
  facet normal -0.981184244156 -0.168977111578 0.0934037491679
    outer loop
      vertex 0.267349272966 -0.305600404739 -0.150736570358
      vertex 0.26719981432 -0.306070387363 -0.149608924985
      vertex 0.267196267843 -0.305065721273 -0.15014372766
    endloop
  endfacet
  facet normal -0.999967396259 0.00804104004055 -0.000758831913117
    outer loop
      vertex 0.267196267843 -0.305065721273 -0.15014372766
      vertex 0.26719981432 -0.306070387363 -0.149608924985
      vertex 0.267202526331 -0.304644137621 -0.14940482378
    endloop
  endfacet
  facet normal -0.97464287281 -0.221240773797 -0.0335232429206
    outer loop
      vertex 0.26719981432 -0.306070387363 -0.149608924985
      vertex 0.267013847828 -0.304856717587 -0.148605883121
      vertex 0.267202526331 -0.304644137621 -0.14940482378
    endloop
  endfacet
  facet normal -0.981589853764 -0.190859556198 -0.00734990090132
    outer loop
      vertex 0.266856223345 -0.306070297956 -0.147841915488
      vertex 0.267013847828 -0.304856717587 -0.148605883121
      vertex 0.26719981432 -0.306070387363 -0.149608924985
    endloop
  endfacet
  facet normal -0.994009137154 -0.055910743773 -0.0939139351249
    outer loop
      vertex 0.266994178295 -0.304568707943 -0.147772088647
      vertex 0.267013847828 -0.304856717587 -0.148605883121
      vertex 0.266856223345 -0.306070297956 -0.147841915488
    endloop
  endfacet
  facet normal -0.979268670082 -0.0864080190659 -0.18321184814
    outer loop
      vertex 0.267096102238 -0.304244250059 -0.148239150643
      vertex 0.267013847828 -0.304856717587 -0.148605883121
      vertex 0.266994178295 -0.304568707943 -0.147772088647
    endloop
  endfacet
  facet normal -0.902478158474 -0.305227130651 -0.303923547268
    outer loop
      vertex 0.267096102238 -0.304244250059 -0.148239150643
      vertex 0.267239809036 -0.304192572832 -0.148612603545
      vertex 0.267013847828 -0.304856717587 -0.148605883121
    endloop
  endfacet
  facet normal -0.838379859924 -0.256028056145 -0.481216043234
    outer loop
      vertex 0.267259001732 -0.303894162178 -0.148114591837
      vertex 0.267239809036 -0.304192572832 -0.148612603545
      vertex 0.267096102238 -0.304244250059 -0.148239150643
    endloop
  endfacet
  facet normal -0.766981780529 -0.307800263166 -0.563025712967
    outer loop
      vertex 0.267239809036 -0.304192572832 -0.148612603545
      vertex 0.267259001732 -0.303894162178 -0.148114591837
      vertex 0.267442077398 -0.303807377815 -0.148412033916
    endloop
  endfacet
  facet normal -0.720142245293 -0.254972338676 -0.645278453827
    outer loop
      vertex 0.267442077398 -0.303807377815 -0.148412033916
      vertex 0.267259001732 -0.303894162178 -0.148114591837
      vertex 0.267476588488 -0.303677707911 -0.148181393743
    endloop
  endfacet
  facet normal -0.7205696702 -0.24306255579 -0.649384319782
    outer loop
      vertex 0.267397463322 -0.303647130728 -0.147865056992
      vertex 0.267476588488 -0.303677707911 -0.148181393743
      vertex 0.267259001732 -0.303894162178 -0.148114591837
    endloop
  endfacet
  facet normal -0.611980676651 -0.226370409131 -0.757783651352
    outer loop
      vertex 0.267560780048 -0.303547620773 -0.147973492742
      vertex 0.267476588488 -0.303677707911 -0.148181393743
      vertex 0.267397463322 -0.303647130728 -0.147865056992
    endloop
  endfacet
  facet normal -0.187949836254 0.574532270432 0.796609997749
    outer loop
      vertex 0.267560780048 -0.303547620773 -0.147973492742
      vertex 0.267214864492 -0.303440332413 -0.147937893867
      vertex 0.267476588488 -0.303677707911 -0.148181393743
    endloop
  endfacet
  facet normal -0.187740698457 0.575219035149 0.79616355896
    outer loop
      vertex 0.267644941807 -0.303417265415 -0.147765591741
      vertex 0.267214864492 -0.303440332413 -0.147937893867
      vertex 0.267560780048 -0.303547620773 -0.147973492742
    endloop
  endfacet
  facet normal -0.612192749977 -0.227027520537 -0.75741571188
    outer loop
      vertex 0.267397463322 -0.303647130728 -0.147865056992
      vertex 0.267644941807 -0.303417265415 -0.147765591741
      vertex 0.267560780048 -0.303547620773 -0.147973492742
    endloop
  endfacet
  facet normal -0.288634210825 0.49100714922 0.821950316429
    outer loop
      vertex 0.267214864492 -0.303440332413 -0.147937893867
      vertex 0.26712295413 -0.303674608469 -0.148384094238
      vertex 0.267476588488 -0.303677707911 -0.148181393743
    endloop
  endfacet
  facet normal -0.269313275814 0.490588128567 0.828730106354
    outer loop
      vertex 0.267214864492 -0.303440332413 -0.147937893867
      vertex 0.266705304384 -0.303339362144 -0.148047059774
      vertex 0.26712295413 -0.303674608469 -0.148384094238
    endloop
  endfacet
  facet normal -0.257433831692 0.379842400551 0.888508617878
    outer loop
      vertex 0.266705304384 -0.303339362144 -0.148047059774
      vertex 0.267214864492 -0.303440332413 -0.147937893867
      vertex 0.266894042492 -0.303146243095 -0.147467404604
    endloop
  endfacet
  facet normal -0.32785615325 0.392979353666 0.859114408493
    outer loop
      vertex 0.265625059605 -0.302672296762 -0.147489964962
      vertex 0.266705304384 -0.303339362144 -0.148047059774
      vertex 0.266894042492 -0.303146243095 -0.147467404604
    endloop
  endfacet
  facet normal -0.333791524172 0.383734881878 0.861005663872
    outer loop
      vertex 0.266705304384 -0.303339362144 -0.148047059774
      vertex 0.265625059605 -0.302672296762 -0.147489964962
      vertex 0.265996217728 -0.303246557713 -0.148455619812
    endloop
  endfacet
  facet normal -0.396363765001 0.351929098368 0.847963273525
    outer loop
      vertex 0.265625059605 -0.302672296762 -0.147489964962
      vertex 0.265055924654 -0.302898257971 -0.148675426841
      vertex 0.265996217728 -0.303246557713 -0.148455619812
    endloop
  endfacet
  facet normal -0.413131892681 0.357960194349 0.83736884594
    outer loop
      vertex 0.265055924654 -0.302898257971 -0.148675426841
      vertex 0.265625059605 -0.302672296762 -0.147489964962
      vertex 0.263713896275 -0.301980048418 -0.148076340556
    endloop
  endfacet
  facet normal -0.440217375755 0.307068496943 0.843752086163
    outer loop
      vertex 0.265055924654 -0.302898257971 -0.148675426841
      vertex 0.263713896275 -0.301980048418 -0.148076340556
      vertex 0.263316631317 -0.302312046289 -0.149558112025
    endloop
  endfacet
  facet normal -0.448627710342 0.308232545853 0.838883697987
    outer loop
      vertex 0.263713896275 -0.301980048418 -0.148076340556
      vertex 0.262511223555 -0.301755964756 -0.149216964841
      vertex 0.263316631317 -0.302312046289 -0.149558112025
    endloop
  endfacet
  facet normal -0.439938575029 0.297407239676 0.847350537777
    outer loop
      vertex 0.263713896275 -0.301980048418 -0.148076340556
      vertex 0.262291610241 -0.301215291023 -0.148001343012
      vertex 0.262511223555 -0.301755964756 -0.149216964841
    endloop
  endfacet
  facet normal -0.447735458612 0.253332853317 0.857528686523
    outer loop
      vertex 0.262728065252 -0.301124721766 -0.146923393011
      vertex 0.262291610241 -0.301215291023 -0.148001343012
      vertex 0.263713896275 -0.301980048418 -0.148076340556
    endloop
  endfacet
  facet normal -0.384555369616 0.230798065662 0.89378374815
    outer loop
      vertex 0.261366933584 -0.300396680832 -0.146371915936
      vertex 0.262291610241 -0.301215291023 -0.148001343012
      vertex 0.262728065252 -0.301124721766 -0.146923393011
    endloop
  endfacet
  facet normal -0.27572658658 0.30199277401 0.912565171719
    outer loop
      vertex 0.262291610241 -0.301215291023 -0.148001343012
      vertex 0.261366933584 -0.300396680832 -0.146371915936
      vertex 0.258568137884 -0.300127476454 -0.148113802075
    endloop
  endfacet
  facet normal -0.251198977232 0.259501725435 0.932500898838
    outer loop
      vertex 0.261366933584 -0.300396680832 -0.146371915936
      vertex 0.258632987738 -0.299070835114 -0.144254058599
      vertex 0.258568137884 -0.300127476454 -0.148113802075
    endloop
  endfacet
  facet normal -0.245354026556 0.266742140055 0.932013988495
    outer loop
      vertex 0.261366933584 -0.300396680832 -0.146371915936
      vertex 0.261794179678 -0.299744963646 -0.143701791763
      vertex 0.258632987738 -0.299070835114 -0.144254058599
    endloop
  endfacet
  facet normal -0.392226278782 0.276867002249 0.877213299274
    outer loop
      vertex 0.261366933584 -0.300396680832 -0.146371915936
      vertex 0.263164252043 -0.301034152508 -0.145845457911
      vertex 0.261794179678 -0.299744963646 -0.143701791763
    endloop
  endfacet
  facet normal -0.384588986635 0.230721950531 0.893788933754
    outer loop
      vertex 0.263164252043 -0.301034152508 -0.145845457911
      vertex 0.261366933584 -0.300396680832 -0.146371915936
      vertex 0.262728065252 -0.301124721766 -0.146923393011
    endloop
  endfacet
  facet normal -0.387235552073 0.280664175749 0.878223359585
    outer loop
      vertex 0.261794179678 -0.299744963646 -0.143701791763
      vertex 0.263164252043 -0.301034152508 -0.145845457911
      vertex 0.264525473118 -0.301234871149 -0.144595444202
    endloop
  endfacet
  facet normal -0.374164134264 0.312257438898 0.873210430145
    outer loop
      vertex 0.264905840158 -0.300486803055 -0.14204774797
      vertex 0.261794179678 -0.299744963646 -0.143701791763
      vertex 0.264525473118 -0.301234871149 -0.144595444202
    endloop
  endfacet
  facet normal -0.458347082138 0.548670351505 0.699198722839
    outer loop
      vertex 0.261794179678 -0.299744963646 -0.143701791763
      vertex 0.264905840158 -0.300486803055 -0.14204774797
      vertex 0.262785613537 -0.297548770905 -0.140074834228
    endloop
  endfacet
  facet normal -0.583115756512 0.41414296627 0.698900341988
    outer loop
      vertex 0.264905840158 -0.300486803055 -0.14204774797
      vertex 0.265981882811 -0.300128877163 -0.139928638935
      vertex 0.262785613537 -0.297548770905 -0.140074834228
    endloop
  endfacet
  facet normal -0.334422171116 0.319561958313 0.886590063572
    outer loop
      vertex 0.265981882811 -0.300128877163 -0.139928638935
      vertex 0.264905840158 -0.300486803055 -0.14204774797
      vertex 0.267113804817 -0.30148935318 -0.142518565059
    endloop
  endfacet
  facet normal -0.321478903294 0.358567386866 0.876402139664
    outer loop
      vertex 0.267113804817 -0.30148935318 -0.142518565059
      vertex 0.264905840158 -0.300486803055 -0.14204774797
      vertex 0.265934914351 -0.301508396864 -0.143622070551
    endloop
  endfacet
  facet normal -0.384371459484 0.312455326319 0.868694543839
    outer loop
      vertex 0.264905840158 -0.300486803055 -0.14204774797
      vertex 0.264525473118 -0.301234871149 -0.144595444202
      vertex 0.265934914351 -0.301508396864 -0.143622070551
    endloop
  endfacet
  facet normal -0.36338531971 0.276144295931 0.889772713184
    outer loop
      vertex 0.265458732843 -0.301703363657 -0.144876882434
      vertex 0.265934914351 -0.301508396864 -0.143622070551
      vertex 0.264525473118 -0.301234871149 -0.144595444202
    endloop
  endfacet
  facet normal -0.370763510466 0.256426423788 0.892625272274
    outer loop
      vertex 0.265159249306 -0.301775217056 -0.145560011268
      vertex 0.265458732843 -0.301703363657 -0.144876882434
      vertex 0.264525473118 -0.301234871149 -0.144595444202
    endloop
  endfacet
  facet normal -0.340135335922 0.244616836309 0.908003628254
    outer loop
      vertex 0.265731394291 -0.301981657743 -0.145530745387
      vertex 0.265458732843 -0.301703363657 -0.144876882434
      vertex 0.265159249306 -0.301775217056 -0.145560011268
    endloop
  endfacet
  facet normal -0.449284017086 0.253625154495 0.856631875038
    outer loop
      vertex 0.267931699753 -0.301363348961 -0.140644133091
      vertex 0.265981882811 -0.300128877163 -0.139928638935
      vertex 0.267113804817 -0.30148935318 -0.142518565059
    endloop
  endfacet
  facet normal -0.446305423975 0.260741949081 0.856052041054
    outer loop
      vertex 0.265981882811 -0.300128877163 -0.139928638935
      vertex 0.267931699753 -0.301363348961 -0.140644133091
      vertex 0.268407702446 -0.301146239042 -0.139116540551
    endloop
  endfacet
  facet normal -0.185235798359 0.194621533155 0.963229000568
    outer loop
      vertex 0.267931699753 -0.301363348961 -0.140644133091
      vertex 0.269273400307 -0.301559984684 -0.140340328217
      vertex 0.268407702446 -0.301146239042 -0.139116540551
    endloop
  endfacet
  facet normal 0.00818907376379 0.325459629297 0.945520460606
    outer loop
      vertex 0.269273400307 -0.301559984684 -0.140340328217
      vertex 0.269306004047 -0.301083564758 -0.138957053423
      vertex 0.268407702446 -0.301146239042 -0.139116540551
    endloop
  endfacet
  facet normal -0.155216276646 0.324965775013 0.932901501656
    outer loop
      vertex 0.269306004047 -0.301083564758 -0.138957053423
      vertex 0.269273400307 -0.301559984684 -0.140340328217
      vertex 0.269964545965 -0.301392734051 -0.139530062675
    endloop
  endfacet
  facet normal -0.200831845403 0.276293933392 0.939855456352
    outer loop
      vertex 0.269964545965 -0.301392734051 -0.139530062675
      vertex 0.270158112049 -0.301256507635 -0.138925969601
      vertex 0.269306004047 -0.301083564758 -0.138957053423
    endloop
  endfacet
  facet normal 0.00583864795044 0.218194872141 0.975887775421
    outer loop
      vertex 0.270158112049 -0.301256507635 -0.138925969601
      vertex 0.269964545965 -0.301392734051 -0.139530062675
      vertex 0.270619541407 -0.301362931728 -0.139414295554
    endloop
  endfacet
  facet normal 0.0598415322602 0.266207188368 0.962056517601
    outer loop
      vertex 0.270619541407 -0.301362931728 -0.139414295554
      vertex 0.270867645741 -0.301179468632 -0.138807043433
      vertex 0.270158112049 -0.301256507635 -0.138925969601
    endloop
  endfacet
  facet normal 0.283411085606 0.169388517737 0.943920373917
    outer loop
      vertex 0.270867645741 -0.301179468632 -0.138807043433
      vertex 0.270619541407 -0.301362931728 -0.139414295554
      vertex 0.271337002516 -0.301150411367 -0.139430433512
    endloop
  endfacet
  facet normal 0.422107934952 0.277588605881 0.863000273705
    outer loop
      vertex 0.270867645741 -0.301179468632 -0.138807043433
      vertex 0.271337002516 -0.301150411367 -0.139430433512
      vertex 0.271719872952 -0.300718724728 -0.138670548797
    endloop
  endfacet
  facet normal 0.33673492074 0.331095159054 0.881467878819
    outer loop
      vertex 0.271824687719 -0.301019191742 -0.13957709074
      vertex 0.271719872952 -0.300718724728 -0.138670548797
      vertex 0.271337002516 -0.301150411367 -0.139430433512
    endloop
  endfacet
  facet normal 0.35986289382 0.330766111612 0.872406125069
    outer loop
      vertex 0.271719872952 -0.300718724728 -0.138670548797
      vertex 0.271824687719 -0.301019191742 -0.13957709074
      vertex 0.272337526083 -0.300700694323 -0.139294996858
    endloop
  endfacet
  facet normal 0.382167309523 0.294261485338 0.87598991394
    outer loop
      vertex 0.272272199392 -0.30091303587 -0.139842242002
      vertex 0.272337526083 -0.300700694323 -0.139294996858
      vertex 0.271824687719 -0.301019191742 -0.13957709074
    endloop
  endfacet
  facet normal 0.542809307575 0.246682882309 0.802811086178
    outer loop
      vertex 0.272337526083 -0.300700694323 -0.139294996858
      vertex 0.272272199392 -0.30091303587 -0.139842242002
      vertex 0.272686213255 -0.300601273775 -0.139738678932
    endloop
  endfacet
  facet normal -0.617081105709 0.35903558135 -0.700217366219
    outer loop
      vertex 0.272483170033 -0.301240056753 -0.138841837645
      vertex 0.272686213255 -0.300601273775 -0.139738678932
      vertex 0.272272199392 -0.30091303587 -0.139842242002
    endloop
  endfacet
  facet normal -0.71736317873 0.289091020823 -0.633889913559
    outer loop
      vertex 0.272931933403 -0.300725489855 -0.138856545091
      vertex 0.272686213255 -0.300601273775 -0.139738678932
      vertex 0.272483170033 -0.301240056753 -0.138841837645
    endloop
  endfacet
  facet normal -0.621383011341 0.276333153248 -0.733159720898
    outer loop
      vertex 0.272686213255 -0.300601273775 -0.139738678932
      vertex 0.272931933403 -0.300725489855 -0.138856545091
      vertex 0.273100227118 -0.300289511681 -0.13963483274
    endloop
  endfacet
  facet normal -0.608454287052 0.283619821072 -0.741176903248
    outer loop
      vertex 0.272931933403 -0.300725489855 -0.138856545091
      vertex 0.273609429598 -0.299970626831 -0.139375805855
      vertex 0.273100227118 -0.300289511681 -0.13963483274
    endloop
  endfacet
  facet normal -0.6205534935 0.263855099678 -0.738440155983
    outer loop
      vertex 0.273609429598 -0.299970626831 -0.139375805855
      vertex 0.272931933403 -0.300725489855 -0.138856545091
      vertex 0.274016201496 -0.299969255924 -0.138422951102
    endloop
  endfacet
  facet normal -0.528521180153 0.792962431908 -0.303110480309
    outer loop
      vertex 0.274016201496 -0.299969255924 -0.138422951102
      vertex 0.272931933403 -0.300725489855 -0.138856545091
      vertex 0.274199008942 -0.300960481167 -0.13792219758
    endloop
  endfacet
  facet normal -0.397033572197 0.690487205982 -0.604641854763
    outer loop
      vertex 0.274199008942 -0.300960481167 -0.13792219758
      vertex 0.272931933403 -0.300725489855 -0.138856545091
      vertex 0.273140281439 -0.301550596952 -0.138014227152
    endloop
  endfacet
  facet normal -0.567710876465 0.643436968327 -0.513510704041
    outer loop
      vertex 0.273140281439 -0.301550596952 -0.138014227152
      vertex 0.272931933403 -0.300725489855 -0.138856545091
      vertex 0.272483170033 -0.301240056753 -0.138841837645
    endloop
  endfacet
  facet normal -0.327469259501 0.826051831245 -0.458696246147
    outer loop
      vertex 0.27381426096 -0.302631527185 -0.137146815658
      vertex 0.274199008942 -0.300960481167 -0.13792219758
      vertex 0.273140281439 -0.301550596952 -0.138014227152
    endloop
  endfacet
  facet normal -0.350440502167 0.81617462635 -0.459402233362
    outer loop
      vertex 0.274199008942 -0.300960481167 -0.13792219758
      vertex 0.27381426096 -0.302631527185 -0.137146815658
      vertex 0.275592416525 -0.301694333553 -0.136910840869
    endloop
  endfacet
  facet normal -0.206996455789 0.966883003712 -0.149297446012
    outer loop
      vertex 0.275592416525 -0.301694333553 -0.136910840869
      vertex 0.27381426096 -0.302631527185 -0.137146815658
      vertex 0.276491224766 -0.304564028978 -0.136275321245
    endloop
  endfacet
  facet normal -0.369009822607 0.924641788006 0.0941770449281
    outer loop
      vertex 0.274756193161 -0.306925177574 -0.137208223343
      vertex 0.276491224766 -0.304564028978 -0.136275321245
      vertex 0.27381426096 -0.302631527185 -0.137146815658
    endloop
  endfacet
  facet normal 0.0072177820839 0.928189635277 0.372037529945
    outer loop
      vertex 0.276491224766 -0.304564028978 -0.136275321245
      vertex 0.274756193161 -0.306925177574 -0.137208223343
      vertex 0.279293179512 -0.307808369398 -0.137597501278
    endloop
  endfacet
  facet normal -0.022920852527 0.866031825542 0.499463230371
    outer loop
      vertex 0.279293179512 -0.307808369398 -0.137597501278
      vertex 0.274756193161 -0.306925177574 -0.137208223343
      vertex 0.276320040226 -0.310892790556 -0.13945505023
    endloop
  endfacet
  facet normal -0.370650470257 0.737932860851 0.56397986412
    outer loop
      vertex 0.274756193161 -0.306925177574 -0.137208223343
      vertex 0.27291867137 -0.308444261551 -0.139292165637
      vertex 0.276320040226 -0.310892790556 -0.13945505023
    endloop
  endfacet
  facet normal -0.105873532593 0.89363515377 0.436127305031
    outer loop
      vertex 0.279293179512 -0.307808369398 -0.137597501278
      vertex 0.276320040226 -0.310892790556 -0.13945505023
      vertex 0.282365053892 -0.312477678061 -0.139512360096
    endloop
  endfacet
  facet normal -0.226737335324 0.417552888393 0.879908919334
    outer loop
      vertex 0.276320040226 -0.310892790556 -0.13945505023
      vertex 0.277695536613 -0.312792956829 -0.142712369561
      vertex 0.282365053892 -0.312477678061 -0.139512360096
    endloop
  endfacet
  facet normal -0.356377393007 0.591309309006 0.723428249359
    outer loop
      vertex 0.282365053892 -0.312477678061 -0.139512360096
      vertex 0.277695536613 -0.312792956829 -0.142712369561
      vertex 0.282365500927 -0.315822452307 -0.14360421896
    endloop
  endfacet
  facet normal -0.48455992341 0.278987169266 0.829076468945
    outer loop
      vertex 0.277695536613 -0.312792956829 -0.142712369561
      vertex 0.279071062803 -0.314692884684 -0.145969375968
      vertex 0.282365500927 -0.315822452307 -0.14360421896
    endloop
  endfacet
  facet normal -0.404304474592 0.327424794436 0.854008734226
    outer loop
      vertex 0.274370282888 -0.312958151102 -0.147249266505
      vertex 0.279071062803 -0.314692884684 -0.145969375968
      vertex 0.277695536613 -0.312792956829 -0.142712369561
    endloop
  endfacet
  facet normal -0.318144291639 -0.108094789088 0.941859722137
    outer loop
      vertex 0.277100294828 -0.313325732946 -0.152081370354
      vertex 0.279071062803 -0.314692884684 -0.145969375968
      vertex 0.274370282888 -0.312958151102 -0.147249266505
    endloop
  endfacet
  facet normal -0.175574168563 -0.160644441843 0.971270859241
    outer loop
      vertex 0.279071062803 -0.314692884684 -0.145969375968
      vertex 0.277100294828 -0.313325732946 -0.152081370354
      vertex 0.281394988298 -0.314575493336 -0.149219036102
    endloop
  endfacet
  facet normal 0.169522941113 -0.596792161465 0.784283816814
    outer loop
      vertex 0.277100294828 -0.313325732946 -0.152081370354
      vertex 0.280628293753 -0.311337351799 -0.153692275286
      vertex 0.281394988298 -0.314575493336 -0.149219036102
    endloop
  endfacet
  facet normal -0.00492473365739 -0.781250178814 0.624198615551
    outer loop
      vertex 0.277100294828 -0.313325732946 -0.152081370354
      vertex 0.277607411146 -0.308826386929 -0.155679419637
      vertex 0.280628293753 -0.311337351799 -0.153692275286
    endloop
  endfacet
  facet normal 0.279051363468 -0.734378278255 0.618723571301
    outer loop
      vertex 0.277100294828 -0.313325732946 -0.152081370354
      vertex 0.273885577917 -0.310326695442 -0.155829623342
      vertex 0.277607411146 -0.308826386929 -0.155679419637
    endloop
  endfacet
  facet normal -0.17337167263 -0.520341396332 0.836174070835
    outer loop
      vertex 0.273042887449 -0.312054544687 -0.152772262692
      vertex 0.273885577917 -0.310326695442 -0.155829623342
      vertex 0.277100294828 -0.313325732946 -0.152081370354
    endloop
  endfacet
  facet normal -0.399035513401 -0.53203099966 0.746802270412
    outer loop
      vertex 0.273042887449 -0.312054544687 -0.152772262692
      vertex 0.271246165037 -0.309436053038 -0.155100181699
      vertex 0.273885577917 -0.310326695442 -0.155829623342
    endloop
  endfacet
  facet normal -0.611661672592 -0.334377676249 0.716980874538
    outer loop
      vertex 0.271246165037 -0.309436053038 -0.155100181699
      vertex 0.273042887449 -0.312054544687 -0.152772262692
      vertex 0.270387351513 -0.310343772173 -0.151582866907
    endloop
  endfacet
  facet normal -0.543662667274 -0.00665049813688 0.83927744627
    outer loop
      vertex 0.274370282888 -0.312958151102 -0.147249266505
      vertex 0.270387351513 -0.310343772173 -0.151582866907
      vertex 0.273042887449 -0.312054544687 -0.152772262692
    endloop
  endfacet
  facet normal -0.284153133631 -0.0879108458757 0.954740107059
    outer loop
      vertex 0.277100294828 -0.313325732946 -0.152081370354
      vertex 0.274370282888 -0.312958151102 -0.147249266505
      vertex 0.273042887449 -0.312054544687 -0.152772262692
    endloop
  endfacet
  facet normal -0.641425728798 -0.334758579731 0.690296828747
    outer loop
      vertex 0.270387351513 -0.310343772173 -0.151582866907
      vertex 0.269078046083 -0.307855069637 -0.15420602262
      vertex 0.271246165037 -0.309436053038 -0.155100181699
    endloop
  endfacet
  facet normal -0.483457446098 -0.463321983814 0.742698907852
    outer loop
      vertex 0.269078046083 -0.307855069637 -0.15420602262
      vertex 0.270387351513 -0.310343772173 -0.151582866907
      vertex 0.26822295785 -0.308614164591 -0.152096942067
    endloop
  endfacet
  facet normal -0.844543933868 -0.447989284992 0.293344736099
    outer loop
      vertex 0.26828700304 -0.307115852833 -0.15319879353
      vertex 0.269078046083 -0.307855069637 -0.15420602262
      vertex 0.26822295785 -0.308614164591 -0.152096942067
    endloop
  endfacet
  facet normal -0.761463403702 -0.645036101341 -0.0640463605523
    outer loop
      vertex 0.26883944869 -0.305555284023 -0.153696000576
      vertex 0.269078046083 -0.307855069637 -0.15420602262
      vertex 0.26828700304 -0.307115852833 -0.15319879353
    endloop
  endfacet
  facet normal -0.944928586483 -0.32626748085 0.0256813820451
    outer loop
      vertex 0.269078046083 -0.307855069637 -0.15420602262
      vertex 0.26883944869 -0.305555284023 -0.153696000576
      vertex 0.269316017628 -0.306461930275 -0.155004858971
    endloop
  endfacet
  facet normal -0.892633855343 -0.426373451948 -0.14632306993
    outer loop
      vertex 0.269316017628 -0.306461930275 -0.155004858971
      vertex 0.26883944869 -0.305555284023 -0.153696000576
      vertex 0.26942807436 -0.305425673723 -0.154883861542
    endloop
  endfacet
  facet normal -0.842171013355 -0.375063091516 -0.387395977974
    outer loop
      vertex 0.26883944869 -0.305555284023 -0.153696000576
      vertex 0.269621729851 -0.304753601551 -0.154624536633
      vertex 0.26942807436 -0.305425673723 -0.154883861542
    endloop
  endfacet
  facet normal -0.840062856674 -0.349640399218 -0.414784252644
    outer loop
      vertex 0.269621729851 -0.304753601551 -0.154624536633
      vertex 0.26883944869 -0.305555284023 -0.153696000576
      vertex 0.269473969936 -0.304340422153 -0.153779327869
    endloop
  endfacet
  facet normal -0.80558848381 -0.445856451988 -0.390178471804
    outer loop
      vertex 0.269473969936 -0.304340422153 -0.153779327869
      vertex 0.26883944869 -0.305555284023 -0.153696000576
      vertex 0.269147068262 -0.304390370846 -0.153232350945
    endloop
  endfacet
  facet normal -0.811053335667 -0.437510699034 -0.388299942017
    outer loop
      vertex 0.26883944869 -0.305555284023 -0.153696000576
      vertex 0.268543213606 -0.305241972208 -0.152868792415
      vertex 0.269147068262 -0.304390370846 -0.153232350945
    endloop
  endfacet
  facet normal -0.893753170967 -0.398238897324 -0.206424549222
    outer loop
      vertex 0.26883944869 -0.305555284023 -0.153696000576
      vertex 0.268150091171 -0.306345462799 -0.152558475733
      vertex 0.268543213606 -0.305241972208 -0.152868792415
    endloop
  endfacet
  facet normal -0.892081677914 -0.412558466196 -0.184352308512
    outer loop
      vertex 0.268150091171 -0.306345462799 -0.152558475733
      vertex 0.26883944869 -0.305555284023 -0.153696000576
      vertex 0.26828700304 -0.307115852833 -0.15319879353
    endloop
  endfacet
  facet normal -0.922394931316 -0.361358702183 -0.13640910387
    outer loop
      vertex 0.26788148284 -0.306925237179 -0.152091681957
      vertex 0.268150091171 -0.306345462799 -0.152558475733
      vertex 0.26828700304 -0.307115852833 -0.15319879353
    endloop
  endfacet
  facet normal -0.875859856606 -0.482247471809 -0.0175182353705
    outer loop
      vertex 0.26788148284 -0.306925237179 -0.152091681957
      vertex 0.267700135708 -0.305941849947 -0.151726603508
      vertex 0.268150091171 -0.306345462799 -0.152558475733
    endloop
  endfacet
  facet normal -0.960095107555 -0.2687908113 0.0772586688399
    outer loop
      vertex 0.267574965954 -0.307182371616 -0.150922939181
      vertex 0.267700135708 -0.305941849947 -0.151726603508
      vertex 0.26788148284 -0.306925237179 -0.152091681957
    endloop
  endfacet
  facet normal -0.938871443272 -0.287793874741 0.18893134594
    outer loop
      vertex 0.26822295785 -0.308614164591 -0.152096942067
      vertex 0.267574965954 -0.307182371616 -0.150922939181
      vertex 0.26788148284 -0.306925237179 -0.152091681957
    endloop
  endfacet
  facet normal -0.932316243649 -0.309217482805 0.187539294362
    outer loop
      vertex 0.26822295785 -0.308614164591 -0.152096942067
      vertex 0.26788148284 -0.306925237179 -0.152091681957
      vertex 0.26828700304 -0.307115852833 -0.15319879353
    endloop
  endfacet
  facet normal -0.789206326008 -0.554725587368 -0.263501286507
    outer loop
      vertex 0.267700135708 -0.305941849947 -0.151726603508
      vertex 0.268150091171 -0.305138558149 -0.151985198259
      vertex 0.268150091171 -0.306345462799 -0.152558475733
    endloop
  endfacet
  facet normal -0.842337191105 -0.421194761992 -0.336248487234
    outer loop
      vertex 0.268150091171 -0.305138558149 -0.151985198259
      vertex 0.267700135708 -0.305941849947 -0.151726603508
      vertex 0.267705112696 -0.305059403181 -0.151032119989
    endloop
  endfacet
  facet normal -0.848968207836 -0.422703295946 -0.317135423422
    outer loop
      vertex 0.267961144447 -0.304527759552 -0.151147454977
      vertex 0.268150091171 -0.305138558149 -0.151985198259
      vertex 0.267705112696 -0.305059403181 -0.151032119989
    endloop
  endfacet
  facet normal -0.827815651894 -0.440236061811 -0.347726166248
    outer loop
      vertex 0.268393903971 -0.304486364126 -0.151928529143
      vertex 0.268150091171 -0.305138558149 -0.151985198259
      vertex 0.267961144447 -0.304527759552 -0.151147454977
    endloop
  endfacet
  facet normal -0.827838182449 -0.44019010663 -0.347730606794
    outer loop
      vertex 0.2687266469 -0.304454594851 -0.152529165149
      vertex 0.268150091171 -0.305138558149 -0.151985198259
      vertex 0.268393903971 -0.304486364126 -0.151928529143
    endloop
  endfacet
  facet normal -0.83117210865 -0.413328319788 -0.371904075146
    outer loop
      vertex 0.268543213606 -0.305241972208 -0.152868792415
      vertex 0.268150091171 -0.305138558149 -0.151985198259
      vertex 0.2687266469 -0.304454594851 -0.152529165149
    endloop
  endfacet
  facet normal -0.886651158333 -0.417707294226 -0.198419675231
    outer loop
      vertex 0.268150091171 -0.305138558149 -0.151985198259
      vertex 0.268543213606 -0.305241972208 -0.152868792415
      vertex 0.268150091171 -0.306345462799 -0.152558475733
    endloop
  endfacet
  facet normal -0.808258831501 -0.448371171951 -0.381681799889
    outer loop
      vertex 0.269147068262 -0.304390370846 -0.153232350945
      vertex 0.268543213606 -0.305241972208 -0.152868792415
      vertex 0.2687266469 -0.304454594851 -0.152529165149
    endloop
  endfacet
  facet normal 0.0495209768414 -0.0614393800497 0.996881604195
    outer loop
      vertex 0.2687266469 -0.304454594851 -0.152529165149
      vertex 0.268652766943 -0.304412484169 -0.153271958232
      vertex 0.269147068262 -0.304390370846 -0.153232350945
    endloop
  endfacet
  facet normal 0.0205115564167 -0.0586217008531 0.998069524765
    outer loop
      vertex 0.268652766943 -0.304412484169 -0.153271958232
      vertex 0.2687266469 -0.304454594851 -0.152529165149
      vertex 0.268006831408 -0.304444134235 -0.152959108353
    endloop
  endfacet
  facet normal 0.0128056639805 -0.0457403808832 0.998871266842
    outer loop
      vertex 0.268393903971 -0.304486364126 -0.151928529143
      vertex 0.268006831408 -0.304444134235 -0.152959108353
      vertex 0.2687266469 -0.304454594851 -0.152529165149
    endloop
  endfacet
  facet normal -0.0613247565925 -0.0178592186421 0.997958064079
    outer loop
      vertex 0.268393903971 -0.304486364126 -0.151928529143
      vertex 0.266986131668 -0.304405868053 -0.151592537761
      vertex 0.268006831408 -0.304444134235 -0.152959108353
    endloop
  endfacet
  facet normal -0.07983314991 -0.0968118831515 0.992095828056
    outer loop
      vertex 0.266986131668 -0.304405868053 -0.151592537761
      vertex 0.268393903971 -0.304486364126 -0.151928529143
      vertex 0.267961144447 -0.304527759552 -0.151147454977
    endloop
  endfacet
  facet normal -0.0802316069603 -0.0959530547261 0.992147088051
    outer loop
      vertex 0.267661184072 -0.304555803537 -0.150606662035
      vertex 0.266986131668 -0.304405868053 -0.151592537761
      vertex 0.267961144447 -0.304527759552 -0.151147454977
    endloop
  endfacet
  facet normal -0.273046970367 0.0407879687846 0.961135625839
    outer loop
      vertex 0.266986131668 -0.304405868053 -0.151592537761
      vertex 0.267661184072 -0.304555803537 -0.150606662035
      vertex 0.266818434 -0.304324477911 -0.150797218084
    endloop
  endfacet
  facet normal -0.303899526596 0.218217521906 0.927375972271
    outer loop
      vertex 0.267265588045 -0.304354518652 -0.150302141905
      vertex 0.266818434 -0.304324477911 -0.150797218084
      vertex 0.267661184072 -0.304555803537 -0.150606662035
    endloop
  endfacet
  facet normal -0.304125130177 0.218428790569 0.927252292633
    outer loop
      vertex 0.266869723797 -0.304152935743 -0.149997591972
      vertex 0.266818434 -0.304324477911 -0.150797218084
      vertex 0.267265588045 -0.304354518652 -0.150302141905
    endloop
  endfacet
  facet normal -0.363150984049 0.217645287514 0.905953586102
    outer loop
      vertex 0.266818434 -0.304324477911 -0.150797218084
      vertex 0.266869723797 -0.304152935743 -0.149997591972
      vertex 0.265926003456 -0.303791552782 -0.150067970157
    endloop
  endfacet
  facet normal -0.362632840872 0.243406131864 0.899583697319
    outer loop
      vertex 0.265926003456 -0.303791552782 -0.150067970157
      vertex 0.266869723797 -0.304152935743 -0.149997591972
      vertex 0.266775399446 -0.303986489773 -0.149522960186
    endloop
  endfacet
  facet normal -0.449084699154 0.214892432094 0.867262482643
    outer loop
      vertex 0.267079919577 -0.304193109274 -0.149720489979
      vertex 0.266775399446 -0.303986489773 -0.149522960186
      vertex 0.266869723797 -0.304152935743 -0.149997591972
    endloop
  endfacet
  facet normal -0.421031653881 0.259952694178 0.868997633457
    outer loop
      vertex 0.266775399446 -0.303986489773 -0.149522960186
      vertex 0.267079919577 -0.304193109274 -0.149720489979
      vertex 0.267172276974 -0.304087013006 -0.149216219783
    endloop
  endfacet
  facet normal -0.376824736595 0.256299734116 0.890119969845
    outer loop
      vertex 0.267416834831 -0.304221063852 -0.149322211742
      vertex 0.267172276974 -0.304087013006 -0.149216219783
      vertex 0.267079919577 -0.304193109274 -0.149720489979
    endloop
  endfacet
  facet normal -0.300339102745 0.401368826628 0.865274250507
    outer loop
      vertex 0.267429471016 -0.304014354944 -0.148867115378
      vertex 0.267172276974 -0.304087013006 -0.149216219783
      vertex 0.267416834831 -0.304221063852 -0.149322211742
    endloop
  endfacet
  facet normal -0.307230263948 0.405535846949 0.860900819302
    outer loop
      vertex 0.267429471016 -0.304014354944 -0.148867115378
      vertex 0.267038553953 -0.30384722352 -0.148808479309
      vertex 0.267172276974 -0.304087013006 -0.149216219783
    endloop
  endfacet
  facet normal -0.308652669191 0.400851100683 0.862584412098
    outer loop
      vertex 0.267038553953 -0.30384722352 -0.148808479309
      vertex 0.267429471016 -0.304014354944 -0.148867115378
      vertex 0.267442077398 -0.303807377815 -0.148412033916
    endloop
  endfacet
  facet normal -0.809942722321 -0.224105060101 -0.542005240917
    outer loop
      vertex 0.267442077398 -0.303807377815 -0.148412033916
      vertex 0.267429471016 -0.304014354944 -0.148867115378
      vertex 0.267239809036 -0.304192572832 -0.148612603545
    endloop
  endfacet
  facet normal -0.815754234791 -0.239214122295 -0.526613354683
    outer loop
      vertex 0.267429471016 -0.304014354944 -0.148867115378
      vertex 0.267252892256 -0.304324269295 -0.14894720912
      vertex 0.267239809036 -0.304192572832 -0.148612603545
    endloop
  endfacet
  facet normal -0.82344609499 -0.215514928102 -0.52487128973
    outer loop
      vertex 0.267429471016 -0.304014354944 -0.148867115378
      vertex 0.267416834831 -0.304221063852 -0.149322211742
      vertex 0.267252892256 -0.304324269295 -0.14894720912
    endloop
  endfacet
  facet normal -0.846560716629 -0.239202216268 -0.475517839193
    outer loop
      vertex 0.267416834831 -0.304221063852 -0.149322211742
      vertex 0.267202526331 -0.304644137621 -0.14940482378
      vertex 0.267252892256 -0.304324269295 -0.14894720912
    endloop
  endfacet
  facet normal -0.860311746597 -0.190269723535 -0.472928255796
    outer loop
      vertex 0.267401754856 -0.304460644722 -0.14984947443
      vertex 0.267202526331 -0.304644137621 -0.14940482378
      vertex 0.267416834831 -0.304221063852 -0.149322211742
    endloop
  endfacet
  facet normal -0.883432328701 -0.226530238986 -0.410160124302
    outer loop
      vertex 0.267401754856 -0.304460644722 -0.14984947443
      vertex 0.267196267843 -0.305065721273 -0.15014372766
      vertex 0.267202526331 -0.304644137621 -0.14940482378
    endloop
  endfacet
  facet normal -0.827644586563 -0.340120375156 -0.446455538273
    outer loop
      vertex 0.267196267843 -0.305065721273 -0.15014372766
      vertex 0.267401754856 -0.304460644722 -0.14984947443
      vertex 0.267531603575 -0.30450835824 -0.150228083134
    endloop
  endfacet
  facet normal -0.487773746252 -0.0575155653059 0.871073305607
    outer loop
      vertex 0.267401754856 -0.304460644722 -0.14984947443
      vertex 0.267265588045 -0.304354518652 -0.150302141905
      vertex 0.267531603575 -0.30450835824 -0.150228083134
    endloop
  endfacet
  facet normal -0.636672139168 0.0107135195285 0.771060168743
    outer loop
      vertex 0.267265588045 -0.304354518652 -0.150302141905
      vertex 0.267401754856 -0.304460644722 -0.14984947443
      vertex 0.267079919577 -0.304193109274 -0.149720489979
    endloop
  endfacet
  facet normal -0.501870155334 0.36967381835 0.781963944435
    outer loop
      vertex 0.267401754856 -0.304460644722 -0.14984947443
      vertex 0.267416834831 -0.304221063852 -0.149322211742
      vertex 0.267079919577 -0.304193109274 -0.149720489979
    endloop
  endfacet
  facet normal -0.361345767975 0.140438377857 0.921795129776
    outer loop
      vertex 0.267265588045 -0.304354518652 -0.150302141905
      vertex 0.267079919577 -0.304193109274 -0.149720489979
      vertex 0.266869723797 -0.304152935743 -0.149997591972
    endloop
  endfacet
  facet normal -0.48771199584 -0.0577736012638 0.871090829372
    outer loop
      vertex 0.267531603575 -0.30450835824 -0.150228083134
      vertex 0.267265588045 -0.304354518652 -0.150302141905
      vertex 0.267661184072 -0.304555803537 -0.150606662035
    endloop
  endfacet
  facet normal -0.8879545331 -0.342428326607 -0.307049870491
    outer loop
      vertex 0.267531603575 -0.30450835824 -0.150228083134
      vertex 0.267661184072 -0.304555803537 -0.150606662035
      vertex 0.267551004887 -0.30480530858 -0.150544732809
    endloop
  endfacet
  facet normal -0.864627420902 -0.418594419956 -0.277845561504
    outer loop
      vertex 0.267661184072 -0.304555803537 -0.150606662035
      vertex 0.267683297396 -0.304807722569 -0.150819540024
      vertex 0.267551004887 -0.30480530858 -0.150544732809
    endloop
  endfacet
  facet normal -0.839110672474 -0.449558734894 -0.306251943111
    outer loop
      vertex 0.267661184072 -0.304555803537 -0.150606662035
      vertex 0.267961144447 -0.304527759552 -0.151147454977
      vertex 0.267683297396 -0.304807722569 -0.150819540024
    endloop
  endfacet
  facet normal -0.839135289192 -0.449247151613 -0.306641340256
    outer loop
      vertex 0.267961144447 -0.304527759552 -0.151147454977
      vertex 0.267705112696 -0.305059403181 -0.151032119989
      vertex 0.267683297396 -0.304807722569 -0.150819540024
    endloop
  endfacet
  facet normal -0.838972270489 -0.449434161186 -0.306813389063
    outer loop
      vertex 0.267683297396 -0.304807722569 -0.150819540024
      vertex 0.267705112696 -0.305059403181 -0.151032119989
      vertex 0.267505258322 -0.305078059435 -0.150671765208
    endloop
  endfacet
  facet normal -0.848226964474 -0.411192238331 -0.333814173937
    outer loop
      vertex 0.267505258322 -0.305078059435 -0.150671765208
      vertex 0.267551004887 -0.30480530858 -0.150544732809
      vertex 0.267683297396 -0.304807722569 -0.150819540024
    endloop
  endfacet
  facet normal -0.802476465702 -0.477936387062 -0.357223153114
    outer loop
      vertex 0.267196267843 -0.305065721273 -0.15014372766
      vertex 0.267551004887 -0.30480530858 -0.150544732809
      vertex 0.267505258322 -0.305078059435 -0.150671765208
    endloop
  endfacet
  facet normal -0.798301696777 -0.437312275171 -0.414092212915
    outer loop
      vertex 0.267551004887 -0.30480530858 -0.150544732809
      vertex 0.267196267843 -0.305065721273 -0.15014372766
      vertex 0.267531603575 -0.30450835824 -0.150228083134
    endloop
  endfacet
  facet normal -0.933114826679 -0.131283059716 -0.334755927324
    outer loop
      vertex 0.267202526331 -0.304644137621 -0.14940482378
      vertex 0.267013847828 -0.304856717587 -0.148605883121
      vertex 0.267252892256 -0.304324269295 -0.14894720912
    endloop
  endfacet
  facet normal -0.934842348099 -0.161137610674 -0.31639289856
    outer loop
      vertex 0.267252892256 -0.304324269295 -0.14894720912
      vertex 0.267013847828 -0.304856717587 -0.148605883121
      vertex 0.267239809036 -0.304192572832 -0.148612603545
    endloop
  endfacet
  facet normal -0.319328159094 0.4108492136 0.853951096535
    outer loop
      vertex 0.267442077398 -0.303807377815 -0.148412033916
      vertex 0.26712295413 -0.303674608469 -0.148384094238
      vertex 0.267038553953 -0.30384722352 -0.148808479309
    endloop
  endfacet
  facet normal -0.294557183981 0.501470327377 0.813488543034
    outer loop
      vertex 0.26712295413 -0.303674608469 -0.148384094238
      vertex 0.267442077398 -0.303807377815 -0.148412033916
      vertex 0.267476588488 -0.303677707911 -0.148181393743
    endloop
  endfacet
  facet normal -0.324461936951 0.411044150591 0.851919710636
    outer loop
      vertex 0.267038553953 -0.30384722352 -0.148808479309
      vertex 0.26712295413 -0.303674608469 -0.148384094238
      vertex 0.266697257757 -0.30361649394 -0.148599684238
    endloop
  endfacet
  facet normal -0.331047058105 0.426840901375 0.841554939747
    outer loop
      vertex 0.26712295413 -0.303674608469 -0.148384094238
      vertex 0.266705304384 -0.303339362144 -0.148047059774
      vertex 0.266697257757 -0.30361649394 -0.148599684238
    endloop
  endfacet
  facet normal -0.353188514709 0.423483937979 0.834217727184
    outer loop
      vertex 0.266705304384 -0.303339362144 -0.148047059774
      vertex 0.265996217728 -0.303246557713 -0.148455619812
      vertex 0.266697257757 -0.30361649394 -0.148599684238
    endloop
  endfacet
  facet normal -0.386649221182 0.32992580533 0.861191809177
    outer loop
      vertex 0.265996217728 -0.303246557713 -0.148455619812
      vertex 0.265994429588 -0.303470551968 -0.149042412639
      vertex 0.266697257757 -0.30361649394 -0.148599684238
    endloop
  endfacet
  facet normal -0.3946621418 0.328734397888 0.858006715775
    outer loop
      vertex 0.265055924654 -0.302898257971 -0.148675426841
      vertex 0.265994429588 -0.303470551968 -0.149042412639
      vertex 0.265996217728 -0.303246557713 -0.148455619812
    endloop
  endfacet
  facet normal -0.404878258705 0.307470589876 0.861124515533
    outer loop
      vertex 0.264521956444 -0.303111195564 -0.149974912405
      vertex 0.265994429588 -0.303470551968 -0.149042412639
      vertex 0.265055924654 -0.302898257971 -0.148675426841
    endloop
  endfacet
  facet normal -0.400198370218 0.297955751419 0.866639256477
    outer loop
      vertex 0.265994429588 -0.303470551968 -0.149042412639
      vertex 0.264521956444 -0.303111195564 -0.149974912405
      vertex 0.265926003456 -0.303791552782 -0.150067970157
    endloop
  endfacet
  facet normal -0.402986735106 0.283008635044 0.870349228382
    outer loop
      vertex 0.265532046556 -0.303967654705 -0.151170507073
      vertex 0.265926003456 -0.303791552782 -0.150067970157
      vertex 0.264521956444 -0.303111195564 -0.149974912405
    endloop
  endfacet
  facet normal -0.327828526497 0.262111186981 0.907648682594
    outer loop
      vertex 0.265926003456 -0.303791552782 -0.150067970157
      vertex 0.265532046556 -0.303967654705 -0.151170507073
      vertex 0.266818434 -0.304324477911 -0.150797218084
    endloop
  endfacet
  facet normal -0.277752071619 0.0396626740694 0.959833681583
    outer loop
      vertex 0.265532046556 -0.303967654705 -0.151170507073
      vertex 0.266986131668 -0.304405868053 -0.151592537761
      vertex 0.266818434 -0.304324477911 -0.150797218084
    endloop
  endfacet
  facet normal -0.250089526176 0.134007692337 0.958904147148
    outer loop
      vertex 0.266986131668 -0.304405868053 -0.151592537761
      vertex 0.265532046556 -0.303967654705 -0.151170507073
      vertex 0.264782726765 -0.304048120975 -0.153144717216
    endloop
  endfacet
  facet normal -0.510144710541 0.227438718081 0.829472124577
    outer loop
      vertex 0.264782726765 -0.304048120975 -0.153144717216
      vertex 0.265532046556 -0.303967654705 -0.151170507073
      vertex 0.26367688179 -0.303206413984 -0.152555391192
    endloop
  endfacet
  facet normal -0.458378732204 0.130827814341 0.879075109959
    outer loop
      vertex 0.265532046556 -0.303967654705 -0.151170507073
      vertex 0.263560831547 -0.302941441536 -0.151181593537
      vertex 0.26367688179 -0.303206413984 -0.152555391192
    endloop
  endfacet
  facet normal -0.449660271406 0.237008556724 0.861180901527
    outer loop
      vertex 0.263560831547 -0.302941441536 -0.151181593537
      vertex 0.265532046556 -0.303967654705 -0.151170507073
      vertex 0.264521956444 -0.303111195564 -0.149974912405
    endloop
  endfacet
  facet normal -0.470971137285 0.256390333176 0.844067633152
    outer loop
      vertex 0.263316631317 -0.302312046289 -0.149558112025
      vertex 0.263560831547 -0.302941441536 -0.151181593537
      vertex 0.264521956444 -0.303111195564 -0.149974912405
    endloop
  endfacet
  facet normal -0.426587879658 0.270432829857 0.863069415092
    outer loop
      vertex 0.263316631317 -0.302312046289 -0.149558112025
      vertex 0.262730509043 -0.302296340466 -0.150432571769
      vertex 0.263560831547 -0.302941441536 -0.151181593537
    endloop
  endfacet
  facet normal -0.456948965788 0.291189104319 0.840479969978
    outer loop
      vertex 0.262511223555 -0.301755964756 -0.149216964841
      vertex 0.262730509043 -0.302296340466 -0.150432571769
      vertex 0.263316631317 -0.302312046289 -0.149558112025
    endloop
  endfacet
  facet normal -0.530500471592 0.262587934732 0.805988073349
    outer loop
      vertex 0.262511223555 -0.301755964756 -0.149216964841
      vertex 0.260733753443 -0.3008441329 -0.150009125471
      vertex 0.262730509043 -0.302296340466 -0.150432571769
    endloop
  endfacet
  facet normal -0.530511081219 0.262638837099 0.805964529514
    outer loop
      vertex 0.262291610241 -0.301215291023 -0.148001343012
      vertex 0.260733753443 -0.3008441329 -0.150009125471
      vertex 0.262511223555 -0.301755964756 -0.149216964841
    endloop
  endfacet
  facet normal -0.281332999468 0.0410588234663 0.958731412888
    outer loop
      vertex 0.260733753443 -0.3008441329 -0.150009125471
      vertex 0.262291610241 -0.301215291023 -0.148001343012
      vertex 0.258568137884 -0.300127476454 -0.148113802075
    endloop
  endfacet
  facet normal -0.281396120787 0.0409809313715 0.958716213703
    outer loop
      vertex 0.258568137884 -0.300127476454 -0.148113802075
      vertex 0.25917583704 -0.300472676754 -0.152016609907
      vertex 0.260733753443 -0.3008441329 -0.150009125471
    endloop
  endfacet
  facet normal -0.124858677387 0.068108163774 0.98983412981
    outer loop
      vertex 0.258568137884 -0.300127476454 -0.148113802075
      vertex 0.25429302454 -0.29987937212 -0.152345359325
      vertex 0.25917583704 -0.300472676754 -0.152016609907
    endloop
  endfacet
  facet normal -0.0481630973518 -0.00990214850754 0.998790383339
    outer loop
      vertex 0.258568137884 -0.300127476454 -0.148113802075
      vertex 0.253826975822 -0.299910336733 -0.146955236793
      vertex 0.25429302454 -0.29987937212 -0.152345359325
    endloop
  endfacet
  facet normal 0.0202636960894 0.263672977686 0.964399278164
    outer loop
      vertex 0.253826975822 -0.299910336733 -0.146955236793
      vertex 0.258568137884 -0.300127476454 -0.148113802075
      vertex 0.258632987738 -0.299070835114 -0.144254058599
    endloop
  endfacet
  facet normal 0.014388628304 0.273322850466 0.961814761162
    outer loop
      vertex 0.25160112977 -0.298362821341 -0.1413923949
      vertex 0.253826975822 -0.299910336733 -0.146955236793
      vertex 0.258632987738 -0.299070835114 -0.144254058599
    endloop
  endfacet
  facet normal 0.151489377022 0.32071608305 0.934982419014
    outer loop
      vertex 0.2477876544 -0.299882143736 -0.144020393491
      vertex 0.253826975822 -0.299910336733 -0.146955236793
      vertex 0.25160112977 -0.298362821341 -0.1413923949
    endloop
  endfacet
  facet normal 0.068620570004 0.150680914521 0.98619800806
    outer loop
      vertex 0.245192721486 -0.300710380077 -0.148259416223
      vertex 0.253826975822 -0.299910336733 -0.146955236793
      vertex 0.2477876544 -0.299882143736 -0.144020393491
    endloop
  endfacet
  facet normal 0.0377436280251 0.328961521387 0.943588733673
    outer loop
      vertex 0.248332813382 -0.301746577024 -0.151591911912
      vertex 0.253826975822 -0.299910336733 -0.146955236793
      vertex 0.245192721486 -0.300710380077 -0.148259416223
    endloop
  endfacet
  facet normal 0.301255762577 0.0205713063478 0.953321456909
    outer loop
      vertex 0.253826975822 -0.299910336733 -0.146955236793
      vertex 0.248332813382 -0.301746577024 -0.151591911912
      vertex 0.25429302454 -0.29987937212 -0.152345359325
    endloop
  endfacet
  facet normal 0.258210659027 -0.261914134026 0.929907619953
    outer loop
      vertex 0.248332813382 -0.301746577024 -0.151591911912
      vertex 0.248287945986 -0.300572246313 -0.155805513263
      vertex 0.25429302454 -0.29987937212 -0.152345359325
    endloop
  endfacet
  facet normal 0.22656750679 -0.263724505901 0.937612175941
    outer loop
      vertex 0.248287945986 -0.300572246313 -0.155805513263
      vertex 0.248332813382 -0.301746577024 -0.151591911912
      vertex 0.243803709745 -0.301525354385 -0.156269401312
    endloop
  endfacet
  facet normal -0.185151562095 0.133229747415 0.973636865616
    outer loop
      vertex 0.243803709745 -0.301525354385 -0.156269401312
      vertex 0.248332813382 -0.301746577024 -0.151591911912
      vertex 0.241328731179 -0.300536513329 -0.152482509613
    endloop
  endfacet
  facet normal -0.184715598822 0.128896415234 0.974302768707
    outer loop
      vertex 0.245192721486 -0.300710380077 -0.148259416223
      vertex 0.241328731179 -0.300536513329 -0.152482509613
      vertex 0.248332813382 -0.301746577024 -0.151591911912
    endloop
  endfacet
  facet normal -0.269031196833 0.207432985306 0.940528452396
    outer loop
      vertex 0.241328731179 -0.300536513329 -0.152482509613
      vertex 0.245192721486 -0.300710380077 -0.148259416223
      vertex 0.240554109216 -0.299676626921 -0.149588316679
    endloop
  endfacet
  facet normal -0.273507267237 0.227728530765 0.934523105621
    outer loop
      vertex 0.240554109216 -0.299676626921 -0.149588316679
      vertex 0.245192721486 -0.300710380077 -0.148259416223
      vertex 0.241556048393 -0.299227625132 -0.146542415023
    endloop
  endfacet
  facet normal -0.22539113462 0.317911207676 0.920940458775
    outer loop
      vertex 0.245192721486 -0.300710380077 -0.148259416223
      vertex 0.2477876544 -0.299882143736 -0.144020393491
      vertex 0.241556048393 -0.299227625132 -0.146542415023
    endloop
  endfacet
  facet normal -0.164381712675 0.153286635876 0.974413573742
    outer loop
      vertex 0.241556048393 -0.299227625132 -0.146542415023
      vertex 0.2477876544 -0.299882143736 -0.144020393491
      vertex 0.242102235556 -0.298643946648 -0.142246365547
    endloop
  endfacet
  facet normal -0.165700629354 0.149332329631 0.974804162979
    outer loop
      vertex 0.2477876544 -0.299882143736 -0.144020393491
      vertex 0.247315078974 -0.299024254084 -0.138944685459
      vertex 0.242102235556 -0.298643946648 -0.142246365547
    endloop
  endfacet
  facet normal 0.251724898815 0.18402852118 0.950141072273
    outer loop
      vertex 0.2477876544 -0.299882143736 -0.144020393491
      vertex 0.25160112977 -0.298362821341 -0.1413923949
      vertex 0.247315078974 -0.299024254084 -0.138944685459
    endloop
  endfacet
  facet normal 0.472287237644 0.673256278038 0.56892067194
    outer loop
      vertex 0.25160112977 -0.298362821341 -0.1413923949
      vertex 0.249480560422 -0.295349150896 -0.137358188629
      vertex 0.247315078974 -0.299024254084 -0.138944685459
    endloop
  endfacet
  facet normal 0.354181617498 0.672007799149 0.650354444981
    outer loop
      vertex 0.25160112977 -0.298362821341 -0.1413923949
      vertex 0.252801120281 -0.29438072443 -0.138171076775
      vertex 0.249480560422 -0.295349150896 -0.137358188629
    endloop
  endfacet
  facet normal -0.0120495678857 0.779178440571 0.62668633461
    outer loop
      vertex 0.255262136459 -0.295948773623 -0.139394193888
      vertex 0.252801120281 -0.29438072443 -0.138171076775
      vertex 0.25160112977 -0.298362821341 -0.1413923949
    endloop
  endfacet
  facet normal 0.267336726189 0.917087972164 0.295771449804
    outer loop
      vertex 0.255262136459 -0.295948773623 -0.139394193888
      vertex 0.257482796907 -0.29244568944 -0.138911738992
      vertex 0.252801120281 -0.29438072443 -0.138171076775
    endloop
  endfacet
  facet normal 0.107207424939 0.973493754864 0.202030852437
    outer loop
      vertex 0.259525716305 -0.296503245831 -0.139978796244
      vertex 0.257482796907 -0.29244568944 -0.138911738992
      vertex 0.255262136459 -0.295948773623 -0.139394193888
    endloop
  endfacet
  facet normal -0.249106615782 0.898404836655 0.361683130264
    outer loop
      vertex 0.263105601072 -0.293768554926 -0.137885242701
      vertex 0.257482796907 -0.29244568944 -0.138911738992
      vertex 0.259525716305 -0.296503245831 -0.139978796244
    endloop
  endfacet
  facet normal 0.0302585326135 0.723299324512 -0.689871370792
    outer loop
      vertex 0.257482796907 -0.29244568944 -0.138911738992
      vertex 0.263105601072 -0.293768554926 -0.137885242701
      vertex 0.260059714317 -0.287057340145 -0.144158869982
    endloop
  endfacet
  facet normal -0.0158753506839 0.734013497829 -0.678949296474
    outer loop
      vertex 0.260059714317 -0.287057340145 -0.144158869982
      vertex 0.263105601072 -0.293768554926 -0.137885242701
      vertex 0.266137570143 -0.289952456951 -0.141349479556
    endloop
  endfacet
  facet normal -0.186266675591 0.649268448353 -0.737397551537
    outer loop
      vertex 0.26865118742 -0.292067438364 -0.138226300478
      vertex 0.266137570143 -0.289952456951 -0.141349479556
      vertex 0.263105601072 -0.293768554926 -0.137885242701
    endloop
  endfacet
  facet normal 0.149108067155 0.469366341829 -0.870322942734
    outer loop
      vertex 0.266137570143 -0.289952456951 -0.141349479556
      vertex 0.26865118742 -0.292067438364 -0.138226300478
      vertex 0.269621759653 -0.290835857391 -0.140818297863
    endloop
  endfacet
  facet normal 0.140219733119 0.467273384333 -0.872922718525
    outer loop
      vertex 0.26865118742 -0.292067438364 -0.138226300478
      vertex 0.270572394133 -0.291628211737 -0.139623343945
      vertex 0.269621759653 -0.290835857391 -0.140818297863
    endloop
  endfacet
  facet normal 0.1401925385 0.467242538929 -0.872943580151
    outer loop
      vertex 0.270572394133 -0.291628211737 -0.139623343945
      vertex 0.26865118742 -0.292067438364 -0.138226300478
      vertex 0.271523028612 -0.292420625687 -0.138428121805
    endloop
  endfacet
  facet normal 0.130244329572 0.778196752071 -0.614366531372
    outer loop
      vertex 0.26865118742 -0.292067438364 -0.138226300478
      vertex 0.270094752312 -0.294569969177 -0.136492222548
      vertex 0.271523028612 -0.292420625687 -0.138428121805
    endloop
  endfacet
  facet normal -0.194724962115 0.855225145817 -0.480283409357
    outer loop
      vertex 0.26865118742 -0.292067438364 -0.138226300478
      vertex 0.266965359449 -0.295130252838 -0.136890098453
      vertex 0.270094752312 -0.294569969177 -0.136492222548
    endloop
  endfacet
  facet normal -0.0780790746212 0.897310078144 -0.434440225363
    outer loop
      vertex 0.266965359449 -0.295130252838 -0.136890098453
      vertex 0.26865118742 -0.292067438364 -0.138226300478
      vertex 0.263105601072 -0.293768554926 -0.137885242701
    endloop
  endfacet
  facet normal -0.272874176502 0.959322035313 0.0723938345909
    outer loop
      vertex 0.266965359449 -0.295130252838 -0.136890098453
      vertex 0.263105601072 -0.293768554926 -0.137885242701
      vertex 0.265559732914 -0.297455221415 -0.137465387583
    endloop
  endfacet
  facet normal -0.636790037155 0.689350306988 0.345390468836
    outer loop
      vertex 0.265559732914 -0.297455221415 -0.137465387583
      vertex 0.263105601072 -0.293768554926 -0.137885242701
      vertex 0.262785613537 -0.297548770905 -0.140074834228
    endloop
  endfacet
  facet normal -0.131270617247 0.862612485886 0.488536298275
    outer loop
      vertex 0.259525716305 -0.296503245831 -0.139978796244
      vertex 0.262785613537 -0.297548770905 -0.140074834228
      vertex 0.263105601072 -0.293768554926 -0.137885242701
    endloop
  endfacet
  facet normal -0.240320980549 0.550008773804 0.799835085869
    outer loop
      vertex 0.262785613537 -0.297548770905 -0.140074834228
      vertex 0.259525716305 -0.296503245831 -0.139978796244
      vertex 0.261794179678 -0.299744963646 -0.143701791763
    endloop
  endfacet
  facet normal -0.26461532712 0.536510586739 0.80133330822
    outer loop
      vertex 0.261794179678 -0.299744963646 -0.143701791763
      vertex 0.259525716305 -0.296503245831 -0.139978796244
      vertex 0.258632987738 -0.299070835114 -0.144254058599
    endloop
  endfacet
  facet normal -0.0395535565913 0.520508050919 0.852940142155
    outer loop
      vertex 0.258632987738 -0.299070835114 -0.144254058599
      vertex 0.259525716305 -0.296503245831 -0.139978796244
      vertex 0.255262136459 -0.295948773623 -0.139394193888
    endloop
  endfacet
  facet normal 0.172457247972 0.614284276962 0.7700086236
    outer loop
      vertex 0.255262136459 -0.295948773623 -0.139394193888
      vertex 0.25160112977 -0.298362821341 -0.1413923949
      vertex 0.258632987738 -0.299070835114 -0.144254058599
    endloop
  endfacet
  facet normal -0.526681065559 0.582119941711 0.61947029829
    outer loop
      vertex 0.262785613537 -0.297548770905 -0.140074834228
      vertex 0.265981882811 -0.300128877163 -0.139928638935
      vertex 0.265559732914 -0.297455221415 -0.137465387583
    endloop
  endfacet
  facet normal -0.441559255123 0.624049961567 0.644660413265
    outer loop
      vertex 0.265559732914 -0.297455221415 -0.137465387583
      vertex 0.265981882811 -0.300128877163 -0.139928638935
      vertex 0.267437279224 -0.298893839121 -0.137623012066
    endloop
  endfacet
  facet normal -0.508122622967 0.633381962776 0.583642601967
    outer loop
      vertex 0.268102049828 -0.300225436687 -0.138316735625
      vertex 0.267437279224 -0.298893839121 -0.137623012066
      vertex 0.265981882811 -0.300128877163 -0.139928638935
    endloop
  endfacet
  facet normal -0.191982209682 0.827826440334 0.527111232281
    outer loop
      vertex 0.268102049828 -0.300225436687 -0.138316735625
      vertex 0.270110607147 -0.299207299948 -0.137202635407
      vertex 0.267437279224 -0.298893839121 -0.137623012066
    endloop
  endfacet
  facet normal -0.155493751168 0.80436706543 0.573424220085
    outer loop
      vertex 0.270332038403 -0.300391823053 -0.138004258275
      vertex 0.270110607147 -0.299207299948 -0.137202635407
      vertex 0.268102049828 -0.300225436687 -0.138316735625
    endloop
  endfacet
  facet normal -0.0342138633132 0.824711024761 0.564518451691
    outer loop
      vertex 0.271757394075 -0.299704194069 -0.137474447489
      vertex 0.270110607147 -0.299207299948 -0.137202635407
      vertex 0.270332038403 -0.300391823053 -0.138004258275
    endloop
  endfacet
  facet normal 0.120627008379 0.983063280582 0.137970075011
    outer loop
      vertex 0.271757394075 -0.299704194069 -0.137474447489
      vertex 0.271792590618 -0.297831565142 -0.137215942144
      vertex 0.270110607147 -0.299207299948 -0.137202635407
    endloop
  endfacet
  facet normal 0.294257462025 0.945983886719 0.136113896966
    outer loop
      vertex 0.272655576468 -0.29905590415 -0.137660548091
      vertex 0.271792590618 -0.297831565142 -0.137215942144
      vertex 0.271757394075 -0.299704194069 -0.137474447489
    endloop
  endfacet
  facet normal 0.294048786163 0.946025431156 0.136276081204
    outer loop
      vertex 0.273553729057 -0.298407584429 -0.137846335769
      vertex 0.271792590618 -0.297831565142 -0.137215942144
      vertex 0.272655576468 -0.29905590415 -0.137660548091
    endloop
  endfacet
  facet normal 0.317390948534 0.94606757164 0.0649544224143
    outer loop
      vertex 0.273553729057 -0.298407584429 -0.137846335769
      vertex 0.272901147604 -0.296784579754 -0.137515962124
      vertex 0.271792590618 -0.297831565142 -0.137215942144
    endloop
  endfacet
  facet normal 0.465359330177 0.885094583035 -0.00695160403848
    outer loop
      vertex 0.274395525455 -0.296812444925 -0.138301447034
      vertex 0.272901147604 -0.296784579754 -0.137515962124
      vertex 0.273553729057 -0.298407584429 -0.137846335769
    endloop
  endfacet
  facet normal 0.457015991211 0.861637949944 -0.220717906952
    outer loop
      vertex 0.273375332355 -0.294998854399 -0.13822491467
      vertex 0.272901147604 -0.296784579754 -0.137515962124
      vertex 0.274395525455 -0.296812444925 -0.138301447034
    endloop
  endfacet
  facet normal 0.55670183897 0.812155842781 -0.174602270126
    outer loop
      vertex 0.271827429533 -0.295958966017 -0.136957466602
      vertex 0.272901147604 -0.296784579754 -0.137515962124
      vertex 0.273375332355 -0.294998854399 -0.13822491467
    endloop
  endfacet
  facet normal 0.374519497156 0.917540848255 0.133618503809
    outer loop
      vertex 0.272901147604 -0.296784579754 -0.137515962124
      vertex 0.271827429533 -0.295958966017 -0.136957466602
      vertex 0.271792590618 -0.297831565142 -0.137215942144
    endloop
  endfacet
  facet normal 0.168253973126 0.976056516171 0.137856215239
    outer loop
      vertex 0.271827429533 -0.295958966017 -0.136957466602
      vertex 0.269319742918 -0.296812176704 -0.136645689607
      vertex 0.271792590618 -0.297831565142 -0.137215942144
    endloop
  endfacet
  facet normal 0.16373090446 0.978733420372 0.123584114015
    outer loop
      vertex 0.269319742918 -0.296812176704 -0.136645689607
      vertex 0.271827429533 -0.295958966017 -0.136957466602
      vertex 0.270094752312 -0.294569969177 -0.136492222548
    endloop
  endfacet
  facet normal 0.466507732868 0.83075428009 -0.303673952818
    outer loop
      vertex 0.271827429533 -0.295958966017 -0.136957466602
      vertex 0.272552371025 -0.293763548136 -0.138167068362
      vertex 0.270094752312 -0.294569969177 -0.136492222548
    endloop
  endfacet
  facet normal 0.49241155386 0.82076394558 -0.289615958929
    outer loop
      vertex 0.272552371025 -0.293763548136 -0.138167068362
      vertex 0.271827429533 -0.295958966017 -0.136957466602
      vertex 0.273375332355 -0.294998854399 -0.13822491467
    endloop
  endfacet
  facet normal 0.7448605299 0.469324290752 -0.474254727364
    outer loop
      vertex 0.273050010204 -0.293734401464 -0.138986289501
      vertex 0.272552371025 -0.293763548136 -0.138167068362
      vertex 0.273375332355 -0.294998854399 -0.13822491467
    endloop
  endfacet
  facet normal 0.684950649738 0.436806887388 -0.583131492138
    outer loop
      vertex 0.273050010204 -0.293734401464 -0.138986289501
      vertex 0.272384911776 -0.292776674032 -0.139221936464
      vertex 0.272552371025 -0.293763548136 -0.138167068362
    endloop
  endfacet
  facet normal 0.66880440712 0.466152667999 -0.57913929224
    outer loop
      vertex 0.273246586323 -0.293132781982 -0.140015766025
      vertex 0.272384911776 -0.292776674032 -0.139221936464
      vertex 0.273050010204 -0.293734401464 -0.138986289501
    endloop
  endfacet
  facet normal 0.617127120495 0.35479465127 -0.702335298061
    outer loop
      vertex 0.272384911776 -0.292776674032 -0.139221936464
      vertex 0.273246586323 -0.293132781982 -0.140015766025
      vertex 0.2720028162 -0.292043268681 -0.140009120107
    endloop
  endfacet
  facet normal 0.610780179501 0.379482597113 -0.69493919611
    outer loop
      vertex 0.2720028162 -0.292043268681 -0.140009120107
      vertex 0.273246586323 -0.293132781982 -0.140015766025
      vertex 0.272799164057 -0.291846305132 -0.141651555896
    endloop
  endfacet
  facet normal 0.599578559399 0.386958241463 -0.700548946857
    outer loop
      vertex 0.273246586323 -0.293132781982 -0.140015766025
      vertex 0.273977667093 -0.292382538319 -0.142506793141
      vertex 0.272799164057 -0.291846305132 -0.141651555896
    endloop
  endfacet
  facet normal 0.728234171867 0.384571939707 -0.567256033421
    outer loop
      vertex 0.273977667093 -0.292382538319 -0.142506793141
      vertex 0.273246586323 -0.293132781982 -0.140015766025
      vertex 0.275030165911 -0.294416427612 -0.14149980247
    endloop
  endfacet
  facet normal 0.733100771904 0.415024697781 -0.538811385632
    outer loop
      vertex 0.273848623037 -0.294276624918 -0.139594241977
      vertex 0.275030165911 -0.294416427612 -0.14149980247
      vertex 0.273246586323 -0.293132781982 -0.140015766025
    endloop
  endfacet
  facet normal 0.733039498329 0.414977908134 -0.53893083334
    outer loop
      vertex 0.27445062995 -0.295420229435 -0.139172419906
      vertex 0.275030165911 -0.294416427612 -0.14149980247
      vertex 0.273848623037 -0.294276624918 -0.139594241977
    endloop
  endfacet
  facet normal 0.758002579212 0.408176094294 -0.508747816086
    outer loop
      vertex 0.275563359261 -0.296340733767 -0.140091523528
      vertex 0.275030165911 -0.294416427612 -0.14149980247
      vertex 0.27445062995 -0.295420229435 -0.139172419906
    endloop
  endfacet
  facet normal 0.738257408142 0.430282175541 -0.519454777241
    outer loop
      vertex 0.275030165911 -0.294416427612 -0.14149980247
      vertex 0.275563359261 -0.296340733767 -0.140091523528
      vertex 0.276154190302 -0.296345859766 -0.141099050641
    endloop
  endfacet
  facet normal 0.856730520725 0.501792788506 -0.119234450161
    outer loop
      vertex 0.276154190302 -0.296345859766 -0.141099050641
      vertex 0.275563359261 -0.296340733767 -0.140091523528
      vertex 0.276042461395 -0.29688346386 -0.140780538321
    endloop
  endfacet
  facet normal 0.751684129238 0.641914784908 0.151381626725
    outer loop
      vertex 0.275563359261 -0.296340733767 -0.140091523528
      vertex 0.275257885456 -0.297043442726 -0.139899536967
      vertex 0.276042461395 -0.29688346386 -0.140780538321
    endloop
  endfacet
  facet normal 0.611184775829 0.789915144444 0.0498719550669
    outer loop
      vertex 0.274701535702 -0.296583145857 -0.139440000057
      vertex 0.275257885456 -0.297043442726 -0.139899536967
      vertex 0.275563359261 -0.296340733767 -0.140091523528
    endloop
  endfacet
  facet normal 0.6112870574 0.789848029613 0.0496812947094
    outer loop
      vertex 0.274952352047 -0.29774582386 -0.139707252383
      vertex 0.275257885456 -0.297043442726 -0.139899536967
      vertex 0.274701535702 -0.296583145857 -0.139440000057
    endloop
  endfacet
  facet normal 0.657362639904 0.749225199223 0.0808451473713
    outer loop
      vertex 0.274952352047 -0.29774582386 -0.139707252383
      vertex 0.275900453329 -0.297471523285 -0.1405095011
      vertex 0.275257885456 -0.297043442726 -0.139899536967
    endloop
  endfacet
  facet normal 0.57170432806 0.438545763493 0.693420350552
    outer loop
      vertex 0.27538177371 -0.298137128353 -0.140885770321
      vertex 0.275900453329 -0.297471523285 -0.1405095011
      vertex 0.274952352047 -0.29774582386 -0.139707252383
    endloop
  endfacet
  facet normal 0.722139239311 0.18408678472 0.666803538799
    outer loop
      vertex 0.275900453329 -0.297471523285 -0.1405095011
      vertex 0.27538177371 -0.298137128353 -0.140885770321
      vertex 0.275720179081 -0.297886669636 -0.141306042671
    endloop
  endfacet
  facet normal 0.690321266651 0.131902888417 0.711377680302
    outer loop
      vertex 0.275308430195 -0.29827812314 -0.141262367368
      vertex 0.275720179081 -0.297886669636 -0.141306042671
      vertex 0.27538177371 -0.298137128353 -0.140885770321
    endloop
  endfacet
  facet normal 0.691227138042 0.0903593376279 0.716965973377
    outer loop
      vertex 0.275308430195 -0.29827812314 -0.141262367368
      vertex 0.275571942329 -0.298063158989 -0.141572609544
      vertex 0.275720179081 -0.297886669636 -0.141306042671
    endloop
  endfacet
  facet normal 0.688251852989 0.0854364931583 0.720423460007
    outer loop
      vertex 0.275571942329 -0.298063158989 -0.141572609544
      vertex 0.275308430195 -0.29827812314 -0.141262367368
      vertex 0.275298923254 -0.298346459866 -0.141762033105
    endloop
  endfacet
  facet normal 0.802342891693 0.0658693760633 0.593217551708
    outer loop
      vertex 0.275171220303 -0.298491835594 -0.141515642405
      vertex 0.275298923254 -0.298346459866 -0.141762033105
      vertex 0.275308430195 -0.29827812314 -0.141262367368
    endloop
  endfacet
  facet normal -0.208948358893 0.41435110569 -0.885806798935
    outer loop
      vertex 0.275298923254 -0.298346459866 -0.141762033105
      vertex 0.275171220303 -0.298491835594 -0.141515642405
      vertex 0.275607526302 -0.298402458429 -0.141486689448
    endloop
  endfacet
  facet normal -0.210077643394 0.360905736685 -0.908633291721
    outer loop
      vertex 0.275607526302 -0.298402458429 -0.141486689448
      vertex 0.275171220303 -0.298491835594 -0.141515642405
      vertex 0.275550693274 -0.29873239994 -0.140689104795
    endloop
  endfacet
  facet normal -0.202577039599 0.358261197805 -0.911378860474
    outer loop
      vertex 0.275550693274 -0.29873239994 -0.140689104795
      vertex 0.275171220303 -0.298491835594 -0.141515642405
      vertex 0.274896770716 -0.298795163631 -0.140899196267
    endloop
  endfacet
  facet normal 0.802568614483 0.0655219256878 0.592950701714
    outer loop
      vertex 0.274896770716 -0.298795163631 -0.140899196267
      vertex 0.275171220303 -0.298491835594 -0.141515642405
      vertex 0.275308430195 -0.29827812314 -0.141262367368
    endloop
  endfacet
  facet normal 0.802609264851 0.0656697154045 0.592879295349
    outer loop
      vertex 0.275308430195 -0.29827812314 -0.141262367368
      vertex 0.27538177371 -0.298137128353 -0.140885770321
      vertex 0.274896770716 -0.298795163631 -0.140899196267
    endloop
  endfacet
  facet normal 0.791794717312 0.168758288026 0.587010860443
    outer loop
      vertex 0.27538177371 -0.298137128353 -0.140885770321
      vertex 0.274838328362 -0.298598349094 -0.139940321445
      vertex 0.274896770716 -0.298795163631 -0.140899196267
    endloop
  endfacet
  facet normal 0.888054430485 0.399255752563 0.22793456912
    outer loop
      vertex 0.274838328362 -0.298598349094 -0.139940321445
      vertex 0.27538177371 -0.298137128353 -0.140885770321
      vertex 0.274952352047 -0.29774582386 -0.139707252383
    endloop
  endfacet
  facet normal 0.831794679165 0.497031360865 0.247138425708
    outer loop
      vertex 0.274838328362 -0.298598349094 -0.139940321445
      vertex 0.274952352047 -0.29774582386 -0.139707252383
      vertex 0.274360716343 -0.298301845789 -0.13899359107
    endloop
  endfacet
  facet normal 0.832071661949 0.495319783688 0.249629914761
    outer loop
      vertex 0.274952352047 -0.29774582386 -0.139707252383
      vertex 0.274395525455 -0.296812444925 -0.138301447034
      vertex 0.274360716343 -0.298301845789 -0.13899359107
    endloop
  endfacet
  facet normal 0.948861598969 0.283138900995 -0.139621004462
    outer loop
      vertex 0.274395525455 -0.296812444925 -0.138301447034
      vertex 0.274952352047 -0.29774582386 -0.139707252383
      vertex 0.274701535702 -0.296583145857 -0.139440000057
    endloop
  endfacet
  facet normal 0.948869943619 0.283132374287 -0.13957759738
    outer loop
      vertex 0.274701535702 -0.296583145857 -0.139440000057
      vertex 0.27445062995 -0.295420229435 -0.139172419906
      vertex 0.274395525455 -0.296812444925 -0.138301447034
    endloop
  endfacet
  facet normal 0.611186802387 0.789912700653 0.0498858094215
    outer loop
      vertex 0.274701535702 -0.296583145857 -0.139440000057
      vertex 0.275563359261 -0.296340733767 -0.140091523528
      vertex 0.27445062995 -0.295420229435 -0.139172419906
    endloop
  endfacet
  facet normal 0.692053198814 0.623956561089 -0.362960875034
    outer loop
      vertex 0.27445062995 -0.295420229435 -0.139172419906
      vertex 0.273375332355 -0.294998854399 -0.13822491467
      vertex 0.274395525455 -0.296812444925 -0.138301447034
    endloop
  endfacet
  facet normal 0.665509641171 0.514980912209 -0.540269911289
    outer loop
      vertex 0.273375332355 -0.294998854399 -0.13822491467
      vertex 0.27445062995 -0.295420229435 -0.139172419906
      vertex 0.273848623037 -0.294276624918 -0.139594241977
    endloop
  endfacet
  facet normal 0.713793516159 0.50348341465 -0.48682975769
    outer loop
      vertex 0.273050010204 -0.293734401464 -0.138986289501
      vertex 0.273375332355 -0.294998854399 -0.13822491467
      vertex 0.273848623037 -0.294276624918 -0.139594241977
    endloop
  endfacet
  facet normal 0.710298955441 0.451308965683 -0.540181100368
    outer loop
      vertex 0.273246586323 -0.293132781982 -0.140015766025
      vertex 0.273050010204 -0.293734401464 -0.138986289501
      vertex 0.273848623037 -0.294276624918 -0.139594241977
    endloop
  endfacet
  facet normal 0.799366891384 0.537523925304 0.26847833395
    outer loop
      vertex 0.274360716343 -0.298301845789 -0.13899359107
      vertex 0.274395525455 -0.296812444925 -0.138301447034
      vertex 0.273553729057 -0.298407584429 -0.137846335769
    endloop
  endfacet
  facet normal 0.626115739346 0.377525538206 0.682241559029
    outer loop
      vertex 0.274360716343 -0.298301845789 -0.13899359107
      vertex 0.273553729057 -0.298407584429 -0.137846335769
      vertex 0.27380669117 -0.298850148916 -0.139065608382
    endloop
  endfacet
  facet normal 0.76252001524 0.354603111744 0.541128337383
    outer loop
      vertex 0.273553729057 -0.298407584429 -0.137846335769
      vertex 0.273078799248 -0.299569785595 -0.138598576188
      vertex 0.27380669117 -0.298850148916 -0.139065608382
    endloop
  endfacet
  facet normal 0.55278044939 0.578171670437 0.600126028061
    outer loop
      vertex 0.272655576468 -0.29905590415 -0.137660548091
      vertex 0.273078799248 -0.299569785595 -0.138598576188
      vertex 0.273553729057 -0.298407584429 -0.137846335769
    endloop
  endfacet
  facet normal 0.655089735985 0.568314254284 0.497871816158
    outer loop
      vertex 0.272655576468 -0.29905590415 -0.137660548091
      vertex 0.272412091494 -0.300112485886 -0.13830550015
      vertex 0.273078799248 -0.299569785595 -0.138598576188
    endloop
  endfacet
  facet normal 0.520685911179 0.670090556145 0.52902251482
    outer loop
      vertex 0.272412091494 -0.300112485886 -0.13830550015
      vertex 0.272655576468 -0.29905590415 -0.137660548091
      vertex 0.271757394075 -0.299704194069 -0.137474447489
    endloop
  endfacet
  facet normal 0.317234188318 0.607628822327 0.728113770485
    outer loop
      vertex 0.271719872952 -0.300718724728 -0.138670548797
      vertex 0.272412091494 -0.300112485886 -0.13830550015
      vertex 0.271757394075 -0.299704194069 -0.137474447489
    endloop
  endfacet
  facet normal 0.45645019412 0.428987145424 0.779501914978
    outer loop
      vertex 0.272337526083 -0.300700694323 -0.139294996858
      vertex 0.272412091494 -0.300112485886 -0.13830550015
      vertex 0.271719872952 -0.300718724728 -0.138670548797
    endloop
  endfacet
  facet normal 0.556129693985 0.393320411444 0.732133090496
    outer loop
      vertex 0.272412091494 -0.300112485886 -0.13830550015
      vertex 0.272337526083 -0.300700694323 -0.139294996858
      vertex 0.272943139076 -0.300208747387 -0.139235585928
    endloop
  endfacet
  facet normal 0.585873425007 0.290930271149 0.756380796432
    outer loop
      vertex 0.272337526083 -0.300700694323 -0.139294996858
      vertex 0.272686213255 -0.300601273775 -0.139738678932
      vertex 0.272943139076 -0.300208747387 -0.139235585928
    endloop
  endfacet
  facet normal 0.503059029579 0.357125759125 0.787015140057
    outer loop
      vertex 0.272686213255 -0.300601273775 -0.139738678932
      vertex 0.273100227118 -0.300289511681 -0.13963483274
      vertex 0.272943139076 -0.300208747387 -0.139235585928
    endloop
  endfacet
  facet normal 0.788192749023 0.404016673565 0.464244246483
    outer loop
      vertex 0.273100227118 -0.300289511681 -0.13963483274
      vertex 0.273338854313 -0.299782365561 -0.139517620206
      vertex 0.272943139076 -0.300208747387 -0.139235585928
    endloop
  endfacet
  facet normal 0.851439476013 0.253375828266 0.45918571949
    outer loop
      vertex 0.273478299379 -0.299834787846 -0.140081167221
      vertex 0.273338854313 -0.299782365561 -0.139517620206
      vertex 0.273100227118 -0.300289511681 -0.13963483274
    endloop
  endfacet
  facet normal 0.795246601105 0.248213246465 0.553148269653
    outer loop
      vertex 0.273478299379 -0.299834787846 -0.140081167221
      vertex 0.273617953062 -0.299482613802 -0.139743804932
      vertex 0.273338854313 -0.299782365561 -0.139517620206
    endloop
  endfacet
  facet normal 0.560137748718 0.47592279315 0.678043663502
    outer loop
      vertex 0.273617953062 -0.299482613802 -0.139743804932
      vertex 0.273478299379 -0.299834787846 -0.140081167221
      vertex 0.273838639259 -0.299545556307 -0.140093207359
    endloop
  endfacet
  facet normal -0.587110340595 0.317482233047 -0.744651913643
    outer loop
      vertex 0.273478299379 -0.299834787846 -0.140081167221
      vertex 0.273968994617 -0.299619793892 -0.139677971601
      vertex 0.273838639259 -0.299545556307 -0.140093207359
    endloop
  endfacet
  facet normal -0.556452870369 0.255691975355 -0.790557920933
    outer loop
      vertex 0.273478299379 -0.299834787846 -0.140081167221
      vertex 0.273609429598 -0.299970626831 -0.139375805855
      vertex 0.273968994617 -0.299619793892 -0.139677971601
    endloop
  endfacet
  facet normal -0.603569567204 0.257521986961 -0.754576802254
    outer loop
      vertex 0.273609429598 -0.299970626831 -0.139375805855
      vertex 0.273478299379 -0.299834787846 -0.140081167221
      vertex 0.273100227118 -0.300289511681 -0.13963483274
    endloop
  endfacet
  facet normal -0.521275997162 0.305040925741 -0.797007799149
    outer loop
      vertex 0.273968994617 -0.299619793892 -0.139677971601
      vertex 0.273609429598 -0.299970626831 -0.139375805855
      vertex 0.274099081755 -0.299693763256 -0.139262422919
    endloop
  endfacet
  facet normal -0.518239736557 0.220050185919 -0.826441466808
    outer loop
      vertex 0.274099081755 -0.299693763256 -0.139262422919
      vertex 0.273609429598 -0.299970626831 -0.139375805855
      vertex 0.274016201496 -0.299969255924 -0.138422951102
    endloop
  endfacet
  facet normal -0.318085640669 0.267117917538 -0.909653544426
    outer loop
      vertex 0.274099081755 -0.299693763256 -0.139262422919
      vertex 0.274016201496 -0.299969255924 -0.138422951102
      vertex 0.275055170059 -0.299410372972 -0.139088973403
    endloop
  endfacet
  facet normal -0.0353384166956 0.609475851059 -0.792016685009
    outer loop
      vertex 0.275055170059 -0.299410372972 -0.139088973403
      vertex 0.274016201496 -0.299969255924 -0.138422951102
      vertex 0.275257706642 -0.300370037556 -0.137830138206
    endloop
  endfacet
  facet normal -0.292255729437 0.874213695526 -0.387733161449
    outer loop
      vertex 0.274199008942 -0.300960481167 -0.13792219758
      vertex 0.275257706642 -0.300370037556 -0.137830138206
      vertex 0.274016201496 -0.299969255924 -0.138422951102
    endloop
  endfacet
  facet normal -0.337063223124 0.81116938591 -0.47790440917
    outer loop
      vertex 0.275257706642 -0.300370037556 -0.137830138206
      vertex 0.274199008942 -0.300960481167 -0.13792219758
      vertex 0.275592416525 -0.301694333553 -0.136910840869
    endloop
  endfacet
  facet normal 0.0707514882088 0.810949087143 -0.580823421478
    outer loop
      vertex 0.277125805616 -0.301413923502 -0.137245461345
      vertex 0.275257706642 -0.300370037556 -0.137830138206
      vertex 0.275592416525 -0.301694333553 -0.136910840869
    endloop
  endfacet
  facet normal 0.131431534886 0.745889663696 -0.652973473072
    outer loop
      vertex 0.275257706642 -0.300370037556 -0.137830138206
      vertex 0.277125805616 -0.301413923502 -0.137245461345
      vertex 0.276606529951 -0.299136698246 -0.139147520065
    endloop
  endfacet
  facet normal 0.434304267168 0.640146255493 -0.633713304996
    outer loop
      vertex 0.277125805616 -0.301413923502 -0.137245461345
      vertex 0.278876692057 -0.300971895456 -0.138870924711
      vertex 0.276606529951 -0.299136698246 -0.139147520065
    endloop
  endfacet
  facet normal 0.602670490742 0.73419302702 -0.312648177147
    outer loop
      vertex 0.280037164688 -0.305021464825 -0.138099059463
      vertex 0.278876692057 -0.300971895456 -0.138870924711
      vertex 0.277125805616 -0.301413923502 -0.137245461345
    endloop
  endfacet
  facet normal 0.592224657536 0.743182241917 -0.311368107796
    outer loop
      vertex 0.281955093145 -0.302382558584 -0.140733018517
      vertex 0.278876692057 -0.300971895456 -0.138870924711
      vertex 0.280037164688 -0.305021464825 -0.138099059463
    endloop
  endfacet
  facet normal 0.604476213455 0.628484904766 -0.489505052567
    outer loop
      vertex 0.278876692057 -0.300971895456 -0.138870924711
      vertex 0.281955093145 -0.302382558584 -0.140733018517
      vertex 0.280158907175 -0.299747735262 -0.141057610512
    endloop
  endfacet
  facet normal 0.742058217525 0.379431009293 -0.55261349678
    outer loop
      vertex 0.282582312822 -0.301123827696 -0.143792957067
      vertex 0.280158907175 -0.299747735262 -0.141057610512
      vertex 0.281955093145 -0.302382558584 -0.140733018517
    endloop
  endfacet
  facet normal 0.712828397751 0.316747605801 -0.625736832619
    outer loop
      vertex 0.280158907175 -0.299747735262 -0.141057610512
      vertex 0.282582312822 -0.301123827696 -0.143792957067
      vertex 0.280776798725 -0.298829078674 -0.144262999296
    endloop
  endfacet
  facet normal 0.774414658546 0.0856428146362 -0.626855075359
    outer loop
      vertex 0.282582312822 -0.301123827696 -0.143792957067
      vertex 0.281550049782 -0.299293398857 -0.147856414318
      vertex 0.280776798725 -0.298829078674 -0.144262999296
    endloop
  endfacet
  facet normal 0.684723973274 0.147552415729 -0.713709592819
    outer loop
      vertex 0.281550049782 -0.299293398857 -0.147856414318
      vertex 0.282582312822 -0.301123827696 -0.143792957067
      vertex 0.283499628305 -0.30120792985 -0.147643014789
    endloop
  endfacet
  facet normal 0.694077789783 0.149990946054 -0.704101383686
    outer loop
      vertex 0.282582312822 -0.301123827696 -0.143792957067
      vertex 0.285993218422 -0.304513186216 -0.143666163087
      vertex 0.283499628305 -0.30120792985 -0.147643014789
    endloop
  endfacet
  facet normal 0.638119697571 0.401140719652 -0.6571829319
    outer loop
      vertex 0.285993218422 -0.304513186216 -0.143666163087
      vertex 0.282582312822 -0.301123827696 -0.143792957067
      vertex 0.281955093145 -0.302382558584 -0.140733018517
    endloop
  endfacet
  facet normal 0.661891222 0.676100373268 -0.323710173368
    outer loop
      vertex 0.283057451248 -0.306757032871 -0.139717757702
      vertex 0.285993218422 -0.304513186216 -0.143666163087
      vertex 0.281955093145 -0.302382558584 -0.140733018517
    endloop
  endfacet
  facet normal 0.304239034653 0.631509542465 -0.71318602562
    outer loop
      vertex 0.285993218422 -0.304513186216 -0.143666163087
      vertex 0.283057451248 -0.306757032871 -0.139717757702
      vertex 0.287700355053 -0.309231132269 -0.139160454273
    endloop
  endfacet
  facet normal -0.0942593589425 0.994432270527 -0.0471134856343
    outer loop
      vertex 0.283057451248 -0.306757032871 -0.139717757702
      vertex 0.282365053892 -0.312477678061 -0.139512360096
      vertex 0.287700355053 -0.309231132269 -0.139160454273
    endloop
  endfacet
  facet normal 0.496686935425 0.867446184158 0.0289699342102
    outer loop
      vertex 0.279293179512 -0.307808369398 -0.137597501278
      vertex 0.282365053892 -0.312477678061 -0.139512360096
      vertex 0.283057451248 -0.306757032871 -0.139717757702
    endloop
  endfacet
  facet normal 0.484629869461 0.874272167683 -0.0279660783708
    outer loop
      vertex 0.280037164688 -0.305021464825 -0.138099059463
      vertex 0.279293179512 -0.307808369398 -0.137597501278
      vertex 0.283057451248 -0.306757032871 -0.139717757702
    endloop
  endfacet
  facet normal 0.460791796446 0.886754274368 -0.0365762747824
    outer loop
      vertex 0.280037164688 -0.305021464825 -0.138099059463
      vertex 0.276491224766 -0.304564028978 -0.136275321245
      vertex 0.279293179512 -0.307808369398 -0.137597501278
    endloop
  endfacet
  facet normal 0.468024015427 0.866689562798 -0.172634765506
    outer loop
      vertex 0.276491224766 -0.304564028978 -0.136275321245
      vertex 0.280037164688 -0.305021464825 -0.138099059463
      vertex 0.277125805616 -0.301413923502 -0.137245461345
    endloop
  endfacet
  facet normal 0.16002613306 0.951995551586 -0.26095238328
    outer loop
      vertex 0.277125805616 -0.301413923502 -0.137245461345
      vertex 0.275592416525 -0.301694333553 -0.136910840869
      vertex 0.276491224766 -0.304564028978 -0.136275321245
    endloop
  endfacet
  facet normal 0.583859860897 0.746011853218 -0.320271790028
    outer loop
      vertex 0.280037164688 -0.305021464825 -0.138099059463
      vertex 0.283057451248 -0.306757032871 -0.139717757702
      vertex 0.281955093145 -0.302382558584 -0.140733018517
    endloop
  endfacet
  facet normal 0.111001200974 0.951900064945 0.285595953465
    outer loop
      vertex 0.285659939051 -0.316952049732 -0.141239002347
      vertex 0.287700355053 -0.309231132269 -0.139160454273
      vertex 0.282365053892 -0.312477678061 -0.139512360096
    endloop
  endfacet
  facet normal -0.36370703578 0.919139623642 0.151325777173
    outer loop
      vertex 0.285659939051 -0.316952049732 -0.141239002347
      vertex 0.291318535805 -0.313058197498 -0.138358816504
      vertex 0.287700355053 -0.309231132269 -0.139160454273
    endloop
  endfacet
  facet normal -0.056688901037 0.840290725231 0.539164066315
    outer loop
      vertex 0.291318535805 -0.313058197498 -0.138358816504
      vertex 0.285659939051 -0.316952049732 -0.141239002347
      vertex 0.290807068348 -0.31806614995 -0.141606613994
    endloop
  endfacet
  facet normal -0.197464331985 0.164198413491 0.966460943222
    outer loop
      vertex 0.285659939051 -0.316952049732 -0.141239002347
      vertex 0.285316497087 -0.317901402712 -0.147239848971
      vertex 0.290807068348 -0.31806614995 -0.141606613994
    endloop
  endfacet
  facet normal -0.42390397191 0.165144249797 0.890523910522
    outer loop
      vertex 0.285316497087 -0.317901402712 -0.147239848971
      vertex 0.285659939051 -0.316952049732 -0.141239002347
      vertex 0.282365500927 -0.315822452307 -0.14360421896
    endloop
  endfacet
  facet normal -0.584209918976 0.513615012169 0.628409385681
    outer loop
      vertex 0.282365500927 -0.315822452307 -0.14360421896
      vertex 0.285659939051 -0.316952049732 -0.141239002347
      vertex 0.282365053892 -0.312477678061 -0.139512360096
    endloop
  endfacet
  facet normal -0.626419067383 -0.0642470046878 0.776834249496
    outer loop
      vertex 0.282365500927 -0.315822452307 -0.14360421896
      vertex 0.281394988298 -0.314575493336 -0.149219036102
      vertex 0.285316497087 -0.317901402712 -0.147239848971
    endloop
  endfacet
  facet normal -0.201662451029 -0.179000660777 0.962959527969
    outer loop
      vertex 0.282365500927 -0.315822452307 -0.14360421896
      vertex 0.279071062803 -0.314692884684 -0.145969375968
      vertex 0.281394988298 -0.314575493336 -0.149219036102
    endloop
  endfacet
  facet normal -0.482832938433 -0.373970746994 0.791844844818
    outer loop
      vertex 0.285316497087 -0.317901402712 -0.147239848971
      vertex 0.281394988298 -0.314575493336 -0.149219036102
      vertex 0.283718913794 -0.314457803965 -0.152468666434
    endloop
  endfacet
  facet normal -0.555355012417 -0.423085451126 0.715946614742
    outer loop
      vertex 0.281394988298 -0.314575493336 -0.149219036102
      vertex 0.280628293753 -0.311337351799 -0.153692275286
      vertex 0.283718913794 -0.314457803965 -0.152468666434
    endloop
  endfacet
  facet normal 0.130461871624 -0.960123300552 0.247270956635
    outer loop
      vertex 0.280628293753 -0.311337351799 -0.153692275286
      vertex 0.286998867989 -0.309493094683 -0.153301611543
      vertex 0.283718913794 -0.314457803965 -0.152468666434
    endloop
  endfacet
  facet normal 0.0567443296313 -0.998269200325 -0.0154491523281
    outer loop
      vertex 0.282898187637 -0.306356966496 -0.153486162424
      vertex 0.286998867989 -0.309493094683 -0.153301611543
      vertex 0.280628293753 -0.311337351799 -0.153692275286
    endloop
  endfacet
  facet normal 0.494152724743 -0.619780123234 -0.609660327435
    outer loop
      vertex 0.286998867989 -0.309493094683 -0.153301611543
      vertex 0.282898187637 -0.306356966496 -0.153486162424
      vertex 0.286977857351 -0.30544552207 -0.149336859584
    endloop
  endfacet
  facet normal 0.58037173748 -0.671753227711 -0.460343629122
    outer loop
      vertex 0.286977857351 -0.30544552207 -0.149336859584
      vertex 0.282898187637 -0.306356966496 -0.153486162424
      vertex 0.283226758242 -0.303529292345 -0.151264518499
    endloop
  endfacet
  facet normal 0.662733078003 -0.624331772327 -0.413515090942
    outer loop
      vertex 0.282898187637 -0.306356966496 -0.153486162424
      vertex 0.281298696995 -0.302729338408 -0.1527813375
      vertex 0.283226758242 -0.303529292345 -0.151264518499
    endloop
  endfacet
  facet normal 0.558161973953 -0.733134567738 -0.388547241688
    outer loop
      vertex 0.281298696995 -0.302729338408 -0.1527813375
      vertex 0.282898187637 -0.306356966496 -0.153486162424
      vertex 0.279856979847 -0.304414778948 -0.154772207141
    endloop
  endfacet
  facet normal 0.409489840269 -0.911538898945 -0.0376149527729
    outer loop
      vertex 0.282898187637 -0.306356966496 -0.153486162424
      vertex 0.279685825109 -0.306893467903 -0.154951393604
      vertex 0.279856979847 -0.304414778948 -0.154772207141
    endloop
  endfacet
  facet normal 0.431639045477 -0.887745201588 0.159987986088
    outer loop
      vertex 0.282898187637 -0.306356966496 -0.153486162424
      vertex 0.280628293753 -0.311337351799 -0.153692275286
      vertex 0.279685825109 -0.306893467903 -0.154951393604
    endloop
  endfacet
  facet normal 0.450800955296 -0.879320681095 0.153537020087
    outer loop
      vertex 0.277607411146 -0.308826386929 -0.155679419637
      vertex 0.279685825109 -0.306893467903 -0.154951393604
      vertex 0.280628293753 -0.311337351799 -0.153692275286
    endloop
  endfacet
  facet normal 0.443119853735 -0.884958565235 0.143154293299
    outer loop
      vertex 0.276973009109 -0.307317465544 -0.156241163611
      vertex 0.279685825109 -0.306893467903 -0.154951393604
      vertex 0.277607411146 -0.308826386929 -0.155679419637
    endloop
  endfacet
  facet normal 0.439466893673 -0.893276154995 0.0944805517793
    outer loop
      vertex 0.277297645807 -0.305211961269 -0.156304165721
      vertex 0.279685825109 -0.306893467903 -0.154951393604
      vertex 0.276973009109 -0.307317465544 -0.156241163611
    endloop
  endfacet
  facet normal 0.507139146328 -0.861433327198 -0.0272493641824
    outer loop
      vertex 0.279685825109 -0.306893467903 -0.154951393604
      vertex 0.277297645807 -0.305211961269 -0.156304165721
      vertex 0.279856979847 -0.304414778948 -0.154772207141
    endloop
  endfacet
  facet normal 0.47984534502 -0.868031144142 -0.12755535543
    outer loop
      vertex 0.279856979847 -0.304414778948 -0.154772207141
      vertex 0.277297645807 -0.305211961269 -0.156304165721
      vertex 0.27765250206 -0.303144395351 -0.155804172158
    endloop
  endfacet
  facet normal 0.533166110516 -0.838657319546 -0.11130040884
    outer loop
      vertex 0.277297645807 -0.305211961269 -0.156304165721
      vertex 0.276100307703 -0.303784191608 -0.156875863671
      vertex 0.27765250206 -0.303144395351 -0.155804172158
    endloop
  endfacet
  facet normal 0.419220507145 -0.907805919647 0.0119415931404
    outer loop
      vertex 0.277297645807 -0.305211961269 -0.156304165721
      vertex 0.275045156479 -0.304881751537 -0.157348692417
      vertex 0.276100307703 -0.303784191608 -0.156875863671
    endloop
  endfacet
  facet normal 0.427701503038 -0.901523053646 -0.0657843276858
    outer loop
      vertex 0.275045156479 -0.304881751537 -0.157348692417
      vertex 0.277297645807 -0.305211961269 -0.156304165721
      vertex 0.275378525257 -0.306404739618 -0.157301664352
    endloop
  endfacet
  facet normal 0.508827805519 -0.854561269283 0.104016013443
    outer loop
      vertex 0.275378525257 -0.306404739618 -0.157301664352
      vertex 0.277297645807 -0.305211961269 -0.156304165721
      vertex 0.276973009109 -0.307317465544 -0.156241163611
    endloop
  endfacet
  facet normal 0.414113402367 -0.865412116051 0.282084971666
    outer loop
      vertex 0.274940192699 -0.308151781559 -0.156941950321
      vertex 0.275378525257 -0.306404739618 -0.157301664352
      vertex 0.276973009109 -0.307317465544 -0.156241163611
    endloop
  endfacet
  facet normal 0.105978950858 -0.968352198601 0.225970104337
    outer loop
      vertex 0.272602170706 -0.307515054941 -0.157346412539
      vertex 0.275378525257 -0.306404739618 -0.157301664352
      vertex 0.274940192699 -0.308151781559 -0.156941950321
    endloop
  endfacet
  facet normal 0.137062832713 -0.942522764206 0.304736882448
    outer loop
      vertex 0.272923856974 -0.305684655905 -0.157891437411
      vertex 0.275378525257 -0.306404739618 -0.157301664352
      vertex 0.272602170706 -0.307515054941 -0.157346412539
    endloop
  endfacet
  facet normal 0.239801973104 -0.970560491085 -0.0225231852382
    outer loop
      vertex 0.275378525257 -0.306404739618 -0.157301664352
      vertex 0.272923856974 -0.305684655905 -0.157891437411
      vertex 0.275045156479 -0.304881751537 -0.157348692417
    endloop
  endfacet
  facet normal 0.139729768038 -0.951512813568 -0.274041801691
    outer loop
      vertex 0.272923856974 -0.305684655905 -0.157891437411
      vertex 0.273788362741 -0.304262012243 -0.15735475719
      vertex 0.275045156479 -0.304881751537 -0.157348692417
    endloop
  endfacet
  facet normal -0.0951388329268 -0.910925030708 -0.401452571154
    outer loop
      vertex 0.273788362741 -0.304262012243 -0.15735475719
      vertex 0.272923856974 -0.305684655905 -0.157891437411
      vertex 0.272414952517 -0.304177820683 -0.157174214721
    endloop
  endfacet
  facet normal -0.398260235786 -0.873140633106 -0.281094670296
    outer loop
      vertex 0.272923856974 -0.305684655905 -0.157891437411
      vertex 0.271501302719 -0.304854422808 -0.15697529912
      vertex 0.272414952517 -0.304177820683 -0.157174214721
    endloop
  endfacet
  facet normal -0.424114882946 -0.873880684376 -0.237611174583
    outer loop
      vertex 0.271922469139 -0.306279093027 -0.157567068934
      vertex 0.271501302719 -0.304854422808 -0.15697529912
      vertex 0.272923856974 -0.305684655905 -0.157891437411
    endloop
  endfacet
  facet normal -0.378186136484 -0.88918286562 -0.257544279099
    outer loop
      vertex 0.271501302719 -0.304854422808 -0.15697529912
      vertex 0.271922469139 -0.306279093027 -0.157567068934
      vertex 0.270922601223 -0.30570012331 -0.156974121928
    endloop
  endfacet
  facet normal -0.597108364105 -0.761927127838 0.250855863094
    outer loop
      vertex 0.271922469139 -0.306279093027 -0.157567068934
      vertex 0.271037966013 -0.307569414377 -0.156449094415
      vertex 0.270922601223 -0.30570012331 -0.156974121928
    endloop
  endfacet
  facet normal -0.447967588902 -0.8045104146 0.389984697104
    outer loop
      vertex 0.271037966013 -0.307569414377 -0.156449094415
      vertex 0.271922469139 -0.306279093027 -0.157567068934
      vertex 0.272602170706 -0.307515054941 -0.157346412539
    endloop
  endfacet
  facet normal -0.156709477305 -0.953767597675 0.256455719471
    outer loop
      vertex 0.272602170706 -0.307515054941 -0.157346412539
      vertex 0.271922469139 -0.306279093027 -0.157567068934
      vertex 0.272923856974 -0.305684655905 -0.157891437411
    endloop
  endfacet
  facet normal -0.420441865921 -0.762676775455 0.491480141878
    outer loop
      vertex 0.27319958806 -0.309130936861 -0.15663446486
      vertex 0.271037966013 -0.307569414377 -0.156449094415
      vertex 0.272602170706 -0.307515054941 -0.157346412539
    endloop
  endfacet
  facet normal -0.459322661161 -0.694853484631 0.553354561329
    outer loop
      vertex 0.271037966013 -0.307569414377 -0.156449094415
      vertex 0.27319958806 -0.309130936861 -0.15663446486
      vertex 0.271246165037 -0.309436053038 -0.155100181699
    endloop
  endfacet
  facet normal -0.398615002632 -0.638450086117 0.658397734165
    outer loop
      vertex 0.271246165037 -0.309436053038 -0.155100181699
      vertex 0.27319958806 -0.309130936861 -0.15663446486
      vertex 0.273885577917 -0.310326695442 -0.155829623342
    endloop
  endfacet
  facet normal 0.130641326308 -0.855577170849 0.500919699669
    outer loop
      vertex 0.27319958806 -0.309130936861 -0.15663446486
      vertex 0.274940192699 -0.308151781559 -0.156941950321
      vertex 0.273885577917 -0.310326695442 -0.155829623342
    endloop
  endfacet
  facet normal 0.0542820692062 -0.921014130116 0.385728418827
    outer loop
      vertex 0.274940192699 -0.308151781559 -0.156941950321
      vertex 0.27319958806 -0.309130936861 -0.15663446486
      vertex 0.272602170706 -0.307515054941 -0.157346412539
    endloop
  endfacet
  facet normal 0.247763052583 -0.808580338955 0.533677101135
    outer loop
      vertex 0.273885577917 -0.310326695442 -0.155829623342
      vertex 0.274940192699 -0.308151781559 -0.156941950321
      vertex 0.277607411146 -0.308826386929 -0.155679419637
    endloop
  endfacet
  facet normal 0.384527951479 -0.906236410141 0.175709590316
    outer loop
      vertex 0.274940192699 -0.308151781559 -0.156941950321
      vertex 0.276973009109 -0.307317465544 -0.156241163611
      vertex 0.277607411146 -0.308826386929 -0.155679419637
    endloop
  endfacet
  facet normal -0.575698971748 -0.630906283855 0.520123004913
    outer loop
      vertex 0.271037966013 -0.307569414377 -0.156449094415
      vertex 0.271246165037 -0.309436053038 -0.155100181699
      vertex 0.269718974829 -0.307136148214 -0.155602708459
    endloop
  endfacet
  facet normal -0.625560164452 -0.564348101616 0.538688898087
    outer loop
      vertex 0.271246165037 -0.309436053038 -0.155100181699
      vertex 0.269078046083 -0.307855069637 -0.15420602262
      vertex 0.269718974829 -0.307136148214 -0.155602708459
    endloop
  endfacet
  facet normal -0.879031658173 -0.462650895119 0.115141250193
    outer loop
      vertex 0.269078046083 -0.307855069637 -0.15420602262
      vertex 0.269316017628 -0.306461930275 -0.155004858971
      vertex 0.269718974829 -0.307136148214 -0.155602708459
    endloop
  endfacet
  facet normal -0.865220069885 -0.495297878981 0.0779375731945
    outer loop
      vertex 0.269596606493 -0.305890619755 -0.155584901571
      vertex 0.269718974829 -0.307136148214 -0.155602708459
      vertex 0.269316017628 -0.306461930275 -0.155004858971
    endloop
  endfacet
  facet normal -0.921079397202 -0.379967182875 0.085074223578
    outer loop
      vertex 0.26991930604 -0.306123912334 -0.156314954162
      vertex 0.269718974829 -0.307136148214 -0.155602708459
      vertex 0.269596606493 -0.305890619755 -0.155584901571
    endloop
  endfacet
  facet normal -0.584672391415 -0.713407278061 0.386274784803
    outer loop
      vertex 0.271037966013 -0.307569414377 -0.156449094415
      vertex 0.269718974829 -0.307136148214 -0.155602708459
      vertex 0.26991930604 -0.306123912334 -0.156314954162
    endloop
  endfacet
  facet normal -0.447706341743 -0.853294253349 0.26729747653
    outer loop
      vertex 0.271037966013 -0.307569414377 -0.156449094415
      vertex 0.26991930604 -0.306123912334 -0.156314954162
      vertex 0.270922601223 -0.30570012331 -0.156974121928
    endloop
  endfacet
  facet normal -0.614918828011 -0.686790525913 -0.387548178434
    outer loop
      vertex 0.26991930604 -0.306123912334 -0.156314954162
      vertex 0.270110458136 -0.305408835411 -0.156082600355
      vertex 0.270922601223 -0.30570012331 -0.156974121928
    endloop
  endfacet
  facet normal -0.801484525204 -0.471737354994 -0.36754104495
    outer loop
      vertex 0.26991930604 -0.306123912334 -0.156314954162
      vertex 0.269596606493 -0.305890619755 -0.155584901571
      vertex 0.270110458136 -0.305408835411 -0.156082600355
    endloop
  endfacet
  facet normal -0.802855670452 -0.446197003126 -0.395387202501
    outer loop
      vertex 0.270110458136 -0.305408835411 -0.156082600355
      vertex 0.269596606493 -0.305890619755 -0.155584901571
      vertex 0.269998371601 -0.30499997735 -0.155518576503
    endloop
  endfacet
  facet normal -0.799220323563 -0.45362329483 -0.394300371408
    outer loop
      vertex 0.26942807436 -0.305425673723 -0.154883861542
      vertex 0.269998371601 -0.30499997735 -0.155518576503
      vertex 0.269596606493 -0.305890619755 -0.155584901571
    endloop
  endfacet
  facet normal -0.793973505497 -0.416051477194 -0.443291336298
    outer loop
      vertex 0.26942807436 -0.305425673723 -0.154883861542
      vertex 0.269947826862 -0.304673343897 -0.155074104667
      vertex 0.269998371601 -0.30499997735 -0.155518576503
    endloop
  endfacet
  facet normal -0.77155482769 -0.486407756805 -0.410013020039
    outer loop
      vertex 0.269621729851 -0.304753601551 -0.154624536633
      vertex 0.269947826862 -0.304673343897 -0.155074104667
      vertex 0.26942807436 -0.305425673723 -0.154883861542
    endloop
  endfacet
  facet normal -0.729703843594 -0.435083478689 -0.527479588985
    outer loop
      vertex 0.269888550043 -0.304481804371 -0.154742464423
      vertex 0.269947826862 -0.304673343897 -0.155074104667
      vertex 0.269621729851 -0.304753601551 -0.154624536633
    endloop
  endfacet
  facet normal -0.733911693096 -0.433300852776 -0.523090779781
    outer loop
      vertex 0.269947826862 -0.304673343897 -0.155074104667
      vertex 0.269888550043 -0.304481804371 -0.154742464423
      vertex 0.270099759102 -0.304382205009 -0.154979988933
    endloop
  endfacet
  facet normal -0.731190800667 -0.427214890718 -0.531834065914
    outer loop
      vertex 0.270099759102 -0.304382205009 -0.154979988933
      vertex 0.269888550043 -0.304481804371 -0.154742464423
      vertex 0.270155012608 -0.304210007191 -0.154860168695
    endloop
  endfacet
  facet normal -0.73357385397 -0.411167770624 -0.54111969471
    outer loop
      vertex 0.270155012608 -0.304210007191 -0.154860168695
      vertex 0.269888550043 -0.304481804371 -0.154742464423
      vertex 0.269878000021 -0.304278343916 -0.154455885291
    endloop
  endfacet
  facet normal -0.733323335648 -0.411318331957 -0.541344702244
    outer loop
      vertex 0.269888550043 -0.304481804371 -0.154742464423
      vertex 0.269621729851 -0.304753601551 -0.154624536633
      vertex 0.269878000021 -0.304278343916 -0.154455885291
    endloop
  endfacet
  facet normal -0.743201673031 -0.394210964441 -0.540600538254
    outer loop
      vertex 0.269878000021 -0.304278343916 -0.154455885291
      vertex 0.269621729851 -0.304753601551 -0.154624536633
      vertex 0.269473969936 -0.304340422153 -0.153779327869
    endloop
  endfacet
  facet normal 0.0398352779448 -0.067683108151 0.996911287308
    outer loop
      vertex 0.269473969936 -0.304340422153 -0.153779327869
      vertex 0.269170969725 -0.304321110249 -0.154242098331
      vertex 0.269878000021 -0.304278343916 -0.154455885291
    endloop
  endfacet
  facet normal 0.0425446256995 -0.0694472417235 0.996677994728
    outer loop
      vertex 0.269035577774 -0.304361373186 -0.153747215867
      vertex 0.269170969725 -0.304321110249 -0.154242098331
      vertex 0.269473969936 -0.304340422153 -0.153779327869
    endloop
  endfacet
  facet normal -0.0229634642601 -0.0873098373413 0.995916485786
    outer loop
      vertex 0.269170969725 -0.304321110249 -0.154242098331
      vertex 0.269035577774 -0.304361373186 -0.153747215867
      vertex 0.268249511719 -0.304309010506 -0.154137760401
    endloop
  endfacet
  facet normal -0.00935230311006 -0.11436726898 0.993394494057
    outer loop
      vertex 0.269035577774 -0.304361373186 -0.153747215867
      vertex 0.268652766943 -0.304412484169 -0.153271958232
      vertex 0.268249511719 -0.304309010506 -0.154137760401
    endloop
  endfacet
  facet normal 0.0499448738992 -0.0669392049313 0.996506214142
    outer loop
      vertex 0.268652766943 -0.304412484169 -0.153271958232
      vertex 0.269035577774 -0.304361373186 -0.153747215867
      vertex 0.269147068262 -0.304390370846 -0.153232350945
    endloop
  endfacet
  facet normal 0.0428513921797 -0.0654275342822 0.996936798096
    outer loop
      vertex 0.269147068262 -0.304390370846 -0.153232350945
      vertex 0.269035577774 -0.304361373186 -0.153747215867
      vertex 0.269473969936 -0.304340422153 -0.153779327869
    endloop
  endfacet
  facet normal -0.00720111373812 -0.115357644856 0.993297934532
    outer loop
      vertex 0.268652766943 -0.304412484169 -0.153271958232
      vertex 0.268006831408 -0.304444134235 -0.152959108353
      vertex 0.268249511719 -0.304309010506 -0.154137760401
    endloop
  endfacet
  facet normal -0.115688107908 -0.136612460017 0.983846187592
    outer loop
      vertex 0.268249511719 -0.304309010506 -0.154137760401
      vertex 0.268006831408 -0.304444134235 -0.152959108353
      vertex 0.266730040312 -0.304078042507 -0.15451438725
    endloop
  endfacet
  facet normal -0.112846560776 -0.138945966959 0.983849406242
    outer loop
      vertex 0.268006831408 -0.304444134235 -0.152959108353
      vertex 0.264782726765 -0.304048120975 -0.153144717216
      vertex 0.266730040312 -0.304078042507 -0.15451438725
    endloop
  endfacet
  facet normal -0.118253186345 -0.0605700202286 0.991134405136
    outer loop
      vertex 0.264782726765 -0.304048120975 -0.153144717216
      vertex 0.268006831408 -0.304444134235 -0.152959108353
      vertex 0.266986131668 -0.304405868053 -0.151592537761
    endloop
  endfacet
  facet normal -0.331455200911 -0.453167140484 0.827512562275
    outer loop
      vertex 0.264782726765 -0.304048120975 -0.153144717216
      vertex 0.265506476164 -0.302430868149 -0.1566272825
      vertex 0.266730040312 -0.304078042507 -0.15451438725
    endloop
  endfacet
  facet normal -0.368180453777 -0.453448057175 0.811682224274
    outer loop
      vertex 0.265506476164 -0.302430868149 -0.1566272825
      vertex 0.264782726765 -0.304048120975 -0.153144717216
      vertex 0.263290315866 -0.303066968918 -0.153689220548
    endloop
  endfacet
  facet normal -0.570679008961 0.0942473188043 0.815746843815
    outer loop
      vertex 0.264782726765 -0.304048120975 -0.153144717216
      vertex 0.26367688179 -0.303206413984 -0.152555391192
      vertex 0.263290315866 -0.303066968918 -0.153689220548
    endloop
  endfacet
  facet normal -0.570768475533 0.0942860767245 0.815679788589
    outer loop
      vertex 0.262571036816 -0.302364438772 -0.151965707541
      vertex 0.263290315866 -0.303066968918 -0.153689220548
      vertex 0.26367688179 -0.303206413984 -0.152555391192
    endloop
  endfacet
  facet normal -0.703785717487 -0.00413925526664 0.710400283337
    outer loop
      vertex 0.263290315866 -0.303066968918 -0.153689220548
      vertex 0.262571036816 -0.302364438772 -0.151965707541
      vertex 0.261172920465 -0.300963759422 -0.154638379812
    endloop
  endfacet
  facet normal -0.558331906796 -0.136759907007 0.818267822266
    outer loop
      vertex 0.260953336954 -0.301384478807 -0.151224702597
      vertex 0.261172920465 -0.300963759422 -0.154638379812
      vertex 0.262571036816 -0.302364438772 -0.151965707541
    endloop
  endfacet
  facet normal -0.40293315053 -0.137435734272 0.90485149622
    outer loop
      vertex 0.25917583704 -0.300472676754 -0.152016609907
      vertex 0.261172920465 -0.300963759422 -0.154638379812
      vertex 0.260953336954 -0.301384478807 -0.151224702597
    endloop
  endfacet
  facet normal -0.530186831951 -0.252228796482 0.809495270252
    outer loop
      vertex 0.256550937891 -0.297454863787 -0.156184285879
      vertex 0.261172920465 -0.300963759422 -0.154638379812
      vertex 0.25917583704 -0.300472676754 -0.152016609907
    endloop
  endfacet
  facet normal -0.2254653126 -0.746591150761 0.625912964344
    outer loop
      vertex 0.256550937891 -0.297454863787 -0.156184285879
      vertex 0.261528760195 -0.297790616751 -0.157406076789
      vertex 0.261172920465 -0.300963759422 -0.154638379812
    endloop
  endfacet
  facet normal -0.240040838718 -0.97036755085 0.0276985112578
    outer loop
      vertex 0.256550937891 -0.297454863787 -0.156184285879
      vertex 0.258610635996 -0.291912227869 -0.156852006912
      vertex 0.261528760195 -0.297790616751 -0.157406076789
    endloop
  endfacet
  facet normal 0.151348873973 -0.973138928413 0.173476532102
    outer loop
      vertex 0.258610635996 -0.291912227869 -0.156852006912
      vertex 0.256550937891 -0.297454863787 -0.156184285879
      vertex 0.253259658813 -0.29571518302 -0.157006293535
    endloop
  endfacet
  facet normal -0.242369487882 -0.615951836109 0.749573469162
    outer loop
      vertex 0.253259658813 -0.29571518302 -0.157006293535
      vertex 0.256550937891 -0.297454863787 -0.156184285879
      vertex 0.25429302454 -0.29987937212 -0.152345359325
    endloop
  endfacet
  facet normal -0.0628133118153 -0.559074938297 0.826734364033
    outer loop
      vertex 0.25429302454 -0.29987937212 -0.152345359325
      vertex 0.256550937891 -0.297454863787 -0.156184285879
      vertex 0.25917583704 -0.300472676754 -0.152016609907
    endloop
  endfacet
  facet normal 0.445322424173 -0.649425387383 0.616388380527
    outer loop
      vertex 0.248287945986 -0.300572246313 -0.155805513263
      vertex 0.253259658813 -0.29571518302 -0.157006293535
      vertex 0.25429302454 -0.29987937212 -0.152345359325
    endloop
  endfacet
  facet normal 0.359606653452 -0.751017332077 0.553765296936
    outer loop
      vertex 0.248287945986 -0.300572246313 -0.155805513263
      vertex 0.247507676482 -0.297653734684 -0.158331096172
      vertex 0.253259658813 -0.29571518302 -0.157006293535
    endloop
  endfacet
  facet normal 0.258971840143 -0.763563215733 0.591527462006
    outer loop
      vertex 0.247507676482 -0.297653734684 -0.158331096172
      vertex 0.248287945986 -0.300572246313 -0.155805513263
      vertex 0.244227707386 -0.298543065786 -0.158754587173
    endloop
  endfacet
  facet normal 0.212798789144 -0.735541462898 0.643191576004
    outer loop
      vertex 0.243803709745 -0.301525354385 -0.156269401312
      vertex 0.244227707386 -0.298543065786 -0.158754587173
      vertex 0.248287945986 -0.300572246313 -0.155805513263
    endloop
  endfacet
  facet normal -0.250693917274 -0.760927140713 0.598450005054
    outer loop
      vertex 0.24240309 -0.2988679111 -0.15789796412
      vertex 0.244227707386 -0.298543065786 -0.158754587173
      vertex 0.243803709745 -0.301525354385 -0.156269401312
    endloop
  endfacet
  facet normal -0.313194185495 -0.837157905102 0.448414981365
    outer loop
      vertex 0.244227707386 -0.298543065786 -0.158754587173
      vertex 0.24240309 -0.2988679111 -0.15789796412
      vertex 0.243277549744 -0.297494411469 -0.158960819244
    endloop
  endfacet
  facet normal -0.162043362856 -0.827673017979 0.537307441235
    outer loop
      vertex 0.24240309 -0.2988679111 -0.15789796412
      vertex 0.24221521616 -0.297268539667 -0.158899471164
      vertex 0.243277549744 -0.297494411469 -0.158960819244
    endloop
  endfacet
  facet normal -0.602962851524 -0.642372310162 0.473068296909
    outer loop
      vertex 0.24240309 -0.2988679111 -0.15789796412
      vertex 0.240249484777 -0.296717822552 -0.157459899783
      vertex 0.24221521616 -0.297268539667 -0.158899471164
    endloop
  endfacet
  facet normal -0.563801944256 -0.711258530617 0.419807940722
    outer loop
      vertex 0.240240246058 -0.299027770758 -0.156089171767
      vertex 0.240249484777 -0.296717822552 -0.157459899783
      vertex 0.24240309 -0.2988679111 -0.15789796412
    endloop
  endfacet
  facet normal -0.603193700314 -0.6869764328 0.405241519213
    outer loop
      vertex 0.240240246058 -0.299027770758 -0.156089171767
      vertex 0.239288806915 -0.29694122076 -0.156484588981
      vertex 0.240249484777 -0.296717822552 -0.157459899783
    endloop
  endfacet
  facet normal -0.834328353405 -0.328498780727 0.442701667547
    outer loop
      vertex 0.238822370768 -0.297823280096 -0.154111251235
      vertex 0.239288806915 -0.29694122076 -0.156484588981
      vertex 0.240240246058 -0.299027770758 -0.156089171767
    endloop
  endfacet
  facet normal -0.968389570713 -0.227955669165 0.101281121373
    outer loop
      vertex 0.238760843873 -0.296394735575 -0.154484555125
      vertex 0.239288806915 -0.29694122076 -0.156484588981
      vertex 0.238822370768 -0.297823280096 -0.154111251235
    endloop
  endfacet
  facet normal -0.954115271568 -0.280498683453 -0.104807220399
    outer loop
      vertex 0.239288806915 -0.29694122076 -0.156484588981
      vertex 0.238760843873 -0.296394735575 -0.154484555125
      vertex 0.239229917526 -0.295495182276 -0.155743986368
    endloop
  endfacet
  facet normal -0.953746140003 -0.187244042754 -0.23517639935
    outer loop
      vertex 0.239118248224 -0.295175611973 -0.154773816466
      vertex 0.239229917526 -0.295495182276 -0.155743986368
      vertex 0.238760843873 -0.296394735575 -0.154484555125
    endloop
  endfacet
  facet normal -0.920063793659 -0.213995322585 -0.32815939188
    outer loop
      vertex 0.239229917526 -0.295495182276 -0.155743986368
      vertex 0.239118248224 -0.295175611973 -0.154773816466
      vertex 0.239379256964 -0.295035362244 -0.155680969357
    endloop
  endfacet
  facet normal 0.436096519232 -0.0136344572529 0.89979660511
    outer loop
      vertex 0.239379256964 -0.295035362244 -0.155680969357
      vertex 0.239118248224 -0.295175611973 -0.154773816466
      vertex 0.238861516118 -0.295283257961 -0.155880987644
    endloop
  endfacet
  facet normal 0.31301343441 0.0197415053844 0.949543476105
    outer loop
      vertex 0.238861516118 -0.295283257961 -0.155880987644
      vertex 0.239118248224 -0.295175611973 -0.154773816466
      vertex 0.238339215517 -0.295430243015 -0.15466940403
    endloop
  endfacet
  facet normal 0.302913576365 -0.0595531836152 0.951155483723
    outer loop
      vertex 0.239118248224 -0.295175611973 -0.154773816466
      vertex 0.238856881857 -0.295315682888 -0.15386608243
      vertex 0.238339215517 -0.295430243015 -0.15466940403
    endloop
  endfacet
  facet normal -0.945783913136 -0.238259211183 -0.220738187432
    outer loop
      vertex 0.238760843873 -0.296394735575 -0.154484555125
      vertex 0.238856881857 -0.295315682888 -0.15386608243
      vertex 0.239118248224 -0.295175611973 -0.154773816466
    endloop
  endfacet
  facet normal -0.934487700462 -0.266565233469 -0.235956937075
    outer loop
      vertex 0.238519459963 -0.296018272638 -0.153305128217
      vertex 0.238856881857 -0.295315682888 -0.15386608243
      vertex 0.238760843873 -0.296394735575 -0.154484555125
    endloop
  endfacet
  facet normal -0.935418128967 -0.186375185847 -0.300428450108
    outer loop
      vertex 0.238856881857 -0.295315682888 -0.15386608243
      vertex 0.238519459963 -0.296018272638 -0.153305128217
      vertex 0.238742798567 -0.295268535614 -0.153217479587
    endloop
  endfacet
  facet normal -0.937073230743 -0.178572505713 -0.300009399652
    outer loop
      vertex 0.238503843546 -0.295663893223 -0.152627795935
      vertex 0.238742798567 -0.295268535614 -0.153217479587
      vertex 0.238519459963 -0.296018272638 -0.153305128217
    endloop
  endfacet
  facet normal -0.902348220348 -0.0819437801838 -0.423146486282
    outer loop
      vertex 0.238742798567 -0.295268535614 -0.153217479587
      vertex 0.238503843546 -0.295663893223 -0.152627795935
      vertex 0.238725036383 -0.295141071081 -0.152363672853
    endloop
  endfacet
  facet normal -0.908918619156 -0.0565861426294 -0.413116127253
    outer loop
      vertex 0.238376587629 -0.295773237944 -0.151382014155
      vertex 0.238725036383 -0.295141071081 -0.152363672853
      vertex 0.238503843546 -0.295663893223 -0.152627795935
    endloop
  endfacet
  facet normal -0.918956041336 -0.0771323591471 -0.386743396521
    outer loop
      vertex 0.238376587629 -0.295773237944 -0.151382014155
      vertex 0.238707005978 -0.295013636351 -0.151509910822
      vertex 0.238725036383 -0.295141071081 -0.152363672853
    endloop
  endfacet
  facet normal -0.913436591625 -0.173597291112 -0.368099987507
    outer loop
      vertex 0.238622561097 -0.294974714518 -0.150983050466
      vertex 0.238707005978 -0.295013636351 -0.151509910822
      vertex 0.238376587629 -0.295773237944 -0.151382014155
    endloop
  endfacet
  facet normal 0.149232655764 0.0966166853905 0.984070539474
    outer loop
      vertex 0.238707005978 -0.295013636351 -0.151509910822
      vertex 0.238622561097 -0.294974714518 -0.150983050466
      vertex 0.237859457731 -0.295140117407 -0.151489049196
    endloop
  endfacet
  facet normal -0.0717398896813 0.405997276306 0.911054134369
    outer loop
      vertex 0.238622561097 -0.294974714518 -0.150983050466
      vertex 0.237492576241 -0.294606804848 -0.150357142091
      vertex 0.237859457731 -0.295140117407 -0.151489049196
    endloop
  endfacet
  facet normal 0.0240914914757 0.538558244705 0.842243790627
    outer loop
      vertex 0.237492576241 -0.294606804848 -0.150357142091
      vertex 0.238622561097 -0.294974714518 -0.150983050466
      vertex 0.238663032651 -0.294514894485 -0.150265753269
    endloop
  endfacet
  facet normal -0.983542084694 -0.0548517666757 -0.172151863575
    outer loop
      vertex 0.238622561097 -0.294974714518 -0.150983050466
      vertex 0.238544166088 -0.295101314783 -0.149974703789
      vertex 0.238663032651 -0.294514894485 -0.150265753269
    endloop
  endfacet
  facet normal -0.91441577673 -0.0203351043165 -0.404265135527
    outer loop
      vertex 0.238622561097 -0.294974714518 -0.150983050466
      vertex 0.238380774856 -0.295511960983 -0.150791585445
      vertex 0.238544166088 -0.295101314783 -0.149974703789
    endloop
  endfacet
  facet normal -0.920446634293 -0.152687102556 -0.359812021255
    outer loop
      vertex 0.238380774856 -0.295511960983 -0.150791585445
      vertex 0.238622561097 -0.294974714518 -0.150983050466
      vertex 0.238376587629 -0.295773237944 -0.151382014155
    endloop
  endfacet
  facet normal -0.994101524353 0.0497151501477 0.0963873565197
    outer loop
      vertex 0.238380774856 -0.295511960983 -0.150791585445
      vertex 0.238376587629 -0.295773237944 -0.151382014155
      vertex 0.238512217999 -0.29684612155 -0.150750115514
    endloop
  endfacet
  facet normal -0.99406594038 0.0639311820269 0.0880100131035
    outer loop
      vertex 0.238416865468 -0.296800196171 -0.152169391513
      vertex 0.238512217999 -0.29684612155 -0.150750115514
      vertex 0.238376587629 -0.295773237944 -0.151382014155
    endloop
  endfacet
  facet normal -0.907699465752 0.0474860668182 0.416925370693
    outer loop
      vertex 0.238416865468 -0.296800196171 -0.152169391513
      vertex 0.239123091102 -0.298240542412 -0.151316270232
      vertex 0.238512217999 -0.29684612155 -0.150750115514
    endloop
  endfacet
  facet normal -0.905205011368 0.0341506898403 0.423600792885
    outer loop
      vertex 0.238822370768 -0.297823280096 -0.154111251235
      vertex 0.239123091102 -0.298240542412 -0.151316270232
      vertex 0.238416865468 -0.296800196171 -0.152169391513
    endloop
  endfacet
  facet normal -0.727054953575 -0.0242126639932 0.686152160168
    outer loop
      vertex 0.239123091102 -0.298240542412 -0.151316270232
      vertex 0.238822370768 -0.297823280096 -0.154111251235
      vertex 0.241328731179 -0.300536513329 -0.152482509613
    endloop
  endfacet
  facet normal -0.707811951637 -0.0799875408411 0.701857745647
    outer loop
      vertex 0.241328731179 -0.300536513329 -0.152482509613
      vertex 0.238822370768 -0.297823280096 -0.154111251235
      vertex 0.240240246058 -0.299027770758 -0.156089171767
    endloop
  endfacet
  facet normal -0.571744024754 -0.163749054074 0.803924739361
    outer loop
      vertex 0.241328731179 -0.300536513329 -0.152482509613
      vertex 0.240240246058 -0.299027770758 -0.156089171767
      vertex 0.243803709745 -0.301525354385 -0.156269401312
    endloop
  endfacet
  facet normal -0.471440047026 -0.619213581085 0.627948105335
    outer loop
      vertex 0.243803709745 -0.301525354385 -0.156269401312
      vertex 0.240240246058 -0.299027770758 -0.156089171767
      vertex 0.24240309 -0.2988679111 -0.15789796412
    endloop
  endfacet
  facet normal -0.717248022556 0.0150140756741 0.696656227112
    outer loop
      vertex 0.239123091102 -0.298240542412 -0.151316270232
      vertex 0.241328731179 -0.300536513329 -0.152482509613
      vertex 0.240554109216 -0.299676626921 -0.149588316679
    endloop
  endfacet
  facet normal -0.801583468914 0.193764537573 0.565614104271
    outer loop
      vertex 0.239282503724 -0.297639548779 -0.14890243113
      vertex 0.239123091102 -0.298240542412 -0.151316270232
      vertex 0.240554109216 -0.299676626921 -0.149588316679
    endloop
  endfacet
  facet normal -0.87523496151 0.170503392816 0.452650368214
    outer loop
      vertex 0.239282503724 -0.297639548779 -0.14890243113
      vertex 0.238512217999 -0.29684612155 -0.150750115514
      vertex 0.239123091102 -0.298240542412 -0.151316270232
    endloop
  endfacet
  facet normal -0.910380065441 0.232573568821 0.342224597931
    outer loop
      vertex 0.238478735089 -0.296044945717 -0.149702250957
      vertex 0.238512217999 -0.29684612155 -0.150750115514
      vertex 0.239282503724 -0.297639548779 -0.14890243113
    endloop
  endfacet
  facet normal -0.994425833225 0.0421307533979 0.0966550707817
    outer loop
      vertex 0.238478735089 -0.296044945717 -0.149702250957
      vertex 0.238380774856 -0.295511960983 -0.150791585445
      vertex 0.238512217999 -0.29684612155 -0.150750115514
    endloop
  endfacet
  facet normal -0.983842968941 0.141889348626 -0.10918071866
    outer loop
      vertex 0.238380774856 -0.295511960983 -0.150791585445
      vertex 0.238478735089 -0.296044945717 -0.149702250957
      vertex 0.238544166088 -0.295101314783 -0.149974703789
    endloop
  endfacet
  facet normal -0.983573913574 0.14342007041 -0.109604023397
    outer loop
      vertex 0.238621592522 -0.295178085566 -0.149385005236
      vertex 0.238544166088 -0.295101314783 -0.149974703789
      vertex 0.238478735089 -0.296044945717 -0.149702250957
    endloop
  endfacet
  facet normal -0.942458093166 0.161836951971 -0.292543172836
    outer loop
      vertex 0.238621592522 -0.295178085566 -0.149385005236
      vertex 0.238738462329 -0.294550001621 -0.149839833379
      vertex 0.238544166088 -0.295101314783 -0.149974703789
    endloop
  endfacet
  facet normal -0.933389186859 0.184906452894 -0.30756175518
    outer loop
      vertex 0.238738462329 -0.294550001621 -0.149839833379
      vertex 0.238621592522 -0.295178085566 -0.149385005236
      vertex 0.238842234015 -0.294450193644 -0.14948195219
    endloop
  endfacet
  facet normal -0.942300260067 0.139675185084 -0.304238498211
    outer loop
      vertex 0.238806962967 -0.294823557138 -0.14890666306
      vertex 0.238842234015 -0.294450193644 -0.14948195219
      vertex 0.238621592522 -0.295178085566 -0.149385005236
    endloop
  endfacet
  facet normal -0.967951357365 0.0922457352281 -0.233582794666
    outer loop
      vertex 0.238842234015 -0.294450193644 -0.14948195219
      vertex 0.238806962967 -0.294823557138 -0.14890666306
      vertex 0.238927170634 -0.294259011745 -0.149074852467
    endloop
  endfacet
  facet normal -0.96762663126 0.0942737460136 -0.234117820859
    outer loop
      vertex 0.238927170634 -0.294259011745 -0.149074852467
      vertex 0.238806962967 -0.294823557138 -0.14890666306
      vertex 0.238950014114 -0.294387251139 -0.148521915078
    endloop
  endfacet
  facet normal -0.971029520035 0.164781570435 -0.173056781292
    outer loop
      vertex 0.238806962967 -0.294823557138 -0.14890666306
      vertex 0.238955184817 -0.295038759708 -0.147807195783
      vertex 0.238950014114 -0.294387251139 -0.148521915078
    endloop
  endfacet
  facet normal -0.985765755177 0.148371681571 -0.0790681093931
    outer loop
      vertex 0.238955184817 -0.295038759708 -0.147807195783
      vertex 0.238806962967 -0.294823557138 -0.14890666306
      vertex 0.23873873055 -0.296022295952 -0.148721173406
    endloop
  endfacet
  facet normal -0.950452327728 0.294461280107 -0.0996639356017
    outer loop
      vertex 0.23873873055 -0.296022295952 -0.148721173406
      vertex 0.238806962967 -0.294823557138 -0.14890666306
      vertex 0.238621592522 -0.295178085566 -0.149385005236
    endloop
  endfacet
  facet normal -0.964901864529 0.254184782505 -0.0659887418151
    outer loop
      vertex 0.23873873055 -0.296022295952 -0.148721173406
      vertex 0.238621592522 -0.295178085566 -0.149385005236
      vertex 0.238478735089 -0.296044945717 -0.149702250957
    endloop
  endfacet
  facet normal -0.909319400787 0.24868029356 0.33361107111
    outer loop
      vertex 0.239282503724 -0.297639548779 -0.14890243113
      vertex 0.23873873055 -0.296022295952 -0.148721173406
      vertex 0.238478735089 -0.296044945717 -0.149702250957
    endloop
  endfacet
  facet normal -0.942378103733 0.0772348940372 0.325512349606
    outer loop
      vertex 0.239282503724 -0.297639548779 -0.14890243113
      vertex 0.23906353116 -0.296791195869 -0.147998765111
      vertex 0.23873873055 -0.296022295952 -0.148721173406
    endloop
  endfacet
  facet normal -0.796270310879 0.300138384104 0.52523380518
    outer loop
      vertex 0.23906353116 -0.296791195869 -0.147998765111
      vertex 0.239282503724 -0.297639548779 -0.14890243113
      vertex 0.240063950419 -0.298238396645 -0.147877201438
    endloop
  endfacet
  facet normal -0.7779712677 0.258484601974 0.572666108608
    outer loop
      vertex 0.239282503724 -0.297639548779 -0.14890243113
      vertex 0.240554109216 -0.299676626921 -0.149588316679
      vertex 0.240063950419 -0.298238396645 -0.147877201438
    endloop
  endfacet
  facet normal -0.707146406174 0.325166255236 0.627862155437
    outer loop
      vertex 0.240063950419 -0.298238396645 -0.147877201438
      vertex 0.240554109216 -0.299676626921 -0.149588316679
      vertex 0.241556048393 -0.299227625132 -0.146542415023
    endloop
  endfacet
  facet normal -0.692787766457 0.282792270184 0.66338044405
    outer loop
      vertex 0.240063950419 -0.298238396645 -0.147877201438
      vertex 0.241556048393 -0.299227625132 -0.146542415023
      vertex 0.240293249488 -0.297299802303 -0.145113676786
    endloop
  endfacet
  facet normal -0.755520343781 0.181575596333 0.629459559917
    outer loop
      vertex 0.240293249488 -0.297299802303 -0.145113676786
      vertex 0.241556048393 -0.299227625132 -0.146542415023
      vertex 0.242102235556 -0.298643946648 -0.142246365547
    endloop
  endfacet
  facet normal -0.779820859432 0.216664388776 0.58731251955
    outer loop
      vertex 0.239809751511 -0.295898973942 -0.143056675792
      vertex 0.240293249488 -0.297299802303 -0.145113676786
      vertex 0.242102235556 -0.298643946648 -0.142246365547
    endloop
  endfacet
  facet normal -0.90015411377 0.0799987316132 0.428162127733
    outer loop
      vertex 0.240293249488 -0.297299802303 -0.145113676786
      vertex 0.239809751511 -0.295898973942 -0.143056675792
      vertex 0.239381581545 -0.295475542545 -0.145608171821
    endloop
  endfacet
  facet normal -0.96806281805 0.126531243324 0.216435238719
    outer loop
      vertex 0.239809751511 -0.295898973942 -0.143056675792
      vertex 0.239355757833 -0.294367939234 -0.143911212683
      vertex 0.239381581545 -0.295475542545 -0.145608171821
    endloop
  endfacet
  facet normal -0.962103843689 0.218245923519 0.163477540016
    outer loop
      vertex 0.23952460289 -0.293769180775 -0.142718404531
      vertex 0.239355757833 -0.294367939234 -0.143911212683
      vertex 0.239809751511 -0.295898973942 -0.143056675792
    endloop
  endfacet
  facet normal -0.967884421349 0.0109286624938 -0.251157969236
    outer loop
      vertex 0.23952460289 -0.293769180775 -0.142718404531
      vertex 0.239769384265 -0.292771488428 -0.14396815002
      vertex 0.239355757833 -0.294367939234 -0.143911212683
    endloop
  endfacet
  facet normal -0.910921871662 0.133288934827 -0.390455424786
    outer loop
      vertex 0.240109965205 -0.292208313942 -0.143290266395
      vertex 0.239769384265 -0.292771488428 -0.14396815002
      vertex 0.23952460289 -0.293769180775 -0.142718404531
    endloop
  endfacet
  facet normal -0.862529218197 0.0131173254922 -0.505837202072
    outer loop
      vertex 0.239769384265 -0.292771488428 -0.14396815002
      vertex 0.240109965205 -0.292208313942 -0.143290266395
      vertex 0.240071132779 -0.292253524065 -0.144100189209
    endloop
  endfacet
  facet normal -0.867741763592 0.0138705028221 -0.496821731329
    outer loop
      vertex 0.240109965205 -0.292208313942 -0.143290266395
      vertex 0.240321651101 -0.291829586029 -0.143613129854
      vertex 0.240071132779 -0.292253524065 -0.144100189209
    endloop
  endfacet
  facet normal -0.86780154705 0.0137139102444 -0.49672165513
    outer loop
      vertex 0.240321651101 -0.291829586029 -0.143613129854
      vertex 0.240109965205 -0.292208313942 -0.143290266395
      vertex 0.240360468626 -0.291784137487 -0.142802894115
    endloop
  endfacet
  facet normal -0.870274305344 0.0189165920019 -0.492203980684
    outer loop
      vertex 0.240053713322 -0.292343467474 -0.142361551523
      vertex 0.240360468626 -0.291784137487 -0.142802894115
      vertex 0.240109965205 -0.292208313942 -0.143290266395
    endloop
  endfacet
  facet normal -0.872084319592 0.0138018904254 -0.489160954952
    outer loop
      vertex 0.240360468626 -0.291784137487 -0.142802894115
      vertex 0.240053713322 -0.292343467474 -0.142361551523
      vertex 0.240386039019 -0.291753768921 -0.142262846231
    endloop
  endfacet
  facet normal -0.872268855572 0.0169893410057 -0.48873141408
    outer loop
      vertex 0.240386039019 -0.291753768921 -0.142262846231
      vertex 0.240053713322 -0.292343467474 -0.142361551523
      vertex 0.240343287587 -0.291846424341 -0.141792684793
    endloop
  endfacet
  facet normal -0.873318791389 0.0192382782698 -0.486769109964
    outer loop
      vertex 0.240343287587 -0.291846424341 -0.141792684793
      vertex 0.240053713322 -0.292343467474 -0.142361551523
      vertex 0.240174159408 -0.29216632247 -0.14137583971
    endloop
  endfacet
  facet normal -0.869307458401 0.0174552239478 -0.493963390589
    outer loop
      vertex 0.240174159408 -0.29216632247 -0.14137583971
      vertex 0.240053713322 -0.292343467474 -0.142361551523
      vertex 0.239665046334 -0.293046712875 -0.141817197204
    endloop
  endfacet
  facet normal -0.91133660078 -0.161527141929 -0.378648340702
    outer loop
      vertex 0.239665046334 -0.293046712875 -0.141817197204
      vertex 0.240053713322 -0.292343467474 -0.142361551523
      vertex 0.23952460289 -0.293769180775 -0.142718404531
    endloop
  endfacet
  facet normal -0.937016665936 -0.00593210104853 -0.34923428297
    outer loop
      vertex 0.240053713322 -0.292343467474 -0.142361551523
      vertex 0.240109965205 -0.292208313942 -0.143290266395
      vertex 0.23952460289 -0.293769180775 -0.142718404531
    endloop
  endfacet
  facet normal -0.981032788754 -0.00249914522283 -0.19382584095
    outer loop
      vertex 0.23952460289 -0.293769180775 -0.142718404531
      vertex 0.239479631186 -0.293973177671 -0.140890315175
      vertex 0.239665046334 -0.293046712875 -0.141817197204
    endloop
  endfacet
  facet normal -0.991206765175 -0.0385051071644 0.126595839858
    outer loop
      vertex 0.23952460289 -0.293769180775 -0.142718404531
      vertex 0.239809751511 -0.295898973942 -0.143056675792
      vertex 0.239479631186 -0.293973177671 -0.140890315175
    endloop
  endfacet
  facet normal -0.993340373039 -0.0990530773997 0.0588501542807
    outer loop
      vertex 0.239479631186 -0.293973177671 -0.140890315175
      vertex 0.239809751511 -0.295898973942 -0.143056675792
      vertex 0.239486917853 -0.296236515045 -0.139618590474
    endloop
  endfacet
  facet normal -0.740746378899 -0.134181559086 0.658247768879
    outer loop
      vertex 0.239486917853 -0.296236515045 -0.139618590474
      vertex 0.239809751511 -0.295898973942 -0.143056675792
      vertex 0.242102235556 -0.298643946648 -0.142246365547
    endloop
  endfacet
  facet normal -0.6164509058 0.101788401604 0.780786395073
    outer loop
      vertex 0.242547392845 -0.298525780439 -0.138643920422
      vertex 0.239486917853 -0.296236515045 -0.139618590474
      vertex 0.242102235556 -0.298643946648 -0.142246365547
    endloop
  endfacet
  facet normal -0.540337920189 0.735152840614 0.409371823072
    outer loop
      vertex 0.242547392845 -0.298525780439 -0.138643920422
      vertex 0.241261601448 -0.295806497335 -0.138074740767
      vertex 0.239486917853 -0.296236515045 -0.139618590474
    endloop
  endfacet
  facet normal -0.699544072151 0.557197213173 0.447402894497
    outer loop
      vertex 0.241261601448 -0.295806497335 -0.138074740767
      vertex 0.242547392845 -0.298525780439 -0.138643920422
      vertex 0.242538139224 -0.296676725149 -0.137170836329
    endloop
  endfacet
  facet normal -0.0277618151158 0.781768620014 0.622950315475
    outer loop
      vertex 0.242547392845 -0.298525780439 -0.138643920422
      vertex 0.2462169379 -0.297286629677 -0.137526199222
      vertex 0.242538139224 -0.296676725149 -0.137170836329
    endloop
  endfacet
  facet normal -0.0183298457414 0.768820345402 0.639202058315
    outer loop
      vertex 0.2462169379 -0.297286629677 -0.137526199222
      vertex 0.242547392845 -0.298525780439 -0.138643920422
      vertex 0.247315078974 -0.299024254084 -0.138944685459
    endloop
  endfacet
  facet normal -0.101065956056 0.0450893044472 0.993857443333
    outer loop
      vertex 0.242547392845 -0.298525780439 -0.138643920422
      vertex 0.242102235556 -0.298643946648 -0.142246365547
      vertex 0.247315078974 -0.299024254084 -0.138944685459
    endloop
  endfacet
  facet normal 0.258888334036 0.821926772594 0.507359027863
    outer loop
      vertex 0.249480560422 -0.295349150896 -0.137358188629
      vertex 0.2462169379 -0.297286629677 -0.137526199222
      vertex 0.247315078974 -0.299024254084 -0.138944685459
    endloop
  endfacet
  facet normal 0.192987695336 0.894770443439 0.402668058872
    outer loop
      vertex 0.2462169379 -0.297286629677 -0.137526199222
      vertex 0.249480560422 -0.295349150896 -0.137358188629
      vertex 0.245821714401 -0.293564617634 -0.135765954852
    endloop
  endfacet
  facet normal 0.307094097137 0.930330872536 0.200443610549
    outer loop
      vertex 0.245821714401 -0.293564617634 -0.135765954852
      vertex 0.249480560422 -0.295349150896 -0.137358188629
      vertex 0.247469097376 -0.291709065437 -0.135909959674
    endloop
  endfacet
  facet normal 0.298447787762 0.93195861578 0.205869033933
    outer loop
      vertex 0.250345408916 -0.291345208883 -0.136750683188
      vertex 0.247469097376 -0.291709065437 -0.135909959674
      vertex 0.249480560422 -0.295349150896 -0.137358188629
    endloop
  endfacet
  facet normal 0.270198583603 0.959403455257 -0.0808558985591
    outer loop
      vertex 0.247469097376 -0.291709065437 -0.135909959674
      vertex 0.250345408916 -0.291345208883 -0.136750683188
      vertex 0.247704401612 -0.290252298117 -0.136098995805
    endloop
  endfacet
  facet normal 0.295262396336 0.943415343761 -0.150955528021
    outer loop
      vertex 0.247704401612 -0.290252298117 -0.136098995805
      vertex 0.250345408916 -0.291345208883 -0.136750683188
      vertex 0.249901264906 -0.288488268852 -0.137068808079
    endloop
  endfacet
  facet normal 0.339685231447 0.927496790886 -0.156088769436
    outer loop
      vertex 0.249901264906 -0.288488268852 -0.137068808079
      vertex 0.250345408916 -0.291345208883 -0.136750683188
      vertex 0.253303915262 -0.29008603096 -0.138046100736
    endloop
  endfacet
  facet normal 0.426971584558 0.90104830265 0.0762051343918
    outer loop
      vertex 0.253303915262 -0.29008603096 -0.138046100736
      vertex 0.250345408916 -0.291345208883 -0.136750683188
      vertex 0.252801120281 -0.29438072443 -0.138171076775
    endloop
  endfacet
  facet normal 0.288564532995 0.935418963432 0.204259306192
    outer loop
      vertex 0.252801120281 -0.29438072443 -0.138171076775
      vertex 0.250345408916 -0.291345208883 -0.136750683188
      vertex 0.249480560422 -0.295349150896 -0.137358188629
    endloop
  endfacet
  facet normal 0.175879701972 0.983181416988 0.0492000356317
    outer loop
      vertex 0.257482796907 -0.29244568944 -0.138911738992
      vertex 0.253303915262 -0.29008603096 -0.138046100736
      vertex 0.252801120281 -0.29438072443 -0.138171076775
    endloop
  endfacet
  facet normal 0.382054120302 0.848927676678 -0.365179955959
    outer loop
      vertex 0.257482796907 -0.29244568944 -0.138911738992
      vertex 0.256328105927 -0.28733626008 -0.140589982271
      vertex 0.253303915262 -0.29008603096 -0.138046100736
    endloop
  endfacet
  facet normal 0.628390908241 0.685747802258 -0.367253035307
    outer loop
      vertex 0.257482796907 -0.29244568944 -0.138911738992
      vertex 0.260059714317 -0.287057340145 -0.144158869982
      vertex 0.256328105927 -0.28733626008 -0.140589982271
    endloop
  endfacet
  facet normal 0.413981109858 0.492679834366 -0.765432059765
    outer loop
      vertex 0.260059714317 -0.287057340145 -0.144158869982
      vertex 0.253222972155 -0.283248990774 -0.144330888987
      vertex 0.256328105927 -0.28733626008 -0.140589982271
    endloop
  endfacet
  facet normal 0.476357847452 0.169274881482 -0.86280310154
    outer loop
      vertex 0.253222972155 -0.283248990774 -0.144330888987
      vertex 0.260059714317 -0.287057340145 -0.144158869982
      vertex 0.254174828529 -0.283042252064 -0.148063242435
    endloop
  endfacet
  facet normal 0.628049135208 -0.164469540119 -0.760594546795
    outer loop
      vertex 0.260059714317 -0.287057340145 -0.144158869982
      vertex 0.25616723299 -0.28520527482 -0.150457918644
      vertex 0.254174828529 -0.283042252064 -0.148063242435
    endloop
  endfacet
  facet normal 0.453194975853 -0.0180089846253 -0.891229510307
    outer loop
      vertex 0.25616723299 -0.28520527482 -0.150457918644
      vertex 0.260059714317 -0.287057340145 -0.144158869982
      vertex 0.262334644794 -0.288265019655 -0.146676287055
    endloop
  endfacet
  facet normal 0.441539943218 -0.0311657208949 -0.896700143814
    outer loop
      vertex 0.262334644794 -0.288265019655 -0.146676287055
      vertex 0.260059714317 -0.287057340145 -0.144158869982
      vertex 0.266137570143 -0.289952456951 -0.141349479556
    endloop
  endfacet
  facet normal 0.274978369474 0.106387287378 -0.95554625988
    outer loop
      vertex 0.266837894917 -0.28949585557 -0.147260680795
      vertex 0.262334644794 -0.288265019655 -0.146676287055
      vertex 0.266137570143 -0.289952456951 -0.141349479556
    endloop
  endfacet
  facet normal 0.235433891416 -0.19229465723 -0.952677071095
    outer loop
      vertex 0.26308003068 -0.289958626032 -0.154154255986
      vertex 0.262334644794 -0.288265019655 -0.146676287055
      vertex 0.266837894917 -0.28949585557 -0.147260680795
    endloop
  endfacet
  facet normal 0.42663154006 -0.15911385417 -0.890319228172
    outer loop
      vertex 0.25815936923 -0.287368059158 -0.15285256505
      vertex 0.262334644794 -0.288265019655 -0.146676287055
      vertex 0.26308003068 -0.289958626032 -0.154154255986
    endloop
  endfacet
  facet normal 0.551573216915 -0.257662177086 -0.793332993984
    outer loop
      vertex 0.25815936923 -0.287368059158 -0.15285256505
      vertex 0.25616723299 -0.28520527482 -0.150457918644
      vertex 0.262334644794 -0.288265019655 -0.146676287055
    endloop
  endfacet
  facet normal 0.389867961407 -0.4171461761 -0.82097017765
    outer loop
      vertex 0.25815936923 -0.287368059158 -0.15285256505
      vertex 0.255797445774 -0.286764323711 -0.153871834278
      vertex 0.25616723299 -0.28520527482 -0.150457918644
    endloop
  endfacet
  facet normal 0.439359754324 -0.652229726315 -0.617704927921
    outer loop
      vertex 0.258385121822 -0.289640277624 -0.154852420092
      vertex 0.255797445774 -0.286764323711 -0.153871834278
      vertex 0.25815936923 -0.287368059158 -0.15285256505
    endloop
  endfacet
  facet normal 0.357205718756 -0.737676978111 -0.572919487953
    outer loop
      vertex 0.258385121822 -0.289640277624 -0.154852420092
      vertex 0.25480055809 -0.289943516254 -0.156823679805
      vertex 0.255797445774 -0.286764323711 -0.153871834278
    endloop
  endfacet
  facet normal 0.32682004571 -0.693122625351 -0.642471551895
    outer loop
      vertex 0.258610635996 -0.291912227869 -0.156852006912
      vertex 0.25480055809 -0.289943516254 -0.156823679805
      vertex 0.258385121822 -0.289640277624 -0.154852420092
    endloop
  endfacet
  facet normal 0.00782929360867 -0.999533116817 -0.0295342374593
    outer loop
      vertex 0.253259658813 -0.29571518302 -0.157006293535
      vertex 0.25480055809 -0.289943516254 -0.156823679805
      vertex 0.258610635996 -0.291912227869 -0.156852006912
    endloop
  endfacet
  facet normal 0.491928189993 -0.864403784275 0.103984154761
    outer loop
      vertex 0.25480055809 -0.289943516254 -0.156823679805
      vertex 0.253259658813 -0.29571518302 -0.157006293535
      vertex 0.252087295055 -0.290721327066 -0.15827421844
    endloop
  endfacet
  facet normal 0.334819942713 -0.929062664509 0.157283708453
    outer loop
      vertex 0.253259658813 -0.29571518302 -0.157006293535
      vertex 0.250200748444 -0.293952673674 -0.158407062292
      vertex 0.252087295055 -0.290721327066 -0.15827421844
    endloop
  endfacet
  facet normal 0.291723966599 -0.928109645844 0.231321498752
    outer loop
      vertex 0.247507676482 -0.297653734684 -0.158331096172
      vertex 0.250200748444 -0.293952673674 -0.158407062292
      vertex 0.253259658813 -0.29571518302 -0.157006293535
    endloop
  endfacet
  facet normal 0.347790807486 -0.897404968739 0.271488249302
    outer loop
      vertex 0.24588380754 -0.29509589076 -0.159734249115
      vertex 0.250200748444 -0.293952673674 -0.158407062292
      vertex 0.247507676482 -0.297653734684 -0.158331096172
    endloop
  endfacet
  facet normal 0.329951554537 -0.929036021233 0.167403712869
    outer loop
      vertex 0.250200748444 -0.293952673674 -0.158407062292
      vertex 0.24588380754 -0.29509589076 -0.159734249115
      vertex 0.246336311102 -0.292450964451 -0.16005012393
    endloop
  endfacet
  facet normal -0.0550728403032 -0.992502689362 0.109111793339
    outer loop
      vertex 0.24588380754 -0.29509589076 -0.159734249115
      vertex 0.244203791022 -0.293603152037 -0.159805133939
      vertex 0.246336311102 -0.292450964451 -0.16005012393
    endloop
  endfacet
  facet normal 0.0690730586648 -0.997148692608 -0.0303880758584
    outer loop
      vertex 0.24588380754 -0.29509589076 -0.159734249115
      vertex 0.244071438909 -0.295327395201 -0.159866854548
      vertex 0.244203791022 -0.293603152037 -0.159805133939
    endloop
  endfacet
  facet normal 0.109729386866 -0.941028594971 0.320038437843
    outer loop
      vertex 0.244071438909 -0.295327395201 -0.159866854548
      vertex 0.24588380754 -0.29509589076 -0.159734249115
      vertex 0.244451746345 -0.296896785498 -0.159288764
    endloop
  endfacet
  facet normal 0.190962567925 -0.906672537327 0.376135915518
    outer loop
      vertex 0.244451746345 -0.296896785498 -0.159288764
      vertex 0.24588380754 -0.29509589076 -0.159734249115
      vertex 0.247507676482 -0.297653734684 -0.158331096172
    endloop
  endfacet
  facet normal 0.207773834467 -0.921770453453 0.327367216349
    outer loop
      vertex 0.244227707386 -0.298543065786 -0.158754587173
      vertex 0.244451746345 -0.296896785498 -0.159288764
      vertex 0.247507676482 -0.297653734684 -0.158331096172
    endloop
  endfacet
  facet normal -0.116417102516 -0.949255347252 0.292166620493
    outer loop
      vertex 0.244451746345 -0.296896785498 -0.159288764
      vertex 0.244227707386 -0.298543065786 -0.158754587173
      vertex 0.243277549744 -0.297494411469 -0.158960819244
    endloop
  endfacet
  facet normal -0.15944083035 -0.96341997385 0.215407863259
    outer loop
      vertex 0.243406534195 -0.296145766973 -0.159283697605
      vertex 0.244451746345 -0.296896785498 -0.159288764
      vertex 0.243277549744 -0.297494411469 -0.158960819244
    endloop
  endfacet
  facet normal -0.285478919744 -0.874811887741 0.391415327787
    outer loop
      vertex 0.243406534195 -0.296145766973 -0.159283697605
      vertex 0.244071438909 -0.295327395201 -0.159866854548
      vertex 0.244451746345 -0.296896785498 -0.159288764
    endloop
  endfacet
  facet normal -0.366765260696 -0.87224149704 0.323539882898
    outer loop
      vertex 0.243406534195 -0.296145766973 -0.159283697605
      vertex 0.242848858237 -0.294820427895 -0.159540817142
      vertex 0.244071438909 -0.295327395201 -0.159866854548
    endloop
  endfacet
  facet normal -0.195260778069 -0.944178462029 0.265330463648
    outer loop
      vertex 0.243406534195 -0.296145766973 -0.159283697605
      vertex 0.242361038923 -0.295394510031 -0.159278601408
      vertex 0.242848858237 -0.294820427895 -0.159540817142
    endloop
  endfacet
  facet normal -0.138416945934 -0.972745537758 0.186029151082
    outer loop
      vertex 0.243406534195 -0.296145766973 -0.159283697605
      vertex 0.24221521616 -0.297268539667 -0.158899471164
      vertex 0.242361038923 -0.295394510031 -0.159278601408
    endloop
  endfacet
  facet normal -0.103245399892 -0.969509959221 0.22224034369
    outer loop
      vertex 0.24221521616 -0.297268539667 -0.158899471164
      vertex 0.243406534195 -0.296145766973 -0.159283697605
      vertex 0.243277549744 -0.297494411469 -0.158960819244
    endloop
  endfacet
  facet normal -0.492693722248 -0.859577834606 0.135568737984
    outer loop
      vertex 0.24221521616 -0.297268539667 -0.158899471164
      vertex 0.241254925728 -0.295384526253 -0.158646181226
      vertex 0.242361038923 -0.295394510031 -0.159278601408
    endloop
  endfacet
  facet normal -0.615352332592 -0.75932943821 0.211566463113
    outer loop
      vertex 0.241254925728 -0.295384526253 -0.158646181226
      vertex 0.24221521616 -0.297268539667 -0.158899471164
      vertex 0.240249484777 -0.296717822552 -0.157459899783
    endloop
  endfacet
  facet normal -0.788042783737 -0.613730370998 -0.0482037812471
    outer loop
      vertex 0.240263551474 -0.295215666294 -0.157359972596
      vertex 0.241254925728 -0.295384526253 -0.158646181226
      vertex 0.240249484777 -0.296717822552 -0.157459899783
    endloop
  endfacet
  facet normal -0.793381631374 -0.608200073242 0.0252645015717
    outer loop
      vertex 0.240860491991 -0.294455826283 -0.158170238137
      vertex 0.241254925728 -0.295384526253 -0.158646181226
      vertex 0.240263551474 -0.295215666294 -0.157359972596
    endloop
  endfacet
  facet normal -0.71796476841 -0.694219768047 -0.0508482381701
    outer loop
      vertex 0.241254925728 -0.295384526253 -0.158646181226
      vertex 0.240860491991 -0.294455826283 -0.158170238137
      vertex 0.241578951478 -0.294700831175 -0.158931210637
    endloop
  endfacet
  facet normal -0.729029119015 -0.684374332428 0.0121757630259
    outer loop
      vertex 0.241477251053 -0.293854117393 -0.158837944269
      vertex 0.241578951478 -0.294700831175 -0.158931210637
      vertex 0.240860491991 -0.294455826283 -0.158170238137
    endloop
  endfacet
  facet normal -0.663701415062 -0.747992813587 -0.00267842016183
    outer loop
      vertex 0.242328092456 -0.294179975986 -0.159594073892
      vertex 0.241578951478 -0.294700831175 -0.158931210637
      vertex 0.241477251053 -0.293854117393 -0.158837944269
    endloop
  endfacet
  facet normal -0.425458490849 -0.805290818214 0.412906467915
    outer loop
      vertex 0.242328092456 -0.294179975986 -0.159594073892
      vertex 0.242848858237 -0.294820427895 -0.159540817142
      vertex 0.241578951478 -0.294700831175 -0.158931210637
    endloop
  endfacet
  facet normal -0.123600244522 -0.975570678711 0.181617289782
    outer loop
      vertex 0.242886587977 -0.29405644536 -0.159687831998
      vertex 0.242848858237 -0.294820427895 -0.159540817142
      vertex 0.242328092456 -0.294179975986 -0.159594073892
    endloop
  endfacet
  facet normal -0.309109896421 -0.936610937119 0.164957657456
    outer loop
      vertex 0.242848858237 -0.294820427895 -0.159540817142
      vertex 0.242886587977 -0.29405644536 -0.159687831998
      vertex 0.243336349726 -0.294246464968 -0.159802794456
    endloop
  endfacet
  facet normal -0.220960944891 -0.973064780235 -0.0657355412841
    outer loop
      vertex 0.242886587977 -0.29405644536 -0.159687831998
      vertex 0.243270844221 -0.293667584658 -0.159748807549
      vertex 0.243336349726 -0.294246464968 -0.159802794456
    endloop
  endfacet
  facet normal -0.247505754232 -0.964381098747 -0.0933272838593
    outer loop
      vertex 0.243270844221 -0.293667584658 -0.159748807549
      vertex 0.242886587977 -0.29405644536 -0.159687831998
      vertex 0.242544919252 -0.293552488089 -0.159551367164
    endloop
  endfacet
  facet normal -0.192569240928 -0.972268223763 -0.132708564401
    outer loop
      vertex 0.242544919252 -0.293552488089 -0.159551367164
      vertex 0.242886587977 -0.29405644536 -0.159687831998
      vertex 0.242328092456 -0.294179975986 -0.159594073892
    endloop
  endfacet
  facet normal -0.520358622074 -0.820784747601 -0.235667914152
    outer loop
      vertex 0.242544919252 -0.293552488089 -0.159551367164
      vertex 0.242328092456 -0.294179975986 -0.159594073892
      vertex 0.241869062185 -0.293318331242 -0.159055650234
    endloop
  endfacet
  facet normal -0.625381231308 -0.766569435596 -0.14584107697
    outer loop
      vertex 0.242328092456 -0.294179975986 -0.159594073892
      vertex 0.241477251053 -0.293854117393 -0.158837944269
      vertex 0.241869062185 -0.293318331242 -0.159055650234
    endloop
  endfacet
  facet normal -0.652158439159 -0.737027108669 -0.177427336574
    outer loop
      vertex 0.241276562214 -0.29328763485 -0.158523991704
      vertex 0.241869062185 -0.293318331242 -0.159055650234
      vertex 0.241477251053 -0.293854117393 -0.158837944269
    endloop
  endfacet
  facet normal -0.649233520031 -0.734850764275 -0.19618909061
    outer loop
      vertex 0.241869062185 -0.293318331242 -0.159055650234
      vertex 0.241276562214 -0.29328763485 -0.158523991704
      vertex 0.241508081555 -0.292870908976 -0.158617287874
    endloop
  endfacet
  facet normal 0.563029825687 -0.682754218578 0.465665191412
    outer loop
      vertex 0.241276562214 -0.29328763485 -0.158523991704
      vertex 0.240764781833 -0.293087601662 -0.159082442522
      vertex 0.241508081555 -0.292870908976 -0.158617287874
    endloop
  endfacet
  facet normal 0.39821818471 -0.61023491621 0.684861779213
    outer loop
      vertex 0.240641579032 -0.293532252312 -0.158663809299
      vertex 0.240764781833 -0.293087601662 -0.159082442522
      vertex 0.241276562214 -0.29328763485 -0.158523991704
    endloop
  endfacet
  facet normal 0.323125571012 -0.642710924149 0.69463121891
    outer loop
      vertex 0.239819973707 -0.293478548527 -0.159134924412
      vertex 0.240764781833 -0.293087601662 -0.159082442522
      vertex 0.240641579032 -0.293532252312 -0.158663809299
    endloop
  endfacet
  facet normal 0.281454741955 -0.766485273838 0.577307164669
    outer loop
      vertex 0.240241289139 -0.292743861675 -0.159533575177
      vertex 0.240764781833 -0.293087601662 -0.159082442522
      vertex 0.239819973707 -0.293478548527 -0.159134924412
    endloop
  endfacet
  facet normal 0.414005935192 -0.804673790932 0.425557464361
    outer loop
      vertex 0.240241289139 -0.292743861675 -0.159533575177
      vertex 0.240973770618 -0.292466521263 -0.159303382039
      vertex 0.240764781833 -0.293087601662 -0.159082442522
    endloop
  endfacet
  facet normal 0.404256641865 -0.834042608738 0.3754324615
    outer loop
      vertex 0.240241289139 -0.292743861675 -0.159533575177
      vertex 0.240516245365 -0.291988432407 -0.15974034369
      vertex 0.240973770618 -0.292466521263 -0.159303382039
    endloop
  endfacet
  facet normal 0.284832268953 -0.893124580383 0.348136514425
    outer loop
      vertex 0.240241289139 -0.292743861675 -0.159533575177
      vertex 0.239687755704 -0.292041927576 -0.159983724356
      vertex 0.240516245365 -0.291988432407 -0.15974034369
    endloop
  endfacet
  facet normal 0.157985240221 -0.883118271828 0.441749721766
    outer loop
      vertex 0.239687755704 -0.292041927576 -0.159983724356
      vertex 0.240241289139 -0.292743861675 -0.159533575177
      vertex 0.238917440176 -0.293183624744 -0.159550428391
    endloop
  endfacet
  facet normal 0.193467840552 -0.811560332775 0.551307559013
    outer loop
      vertex 0.240241289139 -0.292743861675 -0.159533575177
      vertex 0.239819973707 -0.293478548527 -0.159134924412
      vertex 0.238917440176 -0.293183624744 -0.159550428391
    endloop
  endfacet
  facet normal 0.122325196862 -0.737300395966 0.664397954941
    outer loop
      vertex 0.238917440176 -0.293183624744 -0.159550428391
      vertex 0.239819973707 -0.293478548527 -0.159134924412
      vertex 0.238347008824 -0.294178366661 -0.158748686314
    endloop
  endfacet
  facet normal 0.262072473764 -0.498145133257 0.826540648937
    outer loop
      vertex 0.239819973707 -0.293478548527 -0.159134924412
      vertex 0.239733785391 -0.294210910797 -0.157965108752
      vertex 0.238347008824 -0.294178366661 -0.158748686314
    endloop
  endfacet
  facet normal 0.234291657805 -0.503407776356 0.831677854061
    outer loop
      vertex 0.239819973707 -0.293478548527 -0.159134924412
      vertex 0.240641579032 -0.293532252312 -0.158663809299
      vertex 0.239733785391 -0.294210910797 -0.157965108752
    endloop
  endfacet
  facet normal 0.373350799084 -0.349571913481 0.85930711031
    outer loop
      vertex 0.240641579032 -0.293532252312 -0.158663809299
      vertex 0.240892544389 -0.293678581715 -0.158036082983
      vertex 0.239733785391 -0.294210910797 -0.157965108752
    endloop
  endfacet
  facet normal 0.403245538473 -0.357568234205 0.842340767384
    outer loop
      vertex 0.240641579032 -0.293532252312 -0.158663809299
      vertex 0.241276562214 -0.29328763485 -0.158523991704
      vertex 0.240892544389 -0.293678581715 -0.158036082983
    endloop
  endfacet
  facet normal -0.802386045456 -0.595066189766 -0.0455283410847
    outer loop
      vertex 0.240892544389 -0.293678581715 -0.158036082983
      vertex 0.241276562214 -0.29328763485 -0.158523991704
      vertex 0.241477251053 -0.293854117393 -0.158837944269
    endloop
  endfacet
  facet normal -0.785973131657 -0.603008568287 -0.136480674148
    outer loop
      vertex 0.240892544389 -0.293678581715 -0.158036082983
      vertex 0.241477251053 -0.293854117393 -0.158837944269
      vertex 0.240860491991 -0.294455826283 -0.158170238137
    endloop
  endfacet
  facet normal -0.828274428844 -0.545439004898 -0.128287836909
    outer loop
      vertex 0.240860491991 -0.294455826283 -0.158170238137
      vertex 0.24046626687 -0.294113993645 -0.157491192222
      vertex 0.240892544389 -0.293678581715 -0.158036082983
    endloop
  endfacet
  facet normal -0.840631783009 -0.53389108181 -0.0910963639617
    outer loop
      vertex 0.240860491991 -0.294455826283 -0.158170238137
      vertex 0.240263551474 -0.295215666294 -0.157359972596
      vertex 0.24046626687 -0.294113993645 -0.157491192222
    endloop
  endfacet
  facet normal -0.815817952156 -0.572475075722 -0.0819349661469
    outer loop
      vertex 0.24046626687 -0.294113993645 -0.157491192222
      vertex 0.240263551474 -0.295215666294 -0.157359972596
      vertex 0.240039989352 -0.294549226761 -0.156946003437
    endloop
  endfacet
  facet normal -0.817007064819 -0.570966899395 -0.0805992260575
    outer loop
      vertex 0.239758819342 -0.294836819172 -0.156584277749
      vertex 0.240039989352 -0.294549226761 -0.156946003437
      vertex 0.240263551474 -0.295215666294 -0.157359972596
    endloop
  endfacet
  facet normal 0.427191793919 -0.335489809513 0.839615225792
    outer loop
      vertex 0.240039989352 -0.294549226761 -0.156946003437
      vertex 0.239758819342 -0.294836819172 -0.156584277749
      vertex 0.23963907361 -0.294752806425 -0.156947016716
    endloop
  endfacet
  facet normal 0.353078871965 -0.320168435574 0.879106044769
    outer loop
      vertex 0.23963907361 -0.294752806425 -0.156947016716
      vertex 0.239758819342 -0.294836819172 -0.156584277749
      vertex 0.239447340369 -0.294922858477 -0.156691536307
    endloop
  endfacet
  facet normal 0.303320109844 -0.122862137854 0.944934785366
    outer loop
      vertex 0.239758819342 -0.294836819172 -0.156584277749
      vertex 0.23955309391 -0.294941663742 -0.156285822392
      vertex 0.239447340369 -0.294922858477 -0.156691536307
    endloop
  endfacet
  facet normal -0.826257526875 -0.562980651855 -0.0187409799546
    outer loop
      vertex 0.239758819342 -0.294836819172 -0.156584277749
      vertex 0.239793345332 -0.295515745878 -0.156657546759
      vertex 0.23955309391 -0.294941663742 -0.156285822392
    endloop
  endfacet
  facet normal -0.834235787392 -0.551144003868 -0.017057871446
    outer loop
      vertex 0.239793345332 -0.295515745878 -0.156657546759
      vertex 0.239758819342 -0.294836819172 -0.156584277749
      vertex 0.240263551474 -0.295215666294 -0.157359972596
    endloop
  endfacet
  facet normal -0.838778913021 -0.542695105076 -0.043953936547
    outer loop
      vertex 0.240249484777 -0.296717822552 -0.157459899783
      vertex 0.239793345332 -0.295515745878 -0.156657546759
      vertex 0.240263551474 -0.295215666294 -0.157359972596
    endloop
  endfacet
  facet normal -0.721192896366 -0.670548856258 -0.173911139369
    outer loop
      vertex 0.239288806915 -0.29694122076 -0.156484588981
      vertex 0.239793345332 -0.295515745878 -0.156657546759
      vertex 0.240249484777 -0.296717822552 -0.157459899783
    endloop
  endfacet
  facet normal -0.826014697552 -0.51461738348 -0.229931816459
    outer loop
      vertex 0.239793345332 -0.295515745878 -0.156657546759
      vertex 0.239288806915 -0.29694122076 -0.156484588981
      vertex 0.239229917526 -0.295495182276 -0.155743986368
    endloop
  endfacet
  facet normal -0.851190268993 -0.524596273899 0.016547665
    outer loop
      vertex 0.239793345332 -0.295515745878 -0.156657546759
      vertex 0.239229917526 -0.295495182276 -0.155743986368
      vertex 0.23955309391 -0.294941663742 -0.156285822392
    endloop
  endfacet
  facet normal -0.920158982277 -0.213617697358 -0.328138560057
    outer loop
      vertex 0.23955309391 -0.294941663742 -0.156285822392
      vertex 0.239229917526 -0.295495182276 -0.155743986368
      vertex 0.239379256964 -0.295035362244 -0.155680969357
    endloop
  endfacet
  facet normal 0.344078928232 -0.0463862158358 0.937794208527
    outer loop
      vertex 0.239049836993 -0.295119941235 -0.156414523721
      vertex 0.23955309391 -0.294941663742 -0.156285822392
      vertex 0.239379256964 -0.295035362244 -0.155680969357
    endloop
  endfacet
  facet normal 0.361722111702 -0.137029543519 0.922160506248
    outer loop
      vertex 0.239447340369 -0.294922858477 -0.156691536307
      vertex 0.23955309391 -0.294941663742 -0.156285822392
      vertex 0.239049836993 -0.295119941235 -0.156414523721
    endloop
  endfacet
  facet normal 0.345915615559 -0.161238759756 0.924307525158
    outer loop
      vertex 0.23923817277 -0.294956386089 -0.156948059797
      vertex 0.239447340369 -0.294922858477 -0.156691536307
      vertex 0.239049836993 -0.295119941235 -0.156414523721
    endloop
  endfacet
  facet normal 0.439448088408 -0.245368644595 0.864106237888
    outer loop
      vertex 0.239447340369 -0.294922858477 -0.156691536307
      vertex 0.23923817277 -0.294956386089 -0.156948059797
      vertex 0.23963907361 -0.294752806425 -0.156947016716
    endloop
  endfacet
  facet normal 0.416489839554 -0.396502733231 0.818120896816
    outer loop
      vertex 0.23923817277 -0.294956386089 -0.156948059797
      vertex 0.239485993981 -0.294583767653 -0.157456606627
      vertex 0.23963907361 -0.294752806425 -0.156947016716
    endloop
  endfacet
  facet normal 0.298993378878 -0.464912652969 0.833342194557
    outer loop
      vertex 0.23923817277 -0.294956386089 -0.156948059797
      vertex 0.238931849599 -0.294644057751 -0.157704919577
      vertex 0.239485993981 -0.294583767653 -0.157456606627
    endloop
  endfacet
  facet normal 0.299066722393 -0.464927971363 0.83330732584
    outer loop
      vertex 0.238931849599 -0.294644057751 -0.157704919577
      vertex 0.23923817277 -0.294956386089 -0.156948059797
      vertex 0.238129615784 -0.295077294111 -0.157444447279
    endloop
  endfacet
  facet normal 0.202861979604 -0.220672249794 0.954018235207
    outer loop
      vertex 0.23923817277 -0.294956386089 -0.156948059797
      vertex 0.238495722413 -0.295180231333 -0.156662851572
      vertex 0.238129615784 -0.295077294111 -0.157444447279
    endloop
  endfacet
  facet normal 0.202780246735 -0.220863878727 0.953991234303
    outer loop
      vertex 0.238495722413 -0.295180231333 -0.156662851572
      vertex 0.23923817277 -0.294956386089 -0.156948059797
      vertex 0.239049836993 -0.295119941235 -0.156414523721
    endloop
  endfacet
  facet normal 0.202640339732 -0.220525488257 0.954099237919
    outer loop
      vertex 0.238861516118 -0.295283257961 -0.155880987644
      vertex 0.238495722413 -0.295180231333 -0.156662851572
      vertex 0.239049836993 -0.295119941235 -0.156414523721
    endloop
  endfacet
  facet normal 0.153299450874 -0.199257671833 0.967882037163
    outer loop
      vertex 0.238495722413 -0.295180231333 -0.156662851572
      vertex 0.238861516118 -0.295283257961 -0.155880987644
      vertex 0.237727805972 -0.295373171568 -0.15631647408
    endloop
  endfacet
  facet normal 0.153304383159 -0.199271291494 0.967878460884
    outer loop
      vertex 0.238861516118 -0.295283257961 -0.155880987644
      vertex 0.237325951457 -0.295669108629 -0.15518823266
      vertex 0.237727805972 -0.295373171568 -0.15631647408
    endloop
  endfacet
  facet normal 0.237013414502 -0.0156705901027 0.971379995346
    outer loop
      vertex 0.237325951457 -0.295669108629 -0.15518823266
      vertex 0.238861516118 -0.295283257961 -0.155880987644
      vertex 0.238339215517 -0.295430243015 -0.15466940403
    endloop
  endfacet
  facet normal 0.207576423883 0.0445029214025 0.977205991745
    outer loop
      vertex 0.238339215517 -0.295430243015 -0.15466940403
      vertex 0.237847238779 -0.295495986938 -0.153818234801
      vertex 0.237325951457 -0.295669108629 -0.15518823266
    endloop
  endfacet
  facet normal 0.176946565509 0.0262838322669 0.983869433403
    outer loop
      vertex 0.238856881857 -0.295315682888 -0.15386608243
      vertex 0.237847238779 -0.295495986938 -0.153818234801
      vertex 0.238339215517 -0.295430243015 -0.15466940403
    endloop
  endfacet
  facet normal 0.179585129023 0.102706961334 0.978366196156
    outer loop
      vertex 0.237847238779 -0.295495986938 -0.153818234801
      vertex 0.238856881857 -0.295315682888 -0.15386608243
      vertex 0.238742798567 -0.295268535614 -0.153217479587
    endloop
  endfacet
  facet normal 0.109167955816 0.205478847027 0.972553730011
    outer loop
      vertex 0.238742798567 -0.295268535614 -0.153217479587
      vertex 0.237350404263 -0.295350074768 -0.152863651514
      vertex 0.237847238779 -0.295495986938 -0.153818234801
    endloop
  endfacet
  facet normal 0.0954798161983 0.14892193675 0.984228551388
    outer loop
      vertex 0.237350404263 -0.295350074768 -0.152863651514
      vertex 0.238742798567 -0.295268535614 -0.153217479587
      vertex 0.238725036383 -0.295141071081 -0.152363672853
    endloop
  endfacet
  facet normal 0.110148146749 0.110086083412 0.987799823284
    outer loop
      vertex 0.238725036383 -0.295141071081 -0.152363672853
      vertex 0.237859457731 -0.295140117407 -0.151489049196
      vertex 0.237350404263 -0.295350074768 -0.152863651514
    endloop
  endfacet
  facet normal 0.149536252022 0.149055570364 0.977456569672
    outer loop
      vertex 0.238725036383 -0.295141071081 -0.152363672853
      vertex 0.238707005978 -0.295013636351 -0.151509910822
      vertex 0.237859457731 -0.295140117407 -0.151489049196
    endloop
  endfacet
  facet normal -0.0907013788819 0.18310713768 0.978899896145
    outer loop
      vertex 0.237350404263 -0.295350074768 -0.152863651514
      vertex 0.237859457731 -0.295140117407 -0.151489049196
      vertex 0.236277550459 -0.294993400574 -0.151488289237
    endloop
  endfacet
  facet normal -0.0843586847186 0.402192831039 0.911660313606
    outer loop
      vertex 0.237859457731 -0.295140117407 -0.151489049196
      vertex 0.237492576241 -0.294606804848 -0.150357142091
      vertex 0.236277550459 -0.294993400574 -0.151488289237
    endloop
  endfacet
  facet normal -0.0638155192137 0.383441001177 0.921357989311
    outer loop
      vertex 0.236277550459 -0.294993400574 -0.151488289237
      vertex 0.237492576241 -0.294606804848 -0.150357142091
      vertex 0.235384196043 -0.294390171766 -0.150187492371
    endloop
  endfacet
  facet normal -0.0519536584616 0.475632995367 0.878108263016
    outer loop
      vertex 0.235384196043 -0.294390171766 -0.150187492371
      vertex 0.237492576241 -0.294606804848 -0.150357142091
      vertex 0.237435296178 -0.294060558081 -0.149354919791
    endloop
  endfacet
  facet normal 0.0226474627852 0.479445010424 0.877279639244
    outer loop
      vertex 0.237435296178 -0.294060558081 -0.149354919791
      vertex 0.237492576241 -0.294606804848 -0.150357142091
      vertex 0.238398551941 -0.294282346964 -0.149806246161
    endloop
  endfacet
  facet normal 0.033005643636 0.466356903315 0.883980691433
    outer loop
      vertex 0.238398551941 -0.294282346964 -0.149806246161
      vertex 0.237492576241 -0.294606804848 -0.150357142091
      vertex 0.238663032651 -0.294514894485 -0.150265753269
    endloop
  endfacet
  facet normal 0.236383095384 0.54362487793 0.805353999138
    outer loop
      vertex 0.238795235753 -0.294280469418 -0.149975955486
      vertex 0.238398551941 -0.294282346964 -0.149806246161
      vertex 0.238663032651 -0.294514894485 -0.150265753269
    endloop
  endfacet
  facet normal 0.223136037588 0.512396037579 0.829253017902
    outer loop
      vertex 0.238398551941 -0.294282346964 -0.149806246161
      vertex 0.238795235753 -0.294280469418 -0.149975955486
      vertex 0.238663941622 -0.294066518545 -0.149572521448
    endloop
  endfacet
  facet normal 0.28596919775 0.51993727684 0.804914176464
    outer loop
      vertex 0.238663941622 -0.294066518545 -0.149572521448
      vertex 0.238795235753 -0.294280469418 -0.149975955486
      vertex 0.238927423954 -0.294046103954 -0.149685829878
    endloop
  endfacet
  facet normal -0.9370226264 0.190407589078 -0.292802929878
    outer loop
      vertex 0.238795235753 -0.294280469418 -0.149975955486
      vertex 0.238858908415 -0.294273287058 -0.149673640728
      vertex 0.238927423954 -0.294046103954 -0.149685829878
    endloop
  endfacet
  facet normal -0.936818361282 0.190348133445 -0.293494343758
    outer loop
      vertex 0.238795235753 -0.294280469418 -0.149975955486
      vertex 0.238738462329 -0.294550001621 -0.149839833379
      vertex 0.238858908415 -0.294273287058 -0.149673640728
    endloop
  endfacet
  facet normal -0.9369109869 0.190074801445 -0.293375790119
    outer loop
      vertex 0.238663032651 -0.294514894485 -0.150265753269
      vertex 0.238738462329 -0.294550001621 -0.149839833379
      vertex 0.238795235753 -0.294280469418 -0.149975955486
    endloop
  endfacet
  facet normal -0.939632117748 0.18984118104 -0.284695953131
    outer loop
      vertex 0.238544166088 -0.295101314783 -0.149974703789
      vertex 0.238738462329 -0.294550001621 -0.149839833379
      vertex 0.238663032651 -0.294514894485 -0.150265753269
    endloop
  endfacet
  facet normal -0.936826407909 0.189720317721 -0.29387485981
    outer loop
      vertex 0.238738462329 -0.294550001621 -0.149839833379
      vertex 0.238842234015 -0.294450193644 -0.14948195219
      vertex 0.238858908415 -0.294273287058 -0.149673640728
    endloop
  endfacet
  facet normal -0.970922708511 0.111198432744 -0.212000072002
    outer loop
      vertex 0.238842234015 -0.294450193644 -0.14948195219
      vertex 0.238939508796 -0.29409918189 -0.149301841855
      vertex 0.238858908415 -0.294273287058 -0.149673640728
    endloop
  endfacet
  facet normal -0.970876574516 0.100394517183 -0.217530623078
    outer loop
      vertex 0.238939508796 -0.29409918189 -0.149301841855
      vertex 0.238842234015 -0.294450193644 -0.14948195219
      vertex 0.238927170634 -0.294259011745 -0.149074852467
    endloop
  endfacet
  facet normal -0.987875640392 0.0498319938779 -0.147032126784
    outer loop
      vertex 0.238939508796 -0.29409918189 -0.149301841855
      vertex 0.238927170634 -0.294259011745 -0.149074852467
      vertex 0.238975331187 -0.293938428164 -0.149065926671
    endloop
  endfacet
  facet normal -0.971769988537 0.189366295934 -0.140724912286
    outer loop
      vertex 0.238927170634 -0.294259011745 -0.149074852467
      vertex 0.239040464163 -0.293933212757 -0.148735582829
      vertex 0.238975331187 -0.293938428164 -0.149065926671
    endloop
  endfacet
  facet normal -0.966786146164 0.0949737653136 -0.237285837531
    outer loop
      vertex 0.238950014114 -0.294387251139 -0.148521915078
      vertex 0.239040464163 -0.293933212757 -0.148735582829
      vertex 0.238927170634 -0.294259011745 -0.149074852467
    endloop
  endfacet
  facet normal -0.970544397831 0.0753955468535 -0.2288210392
    outer loop
      vertex 0.239040464163 -0.293933212757 -0.148735582829
      vertex 0.238950014114 -0.294387251139 -0.148521915078
      vertex 0.23909959197 -0.293792068958 -0.148402765393
    endloop
  endfacet
  facet normal -0.969636678696 0.0979479923844 -0.224077999592
    outer loop
      vertex 0.238950014114 -0.294387251139 -0.148521915078
      vertex 0.239077612758 -0.294131934643 -0.147842854261
      vertex 0.23909959197 -0.293792068958 -0.148402765393
    endloop
  endfacet
  facet normal -0.981547117233 0.132652461529 -0.137726590037
    outer loop
      vertex 0.239077612758 -0.294131934643 -0.147842854261
      vertex 0.238950014114 -0.294387251139 -0.148521915078
      vertex 0.238955184817 -0.295038759708 -0.147807195783
    endloop
  endfacet
  facet normal -0.985152065754 0.103388957679 -0.137062609196
    outer loop
      vertex 0.239165022969 -0.294037431479 -0.147135183215
      vertex 0.239077612758 -0.294131934643 -0.147842854261
      vertex 0.238955184817 -0.295038759708 -0.147807195783
    endloop
  endfacet
  facet normal -0.965339183807 0.0863537564874 -0.246299088001
    outer loop
      vertex 0.239077612758 -0.294131934643 -0.147842854261
      vertex 0.239165022969 -0.294037431479 -0.147135183215
      vertex 0.2392180264 -0.293648064137 -0.147653356194
    endloop
  endfacet
  facet normal -0.983527898788 0.0329646579921 -0.177724972367
    outer loop
      vertex 0.239165022969 -0.294037431479 -0.147135183215
      vertex 0.239276900887 -0.293368428946 -0.147404298186
      vertex 0.2392180264 -0.293648064137 -0.147653356194
    endloop
  endfacet
  facet normal -0.966949939728 0.135289430618 -0.216112494469
    outer loop
      vertex 0.239276900887 -0.293368428946 -0.147404298186
      vertex 0.239165022969 -0.294037431479 -0.147135183215
      vertex 0.239376366138 -0.29332652688 -0.146760344505
    endloop
  endfacet
  facet normal -0.964439630508 0.0524445846677 -0.259047746658
    outer loop
      vertex 0.239376366138 -0.29332652688 -0.146760344505
      vertex 0.239165022969 -0.294037431479 -0.147135183215
      vertex 0.239265620708 -0.293957352638 -0.145681008697
    endloop
  endfacet
  facet normal -0.994708716869 0.0727956146002 0.0724937096238
    outer loop
      vertex 0.239165022969 -0.294037431479 -0.147135183215
      vertex 0.239381581545 -0.295475542545 -0.145608171821
      vertex 0.239265620708 -0.293957352638 -0.145681008697
    endloop
  endfacet
  facet normal -0.976782739162 0.202999636531 -0.0684588104486
    outer loop
      vertex 0.239381581545 -0.295475542545 -0.145608171821
      vertex 0.239165022969 -0.294037431479 -0.147135183215
      vertex 0.238955184817 -0.295038759708 -0.147807195783
    endloop
  endfacet
  facet normal -0.981429100037 0.174463033676 0.0797467678785
    outer loop
      vertex 0.239381581545 -0.295475542545 -0.145608171821
      vertex 0.238955184817 -0.295038759708 -0.147807195783
      vertex 0.23906353116 -0.296791195869 -0.147998765111
    endloop
  endfacet
  facet normal -0.941521346569 0.323693931103 0.0935935750604
    outer loop
      vertex 0.23906353116 -0.296791195869 -0.147998765111
      vertex 0.238955184817 -0.295038759708 -0.147807195783
      vertex 0.23873873055 -0.296022295952 -0.148721173406
    endloop
  endfacet
  facet normal -0.880825936794 0.312784582376 0.355403274298
    outer loop
      vertex 0.239381581545 -0.295475542545 -0.145608171821
      vertex 0.23906353116 -0.296791195869 -0.147998765111
      vertex 0.240293249488 -0.297299802303 -0.145113676786
    endloop
  endfacet
  facet normal -0.806318223476 0.249107554555 0.536466538906
    outer loop
      vertex 0.23906353116 -0.296791195869 -0.147998765111
      vertex 0.240063950419 -0.298238396645 -0.147877201438
      vertex 0.240293249488 -0.297299802303 -0.145113676786
    endloop
  endfacet
  facet normal -0.996656894684 0.0334737598896 0.0745289996266
    outer loop
      vertex 0.239381581545 -0.295475542545 -0.145608171821
      vertex 0.239355757833 -0.294367939234 -0.143911212683
      vertex 0.239265620708 -0.293957352638 -0.145681008697
    endloop
  endfacet
  facet normal -0.975904583931 0.0952505841851 -0.196309760213
    outer loop
      vertex 0.239355757833 -0.294367939234 -0.143911212683
      vertex 0.239519417286 -0.293137282133 -0.14477083087
      vertex 0.239265620708 -0.293957352638 -0.145681008697
    endloop
  endfacet
  facet normal -0.950492143631 0.180835902691 -0.252711355686
    outer loop
      vertex 0.239519417286 -0.293137282133 -0.14477083087
      vertex 0.239355757833 -0.294367939234 -0.143911212683
      vertex 0.239769384265 -0.292771488428 -0.14396815002
    endloop
  endfacet
  facet normal -0.859192192554 0.0349431410432 -0.510458350182
    outer loop
      vertex 0.239933729172 -0.292469650507 -0.144336566329
      vertex 0.239519417286 -0.293137282133 -0.14477083087
      vertex 0.239769384265 -0.292771488428 -0.14396815002
    endloop
  endfacet
  facet normal -0.859080851078 0.0345027297735 -0.510675668716
    outer loop
      vertex 0.239990279078 -0.292337745428 -0.144880592823
      vertex 0.239519417286 -0.293137282133 -0.14477083087
      vertex 0.239933729172 -0.292469650507 -0.144336566329
    endloop
  endfacet
  facet normal -0.8590965271 0.0343286432326 -0.510661005974
    outer loop
      vertex 0.239804670215 -0.292622506618 -0.145289689302
      vertex 0.239519417286 -0.293137282133 -0.14477083087
      vertex 0.239990279078 -0.292337745428 -0.144880592823
    endloop
  endfacet
  facet normal -0.911002218723 -0.10524199903 -0.398746848106
    outer loop
      vertex 0.239519417286 -0.293137282133 -0.14477083087
      vertex 0.239804670215 -0.292622506618 -0.145289689302
      vertex 0.239265620708 -0.293957352638 -0.145681008697
    endloop
  endfacet
  facet normal -0.931202888489 0.0522299669683 -0.360739827156
    outer loop
      vertex 0.239804670215 -0.292622506618 -0.145289689302
      vertex 0.239668831229 -0.292822480202 -0.146330446005
      vertex 0.239265620708 -0.293957352638 -0.145681008697
    endloop
  endfacet
  facet normal -0.880812704563 0.0241119042039 -0.47285053134
    outer loop
      vertex 0.239804670215 -0.292622506618 -0.145289689302
      vertex 0.239900380373 -0.292390525341 -0.146342679858
      vertex 0.239668831229 -0.292822480202 -0.146330446005
    endloop
  endfacet
  facet normal -0.859312176704 0.0343161635101 -0.510298848152
    outer loop
      vertex 0.239900380373 -0.292390525341 -0.146342679858
      vertex 0.239804670215 -0.292622506618 -0.145289689302
      vertex 0.2401278615 -0.29206931591 -0.145422801375
    endloop
  endfacet
  facet normal -0.859270274639 0.0346248932183 -0.510348677635
    outer loop
      vertex 0.239804670215 -0.292622506618 -0.145289689302
      vertex 0.239990279078 -0.292337745428 -0.144880592823
      vertex 0.2401278615 -0.29206931591 -0.145422801375
    endloop
  endfacet
  facet normal -0.85940182209 0.0344864316285 -0.510136425495
    outer loop
      vertex 0.2401278615 -0.29206931591 -0.145422801375
      vertex 0.239990279078 -0.292337745428 -0.144880592823
      vertex 0.24027068913 -0.291867733002 -0.144845500588
    endloop
  endfacet
  facet normal -0.859399497509 0.0337895303965 -0.510187029839
    outer loop
      vertex 0.239990279078 -0.292337745428 -0.144880592823
      vertex 0.240113675594 -0.292151033878 -0.144561454654
      vertex 0.24027068913 -0.291867733002 -0.144845500588
    endloop
  endfacet
  facet normal -0.859685361385 0.0341979525983 -0.509677886963
    outer loop
      vertex 0.240113675594 -0.292151033878 -0.144561454654
      vertex 0.239990279078 -0.292337745428 -0.144880592823
      vertex 0.239933729172 -0.292469650507 -0.144336566329
    endloop
  endfacet
  facet normal -0.859777867794 0.03392836079 -0.509539842606
    outer loop
      vertex 0.240071132779 -0.292253524065 -0.144100189209
      vertex 0.240113675594 -0.292151033878 -0.144561454654
      vertex 0.239933729172 -0.292469650507 -0.144336566329
    endloop
  endfacet
  facet normal -0.859840929508 0.033899333328 -0.509435355663
    outer loop
      vertex 0.240071132779 -0.292253524065 -0.144100189209
      vertex 0.240282818675 -0.29187476635 -0.144423022866
      vertex 0.240113675594 -0.292151033878 -0.144561454654
    endloop
  endfacet
  facet normal -0.867752075195 0.0138919465244 -0.496803164482
    outer loop
      vertex 0.240071132779 -0.292253524065 -0.144100189209
      vertex 0.240321651101 -0.291829586029 -0.143613129854
      vertex 0.240282818675 -0.29187476635 -0.144423022866
    endloop
  endfacet
  facet normal 0.240513950586 0.0425639636815 0.969712018967
    outer loop
      vertex 0.239532455802 -0.292038738728 -0.143918737769
      vertex 0.240282818675 -0.29187476635 -0.144423022866
      vertex 0.240321651101 -0.291829586029 -0.143613129854
    endloop
  endfacet
  facet normal 0.195259764791 -0.0282291192561 0.980345189571
    outer loop
      vertex 0.239532455802 -0.292038738728 -0.143918737769
      vertex 0.239494606853 -0.292022824287 -0.144733265042
      vertex 0.240282818675 -0.29187476635 -0.144423022866
    endloop
  endfacet
  facet normal 0.206705480814 -0.0287149045616 0.977981746197
    outer loop
      vertex 0.239494606853 -0.292022824287 -0.144733265042
      vertex 0.239532455802 -0.292038738728 -0.143918737769
      vertex 0.238358080387 -0.292273938656 -0.14436198771
    endloop
  endfacet
  facet normal 0.193420633674 0.00812748167664 0.981082260609
    outer loop
      vertex 0.239532455802 -0.292038738728 -0.143918737769
      vertex 0.238267958164 -0.29228118062 -0.143091142178
      vertex 0.238358080387 -0.292273938656 -0.14436198771
    endloop
  endfacet
  facet normal 0.187892302871 -0.000643764098641 0.982189416885
    outer loop
      vertex 0.239532455802 -0.292038738728 -0.143918737769
      vertex 0.239342957735 -0.2920756042 -0.142981052399
      vertex 0.238267958164 -0.29228118062 -0.143091142178
    endloop
  endfacet
  facet normal 0.260498821735 0.0146910790354 0.965362370014
    outer loop
      vertex 0.239342957735 -0.2920756042 -0.142981052399
      vertex 0.239532455802 -0.292038738728 -0.143918737769
      vertex 0.23994961381 -0.291917055845 -0.143319830298
    endloop
  endfacet
  facet normal 0.247174799442 0.024641295895 0.968657553196
    outer loop
      vertex 0.239532455802 -0.292038738728 -0.143918737769
      vertex 0.240321651101 -0.291829586029 -0.143613129854
      vertex 0.23994961381 -0.291917055845 -0.143319830298
    endloop
  endfacet
  facet normal 0.259695470333 0.0416758209467 0.964790821075
    outer loop
      vertex 0.240360468626 -0.291784137487 -0.142802894115
      vertex 0.23994961381 -0.291917055845 -0.143319830298
      vertex 0.240321651101 -0.291829586029 -0.143613129854
    endloop
  endfacet
  facet normal 0.298997759819 0.0077223922126 0.954222559929
    outer loop
      vertex 0.240360468626 -0.291784137487 -0.142802894115
      vertex 0.240061953664 -0.291876286268 -0.142631471157
      vertex 0.23994961381 -0.291917055845 -0.143319830298
    endloop
  endfacet
  facet normal 0.314818441868 0.0384176857769 0.948374092579
    outer loop
      vertex 0.240061953664 -0.291876286268 -0.142631471157
      vertex 0.240360468626 -0.291784137487 -0.142802894115
      vertex 0.240386039019 -0.291753768921 -0.142262846231
    endloop
  endfacet
  facet normal 0.350709706545 0.00290957326069 0.936479687691
    outer loop
      vertex 0.240386039019 -0.291753768921 -0.142262846231
      vertex 0.239890754223 -0.291939169168 -0.142235845327
      vertex 0.240061953664 -0.291876286268 -0.142631471157
    endloop
  endfacet
  facet normal 0.339211732149 -0.152098149061 0.928332686424
    outer loop
      vertex 0.240386039019 -0.291753768921 -0.142262846231
      vertex 0.240343287587 -0.291846424341 -0.141792684793
      vertex 0.239890754223 -0.291939169168 -0.142235845327
    endloop
  endfacet
  facet normal 0.247462749481 -0.0501946881413 0.9675963521
    outer loop
      vertex 0.239890754223 -0.291939169168 -0.142235845327
      vertex 0.240343287587 -0.291846424341 -0.141792684793
      vertex 0.239567443728 -0.292039036751 -0.141904711723
    endloop
  endfacet
  facet normal 0.248788535595 -0.0610325448215 0.966632962227
    outer loop
      vertex 0.24002225697 -0.291952997446 -0.141413420439
      vertex 0.239567443728 -0.292039036751 -0.141904711723
      vertex 0.240343287587 -0.291846424341 -0.141792684793
    endloop
  endfacet
  facet normal 0.227995157242 -0.0407009683549 0.972811222076
    outer loop
      vertex 0.239567443728 -0.292039036751 -0.141904711723
      vertex 0.24002225697 -0.291952997446 -0.141413420439
      vertex 0.239313349128 -0.292129039764 -0.141176819801
    endloop
  endfacet
  facet normal 0.226766780019 -0.0444722957909 0.972933232784
    outer loop
      vertex 0.24002225697 -0.291952997446 -0.141413420439
      vertex 0.239711716771 -0.292066395283 -0.140516027808
      vertex 0.239313349128 -0.292129039764 -0.141176819801
    endloop
  endfacet
  facet normal 0.221980184317 -0.0462575592101 0.973953306675
    outer loop
      vertex 0.240325167775 -0.291904240847 -0.140986353159
      vertex 0.239711716771 -0.292066395283 -0.140516027808
      vertex 0.24002225697 -0.291952997446 -0.141413420439
    endloop
  endfacet
  facet normal 0.207841977477 -0.0653949156404 0.975973963737
    outer loop
      vertex 0.240307107568 -0.291962116957 -0.140179991722
      vertex 0.239711716771 -0.292066395283 -0.140516027808
      vertex 0.240325167775 -0.291904240847 -0.140986353159
    endloop
  endfacet
  facet normal 0.182550266385 -0.0183944832534 0.983024418354
    outer loop
      vertex 0.240307107568 -0.291962116957 -0.140179991722
      vertex 0.239486947656 -0.292130321264 -0.13933031261
      vertex 0.239711716771 -0.292066395283 -0.140516027808
    endloop
  endfacet
  facet normal 0.132369816303 -0.0679878145456 0.988865971565
    outer loop
      vertex 0.240285411477 -0.292031556368 -0.13921225071
      vertex 0.239486947656 -0.292130321264 -0.13933031261
      vertex 0.240307107568 -0.291962116957 -0.140179991722
    endloop
  endfacet
  facet normal 0.081265732646 0.256169587374 0.963209748268
    outer loop
      vertex 0.239486947656 -0.292130321264 -0.13933031261
      vertex 0.240285411477 -0.292031556368 -0.13921225071
      vertex 0.239536359906 -0.291942626238 -0.138640239835
    endloop
  endfacet
  facet normal 0.136885374784 0.324749410152 0.935841977596
    outer loop
      vertex 0.240452185273 -0.291751295328 -0.138474911451
      vertex 0.239536359906 -0.291942626238 -0.138640239835
      vertex 0.240285411477 -0.292031556368 -0.13921225071
    endloop
  endfacet
  facet normal 0.097402267158 0.473502159119 0.875390470028
    outer loop
      vertex 0.239536359906 -0.291942626238 -0.138640239835
      vertex 0.240452185273 -0.291751295328 -0.138474911451
      vertex 0.23970797658 -0.291521251202 -0.13789652288
    endloop
  endfacet
  facet normal 0.148383066058 0.524403691292 0.838440954685
    outer loop
      vertex 0.23970797658 -0.291521251202 -0.13789652288
      vertex 0.240452185273 -0.291751295328 -0.138474911451
      vertex 0.240556687117 -0.291316717863 -0.137809664011
    endloop
  endfacet
  facet normal 0.234201595187 0.505637407303 0.830349564552
    outer loop
      vertex 0.240918874741 -0.29142254591 -0.138151198626
      vertex 0.240556687117 -0.291316717863 -0.137809664011
      vertex 0.240452185273 -0.291751295328 -0.138474911451
    endloop
  endfacet
  facet normal 0.23424513638 0.50567305088 0.830315589905
    outer loop
      vertex 0.240556687117 -0.291316717863 -0.137809664011
      vertex 0.240918874741 -0.29142254591 -0.138151198626
      vertex 0.241385519505 -0.291093587875 -0.137827217579
    endloop
  endfacet
  facet normal -0.684127032757 0.650569915771 -0.329740762711
    outer loop
      vertex 0.240918874741 -0.29142254591 -0.138151198626
      vertex 0.241179794073 -0.29164147377 -0.137765869498
      vertex 0.241385519505 -0.291093587875 -0.137827217579
    endloop
  endfacet
  facet normal -0.688892960548 0.649408698082 -0.322016835213
    outer loop
      vertex 0.240918874741 -0.29142254591 -0.138151198626
      vertex 0.240909308195 -0.292067736387 -0.137841433287
      vertex 0.241179794073 -0.29164147377 -0.137765869498
    endloop
  endfacet
  facet normal -0.682694792747 0.654711127281 -0.324470669031
    outer loop
      vertex 0.240452185273 -0.291751295328 -0.138474911451
      vertex 0.240909308195 -0.292067736387 -0.137841433287
      vertex 0.240918874741 -0.29142254591 -0.138151198626
    endloop
  endfacet
  facet normal -0.686340332031 0.654091536999 -0.317964196205
    outer loop
      vertex 0.240909308195 -0.292067736387 -0.137841433287
      vertex 0.240452185273 -0.291751295328 -0.138474911451
      vertex 0.240179985762 -0.292733132839 -0.138283252716
    endloop
  endfacet
  facet normal -0.952526450157 0.107125885785 -0.284986704588
    outer loop
      vertex 0.240179985762 -0.292733132839 -0.138283252716
      vertex 0.240452185273 -0.291751295328 -0.138474911451
      vertex 0.240285411477 -0.292031556368 -0.13921225071
    endloop
  endfacet
  facet normal -0.973027408123 0.0581659637392 -0.223236098886
    outer loop
      vertex 0.240179985762 -0.292733132839 -0.138283252716
      vertex 0.240285411477 -0.292031556368 -0.13921225071
      vertex 0.239877998829 -0.293754160404 -0.139416515827
    endloop
  endfacet
  facet normal -0.972998857498 -0.0052566062659 -0.230749979615
    outer loop
      vertex 0.240285411477 -0.292031556368 -0.13921225071
      vertex 0.240307107568 -0.291962116957 -0.140179991722
      vertex 0.239877998829 -0.293754160404 -0.139416515827
    endloop
  endfacet
  facet normal -0.940672576427 0.165966540575 -0.295956432819
    outer loop
      vertex 0.240307107568 -0.291962116957 -0.140179991722
      vertex 0.240004748106 -0.292486280203 -0.14095903933
      vertex 0.239877998829 -0.293754160404 -0.139416515827
    endloop
  endfacet
  facet normal -0.875627160072 0.0150379789993 -0.482753515244
    outer loop
      vertex 0.240325167775 -0.291904240847 -0.140986353159
      vertex 0.240004748106 -0.292486280203 -0.14095903933
      vertex 0.240307107568 -0.291962116957 -0.140179991722
    endloop
  endfacet
  facet normal -0.875639796257 0.0146534675732 -0.48274242878
    outer loop
      vertex 0.240174159408 -0.29216632247 -0.14137583971
      vertex 0.240004748106 -0.292486280203 -0.14095903933
      vertex 0.240325167775 -0.291904240847 -0.140986353159
    endloop
  endfacet
  facet normal -0.870501697063 0.0235430002213 -0.491602003574
    outer loop
      vertex 0.240174159408 -0.29216632247 -0.14137583971
      vertex 0.239665046334 -0.293046712875 -0.141817197204
      vertex 0.240004748106 -0.292486280203 -0.14095903933
    endloop
  endfacet
  facet normal -0.930189549923 0.149179413915 -0.33539968729
    outer loop
      vertex 0.240004748106 -0.292486280203 -0.14095903933
      vertex 0.239665046334 -0.293046712875 -0.141817197204
      vertex 0.239479631186 -0.293973177671 -0.140890315175
    endloop
  endfacet
  facet normal -0.921089529991 0.199257344007 -0.334500551224
    outer loop
      vertex 0.239877998829 -0.293754160404 -0.139416515827
      vertex 0.240004748106 -0.292486280203 -0.14095903933
      vertex 0.239479631186 -0.293973177671 -0.140890315175
    endloop
  endfacet
  facet normal -0.961681842804 0.240330889821 -0.131943672895
    outer loop
      vertex 0.239486917853 -0.296236515045 -0.139618590474
      vertex 0.239877998829 -0.293754160404 -0.139416515827
      vertex 0.239479631186 -0.293973177671 -0.140890315175
    endloop
  endfacet
  facet normal -0.661672174931 0.748541414738 -0.0433087460697
    outer loop
      vertex 0.239486917853 -0.296236515045 -0.139618590474
      vertex 0.241261601448 -0.295806497335 -0.138074740767
      vertex 0.239877998829 -0.293754160404 -0.139416515827
    endloop
  endfacet
  facet normal -0.81886613369 0.537863135338 0.200403422117
    outer loop
      vertex 0.239877998829 -0.293754160404 -0.139416515827
      vertex 0.241261601448 -0.295806497335 -0.138074740767
      vertex 0.241080567241 -0.294091761112 -0.137711450458
    endloop
  endfacet
  facet normal -0.678659319878 0.700698196888 0.22009909153
    outer loop
      vertex 0.241080567241 -0.294091761112 -0.137711450458
      vertex 0.241261601448 -0.295806497335 -0.138074740767
      vertex 0.242198914289 -0.294349879026 -0.136709362268
    endloop
  endfacet
  facet normal -0.663949847221 0.709083974361 0.237424865365
    outer loop
      vertex 0.241261601448 -0.295806497335 -0.138074740767
      vertex 0.242538139224 -0.296676725149 -0.137170836329
      vertex 0.242198914289 -0.294349879026 -0.136709362268
    endloop
  endfacet
  facet normal -0.541660189629 0.805961668491 0.238809466362
    outer loop
      vertex 0.242538139224 -0.296676725149 -0.137170836329
      vertex 0.243214190006 -0.295110106468 -0.13625228405
      vertex 0.242198914289 -0.294349879026 -0.136709362268
    endloop
  endfacet
  facet normal -0.000489980739076 0.862747073174 0.50563544035
    outer loop
      vertex 0.242538139224 -0.296676725149 -0.137170836329
      vertex 0.2462169379 -0.297286629677 -0.137526199222
      vertex 0.243214190006 -0.295110106468 -0.13625228405
    endloop
  endfacet
  facet normal 0.0798009708524 0.904368042946 0.419225752354
    outer loop
      vertex 0.243214190006 -0.295110106468 -0.13625228405
      vertex 0.2462169379 -0.297286629677 -0.137526199222
      vertex 0.245821714401 -0.293564617634 -0.135765954852
    endloop
  endfacet
  facet normal -0.0853105634451 0.982554197311 0.165255278349
    outer loop
      vertex 0.243214190006 -0.295110106468 -0.13625228405
      vertex 0.245821714401 -0.293564617634 -0.135765954852
      vertex 0.24342302978 -0.293170124292 -0.135907873511
    endloop
  endfacet
  facet normal -0.0734542682767 0.993292450905 0.0893006622791
    outer loop
      vertex 0.245821714401 -0.293564617634 -0.135765954852
      vertex 0.244019910693 -0.29186013341 -0.135745957494
      vertex 0.24342302978 -0.293170124292 -0.135907873511
    endloop
  endfacet
  facet normal -0.036526594311 0.998064935207 0.0503204502165
    outer loop
      vertex 0.245821714401 -0.293564617634 -0.135765954852
      vertex 0.246243402362 -0.291126817465 -0.135627612472
      vertex 0.244019910693 -0.29186013341 -0.135745957494
    endloop
  endfacet
  facet normal 0.184008613229 0.979032337666 0.0873873755336
    outer loop
      vertex 0.246243402362 -0.291126817465 -0.135627612472
      vertex 0.245821714401 -0.293564617634 -0.135765954852
      vertex 0.247469097376 -0.291709065437 -0.135909959674
    endloop
  endfacet
  facet normal 0.260836482048 0.961835622787 -0.0826837345958
    outer loop
      vertex 0.246243402362 -0.291126817465 -0.135627612472
      vertex 0.247469097376 -0.291709065437 -0.135909959674
      vertex 0.247704401612 -0.290252298117 -0.136098995805
    endloop
  endfacet
  facet normal 0.18890799582 0.960919141769 -0.202356532216
    outer loop
      vertex 0.246489956975 -0.289432257414 -0.136032938957
      vertex 0.246243402362 -0.291126817465 -0.135627612472
      vertex 0.247704401612 -0.290252298117 -0.136098995805
    endloop
  endfacet
  facet normal 0.0601803138852 0.97274851799 -0.223916530609
    outer loop
      vertex 0.246489956975 -0.289432257414 -0.136032938957
      vertex 0.24496178329 -0.2901494205 -0.135773316026
      vertex 0.246243402362 -0.291126817465 -0.135627612472
    endloop
  endfacet
  facet normal -0.0758199468255 0.874918043613 -0.478298842907
    outer loop
      vertex 0.24496178329 -0.2901494205 -0.135773316026
      vertex 0.246489956975 -0.289432257414 -0.136032938957
      vertex 0.244889944792 -0.28902682662 -0.136393234134
    endloop
  endfacet
  facet normal -0.193269729614 0.975591301918 -0.104251861572
    outer loop
      vertex 0.245782166719 -0.288461476564 -0.136276900768
      vertex 0.244889944792 -0.28902682662 -0.136393234134
      vertex 0.246489956975 -0.289432257414 -0.136032938957
    endloop
  endfacet
  facet normal -0.369147896767 0.833525061607 -0.411054521799
    outer loop
      vertex 0.245782166719 -0.288461476564 -0.136276900768
      vertex 0.245065256953 -0.288171797991 -0.136737242341
      vertex 0.244889944792 -0.28902682662 -0.136393234134
    endloop
  endfacet
  facet normal -0.413290560246 0.849676311016 -0.327476799488
    outer loop
      vertex 0.245065256953 -0.288171797991 -0.136737242341
      vertex 0.245782166719 -0.288461476564 -0.136276900768
      vertex 0.245528295636 -0.287712305784 -0.13668911159
    endloop
  endfacet
  facet normal -0.207494944334 0.885055601597 -0.416680246592
    outer loop
      vertex 0.245782166719 -0.288461476564 -0.136276900768
      vertex 0.246271580458 -0.287838816643 -0.13645529747
      vertex 0.245528295636 -0.287712305784 -0.13668911159
    endloop
  endfacet
  facet normal -0.0943413227797 0.934940218925 -0.342032909393
    outer loop
      vertex 0.246271580458 -0.287838816643 -0.13645529747
      vertex 0.245782166719 -0.288461476564 -0.136276900768
      vertex 0.24708943069 -0.288382202387 -0.136173978448
    endloop
  endfacet
  facet normal -0.088125795126 0.979367256165 -0.181861579418
    outer loop
      vertex 0.245782166719 -0.288461476564 -0.136276900768
      vertex 0.246489956975 -0.289432257414 -0.136032938957
      vertex 0.24708943069 -0.288382202387 -0.136173978448
    endloop
  endfacet
  facet normal 0.103869460523 0.991839647293 -0.0739274993539
    outer loop
      vertex 0.24708943069 -0.288382202387 -0.136173978448
      vertex 0.246489956975 -0.289432257414 -0.136032938957
      vertex 0.247704401612 -0.290252298117 -0.136098995805
    endloop
  endfacet
  facet normal 0.348313450813 0.925032556057 -0.15163269639
    outer loop
      vertex 0.248322322965 -0.287977784872 -0.13670450449
      vertex 0.24708943069 -0.288382202387 -0.136173978448
      vertex 0.247704401612 -0.290252298117 -0.136098995805
    endloop
  endfacet
  facet normal 0.268120646477 0.894944012165 -0.356632262468
    outer loop
      vertex 0.248322322965 -0.287977784872 -0.13670450449
      vertex 0.247514680028 -0.287420958281 -0.136684432626
      vertex 0.24708943069 -0.288382202387 -0.136173978448
    endloop
  endfacet
  facet normal 0.190756469965 0.951240003109 -0.242393150926
    outer loop
      vertex 0.248594328761 -0.286927521229 -0.137026682496
      vertex 0.247514680028 -0.287420958281 -0.136684432626
      vertex 0.248322322965 -0.287977784872 -0.13670450449
    endloop
  endfacet
  facet normal 0.0926856920123 0.901593565941 -0.422538042068
    outer loop
      vertex 0.248594328761 -0.286927521229 -0.137026682496
      vertex 0.247743666172 -0.286145240068 -0.137305855751
      vertex 0.247514680028 -0.287420958281 -0.136684432626
    endloop
  endfacet
  facet normal 0.192774757743 0.838900625706 -0.509002625942
    outer loop
      vertex 0.248594328761 -0.286927521229 -0.137026682496
      vertex 0.248759105802 -0.285499632359 -0.13793091476
      vertex 0.247743666172 -0.286145240068 -0.137305855751
    endloop
  endfacet
  facet normal 0.303044229746 0.82053655386 -0.484648257494
    outer loop
      vertex 0.249862805009 -0.286133617163 -0.137964084744
      vertex 0.248759105802 -0.285499632359 -0.13793091476
      vertex 0.248594328761 -0.286927521229 -0.137026682496
    endloop
  endfacet
  facet normal 0.371780097485 0.699196815491 -0.610658168793
    outer loop
      vertex 0.249862805009 -0.286133617163 -0.137964084744
      vertex 0.250447183847 -0.285162806511 -0.139122694731
      vertex 0.248759105802 -0.285499632359 -0.13793091476
    endloop
  endfacet
  facet normal 0.412690132856 0.698258221149 -0.584912180901
    outer loop
      vertex 0.250447183847 -0.285162806511 -0.139122694731
      vertex 0.249862805009 -0.286133617163 -0.137964084744
      vertex 0.252147346735 -0.286197662354 -0.139260649681
    endloop
  endfacet
  facet normal 0.474463552237 0.820206701756 -0.319601744413
    outer loop
      vertex 0.249862805009 -0.286133617163 -0.137964084744
      vertex 0.249901264906 -0.288488268852 -0.137068808079
      vertex 0.252147346735 -0.286197662354 -0.139260649681
    endloop
  endfacet
  facet normal 0.419648170471 0.846133053303 -0.328563928604
    outer loop
      vertex 0.248594328761 -0.286927521229 -0.137026682496
      vertex 0.249901264906 -0.288488268852 -0.137068808079
      vertex 0.249862805009 -0.286133617163 -0.137964084744
    endloop
  endfacet
  facet normal 0.284533888102 0.93469697237 -0.213030681014
    outer loop
      vertex 0.248322322965 -0.287977784872 -0.13670450449
      vertex 0.249901264906 -0.288488268852 -0.137068808079
      vertex 0.248594328761 -0.286927521229 -0.137026682496
    endloop
  endfacet
  facet normal 0.275197863579 0.944989323616 -0.176808595657
    outer loop
      vertex 0.248322322965 -0.287977784872 -0.13670450449
      vertex 0.247704401612 -0.290252298117 -0.136098995805
      vertex 0.249901264906 -0.288488268852 -0.137068808079
    endloop
  endfacet
  facet normal 0.416225969791 0.825313389301 -0.381593674421
    outer loop
      vertex 0.252147346735 -0.286197662354 -0.139260649681
      vertex 0.249901264906 -0.288488268852 -0.137068808079
      vertex 0.253303915262 -0.29008603096 -0.138046100736
    endloop
  endfacet
  facet normal 0.372192174196 0.848676621914 -0.375793814659
    outer loop
      vertex 0.252147346735 -0.286197662354 -0.139260649681
      vertex 0.253303915262 -0.29008603096 -0.138046100736
      vertex 0.256328105927 -0.28733626008 -0.140589982271
    endloop
  endfacet
  facet normal 0.385508924723 0.661122918129 -0.643660902977
    outer loop
      vertex 0.252116590738 -0.284302055836 -0.1410882622
      vertex 0.252147346735 -0.286197662354 -0.139260649681
      vertex 0.256328105927 -0.28733626008 -0.140589982271
    endloop
  endfacet
  facet normal 0.434954166412 0.644700884819 -0.628629922867
    outer loop
      vertex 0.250447183847 -0.285162806511 -0.139122694731
      vertex 0.252147346735 -0.286197662354 -0.139260649681
      vertex 0.252116590738 -0.284302055836 -0.1410882622
    endloop
  endfacet
  facet normal 0.41099691391 0.635358035564 -0.653759658337
    outer loop
      vertex 0.249524712563 -0.283856451511 -0.139870151877
      vertex 0.250447183847 -0.285162806511 -0.139122694731
      vertex 0.252116590738 -0.284302055836 -0.1410882622
    endloop
  endfacet
  facet normal 0.307659000158 0.715836644173 -0.626836359501
    outer loop
      vertex 0.248738661408 -0.284363955259 -0.139087915421
      vertex 0.250447183847 -0.285162806511 -0.139122694731
      vertex 0.249524712563 -0.283856451511 -0.139870151877
    endloop
  endfacet
  facet normal 0.329772919416 0.658342480659 -0.676635086536
    outer loop
      vertex 0.250447183847 -0.285162806511 -0.139122694731
      vertex 0.248738661408 -0.284363955259 -0.139087915421
      vertex 0.248759105802 -0.285499632359 -0.13793091476
    endloop
  endfacet
  facet normal 0.130644142628 0.693321764469 -0.708686828613
    outer loop
      vertex 0.248738661408 -0.284363955259 -0.139087915421
      vertex 0.247570574284 -0.28484082222 -0.138380363584
      vertex 0.248759105802 -0.285499632359 -0.13793091476
    endloop
  endfacet
  facet normal 0.111920706928 0.675794064999 -0.728543877602
    outer loop
      vertex 0.247387066483 -0.28422537446 -0.139013469219
      vertex 0.247570574284 -0.28484082222 -0.138380363584
      vertex 0.248738661408 -0.284363955259 -0.139087915421
    endloop
  endfacet
  facet normal -0.0760486125946 0.706269562244 -0.703846514225
    outer loop
      vertex 0.246813431382 -0.284440904856 -0.138860434294
      vertex 0.247570574284 -0.28484082222 -0.138380363584
      vertex 0.247387066483 -0.28422537446 -0.139013469219
    endloop
  endfacet
  facet normal -0.130052268505 0.747631192207 -0.651255726814
    outer loop
      vertex 0.24661616981 -0.284992545843 -0.138414219022
      vertex 0.247570574284 -0.28484082222 -0.138380363584
      vertex 0.246813431382 -0.284440904856 -0.138860434294
    endloop
  endfacet
  facet normal -0.136470064521 0.698354065418 -0.702621936798
    outer loop
      vertex 0.246775299311 -0.285271733999 -0.13810223341
      vertex 0.247570574284 -0.28484082222 -0.138380363584
      vertex 0.24661616981 -0.284992545843 -0.138414219022
    endloop
  endfacet
  facet normal -0.138076022267 0.696351766586 -0.704293429852
    outer loop
      vertex 0.247570574284 -0.28484082222 -0.138380363584
      vertex 0.246775299311 -0.285271733999 -0.13810223341
      vertex 0.247467532754 -0.285507559776 -0.137726455927
    endloop
  endfacet
  facet normal -0.186509788036 0.74529749155 -0.640113830566
    outer loop
      vertex 0.246775299311 -0.285271733999 -0.13810223341
      vertex 0.247084408998 -0.285745531321 -0.137617945671
      vertex 0.247467532754 -0.285507559776 -0.137726455927
    endloop
  endfacet
  facet normal -0.20114120841 0.747616887093 -0.632938563824
    outer loop
      vertex 0.246418863535 -0.285543888807 -0.137967720628
      vertex 0.247084408998 -0.285745531321 -0.137617945671
      vertex 0.246775299311 -0.285271733999 -0.13810223341
    endloop
  endfacet
  facet normal -0.243938311934 0.78913640976 -0.563700079918
    outer loop
      vertex 0.246489271522 -0.286085128784 -0.137559339404
      vertex 0.247084408998 -0.285745531321 -0.137617945671
      vertex 0.246418863535 -0.285543888807 -0.137967720628
    endloop
  endfacet
  facet normal -0.216603755951 0.824993133545 -0.521985769272
    outer loop
      vertex 0.247084408998 -0.285745531321 -0.137617945671
      vertex 0.246489271522 -0.286085128784 -0.137559339404
      vertex 0.246887475252 -0.286541640759 -0.137165948749
    endloop
  endfacet
  facet normal -0.141883850098 0.807704031467 -0.572261452675
    outer loop
      vertex 0.246325865388 -0.28660595417 -0.137219026685
      vertex 0.246887475252 -0.286541640759 -0.137165948749
      vertex 0.246489271522 -0.286085128784 -0.137559339404
    endloop
  endfacet
  facet normal -0.13829189539 0.852710902691 -0.503745377064
    outer loop
      vertex 0.246887475252 -0.286541640759 -0.137165948749
      vertex 0.246325865388 -0.28660595417 -0.137219026685
      vertex 0.246488153934 -0.286933779716 -0.136999040842
    endloop
  endfacet
  facet normal -0.127953991294 0.851692914963 -0.50818002224
    outer loop
      vertex 0.246325865388 -0.28660595417 -0.137219026685
      vertex 0.245948284864 -0.286732465029 -0.137200266123
      vertex 0.246488153934 -0.286933779716 -0.136999040842
    endloop
  endfacet
  facet normal -0.147871106863 0.813806593418 -0.562007963657
    outer loop
      vertex 0.246018514037 -0.286542654037 -0.137318596244
      vertex 0.245948284864 -0.286732465029 -0.137200266123
      vertex 0.246325865388 -0.28660595417 -0.137219026685
    endloop
  endfacet
  facet normal -0.196234971285 0.797882318497 -0.56997859478
    outer loop
      vertex 0.245948284864 -0.286732465029 -0.137200266123
      vertex 0.246018514037 -0.286542654037 -0.137318596244
      vertex 0.245672732592 -0.286594927311 -0.137366294861
    endloop
  endfacet
  facet normal -0.179798528552 0.91909134388 -0.350633203983
    outer loop
      vertex 0.245762452483 -0.286423116922 -0.137414291501
      vertex 0.245672732592 -0.286594927311 -0.137366294861
      vertex 0.246018514037 -0.286542654037 -0.137318596244
    endloop
  endfacet
  facet normal 0.809153795242 0.517688393593 0.277972817421
    outer loop
      vertex 0.245657116175 -0.286498188972 -0.137289956212
      vertex 0.245672732592 -0.286594927311 -0.137366294861
      vertex 0.245762452483 -0.286423116922 -0.137414291501
    endloop
  endfacet
  facet normal 0.645571351051 0.646720468998 0.406189858913
    outer loop
      vertex 0.245672732592 -0.286594927311 -0.137366294861
      vertex 0.245657116175 -0.286498188972 -0.137289956212
      vertex 0.24549254775 -0.286611676216 -0.137196958065
    endloop
  endfacet
  facet normal 0.500804305077 0.86539208889 0.0170746147633
    outer loop
      vertex 0.245657116175 -0.286498188972 -0.137289956212
      vertex 0.24538038671 -0.28627666831 -0.137125447392
      vertex 0.24549254775 -0.286611676216 -0.137196958065
    endloop
  endfacet
  facet normal 0.500918745995 0.865329563618 0.0168852303177
    outer loop
      vertex 0.24538038671 -0.28627666831 -0.137125447392
      vertex 0.245657116175 -0.286498188972 -0.137289956212
      vertex 0.245630457997 -0.28615000844 -0.13726772368
    endloop
  endfacet
  facet normal 0.757971346378 0.65208119154 -0.0164179131389
    outer loop
      vertex 0.245657116175 -0.286498188972 -0.137289956212
      vertex 0.245762452483 -0.286423116922 -0.137414291501
      vertex 0.245630457997 -0.28615000844 -0.13726772368
    endloop
  endfacet
  facet normal 0.685086131096 0.726106464863 0.0585351735353
    outer loop
      vertex 0.245983511209 -0.286123722792 -0.137598723173
      vertex 0.245630457997 -0.28615000844 -0.13726772368
      vertex 0.245762452483 -0.286423116922 -0.137414291501
    endloop
  endfacet
  facet normal 0.684601247311 0.728640139103 0.0201173368841
    outer loop
      vertex 0.245983511209 -0.286123722792 -0.137598723173
      vertex 0.245702251792 -0.285413920879 -0.137314870954
      vertex 0.245630457997 -0.28615000844 -0.13726772368
    endloop
  endfacet
  facet normal 0.652098953724 0.756839990616 0.0442739278078
    outer loop
      vertex 0.245702251792 -0.285413920879 -0.137314870954
      vertex 0.245983511209 -0.286123722792 -0.137598723173
      vertex 0.246148735285 -0.285281360149 -0.137691810727
    endloop
  endfacet
  facet normal 0.687002539635 0.724594533443 0.0546834245324
    outer loop
      vertex 0.245983511209 -0.286123722792 -0.137598723173
      vertex 0.246418863535 -0.285543888807 -0.137967720628
      vertex 0.246148735285 -0.285281360149 -0.137691810727
    endloop
  endfacet
  facet normal -0.107345849276 0.80030798912 -0.589901685715
    outer loop
      vertex 0.246489271522 -0.286085128784 -0.137559339404
      vertex 0.246418863535 -0.285543888807 -0.137967720628
      vertex 0.245983511209 -0.286123722792 -0.137598723173
    endloop
  endfacet
  facet normal -0.106250740588 0.834527552128 -0.540624260902
    outer loop
      vertex 0.245983511209 -0.286123722792 -0.137598723173
      vertex 0.246088758111 -0.286352813244 -0.137436911464
      vertex 0.246489271522 -0.286085128784 -0.137559339404
    endloop
  endfacet
  facet normal -0.0624488629401 0.828503072262 -0.556491553783
    outer loop
      vertex 0.245762452483 -0.286423116922 -0.137414291501
      vertex 0.246088758111 -0.286352813244 -0.137436911464
      vertex 0.245983511209 -0.286123722792 -0.137598723173
    endloop
  endfacet
  facet normal -0.059083327651 0.837213933468 -0.543674528599
    outer loop
      vertex 0.246088758111 -0.286352813244 -0.137436911464
      vertex 0.245762452483 -0.286423116922 -0.137414291501
      vertex 0.246018514037 -0.286542654037 -0.137318596244
    endloop
  endfacet
  facet normal -0.147890254855 0.813835680485 -0.561960816383
    outer loop
      vertex 0.246325865388 -0.28660595417 -0.137219026685
      vertex 0.246088758111 -0.286352813244 -0.137436911464
      vertex 0.246018514037 -0.286542654037 -0.137318596244
    endloop
  endfacet
  facet normal -0.134264081717 0.809750020504 -0.571207582951
    outer loop
      vertex 0.246088758111 -0.286352813244 -0.137436911464
      vertex 0.246325865388 -0.28660595417 -0.137219026685
      vertex 0.246489271522 -0.286085128784 -0.137559339404
    endloop
  endfacet
  facet normal 0.786702036858 0.586312115192 -0.19323053956
    outer loop
      vertex 0.246148735285 -0.285281360149 -0.137691810727
      vertex 0.246418863535 -0.285543888807 -0.137967720628
      vertex 0.246517524123 -0.285268187523 -0.138190984726
    endloop
  endfacet
  facet normal -0.236084759235 0.712128341198 -0.661163568497
    outer loop
      vertex 0.246418863535 -0.285543888807 -0.137967720628
      vertex 0.246775299311 -0.285271733999 -0.13810223341
      vertex 0.246517524123 -0.285268187523 -0.138190984726
    endloop
  endfacet
  facet normal -0.236071974039 0.712092876434 -0.661206245422
    outer loop
      vertex 0.246517524123 -0.285268187523 -0.138190984726
      vertex 0.246775299311 -0.285271733999 -0.13810223341
      vertex 0.24661616981 -0.284992545843 -0.138414219022
    endloop
  endfacet
  facet normal 0.728681325912 0.635905563831 -0.254258990288
    outer loop
      vertex 0.246304184198 -0.28477537632 -0.13814355433
      vertex 0.246517524123 -0.285268187523 -0.138190984726
      vertex 0.24661616981 -0.284992545843 -0.138414219022
    endloop
  endfacet
  facet normal 0.76917797327 0.575591683388 -0.27759590745
    outer loop
      vertex 0.246304184198 -0.28477537632 -0.13814355433
      vertex 0.246148735285 -0.285281360149 -0.137691810727
      vertex 0.246517524123 -0.285268187523 -0.138190984726
    endloop
  endfacet
  facet normal 0.852757394314 0.491468429565 -0.176815241575
    outer loop
      vertex 0.246304184198 -0.28477537632 -0.13814355433
      vertex 0.245966628194 -0.28468310833 -0.137591049075
      vertex 0.246148735285 -0.285281360149 -0.137691810727
    endloop
  endfacet
  facet normal 0.803577899933 0.420624107122 -0.421115070581
    outer loop
      vertex 0.246130689979 -0.2844607234 -0.138127118349
      vertex 0.245966628194 -0.28468310833 -0.137591049075
      vertex 0.246304184198 -0.28477537632 -0.13814355433
    endloop
  endfacet
  facet normal 0.663283705711 0.450799465179 -0.597356319427
    outer loop
      vertex 0.245966628194 -0.28468310833 -0.137591049075
      vertex 0.246130689979 -0.2844607234 -0.138127118349
      vertex 0.245221272111 -0.283661425114 -0.137848198414
    endloop
  endfacet
  facet normal 0.651169657707 0.508409202099 -0.56346976757
    outer loop
      vertex 0.246130689979 -0.2844607234 -0.138127118349
      vertex 0.24618755281 -0.28396204114 -0.138752639294
      vertex 0.245221272111 -0.283661425114 -0.137848198414
    endloop
  endfacet
  facet normal 0.567071437836 0.544355273247 -0.618148326874
    outer loop
      vertex 0.24647206068 -0.284450978041 -0.138493806124
      vertex 0.24618755281 -0.28396204114 -0.138752639294
      vertex 0.246130689979 -0.2844607234 -0.138127118349
    endloop
  endfacet
  facet normal 0.566761434078 0.544684767723 -0.618142366409
    outer loop
      vertex 0.24618755281 -0.28396204114 -0.138752639294
      vertex 0.24647206068 -0.284450978041 -0.138493806124
      vertex 0.246813431382 -0.284440904856 -0.138860434294
    endloop
  endfacet
  facet normal 0.69819265604 0.657834589481 -0.28245472908
    outer loop
      vertex 0.24647206068 -0.284450978041 -0.138493806124
      vertex 0.24661616981 -0.284992545843 -0.138414219022
      vertex 0.246813431382 -0.284440904856 -0.138860434294
    endloop
  endfacet
  facet normal 0.733728468418 0.616399943829 -0.285821050406
    outer loop
      vertex 0.246304184198 -0.28477537632 -0.13814355433
      vertex 0.24661616981 -0.284992545843 -0.138414219022
      vertex 0.24647206068 -0.284450978041 -0.138493806124
    endloop
  endfacet
  facet normal 0.682977676392 0.644946038723 -0.342908293009
    outer loop
      vertex 0.246304184198 -0.28477537632 -0.13814355433
      vertex 0.24647206068 -0.284450978041 -0.138493806124
      vertex 0.246130689979 -0.2844607234 -0.138127118349
    endloop
  endfacet
  facet normal 0.616715729237 0.13771250844 -0.775046408176
    outer loop
      vertex 0.246527180076 -0.284140855074 -0.139267250896
      vertex 0.24618755281 -0.28396204114 -0.138752639294
      vertex 0.246813431382 -0.284440904856 -0.138860434294
    endloop
  endfacet
  facet normal 0.644206047058 0.165710553527 -0.746685028076
    outer loop
      vertex 0.246138766408 -0.283827751875 -0.13916811347
      vertex 0.24618755281 -0.28396204114 -0.138752639294
      vertex 0.246527180076 -0.284140855074 -0.139267250896
    endloop
  endfacet
  facet normal 0.632626593113 0.16994535923 -0.755580663681
    outer loop
      vertex 0.245592594147 -0.28341588378 -0.138966113329
      vertex 0.24618755281 -0.28396204114 -0.138752639294
      vertex 0.246138766408 -0.283827751875 -0.13916811347
    endloop
  endfacet
  facet normal 0.561706066132 0.351118028164 -0.749134480953
    outer loop
      vertex 0.24618755281 -0.28396204114 -0.138752639294
      vertex 0.245592594147 -0.28341588378 -0.138966113329
      vertex 0.245221272111 -0.283661425114 -0.137848198414
    endloop
  endfacet
  facet normal 0.558497428894 0.350628525019 -0.751758098602
    outer loop
      vertex 0.245221272111 -0.283661425114 -0.137848198414
      vertex 0.245592594147 -0.28341588378 -0.138966113329
      vertex 0.244780346751 -0.282850891352 -0.138883680105
    endloop
  endfacet
  facet normal 0.535412073135 0.471106290817 -0.700994133949
    outer loop
      vertex 0.245592594147 -0.28341588378 -0.138966113329
      vertex 0.245484277606 -0.282759487629 -0.139819711447
      vertex 0.244780346751 -0.282850891352 -0.138883680105
    endloop
  endfacet
  facet normal 0.742973029613 0.346209406853 -0.572826445103
    outer loop
      vertex 0.245592594147 -0.28341588378 -0.138966113329
      vertex 0.245938614011 -0.283546328545 -0.139492854476
      vertex 0.245484277606 -0.282759487629 -0.139819711447
    endloop
  endfacet
  facet normal 0.639448881149 0.239105805755 -0.730707585812
    outer loop
      vertex 0.245938614011 -0.283546328545 -0.139492854476
      vertex 0.245592594147 -0.28341588378 -0.138966113329
      vertex 0.246138766408 -0.283827751875 -0.13916811347
    endloop
  endfacet
  facet normal 0.730564653873 0.130551710725 -0.670247375965
    outer loop
      vertex 0.246240884066 -0.283840507269 -0.139674037695
      vertex 0.245938614011 -0.283546328545 -0.139492854476
      vertex 0.246138766408 -0.283827751875 -0.13916811347
    endloop
  endfacet
  facet normal 0.74186450243 0.483800053596 -0.464300096035
    outer loop
      vertex 0.246240884066 -0.283840507269 -0.139674037695
      vertex 0.246242076159 -0.283519744873 -0.139983698726
      vertex 0.245938614011 -0.283546328545 -0.139492854476
    endloop
  endfacet
  facet normal -0.203268036246 0.704053103924 -0.680434644222
    outer loop
      vertex 0.246240884066 -0.283840507269 -0.139674037695
      vertex 0.246844813228 -0.283416360617 -0.139909595251
      vertex 0.246242076159 -0.283519744873 -0.139983698726
    endloop
  endfacet
  facet normal -0.194787114859 0.713146686554 -0.673409044743
    outer loop
      vertex 0.246240884066 -0.283840507269 -0.139674037695
      vertex 0.246881455183 -0.283875465393 -0.139466062188
      vertex 0.246844813228 -0.283416360617 -0.139909595251
    endloop
  endfacet
  facet normal -0.174993813038 0.661558449268 -0.729189693928
    outer loop
      vertex 0.246240884066 -0.283840507269 -0.139674037695
      vertex 0.246527180076 -0.284140855074 -0.139267250896
      vertex 0.246881455183 -0.283875465393 -0.139466062188
    endloop
  endfacet
  facet normal 0.64066183567 0.110146589577 -0.759881675243
    outer loop
      vertex 0.246240884066 -0.283840507269 -0.139674037695
      vertex 0.246138766408 -0.283827751875 -0.13916811347
      vertex 0.246527180076 -0.284140855074 -0.139267250896
    endloop
  endfacet
  facet normal -0.136448487639 0.696817755699 -0.704149723053
    outer loop
      vertex 0.246881455183 -0.283875465393 -0.139466062188
      vertex 0.246527180076 -0.284140855074 -0.139267250896
      vertex 0.247387066483 -0.28422537446 -0.139013469219
    endloop
  endfacet
  facet normal -0.114422395825 0.64056622982 -0.75933021307
    outer loop
      vertex 0.246813431382 -0.284440904856 -0.138860434294
      vertex 0.247387066483 -0.28422537446 -0.139013469219
      vertex 0.246527180076 -0.284140855074 -0.139267250896
    endloop
  endfacet
  facet normal -0.112477235496 0.683353245258 -0.721371769905
    outer loop
      vertex 0.247626677155 -0.283803373575 -0.139419510961
      vertex 0.246881455183 -0.283875465393 -0.139466062188
      vertex 0.247387066483 -0.28422537446 -0.139013469219
    endloop
  endfacet
  facet normal -0.1112806499 0.719157218933 -0.685878634453
    outer loop
      vertex 0.246844813228 -0.283416360617 -0.139909595251
      vertex 0.246881455183 -0.283875465393 -0.139466062188
      vertex 0.247626677155 -0.283803373575 -0.139419510961
    endloop
  endfacet
  facet normal -0.0205584149808 0.639609396458 -0.768425107002
    outer loop
      vertex 0.248041749001 -0.283326238394 -0.13997939229
      vertex 0.246844813228 -0.283416360617 -0.139909595251
      vertex 0.247626677155 -0.283803373575 -0.139419510961
    endloop
  endfacet
  facet normal -0.0234527885914 0.615239560604 -0.787991285324
    outer loop
      vertex 0.248041749001 -0.283326238394 -0.13997939229
      vertex 0.246923163533 -0.282986462116 -0.140457212925
      vertex 0.246844813228 -0.283416360617 -0.139909595251
    endloop
  endfacet
  facet normal -0.0301234889776 0.62512999773 -0.779939115047
    outer loop
      vertex 0.248041749001 -0.283326238394 -0.13997939229
      vertex 0.247479259968 -0.28254109621 -0.140986070037
      vertex 0.246923163533 -0.282986462116 -0.140457212925
    endloop
  endfacet
  facet normal -0.0264167990535 0.623919188976 -0.781042218208
    outer loop
      vertex 0.248849511147 -0.282551974058 -0.140914440155
      vertex 0.247479259968 -0.28254109621 -0.140986070037
      vertex 0.248041749001 -0.283326238394 -0.13997939229
    endloop
  endfacet
  facet normal -0.0184524599463 0.485678225756 -0.873942911625
    outer loop
      vertex 0.248849511147 -0.282551974058 -0.140914440155
      vertex 0.247555479407 -0.28204151988 -0.141882136464
      vertex 0.247479259968 -0.28254109621 -0.140986070037
    endloop
  endfacet
  facet normal 0.0411368869245 0.422581881285 -0.905390679836
    outer loop
      vertex 0.247555479407 -0.28204151988 -0.141882136464
      vertex 0.248849511147 -0.282551974058 -0.140914440155
      vertex 0.248875126243 -0.282102912664 -0.141879051924
    endloop
  endfacet
  facet normal 0.229955509305 0.415744692087 -0.879930019379
    outer loop
      vertex 0.250461757183 -0.282526224852 -0.141860708594
      vertex 0.248875126243 -0.282102912664 -0.141879051924
      vertex 0.248849511147 -0.282551974058 -0.140914440155
    endloop
  endfacet
  facet normal 0.22813539207 0.429633796215 -0.873709917068
    outer loop
      vertex 0.250461757183 -0.282526224852 -0.141860708594
      vertex 0.248978406191 -0.281434059143 -0.143294095993
      vertex 0.248875126243 -0.282102912664 -0.141879051924
    endloop
  endfacet
  facet normal 0.247256055474 0.412257403135 -0.876874148846
    outer loop
      vertex 0.250082284212 -0.281335920095 -0.144164904952
      vertex 0.248978406191 -0.281434059143 -0.143294095993
      vertex 0.250461757183 -0.282526224852 -0.141860708594
    endloop
  endfacet
  facet normal 0.187610015273 0.341611742973 -0.920925557613
    outer loop
      vertex 0.250082284212 -0.281335920095 -0.144164904952
      vertex 0.248832672834 -0.280791372061 -0.144946619868
      vertex 0.248978406191 -0.281434059143 -0.143294095993
    endloop
  endfacet
  facet normal 0.259329408407 0.23754888773 -0.936119019985
    outer loop
      vertex 0.250734984875 -0.280940324068 -0.14643637836
      vertex 0.248832672834 -0.280791372061 -0.144946619868
      vertex 0.250082284212 -0.281335920095 -0.144164904952
    endloop
  endfacet
  facet normal 0.273102462292 0.256018787622 -0.927291452885
    outer loop
      vertex 0.249086037278 -0.280355244875 -0.146796554327
      vertex 0.248832672834 -0.280791372061 -0.144946619868
      vertex 0.250734984875 -0.280940324068 -0.14643637836
    endloop
  endfacet
  facet normal 0.144909605384 0.245801016688 -0.958427369595
    outer loop
      vertex 0.248832672834 -0.280791372061 -0.144946619868
      vertex 0.249086037278 -0.280355244875 -0.146796554327
      vertex 0.24790763855 -0.280484735966 -0.145596921444
    endloop
  endfacet
  facet normal 0.0922626033425 0.196009814739 -0.976251900196
    outer loop
      vertex 0.247349813581 -0.280216574669 -0.146669968963
      vertex 0.24790763855 -0.280484735966 -0.145596921444
      vertex 0.249086037278 -0.280355244875 -0.146796554327
    endloop
  endfacet
  facet normal -0.119096428156 0.29855838418 -0.946931302547
    outer loop
      vertex 0.247349813581 -0.280216574669 -0.146669968963
      vertex 0.246526584029 -0.280487567186 -0.146138846874
      vertex 0.24790763855 -0.280484735966 -0.145596921444
    endloop
  endfacet
  facet normal -0.175644665956 0.217625439167 -0.960097968578
    outer loop
      vertex 0.24642303586 -0.280366361141 -0.146757140756
      vertex 0.246526584029 -0.280487567186 -0.146138846874
      vertex 0.247349813581 -0.280216574669 -0.146669968963
    endloop
  endfacet
  facet normal -0.245504930615 0.225914806128 -0.942703485489
    outer loop
      vertex 0.246526584029 -0.280487567186 -0.146138846874
      vertex 0.24642303586 -0.280366361141 -0.146757140756
      vertex 0.246051028371 -0.280536413193 -0.146451815963
    endloop
  endfacet
  facet normal -0.324789792299 0.126315683126 -0.937313139439
    outer loop
      vertex 0.245883688331 -0.280528992414 -0.146937176585
      vertex 0.246051028371 -0.280536413193 -0.146451815963
      vertex 0.24642303586 -0.280366361141 -0.146757140756
    endloop
  endfacet
  facet normal -0.577443242073 0.211157262325 -0.788651943207
    outer loop
      vertex 0.245540246367 -0.28080740571 -0.146836519241
      vertex 0.246051028371 -0.280536413193 -0.146451815963
      vertex 0.245883688331 -0.280528992414 -0.146937176585
    endloop
  endfacet
  facet normal -0.523231446743 0.098437987268 -0.846486151218
    outer loop
      vertex 0.245675563812 -0.280811280012 -0.146083965898
      vertex 0.246051028371 -0.280536413193 -0.146451815963
      vertex 0.245540246367 -0.28080740571 -0.146836519241
    endloop
  endfacet
  facet normal -0.548293113708 0.0634343698621 -0.83387696743
    outer loop
      vertex 0.245953425765 -0.280634194613 -0.14601008594
      vertex 0.246051028371 -0.280536413193 -0.146451815963
      vertex 0.245675563812 -0.280811280012 -0.146083965898
    endloop
  endfacet
  facet normal -0.208951726556 0.167119920254 -0.963540375233
    outer loop
      vertex 0.246051028371 -0.280536413193 -0.146451815963
      vertex 0.245953425765 -0.280634194613 -0.14601008594
      vertex 0.246526584029 -0.280487567186 -0.146138846874
    endloop
  endfacet
  facet normal -0.191543906927 0.233069077134 -0.953409552574
    outer loop
      vertex 0.245953425765 -0.280634194613 -0.14601008594
      vertex 0.246220678091 -0.280752629042 -0.145305976272
      vertex 0.246526584029 -0.280487567186 -0.146138846874
    endloop
  endfacet
  facet normal -0.333107858896 0.277982234955 -0.900980055332
    outer loop
      vertex 0.246220678091 -0.280752629042 -0.145305976272
      vertex 0.245953425765 -0.280634194613 -0.14601008594
      vertex 0.245745539665 -0.280810147524 -0.145688906312
    endloop
  endfacet
  facet normal -0.552922964096 0.0955745205283 -0.827732861042
    outer loop
      vertex 0.245953425765 -0.280634194613 -0.14601008594
      vertex 0.245675563812 -0.280811280012 -0.146083965898
      vertex 0.245745539665 -0.280810147524 -0.145688906312
    endloop
  endfacet
  facet normal 0.451136112213 -0.0824667960405 -0.888636827469
    outer loop
      vertex 0.245675563812 -0.280811280012 -0.146083965898
      vertex 0.245434954762 -0.280647367239 -0.145633935928
      vertex 0.245745539665 -0.280810147524 -0.145688906312
    endloop
  endfacet
  facet normal 0.527566730976 -0.0271951779723 -0.849078178406
    outer loop
      vertex 0.245434954762 -0.280647367239 -0.145633935928
      vertex 0.245675563812 -0.280811280012 -0.146083965898
      vertex 0.24524602294 -0.280547261238 -0.146173417568
    endloop
  endfacet
  facet normal 0.5352627635 -0.0919186398387 -0.839669406414
    outer loop
      vertex 0.24524602294 -0.280547261238 -0.146173417568
      vertex 0.245675563812 -0.280811280012 -0.146083965898
      vertex 0.245540246367 -0.28080740571 -0.146836519241
    endloop
  endfacet
  facet normal 0.582874536514 -0.0593081228435 -0.810394823551
    outer loop
      vertex 0.245540246367 -0.28080740571 -0.146836519241
      vertex 0.245111420751 -0.280505299568 -0.146922916174
      vertex 0.24524602294 -0.280547261238 -0.146173417568
    endloop
  endfacet
  facet normal 0.584948480129 -0.0816425383091 -0.806950926781
    outer loop
      vertex 0.245419174433 -0.280784994364 -0.147482439876
      vertex 0.245111420751 -0.280505299568 -0.146922916174
      vertex 0.245540246367 -0.28080740571 -0.146836519241
    endloop
  endfacet
  facet normal 0.60722142458 -0.0619740299881 -0.792111992836
    outer loop
      vertex 0.245026186109 -0.280478358269 -0.147413790226
      vertex 0.245111420751 -0.280505299568 -0.146922916174
      vertex 0.245419174433 -0.280784994364 -0.147482439876
    endloop
  endfacet
  facet normal 0.573781430721 -0.0547911636531 -0.817173659801
    outer loop
      vertex 0.244646549225 -0.280197620392 -0.147202298045
      vertex 0.245111420751 -0.280505299568 -0.146922916174
      vertex 0.245026186109 -0.280478358269 -0.147413790226
    endloop
  endfacet
  facet normal 0.56274241209 -0.0264725871384 -0.826208353043
    outer loop
      vertex 0.244646549225 -0.280197620392 -0.147202298045
      vertex 0.244816496968 -0.280283272266 -0.14626288414
      vertex 0.245111420751 -0.280505299568 -0.146922916174
    endloop
  endfacet
  facet normal 0.500874996185 -0.0117032527924 -0.865440547466
    outer loop
      vertex 0.244646549225 -0.280197620392 -0.147202298045
      vertex 0.243429303169 -0.279488056898 -0.146826505661
      vertex 0.244816496968 -0.280283272266 -0.14626288414
    endloop
  endfacet
  facet normal 0.495888322592 -0.0322844982147 -0.867785990238
    outer loop
      vertex 0.244367927313 -0.280069619417 -0.148041397333
      vertex 0.243429303169 -0.279488056898 -0.146826505661
      vertex 0.244646549225 -0.280197620392 -0.147202298045
    endloop
  endfacet
  facet normal 0.480147391558 -0.0483091510832 -0.87585657835
    outer loop
      vertex 0.243429303169 -0.279488056898 -0.146826505661
      vertex 0.244367927313 -0.280069619417 -0.148041397333
      vertex 0.243445649743 -0.279591947794 -0.148547708988
    endloop
  endfacet
  facet normal 0.510510027409 -0.127693772316 -0.850337445736
    outer loop
      vertex 0.244367927313 -0.280069619417 -0.148041397333
      vertex 0.244124442339 -0.280076354742 -0.149059683084
      vertex 0.243445649743 -0.279591947794 -0.148547708988
    endloop
  endfacet
  facet normal 0.542530953884 -0.135209873319 -0.829082906246
    outer loop
      vertex 0.244124442339 -0.280076354742 -0.149059683084
      vertex 0.244367927313 -0.280069619417 -0.148041397333
      vertex 0.244783654809 -0.280491411686 -0.148959666491
    endloop
  endfacet
  facet normal 0.519431471825 -0.151158154011 -0.841036319733
    outer loop
      vertex 0.244783654809 -0.280491411686 -0.148959666491
      vertex 0.244367927313 -0.280069619417 -0.148041397333
      vertex 0.244914025068 -0.280419886112 -0.148113667965
    endloop
  endfacet
  facet normal 0.538329005241 -0.0158701855689 -0.842585325241
    outer loop
      vertex 0.245026186109 -0.280478358269 -0.147413790226
      vertex 0.244914025068 -0.280419886112 -0.148113667965
      vertex 0.244367927313 -0.280069619417 -0.148041397333
    endloop
  endfacet
  facet normal 0.611371815205 -0.0319095738232 -0.790699839592
    outer loop
      vertex 0.245419174433 -0.280784994364 -0.147482439876
      vertex 0.244914025068 -0.280419886112 -0.148113667965
      vertex 0.245026186109 -0.280478358269 -0.147413790226
    endloop
  endfacet
  facet normal 0.652841567993 -0.0872160792351 -0.752456784248
    outer loop
      vertex 0.244914025068 -0.280419886112 -0.148113667965
      vertex 0.245419174433 -0.280784994364 -0.147482439876
      vertex 0.245289191604 -0.280750393867 -0.148156926036
    endloop
  endfacet
  facet normal -0.481646776199 0.137225389481 -0.865555047989
    outer loop
      vertex 0.245289191604 -0.280750393867 -0.148156926036
      vertex 0.245419174433 -0.280784994364 -0.147482439876
      vertex 0.246397092938 -0.280204236507 -0.14771322906
    endloop
  endfacet
  facet normal -0.505876064301 0.0261435527354 -0.862209916115
    outer loop
      vertex 0.245419174433 -0.280784994364 -0.147482439876
      vertex 0.245883688331 -0.280528992414 -0.146937176585
      vertex 0.246397092938 -0.280204236507 -0.14771322906
    endloop
  endfacet
  facet normal -0.598566234112 0.139560952783 -0.788822710514
    outer loop
      vertex 0.245883688331 -0.280528992414 -0.146937176585
      vertex 0.245419174433 -0.280784994364 -0.147482439876
      vertex 0.245540246367 -0.28080740571 -0.146836519241
    endloop
  endfacet
  facet normal -0.335152447224 0.166350901127 -0.927361965179
    outer loop
      vertex 0.245883688331 -0.280528992414 -0.146937176585
      vertex 0.24642303586 -0.280366361141 -0.146757140756
      vertex 0.246397092938 -0.280204236507 -0.14771322906
    endloop
  endfacet
  facet normal -0.172743916512 0.169227078557 -0.970320403576
    outer loop
      vertex 0.247349813581 -0.280216574669 -0.146669968963
      vertex 0.246397092938 -0.280204236507 -0.14771322906
      vertex 0.24642303586 -0.280366361141 -0.146757140756
    endloop
  endfacet
  facet normal -0.0790944322944 0.0839768275619 -0.993323683739
    outer loop
      vertex 0.247349813581 -0.280216574669 -0.146669968963
      vertex 0.247513696551 -0.280040353537 -0.148600041866
      vertex 0.246397092938 -0.280204236507 -0.14771322906
    endloop
  endfacet
  facet normal 0.0863198637962 0.0978512689471 -0.991450428963
    outer loop
      vertex 0.247513696551 -0.280040353537 -0.148600041866
      vertex 0.247349813581 -0.280216574669 -0.146669968963
      vertex 0.249086037278 -0.280355244875 -0.146796554327
    endloop
  endfacet
  facet normal 0.117307297885 0.0706829503179 -0.990577042103
    outer loop
      vertex 0.247513696551 -0.280040353537 -0.148600041866
      vertex 0.249086037278 -0.280355244875 -0.146796554327
      vertex 0.250138640404 -0.280346125364 -0.148671269417
    endloop
  endfacet
  facet normal 0.296127378941 0.170838803053 -0.939746081829
    outer loop
      vertex 0.249086037278 -0.280355244875 -0.146796554327
      vertex 0.250734984875 -0.280940324068 -0.14643637836
      vertex 0.250138640404 -0.280346125364 -0.148671269417
    endloop
  endfacet
  facet normal 0.545855462551 0.0761978253722 -0.834407389164
    outer loop
      vertex 0.250734984875 -0.280940324068 -0.14643637836
      vertex 0.252156883478 -0.281694173813 -0.148367360234
      vertex 0.250138640404 -0.280346125364 -0.148671269417
    endloop
  endfacet
  facet normal 0.606542289257 0.141182526946 -0.782415449619
    outer loop
      vertex 0.250734984875 -0.280940324068 -0.14643637836
      vertex 0.253222972155 -0.283248990774 -0.144330888987
      vertex 0.252156883478 -0.281694173813 -0.148367360234
    endloop
  endfacet
  facet normal 0.509275496006 0.287600457668 -0.811125457287
    outer loop
      vertex 0.253222972155 -0.283248990774 -0.144330888987
      vertex 0.250734984875 -0.280940324068 -0.14643637836
      vertex 0.250082284212 -0.281335920095 -0.144164904952
    endloop
  endfacet
  facet normal 0.503800392151 0.329519450665 -0.798499941826
    outer loop
      vertex 0.253222972155 -0.283248990774 -0.144330888987
      vertex 0.250082284212 -0.281335920095 -0.144164904952
      vertex 0.250461757183 -0.282526224852 -0.141860708594
    endloop
  endfacet
  facet normal 0.563917636871 0.422790914774 -0.709397435188
    outer loop
      vertex 0.252116590738 -0.284302055836 -0.1410882622
      vertex 0.253222972155 -0.283248990774 -0.144330888987
      vertex 0.250461757183 -0.282526224852 -0.141860708594
    endloop
  endfacet
  facet normal 0.498339891434 0.416902691126 -0.760164141655
    outer loop
      vertex 0.253222972155 -0.283248990774 -0.144330888987
      vertex 0.252116590738 -0.284302055836 -0.1410882622
      vertex 0.256328105927 -0.28733626008 -0.140589982271
    endloop
  endfacet
  facet normal 0.410157680511 0.632297456264 -0.657244682312
    outer loop
      vertex 0.252116590738 -0.284302055836 -0.1410882622
      vertex 0.250461757183 -0.282526224852 -0.141860708594
      vertex 0.249524712563 -0.283856451511 -0.139870151877
    endloop
  endfacet
  facet normal 0.358428657055 0.629455149174 -0.689431011677
    outer loop
      vertex 0.249524712563 -0.283856451511 -0.139870151877
      vertex 0.250461757183 -0.282526224852 -0.141860708594
      vertex 0.248849511147 -0.282551974058 -0.140914440155
    endloop
  endfacet
  facet normal 0.187107488513 0.717350959778 -0.671117246151
    outer loop
      vertex 0.249524712563 -0.283856451511 -0.139870151877
      vertex 0.248849511147 -0.282551974058 -0.140914440155
      vertex 0.248041749001 -0.283326238394 -0.13997939229
    endloop
  endfacet
  facet normal 0.205783247948 0.669714510441 -0.713537454605
    outer loop
      vertex 0.248041749001 -0.283326238394 -0.13997939229
      vertex 0.248738661408 -0.284363955259 -0.139087915421
      vertex 0.249524712563 -0.283856451511 -0.139870151877
    endloop
  endfacet
  facet normal 0.142999395728 0.701229512691 -0.698447108269
    outer loop
      vertex 0.248738661408 -0.284363955259 -0.139087915421
      vertex 0.248041749001 -0.283326238394 -0.13997939229
      vertex 0.247626677155 -0.283803373575 -0.139419510961
    endloop
  endfacet
  facet normal 0.108433417976 0.746402442455 -0.656601548195
    outer loop
      vertex 0.248738661408 -0.284363955259 -0.139087915421
      vertex 0.247626677155 -0.283803373575 -0.139419510961
      vertex 0.247387066483 -0.28422537446 -0.139013469219
    endloop
  endfacet
  facet normal 0.527418196201 0.180491358042 -0.830212533474
    outer loop
      vertex 0.253222972155 -0.283248990774 -0.144330888987
      vertex 0.254174828529 -0.283042252064 -0.148063242435
      vertex 0.252156883478 -0.281694173813 -0.148367360234
    endloop
  endfacet
  facet normal 0.563547372818 -0.251821011305 -0.786765873432
    outer loop
      vertex 0.254174828529 -0.283042252064 -0.148063242435
      vertex 0.253086060286 -0.282959759235 -0.150242030621
      vertex 0.252156883478 -0.281694173813 -0.148367360234
    endloop
  endfacet
  facet normal 0.558898448944 -0.249342858791 -0.790860712528
    outer loop
      vertex 0.25616723299 -0.28520527482 -0.150457918644
      vertex 0.253086060286 -0.282959759235 -0.150242030621
      vertex 0.254174828529 -0.283042252064 -0.148063242435
    endloop
  endfacet
  facet normal 0.559974491596 -0.243856191635 -0.791809737682
    outer loop
      vertex 0.252791523933 -0.283710390329 -0.153355702758
      vertex 0.253086060286 -0.282959759235 -0.150242030621
      vertex 0.25616723299 -0.28520527482 -0.150457918644
    endloop
  endfacet
  facet normal 0.550022661686 -0.244538754225 -0.798546075821
    outer loop
      vertex 0.253086060286 -0.282959759235 -0.150242030621
      vertex 0.252791523933 -0.283710390329 -0.153355702758
      vertex 0.251203000546 -0.282043457031 -0.1514852494
    endloop
  endfacet
  facet normal 0.350691646338 -0.439256936312 -0.827084481716
    outer loop
      vertex 0.248771324754 -0.282927721739 -0.155091643333
      vertex 0.251203000546 -0.282043457031 -0.1514852494
      vertex 0.252791523933 -0.283710390329 -0.153355702758
    endloop
  endfacet
  facet normal 0.27896374464 -0.401939600706 -0.872137486935
    outer loop
      vertex 0.251203000546 -0.282043457031 -0.1514852494
      vertex 0.248771324754 -0.282927721739 -0.155091643333
      vertex 0.247431904078 -0.281899243593 -0.153789654374
    endloop
  endfacet
  facet normal 0.12898902595 -0.5295753479 -0.838398337364
    outer loop
      vertex 0.248771324754 -0.282927721739 -0.155091643333
      vertex 0.247062727809 -0.282539606094 -0.154893353581
      vertex 0.247431904078 -0.281899243593 -0.153789654374
    endloop
  endfacet
  facet normal 0.13947725296 -0.486417263746 -0.862522065639
    outer loop
      vertex 0.248771324754 -0.282927721739 -0.155091643333
      vertex 0.24702771008 -0.283073842525 -0.155850708485
      vertex 0.247062727809 -0.282539606094 -0.154893353581
    endloop
  endfacet
  facet normal 0.139811098576 -0.487099587917 -0.862082839012
    outer loop
      vertex 0.24702771008 -0.283073842525 -0.155850708485
      vertex 0.248771324754 -0.282927721739 -0.155091643333
      vertex 0.247621968389 -0.283468484879 -0.156378597021
    endloop
  endfacet
  facet normal 0.354351937771 -0.613136768341 -0.706043899059
    outer loop
      vertex 0.248771324754 -0.282927721739 -0.155091643333
      vertex 0.248789951205 -0.283985733986 -0.156299203634
      vertex 0.247621968389 -0.283468484879 -0.156378597021
    endloop
  endfacet
  facet normal 0.463516265154 -0.579873263836 -0.669999778271
    outer loop
      vertex 0.248771324754 -0.282927721739 -0.155091643333
      vertex 0.250912964344 -0.284908235073 -0.155668079853
      vertex 0.248789951205 -0.283985733986 -0.156299203634
    endloop
  endfacet
  facet normal 0.407561987638 -0.65871912241 -0.632441580296
    outer loop
      vertex 0.250912964344 -0.284908235073 -0.155668079853
      vertex 0.248771324754 -0.282927721739 -0.155091643333
      vertex 0.252791523933 -0.283710390329 -0.153355702758
    endloop
  endfacet
  facet normal 0.460836201906 -0.673669755459 -0.577753424644
    outer loop
      vertex 0.252791523933 -0.283710390329 -0.153355702758
      vertex 0.253356635571 -0.287277162075 -0.156028091908
      vertex 0.250912964344 -0.284908235073 -0.155668079853
    endloop
  endfacet
  facet normal 0.470054060221 -0.66901832819 -0.575728833675
    outer loop
      vertex 0.253356635571 -0.287277162075 -0.156028091908
      vertex 0.252791523933 -0.283710390329 -0.153355702758
      vertex 0.255797445774 -0.286764323711 -0.153871834278
    endloop
  endfacet
  facet normal 0.626751542091 -0.378849476576 -0.680922627449
    outer loop
      vertex 0.255797445774 -0.286764323711 -0.153871834278
      vertex 0.252791523933 -0.283710390329 -0.153355702758
      vertex 0.25616723299 -0.28520527482 -0.150457918644
    endloop
  endfacet
  facet normal 0.517262458801 -0.701966166496 -0.489574372768
    outer loop
      vertex 0.253356635571 -0.287277162075 -0.156028091908
      vertex 0.255797445774 -0.286764323711 -0.153871834278
      vertex 0.25480055809 -0.289943516254 -0.156823679805
    endloop
  endfacet
  facet normal 0.411452889442 -0.788026332855 -0.457953095436
    outer loop
      vertex 0.251098811626 -0.288285762072 -0.157793089747
      vertex 0.253356635571 -0.287277162075 -0.156028091908
      vertex 0.25480055809 -0.289943516254 -0.156823679805
    endloop
  endfacet
  facet normal 0.448572486639 -0.800707936287 -0.39705106616
    outer loop
      vertex 0.253356635571 -0.287277162075 -0.156028091908
      vertex 0.251098811626 -0.288285762072 -0.157793089747
      vertex 0.250916659832 -0.286724179983 -0.157120794058
    endloop
  endfacet
  facet normal 0.36559715867 -0.83866250515 -0.403712689877
    outer loop
      vertex 0.250916659832 -0.286724179983 -0.157120794058
      vertex 0.251098811626 -0.288285762072 -0.157793089747
      vertex 0.250092118979 -0.28755530715 -0.157880306244
    endloop
  endfacet
  facet normal 0.345135271549 -0.861334681511 -0.372805804014
    outer loop
      vertex 0.251098811626 -0.288285762072 -0.157793089747
      vertex 0.249475613236 -0.288726478815 -0.158634260297
      vertex 0.250092118979 -0.28755530715 -0.157880306244
    endloop
  endfacet
  facet normal 0.365604966879 -0.873676717281 -0.320970386267
    outer loop
      vertex 0.249475613236 -0.288726478815 -0.158634260297
      vertex 0.251098811626 -0.288285762072 -0.157793089747
      vertex 0.252087295055 -0.290721327066 -0.15827421844
    endloop
  endfacet
  facet normal 0.372500687838 -0.869992852211 -0.323041319847
    outer loop
      vertex 0.252087295055 -0.290721327066 -0.15827421844
      vertex 0.251098811626 -0.288285762072 -0.157793089747
      vertex 0.25480055809 -0.289943516254 -0.156823679805
    endloop
  endfacet
  facet normal 0.116221480072 -0.992855250835 0.0270364321768
    outer loop
      vertex 0.250200748444 -0.293952673674 -0.158407062292
      vertex 0.249475613236 -0.288726478815 -0.158634260297
      vertex 0.252087295055 -0.290721327066 -0.15827421844
    endloop
  endfacet
  facet normal 0.350076466799 -0.936688184738 -0.00785225536674
    outer loop
      vertex 0.250200748444 -0.293952673674 -0.158407062292
      vertex 0.24744361639 -0.289916753769 -0.159403666854
      vertex 0.249475613236 -0.288726478815 -0.158634260297
    endloop
  endfacet
  facet normal 0.408402949572 -0.911203622818 -0.0539907850325
    outer loop
      vertex 0.246336311102 -0.292450964451 -0.16005012393
      vertex 0.24744361639 -0.289916753769 -0.159403666854
      vertex 0.250200748444 -0.293952673674 -0.158407062292
    endloop
  endfacet
  facet normal 0.0640434026718 -0.973326444626 -0.220304459333
    outer loop
      vertex 0.24744361639 -0.289916753769 -0.159403666854
      vertex 0.246336311102 -0.292450964451 -0.16005012393
      vertex 0.244230121374 -0.290474236012 -0.159741297364
    endloop
  endfacet
  facet normal -0.00825237855315 -0.989284515381 -0.145767197013
    outer loop
      vertex 0.246336311102 -0.292450964451 -0.16005012393
      vertex 0.243997737765 -0.291989266872 -0.159962594509
      vertex 0.244230121374 -0.290474236012 -0.159741297364
    endloop
  endfacet
  facet normal -0.0577457509935 -0.992873966694 0.104243606329
    outer loop
      vertex 0.244203791022 -0.293603152037 -0.159805133939
      vertex 0.243997737765 -0.291989266872 -0.159962594509
      vertex 0.246336311102 -0.292450964451 -0.16005012393
    endloop
  endfacet
  facet normal -0.232617557049 -0.964654564857 0.123816944659
    outer loop
      vertex 0.243110716343 -0.292809665203 -0.159643396735
      vertex 0.243997737765 -0.291989266872 -0.159962594509
      vertex 0.244203791022 -0.293603152037 -0.159805133939
    endloop
  endfacet
  facet normal -0.373683303595 -0.926533997059 -0.0435384139419
    outer loop
      vertex 0.243110716343 -0.292809665203 -0.159643396735
      vertex 0.242826089263 -0.291972458363 -0.159489259124
      vertex 0.243997737765 -0.291989266872 -0.159962594509
    endloop
  endfacet
  facet normal -0.386438637972 -0.921520411968 -0.0382789671421
    outer loop
      vertex 0.242436885834 -0.292367756367 -0.159342467785
      vertex 0.242826089263 -0.291972458363 -0.159489259124
      vertex 0.243110716343 -0.292809665203 -0.159643396735
    endloop
  endfacet
  facet normal -0.432865083218 -0.896624386311 -0.0932336673141
    outer loop
      vertex 0.242826089263 -0.291972458363 -0.159489259124
      vertex 0.242436885834 -0.292367756367 -0.159342467785
      vertex 0.242443859577 -0.291915327311 -0.159298792481
    endloop
  endfacet
  facet normal -0.563363790512 -0.821510136127 -0.087990552187
    outer loop
      vertex 0.242436885834 -0.292367756367 -0.159342467785
      vertex 0.242234051228 -0.291976481676 -0.15916146338
      vertex 0.242443859577 -0.291915327311 -0.159298792481
    endloop
  endfacet
  facet normal -0.617326974869 -0.785510718822 -0.0433629155159
    outer loop
      vertex 0.242234051228 -0.291976481676 -0.15916146338
      vertex 0.242436885834 -0.292367756367 -0.159342467785
      vertex 0.241845428944 -0.292247712612 -0.158871024847
    endloop
  endfacet
  facet normal -0.599470853806 -0.787916839123 -0.140789702535
    outer loop
      vertex 0.242317631841 -0.292760550976 -0.159321919084
      vertex 0.241845428944 -0.292247712612 -0.158871024847
      vertex 0.242436885834 -0.292367756367 -0.159342467785
    endloop
  endfacet
  facet normal -0.618338704109 -0.777554631233 -0.114306613803
    outer loop
      vertex 0.241845428944 -0.292247712612 -0.158871024847
      vertex 0.242317631841 -0.292760550976 -0.159321919084
      vertex 0.241876870394 -0.292806267738 -0.158978134394
    endloop
  endfacet
  facet normal -0.618204176426 -0.775713145733 -0.126857116818
    outer loop
      vertex 0.241869062185 -0.293318331242 -0.159055650234
      vertex 0.241876870394 -0.292806267738 -0.158978134394
      vertex 0.242317631841 -0.292760550976 -0.159321919084
    endloop
  endfacet
  facet normal -0.704975306988 -0.699572741985 -0.116652369499
    outer loop
      vertex 0.241508081555 -0.292870908976 -0.158617287874
      vertex 0.241876870394 -0.292806267738 -0.158978134394
      vertex 0.241869062185 -0.293318331242 -0.159055650234
    endloop
  endfacet
  facet normal -0.700484633446 -0.673695147038 -0.235491082072
    outer loop
      vertex 0.241635769606 -0.292629301548 -0.158665597439
      vertex 0.241876870394 -0.292806267738 -0.158978134394
      vertex 0.241508081555 -0.292870908976 -0.158617287874
    endloop
  endfacet
  facet normal -0.767228484154 -0.636504888535 -0.0788794383407
    outer loop
      vertex 0.241876870394 -0.292806267738 -0.158978134394
      vertex 0.241635769606 -0.292629301548 -0.158665597439
      vertex 0.241845428944 -0.292247712612 -0.158871024847
    endloop
  endfacet
  facet normal 0.638608157635 -0.474125653505 0.606122493744
    outer loop
      vertex 0.241845428944 -0.292247712612 -0.158871024847
      vertex 0.241635769606 -0.292629301548 -0.158665597439
      vertex 0.241430684924 -0.292575716972 -0.159010335803
    endloop
  endfacet
  facet normal 0.718922436237 -0.502363741398 0.480396866798
    outer loop
      vertex 0.241635769606 -0.292629301548 -0.158665597439
      vertex 0.241508081555 -0.292870908976 -0.158617287874
      vertex 0.241430684924 -0.292575716972 -0.159010335803
    endloop
  endfacet
  facet normal 0.53818500042 -0.571333050728 0.619625270367
    outer loop
      vertex 0.241430684924 -0.292575716972 -0.159010335803
      vertex 0.241508081555 -0.292870908976 -0.158617287874
      vertex 0.240764781833 -0.293087601662 -0.159082442522
    endloop
  endfacet
  facet normal 0.41427809 -0.804515123367 0.425592601299
    outer loop
      vertex 0.240973770618 -0.292466521263 -0.159303382039
      vertex 0.241430684924 -0.292575716972 -0.159010335803
      vertex 0.240764781833 -0.293087601662 -0.159082442522
    endloop
  endfacet
  facet normal 0.43235757947 -0.816605627537 0.382390111685
    outer loop
      vertex 0.240973770618 -0.292466521263 -0.159303382039
      vertex 0.241658583283 -0.291802167892 -0.159251898527
      vertex 0.241430684924 -0.292575716972 -0.159010335803
    endloop
  endfacet
  facet normal 0.415733635426 -0.833492040634 0.363945841789
    outer loop
      vertex 0.240516245365 -0.291988432407 -0.15974034369
      vertex 0.241658583283 -0.291802167892 -0.159251898527
      vertex 0.240973770618 -0.292466521263 -0.159303382039
    endloop
  endfacet
  facet normal 0.415591746569 -0.830604493618 0.370647609234
    outer loop
      vertex 0.240516245365 -0.291988432407 -0.15974034369
      vertex 0.24101819098 -0.291172415018 -0.159853339195
      vertex 0.241658583283 -0.291802167892 -0.159251898527
    endloop
  endfacet
  facet normal 0.273776948452 -0.915385186672 0.295154482126
    outer loop
      vertex 0.240516245365 -0.291988432407 -0.15974034369
      vertex 0.240285739303 -0.29095852375 -0.160141378641
      vertex 0.24101819098 -0.291172415018 -0.159853339195
    endloop
  endfacet
  facet normal 0.286887645721 -0.912647128105 0.291154026985
    outer loop
      vertex 0.240516245365 -0.291988432407 -0.15974034369
      vertex 0.239687755704 -0.292041927576 -0.159983724356
      vertex 0.240285739303 -0.29095852375 -0.160141378641
    endloop
  endfacet
  facet normal 0.350642234087 -0.879583418369 0.321532398462
    outer loop
      vertex 0.2394964993 -0.291324645281 -0.160322159529
      vertex 0.240285739303 -0.29095852375 -0.160141378641
      vertex 0.239687755704 -0.292041927576 -0.159983724356
    endloop
  endfacet
  facet normal 0.254970014095 -0.964148700237 0.0735361650586
    outer loop
      vertex 0.239317029715 -0.290257126093 -0.160451039672
      vertex 0.240285739303 -0.29095852375 -0.160141378641
      vertex 0.2394964993 -0.291324645281 -0.160322159529
    endloop
  endfacet
  facet normal 0.172868311405 -0.966815710068 0.188106164336
    outer loop
      vertex 0.240509212017 -0.29019099474 -0.160250753164
      vertex 0.240285739303 -0.29095852375 -0.160141378641
      vertex 0.239317029715 -0.290257126093 -0.160451039672
    endloop
  endfacet
  facet normal 0.300749748945 -0.928026139736 0.219811305404
    outer loop
      vertex 0.24101819098 -0.291172415018 -0.159853339195
      vertex 0.240285739303 -0.29095852375 -0.160141378641
      vertex 0.240509212017 -0.29019099474 -0.160250753164
    endloop
  endfacet
  facet normal 0.424358874559 -0.89428383112 0.142042011023
    outer loop
      vertex 0.240509212017 -0.29019099474 -0.160250753164
      vertex 0.241729989648 -0.290759116411 -0.159581229091
      vertex 0.24101819098 -0.291172415018 -0.159853339195
    endloop
  endfacet
  facet normal 0.439307630062 -0.891924798489 0.107139974833
    outer loop
      vertex 0.241729989648 -0.290759116411 -0.159581229091
      vertex 0.240509212017 -0.29019099474 -0.160250753164
      vertex 0.241669878364 -0.289987534285 -0.159703508019
    endloop
  endfacet
  facet normal 0.438388973475 -0.893448352814 0.097801618278
    outer loop
      vertex 0.241669878364 -0.289987534285 -0.159703508019
      vertex 0.240509212017 -0.29019099474 -0.160250753164
      vertex 0.241199597716 -0.28918209672 -0.160022437572
    endloop
  endfacet
  facet normal 0.352300673723 -0.93542522192 0.0293920598924
    outer loop
      vertex 0.240099340677 -0.288729786873 -0.160451024771
      vertex 0.241199597716 -0.28918209672 -0.160022437572
      vertex 0.240509212017 -0.29019099474 -0.160250753164
    endloop
  endfacet
  facet normal 0.389805078506 -0.917519390583 -0.0788044780493
    outer loop
      vertex 0.241399943829 -0.288099527359 -0.159844338894
      vertex 0.241199597716 -0.28918209672 -0.160022437572
      vertex 0.240099340677 -0.288729786873 -0.160451024771
    endloop
  endfacet
  facet normal 0.584707081318 -0.810853421688 -0.0251865889877
    outer loop
      vertex 0.241199597716 -0.28918209672 -0.160022437572
      vertex 0.241399943829 -0.288099527359 -0.159844338894
      vertex 0.242212608457 -0.289321064949 -0.159296259284
    endloop
  endfacet
  facet normal 0.5650203228 -0.825057148933 -0.00571646634489
    outer loop
      vertex 0.242212608457 -0.289321064949 -0.159296259284
      vertex 0.241399943829 -0.288099527359 -0.159844338894
      vertex 0.242343828082 -0.288384944201 -0.159199908376
    endloop
  endfacet
  facet normal 0.571833729744 -0.819336056709 -0.0411659777164
    outer loop
      vertex 0.242343828082 -0.288384944201 -0.159199908376
      vertex 0.241399943829 -0.288099527359 -0.159844338894
      vertex 0.242355689406 -0.287446856499 -0.159144505858
    endloop
  endfacet
  facet normal 0.503357768059 -0.846973717213 -0.171074450016
    outer loop
      vertex 0.242355689406 -0.287446856499 -0.159144505858
      vertex 0.241399943829 -0.288099527359 -0.159844338894
      vertex 0.241421073675 -0.287054508924 -0.159620702267
    endloop
  endfacet
  facet normal 0.392511039972 -0.900975883007 -0.184871584177
    outer loop
      vertex 0.241399943829 -0.288099527359 -0.159844338894
      vertex 0.240098372102 -0.287764102221 -0.160342544317
      vertex 0.241421073675 -0.287054508924 -0.159620702267
    endloop
  endfacet
  facet normal 0.378747671843 -0.919672548771 -0.103694938123
    outer loop
      vertex 0.240098372102 -0.287764102221 -0.160342544317
      vertex 0.241399943829 -0.288099527359 -0.159844338894
      vertex 0.240099340677 -0.288729786873 -0.160451024771
    endloop
  endfacet
  facet normal 0.184883460402 -0.97659689188 -0.109893709421
    outer loop
      vertex 0.23846937716 -0.287997335196 -0.160677179694
      vertex 0.240098372102 -0.287764102221 -0.160342544317
      vertex 0.240099340677 -0.288729786873 -0.160451024771
    endloop
  endfacet
  facet normal 0.170612290502 -0.965982973576 -0.194340735674
    outer loop
      vertex 0.240098372102 -0.287764102221 -0.160342544317
      vertex 0.23846937716 -0.287997335196 -0.160677179694
      vertex 0.239643245935 -0.285872399807 -0.160042345524
    endloop
  endfacet
  facet normal 0.139797911048 -0.967273950577 -0.211749047041
    outer loop
      vertex 0.23846937716 -0.287997335196 -0.160677179694
      vertex 0.237464427948 -0.285801827908 -0.160341799259
      vertex 0.239643245935 -0.285872399807 -0.160042345524
    endloop
  endfacet
  facet normal 0.172156006098 -0.958961129189 -0.225290596485
    outer loop
      vertex 0.237032115459 -0.287812322378 -0.160891741514
      vertex 0.237464427948 -0.285801827908 -0.160341799259
      vertex 0.23846937716 -0.287997335196 -0.160677179694
    endloop
  endfacet
  facet normal 0.0612666904926 -0.966028630733 -0.251067787409
    outer loop
      vertex 0.237464427948 -0.285801827908 -0.160341799259
      vertex 0.237032115459 -0.287812322378 -0.160891741514
      vertex 0.234301045537 -0.285115838051 -0.1603641361
    endloop
  endfacet
  facet normal -0.192105516791 -0.981370985508 0.00255212397315
    outer loop
      vertex 0.237032115459 -0.287812322378 -0.160891741514
      vertex 0.234168171883 -0.289849370718 -0.160325810313
      vertex 0.234301045537 -0.285115838051 -0.1603641361
    endloop
  endfacet
  facet normal -0.0974261909723 -0.985783576965 0.136890053749
    outer loop
      vertex 0.237032115459 -0.287812322378 -0.160891741514
      vertex 0.23812481761 -0.290323019028 -0.160651087761
      vertex 0.234168171883 -0.289849370718 -0.160325810313
    endloop
  endfacet
  facet normal 0.143492668867 -0.989122271538 0.0323578007519
    outer loop
      vertex 0.23846937716 -0.287997335196 -0.160677179694
      vertex 0.23812481761 -0.290323019028 -0.160651087761
      vertex 0.237032115459 -0.287812322378 -0.160891741514
    endloop
  endfacet
  facet normal 0.167293354869 -0.985255479813 0.0358406230807
    outer loop
      vertex 0.239317029715 -0.290257126093 -0.160451039672
      vertex 0.23812481761 -0.290323019028 -0.160651087761
      vertex 0.23846937716 -0.287997335196 -0.160677179694
    endloop
  endfacet
  facet normal 0.169636487961 -0.981391787529 0.0899647921324
    outer loop
      vertex 0.2394964993 -0.291324645281 -0.160322159529
      vertex 0.23812481761 -0.290323019028 -0.160651087761
      vertex 0.239317029715 -0.290257126093 -0.160451039672
    endloop
  endfacet
  facet normal 0.0540590323508 -0.96828275919 0.243938744068
    outer loop
      vertex 0.238558799028 -0.292317181826 -0.160124465823
      vertex 0.23812481761 -0.290323019028 -0.160651087761
      vertex 0.2394964993 -0.291324645281 -0.160322159529
    endloop
  endfacet
  facet normal 0.109959810972 -0.966638982296 0.23133932054
    outer loop
      vertex 0.23812481761 -0.290323019028 -0.160651087761
      vertex 0.238558799028 -0.292317181826 -0.160124465823
      vertex 0.236956715584 -0.292750597 -0.160202980042
    endloop
  endfacet
  facet normal 0.174318119884 -0.854360044003 0.489573359489
    outer loop
      vertex 0.238558799028 -0.292317181826 -0.160124465823
      vertex 0.237738952041 -0.293268352747 -0.159746691585
      vertex 0.236956715584 -0.292750597 -0.160202980042
    endloop
  endfacet
  facet normal 0.177332401276 -0.852638781071 0.49148786068
    outer loop
      vertex 0.237738952041 -0.293268352747 -0.159746691585
      vertex 0.238558799028 -0.292317181826 -0.160124465823
      vertex 0.238917440176 -0.293183624744 -0.159550428391
    endloop
  endfacet
  facet normal 0.221657112241 -0.852644503117 0.473144263029
    outer loop
      vertex 0.238558799028 -0.292317181826 -0.160124465823
      vertex 0.239687755704 -0.292041927576 -0.159983724356
      vertex 0.238917440176 -0.293183624744 -0.159550428391
    endloop
  endfacet
  facet normal 0.203754320741 -0.905259907246 0.372811883688
    outer loop
      vertex 0.2394964993 -0.291324645281 -0.160322159529
      vertex 0.239687755704 -0.292041927576 -0.159983724356
      vertex 0.238558799028 -0.292317181826 -0.160124465823
    endloop
  endfacet
  facet normal 0.168149113655 -0.71816432476 0.675252437592
    outer loop
      vertex 0.238347008824 -0.294178366661 -0.158748686314
      vertex 0.237738952041 -0.293268352747 -0.159746691585
      vertex 0.238917440176 -0.293183624744 -0.159550428391
    endloop
  endfacet
  facet normal 0.0826741531491 -0.698508918285 0.710809588432
    outer loop
      vertex 0.238347008824 -0.294178366661 -0.158748686314
      vertex 0.236708015203 -0.293847292662 -0.159279569983
      vertex 0.237738952041 -0.293268352747 -0.159746691585
    endloop
  endfacet
  facet normal 0.0306042023003 -0.595230460167 0.802972078323
    outer loop
      vertex 0.236708015203 -0.293847292662 -0.159279569983
      vertex 0.238347008824 -0.294178366661 -0.158748686314
      vertex 0.236136674881 -0.294829159975 -0.157984405756
    endloop
  endfacet
  facet normal 0.0491930395365 -0.561240613461 0.82618945837
    outer loop
      vertex 0.236136674881 -0.294829159975 -0.157984405756
      vertex 0.238347008824 -0.294178366661 -0.158748686314
      vertex 0.238129615784 -0.295077294111 -0.157444447279
    endloop
  endfacet
  facet normal 0.271812856197 -0.515007257462 0.812948524952
    outer loop
      vertex 0.238931849599 -0.294644057751 -0.157704919577
      vertex 0.238129615784 -0.295077294111 -0.157444447279
      vertex 0.238347008824 -0.294178366661 -0.158748686314
    endloop
  endfacet
  facet normal 0.271944671869 -0.515049517155 0.812877655029
    outer loop
      vertex 0.239733785391 -0.294210910797 -0.157965108752
      vertex 0.238931849599 -0.294644057751 -0.157704919577
      vertex 0.238347008824 -0.294178366661 -0.158748686314
    endloop
  endfacet
  facet normal 0.299087911844 -0.465166211128 0.833166718483
    outer loop
      vertex 0.238931849599 -0.294644057751 -0.157704919577
      vertex 0.239733785391 -0.294210910797 -0.157965108752
      vertex 0.239485993981 -0.294583767653 -0.157456606627
    endloop
  endfacet
  facet normal 0.380291104317 -0.419180899858 0.824418604374
    outer loop
      vertex 0.24046626687 -0.294113993645 -0.157491192222
      vertex 0.239485993981 -0.294583767653 -0.157456606627
      vertex 0.239733785391 -0.294210910797 -0.157965108752
    endloop
  endfacet
  facet normal 0.391338378191 -0.367530316114 0.843668043613
    outer loop
      vertex 0.240039989352 -0.294549226761 -0.156946003437
      vertex 0.239485993981 -0.294583767653 -0.157456606627
      vertex 0.24046626687 -0.294113993645 -0.157491192222
    endloop
  endfacet
  facet normal 0.416445106268 -0.396497666836 0.818146109581
    outer loop
      vertex 0.239485993981 -0.294583767653 -0.157456606627
      vertex 0.240039989352 -0.294549226761 -0.156946003437
      vertex 0.23963907361 -0.294752806425 -0.156947016716
    endloop
  endfacet
  facet normal 0.364466756582 -0.390428632498 0.845416724682
    outer loop
      vertex 0.240892544389 -0.293678581715 -0.158036082983
      vertex 0.24046626687 -0.294113993645 -0.157491192222
      vertex 0.239733785391 -0.294210910797 -0.157965108752
    endloop
  endfacet
  facet normal -0.0468843318522 -0.269031912088 0.961989462376
    outer loop
      vertex 0.236731439829 -0.2952491045 -0.156586438417
      vertex 0.236136674881 -0.294829159975 -0.157984405756
      vertex 0.238129615784 -0.295077294111 -0.157444447279
    endloop
  endfacet
  facet normal 0.0402385555208 -0.30312743783 0.952100098133
    outer loop
      vertex 0.236731439829 -0.2952491045 -0.156586438417
      vertex 0.23441721499 -0.295117110014 -0.157308220863
      vertex 0.236136674881 -0.294829159975 -0.157984405756
    endloop
  endfacet
  facet normal 0.0644785687327 -0.37579202652 0.924458146095
    outer loop
      vertex 0.23441721499 -0.295117110014 -0.157308220863
      vertex 0.236731439829 -0.2952491045 -0.156586438417
      vertex 0.234777793288 -0.295993983746 -0.155089229345
    endloop
  endfacet
  facet normal 0.106965251267 -0.327480375767 0.938783824444
    outer loop
      vertex 0.236731439829 -0.2952491045 -0.156586438417
      vertex 0.237325951457 -0.295669108629 -0.15518823266
      vertex 0.234777793288 -0.295993983746 -0.155089229345
    endloop
  endfacet
  facet normal -0.0468918867409 -0.269031316042 0.961989223957
    outer loop
      vertex 0.236731439829 -0.2952491045 -0.156586438417
      vertex 0.237727805972 -0.295373171568 -0.15631647408
      vertex 0.237325951457 -0.295669108629 -0.15518823266
    endloop
  endfacet
  facet normal -0.0468893647194 -0.26903963089 0.961987018585
    outer loop
      vertex 0.236731439829 -0.2952491045 -0.156586438417
      vertex 0.238129615784 -0.295077294111 -0.157444447279
      vertex 0.237727805972 -0.295373171568 -0.15631647408
    endloop
  endfacet
  facet normal 0.153290092945 -0.199276998639 0.967879533768
    outer loop
      vertex 0.238129615784 -0.295077294111 -0.157444447279
      vertex 0.238495722413 -0.295180231333 -0.156662851572
      vertex 0.237727805972 -0.295373171568 -0.15631647408
    endloop
  endfacet
  facet normal 0.129765227437 0.104217961431 0.986052513123
    outer loop
      vertex 0.237325951457 -0.295669108629 -0.15518823266
      vertex 0.235986977816 -0.295674920082 -0.153576016426
      vertex 0.234777793288 -0.295993983746 -0.155089229345
    endloop
  endfacet
  facet normal 0.106327205896 0.0847354531288 0.990714073181
    outer loop
      vertex 0.237847238779 -0.295495986938 -0.153818234801
      vertex 0.235986977816 -0.295674920082 -0.153576016426
      vertex 0.237325951457 -0.295669108629 -0.15518823266
    endloop
  endfacet
  facet normal 0.120789013803 0.211131721735 0.969965696335
    outer loop
      vertex 0.235986977816 -0.295674920082 -0.153576016426
      vertex 0.237847238779 -0.295495986938 -0.153818234801
      vertex 0.237350404263 -0.295350074768 -0.152863651514
    endloop
  endfacet
  facet normal 0.0694409385324 0.300827562809 0.951147079468
    outer loop
      vertex 0.236277550459 -0.294993400574 -0.151488289237
      vertex 0.235986977816 -0.295674920082 -0.153576016426
      vertex 0.237350404263 -0.295350074768 -0.152863651514
    endloop
  endfacet
  facet normal 0.0298129767179 0.306433826685 0.951424956322
    outer loop
      vertex 0.233747422695 -0.295417904854 -0.152560144663
      vertex 0.235986977816 -0.295674920082 -0.153576016426
      vertex 0.236277550459 -0.294993400574 -0.151488289237
    endloop
  endfacet
  facet normal -0.0136965885758 0.21676440537 0.97612786293
    outer loop
      vertex 0.234777793288 -0.295993983746 -0.155089229345
      vertex 0.235986977816 -0.295674920082 -0.153576016426
      vertex 0.233747422695 -0.295417904854 -0.152560144663
    endloop
  endfacet
  facet normal -0.105700604618 0.179713189602 0.978023827076
    outer loop
      vertex 0.233747422695 -0.295417904854 -0.152560144663
      vertex 0.23156657815 -0.295566946268 -0.154653936625
      vertex 0.234777793288 -0.295993983746 -0.155089229345
    endloop
  endfacet
  facet normal -0.192191034555 0.267393648624 0.944226264954
    outer loop
      vertex 0.23156657815 -0.295566946268 -0.154653936625
      vertex 0.233747422695 -0.295417904854 -0.152560144663
      vertex 0.229909434915 -0.294467687607 -0.151963308454
    endloop
  endfacet
  facet normal -0.148999944329 0.44651594758 0.882282555103
    outer loop
      vertex 0.233666345477 -0.293916046619 -0.14961963892
      vertex 0.229909434915 -0.294467687607 -0.151963308454
      vertex 0.233747422695 -0.295417904854 -0.152560144663
    endloop
  endfacet
  facet normal -0.0798845291138 0.347922921181 0.934113562107
    outer loop
      vertex 0.227645009756 -0.293062329292 -0.148710072041
      vertex 0.229909434915 -0.294467687607 -0.151963308454
      vertex 0.233666345477 -0.293916046619 -0.14961963892
    endloop
  endfacet
  facet normal -0.325922966003 0.174522072077 0.929148137569
    outer loop
      vertex 0.227124124765 -0.293938010931 -0.154344931245
      vertex 0.229909434915 -0.294467687607 -0.151963308454
      vertex 0.227645009756 -0.293062329292 -0.148710072041
    endloop
  endfacet
  facet normal -0.32793211937 0.17713932693 0.927945137024
    outer loop
      vertex 0.227124124765 -0.293938010931 -0.154344931245
      vertex 0.23156657815 -0.295566946268 -0.154653936625
      vertex 0.229909434915 -0.294467687607 -0.151963308454
    endloop
  endfacet
  facet normal -0.308834463358 -0.6149071455 0.725610435009
    outer loop
      vertex 0.227124124765 -0.293938010931 -0.154344931245
      vertex 0.23050634563 -0.291824966669 -0.158537089825
      vertex 0.23156657815 -0.295566946268 -0.154653936625
    endloop
  endfacet
  facet normal -0.718919575214 -0.671162366867 0.180819585919
    outer loop
      vertex 0.23050634563 -0.291824966669 -0.158537089825
      vertex 0.227124124765 -0.293938010931 -0.154344931245
      vertex 0.225918874145 -0.290831267834 -0.153890922666
    endloop
  endfacet
  facet normal -0.915481626987 0.143069043756 0.376064687967
    outer loop
      vertex 0.225918874145 -0.290831267834 -0.153890922666
      vertex 0.227124124765 -0.293938010931 -0.154344931245
      vertex 0.227645009756 -0.293062329292 -0.148710072041
    endloop
  endfacet
  facet normal -0.0841188132763 -0.370346188545 0.925077140331
    outer loop
      vertex 0.222022011876 -0.291791260242 -0.150607869029
      vertex 0.225918874145 -0.290831267834 -0.153890922666
      vertex 0.227645009756 -0.293062329292 -0.148710072041
    endloop
  endfacet
  facet normal -0.300441563129 -0.578382909298 0.758424758911
    outer loop
      vertex 0.222022011876 -0.291791260242 -0.150607869029
      vertex 0.223466098309 -0.288536131382 -0.155626401305
      vertex 0.225918874145 -0.290831267834 -0.153890922666
    endloop
  endfacet
  facet normal -0.171063378453 -0.570329785347 0.803406000137
    outer loop
      vertex 0.223466098309 -0.288536131382 -0.155626401305
      vertex 0.222022011876 -0.291791260242 -0.150607869029
      vertex 0.219563305378 -0.290460765362 -0.151744633913
    endloop
  endfacet
  facet normal -0.263652473688 -0.436531156301 0.860190629959
    outer loop
      vertex 0.222022011876 -0.291791260242 -0.150607869029
      vertex 0.219112575054 -0.291473448277 -0.149476900697
      vertex 0.219563305378 -0.290460765362 -0.151744633913
    endloop
  endfacet
  facet normal -0.0507417917252 0.147053658962 0.987826168537
    outer loop
      vertex 0.222022011876 -0.291791260242 -0.150607869029
      vertex 0.22271566093 -0.291296035051 -0.147041857243
      vertex 0.219112575054 -0.291473448277 -0.149476900697
    endloop
  endfacet
  facet normal -0.275559425354 0.184613600373 0.943390071392
    outer loop
      vertex 0.22271566093 -0.291296035051 -0.147041857243
      vertex 0.222022011876 -0.291791260242 -0.150607869029
      vertex 0.227645009756 -0.293062329292 -0.148710072041
    endloop
  endfacet
  facet normal -0.239772841334 0.27675780654 0.930545032024
    outer loop
      vertex 0.227645009756 -0.293062329292 -0.148710072041
      vertex 0.226527482271 -0.291649460793 -0.144927769899
      vertex 0.22271566093 -0.291296035051 -0.147041857243
    endloop
  endfacet
  facet normal -0.107180029154 0.319968611002 0.941346108913
    outer loop
      vertex 0.231646001339 -0.29193380475 -0.144049748778
      vertex 0.226527482271 -0.291649460793 -0.144927769899
      vertex 0.227645009756 -0.293062329292 -0.148710072041
    endloop
  endfacet
  facet normal -0.102470368147 0.289130806923 0.951789498329
    outer loop
      vertex 0.229956433177 -0.290693998337 -0.140567228198
      vertex 0.226527482271 -0.291649460793 -0.144927769899
      vertex 0.231646001339 -0.29193380475 -0.144049748778
    endloop
  endfacet
  facet normal -0.511206746101 0.547210276127 0.662743210793
    outer loop
      vertex 0.229956433177 -0.290693998337 -0.140567228198
      vertex 0.226596549153 -0.288074672222 -0.140533700585
      vertex 0.226527482271 -0.291649460793 -0.144927769899
    endloop
  endfacet
  facet normal -0.335864782333 0.832043707371 0.441472709179
    outer loop
      vertex 0.230513945222 -0.286790430546 -0.13827098906
      vertex 0.226596549153 -0.288074672222 -0.140533700585
      vertex 0.229956433177 -0.290693998337 -0.140567228198
    endloop
  endfacet
  facet normal -0.321712523699 0.82284373045 0.468432754278
    outer loop
      vertex 0.226510107517 -0.285401791334 -0.139045864344
      vertex 0.226596549153 -0.288074672222 -0.140533700585
      vertex 0.230513945222 -0.286790430546 -0.13827098906
    endloop
  endfacet
  facet normal -0.0360622480512 0.872689604759 0.486941844225
    outer loop
      vertex 0.220696344972 -0.286644071341 -0.139979273081
      vertex 0.226596549153 -0.288074672222 -0.140533700585
      vertex 0.226510107517 -0.285401791334 -0.139045864344
    endloop
  endfacet
  facet normal -0.0954107344151 0.730233311653 0.676502883434
    outer loop
      vertex 0.220696344972 -0.286644071341 -0.139979273081
      vertex 0.223408982158 -0.290800631046 -0.143475562334
      vertex 0.226596549153 -0.288074672222 -0.140533700585
    endloop
  endfacet
  facet normal -0.213901564479 0.67430883646 0.706791162491
    outer loop
      vertex 0.218434691429 -0.289246708155 -0.143424719572
      vertex 0.223408982158 -0.290800631046 -0.143475562334
      vertex 0.220696344972 -0.286644071341 -0.139979273081
    endloop
  endfacet
  facet normal -0.239171236753 0.572361707687 0.784346342087
    outer loop
      vertex 0.223408982158 -0.290800631046 -0.143475562334
      vertex 0.218434691429 -0.289246708155 -0.143424719572
      vertex 0.218110859394 -0.291435271502 -0.146559178829
    endloop
  endfacet
  facet normal 0.0901469141245 0.563878297806 0.820923149586
    outer loop
      vertex 0.218110859394 -0.291435271502 -0.146559178829
      vertex 0.218434691429 -0.289246708155 -0.143424719572
      vertex 0.214389577508 -0.290545105934 -0.144668310881
    endloop
  endfacet
  facet normal 0.0743232518435 0.59432309866 0.800784707069
    outer loop
      vertex 0.214389577508 -0.290545105934 -0.144668310881
      vertex 0.218434691429 -0.289246708155 -0.143424719572
      vertex 0.214879468083 -0.28845924139 -0.141919091344
    endloop
  endfacet
  facet normal 0.0628143250942 0.574976801872 0.815754890442
    outer loop
      vertex 0.220696344972 -0.286644071341 -0.139979273081
      vertex 0.214879468083 -0.28845924139 -0.141919091344
      vertex 0.218434691429 -0.289246708155 -0.143424719572
    endloop
  endfacet
  facet normal -0.329677253962 0.942825853825 -0.0489110462368
    outer loop
      vertex 0.214879468083 -0.28845924139 -0.141919091344
      vertex 0.220696344972 -0.286644071341 -0.139979273081
      vertex 0.212685346603 -0.282890766859 -0.142975181341
    endloop
  endfacet
  facet normal -0.179808303714 0.919320523739 -0.35002681613
    outer loop
      vertex 0.220696344972 -0.286644071341 -0.139979273081
      vertex 0.218505054712 -0.281232088804 -0.142468452454
      vertex 0.212685346603 -0.282890766859 -0.142975181341
    endloop
  endfacet
  facet normal -0.250796109438 0.914022743702 -0.318847507238
    outer loop
      vertex 0.220696344972 -0.286644071341 -0.139979273081
      vertex 0.225396201015 -0.28170016408 -0.140414327383
      vertex 0.218505054712 -0.281232088804 -0.142468452454
    endloop
  endfacet
  facet normal -0.210631355643 0.935831427574 -0.282584518194
    outer loop
      vertex 0.220696344972 -0.286644071341 -0.139979273081
      vertex 0.226510107517 -0.285401791334 -0.139045864344
      vertex 0.225396201015 -0.28170016408 -0.140414327383
    endloop
  endfacet
  facet normal -0.236893281341 0.932282447815 -0.273369669914
    outer loop
      vertex 0.226510107517 -0.285401791334 -0.139045864344
      vertex 0.230321615934 -0.282383203506 -0.138962492347
      vertex 0.225396201015 -0.28170016408 -0.140414327383
    endloop
  endfacet
  facet normal -0.138332381845 0.979322552681 -0.147619515657
    outer loop
      vertex 0.230321615934 -0.282383203506 -0.138962492347
      vertex 0.226510107517 -0.285401791334 -0.139045864344
      vertex 0.230513945222 -0.286790430546 -0.13827098906
    endloop
  endfacet
  facet normal -0.454632014036 0.882739424706 -0.118662923574
    outer loop
      vertex 0.230321615934 -0.282383203506 -0.138962492347
      vertex 0.230513945222 -0.286790430546 -0.13827098906
      vertex 0.23256751895 -0.28400182724 -0.137588217854
    endloop
  endfacet
  facet normal -0.715341687202 0.583927094936 -0.383816838264
    outer loop
      vertex 0.23256751895 -0.28400182724 -0.137588217854
      vertex 0.230513945222 -0.286790430546 -0.13827098906
      vertex 0.231767430902 -0.287255764008 -0.136429548264
    endloop
  endfacet
  facet normal -0.761068105698 0.386399328709 0.521028697491
    outer loop
      vertex 0.230513945222 -0.286790430546 -0.13827098906
      vertex 0.232959404588 -0.290155559778 -0.137991920114
      vertex 0.231767430902 -0.287255764008 -0.136429548264
    endloop
  endfacet
  facet normal -0.571483790874 0.740378856659 0.353900313377
    outer loop
      vertex 0.232959404588 -0.290155559778 -0.137991920114
      vertex 0.230513945222 -0.286790430546 -0.13827098906
      vertex 0.229956433177 -0.290693998337 -0.140567228198
    endloop
  endfacet
  facet normal -0.21231546998 0.430943578482 0.877046048641
    outer loop
      vertex 0.233129426837 -0.29127407074 -0.140184521675
      vertex 0.232959404588 -0.290155559778 -0.137991920114
      vertex 0.229956433177 -0.290693998337 -0.140567228198
    endloop
  endfacet
  facet normal -0.382849663496 0.396066963673 0.834599971771
    outer loop
      vertex 0.233129426837 -0.29127407074 -0.140184521675
      vertex 0.234917923808 -0.291171878576 -0.138240382075
      vertex 0.232959404588 -0.290155559778 -0.137991920114
    endloop
  endfacet
  facet normal -0.217233344913 0.249445796013 0.943708896637
    outer loop
      vertex 0.234917923808 -0.291171878576 -0.138240382075
      vertex 0.233129426837 -0.29127407074 -0.140184521675
      vertex 0.236878544092 -0.292070567608 -0.139932885766
    endloop
  endfacet
  facet normal -0.216105043888 0.185613498092 0.958564698696
    outer loop
      vertex 0.236878544092 -0.292070567608 -0.139932885766
      vertex 0.233129426837 -0.29127407074 -0.140184521675
      vertex 0.234726622701 -0.29201695323 -0.142161428928
    endloop
  endfacet
  facet normal -0.16517303884 0.227203562856 0.959737658501
    outer loop
      vertex 0.234726622701 -0.29201695323 -0.142161428928
      vertex 0.233129426837 -0.29127407074 -0.140184521675
      vertex 0.231646001339 -0.29193380475 -0.144049748778
    endloop
  endfacet
  facet normal -0.202498987317 0.239776983857 0.949474155903
    outer loop
      vertex 0.231646001339 -0.29193380475 -0.144049748778
      vertex 0.233129426837 -0.29127407074 -0.140184521675
      vertex 0.229956433177 -0.290693998337 -0.140567228198
    endloop
  endfacet
  facet normal -0.0692573040724 0.0691649839282 0.995198309422
    outer loop
      vertex 0.231646001339 -0.29193380475 -0.144049748778
      vertex 0.235180318356 -0.292289763689 -0.145632535219
      vertex 0.234726622701 -0.29201695323 -0.142161428928
    endloop
  endfacet
  facet normal 0.0220318883657 0.265936940908 0.963738620281
    outer loop
      vertex 0.235180318356 -0.292289763689 -0.145632535219
      vertex 0.231646001339 -0.29193380475 -0.144049748778
      vertex 0.23357360065 -0.292685389519 -0.146933138371
    endloop
  endfacet
  facet normal -0.0117480754852 0.244853198528 0.969488978386
    outer loop
      vertex 0.227645009756 -0.293062329292 -0.148710072041
      vertex 0.23357360065 -0.292685389519 -0.146933138371
      vertex 0.231646001339 -0.29193380475 -0.144049748778
    endloop
  endfacet
  facet normal -0.0662534460425 0.413665354252 0.90801513195
    outer loop
      vertex 0.23357360065 -0.292685389519 -0.146933138371
      vertex 0.227645009756 -0.293062329292 -0.148710072041
      vertex 0.233666345477 -0.293916046619 -0.14961963892
    endloop
  endfacet
  facet normal -0.0646991506219 0.413752228022 0.908087611198
    outer loop
      vertex 0.236091822386 -0.293661653996 -0.148682028055
      vertex 0.23357360065 -0.292685389519 -0.146933138371
      vertex 0.233666345477 -0.293916046619 -0.14961963892
    endloop
  endfacet
  facet normal -0.0610093362629 0.418096184731 0.906351745129
    outer loop
      vertex 0.236091822386 -0.293661653996 -0.148682028055
      vertex 0.236707493663 -0.29294899106 -0.147047281265
      vertex 0.23357360065 -0.292685389519 -0.146933138371
    endloop
  endfacet
  facet normal 0.0613554827869 0.37936258316 0.92321151495
    outer loop
      vertex 0.236707493663 -0.29294899106 -0.147047281265
      vertex 0.236091822386 -0.293661653996 -0.148682028055
      vertex 0.237282752991 -0.293234229088 -0.147834464908
    endloop
  endfacet
  facet normal 0.0103373257443 0.438639849424 0.898603498936
    outer loop
      vertex 0.236091822386 -0.293661653996 -0.148682028055
      vertex 0.237653493881 -0.29365426302 -0.148703694344
      vertex 0.237282752991 -0.293234229088 -0.147834464908
    endloop
  endfacet
  facet normal 0.0113271158189 0.526555359364 0.850065410137
    outer loop
      vertex 0.237435296178 -0.294060558081 -0.149354919791
      vertex 0.237653493881 -0.29365426302 -0.148703694344
      vertex 0.236091822386 -0.293661653996 -0.148682028055
    endloop
  endfacet
  facet normal 0.0616943463683 0.513354420662 0.855956196785
    outer loop
      vertex 0.238332882524 -0.293928682804 -0.149242907763
      vertex 0.237653493881 -0.29365426302 -0.148703694344
      vertex 0.237435296178 -0.294060558081 -0.149354919791
    endloop
  endfacet
  facet normal 0.055684402585 0.507703065872 0.859730660915
    outer loop
      vertex 0.238558739424 -0.293607622385 -0.148724004626
      vertex 0.237653493881 -0.29365426302 -0.148703694344
      vertex 0.238332882524 -0.293928682804 -0.149242907763
    endloop
  endfacet
  facet normal 0.0557715855539 0.496084600687 0.866481184959
    outer loop
      vertex 0.238331988454 -0.293397963047 -0.148332312703
      vertex 0.237653493881 -0.29365426302 -0.148703694344
      vertex 0.238558739424 -0.293607622385 -0.148724004626
    endloop
  endfacet
  facet normal 0.0748573616147 0.470139503479 0.879411876202
    outer loop
      vertex 0.237904027104 -0.293227940798 -0.14794613421
      vertex 0.237653493881 -0.29365426302 -0.148703694344
      vertex 0.238331988454 -0.293397963047 -0.148332312703
    endloop
  endfacet
  facet normal 0.0924769043922 0.464927881956 0.880505561829
    outer loop
      vertex 0.237282752991 -0.293234229088 -0.147834464908
      vertex 0.237653493881 -0.29365426302 -0.148703694344
      vertex 0.237904027104 -0.293227940798 -0.14794613421
    endloop
  endfacet
  facet normal 0.0664752647281 0.316561043262 0.946240007877
    outer loop
      vertex 0.237976714969 -0.293039619923 -0.147398486733
      vertex 0.237282752991 -0.293234229088 -0.147834464908
      vertex 0.237904027104 -0.293227940798 -0.14794613421
    endloop
  endfacet
  facet normal 0.0336975455284 0.362156629562 0.931507945061
    outer loop
      vertex 0.236707493663 -0.29294899106 -0.147047281265
      vertex 0.237282752991 -0.293234229088 -0.147834464908
      vertex 0.237976714969 -0.293039619923 -0.147398486733
    endloop
  endfacet
  facet normal 0.0176220983267 0.309060186148 0.950879216194
    outer loop
      vertex 0.237837448716 -0.292560905218 -0.14591768384
      vertex 0.236707493663 -0.29294899106 -0.147047281265
      vertex 0.237976714969 -0.293039619923 -0.147398486733
    endloop
  endfacet
  facet normal -0.0545169599354 0.372783750296 0.926315367222
    outer loop
      vertex 0.235180318356 -0.292289763689 -0.145632535219
      vertex 0.236707493663 -0.29294899106 -0.147047281265
      vertex 0.237837448716 -0.292560905218 -0.14591768384
    endloop
  endfacet
  facet normal -0.0649648606777 0.362999677658 0.929521799088
    outer loop
      vertex 0.23357360065 -0.292685389519 -0.146933138371
      vertex 0.236707493663 -0.29294899106 -0.147047281265
      vertex 0.235180318356 -0.292289763689 -0.145632535219
    endloop
  endfacet
  facet normal -0.0926501825452 0.0803427025676 0.992452025414
    outer loop
      vertex 0.236945137382 -0.2923181355 -0.143947824836
      vertex 0.235180318356 -0.292289763689 -0.145632535219
      vertex 0.237837448716 -0.292560905218 -0.14591768384
    endloop
  endfacet
  facet normal -0.0805475190282 0.0676307678223 0.994453728199
    outer loop
      vertex 0.234726622701 -0.29201695323 -0.142161428928
      vertex 0.235180318356 -0.292289763689 -0.145632535219
      vertex 0.236945137382 -0.2923181355 -0.143947824836
    endloop
  endfacet
  facet normal -0.170301407576 -0.0455394126475 0.984339177608
    outer loop
      vertex 0.237064898014 -0.292435050011 -0.141868591309
      vertex 0.234726622701 -0.29201695323 -0.142161428928
      vertex 0.236945137382 -0.2923181355 -0.143947824836
    endloop
  endfacet
  facet normal -0.193452268839 0.1635273844 0.967385649681
    outer loop
      vertex 0.237064898014 -0.292435050011 -0.141868591309
      vertex 0.236878544092 -0.292070567608 -0.139932885766
      vertex 0.234726622701 -0.29201695323 -0.142161428928
    endloop
  endfacet
  facet normal 0.0310092587024 0.187835618854 0.981710851192
    outer loop
      vertex 0.238432183862 -0.292293608189 -0.141355082393
      vertex 0.236878544092 -0.292070567608 -0.139932885766
      vertex 0.237064898014 -0.292435050011 -0.141868591309
    endloop
  endfacet
  facet normal -0.066546857357 0.0832376405597 0.994305312634
    outer loop
      vertex 0.239098221064 -0.292228549719 -0.140045434237
      vertex 0.236878544092 -0.292070567608 -0.139932885766
      vertex 0.238432183862 -0.292293608189 -0.141355082393
    endloop
  endfacet
  facet normal -0.0648014619946 0.113596171141 0.991411447525
    outer loop
      vertex 0.236878544092 -0.292070567608 -0.139932885766
      vertex 0.239098221064 -0.292228549719 -0.140045434237
      vertex 0.238778844476 -0.292091906071 -0.139035075903
    endloop
  endfacet
  facet normal 0.00243999552913 0.134777873755 0.990872859955
    outer loop
      vertex 0.239486947656 -0.292130321264 -0.13933031261
      vertex 0.238778844476 -0.292091906071 -0.139035075903
      vertex 0.239098221064 -0.292228549719 -0.140045434237
    endloop
  endfacet
  facet normal 0.0554012358189 0.258361071348 0.964458525181
    outer loop
      vertex 0.238778844476 -0.292091906071 -0.139035075903
      vertex 0.239486947656 -0.292130321264 -0.13933031261
      vertex 0.239536359906 -0.291942626238 -0.138640239835
    endloop
  endfacet
  facet normal -0.0452831462026 0.428137421608 0.902578413486
    outer loop
      vertex 0.238870054483 -0.291727423668 -0.138257041574
      vertex 0.238778844476 -0.292091906071 -0.139035075903
      vertex 0.239536359906 -0.291942626238 -0.138640239835
    endloop
  endfacet
  facet normal -0.0961358249187 0.431478410959 0.896986246109
    outer loop
      vertex 0.238870054483 -0.291727423668 -0.138257041574
      vertex 0.237176939845 -0.29162222147 -0.138415575027
      vertex 0.238778844476 -0.292091906071 -0.139035075903
    endloop
  endfacet
  facet normal -0.0979720428586 0.461077034473 0.881935060024
    outer loop
      vertex 0.23840585351 -0.291088968515 -0.137134462595
      vertex 0.237176939845 -0.29162222147 -0.138415575027
      vertex 0.238870054483 -0.291727423668 -0.138257041574
    endloop
  endfacet
  facet normal -0.07419347018 0.443048775196 0.89342212677
    outer loop
      vertex 0.23728941381 -0.291024833918 -0.137192085385
      vertex 0.237176939845 -0.29162222147 -0.138415575027
      vertex 0.23840585351 -0.291088968515 -0.137134462595
    endloop
  endfacet
  facet normal -0.141794621944 0.444821029902 0.884323775768
    outer loop
      vertex 0.23728941381 -0.291024833918 -0.137192085385
      vertex 0.234917923808 -0.291171878576 -0.138240382075
      vertex 0.237176939845 -0.29162222147 -0.138415575027
    endloop
  endfacet
  facet normal -0.217987909913 0.601005315781 0.768943369389
    outer loop
      vertex 0.23728941381 -0.291024833918 -0.137192085385
      vertex 0.235293626785 -0.289727002382 -0.1362554878
      vertex 0.234917923808 -0.291171878576 -0.138240382075
    endloop
  endfacet
  facet normal 0.0192992221564 0.824590563774 0.565400719643
    outer loop
      vertex 0.23728941381 -0.291024833918 -0.137192085385
      vertex 0.237793907523 -0.289090663195 -0.135877683759
      vertex 0.235293626785 -0.289727002382 -0.1362554878
    endloop
  endfacet
  facet normal -0.0744678452611 0.833718121052 0.547145903111
    outer loop
      vertex 0.23728941381 -0.291024833918 -0.137192085385
      vertex 0.23840585351 -0.291088968515 -0.137134462595
      vertex 0.237793907523 -0.289090663195 -0.135877683759
    endloop
  endfacet
  facet normal -0.200779438019 0.800385832787 0.564862966537
    outer loop
      vertex 0.237793907523 -0.289090663195 -0.135877683759
      vertex 0.23840585351 -0.291088968515 -0.137134462595
      vertex 0.239484712481 -0.290296107531 -0.136304274201
    endloop
  endfacet
  facet normal 0.0125018488616 0.68206423521 0.731185436249
    outer loop
      vertex 0.239484712481 -0.290296107531 -0.136304274201
      vertex 0.23840585351 -0.291088968515 -0.137134462595
      vertex 0.239860236645 -0.291114717722 -0.137188717723
    endloop
  endfacet
  facet normal 0.00320462137461 0.497529089451 0.867441356182
    outer loop
      vertex 0.23840585351 -0.291088968515 -0.137134462595
      vertex 0.23970797658 -0.291521251202 -0.13789652288
      vertex 0.239860236645 -0.291114717722 -0.137188717723
    endloop
  endfacet
  facet normal 0.000999770127237 0.494686186314 0.86907106638
    outer loop
      vertex 0.23970797658 -0.291521251202 -0.13789652288
      vertex 0.23840585351 -0.291088968515 -0.137134462595
      vertex 0.238870054483 -0.291727423668 -0.138257041574
    endloop
  endfacet
  facet normal 0.00220628338866 0.492568194866 0.870271027088
    outer loop
      vertex 0.238870054483 -0.291727423668 -0.138257041574
      vertex 0.239536359906 -0.291942626238 -0.138640239835
      vertex 0.23970797658 -0.291521251202 -0.13789652288
    endloop
  endfacet
  facet normal 0.162149325013 0.465000212193 0.870334625244
    outer loop
      vertex 0.23970797658 -0.291521251202 -0.13789652288
      vertex 0.240556687117 -0.291316717863 -0.137809664011
      vertex 0.239860236645 -0.291114717722 -0.137188717723
    endloop
  endfacet
  facet normal 0.211852014065 0.509017765522 0.834277927876
    outer loop
      vertex 0.241136834025 -0.290939897299 -0.137433499098
      vertex 0.239860236645 -0.291114717722 -0.137188717723
      vertex 0.240556687117 -0.291316717863 -0.137809664011
    endloop
  endfacet
  facet normal 0.224100977182 0.650354325771 0.725822329521
    outer loop
      vertex 0.239860236645 -0.291114717722 -0.137188717723
      vertex 0.241136834025 -0.290939897299 -0.137433499098
      vertex 0.240837350488 -0.290555745363 -0.136901572347
    endloop
  endfacet
  facet normal 0.181382864714 0.640834510326 0.745943307877
    outer loop
      vertex 0.241358444095 -0.290663570166 -0.137174576521
      vertex 0.240837350488 -0.290555745363 -0.136901572347
      vertex 0.241136834025 -0.290939897299 -0.137433499098
    endloop
  endfacet
  facet normal 0.221691161394 0.693786621094 0.685210287571
    outer loop
      vertex 0.240837350488 -0.290555745363 -0.136901572347
      vertex 0.241358444095 -0.290663570166 -0.137174576521
      vertex 0.241560205817 -0.290302097797 -0.136882051826
    endloop
  endfacet
  facet normal 0.223397821188 0.692959189415 0.68549323082
    outer loop
      vertex 0.241358444095 -0.290663570166 -0.137174576521
      vertex 0.241724327207 -0.290477007627 -0.137107983232
      vertex 0.241560205817 -0.290302097797 -0.136882051826
    endloop
  endfacet
  facet normal 0.238672375679 0.666701674461 0.706076741219
    outer loop
      vertex 0.241724327207 -0.290477007627 -0.137107983232
      vertex 0.241358444095 -0.290663570166 -0.137174576521
      vertex 0.241740316153 -0.290648967028 -0.137295812368
    endloop
  endfacet
  facet normal 0.21919234097 0.597484230995 0.771341204643
    outer loop
      vertex 0.241358444095 -0.290663570166 -0.137174576521
      vertex 0.24156974256 -0.290777474642 -0.137399151921
      vertex 0.241740316153 -0.290648967028 -0.137295812368
    endloop
  endfacet
  facet normal 0.23640999198 0.607202470303 0.758561432362
    outer loop
      vertex 0.241136834025 -0.290939897299 -0.137433499098
      vertex 0.24156974256 -0.290777474642 -0.137399151921
      vertex 0.241358444095 -0.290663570166 -0.137174576521
    endloop
  endfacet
  facet normal 0.266686946154 0.508910000324 0.818467319012
    outer loop
      vertex 0.241136834025 -0.290939897299 -0.137433499098
      vertex 0.241574749351 -0.29096031189 -0.137695819139
      vertex 0.24156974256 -0.290777474642 -0.137399151921
    endloop
  endfacet
  facet normal 0.252036571503 0.485886365175 0.836894273758
    outer loop
      vertex 0.241385519505 -0.291093587875 -0.137827217579
      vertex 0.241574749351 -0.29096031189 -0.137695819139
      vertex 0.241136834025 -0.290939897299 -0.137433499098
    endloop
  endfacet
  facet normal -0.688417375088 0.633948266506 -0.352407574654
    outer loop
      vertex 0.241385519505 -0.291093587875 -0.137827217579
      vertex 0.241608291864 -0.291146695614 -0.137555792928
      vertex 0.241574749351 -0.29096031189 -0.137695819139
    endloop
  endfacet
  facet normal -0.696030676365 0.636324107647 -0.332615286112
    outer loop
      vertex 0.241179794073 -0.29164147377 -0.137765869498
      vertex 0.241608291864 -0.291146695614 -0.137555792928
      vertex 0.241385519505 -0.291093587875 -0.137827217579
    endloop
  endfacet
  facet normal -0.649010002613 0.715614914894 -0.258227229118
    outer loop
      vertex 0.241179794073 -0.29164147377 -0.137765869498
      vertex 0.241397589445 -0.292057722807 -0.137418150902
      vertex 0.241608291864 -0.291146695614 -0.137555792928
    endloop
  endfacet
  facet normal -0.633254885674 0.724012315273 -0.273485690355
    outer loop
      vertex 0.241397589445 -0.292057722807 -0.137418150902
      vertex 0.241179794073 -0.29164147377 -0.137765869498
      vertex 0.240909308195 -0.292067736387 -0.137841433287
    endloop
  endfacet
  facet normal -0.642852246761 0.736579835415 -0.210216969252
    outer loop
      vertex 0.241112947464 -0.292875856161 -0.137433081865
      vertex 0.241397589445 -0.292057722807 -0.137418150902
      vertex 0.240909308195 -0.292067736387 -0.137841433287
    endloop
  endfacet
  facet normal -0.703105449677 0.672050952911 -0.23235796392
    outer loop
      vertex 0.241397589445 -0.292057722807 -0.137418150902
      vertex 0.241112947464 -0.292875856161 -0.137433081865
      vertex 0.242037624121 -0.292164891958 -0.136711478233
    endloop
  endfacet
  facet normal -0.593858480453 0.80341643095 0.043060362339
    outer loop
      vertex 0.241112947464 -0.292875856161 -0.137433081865
      vertex 0.242198914289 -0.294349879026 -0.136709362268
      vertex 0.242037624121 -0.292164891958 -0.136711478233
    endloop
  endfacet
  facet normal -0.678682804108 0.719633042812 0.146689966321
    outer loop
      vertex 0.242198914289 -0.294349879026 -0.136709362268
      vertex 0.241112947464 -0.292875856161 -0.137433081865
      vertex 0.241080567241 -0.294091761112 -0.137711450458
    endloop
  endfacet
  facet normal -0.678433418274 0.719856381416 0.146747738123
    outer loop
      vertex 0.240179985762 -0.292733132839 -0.138283252716
      vertex 0.241080567241 -0.294091761112 -0.137711450458
      vertex 0.241112947464 -0.292875856161 -0.137433081865
    endloop
  endfacet
  facet normal -0.802801847458 0.502741932869 0.320561647415
    outer loop
      vertex 0.241080567241 -0.294091761112 -0.137711450458
      vertex 0.240179985762 -0.292733132839 -0.138283252716
      vertex 0.239877998829 -0.293754160404 -0.139416515827
    endloop
  endfacet
  facet normal -0.640397131443 0.738291501999 -0.211700573564
    outer loop
      vertex 0.240179985762 -0.292733132839 -0.138283252716
      vertex 0.241112947464 -0.292875856161 -0.137433081865
      vertex 0.240909308195 -0.292067736387 -0.137841433287
    endloop
  endfacet
  facet normal -0.521716356277 0.852286159992 0.0376877449453
    outer loop
      vertex 0.242037624121 -0.292164891958 -0.136711478233
      vertex 0.242198914289 -0.294349879026 -0.136709362268
      vertex 0.24342302978 -0.293170124292 -0.135907873511
    endloop
  endfacet
  facet normal -0.472299516201 0.875216782093 0.104540780187
    outer loop
      vertex 0.242198914289 -0.294349879026 -0.136709362268
      vertex 0.243214190006 -0.295110106468 -0.13625228405
      vertex 0.24342302978 -0.293170124292 -0.135907873511
    endloop
  endfacet
  facet normal -0.494153767824 0.869263887405 -0.0138709871098
    outer loop
      vertex 0.24342302978 -0.293170124292 -0.135907873511
      vertex 0.242678433657 -0.291400134563 -0.136359393597
      vertex 0.242037624121 -0.292164891958 -0.136711478233
    endloop
  endfacet
  facet normal -0.39579564333 0.915881037712 -0.0671396031976
    outer loop
      vertex 0.242678433657 -0.291400134563 -0.136359393597
      vertex 0.24342302978 -0.293170124292 -0.135907873511
      vertex 0.244019910693 -0.29186013341 -0.135745957494
    endloop
  endfacet
  facet normal -0.317611187696 0.905524253845 -0.281334221363
    outer loop
      vertex 0.244019910693 -0.29186013341 -0.135745957494
      vertex 0.24307359755 -0.290716975927 -0.136433035135
      vertex 0.242678433657 -0.291400134563 -0.136359393597
    endloop
  endfacet
  facet normal -0.36997833848 0.899062275887 -0.234100490808
    outer loop
      vertex 0.244019910693 -0.29186013341 -0.135745957494
      vertex 0.243785813451 -0.290336161852 -0.136239111423
      vertex 0.24307359755 -0.290716975927 -0.136433035135
    endloop
  endfacet
  facet normal -0.389682769775 0.892072021961 -0.228811725974
    outer loop
      vertex 0.243785813451 -0.290336161852 -0.136239111423
      vertex 0.244019910693 -0.29186013341 -0.135745957494
      vertex 0.24496178329 -0.2901494205 -0.135773316026
    endloop
  endfacet
  facet normal -0.0711873173714 0.995938956738 -0.0551173835993
    outer loop
      vertex 0.244019910693 -0.29186013341 -0.135745957494
      vertex 0.246243402362 -0.291126817465 -0.135627612472
      vertex 0.24496178329 -0.2901494205 -0.135773316026
    endloop
  endfacet
  facet normal -0.391708731651 0.828383505344 -0.400431096554
    outer loop
      vertex 0.24496178329 -0.2901494205 -0.135773316026
      vertex 0.244281992316 -0.289644926786 -0.136338621378
      vertex 0.243785813451 -0.290336161852 -0.136239111423
    endloop
  endfacet
  facet normal -0.365153163671 0.824636697769 -0.43201559782
    outer loop
      vertex 0.244281992316 -0.289644926786 -0.136338621378
      vertex 0.24496178329 -0.2901494205 -0.135773316026
      vertex 0.244889944792 -0.28902682662 -0.136393234134
    endloop
  endfacet
  facet normal -0.501474559307 0.666120767593 -0.552092730999
    outer loop
      vertex 0.244295448065 -0.288928508759 -0.13692227006
      vertex 0.244281992316 -0.289644926786 -0.136338621378
      vertex 0.244889944792 -0.28902682662 -0.136393234134
    endloop
  endfacet
  facet normal -0.547575294971 0.643660783768 -0.534660696983
    outer loop
      vertex 0.244281992316 -0.289644926786 -0.136338621378
      vertex 0.244295448065 -0.288928508759 -0.13692227006
      vertex 0.243793517351 -0.28919878602 -0.13712477684
    endloop
  endfacet
  facet normal -0.538102686405 0.692544937134 -0.480444610119
    outer loop
      vertex 0.243793517351 -0.28919878602 -0.13712477684
      vertex 0.244295448065 -0.288928508759 -0.13692227006
      vertex 0.243908062577 -0.28879198432 -0.137317985296
    endloop
  endfacet
  facet normal -0.560687124729 0.700965642929 -0.440768837929
    outer loop
      vertex 0.244295448065 -0.288928508759 -0.13692227006
      vertex 0.244278475642 -0.288446754217 -0.137238770723
      vertex 0.243908062577 -0.28879198432 -0.137317985296
    endloop
  endfacet
  facet normal -0.597541570663 0.679648578167 -0.425466656685
    outer loop
      vertex 0.244295448065 -0.288928508759 -0.13692227006
      vertex 0.244647055864 -0.288451254368 -0.136911913753
      vertex 0.244278475642 -0.288446754217 -0.137238770723
    endloop
  endfacet
  facet normal -0.569821834564 0.715451955795 -0.404266655445
    outer loop
      vertex 0.244889944792 -0.28902682662 -0.136393234134
      vertex 0.244647055864 -0.288451254368 -0.136911913753
      vertex 0.244295448065 -0.288928508759 -0.13692227006
    endloop
  endfacet
  facet normal -0.569291830063 0.715647757053 -0.404666721821
    outer loop
      vertex 0.245065256953 -0.288171797991 -0.136737242341
      vertex 0.244647055864 -0.288451254368 -0.136911913753
      vertex 0.244889944792 -0.28902682662 -0.136393234134
    endloop
  endfacet
  facet normal -0.588049829006 0.660033464432 -0.467496752739
    outer loop
      vertex 0.245065256953 -0.288171797991 -0.136737242341
      vertex 0.244556307793 -0.288187891245 -0.137179300189
      vertex 0.244647055864 -0.288451254368 -0.136911913753
    endloop
  endfacet
  facet normal -0.585044741631 0.656245291233 -0.476513147354
    outer loop
      vertex 0.244556307793 -0.288187891245 -0.137179300189
      vertex 0.245065256953 -0.288171797991 -0.136737242341
      vertex 0.245122760534 -0.287643015385 -0.137069955468
    endloop
  endfacet
  facet normal -0.552688956261 0.676978647709 -0.48603990674
    outer loop
      vertex 0.245065256953 -0.288171797991 -0.136737242341
      vertex 0.245528295636 -0.287712305784 -0.13668911159
      vertex 0.245122760534 -0.287643015385 -0.137069955468
    endloop
  endfacet
  facet normal -0.554048657417 0.677907764912 -0.483188539743
    outer loop
      vertex 0.245122760534 -0.287643015385 -0.137069955468
      vertex 0.245528295636 -0.287712305784 -0.13668911159
      vertex 0.245282933116 -0.287338346243 -0.137156188488
    endloop
  endfacet
  facet normal -0.523338496685 0.682937681675 -0.509620428085
    outer loop
      vertex 0.245798185468 -0.28711605072 -0.136927232146
      vertex 0.245282933116 -0.287338346243 -0.137156188488
      vertex 0.245528295636 -0.287712305784 -0.13668911159
    endloop
  endfacet
  facet normal -0.520203411579 0.710352897644 -0.47411724925
    outer loop
      vertex 0.245443075895 -0.28703340888 -0.13724245131
      vertex 0.245282933116 -0.287338346243 -0.137156188488
      vertex 0.245798185468 -0.28711605072 -0.136927232146
    endloop
  endfacet
  facet normal 0.558771908283 0.827185213566 0.0594865195453
    outer loop
      vertex 0.245443075895 -0.28703340888 -0.13724245131
      vertex 0.245166823268 -0.286814063787 -0.137040048838
      vertex 0.245282933116 -0.287338346243 -0.137156188488
    endloop
  endfacet
  facet normal 0.558854520321 0.827139854431 0.0593406446278
    outer loop
      vertex 0.24554310739 -0.286842793226 -0.13729634881
      vertex 0.245166823268 -0.286814063787 -0.137040048838
      vertex 0.245443075895 -0.28703340888 -0.13724245131
    endloop
  endfacet
  facet normal 0.535402357578 0.812075734138 0.23211479187
    outer loop
      vertex 0.245166823268 -0.286814063787 -0.137040048838
      vertex 0.24554310739 -0.286842793226 -0.13729634881
      vertex 0.24549254775 -0.286611676216 -0.137196958065
    endloop
  endfacet
  facet normal 0.68408113718 0.712370872498 0.156718820333
    outer loop
      vertex 0.245672732592 -0.286594927311 -0.137366294861
      vertex 0.24549254775 -0.286611676216 -0.137196958065
      vertex 0.24554310739 -0.286842793226 -0.13729634881
    endloop
  endfacet
  facet normal -0.31411164999 0.858008384705 -0.406393229961
    outer loop
      vertex 0.245695829391 -0.286883056164 -0.137221366167
      vertex 0.245672732592 -0.286594927311 -0.137366294861
      vertex 0.24554310739 -0.286842793226 -0.13729634881
    endloop
  endfacet
  facet normal -0.314112722874 0.858008086681 -0.406392991543
    outer loop
      vertex 0.245695829391 -0.286883056164 -0.137221366167
      vertex 0.245948284864 -0.286732465029 -0.137200266123
      vertex 0.245672732592 -0.286594927311 -0.137366294861
    endloop
  endfacet
  facet normal -0.429447829723 0.647850036621 -0.629177987576
    outer loop
      vertex 0.245948284864 -0.286732465029 -0.137200266123
      vertex 0.245695829391 -0.286883056164 -0.137221366167
      vertex 0.245798185468 -0.28711605072 -0.136927232146
    endloop
  endfacet
  facet normal -0.428603261709 0.647939324379 -0.629661738873
    outer loop
      vertex 0.245443075895 -0.28703340888 -0.13724245131
      vertex 0.245798185468 -0.28711605072 -0.136927232146
      vertex 0.245695829391 -0.286883056164 -0.137221366167
    endloop
  endfacet
  facet normal -0.313769102097 0.857747733593 -0.407207250595
    outer loop
      vertex 0.245695829391 -0.286883056164 -0.137221366167
      vertex 0.24554310739 -0.286842793226 -0.13729634881
      vertex 0.245443075895 -0.28703340888 -0.13724245131
    endloop
  endfacet
  facet normal -0.0747610926628 0.798360109329 -0.597521483898
    outer loop
      vertex 0.246488153934 -0.286933779716 -0.136999040842
      vertex 0.245948284864 -0.286732465029 -0.137200266123
      vertex 0.245798185468 -0.28711605072 -0.136927232146
    endloop
  endfacet
  facet normal -0.0496297851205 0.850846469402 -0.523065149784
    outer loop
      vertex 0.246488153934 -0.286933779716 -0.136999040842
      vertex 0.245798185468 -0.28711605072 -0.136927232146
      vertex 0.246271580458 -0.287838816643 -0.13645529747
    endloop
  endfacet
  facet normal -0.20039473474 0.875231981277 -0.440239667892
    outer loop
      vertex 0.246271580458 -0.287838816643 -0.13645529747
      vertex 0.245798185468 -0.28711605072 -0.136927232146
      vertex 0.245528295636 -0.287712305784 -0.13668911159
    endloop
  endfacet
  facet normal -0.0163938049227 0.855338275433 -0.517810404301
    outer loop
      vertex 0.247514680028 -0.287420958281 -0.136684432626
      vertex 0.246488153934 -0.286933779716 -0.136999040842
      vertex 0.246271580458 -0.287838816643 -0.13645529747
    endloop
  endfacet
  facet normal -0.0629476159811 0.893600940704 -0.444426566362
    outer loop
      vertex 0.246887475252 -0.286541640759 -0.137165948749
      vertex 0.246488153934 -0.286933779716 -0.136999040842
      vertex 0.247514680028 -0.287420958281 -0.136684432626
    endloop
  endfacet
  facet normal -0.0604984723032 0.893049955368 -0.445871829987
    outer loop
      vertex 0.247743666172 -0.286145240068 -0.137305855751
      vertex 0.246887475252 -0.286541640759 -0.137165948749
      vertex 0.247514680028 -0.287420958281 -0.136684432626
    endloop
  endfacet
  facet normal -0.0960562452674 0.855202078819 -0.509315788746
    outer loop
      vertex 0.247084408998 -0.285745531321 -0.137617945671
      vertex 0.246887475252 -0.286541640759 -0.137165948749
      vertex 0.247743666172 -0.286145240068 -0.137305855751
    endloop
  endfacet
  facet normal -0.0845324769616 0.848213374615 -0.522865474224
    outer loop
      vertex 0.247084408998 -0.285745531321 -0.137617945671
      vertex 0.247743666172 -0.286145240068 -0.137305855751
      vertex 0.247467532754 -0.285507559776 -0.137726455927
    endloop
  endfacet
  facet normal 0.123529337347 0.802948892117 -0.583106815815
    outer loop
      vertex 0.247467532754 -0.285507559776 -0.137726455927
      vertex 0.247743666172 -0.286145240068 -0.137305855751
      vertex 0.248759105802 -0.285499632359 -0.13793091476
    endloop
  endfacet
  facet normal 0.109450854361 0.718055069447 -0.687326312065
    outer loop
      vertex 0.248759105802 -0.285499632359 -0.13793091476
      vertex 0.247570574284 -0.28484082222 -0.138380363584
      vertex 0.247467532754 -0.285507559776 -0.137726455927
    endloop
  endfacet
  facet normal 0.00605157529935 0.884284257889 -0.466909766197
    outer loop
      vertex 0.247514680028 -0.287420958281 -0.136684432626
      vertex 0.246271580458 -0.287838816643 -0.13645529747
      vertex 0.24708943069 -0.288382202387 -0.136173978448
    endloop
  endfacet
  facet normal 0.452969521284 0.89069467783 0.0384914167225
    outer loop
      vertex 0.24538038671 -0.28627666831 -0.137125447392
      vertex 0.245166823268 -0.286814063787 -0.137040048838
      vertex 0.24549254775 -0.286611676216 -0.137196958065
    endloop
  endfacet
  facet normal 0.44443577528 0.895150303841 0.0343919582665
    outer loop
      vertex 0.24538038671 -0.28627666831 -0.137125447392
      vertex 0.244906589389 -0.286299109459 -0.136891067028
      vertex 0.245166823268 -0.286814063787 -0.137040048838
    endloop
  endfacet
  facet normal 0.444143772125 0.895663738251 0.0228649508208
    outer loop
      vertex 0.245350375772 -0.285885035992 -0.137100562453
      vertex 0.244906589389 -0.286299109459 -0.136891067028
      vertex 0.24538038671 -0.28627666831 -0.137125447392
    endloop
  endfacet
  facet normal 0.377006530762 0.924035072327 -0.0634452402592
    outer loop
      vertex 0.244906589389 -0.286299109459 -0.136891067028
      vertex 0.245350375772 -0.285885035992 -0.137100562453
      vertex 0.244735449553 -0.285219788551 -0.136895343661
    endloop
  endfacet
  facet normal 0.41326546669 0.904777824879 -0.102901399136
    outer loop
      vertex 0.245350375772 -0.285885035992 -0.137100562453
      vertex 0.245702251792 -0.285413920879 -0.137314870954
      vertex 0.244735449553 -0.285219788551 -0.136895343661
    endloop
  endfacet
  facet normal 0.515683829784 0.856766819954 -0.00456513930112
    outer loop
      vertex 0.245630457997 -0.28615000844 -0.13726772368
      vertex 0.245702251792 -0.285413920879 -0.137314870954
      vertex 0.245350375772 -0.285885035992 -0.137100562453
    endloop
  endfacet
  facet normal 0.500811994076 0.865396916866 0.0165989231318
    outer loop
      vertex 0.24538038671 -0.28627666831 -0.137125447392
      vertex 0.245630457997 -0.28615000844 -0.13726772368
      vertex 0.245350375772 -0.285885035992 -0.137100562453
    endloop
  endfacet
  facet normal 0.430657207966 0.841388583183 -0.326495975256
    outer loop
      vertex 0.244735449553 -0.285219788551 -0.136895343661
      vertex 0.245702251792 -0.285413920879 -0.137314870954
      vertex 0.244823262095 -0.284364879131 -0.137272030115
    endloop
  endfacet
  facet normal 0.320624619722 0.918569624424 -0.231148645282
    outer loop
      vertex 0.245966628194 -0.28468310833 -0.137591049075
      vertex 0.244823262095 -0.284364879131 -0.137272030115
      vertex 0.245702251792 -0.285413920879 -0.137314870954
    endloop
  endfacet
  facet normal 0.355480849743 0.81159979105 -0.463615328074
    outer loop
      vertex 0.244823262095 -0.284364879131 -0.137272030115
      vertex 0.245966628194 -0.28468310833 -0.137591049075
      vertex 0.245221272111 -0.283661425114 -0.137848198414
    endloop
  endfacet
  facet normal 0.213658317924 0.811550378799 -0.543816208839
    outer loop
      vertex 0.24359062314 -0.283454924822 -0.137557268143
      vertex 0.244823262095 -0.284364879131 -0.137272030115
      vertex 0.245221272111 -0.283661425114 -0.137848198414
    endloop
  endfacet
  facet normal 0.24998947978 0.774295806885 -0.581352949142
    outer loop
      vertex 0.24359062314 -0.283454924822 -0.137557268143
      vertex 0.243748039007 -0.28443685174 -0.136870846152
      vertex 0.244823262095 -0.284364879131 -0.137272030115
    endloop
  endfacet
  facet normal 0.204554960132 0.786563575268 -0.582644820213
    outer loop
      vertex 0.243748039007 -0.28443685174 -0.136870846152
      vertex 0.24359062314 -0.283454924822 -0.137557268143
      vertex 0.242582678795 -0.284313082695 -0.136659473181
    endloop
  endfacet
  facet normal 0.168976441026 0.773538708687 -0.610806703568
    outer loop
      vertex 0.242582678795 -0.284313082695 -0.136659473181
      vertex 0.24359062314 -0.283454924822 -0.137557268143
      vertex 0.242401748896 -0.28267672658 -0.13791204989
    endloop
  endfacet
  facet normal 0.29542067647 0.614533543587 -0.731488287449
    outer loop
      vertex 0.24359062314 -0.283454924822 -0.137557268143
      vertex 0.243592977524 -0.281875312328 -0.139438644052
      vertex 0.242401748896 -0.28267672658 -0.13791204989
    endloop
  endfacet
  facet normal 0.312037110329 0.611139416695 -0.727421104908
    outer loop
      vertex 0.243592977524 -0.281875312328 -0.139438644052
      vertex 0.24359062314 -0.283454924822 -0.137557268143
      vertex 0.244780346751 -0.282850891352 -0.138883680105
    endloop
  endfacet
  facet normal 0.20073479414 0.549406707287 -0.811084330082
    outer loop
      vertex 0.244780346751 -0.282850891352 -0.138883680105
      vertex 0.24359062314 -0.283454924822 -0.137557268143
      vertex 0.245221272111 -0.283661425114 -0.137848198414
    endloop
  endfacet
  facet normal 0.396489292383 0.502414047718 -0.768359482288
    outer loop
      vertex 0.243592977524 -0.281875312328 -0.139438644052
      vertex 0.244780346751 -0.282850891352 -0.138883680105
      vertex 0.244511157274 -0.281829893589 -0.140232697129
    endloop
  endfacet
  facet normal 0.507586419582 0.453279286623 -0.732730448246
    outer loop
      vertex 0.244511157274 -0.281829893589 -0.140232697129
      vertex 0.244780346751 -0.282850891352 -0.138883680105
      vertex 0.245484277606 -0.282759487629 -0.139819711447
    endloop
  endfacet
  facet normal 0.503530144691 0.459878325462 -0.731415987015
    outer loop
      vertex 0.245613649487 -0.282293409109 -0.14070263505
      vertex 0.244511157274 -0.281829893589 -0.140232697129
      vertex 0.245484277606 -0.282759487629 -0.139819711447
    endloop
  endfacet
  facet normal 0.500159502029 0.434721648693 -0.74890422821
    outer loop
      vertex 0.245243087411 -0.281652808189 -0.141379863024
      vertex 0.244511157274 -0.281829893589 -0.140232697129
      vertex 0.245613649487 -0.282293409109 -0.14070263505
    endloop
  endfacet
  facet normal 0.457733422518 0.413542538881 -0.787059545517
    outer loop
      vertex 0.243995502591 -0.28089556098 -0.141440182924
      vertex 0.244511157274 -0.281829893589 -0.140232697129
      vertex 0.245243087411 -0.281652808189 -0.141379863024
    endloop
  endfacet
  facet normal 0.422717601061 0.43476742506 -0.795164823532
    outer loop
      vertex 0.244511157274 -0.281829893589 -0.140232697129
      vertex 0.243995502591 -0.28089556098 -0.141440182924
      vertex 0.243563085794 -0.281168907881 -0.140519812703
    endloop
  endfacet
  facet normal 0.387961953878 0.425149172544 -0.817761421204
    outer loop
      vertex 0.243995502591 -0.28089556098 -0.141440182924
      vertex 0.242794007063 -0.280355334282 -0.141382887959
      vertex 0.243563085794 -0.281168907881 -0.140519812703
    endloop
  endfacet
  facet normal 0.40495750308 0.277430385351 -0.871230065823
    outer loop
      vertex 0.242794007063 -0.280355334282 -0.141382887959
      vertex 0.243995502591 -0.28089556098 -0.141440182924
      vertex 0.243487685919 -0.280055820942 -0.143336012959
    endloop
  endfacet
  facet normal 0.372233837843 0.290715813637 -0.881434202194
    outer loop
      vertex 0.243487685919 -0.280055820942 -0.143336012959
      vertex 0.243995502591 -0.28089556098 -0.141440182924
      vertex 0.24454537034 -0.280610412359 -0.143008798361
    endloop
  endfacet
  facet normal 0.410369664431 0.300374865532 -0.861029446125
    outer loop
      vertex 0.24454537034 -0.280610412359 -0.143008798361
      vertex 0.243995502591 -0.28089556098 -0.141440182924
      vertex 0.244957134128 -0.281120598316 -0.142108872533
    endloop
  endfacet
  facet normal 0.461983263493 0.397564768791 -0.792788565159
    outer loop
      vertex 0.243995502591 -0.28089556098 -0.141440182924
      vertex 0.245243087411 -0.281652808189 -0.141379863024
      vertex 0.244957134128 -0.281120598316 -0.142108872533
    endloop
  endfacet
  facet normal 0.569587528706 0.327075541019 -0.754050135612
    outer loop
      vertex 0.245243087411 -0.281652808189 -0.141379863024
      vertex 0.245480656624 -0.281589627266 -0.141939252615
      vertex 0.244957134128 -0.281120598316 -0.142108872533
    endloop
  endfacet
  facet normal 0.508121669292 0.306705445051 -0.804825544357
    outer loop
      vertex 0.245480656624 -0.281589627266 -0.141939252615
      vertex 0.245243087411 -0.281652808189 -0.141379863024
      vertex 0.245864018798 -0.281885743141 -0.141797333956
    endloop
  endfacet
  facet normal 0.544987976551 0.399217188358 -0.737301647663
    outer loop
      vertex 0.245613649487 -0.282293409109 -0.14070263505
      vertex 0.245864018798 -0.281885743141 -0.141797333956
      vertex 0.245243087411 -0.281652808189 -0.141379863024
    endloop
  endfacet
  facet normal 0.730434894562 0.378718018532 -0.568363904953
    outer loop
      vertex 0.245864018798 -0.281885743141 -0.141797333956
      vertex 0.245613649487 -0.282293409109 -0.14070263505
      vertex 0.246222227812 -0.282386690378 -0.141736403108
    endloop
  endfacet
  facet normal 0.676742076874 0.339445471764 -0.653296947479
    outer loop
      vertex 0.246222227812 -0.282386690378 -0.141736403108
      vertex 0.245613649487 -0.282293409109 -0.14070263505
      vertex 0.246279343963 -0.282774418592 -0.141104057431
    endloop
  endfacet
  facet normal 0.676750838757 0.33951240778 -0.653253138065
    outer loop
      vertex 0.24633641541 -0.283162176609 -0.140471756458
      vertex 0.246279343963 -0.282774418592 -0.141104057431
      vertex 0.245613649487 -0.282293409109 -0.14070263505
    endloop
  endfacet
  facet normal -0.256541162729 0.521996557713 -0.813453257084
    outer loop
      vertex 0.246923163533 -0.282986462116 -0.140457212925
      vertex 0.246279343963 -0.282774418592 -0.141104057431
      vertex 0.24633641541 -0.283162176609 -0.140471756458
    endloop
  endfacet
  facet normal -0.251012146473 0.51791113615 -0.8177780509
    outer loop
      vertex 0.246279343963 -0.282774418592 -0.141104057431
      vertex 0.246923163533 -0.282986462116 -0.140457212925
      vertex 0.246873140335 -0.28253915906 -0.141187742352
    endloop
  endfacet
  facet normal -0.17133744061 0.522971391678 -0.83495169878
    outer loop
      vertex 0.247479259968 -0.28254109621 -0.140986070037
      vertex 0.246873140335 -0.28253915906 -0.141187742352
      vertex 0.246923163533 -0.282986462116 -0.140457212925
    endloop
  endfacet
  facet normal -0.153980255127 0.471127212048 -0.868521273136
    outer loop
      vertex 0.246873140335 -0.28253915906 -0.141187742352
      vertex 0.247479259968 -0.28254109621 -0.140986070037
      vertex 0.247555479407 -0.28204151988 -0.141882136464
    endloop
  endfacet
  facet normal -0.174394905567 0.454602479935 -0.873454630375
    outer loop
      vertex 0.246814072132 -0.282044529915 -0.142160758376
      vertex 0.246873140335 -0.28253915906 -0.141187742352
      vertex 0.247555479407 -0.28204151988 -0.141882136464
    endloop
  endfacet
  facet normal -0.178658992052 0.454460591078 -0.872666358948
    outer loop
      vertex 0.246814072132 -0.282044529915 -0.142160758376
      vertex 0.246222227812 -0.282386690378 -0.141736403108
      vertex 0.246873140335 -0.28253915906 -0.141187742352
    endloop
  endfacet
  facet normal -0.218957513571 0.408931732178 -0.885907709599
    outer loop
      vertex 0.246222227812 -0.282386690378 -0.141736403108
      vertex 0.246814072132 -0.282044529915 -0.142160758376
      vertex 0.246225968003 -0.282181441784 -0.142179057002
    endloop
  endfacet
  facet normal -0.217076867819 0.433695137501 -0.874520540237
    outer loop
      vertex 0.246522650123 -0.281968295574 -0.142460361123
      vertex 0.246225968003 -0.282181441784 -0.142179057002
      vertex 0.246814072132 -0.282044529915 -0.142160758376
    endloop
  endfacet
  facet normal -0.233459636569 0.418738484383 -0.877584576607
    outer loop
      vertex 0.246225968003 -0.282181441784 -0.142179057002
      vertex 0.246522650123 -0.281968295574 -0.142460361123
      vertex 0.246183052659 -0.2820700109 -0.142436519265
    endloop
  endfacet
  facet normal -0.233116745949 0.420472621918 -0.876846253872
    outer loop
      vertex 0.246183052659 -0.2820700109 -0.142436519265
      vertex 0.246522650123 -0.281968295574 -0.142460361123
      vertex 0.2462900877 -0.281959563494 -0.142607495189
    endloop
  endfacet
  facet normal -0.228570327163 0.413552850485 -0.881322681904
    outer loop
      vertex 0.246522650123 -0.281968295574 -0.142460361123
      vertex 0.246471703053 -0.281822323799 -0.142799586058
      vertex 0.2462900877 -0.281959563494 -0.142607495189
    endloop
  endfacet
  facet normal -0.199334919453 0.412429541349 -0.888913631439
    outer loop
      vertex 0.246522650123 -0.281968295574 -0.142460361123
      vertex 0.247125983238 -0.281730443239 -0.142681390047
      vertex 0.246471703053 -0.281822323799 -0.142799586058
    endloop
  endfacet
  facet normal -0.196882456541 0.41727617383 -0.887196660042
    outer loop
      vertex 0.246814072132 -0.282044529915 -0.142160758376
      vertex 0.247125983238 -0.281730443239 -0.142681390047
      vertex 0.246522650123 -0.281968295574 -0.142460361123
    endloop
  endfacet
  facet normal -0.141254335642 0.447964012623 -0.882822453976
    outer loop
      vertex 0.247125983238 -0.281730443239 -0.142681390047
      vertex 0.246814072132 -0.282044529915 -0.142160758376
      vertex 0.247787043452 -0.281773716211 -0.142387658358
    endloop
  endfacet
  facet normal -0.156089127064 0.40559977293 -0.900624811649
    outer loop
      vertex 0.246814072132 -0.282044529915 -0.142160758376
      vertex 0.247555479407 -0.28204151988 -0.141882136464
      vertex 0.247787043452 -0.281773716211 -0.142387658358
    endloop
  endfacet
  facet normal 0.0396015867591 0.481853544712 -0.875356435776
    outer loop
      vertex 0.247555479407 -0.28204151988 -0.141882136464
      vertex 0.248875126243 -0.282102912664 -0.141879051924
      vertex 0.247787043452 -0.281773716211 -0.142387658358
    endloop
  endfacet
  facet normal 0.0710023641586 0.430495083332 -0.899795889854
    outer loop
      vertex 0.248978406191 -0.281434059143 -0.143294095993
      vertex 0.247787043452 -0.281773716211 -0.142387658358
      vertex 0.248875126243 -0.282102912664 -0.141879051924
    endloop
  endfacet
  facet normal 0.0356906652451 0.391466498375 -0.91949993372
    outer loop
      vertex 0.247787043452 -0.281773716211 -0.142387658358
      vertex 0.248978406191 -0.281434059143 -0.143294095993
      vertex 0.247607395053 -0.281372845173 -0.143312871456
    endloop
  endfacet
  facet normal 0.0341639667749 0.436410844326 -0.89909863472
    outer loop
      vertex 0.247607395053 -0.281372845173 -0.143312871456
      vertex 0.248978406191 -0.281434059143 -0.143294095993
      vertex 0.247863382101 -0.281041145325 -0.14401628077
    endloop
  endfacet
  facet normal 0.0991474762559 0.353070557117 -0.930328428745
    outer loop
      vertex 0.248832672834 -0.280791372061 -0.144946619868
      vertex 0.247863382101 -0.281041145325 -0.14401628077
      vertex 0.248978406191 -0.281434059143 -0.143294095993
    endloop
  endfacet
  facet normal 0.0523975603282 0.309498399496 -0.94945526123
    outer loop
      vertex 0.248832672834 -0.280791372061 -0.144946619868
      vertex 0.247264251113 -0.280804187059 -0.144641771913
      vertex 0.247863382101 -0.281041145325 -0.14401628077
    endloop
  endfacet
  facet normal 0.0610485859215 0.353337079287 -0.933502018452
    outer loop
      vertex 0.248832672834 -0.280791372061 -0.144946619868
      vertex 0.24790763855 -0.280484735966 -0.145596921444
      vertex 0.247264251113 -0.280804187059 -0.144641771913
    endloop
  endfacet
  facet normal -0.110125891864 0.247744604945 -0.962546050549
    outer loop
      vertex 0.24790763855 -0.280484735966 -0.145596921444
      vertex 0.246220678091 -0.280752629042 -0.145305976272
      vertex 0.247264251113 -0.280804187059 -0.144641771913
    endloop
  endfacet
  facet normal -0.106296427548 0.265880376101 -0.958127677441
    outer loop
      vertex 0.24790763855 -0.280484735966 -0.145596921444
      vertex 0.246526584029 -0.280487567186 -0.146138846874
      vertex 0.246220678091 -0.280752629042 -0.145305976272
    endloop
  endfacet
  facet normal -0.180806741118 0.35526946187 -0.917110979557
    outer loop
      vertex 0.247264251113 -0.280804187059 -0.144641771913
      vertex 0.246220678091 -0.280752629042 -0.145305976272
      vertex 0.246545001864 -0.281084775925 -0.144283503294
    endloop
  endfacet
  facet normal -0.200850948691 0.359704583883 -0.91119235754
    outer loop
      vertex 0.246220678091 -0.280752629042 -0.145305976272
      vertex 0.245818838477 -0.281059771776 -0.144752308726
      vertex 0.246545001864 -0.281084775925 -0.144283503294
    endloop
  endfacet
  facet normal -0.222391664982 0.344544708729 -0.912047624588
    outer loop
      vertex 0.245818838477 -0.281059771776 -0.144752308726
      vertex 0.246220678091 -0.280752629042 -0.145305976272
      vertex 0.245756611228 -0.280866920948 -0.145302966237
    endloop
  endfacet
  facet normal -0.235598310828 0.148053914309 -0.960506856441
    outer loop
      vertex 0.246220678091 -0.280752629042 -0.145305976272
      vertex 0.245745539665 -0.280810147524 -0.145688906312
      vertex 0.245756611228 -0.280866920948 -0.145302966237
    endloop
  endfacet
  facet normal 0.476979792118 0.114506304264 -0.871423304081
    outer loop
      vertex 0.245434954762 -0.280647367239 -0.145633935928
      vertex 0.245756611228 -0.280866920948 -0.145302966237
      vertex 0.245745539665 -0.280810147524 -0.145688906312
    endloop
  endfacet
  facet normal 0.495313346386 0.0916733816266 -0.863863825798
    outer loop
      vertex 0.245756611228 -0.280866920948 -0.145302966237
      vertex 0.245434954762 -0.280647367239 -0.145633935928
      vertex 0.245400831103 -0.280676007271 -0.145179659128
    endloop
  endfacet
  facet normal 0.541086733341 0.0933408215642 -0.835770666599
    outer loop
      vertex 0.245400831103 -0.280676007271 -0.145179659128
      vertex 0.245434954762 -0.280647367239 -0.145633935928
      vertex 0.244964107871 -0.280372738838 -0.145363524556
    endloop
  endfacet
  facet normal 0.497989207506 -0.0134974429384 -0.867078185081
    outer loop
      vertex 0.245434954762 -0.280647367239 -0.145633935928
      vertex 0.24524602294 -0.280547261238 -0.146173417568
      vertex 0.244964107871 -0.280372738838 -0.145363524556
    endloop
  endfacet
  facet normal 0.523797273636 -0.00123058399186 -0.851842045784
    outer loop
      vertex 0.24524602294 -0.280547261238 -0.146173417568
      vertex 0.244816496968 -0.280283272266 -0.14626288414
      vertex 0.244964107871 -0.280372738838 -0.145363524556
    endloop
  endfacet
  facet normal 0.530224621296 -0.0478309579194 -0.846507012844
    outer loop
      vertex 0.245111420751 -0.280505299568 -0.146922916174
      vertex 0.244816496968 -0.280283272266 -0.14626288414
      vertex 0.24524602294 -0.280547261238 -0.146173417568
    endloop
  endfacet
  facet normal 0.450445950031 0.0148707292974 -0.892679870129
    outer loop
      vertex 0.244964107871 -0.280372738838 -0.145363524556
      vertex 0.244816496968 -0.280283272266 -0.14626288414
      vertex 0.243915349245 -0.279844373465 -0.145313054323
    endloop
  endfacet
  facet normal 0.480783760548 0.0516777560115 -0.875315010548
    outer loop
      vertex 0.244816496968 -0.280283272266 -0.14626288414
      vertex 0.243429303169 -0.279488056898 -0.146826505661
      vertex 0.243915349245 -0.279844373465 -0.145313054323
    endloop
  endfacet
  facet normal 0.312341541052 0.121511273086 -0.942166507244
    outer loop
      vertex 0.243429303169 -0.279488056898 -0.146826505661
      vertex 0.241952329874 -0.279089421034 -0.146120890975
      vertex 0.243915349245 -0.279844373465 -0.145313054323
    endloop
  endfacet
  facet normal 0.274467349052 0.0315500460565 -0.961078703403
    outer loop
      vertex 0.243429303169 -0.279488056898 -0.146826505661
      vertex 0.241920918226 -0.279031485319 -0.147612467408
      vertex 0.241952329874 -0.279089421034 -0.146120890975
    endloop
  endfacet
  facet normal 0.315047711134 -0.0542024597526 -0.947526812553
    outer loop
      vertex 0.241920918226 -0.279031485319 -0.147612467408
      vertex 0.243429303169 -0.279488056898 -0.146826505661
      vertex 0.243445649743 -0.279591947794 -0.148547708988
    endloop
  endfacet
  facet normal 0.260873198509 -0.146516576409 -0.95418971777
    outer loop
      vertex 0.241920918226 -0.279031485319 -0.147612467408
      vertex 0.243445649743 -0.279591947794 -0.148547708988
      vertex 0.242699161172 -0.279540538788 -0.149542033672
    endloop
  endfacet
  facet normal 0.355621337891 -0.220018088818 -0.90836417675
    outer loop
      vertex 0.242699161172 -0.279540538788 -0.149542033672
      vertex 0.243445649743 -0.279591947794 -0.148547708988
      vertex 0.243755877018 -0.279981195927 -0.149653315544
    endloop
  endfacet
  facet normal 0.487349361181 -0.165130928159 -0.857451081276
    outer loop
      vertex 0.243445649743 -0.279591947794 -0.148547708988
      vertex 0.244124442339 -0.280076354742 -0.149059683084
      vertex 0.243755877018 -0.279981195927 -0.149653315544
    endloop
  endfacet
  facet normal 0.503013432026 -0.176687851548 -0.84602534771
    outer loop
      vertex 0.244124442339 -0.280076354742 -0.149059683084
      vertex 0.244490683079 -0.28039842844 -0.149559229612
      vertex 0.243755877018 -0.279981195927 -0.149653315544
    endloop
  endfacet
  facet normal 0.542578399181 -0.136590987444 -0.828825414181
    outer loop
      vertex 0.244490683079 -0.28039842844 -0.149559229612
      vertex 0.244124442339 -0.280076354742 -0.149059683084
      vertex 0.244783654809 -0.280491411686 -0.148959666491
    endloop
  endfacet
  facet normal 0.768691062927 -0.286967366934 -0.571632504463
    outer loop
      vertex 0.244721382856 -0.280698388815 -0.149538755417
      vertex 0.244490683079 -0.28039842844 -0.149559229612
      vertex 0.244783654809 -0.280491411686 -0.148959666491
    endloop
  endfacet
  facet normal 0.76266682148 -0.314622342587 -0.565112471581
    outer loop
      vertex 0.244608417153 -0.280732542276 -0.149873942137
      vertex 0.244490683079 -0.28039842844 -0.149559229612
      vertex 0.244721382856 -0.280698388815 -0.149538755417
    endloop
  endfacet
  facet normal 0.776220083237 -0.298917263746 -0.555095374584
    outer loop
      vertex 0.244608417153 -0.280732542276 -0.149873942137
      vertex 0.24438393116 -0.280502825975 -0.150030270219
      vertex 0.244490683079 -0.28039842844 -0.149559229612
    endloop
  endfacet
  facet normal 0.7774990201 -0.37906986475 -0.501798033714
    outer loop
      vertex 0.24438393116 -0.280502825975 -0.150030270219
      vertex 0.244608417153 -0.280732542276 -0.149873942137
      vertex 0.244435444474 -0.280782788992 -0.150295227766
    endloop
  endfacet
  facet normal 0.803803384304 -0.38419264555 -0.454198360443
    outer loop
      vertex 0.244608417153 -0.280732542276 -0.149873942137
      vertex 0.244652286172 -0.281125307083 -0.150246471167
      vertex 0.244435444474 -0.280782788992 -0.150295227766
    endloop
  endfacet
  facet normal 0.803735971451 -0.384263277054 -0.454257845879
    outer loop
      vertex 0.244608417153 -0.280732542276 -0.149873942137
      vertex 0.244825303555 -0.281075328588 -0.149825513363
      vertex 0.244652286172 -0.281125307083 -0.150246471167
    endloop
  endfacet
  facet normal 0.819405794144 -0.32432243228 -0.472640544176
    outer loop
      vertex 0.244608417153 -0.280732542276 -0.149873942137
      vertex 0.244721382856 -0.280698388815 -0.149538755417
      vertex 0.244825303555 -0.281075328588 -0.149825513363
    endloop
  endfacet
  facet normal 0.777075171471 -0.378961771727 -0.502535760403
    outer loop
      vertex 0.244825303555 -0.281075328588 -0.149825513363
      vertex 0.244721382856 -0.280698388815 -0.149538755417
      vertex 0.244998246431 -0.281025081873 -0.149404257536
    endloop
  endfacet
  facet normal 0.78609597683 -0.281253099442 -0.55040872097
    outer loop
      vertex 0.244998246431 -0.281025081873 -0.149404257536
      vertex 0.244721382856 -0.280698388815 -0.149538755417
      vertex 0.244783654809 -0.280491411686 -0.148959666491
    endloop
  endfacet
  facet normal 0.71991455555 -0.362773090601 -0.591708302498
    outer loop
      vertex 0.245208859444 -0.280830085278 -0.14866822958
      vertex 0.244998246431 -0.281025081873 -0.149404257536
      vertex 0.244783654809 -0.280491411686 -0.148959666491
    endloop
  endfacet
  facet normal -0.659106910229 -0.0106145311147 -0.751974344254
    outer loop
      vertex 0.244998246431 -0.281025081873 -0.149404257536
      vertex 0.245208859444 -0.280830085278 -0.14866822958
      vertex 0.245417490602 -0.2806597054 -0.149552226067
    endloop
  endfacet
  facet normal -0.596224069595 0.0140022234991 -0.802695930004
    outer loop
      vertex 0.245208859444 -0.280830085278 -0.14866822958
      vertex 0.24583004415 -0.280369788408 -0.148605465889
      vertex 0.245417490602 -0.2806597054 -0.149552226067
    endloop
  endfacet
  facet normal -0.592953562737 -0.032252792269 -0.804590463638
    outer loop
      vertex 0.245289191604 -0.280750393867 -0.148156926036
      vertex 0.24583004415 -0.280369788408 -0.148605465889
      vertex 0.245208859444 -0.280830085278 -0.14866822958
    endloop
  endfacet
  facet normal -0.484287977219 0.147780865431 -0.862337529659
    outer loop
      vertex 0.24583004415 -0.280369788408 -0.148605465889
      vertex 0.245289191604 -0.280750393867 -0.148156926036
      vertex 0.246397092938 -0.280204236507 -0.14771322906
    endloop
  endfacet
  facet normal -0.191490873694 -0.0600716806948 -0.979654371738
    outer loop
      vertex 0.247513696551 -0.280040353537 -0.148600041866
      vertex 0.24583004415 -0.280369788408 -0.148605465889
      vertex 0.246397092938 -0.280204236507 -0.14771322906
    endloop
  endfacet
  facet normal -0.192042812705 0.0241435430944 -0.981089532375
    outer loop
      vertex 0.246146783233 -0.280287593603 -0.149426102638
      vertex 0.24583004415 -0.280369788408 -0.148605465889
      vertex 0.247513696551 -0.280040353537 -0.148600041866
    endloop
  endfacet
  facet normal -0.441842764616 -0.081052005291 -0.893423497677
    outer loop
      vertex 0.24583004415 -0.280369788408 -0.148605465889
      vertex 0.246146783233 -0.280287593603 -0.149426102638
      vertex 0.245417490602 -0.2806597054 -0.149552226067
    endloop
  endfacet
  facet normal -0.450261235237 -0.0293897949159 -0.892413079739
    outer loop
      vertex 0.246146783233 -0.280287593603 -0.149426102638
      vertex 0.245463237166 -0.280666977167 -0.150474026799
      vertex 0.245417490602 -0.2806597054 -0.149552226067
    endloop
  endfacet
  facet normal -0.278084397316 -0.161421597004 -0.946896076202
    outer loop
      vertex 0.246842041612 -0.280296564102 -0.150676488876
      vertex 0.245463237166 -0.280666977167 -0.150474026799
      vertex 0.246146783233 -0.280287593603 -0.149426102638
    endloop
  endfacet
  facet normal -0.279972136021 -0.182216525078 -0.942556500435
    outer loop
      vertex 0.245463237166 -0.280666977167 -0.150474026799
      vertex 0.246842041612 -0.280296564102 -0.150676488876
      vertex 0.245494887233 -0.280832767487 -0.151380240917
    endloop
  endfacet
  facet normal -0.250569581985 -0.235755488276 -0.938953816891
    outer loop
      vertex 0.245494887233 -0.280832767487 -0.151380240917
      vertex 0.246842041612 -0.280296564102 -0.150676488876
      vertex 0.246684685349 -0.280630797148 -0.151840403676
    endloop
  endfacet
  facet normal 0.163308113813 -0.292634874582 -0.942175805569
    outer loop
      vertex 0.246842041612 -0.280296564102 -0.150676488876
      vertex 0.248765915632 -0.280760079622 -0.151095196605
      vertex 0.246684685349 -0.280630797148 -0.151840403676
    endloop
  endfacet
  facet normal 0.192858919501 -0.181369394064 -0.964318692684
    outer loop
      vertex 0.247513696551 -0.280040353537 -0.148600041866
      vertex 0.248765915632 -0.280760079622 -0.151095196605
      vertex 0.246842041612 -0.280296564102 -0.150676488876
    endloop
  endfacet
  facet normal 0.106670968235 -0.225777834654 -0.968321084976
    outer loop
      vertex 0.248765915632 -0.280760079622 -0.151095196605
      vertex 0.247513696551 -0.280040353537 -0.148600041866
      vertex 0.250138640404 -0.280346125364 -0.148671269417
    endloop
  endfacet
  facet normal 0.387656003237 -0.364158123732 -0.846824467182
    outer loop
      vertex 0.251203000546 -0.282043457031 -0.1514852494
      vertex 0.248765915632 -0.280760079622 -0.151095196605
      vertex 0.250138640404 -0.280346125364 -0.148671269417
    endloop
  endfacet
  facet normal 0.338097840548 -0.503534376621 -0.795074224472
    outer loop
      vertex 0.248765915632 -0.280760079622 -0.151095196605
      vertex 0.251203000546 -0.282043457031 -0.1514852494
      vertex 0.247431904078 -0.281899243593 -0.153789654374
    endloop
  endfacet
  facet normal 0.221610292792 -0.470763236284 -0.853973567486
    outer loop
      vertex 0.246684685349 -0.280630797148 -0.151840403676
      vertex 0.248765915632 -0.280760079622 -0.151095196605
      vertex 0.247431904078 -0.281899243593 -0.153789654374
    endloop
  endfacet
  facet normal -0.0384314842522 -0.555328249931 -0.830742776394
    outer loop
      vertex 0.246684685349 -0.280630797148 -0.151840403676
      vertex 0.247431904078 -0.281899243593 -0.153789654374
      vertex 0.245912849903 -0.281305283308 -0.152795985341
    endloop
  endfacet
  facet normal -0.0379334166646 -0.554793894291 -0.831122636795
    outer loop
      vertex 0.247431904078 -0.281899243593 -0.153789654374
      vertex 0.245565652847 -0.281757801771 -0.153450161219
      vertex 0.245912849903 -0.281305283308 -0.152795985341
    endloop
  endfacet
  facet normal -0.00690337037668 -0.416675060987 -0.909029304981
    outer loop
      vertex 0.247431904078 -0.281899243593 -0.153789654374
      vertex 0.24603998661 -0.28231716156 -0.154678329825
      vertex 0.245565652847 -0.281757801771 -0.153450161219
    endloop
  endfacet
  facet normal 0.0759615972638 -0.519278883934 -0.851222217083
    outer loop
      vertex 0.24603998661 -0.28231716156 -0.154678329825
      vertex 0.247431904078 -0.281899243593 -0.153789654374
      vertex 0.247062727809 -0.282539606094 -0.154893353581
    endloop
  endfacet
  facet normal 0.0863374099135 -0.487916231155 -0.868610143661
    outer loop
      vertex 0.247062727809 -0.282539606094 -0.154893353581
      vertex 0.246534004807 -0.282695621252 -0.155264660716
      vertex 0.24603998661 -0.28231716156 -0.154678329825
    endloop
  endfacet
  facet normal 0.0863069668412 -0.487882196903 -0.868632316589
    outer loop
      vertex 0.24702771008 -0.283073842525 -0.155850708485
      vertex 0.246534004807 -0.282695621252 -0.155264660716
      vertex 0.247062727809 -0.282539606094 -0.154893353581
    endloop
  endfacet
  facet normal -0.08096922189 -0.587730407715 -0.804995000362
    outer loop
      vertex 0.24702771008 -0.283073842525 -0.155850708485
      vertex 0.246396869421 -0.283304870129 -0.156080245972
      vertex 0.246534004807 -0.282695621252 -0.155264660716
    endloop
  endfacet
  facet normal -0.0479785762727 -0.640018522739 -0.766860067844
    outer loop
      vertex 0.246396869421 -0.283304870129 -0.156080245972
      vertex 0.24702771008 -0.283073842525 -0.155850708485
      vertex 0.246846944094 -0.283692598343 -0.156578540802
    endloop
  endfacet
  facet normal -0.0572794489563 -0.638348758221 -0.767613172531
    outer loop
      vertex 0.24702771008 -0.283073842525 -0.155850708485
      vertex 0.247621968389 -0.283468484879 -0.156378597021
      vertex 0.246846944094 -0.283692598343 -0.156578540802
    endloop
  endfacet
  facet normal 0.0330170989037 -0.799783349037 -0.599380075932
    outer loop
      vertex 0.247621968389 -0.283468484879 -0.156378597021
      vertex 0.247811377048 -0.284024238586 -0.156787276268
      vertex 0.246846944094 -0.283692598343 -0.156578540802
    endloop
  endfacet
  facet normal 0.32675331831 -0.704818964005 -0.629652678967
    outer loop
      vertex 0.248789951205 -0.283985733986 -0.156299203634
      vertex 0.247811377048 -0.284024238586 -0.156787276268
      vertex 0.247621968389 -0.283468484879 -0.156378597021
    endloop
  endfacet
  facet normal 0.354270040989 -0.753959298134 -0.553207099438
    outer loop
      vertex 0.249094307423 -0.285568386316 -0.157317444682
      vertex 0.247811377048 -0.284024238586 -0.156787276268
      vertex 0.248789951205 -0.283985733986 -0.156299203634
    endloop
  endfacet
  facet normal 0.230446621776 -0.845466375351 -0.481747865677
    outer loop
      vertex 0.247811377048 -0.284024238586 -0.156787276268
      vertex 0.249094307423 -0.285568386316 -0.157317444682
      vertex 0.246548011899 -0.284665316343 -0.157496914268
    endloop
  endfacet
  facet normal 0.245559424162 -0.810855329037 -0.531238377094
    outer loop
      vertex 0.246548011899 -0.284665316343 -0.157496914268
      vertex 0.249094307423 -0.285568386316 -0.157317444682
      vertex 0.24787697196 -0.286341935396 -0.158192902803
    endloop
  endfacet
  facet normal 0.344723343849 -0.843432545662 -0.412052541971
    outer loop
      vertex 0.250092118979 -0.28755530715 -0.157880306244
      vertex 0.24787697196 -0.286341935396 -0.158192902803
      vertex 0.249094307423 -0.285568386316 -0.157317444682
    endloop
  endfacet
  facet normal 0.330783933401 -0.863145291805 -0.381526082754
    outer loop
      vertex 0.24787697196 -0.286341935396 -0.158192902803
      vertex 0.250092118979 -0.28755530715 -0.157880306244
      vertex 0.249475613236 -0.288726478815 -0.158634260297
    endloop
  endfacet
  facet normal 0.33320876956 -0.86161673069 -0.382868796587
    outer loop
      vertex 0.24716065824 -0.287753939629 -0.159097358584
      vertex 0.24787697196 -0.286341935396 -0.158192902803
      vertex 0.249475613236 -0.288726478815 -0.158634260297
    endloop
  endfacet
  facet normal 0.138175100088 -0.864339947701 -0.483553647995
    outer loop
      vertex 0.24716065824 -0.287753939629 -0.159097358584
      vertex 0.24517673254 -0.286793202162 -0.158877030015
      vertex 0.24787697196 -0.286341935396 -0.158192902803
    endloop
  endfacet
  facet normal 0.099286429584 -0.905450582504 -0.412675976753
    outer loop
      vertex 0.24716065824 -0.287753939629 -0.159097358584
      vertex 0.245388388634 -0.288634836674 -0.159693181515
      vertex 0.24517673254 -0.286793202162 -0.158877030015
    endloop
  endfacet
  facet normal 0.238749936223 -0.956661045551 -0.166727781296
    outer loop
      vertex 0.245388388634 -0.288634836674 -0.159693181515
      vertex 0.24716065824 -0.287753939629 -0.159097358584
      vertex 0.24744361639 -0.289916753769 -0.159403666854
    endloop
  endfacet
  facet normal 0.261034607887 -0.950462579727 -0.16876539588
    outer loop
      vertex 0.24744361639 -0.289916753769 -0.159403666854
      vertex 0.24716065824 -0.287753939629 -0.159097358584
      vertex 0.249475613236 -0.288726478815 -0.158634260297
    endloop
  endfacet
  facet normal 0.112030856311 -0.992704510689 0.0445742309093
    outer loop
      vertex 0.24744361639 -0.289916753769 -0.159403666854
      vertex 0.244230121374 -0.290474236012 -0.159741297364
      vertex 0.245388388634 -0.288634836674 -0.159693181515
    endloop
  endfacet
  facet normal -0.28359824419 -0.937188506126 -0.203100383282
    outer loop
      vertex 0.244230121374 -0.290474236012 -0.159741297364
      vertex 0.243990302086 -0.289049297571 -0.159359931946
      vertex 0.245388388634 -0.288634836674 -0.159693181515
    endloop
  endfacet
  facet normal -0.342332035303 -0.920429110527 -0.188729941845
    outer loop
      vertex 0.243990302086 -0.289049297571 -0.159359931946
      vertex 0.244230121374 -0.290474236012 -0.159741297364
      vertex 0.243346348405 -0.289686769247 -0.159251138568
    endloop
  endfacet
  facet normal -0.321518659592 -0.922542393208 -0.213404119015
    outer loop
      vertex 0.243346348405 -0.289686769247 -0.159251138568
      vertex 0.244230121374 -0.290474236012 -0.159741297364
      vertex 0.243157938123 -0.290455698967 -0.159363344312
    endloop
  endfacet
  facet normal -0.326113313437 -0.932672023773 -0.154185116291
    outer loop
      vertex 0.243122115731 -0.29127702117 -0.159486591816
      vertex 0.243157938123 -0.290455698967 -0.159363344312
      vertex 0.244230121374 -0.290474236012 -0.159741297364
    endloop
  endfacet
  facet normal -0.448404043913 -0.880856275558 -0.151743143797
    outer loop
      vertex 0.243122115731 -0.29127702117 -0.159486591816
      vertex 0.242814794183 -0.290742844343 -0.159238129854
      vertex 0.243157938123 -0.290455698967 -0.159363344312
    endloop
  endfacet
  facet normal -0.437635600567 -0.884839951992 -0.159791618586
    outer loop
      vertex 0.242814794183 -0.290742844343 -0.159238129854
      vertex 0.243122115731 -0.29127702117 -0.159486591816
      vertex 0.242623537779 -0.291051387787 -0.159199252725
    endloop
  endfacet
  facet normal -0.409862756729 -0.884907841682 -0.221247956157
    outer loop
      vertex 0.242623537779 -0.291051387787 -0.159199252725
      vertex 0.243122115731 -0.29127702117 -0.159486591816
      vertex 0.242628753185 -0.291393846273 -0.159287288785
    endloop
  endfacet
  facet normal -0.404189735651 -0.89768075943 -0.175498887897
    outer loop
      vertex 0.242826089263 -0.291972458363 -0.159489259124
      vertex 0.242628753185 -0.291393846273 -0.159287288785
      vertex 0.243122115731 -0.29127702117 -0.159486591816
    endloop
  endfacet
  facet normal -0.419365227222 -0.892068564892 -0.16836425662
    outer loop
      vertex 0.242628753185 -0.291393846273 -0.159287288785
      vertex 0.242826089263 -0.291972458363 -0.159489259124
      vertex 0.242443859577 -0.291915327311 -0.159298792481
    endloop
  endfacet
  facet normal -0.494233548641 -0.847423374653 -0.193924725056
    outer loop
      vertex 0.242344811559 -0.291472762823 -0.159139752388
      vertex 0.242628753185 -0.291393846273 -0.159287288785
      vertex 0.242443859577 -0.291915327311 -0.159298792481
    endloop
  endfacet
  facet normal -0.496984422207 -0.84001493454 -0.217672780156
    outer loop
      vertex 0.242344811559 -0.291472762823 -0.159139752388
      vertex 0.2424402982 -0.291096717119 -0.159098803997
      vertex 0.242628753185 -0.291393846273 -0.159287288785
    endloop
  endfacet
  facet normal -0.511059582233 -0.830848157406 -0.220248550177
    outer loop
      vertex 0.242344811559 -0.291472762823 -0.159139752388
      vertex 0.242257028818 -0.291141808033 -0.158998027444
      vertex 0.2424402982 -0.291096717119 -0.159098803997
    endloop
  endfacet
  facet normal -0.497951418161 -0.837126731873 -0.226413890719
    outer loop
      vertex 0.242060571909 -0.291551440954 -0.15899194777
      vertex 0.242257028818 -0.291141808033 -0.158998027444
      vertex 0.242344811559 -0.291472762823 -0.159139752388
    endloop
  endfacet
  facet normal 0.626003623009 -0.715188503265 0.310845404863
    outer loop
      vertex 0.242257028818 -0.291141808033 -0.158998027444
      vertex 0.242060571909 -0.291551440954 -0.15899194777
      vertex 0.241834282875 -0.291236966848 -0.159326702356
    endloop
  endfacet
  facet normal 0.6413667202 -0.708999872208 0.293202877045
    outer loop
      vertex 0.241658583283 -0.291802167892 -0.159251898527
      vertex 0.241834282875 -0.291236966848 -0.159326702356
      vertex 0.242060571909 -0.291551440954 -0.15899194777
    endloop
  endfacet
  facet normal 0.507692992687 -0.819363296032 0.266254752874
    outer loop
      vertex 0.24101819098 -0.291172415018 -0.159853339195
      vertex 0.241834282875 -0.291236966848 -0.159326702356
      vertex 0.241658583283 -0.291802167892 -0.159251898527
    endloop
  endfacet
  facet normal 0.495299309492 -0.806955814362 0.321715474129
    outer loop
      vertex 0.241729989648 -0.290759116411 -0.159581229091
      vertex 0.241834282875 -0.291236966848 -0.159326702356
      vertex 0.24101819098 -0.291172415018 -0.159853339195
    endloop
  endfacet
  facet normal 0.614453434944 -0.744098424911 0.262229889631
    outer loop
      vertex 0.242160454392 -0.290838867426 -0.159197643399
      vertex 0.241834282875 -0.291236966848 -0.159326702356
      vertex 0.241729989648 -0.290759116411 -0.159581229091
    endloop
  endfacet
  facet normal 0.627779960632 -0.72675973177 0.278769850731
    outer loop
      vertex 0.242160454392 -0.290838867426 -0.159197643399
      vertex 0.242257028818 -0.291141808033 -0.158998027444
      vertex 0.241834282875 -0.291236966848 -0.159326702356
    endloop
  endfacet
  facet normal 0.599851846695 -0.742521703243 0.29805919528
    outer loop
      vertex 0.24235509336 -0.290936857462 -0.159001067281
      vertex 0.242257028818 -0.291141808033 -0.158998027444
      vertex 0.242160454392 -0.290838867426 -0.159197643399
    endloop
  endfacet
  facet normal -0.511946201324 -0.82691514492 -0.232642203569
    outer loop
      vertex 0.2424402982 -0.291096717119 -0.159098803997
      vertex 0.242257028818 -0.291141808033 -0.158998027444
      vertex 0.24235509336 -0.290936857462 -0.159001067281
    endloop
  endfacet
  facet normal -0.511212348938 -0.827208459377 -0.233212634921
    outer loop
      vertex 0.24235509336 -0.290936857462 -0.159001067281
      vertex 0.242489486933 -0.290994226933 -0.159100294113
      vertex 0.2424402982 -0.291096717119 -0.159098803997
    endloop
  endfacet
  facet normal -0.511506676674 -0.827216625214 -0.232537299395
    outer loop
      vertex 0.242453202605 -0.290731877089 -0.159004122019
      vertex 0.242489486933 -0.290994226933 -0.159100294113
      vertex 0.24235509336 -0.290936857462 -0.159001067281
    endloop
  endfacet
  facet normal -0.524462580681 -0.820281922817 -0.22820302844
    outer loop
      vertex 0.242634028196 -0.290737479925 -0.159121289849
      vertex 0.242489486933 -0.290994226933 -0.159100294113
      vertex 0.242453202605 -0.290731877089 -0.159004122019
    endloop
  endfacet
  facet normal -0.515714228153 -0.827310025692 -0.222703590989
    outer loop
      vertex 0.242489486933 -0.290994226933 -0.159100294113
      vertex 0.242634028196 -0.290737479925 -0.159121289849
      vertex 0.242623537779 -0.291051387787 -0.159199252725
    endloop
  endfacet
  facet normal -0.524674892426 -0.821936368942 -0.221668288112
    outer loop
      vertex 0.242634028196 -0.290737479925 -0.159121289849
      vertex 0.242814794183 -0.290742844343 -0.159238129854
      vertex 0.242623537779 -0.291051387787 -0.159199252725
    endloop
  endfacet
  facet normal -0.519746005535 -0.8157812953 -0.253702610731
    outer loop
      vertex 0.242669701576 -0.290512293577 -0.159073978662
      vertex 0.242814794183 -0.290742844343 -0.159238129854
      vertex 0.242634028196 -0.290737479925 -0.159121289849
    endloop
  endfacet
  facet normal -0.519942343235 -0.815710306168 -0.253528505564
    outer loop
      vertex 0.242885872722 -0.290292739868 -0.159143537283
      vertex 0.242814794183 -0.290742844343 -0.159238129854
      vertex 0.242669701576 -0.290512293577 -0.159073978662
    endloop
  endfacet
  facet normal -0.511581778526 -0.821041345596 -0.25332826376
    outer loop
      vertex 0.242814794183 -0.290742844343 -0.159238129854
      vertex 0.242885872722 -0.290292739868 -0.159143537283
      vertex 0.243157938123 -0.290455698967 -0.159363344312
    endloop
  endfacet
  facet normal -0.515634000301 -0.820702910423 -0.246106401086
    outer loop
      vertex 0.242885872722 -0.290292739868 -0.159143537283
      vertex 0.243346348405 -0.289686769247 -0.159251138568
      vertex 0.243157938123 -0.290455698967 -0.159363344312
    endloop
  endfacet
  facet normal -0.532814919949 -0.804647505283 -0.262012809515
    outer loop
      vertex 0.242633998394 -0.289976805449 -0.15887388587
      vertex 0.243346348405 -0.289686769247 -0.159251138568
      vertex 0.242885872722 -0.290292739868 -0.159143537283
    endloop
  endfacet
  facet normal -0.533297836781 -0.803412437439 -0.264805316925
    outer loop
      vertex 0.243346348405 -0.289686769247 -0.159251138568
      vertex 0.242633998394 -0.289976805449 -0.15887388587
      vertex 0.242881894112 -0.289081305265 -0.158743262291
    endloop
  endfacet
  facet normal 0.650112867355 -0.756643176079 0.0696013495326
    outer loop
      vertex 0.242212608457 -0.289321064949 -0.159296259284
      vertex 0.242881894112 -0.289081305265 -0.158743262291
      vertex 0.242633998394 -0.289976805449 -0.15887388587
    endloop
  endfacet
  facet normal 0.639143466949 -0.769016623497 0.0104416990653
    outer loop
      vertex 0.242881894112 -0.289081305265 -0.158743262291
      vertex 0.242212608457 -0.289321064949 -0.159296259284
      vertex 0.242343828082 -0.288384944201 -0.159199908376
    endloop
  endfacet
  facet normal 0.606455981731 -0.793433785439 0.0517103336751
    outer loop
      vertex 0.242881894112 -0.289081305265 -0.158743262291
      vertex 0.242343828082 -0.288384944201 -0.159199908376
      vertex 0.243212327361 -0.287886917591 -0.158568546176
    endloop
  endfacet
  facet normal 0.547759473324 -0.830864369869 -0.0981016978621
    outer loop
      vertex 0.242343828082 -0.288384944201 -0.159199908376
      vertex 0.242793321609 -0.287483662367 -0.158797174692
      vertex 0.243212327361 -0.287886917591 -0.158568546176
    endloop
  endfacet
  facet normal 0.623190522194 -0.781133651733 -0.0382601320744
    outer loop
      vertex 0.242355689406 -0.287446856499 -0.159144505858
      vertex 0.242793321609 -0.287483662367 -0.158797174692
      vertex 0.242343828082 -0.288384944201 -0.159199908376
    endloop
  endfacet
  facet normal 0.617763876915 -0.7550817132 -0.219589173794
    outer loop
      vertex 0.242355689406 -0.287446856499 -0.159144505858
      vertex 0.242785930634 -0.286745250225 -0.158588469028
      vertex 0.242793321609 -0.287483662367 -0.158797174692
    endloop
  endfacet
  facet normal 0.615795731544 -0.756100296974 -0.221603304148
    outer loop
      vertex 0.24232237041 -0.286337077618 -0.158846378326
      vertex 0.242785930634 -0.286745250225 -0.158588469028
      vertex 0.242355689406 -0.287446856499 -0.159144505858
    endloop
  endfacet
  facet normal 0.597462713718 -0.780121147633 -0.185605183244
    outer loop
      vertex 0.242661699653 -0.28601244092 -0.158509254456
      vertex 0.242785930634 -0.286745250225 -0.158588469028
      vertex 0.24232237041 -0.286337077618 -0.158846378326
    endloop
  endfacet
  facet normal 0.594873726368 -0.782149255276 -0.185385540128
    outer loop
      vertex 0.243327841163 -0.286214768887 -0.158050581813
      vertex 0.242785930634 -0.286745250225 -0.158588469028
      vertex 0.242661699653 -0.28601244092 -0.158509254456
    endloop
  endfacet
  facet normal 0.596631586552 -0.781409263611 -0.182839557528
    outer loop
      vertex 0.242785930634 -0.286745250225 -0.158588469028
      vertex 0.243327841163 -0.286214768887 -0.158050581813
      vertex 0.243249192834 -0.287153482437 -0.158330276608
    endloop
  endfacet
  facet normal -0.551010131836 -0.785993695259 -0.280360132456
    outer loop
      vertex 0.243327841163 -0.286214768887 -0.158050581813
      vertex 0.243868380785 -0.28650316596 -0.158532395959
      vertex 0.243249192834 -0.287153482437 -0.158330276608
    endloop
  endfacet
  facet normal -0.458755671978 -0.774925231934 -0.434780597687
    outer loop
      vertex 0.243868380785 -0.28650316596 -0.158532395959
      vertex 0.243327841163 -0.286214768887 -0.158050581813
      vertex 0.243664294481 -0.285929709673 -0.158089831471
    endloop
  endfacet
  facet normal -0.544530570507 -0.627719402313 -0.556286692619
    outer loop
      vertex 0.243327841163 -0.286214768887 -0.158050581813
      vertex 0.24343855679 -0.28593993187 -0.157903060317
      vertex 0.243664294481 -0.285929709673 -0.158089831471
    endloop
  endfacet
  facet normal 0.58956360817 -0.786350369453 -0.184574738145
    outer loop
      vertex 0.243327841163 -0.286214768887 -0.158050581813
      vertex 0.243001028895 -0.285687595606 -0.158171862364
      vertex 0.24343855679 -0.28593993187 -0.157903060317
    endloop
  endfacet
  facet normal 0.595233201981 -0.780928254128 -0.189336925745
    outer loop
      vertex 0.243327841163 -0.286214768887 -0.158050581813
      vertex 0.242661699653 -0.28601244092 -0.158509254456
      vertex 0.243001028895 -0.285687595606 -0.158171862364
    endloop
  endfacet
  facet normal 0.487731903791 -0.808226287365 -0.32998162508
    outer loop
      vertex 0.242661699653 -0.28601244092 -0.158509254456
      vertex 0.242591813207 -0.285115420818 -0.158185198903
      vertex 0.243001028895 -0.285687595606 -0.158171862364
    endloop
  endfacet
  facet normal 0.543873250484 -0.774812579155 -0.32228448987
    outer loop
      vertex 0.242661699653 -0.28601244092 -0.158509254456
      vertex 0.242078512907 -0.285323649645 -0.158632129431
      vertex 0.242591813207 -0.285115420818 -0.158185198903
    endloop
  endfacet
  facet normal 0.5169724226 -0.803807139397 -0.29433581233
    outer loop
      vertex 0.242078512907 -0.285323649645 -0.158632129431
      vertex 0.242661699653 -0.28601244092 -0.158509254456
      vertex 0.24232237041 -0.286337077618 -0.158846378326
    endloop
  endfacet
  facet normal 0.5712916255 -0.764322936535 -0.299059063196
    outer loop
      vertex 0.242078512907 -0.285323649645 -0.158632129431
      vertex 0.24232237041 -0.286337077618 -0.158846378326
      vertex 0.241010591388 -0.285257071257 -0.159404292703
    endloop
  endfacet
  facet normal 0.529311001301 -0.81952881813 -0.219550520182
    outer loop
      vertex 0.241010591388 -0.285257071257 -0.159404292703
      vertex 0.24232237041 -0.286337077618 -0.158846378326
      vertex 0.241421073675 -0.287054508924 -0.159620702267
    endloop
  endfacet
  facet normal 0.51806384325 -0.822030544281 -0.236380338669
    outer loop
      vertex 0.241421073675 -0.287054508924 -0.159620702267
      vertex 0.24232237041 -0.286337077618 -0.158846378326
      vertex 0.242355689406 -0.287446856499 -0.159144505858
    endloop
  endfacet
  facet normal 0.343982607126 -0.919698953629 -0.189287677407
    outer loop
      vertex 0.241010591388 -0.285257071257 -0.159404292703
      vertex 0.241421073675 -0.287054508924 -0.159620702267
      vertex 0.239643245935 -0.285872399807 -0.160042345524
    endloop
  endfacet
  facet normal 0.36747404933 -0.900797247887 -0.231359317899
    outer loop
      vertex 0.241421073675 -0.287054508924 -0.159620702267
      vertex 0.240098372102 -0.287764102221 -0.160342544317
      vertex 0.239643245935 -0.285872399807 -0.160042345524
    endloop
  endfacet
  facet normal 0.228921636939 -0.883890867233 -0.407838016748
    outer loop
      vertex 0.239643245935 -0.285872399807 -0.160042345524
      vertex 0.239749491215 -0.283623069525 -0.158976957202
      vertex 0.241010591388 -0.285257071257 -0.159404292703
    endloop
  endfacet
  facet normal 0.136943370104 -0.897723793983 -0.41873434186
    outer loop
      vertex 0.237464427948 -0.285801827908 -0.160341799259
      vertex 0.239749491215 -0.283623069525 -0.158976957202
      vertex 0.239643245935 -0.285872399807 -0.160042345524
    endloop
  endfacet
  facet normal 0.0763470008969 -0.879044771194 -0.470586299896
    outer loop
      vertex 0.239749491215 -0.283623069525 -0.158976957202
      vertex 0.237464427948 -0.285801827908 -0.160341799259
      vertex 0.236452847719 -0.282942414284 -0.15889890492
    endloop
  endfacet
  facet normal 0.109915368259 -0.871183753014 -0.478495061398
    outer loop
      vertex 0.234301045537 -0.285115838051 -0.1603641361
      vertex 0.236452847719 -0.282942414284 -0.15889890492
      vertex 0.237464427948 -0.285801827908 -0.160341799259
    endloop
  endfacet
  facet normal -0.201966628432 -0.707683086395 -0.677048146725
    outer loop
      vertex 0.233823701739 -0.281251192093 -0.156530559063
      vertex 0.236452847719 -0.282942414284 -0.15889890492
      vertex 0.234301045537 -0.285115838051 -0.1603641361
    endloop
  endfacet
  facet normal 0.0237748213112 -0.56335735321 -0.825871169567
    outer loop
      vertex 0.236650601029 -0.28089594841 -0.155890479684
      vertex 0.236452847719 -0.282942414284 -0.15889890492
      vertex 0.233823701739 -0.281251192093 -0.156530559063
    endloop
  endfacet
  facet normal 0.0306627321988 -0.563561141491 -0.825505077839
    outer loop
      vertex 0.236650601029 -0.28089594841 -0.155890479684
      vertex 0.239237681031 -0.281788080931 -0.157056510448
      vertex 0.236452847719 -0.282942414284 -0.15889890492
    endloop
  endfacet
  facet normal 0.0675090625882 -0.50745844841 -0.85902762413
    outer loop
      vertex 0.240015655756 -0.280594706535 -0.154932871461
      vertex 0.239237681031 -0.281788080931 -0.157056510448
      vertex 0.236650601029 -0.28089594841 -0.155890479684
    endloop
  endfacet
  facet normal 0.233054250479 -0.539894044399 -0.808826386929
    outer loop
      vertex 0.241397172213 -0.28189560771 -0.15628542006
      vertex 0.239237681031 -0.281788080931 -0.157056510448
      vertex 0.240015655756 -0.280594706535 -0.154932871461
    endloop
  endfacet
  facet normal 0.267006933689 -0.64834433794 -0.712991535664
    outer loop
      vertex 0.241645544767 -0.28323802352 -0.157659396529
      vertex 0.239237681031 -0.281788080931 -0.157056510448
      vertex 0.241397172213 -0.28189560771 -0.15628542006
    endloop
  endfacet
  facet normal 0.283852308989 -0.621798038483 -0.729928135872
    outer loop
      vertex 0.239749491215 -0.283623069525 -0.158976957202
      vertex 0.239237681031 -0.281788080931 -0.157056510448
      vertex 0.241645544767 -0.28323802352 -0.157659396529
    endloop
  endfacet
  facet normal 0.13582469523 -0.665273547173 -0.734140872955
    outer loop
      vertex 0.239237681031 -0.281788080931 -0.157056510448
      vertex 0.239749491215 -0.283623069525 -0.158976957202
      vertex 0.236452847719 -0.282942414284 -0.15889890492
    endloop
  endfacet
  facet normal 0.420753240585 -0.753239929676 -0.505565345287
    outer loop
      vertex 0.239749491215 -0.283623069525 -0.158976957202
      vertex 0.241645544767 -0.28323802352 -0.157659396529
      vertex 0.241727784276 -0.284522622824 -0.158475667238
    endloop
  endfacet
  facet normal 0.496296525002 -0.718006193638 -0.48801317811
    outer loop
      vertex 0.241727784276 -0.284522622824 -0.158475667238
      vertex 0.241645544767 -0.28323802352 -0.157659396529
      vertex 0.24250549078 -0.284408509731 -0.157860547304
    endloop
  endfacet
  facet normal 0.529241323471 -0.681163191795 -0.505885720253
    outer loop
      vertex 0.241645544767 -0.28323802352 -0.157659396529
      vertex 0.242812022567 -0.284072726965 -0.157373011112
      vertex 0.24250549078 -0.284408509731 -0.157860547304
    endloop
  endfacet
  facet normal 0.535566389561 -0.665269434452 -0.52017802
    outer loop
      vertex 0.241645544767 -0.28323802352 -0.157659396529
      vertex 0.24278613925 -0.283145695925 -0.15666899085
      vertex 0.242812022567 -0.284072726965 -0.157373011112
    endloop
  endfacet
  facet normal 0.449806511402 -0.581229150295 -0.678120017052
    outer loop
      vertex 0.24278613925 -0.283145695925 -0.15666899085
      vertex 0.241645544767 -0.28323802352 -0.157659396529
      vertex 0.241397172213 -0.28189560771 -0.15628542006
    endloop
  endfacet
  facet normal 0.490243464708 -0.51541775465 -0.702855527401
    outer loop
      vertex 0.241397172213 -0.28189560771 -0.15628542006
      vertex 0.243006125093 -0.282643526793 -0.155774965882
      vertex 0.24278613925 -0.283145695925 -0.15666899085
    endloop
  endfacet
  facet normal 0.488255381584 -0.567231595516 -0.663215637207
    outer loop
      vertex 0.242188513279 -0.281741112471 -0.155423626304
      vertex 0.243006125093 -0.282643526793 -0.155774965882
      vertex 0.241397172213 -0.28189560771 -0.15628542006
    endloop
  endfacet
  facet normal 0.511287391186 -0.53587937355 -0.671876907349
    outer loop
      vertex 0.243276566267 -0.282376736403 -0.155182436109
      vertex 0.243006125093 -0.282643526793 -0.155774965882
      vertex 0.242188513279 -0.281741112471 -0.155423626304
    endloop
  endfacet
  facet normal 0.691734075546 -0.534413158894 -0.485702097416
    outer loop
      vertex 0.243561074138 -0.282926917076 -0.155314192176
      vertex 0.243006125093 -0.282643526793 -0.155774965882
      vertex 0.243276566267 -0.282376736403 -0.155182436109
    endloop
  endfacet
  facet normal 0.697989821434 -0.606523573399 -0.380709052086
    outer loop
      vertex 0.243006125093 -0.282643526793 -0.155774965882
      vertex 0.243561074138 -0.282926917076 -0.155314192176
      vertex 0.243527933955 -0.283304035664 -0.155589044094
    endloop
  endfacet
  facet normal 0.841212213039 -0.469476789236 -0.268241554499
    outer loop
      vertex 0.243561074138 -0.282926917076 -0.155314192176
      vertex 0.243705525994 -0.283449739218 -0.155354082584
      vertex 0.243527933955 -0.283304035664 -0.155589044094
    endloop
  endfacet
  facet normal 0.757258176804 -0.601235985756 -0.255098640919
    outer loop
      vertex 0.243806034327 -0.283176094294 -0.155111402273
      vertex 0.243705525994 -0.283449739218 -0.155354082584
      vertex 0.243561074138 -0.282926917076 -0.155314192176
    endloop
  endfacet
  facet normal -0.507580578327 -0.543570160866 -0.668500900269
    outer loop
      vertex 0.243705525994 -0.283449739218 -0.155354082584
      vertex 0.243806034327 -0.283176094294 -0.155111402273
      vertex 0.243982836604 -0.283385872841 -0.155534490943
    endloop
  endfacet
  facet normal -0.333043903112 -0.526890993118 -0.781963944435
    outer loop
      vertex 0.243982836604 -0.283385872841 -0.155534490943
      vertex 0.243806034327 -0.283176094294 -0.155111402273
      vertex 0.244313493371 -0.283021211624 -0.155202299356
    endloop
  endfacet
  facet normal -0.326478362083 -0.644409298897 -0.691482901573
    outer loop
      vertex 0.243982985616 -0.282693117857 -0.154682800174
      vertex 0.244313493371 -0.283021211624 -0.155202299356
      vertex 0.243806034327 -0.283176094294 -0.155111402273
    endloop
  endfacet
  facet normal -0.117581702769 -0.582670390606 -0.804157793522
    outer loop
      vertex 0.244313493371 -0.283021211624 -0.155202299356
      vertex 0.243982985616 -0.282693117857 -0.154682800174
      vertex 0.244639605284 -0.282539665699 -0.154603511095
    endloop
  endfacet
  facet normal -0.13739657402 -0.507963418961 -0.850350141525
    outer loop
      vertex 0.243982985616 -0.282693117857 -0.154682800174
      vertex 0.243923142552 -0.282341390848 -0.154077798128
      vertex 0.244639605284 -0.282539665699 -0.154603511095
    endloop
  endfacet
  facet normal 0.621538817883 -0.346875935793 -0.702400565147
    outer loop
      vertex 0.243982985616 -0.282693117857 -0.154682800174
      vertex 0.243587896228 -0.282405883074 -0.154809102416
      vertex 0.243923142552 -0.282341390848 -0.154077798128
    endloop
  endfacet
  facet normal 0.613777577877 -0.458705067635 -0.64254707098
    outer loop
      vertex 0.243587896228 -0.282405883074 -0.154809102416
      vertex 0.243982985616 -0.282693117857 -0.154682800174
      vertex 0.243718966842 -0.282653331757 -0.154980331659
    endloop
  endfacet
  facet normal 0.736760258675 -0.6166690588 -0.277315020561
    outer loop
      vertex 0.243982985616 -0.282693117857 -0.154682800174
      vertex 0.243806034327 -0.283176094294 -0.155111402273
      vertex 0.243718966842 -0.282653331757 -0.154980331659
    endloop
  endfacet
  facet normal 0.763156056404 -0.585319161415 -0.273850828409
    outer loop
      vertex 0.243806034327 -0.283176094294 -0.155111402273
      vertex 0.243561074138 -0.282926917076 -0.155314192176
      vertex 0.243718966842 -0.282653331757 -0.154980331659
    endloop
  endfacet
  facet normal 0.591337323189 -0.65970903635 -0.46379327774
    outer loop
      vertex 0.243718966842 -0.282653331757 -0.154980331659
      vertex 0.243561074138 -0.282926917076 -0.155314192176
      vertex 0.243276566267 -0.282376736403 -0.155182436109
    endloop
  endfacet
  facet normal 0.612218797207 -0.460348665714 -0.642858624458
    outer loop
      vertex 0.243587896228 -0.282405883074 -0.154809102416
      vertex 0.243718966842 -0.282653331757 -0.154980331659
      vertex 0.243276566267 -0.282376736403 -0.155182436109
    endloop
  endfacet
  facet normal 0.571804642677 -0.421905338764 -0.703587472439
    outer loop
      vertex 0.243587896228 -0.282405883074 -0.154809102416
      vertex 0.243276566267 -0.282376736403 -0.155182436109
      vertex 0.243001177907 -0.281846255064 -0.154671028256
    endloop
  endfacet
  facet normal 0.521391093731 -0.462846934795 -0.716884970665
    outer loop
      vertex 0.243276566267 -0.282376736403 -0.155182436109
      vertex 0.242188513279 -0.281741112471 -0.155423626304
      vertex 0.243001177907 -0.281846255064 -0.154671028256
    endloop
  endfacet
  facet normal 0.521394431591 -0.462851256132 -0.716879725456
    outer loop
      vertex 0.242619559169 -0.281113237143 -0.153965577483
      vertex 0.243001177907 -0.281846255064 -0.154671028256
      vertex 0.242188513279 -0.281741112471 -0.155423626304
    endloop
  endfacet
  facet normal 0.606848120689 -0.39085277915 -0.692076206207
    outer loop
      vertex 0.243001177907 -0.281846255064 -0.154671028256
      vertex 0.242619559169 -0.281113237143 -0.153965577483
      vertex 0.243779286742 -0.281882822514 -0.153527632356
    endloop
  endfacet
  facet normal 0.606746077538 -0.409128755331 -0.681522428989
    outer loop
      vertex 0.242619559169 -0.281113237143 -0.153965577483
      vertex 0.243635103106 -0.28142401576 -0.152977198362
      vertex 0.243779286742 -0.281882822514 -0.153527632356
    endloop
  endfacet
  facet normal 0.629482746124 -0.446924209595 -0.63561797142
    outer loop
      vertex 0.242619559169 -0.281113237143 -0.153965577483
      vertex 0.242924526334 -0.280757218599 -0.153029710054
      vertex 0.243635103106 -0.28142401576 -0.152977198362
    endloop
  endfacet
  facet normal 0.272181808949 -0.418343752623 -0.866548061371
    outer loop
      vertex 0.242924526334 -0.280757218599 -0.153029710054
      vertex 0.242619559169 -0.281113237143 -0.153965577483
      vertex 0.241178140044 -0.280106604099 -0.152818277478
    endloop
  endfacet
  facet normal 0.312654942274 -0.373474299908 -0.873363494873
    outer loop
      vertex 0.242619559169 -0.281113237143 -0.153965577483
      vertex 0.240015655756 -0.280594706535 -0.154932871461
      vertex 0.241178140044 -0.280106604099 -0.152818277478
    endloop
  endfacet
  facet normal 0.333278536797 -0.454296380281 -0.826159954071
    outer loop
      vertex 0.240015655756 -0.280594706535 -0.154932871461
      vertex 0.242619559169 -0.281113237143 -0.153965577483
      vertex 0.242188513279 -0.281741112471 -0.155423626304
    endloop
  endfacet
  facet normal 0.333325088024 -0.454186916351 -0.826201319695
    outer loop
      vertex 0.242188513279 -0.281741112471 -0.155423626304
      vertex 0.241397172213 -0.28189560771 -0.15628542006
      vertex 0.240015655756 -0.280594706535 -0.154932871461
    endloop
  endfacet
  facet normal 0.116484448314 -0.283736586571 -0.951800882816
    outer loop
      vertex 0.241178140044 -0.280106604099 -0.152818277478
      vertex 0.240015655756 -0.280594706535 -0.154932871461
      vertex 0.238409385085 -0.279528796673 -0.152016684413
    endloop
  endfacet
  facet normal 0.0117950532585 -0.337540030479 -0.941237270832
    outer loop
      vertex 0.236650601029 -0.28089594841 -0.155890479684
      vertex 0.238409385085 -0.279528796673 -0.152016684413
      vertex 0.240015655756 -0.280594706535 -0.154932871461
    endloop
  endfacet
  facet normal -0.0209402348846 -0.324264764786 -0.94573456049
    outer loop
      vertex 0.236650601029 -0.28089594841 -0.155890479684
      vertex 0.235185369849 -0.279357075691 -0.151307657361
      vertex 0.238409385085 -0.279528796673 -0.152016684413
    endloop
  endfacet
  facet normal -0.0436350814998 -0.33053073287 -0.942785978317
    outer loop
      vertex 0.233823701739 -0.281251192093 -0.156530559063
      vertex 0.235185369849 -0.279357075691 -0.151307657361
      vertex 0.236650601029 -0.28089594841 -0.155890479684
    endloop
  endfacet
  facet normal 0.0406543798745 -0.34999704361 -0.93586820364
    outer loop
      vertex 0.226698935032 -0.279313892126 -0.152177929878
      vertex 0.235185369849 -0.279357075691 -0.151307657361
      vertex 0.233823701739 -0.281251192093 -0.156530559063
    endloop
  endfacet
  facet normal 0.0148556837812 -0.095475666225 -0.995320916176
    outer loop
      vertex 0.232559978962 -0.278839886189 -0.146324515343
      vertex 0.235185369849 -0.279357075691 -0.151307657361
      vertex 0.226698935032 -0.279313892126 -0.152177929878
    endloop
  endfacet
  facet normal -0.0538861937821 -0.131129980087 -0.98989957571
    outer loop
      vertex 0.238737523556 -0.278821021318 -0.148720696568
      vertex 0.235185369849 -0.279357075691 -0.151307657361
      vertex 0.232559978962 -0.278839886189 -0.146324515343
    endloop
  endfacet
  facet normal 0.00577564537525 -0.210498631001 -0.977577090263
    outer loop
      vertex 0.238737523556 -0.278821021318 -0.148720696568
      vertex 0.238409385085 -0.279528796673 -0.152016684413
      vertex 0.235185369849 -0.279357075691 -0.151307657361
    endloop
  endfacet
  facet normal 0.0401012897491 -0.213598489761 -0.976098120213
    outer loop
      vertex 0.238737523556 -0.278821021318 -0.148720696568
      vertex 0.241113096476 -0.279415100813 -0.15098951757
      vertex 0.238409385085 -0.279528796673 -0.152016684413
    endloop
  endfacet
  facet normal 0.0418550521135 -0.211843088269 -0.976406991482
    outer loop
      vertex 0.238737523556 -0.278821021318 -0.148720696568
      vertex 0.241642400622 -0.279099583626 -0.149430692196
      vertex 0.241113096476 -0.279415100813 -0.15098951757
    endloop
  endfacet
  facet normal 0.0832151174545 -0.0500228665769 -0.995275318623
    outer loop
      vertex 0.241642400622 -0.279099583626 -0.149430692196
      vertex 0.238737523556 -0.278821021318 -0.148720696568
      vertex 0.241920918226 -0.279031485319 -0.147612467408
    endloop
  endfacet
  facet normal 0.0869868397713 -0.0610351599753 -0.994337975979
    outer loop
      vertex 0.238737523556 -0.278821021318 -0.148720696568
      vertex 0.23980332911 -0.278777360916 -0.146490424871
      vertex 0.241920918226 -0.279031485319 -0.147612467408
    endloop
  endfacet
  facet normal -0.0155344046652 -0.01214909181 -0.999805510044
    outer loop
      vertex 0.237300679088 -0.27879679203 -0.144889444113
      vertex 0.23980332911 -0.278777360916 -0.146490424871
      vertex 0.238737523556 -0.278821021318 -0.148720696568
    endloop
  endfacet
  facet normal 0.0798998773098 0.136882230639 -0.987359762192
    outer loop
      vertex 0.240936487913 -0.279311478138 -0.143299162388
      vertex 0.23980332911 -0.278777360916 -0.146490424871
      vertex 0.237300679088 -0.27879679203 -0.144889444113
    endloop
  endfacet
  facet normal 0.122148267925 0.121493712068 -0.985047757626
    outer loop
      vertex 0.23980332911 -0.278777360916 -0.146490424871
      vertex 0.240936487913 -0.279311478138 -0.143299162388
      vertex 0.241952329874 -0.279089421034 -0.146120890975
    endloop
  endfacet
  facet normal 0.271574705839 0.172284126282 -0.946871340275
    outer loop
      vertex 0.241952329874 -0.279089421034 -0.146120890975
      vertex 0.240936487913 -0.279311478138 -0.143299162388
      vertex 0.243232667446 -0.279749900103 -0.144509121776
    endloop
  endfacet
  facet normal 0.277693420649 0.185443207622 -0.942601263523
    outer loop
      vertex 0.240936487913 -0.279311478138 -0.143299162388
      vertex 0.243487685919 -0.280055820942 -0.143336012959
      vertex 0.243232667446 -0.279749900103 -0.144509121776
    endloop
  endfacet
  facet normal 0.2750659585 0.240443825722 -0.930873513222
    outer loop
      vertex 0.243487685919 -0.280055820942 -0.143336012959
      vertex 0.240936487913 -0.279311478138 -0.143299162388
      vertex 0.242794007063 -0.280355334282 -0.141382887959
    endloop
  endfacet
  facet normal 0.190275803208 0.320951342583 -0.927785158157
    outer loop
      vertex 0.240936487913 -0.279311478138 -0.143299162388
      vertex 0.238985762 -0.279641598463 -0.141188383102
      vertex 0.242794007063 -0.280355334282 -0.141382887959
    endloop
  endfacet
  facet normal 0.0509720444679 0.200132966042 -0.978441953659
    outer loop
      vertex 0.240936487913 -0.279311478138 -0.143299162388
      vertex 0.237300679088 -0.27879679203 -0.144889444113
      vertex 0.238985762 -0.279641598463 -0.141188383102
    endloop
  endfacet
  facet normal -0.113358601928 0.269875198603 -0.956199347973
    outer loop
      vertex 0.237300679088 -0.27879679203 -0.144889444113
      vertex 0.23359824717 -0.280479997396 -0.140480816364
      vertex 0.238985762 -0.279641598463 -0.141188383102
    endloop
  endfacet
  facet normal -0.0948198214173 0.284585505724 -0.953949868679
    outer loop
      vertex 0.237300679088 -0.27879679203 -0.144889444113
      vertex 0.232559978962 -0.278839886189 -0.146324515343
      vertex 0.23359824717 -0.280479997396 -0.140480816364
    endloop
  endfacet
  facet normal -0.00644382229075 -0.00874068681151 -0.999941051006
    outer loop
      vertex 0.237300679088 -0.27879679203 -0.144889444113
      vertex 0.238737523556 -0.278821021318 -0.148720696568
      vertex 0.232559978962 -0.278839886189 -0.146324515343
    endloop
  endfacet
  facet normal 0.0489899665117 0.26181936264 -0.963872730732
    outer loop
      vertex 0.232559978962 -0.278839886189 -0.146324515343
      vertex 0.227960541844 -0.279605746269 -0.142644435167
      vertex 0.23359824717 -0.280479997396 -0.140480816364
    endloop
  endfacet
  facet normal -0.127232149243 0.0471672192216 -0.990750849247
    outer loop
      vertex 0.226698935032 -0.279313892126 -0.152177929878
      vertex 0.227960541844 -0.279605746269 -0.142644435167
      vertex 0.232559978962 -0.278839886189 -0.146324515343
    endloop
  endfacet
  facet normal 0.223906368017 0.000206022028578 -0.974610626698
    outer loop
      vertex 0.223317787051 -0.278538405895 -0.146038636565
      vertex 0.227960541844 -0.279605746269 -0.142644435167
      vertex 0.226698935032 -0.279313892126 -0.152177929878
    endloop
  endfacet
  facet normal -0.203330442309 0.535820007324 -0.819483757019
    outer loop
      vertex 0.227960541844 -0.279605746269 -0.142644435167
      vertex 0.223317787051 -0.278538405895 -0.146038636565
      vertex 0.225396201015 -0.28170016408 -0.140414327383
    endloop
  endfacet
  facet normal -0.0954347997904 0.5143648386 -0.852244675159
    outer loop
      vertex 0.225396201015 -0.28170016408 -0.140414327383
      vertex 0.223317787051 -0.278538405895 -0.146038636565
      vertex 0.218505054712 -0.281232088804 -0.142468452454
    endloop
  endfacet
  facet normal -0.272222727537 0.318192243576 -0.908101558685
    outer loop
      vertex 0.218505054712 -0.281232088804 -0.142468452454
      vertex 0.223317787051 -0.278538405895 -0.146038636565
      vertex 0.217590883374 -0.278479248285 -0.151106998324
    endloop
  endfacet
  facet normal 0.291198134422 -0.318504691124 -0.902085602283
    outer loop
      vertex 0.223317787051 -0.278538405895 -0.146038636565
      vertex 0.221337303519 -0.280575782061 -0.153619676828
      vertex 0.217590883374 -0.278479248285 -0.151106998324
    endloop
  endfacet
  facet normal -0.168753728271 -0.214460074902 -0.96204417944
    outer loop
      vertex 0.226698935032 -0.279313892126 -0.152177929878
      vertex 0.221337303519 -0.280575782061 -0.153619676828
      vertex 0.223317787051 -0.278538405895 -0.146038636565
    endloop
  endfacet
  facet normal -0.00598648469895 -0.645901083946 -0.763397634029
    outer loop
      vertex 0.221337303519 -0.280575782061 -0.153619676828
      vertex 0.226698935032 -0.279313892126 -0.152177929878
      vertex 0.225083380938 -0.28267210722 -0.15613207221
    endloop
  endfacet
  facet normal -0.154792815447 -0.602028369904 -0.783326923847
    outer loop
      vertex 0.225083380938 -0.28267210722 -0.15613207221
      vertex 0.226698935032 -0.279313892126 -0.152177929878
      vertex 0.233823701739 -0.281251192093 -0.156530559063
    endloop
  endfacet
  facet normal -0.102162972093 -0.923638284206 -0.369398236275
    outer loop
      vertex 0.227411672473 -0.28704097867 -0.158136889338
      vertex 0.225083380938 -0.28267210722 -0.15613207221
      vertex 0.233823701739 -0.281251192093 -0.156530559063
    endloop
  endfacet
  facet normal -0.557031452656 -0.826397061348 -0.0823644995689
    outer loop
      vertex 0.223466098309 -0.288536131382 -0.155626401305
      vertex 0.225083380938 -0.28267210722 -0.15613207221
      vertex 0.227411672473 -0.28704097867 -0.158136889338
    endloop
  endfacet
  facet normal 0.0585041940212 -0.993085920811 0.101772084832
    outer loop
      vertex 0.225083380938 -0.28267210722 -0.15613207221
      vertex 0.223466098309 -0.288536131382 -0.155626401305
      vertex 0.221271634102 -0.285428851843 -0.156074121594
    endloop
  endfacet
  facet normal -0.387377470732 -0.833632647991 0.39369443059
    outer loop
      vertex 0.223466098309 -0.288536131382 -0.155626401305
      vertex 0.219239100814 -0.287430495024 -0.15418432653
      vertex 0.221271634102 -0.285428851843 -0.156074121594
    endloop
  endfacet
  facet normal -0.394351929426 -0.694733023643 0.601525187492
    outer loop
      vertex 0.219239100814 -0.287430495024 -0.15418432653
      vertex 0.223466098309 -0.288536131382 -0.155626401305
      vertex 0.219563305378 -0.290460765362 -0.151744633913
    endloop
  endfacet
  facet normal -0.156134992838 -0.761144995689 0.629507899284
    outer loop
      vertex 0.216503709555 -0.289868086576 -0.151607185602
      vertex 0.219239100814 -0.287430495024 -0.15418432653
      vertex 0.219563305378 -0.290460765362 -0.151744633913
    endloop
  endfacet
  facet normal -0.11689171195 -0.745121598244 0.65660494566
    outer loop
      vertex 0.216503709555 -0.289868086576 -0.151607185602
      vertex 0.213675886393 -0.288050413132 -0.152765318751
      vertex 0.219239100814 -0.287430495024 -0.15418432653
    endloop
  endfacet
  facet normal -0.235080063343 -0.611623585224 0.755416452885
    outer loop
      vertex 0.216503709555 -0.289868086576 -0.151607185602
      vertex 0.213873878121 -0.290039390326 -0.150384828448
      vertex 0.213675886393 -0.288050413132 -0.152765318751
    endloop
  endfacet
  facet normal -0.243270128965 -0.627082228661 0.739991545677
    outer loop
      vertex 0.215790107846 -0.292073220015 -0.148728176951
      vertex 0.213873878121 -0.290039390326 -0.150384828448
      vertex 0.216503709555 -0.289868086576 -0.151607185602
    endloop
  endfacet
  facet normal -0.271004080772 -0.605340003967 0.74841183424
    outer loop
      vertex 0.213873878121 -0.290039390326 -0.150384828448
      vertex 0.215790107846 -0.292073220015 -0.148728176951
      vertex 0.212899118662 -0.291675835848 -0.147925212979
    endloop
  endfacet
  facet normal -0.0341884307563 0.341709673405 0.939183533192
    outer loop
      vertex 0.215790107846 -0.292073220015 -0.148728176951
      vertex 0.214389577508 -0.290545105934 -0.144668310881
      vertex 0.212899118662 -0.291675835848 -0.147925212979
    endloop
  endfacet
  facet normal -0.0546915456653 0.335159599781 0.940572619438
    outer loop
      vertex 0.218110859394 -0.291435271502 -0.146559178829
      vertex 0.214389577508 -0.290545105934 -0.144668310881
      vertex 0.215790107846 -0.292073220015 -0.148728176951
    endloop
  endfacet
  facet normal 0.194417029619 0.0795392543077 0.977688848972
    outer loop
      vertex 0.215790107846 -0.292073220015 -0.148728176951
      vertex 0.219112575054 -0.291473448277 -0.149476900697
      vertex 0.218110859394 -0.291435271502 -0.146559178829
    endloop
  endfacet
  facet normal 0.0066631003283 -0.607010424137 0.794665932655
    outer loop
      vertex 0.215790107846 -0.292073220015 -0.148728176951
      vertex 0.216503709555 -0.289868086576 -0.151607185602
      vertex 0.219112575054 -0.291473448277 -0.149476900697
    endloop
  endfacet
  facet normal -0.190201282501 -0.431579768658 0.881794989109
    outer loop
      vertex 0.216503709555 -0.289868086576 -0.151607185602
      vertex 0.219563305378 -0.290460765362 -0.151744633913
      vertex 0.219112575054 -0.291473448277 -0.149476900697
    endloop
  endfacet
  facet normal 0.0327614955604 0.0243211146444 0.999167263508
    outer loop
      vertex 0.219112575054 -0.291473448277 -0.149476900697
      vertex 0.22271566093 -0.291296035051 -0.147041857243
      vertex 0.218110859394 -0.291435271502 -0.146559178829
    endloop
  endfacet
  facet normal 0.0434941872954 0.129161074758 0.990669310093
    outer loop
      vertex 0.22271566093 -0.291296035051 -0.147041857243
      vertex 0.223408982158 -0.290800631046 -0.143475562334
      vertex 0.218110859394 -0.291435271502 -0.146559178829
    endloop
  endfacet
  facet normal -0.184194400907 0.170280992985 0.968027293682
    outer loop
      vertex 0.223408982158 -0.290800631046 -0.143475562334
      vertex 0.22271566093 -0.291296035051 -0.147041857243
      vertex 0.226527482271 -0.291649460793 -0.144927769899
    endloop
  endfacet
  facet normal 0.0819238200784 0.628186762333 0.773737609386
    outer loop
      vertex 0.223408982158 -0.290800631046 -0.143475562334
      vertex 0.226527482271 -0.291649460793 -0.144927769899
      vertex 0.226596549153 -0.288074672222 -0.140533700585
    endloop
  endfacet
  facet normal 0.459812492132 0.0960670188069 0.882804393768
    outer loop
      vertex 0.209966883063 -0.292854934931 -0.144725739956
      vertex 0.212899118662 -0.291675835848 -0.147925212979
      vertex 0.214389577508 -0.290545105934 -0.144668310881
    endloop
  endfacet
  facet normal 0.0568877644837 -0.298918098211 0.952581644058
    outer loop
      vertex 0.209966883063 -0.292854934931 -0.144725739956
      vertex 0.208978876472 -0.291538566351 -0.149108737707
      vertex 0.212899118662 -0.291675835848 -0.147925212979
    endloop
  endfacet
  facet normal 0.215148419142 -0.325074702501 0.920889556408
    outer loop
      vertex 0.208978876472 -0.291538566351 -0.149108737707
      vertex 0.209966883063 -0.292854934931 -0.144725739956
      vertex 0.207246050239 -0.292567849159 -0.147339791059
    endloop
  endfacet
  facet normal -0.155655100942 0.0536892078817 0.986351311207
    outer loop
      vertex 0.209966883063 -0.292854934931 -0.144725739956
      vertex 0.207631483674 -0.292478919029 -0.144588559866
      vertex 0.207246050239 -0.292567849159 -0.147339791059
    endloop
  endfacet
  facet normal -0.0504396334291 0.795709431171 0.603574633598
    outer loop
      vertex 0.209966883063 -0.292854934931 -0.144725739956
      vertex 0.20953206718 -0.289867073298 -0.142486914992
      vertex 0.207631483674 -0.292478919029 -0.144588559866
    endloop
  endfacet
  facet normal 0.277031600475 0.787856221199 0.550032794476
    outer loop
      vertex 0.20953206718 -0.289867073298 -0.142486914992
      vertex 0.209966883063 -0.292854934931 -0.144725739956
      vertex 0.214389577508 -0.290545105934 -0.144668310881
    endloop
  endfacet
  facet normal 0.149054929614 0.58068805933 0.800364911556
    outer loop
      vertex 0.214879468083 -0.28845924139 -0.141919091344
      vertex 0.20953206718 -0.289867073298 -0.142486914992
      vertex 0.214389577508 -0.290545105934 -0.144668310881
    endloop
  endfacet
  facet normal 0.109438166022 0.705487251282 0.70022213459
    outer loop
      vertex 0.20953206718 -0.289867073298 -0.142486914992
      vertex 0.214879468083 -0.28845924139 -0.141919091344
      vertex 0.211484372616 -0.287358403206 -0.140299811959
    endloop
  endfacet
  facet normal 0.492907971144 0.798476934433 -0.345653504133
    outer loop
      vertex 0.214879468083 -0.28845924139 -0.141919091344
      vertex 0.212685346603 -0.282890766859 -0.142975181341
      vertex 0.211484372616 -0.287358403206 -0.140299811959
    endloop
  endfacet
  facet normal 0.309220045805 0.850228130817 -0.42602238059
    outer loop
      vertex 0.207393184304 -0.281163662672 -0.141915872693
      vertex 0.211484372616 -0.287358403206 -0.140299811959
      vertex 0.212685346603 -0.282890766859 -0.142975181341
    endloop
  endfacet
  facet normal 0.0608935803175 0.955262959003 -0.289421319962
    outer loop
      vertex 0.211484372616 -0.287358403206 -0.140299811959
      vertex 0.207393184304 -0.281163662672 -0.141915872693
      vertex 0.206113710999 -0.287297070026 -0.139976039529
    endloop
  endfacet
  facet normal 0.125891834497 0.953113734722 -0.275182545185
    outer loop
      vertex 0.207393184304 -0.281163662672 -0.141915872693
      vertex 0.201872289181 -0.284867346287 -0.140117317438
      vertex 0.206113710999 -0.287297070026 -0.139976039529
    endloop
  endfacet
  facet normal -0.04093471542 0.873455762863 -0.485179781914
    outer loop
      vertex 0.202716082335 -0.280048757792 -0.142754361033
      vertex 0.201872289181 -0.284867346287 -0.140117317438
      vertex 0.207393184304 -0.281163662672 -0.141915872693
    endloop
  endfacet
  facet normal 0.251675605774 0.866873145103 -0.430337429047
    outer loop
      vertex 0.198413342237 -0.282159894705 -0.140457138419
      vertex 0.201872289181 -0.284867346287 -0.140117317438
      vertex 0.202716082335 -0.280048757792 -0.142754361033
    endloop
  endfacet
  facet normal 0.246563389897 0.871278226376 -0.424359172583
    outer loop
      vertex 0.196129024029 -0.287742227316 -0.137091815472
      vertex 0.201872289181 -0.284867346287 -0.140117317438
      vertex 0.198413342237 -0.282159894705 -0.140457138419
    endloop
  endfacet
  facet normal 0.264888942242 0.879183351994 -0.396068781614
    outer loop
      vertex 0.201872289181 -0.284867346287 -0.140117317438
      vertex 0.196129024029 -0.287742227316 -0.137091815472
      vertex 0.201344102621 -0.289494097233 -0.137873858213
    endloop
  endfacet
  facet normal -0.0399099104106 0.862802028656 0.50396412611
    outer loop
      vertex 0.196129024029 -0.287742227316 -0.137091815472
      vertex 0.199873834848 -0.293278187513 -0.140152156353
      vertex 0.201344102621 -0.289494097233 -0.137873858213
    endloop
  endfacet
  facet normal 0.472486227751 0.866775989532 0.159549817443
    outer loop
      vertex 0.196129024029 -0.287742227316 -0.137091815472
      vertex 0.192529514432 -0.293397367001 -0.136170655489
      vertex 0.199873834848 -0.293278187513 -0.140152156353
    endloop
  endfacet
  facet normal 0.147316992283 0.986819207668 -0.0669747367501
    outer loop
      vertex 0.193073943257 -0.286940932274 -0.136690109968
      vertex 0.192529514432 -0.293397367001 -0.136170655489
      vertex 0.196129024029 -0.287742227316 -0.137091815472
    endloop
  endfacet
  facet normal 0.438562750816 0.898008167744 -0.0352706871927
    outer loop
      vertex 0.189715325832 -0.288027137518 -0.135007202625
      vertex 0.192529514432 -0.293397367001 -0.136170655489
      vertex 0.193073943257 -0.286940932274 -0.136690109968
    endloop
  endfacet
  facet normal 0.629697918892 0.75899541378 -0.165549263358
    outer loop
      vertex 0.192529514432 -0.293397367001 -0.136170655489
      vertex 0.189715325832 -0.288027137518 -0.135007202625
      vertex 0.188137516379 -0.293279230595 -0.132552608848
    endloop
  endfacet
  facet normal 0.421803385019 0.863402664661 -0.276799052954
    outer loop
      vertex 0.189715325832 -0.288027137518 -0.135007202625
      vertex 0.181209459901 -0.2860429883 -0.131487876177
      vertex 0.188137516379 -0.293279230595 -0.132552608848
    endloop
  endfacet
  facet normal 0.427200675011 0.828916251659 -0.361105799675
    outer loop
      vertex 0.181209459901 -0.2860429883 -0.131487876177
      vertex 0.189715325832 -0.288027137518 -0.135007202625
      vertex 0.187016874552 -0.28351739049 -0.135581091046
    endloop
  endfacet
  facet normal 0.376448512077 0.863685548306 -0.335162341595
    outer loop
      vertex 0.189715325832 -0.288027137518 -0.135007202625
      vertex 0.191974774003 -0.285371214151 -0.137022674084
      vertex 0.187016874552 -0.28351739049 -0.135581091046
    endloop
  endfacet
  facet normal 0.305258125067 0.865515768528 -0.397114545107
    outer loop
      vertex 0.189715325832 -0.288027137518 -0.135007202625
      vertex 0.193073943257 -0.286940932274 -0.136690109968
      vertex 0.191974774003 -0.285371214151 -0.137022674084
    endloop
  endfacet
  facet normal 0.291402429342 0.873855888844 -0.389179289341
    outer loop
      vertex 0.193606734276 -0.284623473883 -0.137899890542
      vertex 0.191974774003 -0.285371214151 -0.137022674084
      vertex 0.193073943257 -0.286940932274 -0.136690109968
    endloop
  endfacet
  facet normal 0.275771915913 0.86693662405 -0.415175616741
    outer loop
      vertex 0.193606734276 -0.284623473883 -0.137899890542
      vertex 0.190964505076 -0.282567352057 -0.138044074178
      vertex 0.191974774003 -0.285371214151 -0.137022674084
    endloop
  endfacet
  facet normal 0.379947423935 0.750396311283 -0.54087460041
    outer loop
      vertex 0.193606734276 -0.284623473883 -0.137899890542
      vertex 0.194238364697 -0.280087143183 -0.141489416361
      vertex 0.190964505076 -0.282567352057 -0.138044074178
    endloop
  endfacet
  facet normal 0.107159711421 0.786881923676 -0.607728242874
    outer loop
      vertex 0.198413342237 -0.282159894705 -0.140457138419
      vertex 0.194238364697 -0.280087143183 -0.141489416361
      vertex 0.193606734276 -0.284623473883 -0.137899890542
    endloop
  endfacet
  facet normal 0.140661418438 0.743605494499 -0.653655290604
    outer loop
      vertex 0.197211548686 -0.278203725815 -0.143707424402
      vertex 0.194238364697 -0.280087143183 -0.141489416361
      vertex 0.198413342237 -0.282159894705 -0.140457138419
    endloop
  endfacet
  facet normal 0.0221874527633 0.664227843285 -0.747200787067
    outer loop
      vertex 0.190951421857 -0.277438551188 -0.144359067082
      vertex 0.194238364697 -0.280087143183 -0.141489416361
      vertex 0.197211548686 -0.278203725815 -0.143707424402
    endloop
  endfacet
  facet normal 0.272470831871 0.465236961842 -0.842207968235
    outer loop
      vertex 0.190951421857 -0.277438551188 -0.144359067082
      vertex 0.187441408634 -0.278375685215 -0.140606924891
      vertex 0.194238364697 -0.280087143183 -0.141489416361
    endloop
  endfacet
  facet normal 0.272460788488 0.465229392052 -0.842215359211
    outer loop
      vertex 0.187664195895 -0.274789959192 -0.147228717804
      vertex 0.187441408634 -0.278375685215 -0.140606924891
      vertex 0.190951421857 -0.277438551188 -0.144359067082
    endloop
  endfacet
  facet normal 0.207343891263 0.471209198236 -0.857304155827
    outer loop
      vertex 0.187441408634 -0.278375685215 -0.140606924891
      vertex 0.187664195895 -0.274789959192 -0.147228717804
      vertex 0.180408969522 -0.274428397417 -0.144694060087
    endloop
  endfacet
  facet normal -0.100804321468 -0.41737011075 -0.903128266335
    outer loop
      vertex 0.187664195895 -0.274789959192 -0.147228717804
      vertex 0.18181668222 -0.276159435511 -0.148779764771
      vertex 0.180408969522 -0.274428397417 -0.144694060087
    endloop
  endfacet
  facet normal -0.0430925898254 -0.565030932426 -0.82394361496
    outer loop
      vertex 0.187664195895 -0.274789959192 -0.147228717804
      vertex 0.186550587416 -0.277074545622 -0.150475233793
      vertex 0.18181668222 -0.276159435511 -0.148779764771
    endloop
  endfacet
  facet normal 0.0355306640267 -0.583252668381 -0.811513364315
    outer loop
      vertex 0.193222358823 -0.276002287865 -0.148576915264
      vertex 0.186550587416 -0.277074545622 -0.150475233793
      vertex 0.187664195895 -0.274789959192 -0.147228717804
    endloop
  endfacet
  facet normal 0.106298923492 -0.745345234871 -0.658149719238
    outer loop
      vertex 0.186550587416 -0.277074545622 -0.150475233793
      vertex 0.193222358823 -0.276002287865 -0.148576915264
      vertex 0.192573428154 -0.281300425529 -0.153347790241
    endloop
  endfacet
  facet normal 0.244379654527 -0.735279381275 -0.632173120975
    outer loop
      vertex 0.193222358823 -0.276002287865 -0.148576915264
      vertex 0.197497159243 -0.28177395463 -0.152118444443
      vertex 0.192573428154 -0.281300425529 -0.153347790241
    endloop
  endfacet
  facet normal -0.266312927008 -0.896885931492 -0.353090792894
    outer loop
      vertex 0.201981499791 -0.278364479542 -0.152107730508
      vertex 0.197497159243 -0.28177395463 -0.152118444443
      vertex 0.193222358823 -0.276002287865 -0.148576915264
    endloop
  endfacet
  facet normal -0.145261213183 -0.970165789127 -0.194106921554
    outer loop
      vertex 0.202410668135 -0.282225221395 -0.152944430709
      vertex 0.197497159243 -0.28177395463 -0.152118444443
      vertex 0.201981499791 -0.278364479542 -0.152107730508
    endloop
  endfacet
  facet normal -0.154791280627 -0.981650710106 -0.111362420022
    outer loop
      vertex 0.202410668135 -0.282225221395 -0.152944430709
      vertex 0.200790748 -0.286717146635 -0.153198570013
      vertex 0.197497159243 -0.28177395463 -0.152118444443
    endloop
  endfacet
  facet normal -0.192614778876 -0.973340213299 -0.124532558024
    outer loop
      vertex 0.202410668135 -0.282225221395 -0.152944430709
      vertex 0.204361245036 -0.284127026796 -0.15357375145
      vertex 0.200790748 -0.286717146635 -0.153198570013
    endloop
  endfacet
  facet normal -0.121464692056 -0.9727845788 -0.197323352098
    outer loop
      vertex 0.202410668135 -0.282225221395 -0.152944430709
      vertex 0.204582706094 -0.280900359154 -0.1529468894
      vertex 0.204361245036 -0.284127026796 -0.15357375145
    endloop
  endfacet
  facet normal -0.121462769806 -0.97278547287 -0.197320193052
    outer loop
      vertex 0.201981499791 -0.278364479542 -0.152107730508
      vertex 0.204582706094 -0.280900359154 -0.1529468894
      vertex 0.202410668135 -0.282225221395 -0.152944430709
    endloop
  endfacet
  facet normal 0.352313250303 -0.718852818012 -0.59927123785
    outer loop
      vertex 0.201981499791 -0.278364479542 -0.152107730508
      vertex 0.20470072329 -0.277937889099 -0.150419399142
      vertex 0.204582706094 -0.280900359154 -0.1529468894
    endloop
  endfacet
  facet normal 0.039060510695 -0.303463369608 -0.952042162418
    outer loop
      vertex 0.201981499791 -0.278364479542 -0.152107730508
      vertex 0.200184717774 -0.276320070028 -0.145925164223
      vertex 0.20470072329 -0.277937889099 -0.150419399142
    endloop
  endfacet
  facet normal 0.146927893162 -0.271794438362 -0.951073050499
    outer loop
      vertex 0.201981499791 -0.278364479542 -0.152107730508
      vertex 0.193222358823 -0.276002287865 -0.148576915264
      vertex 0.200184717774 -0.276320070028 -0.145925164223
    endloop
  endfacet
  facet normal -0.155610755086 0.509951531887 -0.8460111022
    outer loop
      vertex 0.193222358823 -0.276002287865 -0.148576915264
      vertex 0.197211548686 -0.278203725815 -0.143707424402
      vertex 0.200184717774 -0.276320070028 -0.145925164223
    endloop
  endfacet
  facet normal 0.0764714851975 0.358050435781 -0.930565416813
    outer loop
      vertex 0.193222358823 -0.276002287865 -0.148576915264
      vertex 0.190951421857 -0.277438551188 -0.144359067082
      vertex 0.197211548686 -0.278203725815 -0.143707424402
    endloop
  endfacet
  facet normal 0.292629480362 0.445646762848 -0.846030116081
    outer loop
      vertex 0.190951421857 -0.277438551188 -0.144359067082
      vertex 0.193222358823 -0.276002287865 -0.148576915264
      vertex 0.187664195895 -0.274789959192 -0.147228717804
    endloop
  endfacet
  facet normal 0.104511164129 0.721490263939 -0.684491932392
    outer loop
      vertex 0.202716082335 -0.280048757792 -0.142754361033
      vertex 0.200184717774 -0.276320070028 -0.145925164223
      vertex 0.197211548686 -0.278203725815 -0.143707424402
    endloop
  endfacet
  facet normal 0.216468080878 0.666303932667 -0.713568925858
    outer loop
      vertex 0.200184717774 -0.276320070028 -0.145925164223
      vertex 0.202716082335 -0.280048757792 -0.142754361033
      vertex 0.205774247646 -0.27696827054 -0.147046908736
    endloop
  endfacet
  facet normal 0.0762351825833 0.616623580456 -0.783558249474
    outer loop
      vertex 0.202716082335 -0.280048757792 -0.142754361033
      vertex 0.207393184304 -0.281163662672 -0.141915872693
      vertex 0.205774247646 -0.27696827054 -0.147046908736
    endloop
  endfacet
  facet normal 0.0318340584636 0.626631915569 -0.778664886951
    outer loop
      vertex 0.209830194712 -0.277695804834 -0.146348908544
      vertex 0.205774247646 -0.27696827054 -0.147046908736
      vertex 0.207393184304 -0.281163662672 -0.141915872693
    endloop
  endfacet
  facet normal 0.22736120224 -0.392013430595 -0.891421556473
    outer loop
      vertex 0.209830194712 -0.277695804834 -0.146348908544
      vertex 0.208087608218 -0.279403269291 -0.151242271066
      vertex 0.205774247646 -0.27696827054 -0.147046908736
    endloop
  endfacet
  facet normal -0.173174872994 -0.26893261075 -0.947462797165
    outer loop
      vertex 0.209830194712 -0.277695804834 -0.146348908544
      vertex 0.210614144802 -0.278995901346 -0.151434019208
      vertex 0.208087608218 -0.279403269291 -0.151242271066
    endloop
  endfacet
  facet normal 0.207760691643 -0.212108328938 -0.954906046391
    outer loop
      vertex 0.210614144802 -0.278995901346 -0.151434019208
      vertex 0.209830194712 -0.277695804834 -0.146348908544
      vertex 0.213886067271 -0.278423130512 -0.145650565624
    endloop
  endfacet
  facet normal -0.0525701902807 0.850456655025 -0.523411750793
    outer loop
      vertex 0.212685346603 -0.282890766859 -0.142975181341
      vertex 0.213886067271 -0.278423130512 -0.145650565624
      vertex 0.209830194712 -0.277695804834 -0.146348908544
    endloop
  endfacet
  facet normal -0.225514292717 0.807926893234 -0.544423997402
    outer loop
      vertex 0.213886067271 -0.278423130512 -0.145650565624
      vertex 0.212685346603 -0.282890766859 -0.142975181341
      vertex 0.218505054712 -0.281232088804 -0.142468452454
    endloop
  endfacet
  facet normal 0.374761968851 0.245261117816 -0.894091963768
    outer loop
      vertex 0.217590883374 -0.278479248285 -0.151106998324
      vertex 0.213886067271 -0.278423130512 -0.145650565624
      vertex 0.218505054712 -0.281232088804 -0.142468452454
    endloop
  endfacet
  facet normal -0.071000225842 -0.0584488473833 -0.995762348175
    outer loop
      vertex 0.210614144802 -0.278995901346 -0.151434019208
      vertex 0.213886067271 -0.278423130512 -0.145650565624
      vertex 0.217590883374 -0.278479248285 -0.151106998324
    endloop
  endfacet
  facet normal -0.0206100903451 -0.69530493021 -0.718419313431
    outer loop
      vertex 0.217590883374 -0.278479248285 -0.151106998324
      vertex 0.215261355042 -0.281820654869 -0.154490426183
      vertex 0.210614144802 -0.278995901346 -0.151434019208
    endloop
  endfacet
  facet normal -0.0511697642505 -0.683696508408 -0.7279702425
    outer loop
      vertex 0.215261355042 -0.281820654869 -0.154490426183
      vertex 0.217590883374 -0.278479248285 -0.151106998324
      vertex 0.221337303519 -0.280575782061 -0.153619676828
    endloop
  endfacet
  facet normal 0.133570864797 -0.990203917027 -0.0406826511025
    outer loop
      vertex 0.217250227928 -0.284625589848 -0.154337391257
      vertex 0.215261355042 -0.281820654869 -0.154490426183
      vertex 0.221337303519 -0.280575782061 -0.153619676828
    endloop
  endfacet
  facet normal -0.136444017291 -0.979198992252 0.150174483657
    outer loop
      vertex 0.215261355042 -0.281820654869 -0.154490426183
      vertex 0.217250227928 -0.284625589848 -0.154337391257
      vertex 0.214004129171 -0.284554690123 -0.153895944357
    endloop
  endfacet
  facet normal -0.135110929608 -0.946391999722 0.293406158686
    outer loop
      vertex 0.214004129171 -0.284554690123 -0.153895944357
      vertex 0.217250227928 -0.284625589848 -0.154337391257
      vertex 0.213675886393 -0.288050413132 -0.152765318751
    endloop
  endfacet
  facet normal -0.219932243228 -0.953091621399 0.207957237959
    outer loop
      vertex 0.213675886393 -0.288050413132 -0.152765318751
      vertex 0.217250227928 -0.284625589848 -0.154337391257
      vertex 0.219239100814 -0.287430495024 -0.15418432653
    endloop
  endfacet
  facet normal -0.429447680712 -0.83253633976 0.349939912558
    outer loop
      vertex 0.217250227928 -0.284625589848 -0.154337391257
      vertex 0.221271634102 -0.285428851843 -0.156074121594
      vertex 0.219239100814 -0.287430495024 -0.15418432653
    endloop
  endfacet
  facet normal -0.28198543191 -0.854610323906 -0.436033695936
    outer loop
      vertex 0.217250227928 -0.284625589848 -0.154337391257
      vertex 0.221337303519 -0.280575782061 -0.153619676828
      vertex 0.221271634102 -0.285428851843 -0.156074121594
    endloop
  endfacet
  facet normal -0.324112564325 -0.84242105484 -0.430439025164
    outer loop
      vertex 0.221337303519 -0.280575782061 -0.153619676828
      vertex 0.225083380938 -0.28267210722 -0.15613207221
      vertex 0.221271634102 -0.285428851843 -0.156074121594
    endloop
  endfacet
  facet normal 0.113441981375 -0.942161858082 0.315375953913
    outer loop
      vertex 0.213675886393 -0.288050413132 -0.152765318751
      vertex 0.210644826293 -0.286174595356 -0.153758183122
      vertex 0.214004129171 -0.284554690123 -0.153895944357
    endloop
  endfacet
  facet normal -0.134734064341 -0.769083678722 0.624785602093
    outer loop
      vertex 0.213675886393 -0.288050413132 -0.152765318751
      vertex 0.209811851382 -0.288856595755 -0.151433452964
      vertex 0.210644826293 -0.286174595356 -0.153758183122
    endloop
  endfacet
  facet normal -0.0592812113464 -0.637144505978 0.768461167812
    outer loop
      vertex 0.213675886393 -0.288050413132 -0.152765318751
      vertex 0.213873878121 -0.290039390326 -0.150384828448
      vertex 0.209811851382 -0.288856595755 -0.151433452964
    endloop
  endfacet
  facet normal 0.00398675119504 -0.755021154881 0.655688285828
    outer loop
      vertex 0.208978876472 -0.291538566351 -0.149108737707
      vertex 0.209811851382 -0.288856595755 -0.151433452964
      vertex 0.213873878121 -0.290039390326 -0.150384828448
    endloop
  endfacet
  facet normal 0.410956591368 -0.621846020222 0.666649997234
    outer loop
      vertex 0.208978876472 -0.291538566351 -0.149108737707
      vertex 0.206443533301 -0.289648503065 -0.152810499072
      vertex 0.209811851382 -0.288856595755 -0.151433452964
    endloop
  endfacet
  facet normal 0.248443305492 -0.570029437542 0.783161759377
    outer loop
      vertex 0.208978876472 -0.291538566351 -0.149108737707
      vertex 0.205139383674 -0.292564600706 -0.14937248826
      vertex 0.206443533301 -0.289648503065 -0.152810499072
    endloop
  endfacet
  facet normal 0.265784800053 -0.276932269335 0.923399686813
    outer loop
      vertex 0.205139383674 -0.292564600706 -0.14937248826
      vertex 0.208978876472 -0.291538566351 -0.149108737707
      vertex 0.207246050239 -0.292567849159 -0.147339791059
    endloop
  endfacet
  facet normal 0.26570519805 -0.276849836111 0.923447310925
    outer loop
      vertex 0.205512911081 -0.293596863747 -0.145570829511
      vertex 0.205139383674 -0.292564600706 -0.14937248826
      vertex 0.207246050239 -0.292567849159 -0.147339791059
    endloop
  endfacet
  facet normal 0.208492666483 -0.275309026241 0.938475251198
    outer loop
      vertex 0.201058879495 -0.294338554144 -0.146415606141
      vertex 0.205139383674 -0.292564600706 -0.14937248826
      vertex 0.205512911081 -0.293596863747 -0.145570829511
    endloop
  endfacet
  facet normal 0.0608127303421 -0.450458914042 0.890723645687
    outer loop
      vertex 0.205139383674 -0.292564600706 -0.14937248826
      vertex 0.201058879495 -0.294338554144 -0.146415606141
      vertex 0.202495083213 -0.291031658649 -0.152760669589
    endloop
  endfacet
  facet normal 0.355108082294 -0.367584198713 0.859523177147
    outer loop
      vertex 0.202495083213 -0.291031658649 -0.152760669589
      vertex 0.201058879495 -0.294338554144 -0.146415606141
      vertex 0.194054573774 -0.294770687819 -0.152171716094
    endloop
  endfacet
  facet normal 0.257557928562 -0.243202611804 0.935155808926
    outer loop
      vertex 0.201058879495 -0.294338554144 -0.146415606141
      vertex 0.193790152669 -0.296843975782 -0.144479587674
      vertex 0.194054573774 -0.294770687819 -0.152171716094
    endloop
  endfacet
  facet normal 0.370180845261 0.222719237208 0.901866018772
    outer loop
      vertex 0.193790152669 -0.296843975782 -0.144479587674
      vertex 0.201058879495 -0.294338554144 -0.146415606141
      vertex 0.199873834848 -0.293278187513 -0.140152156353
    endloop
  endfacet
  facet normal 0.126363575459 0.188776388764 0.973856091499
    outer loop
      vertex 0.201058879495 -0.294338554144 -0.146415606141
      vertex 0.205512911081 -0.293596863747 -0.145570829511
      vertex 0.199873834848 -0.293278187513 -0.140152156353
    endloop
  endfacet
  facet normal 0.450838387012 0.512168884277 0.731045663357
    outer loop
      vertex 0.205512911081 -0.293596863747 -0.145570829511
      vertex 0.204765483737 -0.291003733873 -0.141211599112
      vertex 0.199873834848 -0.293278187513 -0.140152156353
    endloop
  endfacet
  facet normal 0.193274870515 0.52586966753 0.828315079212
    outer loop
      vertex 0.204765483737 -0.291003733873 -0.141211599112
      vertex 0.205512911081 -0.293596863747 -0.145570829511
      vertex 0.207631483674 -0.292478919029 -0.144588559866
    endloop
  endfacet
  facet normal 0.480419427156 -0.0389834195375 0.876172065735
    outer loop
      vertex 0.205512911081 -0.293596863747 -0.145570829511
      vertex 0.207246050239 -0.292567849159 -0.147339791059
      vertex 0.207631483674 -0.292478919029 -0.144588559866
    endloop
  endfacet
  facet normal 0.333938479424 0.60071849823 0.72637617588
    outer loop
      vertex 0.207631483674 -0.292478919029 -0.144588559866
      vertex 0.20953206718 -0.289867073298 -0.142486914992
      vertex 0.204765483737 -0.291003733873 -0.141211599112
    endloop
  endfacet
  facet normal 0.325040668249 0.855368673801 0.403352200985
    outer loop
      vertex 0.20953206718 -0.289867073298 -0.142486914992
      vertex 0.206113710999 -0.287297070026 -0.139976039529
      vertex 0.204765483737 -0.291003733873 -0.141211599112
    endloop
  endfacet
  facet normal 0.036859087646 0.738868117332 0.672841250896
    outer loop
      vertex 0.20953206718 -0.289867073298 -0.142486914992
      vertex 0.211484372616 -0.287358403206 -0.140299811959
      vertex 0.206113710999 -0.287297070026 -0.139976039529
    endloop
  endfacet
  facet normal 0.523274242878 0.732977569103 0.434658378363
    outer loop
      vertex 0.206113710999 -0.287297070026 -0.139976039529
      vertex 0.201344102621 -0.289494097233 -0.137873858213
      vertex 0.204765483737 -0.291003733873 -0.141211599112
    endloop
  endfacet
  facet normal 0.204169243574 0.889793515205 -0.408145129681
    outer loop
      vertex 0.201344102621 -0.289494097233 -0.137873858213
      vertex 0.206113710999 -0.287297070026 -0.139976039529
      vertex 0.201872289181 -0.284867346287 -0.140117317438
    endloop
  endfacet
  facet normal 0.421335816383 0.695265471935 0.582307577133
    outer loop
      vertex 0.199873834848 -0.293278187513 -0.140152156353
      vertex 0.204765483737 -0.291003733873 -0.141211599112
      vertex 0.201344102621 -0.289494097233 -0.137873858213
    endloop
  endfacet
  facet normal 0.232593625784 0.402542382479 0.885358572006
    outer loop
      vertex 0.192529514432 -0.293397367001 -0.136170655489
      vertex 0.193790152669 -0.296843975782 -0.144479587674
      vertex 0.199873834848 -0.293278187513 -0.140152156353
    endloop
  endfacet
  facet normal 0.648340404034 0.373553901911 0.663409531116
    outer loop
      vertex 0.193790152669 -0.296843975782 -0.144479587674
      vertex 0.192529514432 -0.293397367001 -0.136170655489
      vertex 0.188309520483 -0.29845020175 -0.137819945812
    endloop
  endfacet
  facet normal 0.492477327585 0.617841422558 0.612974822521
    outer loop
      vertex 0.188309520483 -0.29845020175 -0.137819945812
      vertex 0.192529514432 -0.293397367001 -0.136170655489
      vertex 0.188137516379 -0.293279230595 -0.132552608848
    endloop
  endfacet
  facet normal 0.889439642429 0.334648370743 0.31129989028
    outer loop
      vertex 0.188137516379 -0.293279230595 -0.132552608848
      vertex 0.186338201165 -0.298184871674 -0.132333695889
      vertex 0.188309520483 -0.29845020175 -0.137819945812
    endloop
  endfacet
  facet normal 0.473283171654 0.870543897152 0.13474573195
    outer loop
      vertex 0.186338201165 -0.298184871674 -0.132333695889
      vertex 0.188137516379 -0.293279230595 -0.132552608848
      vertex 0.181894853711 -0.293730735779 -0.129228577018
    endloop
  endfacet
  facet normal 0.433481127024 0.853412687778 -0.289449334145
    outer loop
      vertex 0.188137516379 -0.293279230595 -0.132552608848
      vertex 0.181209459901 -0.2860429883 -0.131487876177
      vertex 0.181894853711 -0.293730735779 -0.129228577018
    endloop
  endfacet
  facet normal 0.165642395616 0.942080318928 -0.291628688574
    outer loop
      vertex 0.181894853711 -0.293730735779 -0.129228577018
      vertex 0.181209459901 -0.2860429883 -0.131487876177
      vertex 0.177735969424 -0.29175722599 -0.129108265042
    endloop
  endfacet
  facet normal 0.257048904896 0.937591552734 -0.234196349978
    outer loop
      vertex 0.177735969424 -0.29175722599 -0.129108265042
      vertex 0.181209459901 -0.2860429883 -0.131487876177
      vertex 0.176003172994 -0.286010831594 -0.130068555474
    endloop
  endfacet
  facet normal 0.243715643883 0.885000944138 -0.396706461906
    outer loop
      vertex 0.176003172994 -0.286010831594 -0.130068555474
      vertex 0.181209459901 -0.2860429883 -0.131487876177
      vertex 0.17791852355 -0.280458927155 -0.13308468461
    endloop
  endfacet
  facet normal 0.37413457036 0.809739053249 -0.452046483755
    outer loop
      vertex 0.181209459901 -0.2860429883 -0.131487876177
      vertex 0.187016874552 -0.28351739049 -0.135581091046
      vertex 0.17791852355 -0.280458927155 -0.13308468461
    endloop
  endfacet
  facet normal 0.393723785877 0.6877861619 -0.609862148762
    outer loop
      vertex 0.187016874552 -0.28351739049 -0.135581091046
      vertex 0.180835679173 -0.277291923761 -0.137562811375
      vertex 0.17791852355 -0.280458927155 -0.13308468461
    endloop
  endfacet
  facet normal 0.409991592169 0.668944299221 -0.62001645565
    outer loop
      vertex 0.187016874552 -0.28351739049 -0.135581091046
      vertex 0.187441408634 -0.278375685215 -0.140606924891
      vertex 0.180835679173 -0.277291923761 -0.137562811375
    endloop
  endfacet
  facet normal 0.276982545853 0.698472440243 -0.659861266613
    outer loop
      vertex 0.190964505076 -0.282567352057 -0.138044074178
      vertex 0.187441408634 -0.278375685215 -0.140606924891
      vertex 0.187016874552 -0.28351739049 -0.135581091046
    endloop
  endfacet
  facet normal 0.256801277399 0.713389098644 -0.652019202709
    outer loop
      vertex 0.194238364697 -0.280087143183 -0.141489416361
      vertex 0.187441408634 -0.278375685215 -0.140606924891
      vertex 0.190964505076 -0.282567352057 -0.138044074178
    endloop
  endfacet
  facet normal 0.397978872061 0.806517064571 -0.437199145555
    outer loop
      vertex 0.187016874552 -0.28351739049 -0.135581091046
      vertex 0.191974774003 -0.285371214151 -0.137022674084
      vertex 0.190964505076 -0.282567352057 -0.138044074178
    endloop
  endfacet
  facet normal 0.302574634552 0.339514523745 -0.890605688095
    outer loop
      vertex 0.187441408634 -0.278375685215 -0.140606924891
      vertex 0.180408969522 -0.274428397417 -0.144694060087
      vertex 0.180835679173 -0.277291923761 -0.137562811375
    endloop
  endfacet
  facet normal -0.298598349094 0.370960384607 -0.879333496094
    outer loop
      vertex 0.180835679173 -0.277291923761 -0.137562811375
      vertex 0.180408969522 -0.274428397417 -0.144694060087
      vertex 0.175432324409 -0.275953233242 -0.145085424185
    endloop
  endfacet
  facet normal -0.275425136089 -0.178226724267 -0.944656670094
    outer loop
      vertex 0.180408969522 -0.274428397417 -0.144694060087
      vertex 0.176168009639 -0.276430517435 -0.148752093315
      vertex 0.175432324409 -0.275953233242 -0.145085424185
    endloop
  endfacet
  facet normal -0.0458389781415 -0.403050422668 -0.914029061794
    outer loop
      vertex 0.18181668222 -0.276159435511 -0.148779764771
      vertex 0.176168009639 -0.276430517435 -0.148752093315
      vertex 0.180408969522 -0.274428397417 -0.144694060087
    endloop
  endfacet
  facet normal -0.0462284944952 0.183203965425 -0.981987416744
    outer loop
      vertex 0.179821997881 -0.27550214529 -0.152806222439
      vertex 0.176168009639 -0.276430517435 -0.148752093315
      vertex 0.18181668222 -0.276159435511 -0.148779764771
    endloop
  endfacet
  facet normal -0.446562260389 -0.202932178974 -0.87143599987
    outer loop
      vertex 0.173984736204 -0.278312802315 -0.152030646801
      vertex 0.176168009639 -0.276430517435 -0.148752093315
      vertex 0.179821997881 -0.27550214529 -0.152806222439
    endloop
  endfacet
  facet normal -0.85152643919 0.335943669081 -0.402547627687
    outer loop
      vertex 0.173984736204 -0.278312802315 -0.152030646801
      vertex 0.17392475903 -0.281624138355 -0.148214846849
      vertex 0.176168009639 -0.276430517435 -0.148752093315
    endloop
  endfacet
  facet normal -0.975491940975 0.135267660022 -0.173545852304
    outer loop
      vertex 0.172642707825 -0.284061074257 -0.154333934188
      vertex 0.17392475903 -0.281624138355 -0.148214846849
      vertex 0.173984736204 -0.278312802315 -0.152030646801
    endloop
  endfacet
  facet normal -0.949435293674 0.0777852535248 -0.304174423218
    outer loop
      vertex 0.17392475903 -0.281624138355 -0.148214846849
      vertex 0.172642707825 -0.284061074257 -0.154333934188
      vertex 0.171211510897 -0.288976281881 -0.152582168579
    endloop
  endfacet
  facet normal -0.957613527775 -0.199592903256 -0.20769931376
    outer loop
      vertex 0.172642707825 -0.284061074257 -0.154333934188
      vertex 0.17203040421 -0.28969925642 -0.157263383269
      vertex 0.171211510897 -0.288976281881 -0.152582168579
    endloop
  endfacet
  facet normal -0.785521686077 -0.51011043787 -0.350347012281
    outer loop
      vertex 0.17203040421 -0.28969925642 -0.157263383269
      vertex 0.172642707825 -0.284061074257 -0.154333934188
      vertex 0.175482705235 -0.28498852253 -0.159344226122
    endloop
  endfacet
  facet normal -0.651424467564 -0.478273391724 -0.588982760906
    outer loop
      vertex 0.17776055634 -0.280442774296 -0.156848758459
      vertex 0.175482705235 -0.28498852253 -0.159344226122
      vertex 0.172642707825 -0.284061074257 -0.154333934188
    endloop
  endfacet
  facet normal 0.349767029285 -0.884044766426 -0.310044944286
    outer loop
      vertex 0.175482705235 -0.28498852253 -0.159344226122
      vertex 0.17776055634 -0.280442774296 -0.156848758459
      vertex 0.182648703456 -0.287053912878 -0.157233402133
    endloop
  endfacet
  facet normal 0.430399358273 -0.825005114079 -0.366228014231
    outer loop
      vertex 0.17776055634 -0.280442774296 -0.156848758459
      vertex 0.183224126697 -0.277890503407 -0.152865484357
      vertex 0.182648703456 -0.287053912878 -0.157233402133
    endloop
  endfacet
  facet normal 0.341301441193 -0.792244374752 -0.505828201771
    outer loop
      vertex 0.183224126697 -0.277890503407 -0.152865484357
      vertex 0.17776055634 -0.280442774296 -0.156848758459
      vertex 0.179821997881 -0.27550214529 -0.152806222439
    endloop
  endfacet
  facet normal -0.406541466713 -0.616625189781 -0.674164235592
    outer loop
      vertex 0.17776055634 -0.280442774296 -0.156848758459
      vertex 0.173984736204 -0.278312802315 -0.152030646801
      vertex 0.179821997881 -0.27550214529 -0.152806222439
    endloop
  endfacet
  facet normal -0.61965996027 -0.667867183685 -0.412280201912
    outer loop
      vertex 0.17776055634 -0.280442774296 -0.156848758459
      vertex 0.172642707825 -0.284061074257 -0.154333934188
      vertex 0.173984736204 -0.278312802315 -0.152030646801
    endloop
  endfacet
  facet normal 0.56648516655 -0.148307055235 -0.810616791248
    outer loop
      vertex 0.183224126697 -0.277890503407 -0.152865484357
      vertex 0.179821997881 -0.27550214529 -0.152806222439
      vertex 0.18181668222 -0.276159435511 -0.148779764771
    endloop
  endfacet
  facet normal 0.0438674986362 -0.376892358065 -0.925217688084
    outer loop
      vertex 0.186550587416 -0.277074545622 -0.150475233793
      vertex 0.183224126697 -0.277890503407 -0.152865484357
      vertex 0.18181668222 -0.276159435511 -0.148779764771
    endloop
  endfacet
  facet normal 0.257870823145 -0.613637685776 -0.746291816235
    outer loop
      vertex 0.183224126697 -0.277890503407 -0.152865484357
      vertex 0.186550587416 -0.277074545622 -0.150475233793
      vertex 0.187649413943 -0.280826985836 -0.154577106237
    endloop
  endfacet
  facet normal 0.227559223771 -0.623384356499 -0.748070001602
    outer loop
      vertex 0.192573428154 -0.281300425529 -0.153347790241
      vertex 0.187649413943 -0.280826985836 -0.154577106237
      vertex 0.186550587416 -0.277074545622 -0.150475233793
    endloop
  endfacet
  facet normal 0.255802720785 -0.943518459797 -0.210565716028
    outer loop
      vertex 0.192573428154 -0.281300425529 -0.153347790241
      vertex 0.188348352909 -0.286375910044 -0.155625969172
      vertex 0.187649413943 -0.280826985836 -0.154577106237
    endloop
  endfacet
  facet normal 0.239683806896 -0.944550275803 -0.224447011948
    outer loop
      vertex 0.194047734141 -0.285697877407 -0.154018610716
      vertex 0.188348352909 -0.286375910044 -0.155625969172
      vertex 0.192573428154 -0.281300425529 -0.153347790241
    endloop
  endfacet
  facet normal 0.285052984953 -0.946234226227 0.152923479676
    outer loop
      vertex 0.188348352909 -0.286375910044 -0.155625969172
      vertex 0.194047734141 -0.285697877407 -0.154018610716
      vertex 0.193187952042 -0.290109455585 -0.15356464684
    endloop
  endfacet
  facet normal 0.101722635329 -0.98737424612 0.121427223086
    outer loop
      vertex 0.200790748 -0.286717146635 -0.153198570013
      vertex 0.193187952042 -0.290109455585 -0.15356464684
      vertex 0.194047734141 -0.285697877407 -0.154018610716
    endloop
  endfacet
  facet normal 0.0789942145348 -0.994433522224 0.0697268545628
    outer loop
      vertex 0.202495083213 -0.291031658649 -0.152760669589
      vertex 0.193187952042 -0.290109455585 -0.15356464684
      vertex 0.200790748 -0.286717146635 -0.153198570013
    endloop
  endfacet
  facet normal 0.0554932765663 -0.959439992905 0.276397109032
    outer loop
      vertex 0.193187952042 -0.290109455585 -0.15356464684
      vertex 0.202495083213 -0.291031658649 -0.152760669589
      vertex 0.194054573774 -0.294770687819 -0.152171716094
    endloop
  endfacet
  facet normal 0.522153973579 -0.838902831078 0.153614073992
    outer loop
      vertex 0.187630698085 -0.294222682714 -0.156270444393
      vertex 0.193187952042 -0.290109455585 -0.15356464684
      vertex 0.194054573774 -0.294770687819 -0.152171716094
    endloop
  endfacet
  facet normal 0.41540402174 -0.908898115158 -0.0366572849452
    outer loop
      vertex 0.193187952042 -0.290109455585 -0.15356464684
      vertex 0.187630698085 -0.294222682714 -0.156270444393
      vertex 0.188348352909 -0.286375910044 -0.155625969172
    endloop
  endfacet
  facet normal 0.26497849822 -0.962693989277 -0.0548333823681
    outer loop
      vertex 0.188348352909 -0.286375910044 -0.155625969172
      vertex 0.187630698085 -0.294222682714 -0.156270444393
      vertex 0.182648703456 -0.287053912878 -0.157233402133
    endloop
  endfacet
  facet normal 0.342149943113 -0.932890355587 -0.112467721105
    outer loop
      vertex 0.182648703456 -0.287053912878 -0.157233402133
      vertex 0.187630698085 -0.294222682714 -0.156270444393
      vertex 0.181952193379 -0.295724242926 -0.158534139395
    endloop
  endfacet
  facet normal 0.426486521959 -0.827264547348 0.365708380938
    outer loop
      vertex 0.187630698085 -0.294222682714 -0.156270444393
      vertex 0.18186917901 -0.301930755377 -0.155833214521
      vertex 0.181952193379 -0.295724242926 -0.158534139395
    endloop
  endfacet
  facet normal 0.483005523682 -0.776292145252 0.405063122511
    outer loop
      vertex 0.18186917901 -0.301930755377 -0.155833214521
      vertex 0.187630698085 -0.294222682714 -0.156270444393
      vertex 0.189616277814 -0.29858186841 -0.15276043117
    endloop
  endfacet
  facet normal 0.462914705276 -0.781456530094 0.418372660875
    outer loop
      vertex 0.189616277814 -0.29858186841 -0.15276043117
      vertex 0.187630698085 -0.294222682714 -0.156270444393
      vertex 0.194054573774 -0.294770687819 -0.152171716094
    endloop
  endfacet
  facet normal 0.654651105404 -0.175667315722 0.735236644745
    outer loop
      vertex 0.194054573774 -0.294770687819 -0.152171716094
      vertex 0.193790152669 -0.296843975782 -0.144479587674
      vertex 0.189616277814 -0.29858186841 -0.15276043117
    endloop
  endfacet
  facet normal 0.620060265064 -0.150958642364 0.769894003868
    outer loop
      vertex 0.18695692718 -0.301630020142 -0.148137971759
      vertex 0.189616277814 -0.29858186841 -0.15276043117
      vertex 0.193790152669 -0.296843975782 -0.144479587674
    endloop
  endfacet
  facet normal 0.472249180079 -0.279560297728 0.835958600044
    outer loop
      vertex 0.18695692718 -0.301630020142 -0.148137971759
      vertex 0.18186917901 -0.301930755377 -0.155833214521
      vertex 0.189616277814 -0.29858186841 -0.15276043117
    endloop
  endfacet
  facet normal 0.524466872215 -0.315853923559 0.790677428246
    outer loop
      vertex 0.18186917901 -0.301930755377 -0.155833214521
      vertex 0.18695692718 -0.301630020142 -0.148137971759
      vertex 0.180573403835 -0.305139988661 -0.149951145053
    endloop
  endfacet
  facet normal 0.423160731792 0.214364364743 0.880331158638
    outer loop
      vertex 0.18695692718 -0.301630020142 -0.148137971759
      vertex 0.185291349888 -0.301102876663 -0.142685264349
      vertex 0.180573403835 -0.305139988661 -0.149951145053
    endloop
  endfacet
  facet normal 0.474206447601 0.227084726095 0.850623786449
    outer loop
      vertex 0.185291349888 -0.301102876663 -0.142685264349
      vertex 0.18695692718 -0.301630020142 -0.148137971759
      vertex 0.193790152669 -0.296843975782 -0.144479587674
    endloop
  endfacet
  facet normal 0.470725178719 0.17902071774 0.863926708698
    outer loop
      vertex 0.185291349888 -0.301102876663 -0.142685264349
      vertex 0.193790152669 -0.296843975782 -0.144479587674
      vertex 0.188309520483 -0.29845020175 -0.137819945812
    endloop
  endfacet
  facet normal 0.520746231079 0.136438131332 0.842738389969
    outer loop
      vertex 0.183913692832 -0.300919771194 -0.136296123266
      vertex 0.185291349888 -0.301102876663 -0.142685264349
      vertex 0.188309520483 -0.29845020175 -0.137819945812
    endloop
  endfacet
  facet normal -0.0409643836319 0.0197962466627 0.998964488506
    outer loop
      vertex 0.183913692832 -0.300919771194 -0.136296123266
      vertex 0.179091826081 -0.300776213408 -0.13902977109
      vertex 0.185291349888 -0.301102876663 -0.142685264349
    endloop
  endfacet
  facet normal -0.102035582066 0.128174677491 0.986488699913
    outer loop
      vertex 0.183913692832 -0.300919771194 -0.136296123266
      vertex 0.179702699184 -0.300312131643 -0.134971693158
      vertex 0.179091826081 -0.300776213408 -0.13902977109
    endloop
  endfacet
  facet normal -0.097501412034 0.141936466098 0.98506218195
    outer loop
      vertex 0.179702699184 -0.300312131643 -0.134971693158
      vertex 0.183913692832 -0.300919771194 -0.136296123266
      vertex 0.182899609208 -0.299972891808 -0.130421236157
    endloop
  endfacet
  facet normal 0.544870436192 0.224275961518 0.807970583439
    outer loop
      vertex 0.183913692832 -0.300919771194 -0.136296123266
      vertex 0.186338201165 -0.298184871674 -0.132333695889
      vertex 0.182899609208 -0.299972891808 -0.130421236157
    endloop
  endfacet
  facet normal 0.536317825317 0.231956645846 0.81151664257
    outer loop
      vertex 0.186338201165 -0.298184871674 -0.132333695889
      vertex 0.183913692832 -0.300919771194 -0.136296123266
      vertex 0.188309520483 -0.29845020175 -0.137819945812
    endloop
  endfacet
  facet normal 0.515918552876 0.852901935577 0.0799148604274
    outer loop
      vertex 0.182899609208 -0.299972891808 -0.130421236157
      vertex 0.186338201165 -0.298184871674 -0.132333695889
      vertex 0.181894853711 -0.293730735779 -0.129228577018
    endloop
  endfacet
  facet normal -0.224721044302 0.949805736542 0.217645376921
    outer loop
      vertex 0.182899609208 -0.299972891808 -0.130421236157
      vertex 0.181894853711 -0.293730735779 -0.129228577018
      vertex 0.178020223975 -0.299469202757 -0.131460264325
    endloop
  endfacet
  facet normal -0.111881300807 0.949341595173 0.293654680252
    outer loop
      vertex 0.177735969424 -0.29175722599 -0.129108265042
      vertex 0.178020223975 -0.299469202757 -0.131460264325
      vertex 0.181894853711 -0.293730735779 -0.129228577018
    endloop
  endfacet
  facet normal -0.519572257996 0.811731934547 0.266713202
    outer loop
      vertex 0.177735969424 -0.29175722599 -0.129108265042
      vertex 0.172609493136 -0.296154201031 -0.133834332228
      vertex 0.178020223975 -0.299469202757 -0.131460264325
    endloop
  endfacet
  facet normal -0.256803065538 0.792803943157 0.552733302116
    outer loop
      vertex 0.177735969424 -0.29175722599 -0.129108265042
      vertex 0.172947794199 -0.290581226349 -0.129839345813
      vertex 0.172609493136 -0.296154201031 -0.133834332228
    endloop
  endfacet
  facet normal -0.118707127869 0.984548389912 -0.12873634696
    outer loop
      vertex 0.172947794199 -0.290581226349 -0.129839345813
      vertex 0.177735969424 -0.29175722599 -0.129108265042
      vertex 0.176003172994 -0.286010831594 -0.130068555474
    endloop
  endfacet
  facet normal -0.810301840305 0.197803840041 -0.551619946957
    outer loop
      vertex 0.17185485363 -0.289674729109 -0.136844545603
      vertex 0.172947794199 -0.290581226349 -0.129839345813
      vertex 0.176003172994 -0.286010831594 -0.130068555474
    endloop
  endfacet
  facet normal -0.98788434267 0.148146092892 0.0462309382856
    outer loop
      vertex 0.172947794199 -0.290581226349 -0.129839345813
      vertex 0.17185485363 -0.289674729109 -0.136844545603
      vertex 0.172609493136 -0.296154201031 -0.133834332228
    endloop
  endfacet
  facet normal -0.989677131176 0.132955923676 0.0534967444837
    outer loop
      vertex 0.170960769057 -0.293935954571 -0.145214319229
      vertex 0.172609493136 -0.296154201031 -0.133834332228
      vertex 0.17185485363 -0.289674729109 -0.136844545603
    endloop
  endfacet
  facet normal -0.897199988365 0.0443369448185 0.43939319253
    outer loop
      vertex 0.173907607794 -0.299680560827 -0.142513304949
      vertex 0.172609493136 -0.296154201031 -0.133834332228
      vertex 0.170960769057 -0.293935954571 -0.145214319229
    endloop
  endfacet
  facet normal -0.624889433384 0.21184656024 0.751421511173
    outer loop
      vertex 0.173907607794 -0.299680560827 -0.142513304949
      vertex 0.17626285553 -0.299744337797 -0.135792151093
      vertex 0.172609493136 -0.296154201031 -0.133834332228
    endloop
  endfacet
  facet normal -0.258093565702 0.081307426095 0.962692499161
    outer loop
      vertex 0.173907607794 -0.299680560827 -0.142513304949
      vertex 0.179091826081 -0.300776213408 -0.13902977109
      vertex 0.17626285553 -0.299744337797 -0.135792151093
    endloop
  endfacet
  facet normal -0.417382955551 0.35851919651 0.835018217564
    outer loop
      vertex 0.179091826081 -0.300776213408 -0.13902977109
      vertex 0.173907607794 -0.299680560827 -0.142513304949
      vertex 0.177539288998 -0.30257961154 -0.145037457347
    endloop
  endfacet
  facet normal -0.501385867596 0.234995305538 0.832700073719
    outer loop
      vertex 0.173566132784 -0.301971375942 -0.151359289885
      vertex 0.177539288998 -0.30257961154 -0.145037457347
      vertex 0.173907607794 -0.299680560827 -0.142513304949
    endloop
  endfacet
  facet normal -0.034953314811 -0.0739222019911 0.996651291847
    outer loop
      vertex 0.177539288998 -0.30257961154 -0.145037457347
      vertex 0.173566132784 -0.301971375942 -0.151359289885
      vertex 0.177717775106 -0.301951050758 -0.153596386313
    endloop
  endfacet
  facet normal -0.189964547753 -0.360836148262 0.91307759285
    outer loop
      vertex 0.174351483583 -0.2994376719 -0.158184155822
      vertex 0.177717775106 -0.301951050758 -0.153596386313
      vertex 0.173566132784 -0.301971375942 -0.151359289885
    endloop
  endfacet
  facet normal 0.139426529408 -0.552503585815 0.821766376495
    outer loop
      vertex 0.178131312132 -0.299132704735 -0.157683894038
      vertex 0.177717775106 -0.301951050758 -0.153596386313
      vertex 0.174351483583 -0.2994376719 -0.158184155822
    endloop
  endfacet
  facet normal -0.299039959908 -0.561992704868 0.771193444729
    outer loop
      vertex 0.18186917901 -0.301930755377 -0.155833214521
      vertex 0.177717775106 -0.301951050758 -0.153596386313
      vertex 0.178131312132 -0.299132704735 -0.157683894038
    endloop
  endfacet
  facet normal -0.268784433603 -0.506278276443 0.819412708282
    outer loop
      vertex 0.177717775106 -0.301951050758 -0.153596386313
      vertex 0.18186917901 -0.301930755377 -0.155833214521
      vertex 0.180573403835 -0.305139988661 -0.149951145053
    endloop
  endfacet
  facet normal -0.704280674458 -0.0665936768055 0.706791400909
    outer loop
      vertex 0.177717775106 -0.301951050758 -0.153596386313
      vertex 0.180573403835 -0.305139988661 -0.149951145053
      vertex 0.177539288998 -0.30257961154 -0.145037457347
    endloop
  endfacet
  facet normal 0.0240158271044 0.473589211702 0.880418360233
    outer loop
      vertex 0.180573403835 -0.305139988661 -0.149951145053
      vertex 0.185291349888 -0.301102876663 -0.142685264349
      vertex 0.177539288998 -0.30257961154 -0.145037457347
    endloop
  endfacet
  facet normal 0.10352165997 0.261326849461 0.959683060646
    outer loop
      vertex 0.185291349888 -0.301102876663 -0.142685264349
      vertex 0.179091826081 -0.300776213408 -0.13902977109
      vertex 0.177539288998 -0.30257961154 -0.145037457347
    endloop
  endfacet
  facet normal 0.15184314549 -0.905561745167 0.396107971668
    outer loop
      vertex 0.181952193379 -0.295724242926 -0.158534139395
      vertex 0.18186917901 -0.301930755377 -0.155833214521
      vertex 0.178131312132 -0.299132704735 -0.157683894038
    endloop
  endfacet
  facet normal 0.0769600793719 -0.94371509552 0.321681469679
    outer loop
      vertex 0.181952193379 -0.295724242926 -0.158534139395
      vertex 0.178131312132 -0.299132704735 -0.157683894038
      vertex 0.176522359252 -0.292199611664 -0.160178363323
    endloop
  endfacet
  facet normal 0.149059355259 -0.940952837467 0.303955674171
    outer loop
      vertex 0.174351483583 -0.2994376719 -0.158184155822
      vertex 0.176522359252 -0.292199611664 -0.160178363323
      vertex 0.178131312132 -0.299132704735 -0.157683894038
    endloop
  endfacet
  facet normal 0.0658759921789 -0.956748664379 0.283358991146
    outer loop
      vertex 0.176522359252 -0.292199611664 -0.160178363323
      vertex 0.174351483583 -0.2994376719 -0.158184155822
      vertex 0.17187564075 -0.293381869793 -0.160148173571
    endloop
  endfacet
  facet normal -0.585671186447 -0.66968113184 0.456636041403
    outer loop
      vertex 0.17187564075 -0.293381869793 -0.160148173571
      vertex 0.174351483583 -0.2994376719 -0.158184155822
      vertex 0.170559242368 -0.296248346567 -0.157042354345
    endloop
  endfacet
  facet normal -0.664040505886 -0.326185196638 0.672795236111
    outer loop
      vertex 0.173566132784 -0.301971375942 -0.151359289885
      vertex 0.170559242368 -0.296248346567 -0.157042354345
      vertex 0.174351483583 -0.2994376719 -0.158184155822
    endloop
  endfacet
  facet normal -0.919546246529 0.10523802042 0.378628671169
    outer loop
      vertex 0.173566132784 -0.301971375942 -0.151359289885
      vertex 0.170960769057 -0.293935954571 -0.145214319229
      vertex 0.170559242368 -0.296248346567 -0.157042354345
    endloop
  endfacet
  facet normal -0.906123042107 0.138486742973 0.399702906609
    outer loop
      vertex 0.170960769057 -0.293935954571 -0.145214319229
      vertex 0.173566132784 -0.301971375942 -0.151359289885
      vertex 0.173907607794 -0.299680560827 -0.142513304949
    endloop
  endfacet
  facet normal -0.996779561043 0.0185872707516 -0.0780062377453
    outer loop
      vertex 0.170960769057 -0.293935954571 -0.145214319229
      vertex 0.171211510897 -0.288976281881 -0.152582168579
      vertex 0.170559242368 -0.296248346567 -0.157042354345
    endloop
  endfacet
  facet normal -0.953126430511 0.145970255136 -0.265033334494
    outer loop
      vertex 0.170960769057 -0.293935954571 -0.145214319229
      vertex 0.17392475903 -0.281624138355 -0.148214846849
      vertex 0.171211510897 -0.288976281881 -0.152582168579
    endloop
  endfacet
  facet normal -0.973565578461 -0.0366388745606 -0.225449979305
    outer loop
      vertex 0.1733071208 -0.283061951399 -0.14065040648
      vertex 0.17392475903 -0.281624138355 -0.148214846849
      vertex 0.170960769057 -0.293935954571 -0.145214319229
    endloop
  endfacet
  facet normal -0.962263703346 -0.0271026883274 -0.270765691996
    outer loop
      vertex 0.17392475903 -0.281624138355 -0.148214846849
      vertex 0.1733071208 -0.283061951399 -0.14065040648
      vertex 0.175432324409 -0.275953233242 -0.145085424185
    endloop
  endfacet
  facet normal -0.965543925762 -0.0549503080547 -0.254372656345
    outer loop
      vertex 0.1733071208 -0.283061951399 -0.14065040648
      vertex 0.173956006765 -0.27950412035 -0.135582342744
      vertex 0.175432324409 -0.275953233242 -0.145085424185
    endloop
  endfacet
  facet normal -0.97940826416 -0.0158919170499 -0.201263308525
    outer loop
      vertex 0.173956006765 -0.27950412035 -0.135582342744
      vertex 0.1733071208 -0.283061951399 -0.14065040648
      vertex 0.173146679997 -0.283225178719 -0.13282969594
    endloop
  endfacet
  facet normal -0.978465557098 -0.0157777611166 -0.205806255341
    outer loop
      vertex 0.17185485363 -0.289674729109 -0.136844545603
      vertex 0.173146679997 -0.283225178719 -0.13282969594
      vertex 0.1733071208 -0.283061951399 -0.14065040648
    endloop
  endfacet
  facet normal -0.778207540512 0.591108858585 0.21209269762
    outer loop
      vertex 0.173146679997 -0.283225178719 -0.13282969594
      vertex 0.17185485363 -0.289674729109 -0.136844545603
      vertex 0.176003172994 -0.286010831594 -0.130068555474
    endloop
  endfacet
  facet normal -0.263630867004 0.806555271149 -0.529119431973
    outer loop
      vertex 0.173146679997 -0.283225178719 -0.13282969594
      vertex 0.176003172994 -0.286010831594 -0.130068555474
      vertex 0.17791852355 -0.280458927155 -0.13308468461
    endloop
  endfacet
  facet normal -0.313394457102 0.729576647282 -0.607866585255
    outer loop
      vertex 0.17791852355 -0.280458927155 -0.13308468461
      vertex 0.173956006765 -0.27950412035 -0.135582342744
      vertex 0.173146679997 -0.283225178719 -0.13282969594
    endloop
  endfacet
  facet normal -0.122870087624 0.518436789513 -0.846242427826
    outer loop
      vertex 0.180835679173 -0.277291923761 -0.137562811375
      vertex 0.173956006765 -0.27950412035 -0.135582342744
      vertex 0.17791852355 -0.280458927155 -0.13308468461
    endloop
  endfacet
  facet normal -0.207538962364 0.313944131136 -0.926480770111
    outer loop
      vertex 0.173956006765 -0.27950412035 -0.135582342744
      vertex 0.180835679173 -0.277291923761 -0.137562811375
      vertex 0.175432324409 -0.275953233242 -0.145085424185
    endloop
  endfacet
  facet normal -0.977168560028 -0.00377019424923 -0.212432146072
    outer loop
      vertex 0.170960769057 -0.293935954571 -0.145214319229
      vertex 0.17185485363 -0.289674729109 -0.136844545603
      vertex 0.1733071208 -0.283061951399 -0.14065040648
    endloop
  endfacet
  facet normal -0.902095735073 -0.228640779853 -0.365987241268
    outer loop
      vertex 0.17392475903 -0.281624138355 -0.148214846849
      vertex 0.175432324409 -0.275953233242 -0.145085424185
      vertex 0.176168009639 -0.276430517435 -0.148752093315
    endloop
  endfacet
  facet normal -0.957459330559 -0.199664890766 -0.208340108395
    outer loop
      vertex 0.171211510897 -0.288976281881 -0.152582168579
      vertex 0.17203040421 -0.28969925642 -0.157263383269
      vertex 0.170559242368 -0.296248346567 -0.157042354345
    endloop
  endfacet
  facet normal -0.954733192921 -0.213367313147 -0.207265272737
    outer loop
      vertex 0.170559242368 -0.296248346567 -0.157042354345
      vertex 0.17203040421 -0.28969925642 -0.157263383269
      vertex 0.17187564075 -0.293381869793 -0.160148173571
    endloop
  endfacet
  facet normal -0.160946086049 -0.773662567139 -0.612815320492
    outer loop
      vertex 0.17187564075 -0.293381869793 -0.160148173571
      vertex 0.17203040421 -0.28969925642 -0.157263383269
      vertex 0.176522359252 -0.292199611664 -0.160178363323
    endloop
  endfacet
  facet normal -0.536277353764 -0.843797981739 -0.0202879495919
    outer loop
      vertex 0.17203040421 -0.28969925642 -0.157263383269
      vertex 0.175482705235 -0.28498852253 -0.159344226122
      vertex 0.176522359252 -0.292199611664 -0.160178363323
    endloop
  endfacet
  facet normal 0.319824457169 -0.934836864471 -0.154247626662
    outer loop
      vertex 0.175482705235 -0.28498852253 -0.159344226122
      vertex 0.182648703456 -0.287053912878 -0.157233402133
      vertex 0.176522359252 -0.292199611664 -0.160178363323
    endloop
  endfacet
  facet normal 0.353318423033 -0.928897917271 -0.110971577466
    outer loop
      vertex 0.182648703456 -0.287053912878 -0.157233402133
      vertex 0.181952193379 -0.295724242926 -0.158534139395
      vertex 0.176522359252 -0.292199611664 -0.160178363323
    endloop
  endfacet
  facet normal -0.193716168404 0.140203088522 0.970987737179
    outer loop
      vertex 0.179091826081 -0.300776213408 -0.13902977109
      vertex 0.179702699184 -0.300312131643 -0.134971693158
      vertex 0.17626285553 -0.299744337797 -0.135792151093
    endloop
  endfacet
  facet normal -0.193728417158 0.140262007713 0.970976769924
    outer loop
      vertex 0.17626285553 -0.299744337797 -0.135792151093
      vertex 0.179702699184 -0.300312131643 -0.134971693158
      vertex 0.178020223975 -0.299469202757 -0.131460264325
    endloop
  endfacet
  facet normal -0.136711016297 0.168816432357 0.97612041235
    outer loop
      vertex 0.179702699184 -0.300312131643 -0.134971693158
      vertex 0.182899609208 -0.299972891808 -0.130421236157
      vertex 0.178020223975 -0.299469202757 -0.131460264325
    endloop
  endfacet
  facet normal -0.588828086853 0.286868721247 0.755637347698
    outer loop
      vertex 0.172609493136 -0.296154201031 -0.133834332228
      vertex 0.17626285553 -0.299744337797 -0.135792151093
      vertex 0.178020223975 -0.299469202757 -0.131460264325
    endloop
  endfacet
  facet normal 0.242233544588 -0.947312891483 -0.209573760629
    outer loop
      vertex 0.182648703456 -0.287053912878 -0.157233402133
      vertex 0.187649413943 -0.280826985836 -0.154577106237
      vertex 0.188348352909 -0.286375910044 -0.155625969172
    endloop
  endfacet
  facet normal -0.0608635097742 -0.899529099464 -0.43260037899
    outer loop
      vertex 0.183224126697 -0.277890503407 -0.152865484357
      vertex 0.187649413943 -0.280826985836 -0.154577106237
      vertex 0.182648703456 -0.287053912878 -0.157233402133
    endloop
  endfacet
  facet normal -0.00238988990895 -0.994790554047 0.101911857724
    outer loop
      vertex 0.200790748 -0.286717146635 -0.153198570013
      vertex 0.205402389169 -0.286887913942 -0.153192162514
      vertex 0.202495083213 -0.291031658649 -0.152760669589
    endloop
  endfacet
  facet normal -0.00374335772358 -0.990383684635 0.138297155499
    outer loop
      vertex 0.204361245036 -0.284127026796 -0.15357375145
      vertex 0.205402389169 -0.286887913942 -0.153192162514
      vertex 0.200790748 -0.286717146635 -0.153198570013
    endloop
  endfacet
  facet normal -0.0374348238111 -0.987877249718 0.15065588057
    outer loop
      vertex 0.207183688879 -0.283436238766 -0.153786063194
      vertex 0.205402389169 -0.286887913942 -0.153192162514
      vertex 0.204361245036 -0.284127026796 -0.15357375145
    endloop
  endfacet
  facet normal -0.0898742079735 -0.988246679306 0.12365719676
    outer loop
      vertex 0.205402389169 -0.286887913942 -0.153192162514
      vertex 0.207183688879 -0.283436238766 -0.153786063194
      vertex 0.210644826293 -0.286174595356 -0.153758183122
    endloop
  endfacet
  facet normal 0.244445756078 -0.922225236893 -0.299577862024
    outer loop
      vertex 0.210644826293 -0.286174595356 -0.153758183122
      vertex 0.207183688879 -0.283436238766 -0.153786063194
      vertex 0.210629627109 -0.282585352659 -0.152596265078
    endloop
  endfacet
  facet normal 0.170577704906 -0.850213110447 -0.498037010431
    outer loop
      vertex 0.208087608218 -0.279403269291 -0.151242271066
      vertex 0.210629627109 -0.282585352659 -0.152596265078
      vertex 0.207183688879 -0.283436238766 -0.153786063194
    endloop
  endfacet
  facet normal -0.120912231505 -0.944543004036 -0.305317521095
    outer loop
      vertex 0.210614144802 -0.278995901346 -0.151434019208
      vertex 0.210629627109 -0.282585352659 -0.152596265078
      vertex 0.208087608218 -0.279403269291 -0.151242271066
    endloop
  endfacet
  facet normal -0.402637928724 -0.871353089809 -0.280404180288
    outer loop
      vertex 0.215261355042 -0.281820654869 -0.154490426183
      vertex 0.210629627109 -0.282585352659 -0.152596265078
      vertex 0.210614144802 -0.278995901346 -0.151434019208
    endloop
  endfacet
  facet normal -0.374186754227 -0.926884829998 0.0294751096517
    outer loop
      vertex 0.210629627109 -0.282585352659 -0.152596265078
      vertex 0.215261355042 -0.281820654869 -0.154490426183
      vertex 0.214004129171 -0.284554690123 -0.153895944357
    endloop
  endfacet
  facet normal -0.183997824788 -0.935375869274 -0.302021145821
    outer loop
      vertex 0.210644826293 -0.286174595356 -0.153758183122
      vertex 0.210629627109 -0.282585352659 -0.152596265078
      vertex 0.214004129171 -0.284554690123 -0.153895944357
    endloop
  endfacet
  facet normal 0.203449890018 -0.848050057888 -0.489304870367
    outer loop
      vertex 0.204582706094 -0.280900359154 -0.1529468894
      vertex 0.208087608218 -0.279403269291 -0.151242271066
      vertex 0.207183688879 -0.283436238766 -0.153786063194
    endloop
  endfacet
  facet normal 0.0941721498966 -0.75921523571 -0.643990576267
    outer loop
      vertex 0.208087608218 -0.279403269291 -0.151242271066
      vertex 0.204582706094 -0.280900359154 -0.1529468894
      vertex 0.20470072329 -0.277937889099 -0.150419399142
    endloop
  endfacet
  facet normal 0.29892385006 -0.350355386734 -0.88763487339
    outer loop
      vertex 0.205774247646 -0.27696827054 -0.147046908736
      vertex 0.208087608218 -0.279403269291 -0.151242271066
      vertex 0.20470072329 -0.277937889099 -0.150419399142
    endloop
  endfacet
  facet normal 0.0523160845041 -0.291282325983 -0.955205559731
    outer loop
      vertex 0.200184717774 -0.276320070028 -0.145925164223
      vertex 0.205774247646 -0.27696827054 -0.147046908736
      vertex 0.20470072329 -0.277937889099 -0.150419399142
    endloop
  endfacet
  facet normal -0.12146718055 -0.972784221172 -0.197323456407
    outer loop
      vertex 0.204582706094 -0.280900359154 -0.1529468894
      vertex 0.207183688879 -0.283436238766 -0.153786063194
      vertex 0.204361245036 -0.284127026796 -0.15357375145
    endloop
  endfacet
  facet normal -0.0833117961884 -0.982389986515 0.167239487171
    outer loop
      vertex 0.206443533301 -0.289648503065 -0.152810499072
      vertex 0.205402389169 -0.286887913942 -0.153192162514
      vertex 0.210644826293 -0.286174595356 -0.153758183122
    endloop
  endfacet
  facet normal 0.0313660167158 -0.991627275944 0.125266000628
    outer loop
      vertex 0.205402389169 -0.286887913942 -0.153192162514
      vertex 0.206443533301 -0.289648503065 -0.152810499072
      vertex 0.202495083213 -0.291031658649 -0.152760669589
    endloop
  endfacet
  facet normal 0.267024338245 -0.562445223331 0.782530128956
    outer loop
      vertex 0.206443533301 -0.289648503065 -0.152810499072
      vertex 0.205139383674 -0.292564600706 -0.14937248826
      vertex 0.202495083213 -0.291031658649 -0.152760669589
    endloop
  endfacet
  facet normal 0.410957336426 -0.621850550175 0.666645288467
    outer loop
      vertex 0.209811851382 -0.288856595755 -0.151433452964
      vertex 0.206443533301 -0.289648503065 -0.152810499072
      vertex 0.210644826293 -0.286174595356 -0.153758183122
    endloop
  endfacet
  facet normal 0.161020427942 -0.936374187469 -0.311890751123
    outer loop
      vertex 0.200790748 -0.286717146635 -0.153198570013
      vertex 0.194047734141 -0.285697877407 -0.154018610716
      vertex 0.197497159243 -0.28177395463 -0.152118444443
    endloop
  endfacet
  facet normal 0.256484746933 -0.938972651958 -0.229228898883
    outer loop
      vertex 0.192573428154 -0.281300425529 -0.153347790241
      vertex 0.197497159243 -0.28177395463 -0.152118444443
      vertex 0.194047734141 -0.285697877407 -0.154018610716
    endloop
  endfacet
  facet normal 0.125639870763 -0.514544844627 0.848208844662
    outer loop
      vertex 0.208978876472 -0.291538566351 -0.149108737707
      vertex 0.213873878121 -0.290039390326 -0.150384828448
      vertex 0.212899118662 -0.291675835848 -0.147925212979
    endloop
  endfacet
  facet normal 0.345829635859 0.688660085201 -0.637298285961
    outer loop
      vertex 0.209830194712 -0.277695804834 -0.146348908544
      vertex 0.207393184304 -0.281163662672 -0.141915872693
      vertex 0.212685346603 -0.282890766859 -0.142975181341
    endloop
  endfacet
  facet normal 0.0861447229981 0.756805241108 -0.647939026356
    outer loop
      vertex 0.197211548686 -0.278203725815 -0.143707424402
      vertex 0.198413342237 -0.282159894705 -0.140457138419
      vertex 0.202716082335 -0.280048757792 -0.142754361033
    endloop
  endfacet
  facet normal 0.245919212699 0.871319711208 -0.42464774847
    outer loop
      vertex 0.193606734276 -0.284623473883 -0.137899890542
      vertex 0.196129024029 -0.287742227316 -0.137091815472
      vertex 0.198413342237 -0.282159894705 -0.140457138419
    endloop
  endfacet
  facet normal 0.223812699318 0.884155035019 -0.410094767809
    outer loop
      vertex 0.196129024029 -0.287742227316 -0.137091815472
      vertex 0.193606734276 -0.284623473883 -0.137899890542
      vertex 0.193073943257 -0.286940932274 -0.136690109968
    endloop
  endfacet
  facet normal -0.171498730779 -0.688947379589 0.704229831696
    outer loop
      vertex 0.225918874145 -0.290831267834 -0.153890922666
      vertex 0.223466098309 -0.288536131382 -0.155626401305
      vertex 0.227411672473 -0.28704097867 -0.158136889338
    endloop
  endfacet
  facet normal -0.693801164627 -0.599776744843 0.398632407188
    outer loop
      vertex 0.225918874145 -0.290831267834 -0.153890922666
      vertex 0.227411672473 -0.28704097867 -0.158136889338
      vertex 0.23050634563 -0.291824966669 -0.158537089825
    endloop
  endfacet
  facet normal -0.363200485706 -0.918193221092 0.158134669065
    outer loop
      vertex 0.227411672473 -0.28704097867 -0.158136889338
      vertex 0.234168171883 -0.289849370718 -0.160325810313
      vertex 0.23050634563 -0.291824966669 -0.158537089825
    endloop
  endfacet
  facet normal -0.307849645615 -0.95143455267 -0.000939130084589
    outer loop
      vertex 0.234301045537 -0.285115838051 -0.1603641361
      vertex 0.234168171883 -0.289849370718 -0.160325810313
      vertex 0.227411672473 -0.28704097867 -0.158136889338
    endloop
  endfacet
  facet normal -0.392783254385 -0.676694869995 -0.622740209103
    outer loop
      vertex 0.227411672473 -0.28704097867 -0.158136889338
      vertex 0.233823701739 -0.281251192093 -0.156530559063
      vertex 0.234301045537 -0.285115838051 -0.1603641361
    endloop
  endfacet
  facet normal -0.31572547555 -0.916727125645 0.244803711772
    outer loop
      vertex 0.234168171883 -0.289849370718 -0.160325810313
      vertex 0.234523802996 -0.29312646389 -0.159573167562
      vertex 0.23050634563 -0.291824966669 -0.158537089825
    endloop
  endfacet
  facet normal -0.208295792341 -0.948075354099 0.240345478058
    outer loop
      vertex 0.234523802996 -0.29312646389 -0.159573167562
      vertex 0.234168171883 -0.289849370718 -0.160325810313
      vertex 0.236956715584 -0.292750597 -0.160202980042
    endloop
  endfacet
  facet normal -0.0972462594509 -0.986032307148 0.135216161609
    outer loop
      vertex 0.234168171883 -0.289849370718 -0.160325810313
      vertex 0.23812481761 -0.290323019028 -0.160651087761
      vertex 0.236956715584 -0.292750597 -0.160202980042
    endloop
  endfacet
  facet normal -0.103071324527 -0.772274672985 0.626871645451
    outer loop
      vertex 0.236708015203 -0.293847292662 -0.159279569983
      vertex 0.234523802996 -0.29312646389 -0.159573167562
      vertex 0.236956715584 -0.292750597 -0.160202980042
    endloop
  endfacet
  facet normal -0.161675632 -0.640474796295 0.750768244267
    outer loop
      vertex 0.234523802996 -0.29312646389 -0.159573167562
      vertex 0.236708015203 -0.293847292662 -0.159279569983
      vertex 0.236136674881 -0.294829159975 -0.157984405756
    endloop
  endfacet
  facet normal -0.134532392025 -0.657721757889 0.741149842739
    outer loop
      vertex 0.23441721499 -0.295117110014 -0.157308220863
      vertex 0.234523802996 -0.29312646389 -0.159573167562
      vertex 0.236136674881 -0.294829159975 -0.157984405756
    endloop
  endfacet
  facet normal -0.381921738386 -0.620190382004 0.685200452805
    outer loop
      vertex 0.234523802996 -0.29312646389 -0.159573167562
      vertex 0.23441721499 -0.295117110014 -0.157308220863
      vertex 0.23050634563 -0.291824966669 -0.158537089825
    endloop
  endfacet
  facet normal -0.417745172977 -0.568727254868 0.708546578884
    outer loop
      vertex 0.23156657815 -0.295566946268 -0.154653936625
      vertex 0.23050634563 -0.291824966669 -0.158537089825
      vertex 0.23441721499 -0.295117110014 -0.157308220863
    endloop
  endfacet
  facet normal -0.168970748782 -0.338356971741 0.925723195076
    outer loop
      vertex 0.23156657815 -0.295566946268 -0.154653936625
      vertex 0.23441721499 -0.295117110014 -0.157308220863
      vertex 0.234777793288 -0.295993983746 -0.155089229345
    endloop
  endfacet
  facet normal 0.0172531977296 -0.762910187244 0.646274209023
    outer loop
      vertex 0.237738952041 -0.293268352747 -0.159746691585
      vertex 0.236708015203 -0.293847292662 -0.159279569983
      vertex 0.236956715584 -0.292750597 -0.160202980042
    endloop
  endfacet
  facet normal -0.0795138403773 0.632307767868 -0.770626008511
    outer loop
      vertex 0.230321615934 -0.282383203506 -0.138962492347
      vertex 0.227960541844 -0.279605746269 -0.142644435167
      vertex 0.225396201015 -0.28170016408 -0.140414327383
    endloop
  endfacet
  facet normal -0.133408606052 0.649939894676 -0.748184680939
    outer loop
      vertex 0.227960541844 -0.279605746269 -0.142644435167
      vertex 0.230321615934 -0.282383203506 -0.138962492347
      vertex 0.23359824717 -0.280479997396 -0.140480816364
    endloop
  endfacet
  facet normal -0.0127108264714 0.77087187767 -0.636863410473
    outer loop
      vertex 0.23359824717 -0.280479997396 -0.140480816364
      vertex 0.230321615934 -0.282383203506 -0.138962492347
      vertex 0.23256751895 -0.28400182724 -0.137588217854
    endloop
  endfacet
  facet normal -0.395192086697 0.649762153625 -0.649332225323
    outer loop
      vertex 0.234648823738 -0.282867729664 -0.137455686927
      vertex 0.23359824717 -0.280479997396 -0.140480816364
      vertex 0.23256751895 -0.28400182724 -0.137588217854
    endloop
  endfacet
  facet normal -0.166972771287 0.645939648151 -0.74490404129
    outer loop
      vertex 0.238089382648 -0.281754732132 -0.137849837542
      vertex 0.23359824717 -0.280479997396 -0.140480816364
      vertex 0.234648823738 -0.282867729664 -0.137455686927
    endloop
  endfacet
  facet normal -0.0639368966222 0.521413624287 -0.850905358791
    outer loop
      vertex 0.238089382648 -0.281754732132 -0.137849837542
      vertex 0.238985762 -0.279641598463 -0.141188383102
      vertex 0.23359824717 -0.280479997396 -0.140480816364
    endloop
  endfacet
  facet normal 0.0860981121659 0.549236655235 -0.831219732761
    outer loop
      vertex 0.238089382648 -0.281754732132 -0.137849837542
      vertex 0.242206349969 -0.281116247177 -0.139461502433
      vertex 0.238985762 -0.279641598463 -0.141188383102
    endloop
  endfacet
  facet normal 0.160794347525 0.690237343311 -0.705491065979
    outer loop
      vertex 0.242206349969 -0.281116247177 -0.139461502433
      vertex 0.238089382648 -0.281754732132 -0.137849837542
      vertex 0.242401748896 -0.28267672658 -0.13791204989
    endloop
  endfacet
  facet normal 0.167010754347 0.654996156693 -0.736944615841
    outer loop
      vertex 0.238089382648 -0.281754732132 -0.137849837542
      vertex 0.239872708917 -0.28349134326 -0.136350661516
      vertex 0.242401748896 -0.28267672658 -0.13791204989
    endloop
  endfacet
  facet normal -0.281099438667 0.85014039278 -0.445246487856
    outer loop
      vertex 0.239872708917 -0.28349134326 -0.136350661516
      vertex 0.238089382648 -0.281754732132 -0.137849837542
      vertex 0.236155748367 -0.286756724119 -0.13586948812
    endloop
  endfacet
  facet normal -0.0143313603476 0.927777469158 -0.372858583927
    outer loop
      vertex 0.238089382648 -0.281754732132 -0.137849837542
      vertex 0.234648823738 -0.282867729664 -0.137455686927
      vertex 0.236155748367 -0.286756724119 -0.13586948812
    endloop
  endfacet
  facet normal -0.219586208463 0.93014729023 -0.294292211533
    outer loop
      vertex 0.23256751895 -0.28400182724 -0.137588217854
      vertex 0.236155748367 -0.286756724119 -0.13586948812
      vertex 0.234648823738 -0.282867729664 -0.137455686927
    endloop
  endfacet
  facet normal -0.158626824617 0.91715991497 -0.365588873625
    outer loop
      vertex 0.231767430902 -0.287255764008 -0.136429548264
      vertex 0.236155748367 -0.286756724119 -0.13586948812
      vertex 0.23256751895 -0.28400182724 -0.137588217854
    endloop
  endfacet
  facet normal -0.115387171507 0.98876708746 0.0950024873018
    outer loop
      vertex 0.236155748367 -0.286756724119 -0.13586948812
      vertex 0.231767430902 -0.287255764008 -0.136429548264
      vertex 0.235293626785 -0.289727002382 -0.1362554878
    endloop
  endfacet
  facet normal -0.426594644785 0.711320757866 0.558605253696
    outer loop
      vertex 0.231767430902 -0.287255764008 -0.136429548264
      vertex 0.232959404588 -0.290155559778 -0.137991920114
      vertex 0.235293626785 -0.289727002382 -0.1362554878
    endloop
  endfacet
  facet normal -0.308410018682 0.597303688526 0.740345597267
    outer loop
      vertex 0.232959404588 -0.290155559778 -0.137991920114
      vertex 0.234917923808 -0.291171878576 -0.138240382075
      vertex 0.235293626785 -0.289727002382 -0.1362554878
    endloop
  endfacet
  facet normal -0.125888004899 0.98778539896 0.091827057302
    outer loop
      vertex 0.236155748367 -0.286756724119 -0.13586948812
      vertex 0.235293626785 -0.289727002382 -0.1362554878
      vertex 0.237793907523 -0.289090663195 -0.135877683759
    endloop
  endfacet
  facet normal -0.074386164546 0.995672404766 0.055706281215
    outer loop
      vertex 0.239394694567 -0.287284553051 -0.135657042265
      vertex 0.236155748367 -0.286756724119 -0.13586948812
      vertex 0.237793907523 -0.289090663195 -0.135877683759
    endloop
  endfacet
  facet normal -0.0344524569809 0.982327997684 -0.183969378471
    outer loop
      vertex 0.239872708917 -0.28349134326 -0.136350661516
      vertex 0.236155748367 -0.286756724119 -0.13586948812
      vertex 0.239394694567 -0.287284553051 -0.135657042265
    endloop
  endfacet
  facet normal -0.0294661559165 0.982598423958 -0.18339048326
    outer loop
      vertex 0.239872708917 -0.28349134326 -0.136350661516
      vertex 0.239394694567 -0.287284553051 -0.135657042265
      vertex 0.241677954793 -0.285855352879 -0.135855317116
    endloop
  endfacet
  facet normal 0.0363739430904 0.996124386787 -0.0800821632147
    outer loop
      vertex 0.239394694567 -0.287284553051 -0.135657042265
      vertex 0.241283804178 -0.287640631199 -0.135697394609
      vertex 0.241677954793 -0.285855352879 -0.135855317116
    endloop
  endfacet
  facet normal 0.0114443162456 0.998557806015 0.0524535812438
    outer loop
      vertex 0.239896342158 -0.289073735476 -0.135756775737
      vertex 0.241283804178 -0.287640631199 -0.135697394609
      vertex 0.239394694567 -0.287284553051 -0.135657042265
    endloop
  endfacet
  facet normal 0.159030869603 0.968010663986 0.194073393941
    outer loop
      vertex 0.239896342158 -0.289073735476 -0.135756775737
      vertex 0.241341501474 -0.289087533951 -0.135996952653
      vertex 0.241283804178 -0.287640631199 -0.135697394609
    endloop
  endfacet
  facet normal 0.140440374613 0.871950745583 0.469018518925
    outer loop
      vertex 0.239896342158 -0.289073735476 -0.135756775737
      vertex 0.241112828255 -0.289937615395 -0.136417388916
      vertex 0.241341501474 -0.289087533951 -0.135996952653
    endloop
  endfacet
  facet normal 0.159724712372 0.879741311073 0.447820514441
    outer loop
      vertex 0.239896342158 -0.289073735476 -0.135756775737
      vertex 0.239484712481 -0.290296107531 -0.136304274201
      vertex 0.241112828255 -0.289937615395 -0.136417388916
    endloop
  endfacet
  facet normal -0.0495976395905 0.917640268803 0.394304990768
    outer loop
      vertex 0.237793907523 -0.289090663195 -0.135877683759
      vertex 0.239484712481 -0.290296107531 -0.136304274201
      vertex 0.239896342158 -0.289073735476 -0.135756775737
    endloop
  endfacet
  facet normal -0.0566943213344 0.995834767818 0.0714066401124
    outer loop
      vertex 0.239394694567 -0.287284553051 -0.135657042265
      vertex 0.237793907523 -0.289090663195 -0.135877683759
      vertex 0.239896342158 -0.289073735476 -0.135756775737
    endloop
  endfacet
  facet normal 0.195290610194 0.727936446667 0.657244324684
    outer loop
      vertex 0.239484712481 -0.290296107531 -0.136304274201
      vertex 0.240837350488 -0.290555745363 -0.136901572347
      vertex 0.241112828255 -0.289937615395 -0.136417388916
    endloop
  endfacet
  facet normal 0.181932806969 0.708421051502 0.68193846941
    outer loop
      vertex 0.240837350488 -0.290555745363 -0.136901572347
      vertex 0.239484712481 -0.290296107531 -0.136304274201
      vertex 0.239860236645 -0.291114717722 -0.137188717723
    endloop
  endfacet
  facet normal 0.211903527379 0.72127944231 0.659433722496
    outer loop
      vertex 0.241112828255 -0.289937615395 -0.136417388916
      vertex 0.240837350488 -0.290555745363 -0.136901572347
      vertex 0.241560205817 -0.290302097797 -0.136882051826
    endloop
  endfacet
  facet normal 0.313026726246 0.754180967808 0.57725673914
    outer loop
      vertex 0.241112828255 -0.289937615395 -0.136417388916
      vertex 0.241560205817 -0.290302097797 -0.136882051826
      vertex 0.241949111223 -0.289994031191 -0.136807665229
    endloop
  endfacet
  facet normal 0.345025241375 0.714905321598 0.60816770792
    outer loop
      vertex 0.241560205817 -0.290302097797 -0.136882051826
      vertex 0.241811081767 -0.290327101946 -0.137024387717
      vertex 0.241949111223 -0.289994031191 -0.136807665229
    endloop
  endfacet
  facet normal 0.347805291414 0.718729615211 0.602045893669
    outer loop
      vertex 0.241724327207 -0.290477007627 -0.137107983232
      vertex 0.241811081767 -0.290327101946 -0.137024387717
      vertex 0.241560205817 -0.290302097797 -0.136882051826
    endloop
  endfacet
  facet normal 0.327392220497 0.731917560101 0.597587645054
    outer loop
      vertex 0.241879761219 -0.290524750948 -0.137216493487
      vertex 0.241811081767 -0.290327101946 -0.137024387717
      vertex 0.241724327207 -0.290477007627 -0.137107983232
    endloop
  endfacet
  facet normal 0.311044663191 0.733287453651 0.60459959507
    outer loop
      vertex 0.242024838924 -0.290441036224 -0.137208998203
      vertex 0.241811081767 -0.290327101946 -0.137024387717
      vertex 0.241879761219 -0.290524750948 -0.137216493487
    endloop
  endfacet
  facet normal 0.362641423941 0.756112635136 0.544779658318
    outer loop
      vertex 0.242027759552 -0.290253907442 -0.137075573206
      vertex 0.241811081767 -0.290327101946 -0.137024387717
      vertex 0.242024838924 -0.290441036224 -0.137208998203
    endloop
  endfacet
  facet normal 0.371363610029 0.700337648392 0.609603345394
    outer loop
      vertex 0.241811081767 -0.290327101946 -0.137024387717
      vertex 0.242027759552 -0.290253907442 -0.137075573206
      vertex 0.241949111223 -0.289994031191 -0.136807665229
    endloop
  endfacet
  facet normal 0.485503524542 0.677945315838 0.55197507143
    outer loop
      vertex 0.242027759552 -0.290253907442 -0.137075573206
      vertex 0.242347016931 -0.289989590645 -0.137088999152
      vertex 0.241949111223 -0.289994031191 -0.136807665229
    endloop
  endfacet
  facet normal 0.476864337921 0.692935109138 0.540778458118
    outer loop
      vertex 0.242027759552 -0.290253907442 -0.137075573206
      vertex 0.242220416665 -0.29028570652 -0.137232989073
      vertex 0.242347016931 -0.289989590645 -0.137088999152
    endloop
  endfacet
  facet normal 0.499934017658 0.711640417576 0.493592828512
    outer loop
      vertex 0.242027759552 -0.290253907442 -0.137075573206
      vertex 0.242129072547 -0.290387511253 -0.137239426374
      vertex 0.242220416665 -0.29028570652 -0.137232989073
    endloop
  endfacet
  facet normal 0.473376005888 0.713708937168 0.516269981861
    outer loop
      vertex 0.242129072547 -0.290387511253 -0.137239426374
      vertex 0.242027759552 -0.290253907442 -0.137075573206
      vertex 0.242024838924 -0.290441036224 -0.137208998203
    endloop
  endfacet
  facet normal 0.466132700443 0.737544417381 0.488619059324
    outer loop
      vertex 0.242024838924 -0.290441036224 -0.137208998203
      vertex 0.242083385587 -0.29052489996 -0.137301564217
      vertex 0.242129072547 -0.290387511253 -0.137239426374
    endloop
  endfacet
  facet normal 0.389957159758 0.741430938244 0.546089291573
    outer loop
      vertex 0.242024838924 -0.290441036224 -0.137208998203
      vertex 0.241983294487 -0.29055005312 -0.137267455459
      vertex 0.242083385587 -0.29052489996 -0.137301564217
    endloop
  endfacet
  facet normal 0.265620440245 0.803879082203 0.532188177109
    outer loop
      vertex 0.241983294487 -0.29055005312 -0.137267455459
      vertex 0.242024838924 -0.290441036224 -0.137208998203
      vertex 0.241879761219 -0.290524750948 -0.137216493487
    endloop
  endfacet
  facet normal 0.18886911869 0.716910123825 0.671094834805
    outer loop
      vertex 0.241923615336 -0.290623366833 -0.137320354581
      vertex 0.241983294487 -0.29055005312 -0.137267455459
      vertex 0.241879761219 -0.290524750948 -0.137216493487
    endloop
  endfacet
  facet normal 0.214016512036 0.701117694378 0.680169761181
    outer loop
      vertex 0.241923615336 -0.290623366833 -0.137320354581
      vertex 0.241994976997 -0.290618270636 -0.137337192893
      vertex 0.241983294487 -0.29055005312 -0.137267455459
    endloop
  endfacet
  facet normal 0.188381999731 0.552645862103 0.811846554279
    outer loop
      vertex 0.241990610957 -0.290666639805 -0.137406766415
      vertex 0.241994976997 -0.290618270636 -0.137337192893
      vertex 0.241923615336 -0.290623366833 -0.137320354581
    endloop
  endfacet
  facet normal 0.226212099195 0.546455919743 0.806358516216
    outer loop
      vertex 0.241990610957 -0.290666639805 -0.137406766415
      vertex 0.242080315948 -0.290602236986 -0.137348860502
      vertex 0.241994976997 -0.290618270636 -0.137337192893
    endloop
  endfacet
  facet normal -0.675833463669 0.639702737331 -0.366100370884
    outer loop
      vertex 0.242054224014 -0.290675997734 -0.137334212661
      vertex 0.242080315948 -0.290602236986 -0.137348860502
      vertex 0.241990610957 -0.290666639805 -0.137406766415
    endloop
  endfacet
  facet normal -0.688107073307 0.625580728054 -0.36763754487
    outer loop
      vertex 0.242090791464 -0.290642857552 -0.137313455343
      vertex 0.242080315948 -0.290602236986 -0.137348860502
      vertex 0.242054224014 -0.290675997734 -0.137334212661
    endloop
  endfacet
  facet normal -0.608404755592 0.669362366199 -0.426377385855
    outer loop
      vertex 0.24213527143 -0.290576279163 -0.137315437198
      vertex 0.242080315948 -0.290602236986 -0.137348860502
      vertex 0.242090791464 -0.290642857552 -0.137313455343
    endloop
  endfacet
  facet normal -0.610067546368 0.626877725124 -0.484604895115
    outer loop
      vertex 0.242110952735 -0.290561079979 -0.137350857258
      vertex 0.242080315948 -0.290602236986 -0.137348860502
      vertex 0.24213527143 -0.290576279163 -0.137315437198
    endloop
  endfacet
  facet normal 0.511454284191 0.788098871708 0.342512279749
    outer loop
      vertex 0.242110952735 -0.290561079979 -0.137350857258
      vertex 0.242057815194 -0.290574103594 -0.137322038412
      vertex 0.242080315948 -0.290602236986 -0.137348860502
    endloop
  endfacet
  facet normal 0.499590486288 0.676520645618 0.541044533253
    outer loop
      vertex 0.242057815194 -0.290574103594 -0.137322038412
      vertex 0.242110952735 -0.290561079979 -0.137350857258
      vertex 0.242083385587 -0.29052489996 -0.137301564217
    endloop
  endfacet
  facet normal 0.540939986706 0.672885239124 0.504588365555
    outer loop
      vertex 0.242155775428 -0.290508717299 -0.137347623706
      vertex 0.242083385587 -0.29052489996 -0.137301564217
      vertex 0.242110952735 -0.290561079979 -0.137350857258
    endloop
  endfacet
  facet normal 0.543409228325 0.682151138783 0.489260852337
    outer loop
      vertex 0.242083385587 -0.29052489996 -0.137301564217
      vertex 0.242155775428 -0.290508717299 -0.137347623706
      vertex 0.242129072547 -0.290387511253 -0.137239426374
    endloop
  endfacet
  facet normal 0.53009968996 0.687217414379 0.496715813875
    outer loop
      vertex 0.242129072547 -0.290387511253 -0.137239426374
      vertex 0.242155775428 -0.290508717299 -0.137347623706
      vertex 0.242245212197 -0.290403991938 -0.137340918183
    endloop
  endfacet
  facet normal -0.599645733833 0.647282421589 -0.470585227013
    outer loop
      vertex 0.242214024067 -0.290573179722 -0.137246802449
      vertex 0.242245212197 -0.290403991938 -0.137340918183
      vertex 0.242155775428 -0.290508717299 -0.137347623706
    endloop
  endfacet
  facet normal -0.602662980556 0.644996106625 -0.46986952424
    outer loop
      vertex 0.242433190346 -0.290417462587 -0.137155458331
      vertex 0.242245212197 -0.290403991938 -0.137340918183
      vertex 0.242214024067 -0.290573179722 -0.137246802449
    endloop
  endfacet
  facet normal -0.600602030754 0.643268823624 -0.474849879742
    outer loop
      vertex 0.242433190346 -0.290417462587 -0.137155458331
      vertex 0.242379799485 -0.290247142315 -0.137331023812
      vertex 0.242245212197 -0.290403991938 -0.137340918183
    endloop
  endfacet
  facet normal -0.585778653622 0.649019658566 -0.485424429178
    outer loop
      vertex 0.242379799485 -0.290247142315 -0.137331023812
      vertex 0.242433190346 -0.290417462587 -0.137155458331
      vertex 0.242697119713 -0.290200233459 -0.137079715729
    endloop
  endfacet
  facet normal -0.574618697166 0.674997031689 -0.462809234858
    outer loop
      vertex 0.242433190346 -0.290417462587 -0.137155458331
      vertex 0.24261648953 -0.290521681309 -0.136927962303
      vertex 0.242697119713 -0.290200233459 -0.137079715729
    endloop
  endfacet
  facet normal -0.591769337654 0.677151799202 -0.43734934926
    outer loop
      vertex 0.242433190346 -0.290417462587 -0.137155458331
      vertex 0.242288097739 -0.290648758411 -0.137132868171
      vertex 0.24261648953 -0.290521681309 -0.136927962303
    endloop
  endfacet
  facet normal -0.592813670635 0.675893306732 -0.437881499529
    outer loop
      vertex 0.242288097739 -0.290648758411 -0.137132868171
      vertex 0.242433190346 -0.290417462587 -0.137155458331
      vertex 0.242214024067 -0.290573179722 -0.137246802449
    endloop
  endfacet
  facet normal -0.604808688164 0.674294531345 -0.423713684082
    outer loop
      vertex 0.242288097739 -0.290648758411 -0.137132868171
      vertex 0.242214024067 -0.290573179722 -0.137246802449
      vertex 0.242169857025 -0.290653258562 -0.137236103415
    endloop
  endfacet
  facet normal -0.604589998722 0.674545347691 -0.423626601696
    outer loop
      vertex 0.24213527143 -0.290576279163 -0.137315437198
      vertex 0.242169857025 -0.290653258562 -0.137236103415
      vertex 0.242214024067 -0.290573179722 -0.137246802449
    endloop
  endfacet
  facet normal -0.604350686073 0.674634575844 -0.423826009035
    outer loop
      vertex 0.242169857025 -0.290653258562 -0.137236103415
      vertex 0.24213527143 -0.290576279163 -0.137315437198
      vertex 0.242090791464 -0.290642857552 -0.137313455343
    endloop
  endfacet
  facet normal -0.626814246178 0.689420104027 -0.36304795742
    outer loop
      vertex 0.242169857025 -0.290653258562 -0.137236103415
      vertex 0.242090791464 -0.290642857552 -0.137313455343
      vertex 0.242097392678 -0.290727525949 -0.137262865901
    endloop
  endfacet
  facet normal -0.677098155022 0.653764724731 -0.337831050158
    outer loop
      vertex 0.242090791464 -0.290642857552 -0.137313455343
      vertex 0.242054224014 -0.290675997734 -0.137334212661
      vertex 0.242097392678 -0.290727525949 -0.137262865901
    endloop
  endfacet
  facet normal -0.679392516613 0.652951776981 -0.334783196449
    outer loop
      vertex 0.242054224014 -0.290675997734 -0.137334212661
      vertex 0.24199000001 -0.290773451328 -0.137351065874
      vertex 0.242097392678 -0.290727525949 -0.137262865901
    endloop
  endfacet
  facet normal -0.684996902943 0.644364476204 -0.339961290359
    outer loop
      vertex 0.24199000001 -0.290773451328 -0.137351065874
      vertex 0.242054224014 -0.290675997734 -0.137334212661
      vertex 0.241990610957 -0.290666639805 -0.137406766415
    endloop
  endfacet
  facet normal -0.685689687729 0.643784701824 -0.33966293931
    outer loop
      vertex 0.24199000001 -0.290773451328 -0.137351065874
      vertex 0.241990610957 -0.290666639805 -0.137406766415
      vertex 0.241914853454 -0.290720134974 -0.137459233403
    endloop
  endfacet
  facet normal 0.188710689545 0.554172515869 0.810728728771
    outer loop
      vertex 0.241827756166 -0.29068467021 -0.137377679348
      vertex 0.241914853454 -0.290720134974 -0.137459233403
      vertex 0.241990610957 -0.290666639805 -0.137406766415
    endloop
  endfacet
  facet normal 0.187215611339 0.553057134151 0.811836242676
    outer loop
      vertex 0.241751968861 -0.290737867355 -0.137430116534
      vertex 0.241914853454 -0.290720134974 -0.137459233403
      vertex 0.241827756166 -0.29068467021 -0.137377679348
    endloop
  endfacet
  facet normal 0.187263220549 0.553524255753 0.811506867409
    outer loop
      vertex 0.241763666272 -0.290826767683 -0.137564405799
      vertex 0.241914853454 -0.290720134974 -0.137459233403
      vertex 0.241751968861 -0.290737867355 -0.137430116534
    endloop
  endfacet
  facet normal -0.687882065773 0.638070821762 -0.345953673124
    outer loop
      vertex 0.241763666272 -0.290826767683 -0.137564405799
      vertex 0.241832062602 -0.290996670723 -0.137398555875
      vertex 0.241914853454 -0.290720134974 -0.137459233403
    endloop
  endfacet
  facet normal -0.684140563011 0.64015853405 -0.349497914314
    outer loop
      vertex 0.241832062602 -0.290996670723 -0.137398555875
      vertex 0.241763666272 -0.290826767683 -0.137564405799
      vertex 0.241608291864 -0.291146695614 -0.137555792928
    endloop
  endfacet
  facet normal -0.68927192688 0.633353233337 -0.35180670023
    outer loop
      vertex 0.241608291864 -0.291146695614 -0.137555792928
      vertex 0.241763666272 -0.290826767683 -0.137564405799
      vertex 0.241574749351 -0.29096031189 -0.137695819139
    endloop
  endfacet
  facet normal 0.227473840117 0.513678252697 0.827278852463
    outer loop
      vertex 0.241574749351 -0.29096031189 -0.137695819139
      vertex 0.241763666272 -0.290826767683 -0.137564405799
      vertex 0.24156974256 -0.290777474642 -0.137399151921
    endloop
  endfacet
  facet normal 0.265546113253 0.548158824444 0.793099701405
    outer loop
      vertex 0.24156974256 -0.290777474642 -0.137399151921
      vertex 0.241763666272 -0.290826767683 -0.137564405799
      vertex 0.241751968861 -0.290737867355 -0.137430116534
    endloop
  endfacet
  facet normal 0.265544831753 0.548088252544 0.793148934841
    outer loop
      vertex 0.241740316153 -0.290648967028 -0.137295812368
      vertex 0.24156974256 -0.290777474642 -0.137399151921
      vertex 0.241751968861 -0.290737867355 -0.137430116534
    endloop
  endfacet
  facet normal 0.186776608229 0.553492963314 0.811640381813
    outer loop
      vertex 0.241740316153 -0.290648967028 -0.137295812368
      vertex 0.241751968861 -0.290737867355 -0.137430116534
      vertex 0.241827756166 -0.29068467021 -0.137377679348
    endloop
  endfacet
  facet normal 0.187439754605 0.553987443447 0.811149954796
    outer loop
      vertex 0.241740316153 -0.290648967028 -0.137295812368
      vertex 0.241827756166 -0.29068467021 -0.137377679348
      vertex 0.241923615336 -0.290623366833 -0.137320354581
    endloop
  endfacet
  facet normal 0.188566461205 0.552736520767 0.811742007732
    outer loop
      vertex 0.241923615336 -0.290623366833 -0.137320354581
      vertex 0.241827756166 -0.29068467021 -0.137377679348
      vertex 0.241990610957 -0.290666639805 -0.137406766415
    endloop
  endfacet
  facet normal 0.18965536356 0.716970384121 0.670808672905
    outer loop
      vertex 0.241879761219 -0.290524750948 -0.137216493487
      vertex 0.241740316153 -0.290648967028 -0.137295812368
      vertex 0.241923615336 -0.290623366833 -0.137320354581
    endloop
  endfacet
  facet normal 0.248379573226 0.665498435497 0.703860342503
    outer loop
      vertex 0.241879761219 -0.290524750948 -0.137216493487
      vertex 0.241724327207 -0.290477007627 -0.137107983232
      vertex 0.241740316153 -0.290648967028 -0.137295812368
    endloop
  endfacet
  facet normal -0.680324375629 0.655618548393 -0.327602088451
    outer loop
      vertex 0.241608291864 -0.291146695614 -0.137555792928
      vertex 0.241813957691 -0.291531741619 -0.137149974704
      vertex 0.241832062602 -0.290996670723 -0.137398555875
    endloop
  endfacet
  facet normal -0.735638201237 0.623655021191 -0.264368861914
    outer loop
      vertex 0.241813957691 -0.291531741619 -0.137149974704
      vertex 0.241608291864 -0.291146695614 -0.137555792928
      vertex 0.241397589445 -0.292057722807 -0.137418150902
    endloop
  endfacet
  facet normal -0.707051336765 0.673215389252 -0.216470494866
    outer loop
      vertex 0.242037624121 -0.292164891958 -0.136711478233
      vertex 0.241813957691 -0.291531741619 -0.137149974704
      vertex 0.241397589445 -0.292057722807 -0.137418150902
    endloop
  endfacet
  facet normal -0.654652118683 0.70971518755 -0.26025941968
    outer loop
      vertex 0.241813957691 -0.291531741619 -0.137149974704
      vertex 0.242037624121 -0.292164891958 -0.136711478233
      vertex 0.242234200239 -0.291276782751 -0.136855825782
    endloop
  endfacet
  facet normal -0.685856819153 0.678878247738 -0.262154102325
    outer loop
      vertex 0.242678433657 -0.291400134563 -0.136359393597
      vertex 0.242234200239 -0.291276782751 -0.136855825782
      vertex 0.242037624121 -0.292164891958 -0.136711478233
    endloop
  endfacet
  facet normal -0.66294836998 0.674147129059 -0.325615048409
    outer loop
      vertex 0.242234200239 -0.291276782751 -0.136855825782
      vertex 0.242678433657 -0.291400134563 -0.136359393597
      vertex 0.242582678795 -0.290992408991 -0.136650487781
    endloop
  endfacet
  facet normal -0.548569619656 0.736026823521 -0.396655917168
    outer loop
      vertex 0.242678433657 -0.291400134563 -0.136359393597
      vertex 0.24307359755 -0.290716975927 -0.136433035135
      vertex 0.242582678795 -0.290992408991 -0.136650487781
    endloop
  endfacet
  facet normal -0.560455679893 0.695230364799 -0.450049072504
    outer loop
      vertex 0.24261648953 -0.290521681309 -0.136927962303
      vertex 0.242582678795 -0.290992408991 -0.136650487781
      vertex 0.24307359755 -0.290716975927 -0.136433035135
    endloop
  endfacet
  facet normal -0.613138139248 0.660500109196 -0.433360427618
    outer loop
      vertex 0.242582678795 -0.290992408991 -0.136650487781
      vertex 0.24261648953 -0.290521681309 -0.136927962303
      vertex 0.242308601737 -0.290830522776 -0.137011125684
    endloop
  endfacet
  facet normal -0.591613709927 0.699136257172 -0.401499301195
    outer loop
      vertex 0.242288097739 -0.290648758411 -0.137132868171
      vertex 0.242308601737 -0.290830522776 -0.137011125684
      vertex 0.24261648953 -0.290521681309 -0.136927962303
    endloop
  endfacet
  facet normal -0.58783608675 0.701256752014 -0.403345644474
    outer loop
      vertex 0.242214426398 -0.29072996974 -0.137147918344
      vertex 0.242308601737 -0.290830522776 -0.137011125684
      vertex 0.242288097739 -0.290648758411 -0.137132868171
    endloop
  endfacet
  facet normal -0.641702115536 0.689198076725 -0.33648827672
    outer loop
      vertex 0.242214426398 -0.29072996974 -0.137147918344
      vertex 0.242070689797 -0.290933638811 -0.137182310224
      vertex 0.242308601737 -0.290830522776 -0.137011125684
    endloop
  endfacet
  facet normal -0.653369963169 0.672553181648 -0.347534030676
    outer loop
      vertex 0.242214426398 -0.29072996974 -0.137147918344
      vertex 0.242097392678 -0.290727525949 -0.137262865901
      vertex 0.242070689797 -0.290933638811 -0.137182310224
    endloop
  endfacet
  facet normal -0.641812682152 0.661641001701 -0.387695282698
    outer loop
      vertex 0.242169857025 -0.290653258562 -0.137236103415
      vertex 0.242097392678 -0.290727525949 -0.137262865901
      vertex 0.242214426398 -0.29072996974 -0.137147918344
    endloop
  endfacet
  facet normal -0.604802131653 0.674286067486 -0.423736572266
    outer loop
      vertex 0.242288097739 -0.290648758411 -0.137132868171
      vertex 0.242169857025 -0.290653258562 -0.137236103415
      vertex 0.242214426398 -0.29072996974 -0.137147918344
    endloop
  endfacet
  facet normal -0.679396152496 0.649294257164 -0.341815471649
    outer loop
      vertex 0.24199000001 -0.290773451328 -0.137351065874
      vertex 0.242070689797 -0.290933638811 -0.137182310224
      vertex 0.242097392678 -0.290727525949 -0.137262865901
    endloop
  endfacet
  facet normal -0.678986907005 0.649499714375 -0.342238038778
    outer loop
      vertex 0.24199000001 -0.290773451328 -0.137351065874
      vertex 0.241832062602 -0.290996670723 -0.137398555875
      vertex 0.242070689797 -0.290933638811 -0.137182310224
    endloop
  endfacet
  facet normal -0.682211518288 0.644306838512 -0.345624238253
    outer loop
      vertex 0.241832062602 -0.290996670723 -0.137398555875
      vertex 0.24199000001 -0.290773451328 -0.137351065874
      vertex 0.241914853454 -0.290720134974 -0.137459233403
    endloop
  endfacet
  facet normal -0.680506706238 0.655462384224 -0.327535718679
    outer loop
      vertex 0.241813957691 -0.291531741619 -0.137149974704
      vertex 0.242070689797 -0.290933638811 -0.137182310224
      vertex 0.241832062602 -0.290996670723 -0.137398555875
    endloop
  endfacet
  facet normal -0.666244626045 0.67247235775 -0.322333663702
    outer loop
      vertex 0.242070689797 -0.290933638811 -0.137182310224
      vertex 0.241813957691 -0.291531741619 -0.137149974704
      vertex 0.242234200239 -0.291276782751 -0.136855825782
    endloop
  endfacet
  facet normal -0.642102241516 0.684472858906 -0.345255851746
    outer loop
      vertex 0.242234200239 -0.291276782751 -0.136855825782
      vertex 0.242308601737 -0.290830522776 -0.137011125684
      vertex 0.242070689797 -0.290933638811 -0.137182310224
    endloop
  endfacet
  facet normal -0.668151319027 0.661049962044 -0.341447979212
    outer loop
      vertex 0.242234200239 -0.291276782751 -0.136855825782
      vertex 0.242582678795 -0.290992408991 -0.136650487781
      vertex 0.242308601737 -0.290830522776 -0.137011125684
    endloop
  endfacet
  facet normal -0.571665942669 0.69810628891 -0.431098252535
    outer loop
      vertex 0.24307359755 -0.290716975927 -0.136433035135
      vertex 0.243100062013 -0.290225684643 -0.136714756489
      vertex 0.24261648953 -0.290521681309 -0.136927962303
    endloop
  endfacet
  facet normal -0.454233437777 0.762061655521 -0.461447775364
    outer loop
      vertex 0.243785813451 -0.290336161852 -0.136239111423
      vertex 0.243100062013 -0.290225684643 -0.136714756489
      vertex 0.24307359755 -0.290716975927 -0.136433035135
    endloop
  endfacet
  facet normal -0.419897645712 0.730477929115 -0.538598120213
    outer loop
      vertex 0.243100062013 -0.290225684643 -0.136714756489
      vertex 0.243785813451 -0.290336161852 -0.136239111423
      vertex 0.243380308151 -0.289714097977 -0.13693086803
    endloop
  endfacet
  facet normal -0.50958186388 0.720986306667 -0.469579637051
    outer loop
      vertex 0.243380308151 -0.289714097977 -0.13693086803
      vertex 0.243785813451 -0.290336161852 -0.136239111423
      vertex 0.244281992316 -0.289644926786 -0.136338621378
    endloop
  endfacet
  facet normal -0.465876400471 0.637636601925 -0.613497138023
    outer loop
      vertex 0.243793517351 -0.28919878602 -0.13712477684
      vertex 0.243380308151 -0.289714097977 -0.13693086803
      vertex 0.244281992316 -0.289644926786 -0.136338621378
    endloop
  endfacet
  facet normal -0.451308101416 0.653418838978 -0.607753932476
    outer loop
      vertex 0.243443772197 -0.289192944765 -0.137371763587
      vertex 0.243380308151 -0.289714097977 -0.13693086803
      vertex 0.243793517351 -0.28919878602 -0.13712477684
    endloop
  endfacet
  facet normal -0.392406463623 0.678092718124 -0.621455907822
    outer loop
      vertex 0.243443772197 -0.289192944765 -0.137371763587
      vertex 0.243057191372 -0.28949034214 -0.137322917581
      vertex 0.243380308151 -0.289714097977 -0.13693086803
    endloop
  endfacet
  facet normal 0.576217472553 0.464041620493 0.672784388065
    outer loop
      vertex 0.242979869246 -0.289152830839 -0.136737570167
      vertex 0.243057191372 -0.28949034214 -0.137322917581
      vertex 0.243443772197 -0.289192944765 -0.137371763587
    endloop
  endfacet
  facet normal 0.542001903057 0.472364902496 0.695057809353
    outer loop
      vertex 0.242404282093 -0.28962752223 -0.136775627732
      vertex 0.243057191372 -0.28949034214 -0.137322917581
      vertex 0.242979869246 -0.289152830839 -0.136737570167
    endloop
  endfacet
  facet normal 0.604399800301 0.585637390614 0.540120124817
    outer loop
      vertex 0.242404282093 -0.28962752223 -0.136775627732
      vertex 0.242693260312 -0.289881110191 -0.137307733297
      vertex 0.243057191372 -0.28949034214 -0.137322917581
    endloop
  endfacet
  facet normal 0.554563343525 0.583778560162 0.593011081219
    outer loop
      vertex 0.242693260312 -0.289881110191 -0.137307733297
      vertex 0.242404282093 -0.28962752223 -0.136775627732
      vertex 0.242347016931 -0.289989590645 -0.137088999152
    endloop
  endfacet
  facet normal 0.456454783678 0.635748505592 0.622473180294
    outer loop
      vertex 0.242404282093 -0.28962752223 -0.136775627732
      vertex 0.241949111223 -0.289994031191 -0.136807665229
      vertex 0.242347016931 -0.289989590645 -0.137088999152
    endloop
  endfacet
  facet normal 0.378447532654 0.754648983479 0.535987257957
    outer loop
      vertex 0.241870343685 -0.289428323507 -0.136366382241
      vertex 0.241949111223 -0.289994031191 -0.136807665229
      vertex 0.242404282093 -0.28962752223 -0.136775627732
    endloop
  endfacet
  facet normal 0.320980668068 0.767910540104 0.554332733154
    outer loop
      vertex 0.241870343685 -0.289428323507 -0.136366382241
      vertex 0.241112828255 -0.289937615395 -0.136417388916
      vertex 0.241949111223 -0.289994031191 -0.136807665229
    endloop
  endfacet
  facet normal 0.269473731518 0.832435786724 0.484184443951
    outer loop
      vertex 0.241112828255 -0.289937615395 -0.136417388916
      vertex 0.241870343685 -0.289428323507 -0.136366382241
      vertex 0.241341501474 -0.289087533951 -0.135996952653
    endloop
  endfacet
  facet normal 0.213363826275 0.809727370739 0.546642005444
    outer loop
      vertex 0.242433518171 -0.288829803467 -0.136110708117
      vertex 0.241341501474 -0.289087533951 -0.135996952653
      vertex 0.241870343685 -0.289428323507 -0.136366382241
    endloop
  endfacet
  facet normal 0.175766199827 0.925177454948 0.336382091045
    outer loop
      vertex 0.242210835218 -0.288142293692 -0.135818436742
      vertex 0.241341501474 -0.289087533951 -0.135996952653
      vertex 0.242433518171 -0.288829803467 -0.136110708117
    endloop
  endfacet
  facet normal 0.0185474865139 0.9792111516 0.201993703842
    outer loop
      vertex 0.242210835218 -0.288142293692 -0.135818436742
      vertex 0.241283804178 -0.287640631199 -0.135697394609
      vertex 0.241341501474 -0.289087533951 -0.135996952653
    endloop
  endfacet
  facet normal -0.0154674937949 0.965094685555 0.261444121599
    outer loop
      vertex 0.2425057441 -0.287484884262 -0.135635614395
      vertex 0.241283804178 -0.287640631199 -0.135697394609
      vertex 0.242210835218 -0.288142293692 -0.135818436742
    endloop
  endfacet
  facet normal -0.0631618201733 0.992801487446 -0.10176359117
    outer loop
      vertex 0.241677954793 -0.285855352879 -0.135855317116
      vertex 0.241283804178 -0.287640631199 -0.135697394609
      vertex 0.2425057441 -0.287484884262 -0.135635614395
    endloop
  endfacet
  facet normal 0.233812406659 0.940749049187 -0.245607465506
    outer loop
      vertex 0.242871716619 -0.286479532719 -0.135989055037
      vertex 0.241677954793 -0.285855352879 -0.135855317116
      vertex 0.2425057441 -0.287484884262 -0.135635614395
    endloop
  endfacet
  facet normal 0.233814015985 0.940747737885 -0.245610833168
    outer loop
      vertex 0.242871716619 -0.286479532719 -0.135989055037
      vertex 0.243237376213 -0.285473972559 -0.136342465878
      vertex 0.241677954793 -0.285855352879 -0.135855317116
    endloop
  endfacet
  facet normal 0.396197795868 0.901747465134 -0.172854840755
    outer loop
      vertex 0.242871716619 -0.286479532719 -0.135989055037
      vertex 0.243821874261 -0.286823451519 -0.136340588331
      vertex 0.243237376213 -0.285473972559 -0.136342465878
    endloop
  endfacet
  facet normal 0.396199434996 0.90174549818 -0.17286144197
    outer loop
      vertex 0.243163958192 -0.2871542871 -0.135988101363
      vertex 0.243821874261 -0.286823451519 -0.136340588331
      vertex 0.242871716619 -0.286479532719 -0.135989055037
    endloop
  endfacet
  facet normal 0.42483779788 0.898286402225 -0.112224534154
    outer loop
      vertex 0.243581727147 -0.288031637669 -0.136076077819
      vertex 0.243821874261 -0.286823451519 -0.136340588331
      vertex 0.243163958192 -0.2871542871 -0.135988101363
    endloop
  endfacet
  facet normal 0.60333532095 0.795638740063 -0.0542718730867
    outer loop
      vertex 0.243821874261 -0.286823451519 -0.136340588331
      vertex 0.243581727147 -0.288031637669 -0.136076077819
      vertex 0.244190424681 -0.287640243769 -0.136564359069
    endloop
  endfacet
  facet normal 0.715083122253 0.586279273033 0.380700290203
    outer loop
      vertex 0.243581727147 -0.288031637669 -0.136076077819
      vertex 0.244170352817 -0.288052231073 -0.136807397008
      vertex 0.244190424681 -0.287640243769 -0.136564359069
    endloop
  endfacet
  facet normal 0.664506316185 0.549123108387 0.506848216057
    outer loop
      vertex 0.243581727147 -0.288031637669 -0.136076077819
      vertex 0.243791639805 -0.288529038429 -0.136789187789
      vertex 0.244170352817 -0.288052231073 -0.136807397008
    endloop
  endfacet
  facet normal 0.462198585272 0.594801843166 0.65771061182
    outer loop
      vertex 0.243791639805 -0.288529038429 -0.136789187789
      vertex 0.243581727147 -0.288031637669 -0.136076077819
      vertex 0.243191331625 -0.288472861052 -0.136260598898
    endloop
  endfacet
  facet normal 0.118543811142 0.874366343021 0.470564395189
    outer loop
      vertex 0.243191331625 -0.288472861052 -0.136260598898
      vertex 0.243581727147 -0.288031637669 -0.136076077819
      vertex 0.242946222425 -0.28786867857 -0.13590221107
    endloop
  endfacet
  facet normal 0.271572679281 0.961856424809 -0.0328702256083
    outer loop
      vertex 0.243581727147 -0.288031637669 -0.136076077819
      vertex 0.243163958192 -0.2871542871 -0.135988101363
      vertex 0.242946222425 -0.28786867857 -0.13590221107
    endloop
  endfacet
  facet normal 0.488800853491 0.871273577213 0.0442276671529
    outer loop
      vertex 0.243163958192 -0.2871542871 -0.135988101363
      vertex 0.2425057441 -0.287484884262 -0.135635614395
      vertex 0.242946222425 -0.28786867857 -0.13590221107
    endloop
  endfacet
  facet normal 0.396121501923 0.901786208153 -0.172827735543
    outer loop
      vertex 0.2425057441 -0.287484884262 -0.135635614395
      vertex 0.243163958192 -0.2871542871 -0.135988101363
      vertex 0.242871716619 -0.286479532719 -0.135989055037
    endloop
  endfacet
  facet normal 0.235840156674 0.903788626194 0.357135146856
    outer loop
      vertex 0.2425057441 -0.287484884262 -0.135635614395
      vertex 0.242210835218 -0.288142293692 -0.135818436742
      vertex 0.242946222425 -0.28786867857 -0.13590221107
    endloop
  endfacet
  facet normal 0.25398427248 0.87357956171 0.415151417255
    outer loop
      vertex 0.243191331625 -0.288472861052 -0.136260598898
      vertex 0.242946222425 -0.28786867857 -0.13590221107
      vertex 0.242210835218 -0.288142293692 -0.135818436742
    endloop
  endfacet
  facet normal 0.312994599342 0.90632468462 0.283918976784
    outer loop
      vertex 0.242210835218 -0.288142293692 -0.135818436742
      vertex 0.242433518171 -0.288829803467 -0.136110708117
      vertex 0.243191331625 -0.288472861052 -0.136260598898
    endloop
  endfacet
  facet normal 0.418932944536 0.676969945431 0.605150282383
    outer loop
      vertex 0.242433518171 -0.288829803467 -0.136110708117
      vertex 0.242979869246 -0.289152830839 -0.136737570167
      vertex 0.243191331625 -0.288472861052 -0.136260598898
    endloop
  endfacet
  facet normal 0.437453299761 0.682808458805 0.585155785084
    outer loop
      vertex 0.242979869246 -0.289152830839 -0.136737570167
      vertex 0.242433518171 -0.288829803467 -0.136110708117
      vertex 0.242404282093 -0.28962752223 -0.136775627732
    endloop
  endfacet
  facet normal 0.323927998543 0.720865786076 0.612717866898
    outer loop
      vertex 0.242404282093 -0.28962752223 -0.136775627732
      vertex 0.242433518171 -0.288829803467 -0.136110708117
      vertex 0.241870343685 -0.289428323507 -0.136366382241
    endloop
  endfacet
  facet normal 0.566236913204 0.581593632698 0.584058761597
    outer loop
      vertex 0.243191331625 -0.288472861052 -0.136260598898
      vertex 0.242979869246 -0.289152830839 -0.136737570167
      vertex 0.243483170867 -0.288850903511 -0.136924371123
    endloop
  endfacet
  facet normal 0.575968623161 0.463880121708 0.673108756542
    outer loop
      vertex 0.243443772197 -0.289192944765 -0.137371763587
      vertex 0.243483170867 -0.288850903511 -0.136924371123
      vertex 0.242979869246 -0.289152830839 -0.136737570167
    endloop
  endfacet
  facet normal 0.540797948837 0.480303883553 0.690540194511
    outer loop
      vertex 0.243483170867 -0.288850903511 -0.136924371123
      vertex 0.243443772197 -0.289192944765 -0.137371763587
      vertex 0.243738904595 -0.288990616798 -0.137413188815
    endloop
  endfacet
  facet normal -0.401223838329 0.58479988575 -0.705002486706
    outer loop
      vertex 0.243738904595 -0.288990616798 -0.137413188815
      vertex 0.243443772197 -0.289192944765 -0.137371763587
      vertex 0.243793517351 -0.28919878602 -0.13712477684
    endloop
  endfacet
  facet normal -0.772362947464 0.461345553398 -0.436595678329
    outer loop
      vertex 0.243738904595 -0.288990616798 -0.137413188815
      vertex 0.243793517351 -0.28919878602 -0.13712477684
      vertex 0.243908062577 -0.28879198432 -0.137317985296
    endloop
  endfacet
  facet normal 0.540688633919 0.480276584625 0.690644800663
    outer loop
      vertex 0.243738904595 -0.288990616798 -0.137413188815
      vertex 0.243908062577 -0.28879198432 -0.137317985296
      vertex 0.243483170867 -0.288850903511 -0.136924371123
    endloop
  endfacet
  facet normal 0.531511247158 0.468075037003 0.705975592136
    outer loop
      vertex 0.243791639805 -0.288529038429 -0.136789187789
      vertex 0.243483170867 -0.288850903511 -0.136924371123
      vertex 0.243908062577 -0.28879198432 -0.137317985296
    endloop
  endfacet
  facet normal 0.450143843889 0.583087205887 0.676298618317
    outer loop
      vertex 0.243483170867 -0.288850903511 -0.136924371123
      vertex 0.243791639805 -0.288529038429 -0.136789187789
      vertex 0.243191331625 -0.288472861052 -0.136260598898
    endloop
  endfacet
  facet normal 0.547820568085 0.466078728437 0.694739699364
    outer loop
      vertex 0.244278475642 -0.288446754217 -0.137238770723
      vertex 0.243791639805 -0.288529038429 -0.136789187789
      vertex 0.243908062577 -0.28879198432 -0.137317985296
    endloop
  endfacet
  facet normal 0.636761367321 0.601178705692 0.482824146748
    outer loop
      vertex 0.244170352817 -0.288052231073 -0.136807397008
      vertex 0.243791639805 -0.288529038429 -0.136789187789
      vertex 0.244278475642 -0.288446754217 -0.137238770723
    endloop
  endfacet
  facet normal 0.427040398121 0.66620182991 0.611401319504
    outer loop
      vertex 0.244556307793 -0.288187891245 -0.137179300189
      vertex 0.244170352817 -0.288052231073 -0.136807397008
      vertex 0.244278475642 -0.288446754217 -0.137238770723
    endloop
  endfacet
  facet normal 0.597433805466 0.736084103584 0.3182028234
    outer loop
      vertex 0.244568228722 -0.287555187941 -0.136915460229
      vertex 0.244170352817 -0.288052231073 -0.136807397008
      vertex 0.244556307793 -0.288187891245 -0.137179300189
    endloop
  endfacet
  facet normal 0.670443177223 0.624294877052 0.400951176882
    outer loop
      vertex 0.244568228722 -0.287555187941 -0.136915460229
      vertex 0.244190424681 -0.287640243769 -0.136564359069
      vertex 0.244170352817 -0.288052231073 -0.136807397008
    endloop
  endfacet
  facet normal 0.675357997417 0.636457145214 0.372577369213
    outer loop
      vertex 0.244190424681 -0.287640243769 -0.136564359069
      vertex 0.244568228722 -0.287555187941 -0.136915460229
      vertex 0.244646370411 -0.287167280912 -0.136771291494
    endloop
  endfacet
  facet normal 0.19301186502 0.90640181303 0.37574210763
    outer loop
      vertex 0.244646370411 -0.287167280912 -0.136771291494
      vertex 0.244568228722 -0.287555187941 -0.136915460229
      vertex 0.245122760534 -0.287643015385 -0.137069955468
    endloop
  endfacet
  facet normal 0.1916962713 0.904562711716 0.380813390017
    outer loop
      vertex 0.244568228722 -0.287555187941 -0.136915460229
      vertex 0.244556307793 -0.288187891245 -0.137179300189
      vertex 0.245122760534 -0.287643015385 -0.137069955468
    endloop
  endfacet
  facet normal 0.51208114624 0.858537852764 0.0261848680675
    outer loop
      vertex 0.245282933116 -0.287338346243 -0.137156188488
      vertex 0.244646370411 -0.287167280912 -0.136771291494
      vertex 0.245122760534 -0.287643015385 -0.137069955468
    endloop
  endfacet
  facet normal 0.499851822853 0.862377524376 0.0803318321705
    outer loop
      vertex 0.245166823268 -0.286814063787 -0.137040048838
      vertex 0.244646370411 -0.287167280912 -0.136771291494
      vertex 0.245282933116 -0.287338346243 -0.137156188488
    endloop
  endfacet
  facet normal 0.468717187643 0.88315141201 0.018649533391
    outer loop
      vertex 0.244906589389 -0.286299109459 -0.136891067028
      vertex 0.244646370411 -0.287167280912 -0.136771291494
      vertex 0.245166823268 -0.286814063787 -0.137040048838
    endloop
  endfacet
  facet normal 0.458137720823 0.888759613037 0.0147048728541
    outer loop
      vertex 0.244906589389 -0.286299109459 -0.136891067028
      vertex 0.243821874261 -0.286823451519 -0.136340588331
      vertex 0.244646370411 -0.287167280912 -0.136771291494
    endloop
  endfacet
  facet normal 0.381119161844 0.909439980984 -0.16633439064
    outer loop
      vertex 0.243237376213 -0.285473972559 -0.136342465878
      vertex 0.243821874261 -0.286823451519 -0.136340588331
      vertex 0.244906589389 -0.286299109459 -0.136891067028
    endloop
  endfacet
  facet normal 0.337116062641 0.93972492218 -0.0571828745306
    outer loop
      vertex 0.243237376213 -0.285473972559 -0.136342465878
      vertex 0.244906589389 -0.286299109459 -0.136891067028
      vertex 0.244735449553 -0.285219788551 -0.136895343661
    endloop
  endfacet
  facet normal 0.27885428071 0.904245913029 -0.323387652636
    outer loop
      vertex 0.243748039007 -0.28443685174 -0.136870846152
      vertex 0.243237376213 -0.285473972559 -0.136342465878
      vertex 0.244735449553 -0.285219788551 -0.136895343661
    endloop
  endfacet
  facet normal 0.20349176228 0.90927451849 -0.363057792187
    outer loop
      vertex 0.243237376213 -0.285473972559 -0.136342465878
      vertex 0.243748039007 -0.28443685174 -0.136870846152
      vertex 0.242582678795 -0.284313082695 -0.136659473181
    endloop
  endfacet
  facet normal 0.196831867099 0.911940574646 -0.360029965639
    outer loop
      vertex 0.243237376213 -0.285473972559 -0.136342465878
      vertex 0.242582678795 -0.284313082695 -0.136659473181
      vertex 0.241677954793 -0.285855352879 -0.135855317116
    endloop
  endfacet
  facet normal 0.210647553205 0.912004709244 -0.351958841085
    outer loop
      vertex 0.239872708917 -0.28349134326 -0.136350661516
      vertex 0.241677954793 -0.285855352879 -0.135855317116
      vertex 0.242582678795 -0.284313082695 -0.136659473181
    endloop
  endfacet
  facet normal 0.268659979105 0.750303030014 -0.604042351246
    outer loop
      vertex 0.242401748896 -0.28267672658 -0.13791204989
      vertex 0.239872708917 -0.28349134326 -0.136350661516
      vertex 0.242582678795 -0.284313082695 -0.136659473181
    endloop
  endfacet
  facet normal 0.305372834206 0.882572352886 -0.35751003027
    outer loop
      vertex 0.243748039007 -0.28443685174 -0.136870846152
      vertex 0.244735449553 -0.285219788551 -0.136895343661
      vertex 0.244823262095 -0.284364879131 -0.137272030115
    endloop
  endfacet
  facet normal 0.448771059513 0.892656981945 0.04204788059
    outer loop
      vertex 0.243821874261 -0.286823451519 -0.136340588331
      vertex 0.244190424681 -0.287640243769 -0.136564359069
      vertex 0.244646370411 -0.287167280912 -0.136771291494
    endloop
  endfacet
  facet normal -0.581677138805 0.662401795387 -0.472097039223
    outer loop
      vertex 0.244278475642 -0.288446754217 -0.137238770723
      vertex 0.244647055864 -0.288451254368 -0.136911913753
      vertex 0.244556307793 -0.288187891245 -0.137179300189
    endloop
  endfacet
  facet normal 0.565986335278 0.635524690151 0.525135993958
    outer loop
      vertex 0.242347016931 -0.289989590645 -0.137088999152
      vertex 0.242379799485 -0.290247142315 -0.137331023812
      vertex 0.242693260312 -0.289881110191 -0.137307733297
    endloop
  endfacet
  facet normal 0.531327903271 0.650076389313 0.543223083019
    outer loop
      vertex 0.242220416665 -0.29028570652 -0.137232989073
      vertex 0.242379799485 -0.290247142315 -0.137331023812
      vertex 0.242347016931 -0.289989590645 -0.137088999152
    endloop
  endfacet
  facet normal 0.537715435028 0.675870239735 0.504045128822
    outer loop
      vertex 0.242245212197 -0.290403991938 -0.137340918183
      vertex 0.242379799485 -0.290247142315 -0.137331023812
      vertex 0.242220416665 -0.29028570652 -0.137232989073
    endloop
  endfacet
  facet normal 0.522815167904 0.681398391724 0.512211322784
    outer loop
      vertex 0.242129072547 -0.290387511253 -0.137239426374
      vertex 0.242245212197 -0.290403991938 -0.137340918183
      vertex 0.242220416665 -0.29028570652 -0.137232989073
    endloop
  endfacet
  facet normal -0.591069579124 0.659661591053 -0.464201778173
    outer loop
      vertex 0.242379799485 -0.290247142315 -0.137331023812
      vertex 0.242697119713 -0.290200233459 -0.137079715729
      vertex 0.242693260312 -0.289881110191 -0.137307733297
    endloop
  endfacet
  facet normal -0.562008917332 0.676186323166 -0.476359128952
    outer loop
      vertex 0.242693260312 -0.289881110191 -0.137307733297
      vertex 0.242697119713 -0.290200233459 -0.137079715729
      vertex 0.243037447333 -0.289823681116 -0.137062132359
    endloop
  endfacet
  facet normal -0.570278942585 0.663407027721 -0.484430640936
    outer loop
      vertex 0.242697119713 -0.290200233459 -0.137079715729
      vertex 0.243100062013 -0.290225684643 -0.136714756489
      vertex 0.243037447333 -0.289823681116 -0.137062132359
    endloop
  endfacet
  facet normal -0.579053461552 0.671550929546 -0.462294667959
    outer loop
      vertex 0.243100062013 -0.290225684643 -0.136714756489
      vertex 0.242697119713 -0.290200233459 -0.137079715729
      vertex 0.24261648953 -0.290521681309 -0.136927962303
    endloop
  endfacet
  facet normal -0.445984750986 0.710426688194 -0.544418513775
    outer loop
      vertex 0.243100062013 -0.290225684643 -0.136714756489
      vertex 0.243380308151 -0.289714097977 -0.13693086803
      vertex 0.243037447333 -0.289823681116 -0.137062132359
    endloop
  endfacet
  facet normal -0.446283608675 0.691797912121 -0.567667663097
    outer loop
      vertex 0.243057191372 -0.28949034214 -0.137322917581
      vertex 0.243037447333 -0.289823681116 -0.137062132359
      vertex 0.243380308151 -0.289714097977 -0.13693086803
    endloop
  endfacet
  facet normal -0.547991335392 0.642755389214 -0.535323262215
    outer loop
      vertex 0.242693260312 -0.289881110191 -0.137307733297
      vertex 0.243037447333 -0.289823681116 -0.137062132359
      vertex 0.243057191372 -0.28949034214 -0.137322917581
    endloop
  endfacet
  facet normal -0.584790110588 0.648981451988 -0.486665725708
    outer loop
      vertex 0.242155775428 -0.290508717299 -0.137347623706
      vertex 0.24213527143 -0.290576279163 -0.137315437198
      vertex 0.242214024067 -0.290573179722 -0.137246802449
    endloop
  endfacet
  facet normal -0.610530972481 0.626921236515 -0.483964592218
    outer loop
      vertex 0.24213527143 -0.290576279163 -0.137315437198
      vertex 0.242155775428 -0.290508717299 -0.137347623706
      vertex 0.242110952735 -0.290561079979 -0.137350857258
    endloop
  endfacet
  facet normal 0.389735579491 0.760756254196 0.518995285034
    outer loop
      vertex 0.242083385587 -0.29052489996 -0.137301564217
      vertex 0.241983294487 -0.29055005312 -0.137267455459
      vertex 0.242057815194 -0.290574103594 -0.137322038412
    endloop
  endfacet
  facet normal 0.295209169388 0.692886173725 0.657845199108
    outer loop
      vertex 0.241983294487 -0.29055005312 -0.137267455459
      vertex 0.241994976997 -0.290618270636 -0.137337192893
      vertex 0.242057815194 -0.290574103594 -0.137322038412
    endloop
  endfacet
  facet normal 0.216138795018 0.787110507488 0.577703297138
    outer loop
      vertex 0.242080315948 -0.290602236986 -0.137348860502
      vertex 0.242057815194 -0.290574103594 -0.137322038412
      vertex 0.241994976997 -0.290618270636 -0.137337192893
    endloop
  endfacet
  facet normal 0.361373186111 0.63863915205 -0.679374277592
    outer loop
      vertex 0.243592977524 -0.281875312328 -0.139438644052
      vertex 0.242206349969 -0.281116247177 -0.139461502433
      vertex 0.242401748896 -0.28267672658 -0.13791204989
    endloop
  endfacet
  facet normal 0.412266075611 0.490309506655 -0.767875790596
    outer loop
      vertex 0.242206349969 -0.281116247177 -0.139461502433
      vertex 0.243592977524 -0.281875312328 -0.139438644052
      vertex 0.243563085794 -0.281168907881 -0.140519812703
    endloop
  endfacet
  facet normal 0.390535891056 0.495943009853 -0.775578677654
    outer loop
      vertex 0.243592977524 -0.281875312328 -0.139438644052
      vertex 0.244511157274 -0.281829893589 -0.140232697129
      vertex 0.243563085794 -0.281168907881 -0.140519812703
    endloop
  endfacet
  facet normal 0.373435825109 0.438049852848 -0.817715108395
    outer loop
      vertex 0.242206349969 -0.281116247177 -0.139461502433
      vertex 0.243563085794 -0.281168907881 -0.140519812703
      vertex 0.242794007063 -0.280355334282 -0.141382887959
    endloop
  endfacet
  facet normal 0.188174232841 0.41083714366 -0.892078101635
    outer loop
      vertex 0.242206349969 -0.281116247177 -0.139461502433
      vertex 0.242794007063 -0.280355334282 -0.141382887959
      vertex 0.238985762 -0.279641598463 -0.141188383102
    endloop
  endfacet
  facet normal 0.418034553528 0.143068104982 -0.897094547749
    outer loop
      vertex 0.243487685919 -0.280055820942 -0.143336012959
      vertex 0.245039403439 -0.280621230602 -0.144324705005
      vertex 0.243232667446 -0.279749900103 -0.144509121776
    endloop
  endfacet
  facet normal 0.421983629465 0.151077568531 -0.893926978111
    outer loop
      vertex 0.243487685919 -0.280055820942 -0.143336012959
      vertex 0.24454537034 -0.280610412359 -0.143008798361
      vertex 0.245039403439 -0.280621230602 -0.144324705005
    endloop
  endfacet
  facet normal 0.530722022057 0.19246481359 -0.825403809547
    outer loop
      vertex 0.24454537034 -0.280610412359 -0.143008798361
      vertex 0.245491087437 -0.281088113785 -0.14356790483
      vertex 0.245039403439 -0.280621230602 -0.144324705005
    endloop
  endfacet
  facet normal 0.496961474419 0.104564517736 -0.861449718475
    outer loop
      vertex 0.245491087437 -0.281088113785 -0.14356790483
      vertex 0.24454537034 -0.280610412359 -0.143008798361
      vertex 0.245484188199 -0.281158298254 -0.142956972122
    endloop
  endfacet
  facet normal 0.476205945015 0.258586555719 -0.84045279026
    outer loop
      vertex 0.24454537034 -0.280610412359 -0.143008798361
      vertex 0.244957134128 -0.281120598316 -0.142108872533
      vertex 0.245484188199 -0.281158298254 -0.142956972122
    endloop
  endfacet
  facet normal 0.567699670792 0.319072723389 -0.758887112141
    outer loop
      vertex 0.244957134128 -0.281120598316 -0.142108872533
      vertex 0.245718210936 -0.281526207924 -0.142498284578
      vertex 0.245484188199 -0.281158298254 -0.142956972122
    endloop
  endfacet
  facet normal 0.569407582283 0.327498793602 -0.754002332687
    outer loop
      vertex 0.245718210936 -0.281526207924 -0.142498284578
      vertex 0.244957134128 -0.281120598316 -0.142108872533
      vertex 0.245480656624 -0.281589627266 -0.141939252615
    endloop
  endfacet
  facet normal 0.563959240913 0.32573312521 -0.758846461773
    outer loop
      vertex 0.245718210936 -0.281526207924 -0.142498284578
      vertex 0.245480656624 -0.281589627266 -0.141939252615
      vertex 0.245910778642 -0.281786888838 -0.142224386334
    endloop
  endfacet
  facet normal 0.53393894434 0.245733290911 -0.809026777744
    outer loop
      vertex 0.245480656624 -0.281589627266 -0.141939252615
      vertex 0.245864018798 -0.281885743141 -0.141797333956
      vertex 0.245910778642 -0.281786888838 -0.142224386334
    endloop
  endfacet
  facet normal 0.748190283775 0.226293727756 -0.623700618744
    outer loop
      vertex 0.245864018798 -0.281885743141 -0.141797333956
      vertex 0.246225968003 -0.282181441784 -0.142179057002
      vertex 0.245910778642 -0.281786888838 -0.142224386334
    endloop
  endfacet
  facet normal 0.765670657158 0.27590328455 -0.581055819988
    outer loop
      vertex 0.245864018798 -0.281885743141 -0.141797333956
      vertex 0.246222227812 -0.282386690378 -0.141736403108
      vertex 0.246225968003 -0.282181441784 -0.142179057002
    endloop
  endfacet
  facet normal 0.764999032021 0.144157707691 -0.627690255642
    outer loop
      vertex 0.246225968003 -0.282181441784 -0.142179057002
      vertex 0.246183052659 -0.2820700109 -0.142436519265
      vertex 0.245910778642 -0.281786888838 -0.142224386334
    endloop
  endfacet
  facet normal 0.776560842991 0.198833286762 -0.597844958305
    outer loop
      vertex 0.246183052659 -0.2820700109 -0.142436519265
      vertex 0.246007293463 -0.28180244565 -0.142554581165
      vertex 0.245910778642 -0.281786888838 -0.142224386334
    endloop
  endfacet
  facet normal 0.803137123585 0.124711945653 -0.582595705986
    outer loop
      vertex 0.246007293463 -0.28180244565 -0.142554581165
      vertex 0.246183052659 -0.2820700109 -0.142436519265
      vertex 0.24613891542 -0.281952291727 -0.14270222187
    endloop
  endfacet
  facet normal -0.224565237761 0.425653070211 -0.876578509808
    outer loop
      vertex 0.2462900877 -0.281959563494 -0.142607495189
      vertex 0.24613891542 -0.281952291727 -0.14270222187
      vertex 0.246183052659 -0.2820700109 -0.142436519265
    endloop
  endfacet
  facet normal -0.22377024591 0.424444943666 -0.877367317677
    outer loop
      vertex 0.24613891542 -0.281952291727 -0.14270222187
      vertex 0.2462900877 -0.281959563494 -0.142607495189
      vertex 0.246215701103 -0.281909883022 -0.142749413848
    endloop
  endfacet
  facet normal -0.218127533793 0.422339141369 -0.879801154137
    outer loop
      vertex 0.246471703053 -0.281822323799 -0.142799586058
      vertex 0.246215701103 -0.281909883022 -0.142749413848
      vertex 0.2462900877 -0.281959563494 -0.142607495189
    endloop
  endfacet
  facet normal -0.214696019888 0.432601004839 -0.875649452209
    outer loop
      vertex 0.24630703032 -0.281794607639 -0.142937421799
      vertex 0.246215701103 -0.281909883022 -0.142749413848
      vertex 0.246471703053 -0.281822323799 -0.142799586058
    endloop
  endfacet
  facet normal -0.223828807473 0.428114324808 -0.875567674637
    outer loop
      vertex 0.246215701103 -0.281909883022 -0.142749413848
      vertex 0.24630703032 -0.281794607639 -0.142937421799
      vertex 0.246112018824 -0.281881570816 -0.142861515284
    endloop
  endfacet
  facet normal -0.218847870827 0.437203168869 -0.872329652309
    outer loop
      vertex 0.24630703032 -0.281794607639 -0.142937421799
      vertex 0.246069818735 -0.281765967607 -0.143113300204
      vertex 0.246112018824 -0.281881570816 -0.142861515284
    endloop
  endfacet
  facet normal -0.217558354139 0.435643434525 -0.873431801796
    outer loop
      vertex 0.246069818735 -0.281765967607 -0.143113300204
      vertex 0.24630703032 -0.281794607639 -0.142937421799
      vertex 0.246273398399 -0.281666129827 -0.14321179688
    endloop
  endfacet
  facet normal -0.211115017533 0.435602813959 -0.87503182888
    outer loop
      vertex 0.246273398399 -0.281666129827 -0.14321179688
      vertex 0.24630703032 -0.281794607639 -0.142937421799
      vertex 0.246515840292 -0.281640708447 -0.143145367503
    endloop
  endfacet
  facet normal -0.214643523097 0.432546317577 -0.875689387321
    outer loop
      vertex 0.246471703053 -0.281822323799 -0.142799586058
      vertex 0.246515840292 -0.281640708447 -0.143145367503
      vertex 0.24630703032 -0.281794607639 -0.142937421799
    endloop
  endfacet
  facet normal -0.213353410363 0.43280851841 -0.87587505579
    outer loop
      vertex 0.246924653649 -0.281558960676 -0.143109276891
      vertex 0.246515840292 -0.281640708447 -0.143145367503
      vertex 0.246471703053 -0.281822323799 -0.142799586058
    endloop
  endfacet
  facet normal -0.213392779231 0.428655654192 -0.877905368805
    outer loop
      vertex 0.246505305171 -0.281516492367 -0.143405005336
      vertex 0.246515840292 -0.281640708447 -0.143145367503
      vertex 0.246924653649 -0.281558960676 -0.143109276891
    endloop
  endfacet
  facet normal -0.209657341242 0.428881645203 -0.878694653511
    outer loop
      vertex 0.246515840292 -0.281640708447 -0.143145367503
      vertex 0.246505305171 -0.281516492367 -0.143405005336
      vertex 0.246273398399 -0.281666129827 -0.14321179688
    endloop
  endfacet
  facet normal -0.213175132871 0.425337612629 -0.879570543766
    outer loop
      vertex 0.246271073818 -0.281432807446 -0.14369545877
      vertex 0.246273398399 -0.281666129827 -0.14321179688
      vertex 0.246505305171 -0.281516492367 -0.143405005336
    endloop
  endfacet
  facet normal -0.208721056581 0.425737828016 -0.880444705486
    outer loop
      vertex 0.246027588844 -0.281650424004 -0.143364787102
      vertex 0.246273398399 -0.281666129827 -0.14321179688
      vertex 0.246271073818 -0.281432807446 -0.14369545877
    endloop
  endfacet
  facet normal -0.21644128859 0.437362492085 -0.872850060463
    outer loop
      vertex 0.246069818735 -0.281765967607 -0.143113300204
      vertex 0.246273398399 -0.281666129827 -0.14321179688
      vertex 0.246027588844 -0.281650424004 -0.143364787102
    endloop
  endfacet
  facet normal 0.73477357626 0.177393719554 -0.65470546484
    outer loop
      vertex 0.246027588844 -0.281650424004 -0.143364787102
      vertex 0.245810300112 -0.281506687403 -0.142995268106
      vertex 0.246069818735 -0.281765967607 -0.143113300204
    endloop
  endfacet
  facet normal 0.692996025085 0.13178960979 -0.708793342113
    outer loop
      vertex 0.245810300112 -0.281506687403 -0.142995268106
      vertex 0.246027588844 -0.281650424004 -0.143364787102
      vertex 0.245491087437 -0.281088113785 -0.14356790483
    endloop
  endfacet
  facet normal 0.669355988503 0.207178294659 -0.713470160961
    outer loop
      vertex 0.246027588844 -0.281650424004 -0.143364787102
      vertex 0.245933443308 -0.281387329102 -0.143966689706
      vertex 0.245491087437 -0.281088113785 -0.14356790483
    endloop
  endfacet
  facet normal -0.218146204948 0.419320613146 -0.881239175797
    outer loop
      vertex 0.245933443308 -0.281387329102 -0.143966689706
      vertex 0.246027588844 -0.281650424004 -0.143364787102
      vertex 0.246271073818 -0.281432807446 -0.14369545877
    endloop
  endfacet
  facet normal -0.218453422189 0.419662952423 -0.881000041962
    outer loop
      vertex 0.246545001864 -0.281084775925 -0.144283503294
      vertex 0.245933443308 -0.281387329102 -0.143966689706
      vertex 0.246271073818 -0.281432807446 -0.14369545877
    endloop
  endfacet
  facet normal -0.22960293293 0.402895122766 -0.885978579521
    outer loop
      vertex 0.245933443308 -0.281387329102 -0.143966689706
      vertex 0.246545001864 -0.281084775925 -0.144283503294
      vertex 0.245818838477 -0.281059771776 -0.144752308726
    endloop
  endfacet
  facet normal 0.573396265507 0.242614969611 -0.782530963421
    outer loop
      vertex 0.245039403439 -0.280621230602 -0.144324705005
      vertex 0.245933443308 -0.281387329102 -0.143966689706
      vertex 0.245818838477 -0.281059771776 -0.144752308726
    endloop
  endfacet
  facet normal 0.621724069118 0.107559666038 -0.775815725327
    outer loop
      vertex 0.245933443308 -0.281387329102 -0.143966689706
      vertex 0.245039403439 -0.280621230602 -0.144324705005
      vertex 0.245491087437 -0.281088113785 -0.14356790483
    endloop
  endfacet
  facet normal 0.556527137756 0.183338880539 -0.810348331928
    outer loop
      vertex 0.245400831103 -0.280676007271 -0.145179659128
      vertex 0.245039403439 -0.280621230602 -0.144324705005
      vertex 0.245818838477 -0.281059771776 -0.144752308726
    endloop
  endfacet
  facet normal 0.515196084976 0.163886860013 -0.841257452965
    outer loop
      vertex 0.244964107871 -0.280372738838 -0.145363524556
      vertex 0.245039403439 -0.280621230602 -0.144324705005
      vertex 0.245400831103 -0.280676007271 -0.145179659128
    endloop
  endfacet
  facet normal 0.449608117342 0.176842883229 -0.875545024872
    outer loop
      vertex 0.243915349245 -0.279844373465 -0.145313054323
      vertex 0.245039403439 -0.280621230602 -0.144324705005
      vertex 0.244964107871 -0.280372738838 -0.145363524556
    endloop
  endfacet
  facet normal 0.402166426182 0.237600728869 -0.884199082851
    outer loop
      vertex 0.243915349245 -0.279844373465 -0.145313054323
      vertex 0.243232667446 -0.279749900103 -0.144509121776
      vertex 0.245039403439 -0.280621230602 -0.144324705005
    endloop
  endfacet
  facet normal 0.302223742008 0.145940855145 -0.941998958588
    outer loop
      vertex 0.243915349245 -0.279844373465 -0.145313054323
      vertex 0.241952329874 -0.279089421034 -0.146120890975
      vertex 0.243232667446 -0.279749900103 -0.144509121776
    endloop
  endfacet
  facet normal 0.520716607571 0.229182362556 -0.822392642498
    outer loop
      vertex 0.245818838477 -0.281059771776 -0.144752308726
      vertex 0.245756611228 -0.280866920948 -0.145302966237
      vertex 0.245400831103 -0.280676007271 -0.145179659128
    endloop
  endfacet
  facet normal -0.222802847624 0.417578399181 -0.88090133667
    outer loop
      vertex 0.246271073818 -0.281432807446 -0.14369545877
      vertex 0.246793717146 -0.281259775162 -0.143781617284
      vertex 0.246545001864 -0.281084775925 -0.144283503294
    endloop
  endfacet
  facet normal -0.219296678901 0.429286181927 -0.876140594482
    outer loop
      vertex 0.246793717146 -0.281259775162 -0.143781617284
      vertex 0.246271073818 -0.281432807446 -0.14369545877
      vertex 0.246505305171 -0.281516492367 -0.143405005336
    endloop
  endfacet
  facet normal -0.215784922242 0.431745886803 -0.875803828239
    outer loop
      vertex 0.246793717146 -0.281259775162 -0.143781617284
      vertex 0.246505305171 -0.281516492367 -0.143405005336
      vertex 0.246924653649 -0.281558960676 -0.143109276891
    endloop
  endfacet
  facet normal -0.118782371283 0.422891557217 -0.898361563683
    outer loop
      vertex 0.247607395053 -0.281372845173 -0.143312871456
      vertex 0.246793717146 -0.281259775162 -0.143781617284
      vertex 0.246924653649 -0.281558960676 -0.143109276891
    endloop
  endfacet
  facet normal -0.111995458603 0.412483632565 -0.9040543437
    outer loop
      vertex 0.246793717146 -0.281259775162 -0.143781617284
      vertex 0.247607395053 -0.281372845173 -0.143312871456
      vertex 0.247396796942 -0.281103163958 -0.143961131573
    endloop
  endfacet
  facet normal -0.0735524073243 0.403337538242 -0.912090361118
    outer loop
      vertex 0.247396796942 -0.281103163958 -0.143961131573
      vertex 0.247607395053 -0.281372845173 -0.143312871456
      vertex 0.247863382101 -0.281041145325 -0.14401628077
    endloop
  endfacet
  facet normal -0.0718829110265 0.412825524807 -0.907969117165
    outer loop
      vertex 0.247264251113 -0.280804187059 -0.144641771913
      vertex 0.247396796942 -0.281103163958 -0.143961131573
      vertex 0.247863382101 -0.281041145325 -0.14401628077
    endloop
  endfacet
  facet normal -0.139955729246 0.420926809311 -0.896232664585
    outer loop
      vertex 0.247264251113 -0.280804187059 -0.144641771913
      vertex 0.246545001864 -0.281084775925 -0.144283503294
      vertex 0.247396796942 -0.281103163958 -0.143961131573
    endloop
  endfacet
  facet normal -0.124461308122 0.381119787693 -0.916109740734
    outer loop
      vertex 0.246793717146 -0.281259775162 -0.143781617284
      vertex 0.247396796942 -0.281103163958 -0.143961131573
      vertex 0.246545001864 -0.281084775925 -0.144283503294
    endloop
  endfacet
  facet normal -0.120887160301 0.417766600847 -0.90047621727
    outer loop
      vertex 0.246924653649 -0.281558960676 -0.143109276891
      vertex 0.247125983238 -0.281730443239 -0.142681390047
      vertex 0.247607395053 -0.281372845173 -0.143312871456
    endloop
  endfacet
  facet normal -0.202881276608 0.4450276196 -0.872232556343
    outer loop
      vertex 0.247125983238 -0.281730443239 -0.142681390047
      vertex 0.246924653649 -0.281558960676 -0.143109276891
      vertex 0.246471703053 -0.281822323799 -0.142799586058
    endloop
  endfacet
  facet normal -0.12532043457 0.414815992117 -0.90123385191
    outer loop
      vertex 0.247125983238 -0.281730443239 -0.142681390047
      vertex 0.247787043452 -0.281773716211 -0.142387658358
      vertex 0.247607395053 -0.281372845173 -0.143312871456
    endloop
  endfacet
  facet normal 0.7320702672 0.0858873128891 -0.675793230534
    outer loop
      vertex 0.245810300112 -0.281506687403 -0.142995268106
      vertex 0.245491087437 -0.281088113785 -0.14356790483
      vertex 0.245484188199 -0.281158298254 -0.142956972122
    endloop
  endfacet
  facet normal 0.729301571846 0.161256864667 -0.664917588234
    outer loop
      vertex 0.245718210936 -0.281526207924 -0.142498284578
      vertex 0.245810300112 -0.281506687403 -0.142995268106
      vertex 0.245484188199 -0.281158298254 -0.142956972122
    endloop
  endfacet
  facet normal 0.71994304657 0.159932658076 -0.675354421139
    outer loop
      vertex 0.245718210936 -0.281526207924 -0.142498284578
      vertex 0.245984554291 -0.281736731529 -0.142808273435
      vertex 0.245810300112 -0.281506687403 -0.142995268106
    endloop
  endfacet
  facet normal 0.697980463505 0.120290264487 -0.705941617489
    outer loop
      vertex 0.245984554291 -0.281736731529 -0.142808273435
      vertex 0.245718210936 -0.281526207924 -0.142498284578
      vertex 0.246007293463 -0.28180244565 -0.142554581165
    endloop
  endfacet
  facet normal 0.697875499725 0.171233966947 -0.695448577404
    outer loop
      vertex 0.246007293463 -0.28180244565 -0.142554581165
      vertex 0.245718210936 -0.281526207924 -0.142498284578
      vertex 0.245910778642 -0.281786888838 -0.142224386334
    endloop
  endfacet
  facet normal 0.789275348186 0.0867073237896 -0.60788667202
    outer loop
      vertex 0.246061742306 -0.281844496727 -0.142755389214
      vertex 0.245984554291 -0.281736731529 -0.142808273435
      vertex 0.246007293463 -0.28180244565 -0.142554581165
    endloop
  endfacet
  facet normal 0.768699645996 0.146653741598 -0.622570097446
    outer loop
      vertex 0.246112018824 -0.281881570816 -0.142861515284
      vertex 0.245984554291 -0.281736731529 -0.142808273435
      vertex 0.246061742306 -0.281844496727 -0.142755389214
    endloop
  endfacet
  facet normal 0.769226312637 0.155627086759 -0.619734704494
    outer loop
      vertex 0.245984554291 -0.281736731529 -0.142808273435
      vertex 0.246112018824 -0.281881570816 -0.142861515284
      vertex 0.246069818735 -0.281765967607 -0.143113300204
    endloop
  endfacet
  facet normal 0.730995833874 0.140333428979 -0.667796075344
    outer loop
      vertex 0.245810300112 -0.281506687403 -0.142995268106
      vertex 0.245984554291 -0.281736731529 -0.142808273435
      vertex 0.246069818735 -0.281765967607 -0.143113300204
    endloop
  endfacet
  facet normal 0.768655240536 0.146609947085 -0.622635245323
    outer loop
      vertex 0.246061742306 -0.281844496727 -0.142755389214
      vertex 0.24613891542 -0.281952291727 -0.14270222187
      vertex 0.246112018824 -0.281881570816 -0.142861515284
    endloop
  endfacet
  facet normal 0.789287567139 0.086714155972 -0.60786986351
    outer loop
      vertex 0.246007293463 -0.28180244565 -0.142554581165
      vertex 0.24613891542 -0.281952291727 -0.14270222187
      vertex 0.246061742306 -0.281844496727 -0.142755389214
    endloop
  endfacet
  facet normal -0.222009405494 0.426720321178 -0.876710653305
    outer loop
      vertex 0.246112018824 -0.281881570816 -0.142861515284
      vertex 0.24613891542 -0.281952291727 -0.14270222187
      vertex 0.246215701103 -0.281909883022 -0.142749413848
    endloop
  endfacet
  facet normal 0.137624308467 0.0355486534536 -0.989846348763
    outer loop
      vertex 0.241920918226 -0.279031485319 -0.147612467408
      vertex 0.23980332911 -0.278777360916 -0.146490424871
      vertex 0.241952329874 -0.279089421034 -0.146120890975
    endloop
  endfacet
  facet normal 0.375185698271 -0.0920176357031 -0.922371089458
    outer loop
      vertex 0.242699161172 -0.279540538788 -0.149542033672
      vertex 0.241642400622 -0.279099583626 -0.149430692196
      vertex 0.241920918226 -0.279031485319 -0.147612467408
    endloop
  endfacet
  facet normal 0.361062169075 -0.189381361008 -0.91310942173
    outer loop
      vertex 0.242699161172 -0.279540538788 -0.149542033672
      vertex 0.242364689708 -0.279522389174 -0.150092199445
      vertex 0.241642400622 -0.279099583626 -0.149430692196
    endloop
  endfacet
  facet normal 0.390627741814 -0.207894578576 -0.89676630497
    outer loop
      vertex 0.243064582348 -0.279845505953 -0.150170907378
      vertex 0.242364689708 -0.279522389174 -0.150092199445
      vertex 0.242699161172 -0.279540538788 -0.149542033672
    endloop
  endfacet
  facet normal 0.389294028282 -0.215128317475 -0.895639419556
    outer loop
      vertex 0.242717340589 -0.279871374369 -0.150906950235
      vertex 0.242364689708 -0.279522389174 -0.150092199445
      vertex 0.243064582348 -0.279845505953 -0.150170907378
    endloop
  endfacet
  facet normal 0.276086717844 -0.274973869324 -0.920958995819
    outer loop
      vertex 0.242364689708 -0.279522389174 -0.150092199445
      vertex 0.242717340589 -0.279871374369 -0.150906950235
      vertex 0.241113096476 -0.279415100813 -0.15098951757
    endloop
  endfacet
  facet normal 0.275276809931 -0.298467338085 -0.913859903812
    outer loop
      vertex 0.242717340589 -0.279871374369 -0.150906950235
      vertex 0.242454409599 -0.280119538307 -0.151909291744
      vertex 0.241113096476 -0.279415100813 -0.15098951757
    endloop
  endfacet
  facet normal 0.411003440619 -0.319229006767 -0.853913903236
    outer loop
      vertex 0.242717340589 -0.279871374369 -0.150906950235
      vertex 0.243279874325 -0.280253261328 -0.151204228401
      vertex 0.242454409599 -0.280119538307 -0.151909291744
    endloop
  endfacet
  facet normal 0.38680768013 -0.359148800373 -0.849347949028
    outer loop
      vertex 0.243279874325 -0.280253261328 -0.151204228401
      vertex 0.242717340589 -0.279871374369 -0.150906950235
      vertex 0.243429780006 -0.280150532722 -0.150799825788
    endloop
  endfacet
  facet normal 0.384043127298 -0.212750673294 -0.898469805717
    outer loop
      vertex 0.242717340589 -0.279871374369 -0.150906950235
      vertex 0.243064582348 -0.279845505953 -0.150170907378
      vertex 0.243429780006 -0.280150532722 -0.150799825788
    endloop
  endfacet
  facet normal 0.353157252073 -0.234225556254 -0.905769467354
    outer loop
      vertex 0.243755877018 -0.279981195927 -0.149653315544
      vertex 0.243429780006 -0.280150532722 -0.150799825788
      vertex 0.243064582348 -0.279845505953 -0.150170907378
    endloop
  endfacet
  facet normal 0.471300214529 -0.258588850498 -0.843212842941
    outer loop
      vertex 0.243429780006 -0.280150532722 -0.150799825788
      vertex 0.243755877018 -0.279981195927 -0.149653315544
      vertex 0.24399587512 -0.280368685722 -0.15047942102
    endloop
  endfacet
  facet normal 0.539665997028 -0.223882749677 -0.81156462431
    outer loop
      vertex 0.24399587512 -0.280368685722 -0.15047942102
      vertex 0.243755877018 -0.279981195927 -0.149653315544
      vertex 0.24438393116 -0.280502825975 -0.150030270219
    endloop
  endfacet
  facet normal 0.500147283077 -0.29386267066 -0.814553499222
    outer loop
      vertex 0.24438393116 -0.280502825975 -0.150030270219
      vertex 0.243755877018 -0.279981195927 -0.149653315544
      vertex 0.244490683079 -0.28039842844 -0.149559229612
    endloop
  endfacet
  facet normal 0.705752193928 -0.445151805878 -0.551138520241
    outer loop
      vertex 0.24399587512 -0.280368685722 -0.15047942102
      vertex 0.24438393116 -0.280502825975 -0.150030270219
      vertex 0.244435444474 -0.280782788992 -0.150295227766
    endloop
  endfacet
  facet normal 0.716011464596 -0.34738445282 -0.605517625809
    outer loop
      vertex 0.244435444474 -0.280782788992 -0.150295227766
      vertex 0.244161590934 -0.280797362328 -0.150885075331
      vertex 0.24399587512 -0.280368685722 -0.15047942102
    endloop
  endfacet
  facet normal 0.803746044636 -0.384377002716 -0.454143822193
    outer loop
      vertex 0.244161590934 -0.280797362328 -0.150885075331
      vertex 0.244435444474 -0.280782788992 -0.150295227766
      vertex 0.244479343295 -0.281175553799 -0.150667488575
    endloop
  endfacet
  facet normal 0.803750872612 -0.384371966124 -0.454139590263
    outer loop
      vertex 0.244435444474 -0.280782788992 -0.150295227766
      vertex 0.244652286172 -0.281125307083 -0.150246471167
      vertex 0.244479343295 -0.281175553799 -0.150667488575
    endloop
  endfacet
  facet normal -0.430819898844 0.0695941969752 -0.899750471115
    outer loop
      vertex 0.244915366173 -0.280957370996 -0.15078908205
      vertex 0.244479343295 -0.281175553799 -0.150667488575
      vertex 0.244652286172 -0.281125307083 -0.150246471167
    endloop
  endfacet
  facet normal -0.469100654125 -0.109755508602 -0.876298069954
    outer loop
      vertex 0.244479343295 -0.281175553799 -0.150667488575
      vertex 0.244915366173 -0.280957370996 -0.15078908205
      vertex 0.244808718562 -0.28106495738 -0.151192218065
    endloop
  endfacet
  facet normal -0.354032427073 -0.152581468225 -0.922702491283
    outer loop
      vertex 0.244808718562 -0.28106495738 -0.151192218065
      vertex 0.244915366173 -0.280957370996 -0.15078908205
      vertex 0.245494887233 -0.280832767487 -0.151380240917
    endloop
  endfacet
  facet normal -0.378221690655 -0.179357498884 -0.908173561096
    outer loop
      vertex 0.245494887233 -0.280832767487 -0.151380240917
      vertex 0.244915366173 -0.280957370996 -0.15078908205
      vertex 0.245463237166 -0.280666977167 -0.150474026799
    endloop
  endfacet
  facet normal -0.484057247639 0.0359065756202 -0.874299287796
    outer loop
      vertex 0.245463237166 -0.280666977167 -0.150474026799
      vertex 0.244915366173 -0.280957370996 -0.15078908205
      vertex 0.244652286172 -0.281125307083 -0.150246471167
    endloop
  endfacet
  facet normal -0.470940053463 0.0893577039242 -0.877627849579
    outer loop
      vertex 0.244825303555 -0.281075328588 -0.149825513363
      vertex 0.245463237166 -0.280666977167 -0.150474026799
      vertex 0.244652286172 -0.281125307083 -0.150246471167
    endloop
  endfacet
  facet normal -0.563426971436 -0.0344787091017 -0.825446128845
    outer loop
      vertex 0.244825303555 -0.281075328588 -0.149825513363
      vertex 0.245417490602 -0.2806597054 -0.149552226067
      vertex 0.245463237166 -0.280666977167 -0.150474026799
    endloop
  endfacet
  facet normal -0.615629434586 0.16072113812 -0.771472036839
    outer loop
      vertex 0.244998246431 -0.281025081873 -0.149404257536
      vertex 0.245417490602 -0.2806597054 -0.149552226067
      vertex 0.244825303555 -0.281075328588 -0.149825513363
    endloop
  endfacet
  facet normal -0.381167113781 -0.319928556681 -0.867385327816
    outer loop
      vertex 0.245140984654 -0.281125813723 -0.151753082871
      vertex 0.244808718562 -0.28106495738 -0.151192218065
      vertex 0.245494887233 -0.280832767487 -0.151380240917
    endloop
  endfacet
  facet normal -0.418089091778 -0.339126855135 -0.842730402946
    outer loop
      vertex 0.244808718562 -0.28106495738 -0.151192218065
      vertex 0.245140984654 -0.281125813723 -0.151753082871
      vertex 0.244541838765 -0.281293720007 -0.151431679726
    endloop
  endfacet
  facet normal -0.446052908897 -0.41809758544 -0.791347742081
    outer loop
      vertex 0.245140984654 -0.281125813723 -0.151753082871
      vertex 0.244674041867 -0.281430393457 -0.151831403375
      vertex 0.244541838765 -0.281293720007 -0.151431679726
    endloop
  endfacet
  facet normal -0.446220517159 -0.417649924755 -0.791489601135
    outer loop
      vertex 0.244674041867 -0.281430393457 -0.151831403375
      vertex 0.245140984654 -0.281125813723 -0.151753082871
      vertex 0.244806200266 -0.281566768885 -0.152231052518
    endloop
  endfacet
  facet normal -0.477824896574 -0.391026377678 -0.786626815796
    outer loop
      vertex 0.245140984654 -0.281125813723 -0.151753082871
      vertex 0.24535317719 -0.281421840191 -0.152607902884
      vertex 0.244806200266 -0.281566768885 -0.152231052518
    endloop
  endfacet
  facet normal -0.355376660824 -0.383429020643 -0.852460920811
    outer loop
      vertex 0.24535317719 -0.281421840191 -0.152607902884
      vertex 0.245140984654 -0.281125813723 -0.151753082871
      vertex 0.245597720146 -0.281058073044 -0.152025803924
    endloop
  endfacet
  facet normal -0.342459380627 -0.357747584581 -0.868756711483
    outer loop
      vertex 0.245494887233 -0.280832767487 -0.151380240917
      vertex 0.245597720146 -0.281058073044 -0.152025803924
      vertex 0.245140984654 -0.281125813723 -0.151753082871
    endloop
  endfacet
  facet normal -0.288608849049 -0.356146067381 -0.888743460178
    outer loop
      vertex 0.245494887233 -0.280832767487 -0.151380240917
      vertex 0.246684685349 -0.280630797148 -0.151840403676
      vertex 0.245597720146 -0.281058073044 -0.152025803924
    endloop
  endfacet
  facet normal -0.277080923319 -0.394576072693 -0.876091241837
    outer loop
      vertex 0.246684685349 -0.280630797148 -0.151840403676
      vertex 0.245912849903 -0.281305283308 -0.152795985341
      vertex 0.245597720146 -0.281058073044 -0.152025803924
    endloop
  endfacet
  facet normal -0.314740717411 -0.404408246279 -0.858715474606
    outer loop
      vertex 0.24535317719 -0.281421840191 -0.152607902884
      vertex 0.245597720146 -0.281058073044 -0.152025803924
      vertex 0.245912849903 -0.281305283308 -0.152795985341
    endloop
  endfacet
  facet normal -0.31801918149 -0.419391930103 -0.850278913975
    outer loop
      vertex 0.245565652847 -0.281757801771 -0.153450161219
      vertex 0.24535317719 -0.281421840191 -0.152607902884
      vertex 0.245912849903 -0.281305283308 -0.152795985341
    endloop
  endfacet
  facet normal -0.235531374812 -0.41075566411 -0.880797803402
    outer loop
      vertex 0.245565652847 -0.281757801771 -0.153450161219
      vertex 0.24485039711 -0.281847059727 -0.153231412172
      vertex 0.24535317719 -0.281421840191 -0.152607902884
    endloop
  endfacet
  facet normal -0.242626041174 -0.440712839365 -0.864236533642
    outer loop
      vertex 0.245095103979 -0.282137870789 -0.153936415911
      vertex 0.24485039711 -0.281847059727 -0.153231412172
      vertex 0.245565652847 -0.281757801771 -0.153450161219
    endloop
  endfacet
  facet normal -0.249794736505 -0.442070782185 -0.861496388912
    outer loop
      vertex 0.245095103979 -0.282137870789 -0.153936415911
      vertex 0.244013115764 -0.28222027421 -0.153485611081
      vertex 0.24485039711 -0.281847059727 -0.153231412172
    endloop
  endfacet
  facet normal -0.147688627243 -0.176591679454 -0.973141014576
    outer loop
      vertex 0.244013115764 -0.28222027421 -0.153485611081
      vertex 0.245095103979 -0.282137870789 -0.153936415911
      vertex 0.243923142552 -0.282341390848 -0.154077798128
    endloop
  endfacet
  facet normal -0.0969040840864 -0.46413064003 -0.880450069904
    outer loop
      vertex 0.243923142552 -0.282341390848 -0.154077798128
      vertex 0.245095103979 -0.282137870789 -0.153936415911
      vertex 0.244639605284 -0.282539665699 -0.154603511095
    endloop
  endfacet
  facet normal -0.164161413908 -0.424276918173 -0.890528023243
    outer loop
      vertex 0.245095103979 -0.282137870789 -0.153936415911
      vertex 0.24603998661 -0.28231716156 -0.154678329825
      vertex 0.244639605284 -0.282539665699 -0.154603511095
    endloop
  endfacet
  facet normal -0.206668570638 -0.470515280962 -0.857848167419
    outer loop
      vertex 0.24603998661 -0.28231716156 -0.154678329825
      vertex 0.245095103979 -0.282137870789 -0.153936415911
      vertex 0.245565652847 -0.281757801771 -0.153450161219
    endloop
  endfacet
  facet normal -0.160222798586 -0.538241922855 -0.827420294285
    outer loop
      vertex 0.24603998661 -0.28231716156 -0.154678329825
      vertex 0.245107829571 -0.282956510782 -0.155383691192
      vertex 0.244639605284 -0.282539665699 -0.154603511095
    endloop
  endfacet
  facet normal -0.174713611603 -0.524445235729 -0.833326101303
    outer loop
      vertex 0.245107829571 -0.282956510782 -0.155383691192
      vertex 0.24603998661 -0.28231716156 -0.154678329825
      vertex 0.2458704561 -0.282999277115 -0.155705720186
    endloop
  endfacet
  facet normal -0.015288548544 -0.551306545734 -0.834162652493
    outer loop
      vertex 0.24603998661 -0.28231716156 -0.154678329825
      vertex 0.246534004807 -0.282695621252 -0.155264660716
      vertex 0.2458704561 -0.282999277115 -0.155705720186
    endloop
  endfacet
  facet normal 0.0349460504949 -0.601867973804 -0.79783064127
    outer loop
      vertex 0.246534004807 -0.282695621252 -0.155264660716
      vertex 0.246396869421 -0.283304870129 -0.156080245972
      vertex 0.2458704561 -0.282999277115 -0.155705720186
    endloop
  endfacet
  facet normal -0.0346268862486 -0.660587489605 -0.749950110912
    outer loop
      vertex 0.24576599896 -0.283535957336 -0.156309515238
      vertex 0.2458704561 -0.282999277115 -0.155705720186
      vertex 0.246396869421 -0.283304870129 -0.156080245972
    endloop
  endfacet
  facet normal -0.139374703169 -0.644275724888 -0.751986384392
    outer loop
      vertex 0.2458704561 -0.282999277115 -0.155705720186
      vertex 0.24576599896 -0.283535957336 -0.156309515238
      vertex 0.245078235865 -0.283324092627 -0.155913457274
    endloop
  endfacet
  facet normal -0.0506553761661 -0.538042485714 -0.841394245625
    outer loop
      vertex 0.245181635022 -0.28367549181 -0.156472712755
      vertex 0.245078235865 -0.283324092627 -0.155913457274
      vertex 0.24576599896 -0.283535957336 -0.156309515238
    endloop
  endfacet
  facet normal -0.208034217358 -0.547672450542 -0.810417532921
    outer loop
      vertex 0.245181635022 -0.28367549181 -0.156472712755
      vertex 0.24424995482 -0.283657252789 -0.156091824174
      vertex 0.245078235865 -0.283324092627 -0.155913457274
    endloop
  endfacet
  facet normal -0.24777533114 -0.640866160393 -0.72656583786
    outer loop
      vertex 0.24424995482 -0.283657252789 -0.156091824174
      vertex 0.245181635022 -0.28367549181 -0.156472712755
      vertex 0.244240030646 -0.283992856741 -0.156468465924
    endloop
  endfacet
  facet normal -0.260960012674 -0.586962223053 -0.766404092312
    outer loop
      vertex 0.245181635022 -0.28367549181 -0.156472712755
      vertex 0.244868218899 -0.28445571661 -0.157352119684
      vertex 0.244240030646 -0.283992856741 -0.156468465924
    endloop
  endfacet
  facet normal -0.0862856581807 -0.643804848194 -0.76030921936
    outer loop
      vertex 0.246035739779 -0.283962905407 -0.156926602125
      vertex 0.244868218899 -0.28445571661 -0.157352119684
      vertex 0.245181635022 -0.28367549181 -0.156472712755
    endloop
  endfacet
  facet normal 0.0128293316811 -0.771666765213 -0.635897636414
    outer loop
      vertex 0.244868218899 -0.28445571661 -0.157352119684
      vertex 0.246035739779 -0.283962905407 -0.156926602125
      vertex 0.246548011899 -0.284665316343 -0.157496914268
    endloop
  endfacet
  facet normal 0.0941339433193 -0.738180220127 -0.668003559113
    outer loop
      vertex 0.246548011899 -0.284665316343 -0.157496914268
      vertex 0.246035739779 -0.283962905407 -0.156926602125
      vertex 0.246846944094 -0.283692598343 -0.156578540802
    endloop
  endfacet
  facet normal 0.000358012825018 -0.613891839981 -0.789390087128
    outer loop
      vertex 0.246035739779 -0.283962905407 -0.156926602125
      vertex 0.246396869421 -0.283304870129 -0.156080245972
      vertex 0.246846944094 -0.283692598343 -0.156578540802
    endloop
  endfacet
  facet normal -0.0795929729939 -0.590461611748 -0.803131401539
    outer loop
      vertex 0.246396869421 -0.283304870129 -0.156080245972
      vertex 0.246035739779 -0.283962905407 -0.156926602125
      vertex 0.24576599896 -0.283535957336 -0.156309515238
    endloop
  endfacet
  facet normal -0.0331005118787 -0.578404545784 -0.815078258514
    outer loop
      vertex 0.24576599896 -0.283535957336 -0.156309515238
      vertex 0.246035739779 -0.283962905407 -0.156926602125
      vertex 0.245181635022 -0.28367549181 -0.156472712755
    endloop
  endfacet
  facet normal 0.0720650479198 -0.736199975014 -0.672916173935
    outer loop
      vertex 0.246846944094 -0.283692598343 -0.156578540802
      vertex 0.247811377048 -0.284024238586 -0.156787276268
      vertex 0.246548011899 -0.284665316343 -0.157496914268
    endloop
  endfacet
  facet normal 0.0194154698402 -0.743073701859 -0.668927848339
    outer loop
      vertex 0.244868218899 -0.28445571661 -0.157352119684
      vertex 0.246548011899 -0.284665316343 -0.157496914268
      vertex 0.245651677251 -0.285380572081 -0.158164218068
    endloop
  endfacet
  facet normal 0.210702121258 -0.832402408123 -0.512553334236
    outer loop
      vertex 0.245651677251 -0.285380572081 -0.158164218068
      vertex 0.246548011899 -0.284665316343 -0.157496914268
      vertex 0.24787697196 -0.286341935396 -0.158192902803
    endloop
  endfacet
  facet normal 0.161511063576 -0.901834368706 -0.400760412216
    outer loop
      vertex 0.24517673254 -0.286793202162 -0.158877030015
      vertex 0.245651677251 -0.285380572081 -0.158164218068
      vertex 0.24787697196 -0.286341935396 -0.158192902803
    endloop
  endfacet
  facet normal -0.0739390924573 -0.880117237568 -0.468963354826
    outer loop
      vertex 0.245651677251 -0.285380572081 -0.158164218068
      vertex 0.24517673254 -0.286793202162 -0.158877030015
      vertex 0.244592234492 -0.285653471947 -0.158220633864
    endloop
  endfacet
  facet normal -0.135855466127 -0.887060940266 -0.4412099123
    outer loop
      vertex 0.243868380785 -0.28650316596 -0.158532395959
      vertex 0.244592234492 -0.285653471947 -0.158220633864
      vertex 0.24517673254 -0.286793202162 -0.158877030015
    endloop
  endfacet
  facet normal -0.270271003246 -0.806333124638 -0.526099324226
    outer loop
      vertex 0.244592234492 -0.285653471947 -0.158220633864
      vertex 0.243868380785 -0.28650316596 -0.158532395959
      vertex 0.243664294481 -0.285929709673 -0.158089831471
    endloop
  endfacet
  facet normal -0.279662907124 -0.768422842026 -0.57559967041
    outer loop
      vertex 0.24379183352 -0.285459578037 -0.157784089446
      vertex 0.244592234492 -0.285653471947 -0.158220633864
      vertex 0.243664294481 -0.285929709673 -0.158089831471
    endloop
  endfacet
  facet normal -0.333059817553 -0.818547785282 -0.468028515577
    outer loop
      vertex 0.244592234492 -0.285653471947 -0.158220633864
      vertex 0.24379183352 -0.285459578037 -0.157784089446
      vertex 0.244643747807 -0.285089790821 -0.157919287682
    endloop
  endfacet
  facet normal -0.362263441086 -0.742839336395 -0.56298750639
    outer loop
      vertex 0.24379183352 -0.285459578037 -0.157784089446
      vertex 0.243926420808 -0.28506013751 -0.15754699707
      vertex 0.244643747807 -0.285089790821 -0.157919287682
    endloop
  endfacet
  facet normal -0.544117569923 -0.628161549568 -0.556191623211
    outer loop
      vertex 0.243926420808 -0.28506013751 -0.15754699707
      vertex 0.24379183352 -0.285459578037 -0.157784089446
      vertex 0.243485793471 -0.285261869431 -0.157343924046
    endloop
  endfacet
  facet normal -0.544067800045 -0.628153085709 -0.556249856949
    outer loop
      vertex 0.24379183352 -0.285459578037 -0.157784089446
      vertex 0.243427827954 -0.285543203354 -0.157542854548
      vertex 0.243485793471 -0.285261869431 -0.157343924046
    endloop
  endfacet
  facet normal -0.544156074524 -0.628421425819 -0.555860280991
    outer loop
      vertex 0.243427827954 -0.285543203354 -0.157542854548
      vertex 0.24379183352 -0.285459578037 -0.157784089446
      vertex 0.24343855679 -0.28593993187 -0.157903060317
    endloop
  endfacet
  facet normal -0.544621646404 -0.627841949463 -0.556059122086
    outer loop
      vertex 0.24343855679 -0.28593993187 -0.157903060317
      vertex 0.24379183352 -0.285459578037 -0.157784089446
      vertex 0.243664294481 -0.285929709673 -0.158089831471
    endloop
  endfacet
  facet normal 0.644384562969 -0.557403087616 -0.523517251015
    outer loop
      vertex 0.243001028895 -0.285687595606 -0.158171862364
      vertex 0.243427827954 -0.285543203354 -0.157542854548
      vertex 0.24343855679 -0.28593993187 -0.157903060317
    endloop
  endfacet
  facet normal 0.829082250595 -0.509876310825 0.229453191161
    outer loop
      vertex 0.243427827954 -0.285543203354 -0.157542854548
      vertex 0.243001028895 -0.285687595606 -0.158171862364
      vertex 0.243361994624 -0.285226136446 -0.157792583108
    endloop
  endfacet
  facet normal 0.466620534658 -0.826670646667 -0.314453333616
    outer loop
      vertex 0.243361994624 -0.285226136446 -0.157792583108
      vertex 0.243001028895 -0.285687595606 -0.158171862364
      vertex 0.242591813207 -0.285115420818 -0.158185198903
    endloop
  endfacet
  facet normal 0.462944239378 -0.801231026649 -0.37909296155
    outer loop
      vertex 0.242591813207 -0.285115420818 -0.158185198903
      vertex 0.242861062288 -0.284675002098 -0.157821252942
      vertex 0.243361994624 -0.285226136446 -0.157792583108
    endloop
  endfacet
  facet normal 0.405798941851 -0.810757577419 -0.42189976573
    outer loop
      vertex 0.24250549078 -0.284408509731 -0.157860547304
      vertex 0.242861062288 -0.284675002098 -0.157821252942
      vertex 0.242591813207 -0.285115420818 -0.158185198903
    endloop
  endfacet
  facet normal 0.485394537449 -0.68197286129 -0.547087907791
    outer loop
      vertex 0.242812022567 -0.284072726965 -0.157373011112
      vertex 0.242861062288 -0.284675002098 -0.157821252942
      vertex 0.24250549078 -0.284408509731 -0.157860547304
    endloop
  endfacet
  facet normal 0.634169340134 -0.594637751579 -0.494201540947
    outer loop
      vertex 0.243196561933 -0.284527778625 -0.157341092825
      vertex 0.242861062288 -0.284675002098 -0.157821252942
      vertex 0.242812022567 -0.284072726965 -0.157373011112
    endloop
  endfacet
  facet normal 0.648266613483 -0.597620785236 -0.471804887056
    outer loop
      vertex 0.243387624621 -0.285013765097 -0.157517507672
      vertex 0.242861062288 -0.284675002098 -0.157821252942
      vertex 0.243196561933 -0.284527778625 -0.157341092825
    endloop
  endfacet
  facet normal 0.653795897961 -0.499640852213 -0.568251669407
    outer loop
      vertex 0.243361994624 -0.285226136446 -0.157792583108
      vertex 0.242861062288 -0.284675002098 -0.157821252942
      vertex 0.243387624621 -0.285013765097 -0.157517507672
    endloop
  endfacet
  facet normal 0.947863996029 -0.245338961482 -0.203378036618
    outer loop
      vertex 0.243485793471 -0.285261869431 -0.157343924046
      vertex 0.243361994624 -0.285226136446 -0.157792583108
      vertex 0.243387624621 -0.285013765097 -0.157517507672
    endloop
  endfacet
  facet normal 0.963725864887 -0.26670768857 0.00997140258551
    outer loop
      vertex 0.243361994624 -0.285226136446 -0.157792583108
      vertex 0.243485793471 -0.285261869431 -0.157343924046
      vertex 0.243427827954 -0.285543203354 -0.157542854548
    endloop
  endfacet
  facet normal 0.947970449924 -0.24426779151 -0.204169601202
    outer loop
      vertex 0.243387624621 -0.285013765097 -0.157517507672
      vertex 0.243488118052 -0.285039365292 -0.157148882747
      vertex 0.243485793471 -0.285261869431 -0.157343924046
    endloop
  endfacet
  facet normal 0.881244659424 -0.210877880454 -0.423011064529
    outer loop
      vertex 0.243488118052 -0.285039365292 -0.157148882747
      vertex 0.243387624621 -0.285013765097 -0.157517507672
      vertex 0.243196561933 -0.284527778625 -0.157341092825
    endloop
  endfacet
  facet normal 0.855482697487 -0.389520257711 -0.341208606958
    outer loop
      vertex 0.243196561933 -0.284527778625 -0.157341092825
      vertex 0.243473142385 -0.284563988447 -0.15676535666
      vertex 0.243488118052 -0.285039365292 -0.157148882747
    endloop
  endfacet
  facet normal 0.870735526085 -0.400348037481 -0.285553991795
    outer loop
      vertex 0.243473142385 -0.284563988447 -0.15676535666
      vertex 0.243196561933 -0.284527778625 -0.157341092825
      vertex 0.243236005306 -0.283874541521 -0.156789362431
    endloop
  endfacet
  facet normal 0.622409462929 -0.616075217724 -0.482760548592
    outer loop
      vertex 0.243196561933 -0.284527778625 -0.157341092825
      vertex 0.242812022567 -0.284072726965 -0.157373011112
      vertex 0.243236005306 -0.283874541521 -0.156789362431
    endloop
  endfacet
  facet normal 0.620969891548 -0.615783572197 -0.484981417656
    outer loop
      vertex 0.243236005306 -0.283874541521 -0.156789362431
      vertex 0.242812022567 -0.284072726965 -0.157373011112
      vertex 0.24278613925 -0.283145695925 -0.15666899085
    endloop
  endfacet
  facet normal 0.748263716698 -0.401438951492 -0.528155446053
    outer loop
      vertex 0.243356660008 -0.283553123474 -0.156141608953
      vertex 0.243236005306 -0.283874541521 -0.156789362431
      vertex 0.24278613925 -0.283145695925 -0.15666899085
    endloop
  endfacet
  facet normal 0.854608952999 -0.349664986134 -0.383898347616
    outer loop
      vertex 0.243484199047 -0.283909827471 -0.15622150898
      vertex 0.243236005306 -0.283874541521 -0.156789362431
      vertex 0.243356660008 -0.283553123474 -0.156141608953
    endloop
  endfacet
  facet normal 0.894639372826 -0.376021802425 -0.24130474031
    outer loop
      vertex 0.243236005306 -0.283874541521 -0.156789362431
      vertex 0.243484199047 -0.283909827471 -0.15622150898
      vertex 0.243521824479 -0.284298270941 -0.15638127923
    endloop
  endfacet
  facet normal 0.946698129177 -0.255145937204 -0.196629479527
    outer loop
      vertex 0.243484199047 -0.283909827471 -0.15622150898
      vertex 0.243551999331 -0.284073531628 -0.156096085906
      vertex 0.243521824479 -0.284298270941 -0.15638127923
    endloop
  endfacet
  facet normal 0.947636425495 -0.245118066669 -0.20470072329
    outer loop
      vertex 0.243503913283 -0.283768057823 -0.156026914716
      vertex 0.243551999331 -0.284073531628 -0.156096085906
      vertex 0.243484199047 -0.283909827471 -0.15622150898
    endloop
  endfacet
  facet normal 0.948065698147 -0.243670940399 -0.204440593719
    outer loop
      vertex 0.243551999331 -0.284073531628 -0.156096085906
      vertex 0.243503913283 -0.283768057823 -0.156026914716
      vertex 0.243585333228 -0.283915966749 -0.155834212899
    endloop
  endfacet
  facet normal 0.94806188345 -0.243494540453 -0.204668313265
    outer loop
      vertex 0.243585333228 -0.283915966749 -0.155834212899
      vertex 0.243503913283 -0.283768057823 -0.156026914716
      vertex 0.243523314595 -0.283626079559 -0.15583203733
    endloop
  endfacet
  facet normal 0.847296953201 -0.365264594555 -0.385577052832
    outer loop
      vertex 0.243503913283 -0.283768057823 -0.156026914716
      vertex 0.243356660008 -0.283553123474 -0.156141608953
      vertex 0.243523314595 -0.283626079559 -0.15583203733
    endloop
  endfacet
  facet normal 0.847153902054 -0.366256982088 -0.384949475527
    outer loop
      vertex 0.243356660008 -0.283553123474 -0.156141608953
      vertex 0.243503913283 -0.283768057823 -0.156026914716
      vertex 0.243484199047 -0.283909827471 -0.15622150898
    endloop
  endfacet
  facet normal 0.864423930645 -0.390815019608 -0.316282957792
    outer loop
      vertex 0.243356660008 -0.283553123474 -0.156141608953
      vertex 0.243272826076 -0.283165603876 -0.156013399363
      vertex 0.243523314595 -0.283626079559 -0.15583203733
    endloop
  endfacet
  facet normal 0.758134424686 -0.552288115025 -0.34671318531
    outer loop
      vertex 0.243356660008 -0.283553123474 -0.156141608953
      vertex 0.24278613925 -0.283145695925 -0.15666899085
      vertex 0.243272826076 -0.283165603876 -0.156013399363
    endloop
  endfacet
  facet normal 0.67165941 -0.481522381306 -0.563036262989
    outer loop
      vertex 0.24278613925 -0.283145695925 -0.15666899085
      vertex 0.243006125093 -0.282643526793 -0.155774965882
      vertex 0.243272826076 -0.283165603876 -0.156013399363
    endloop
  endfacet
  facet normal 0.788038730621 -0.298019945621 -0.538682699203
    outer loop
      vertex 0.243272826076 -0.283165603876 -0.156013399363
      vertex 0.243006125093 -0.282643526793 -0.155774965882
      vertex 0.243527933955 -0.283304035664 -0.155589044094
    endloop
  endfacet
  facet normal 0.857298672199 -0.416814059019 -0.3021671772
    outer loop
      vertex 0.243523314595 -0.283626079559 -0.15583203733
      vertex 0.243272826076 -0.283165603876 -0.156013399363
      vertex 0.243527933955 -0.283304035664 -0.155589044094
    endloop
  endfacet
  facet normal 0.949928939342 -0.255845069885 -0.179383143783
    outer loop
      vertex 0.243605002761 -0.283723086119 -0.155596747994
      vertex 0.243523314595 -0.283626079559 -0.15583203733
      vertex 0.243527933955 -0.283304035664 -0.155589044094
    endloop
  endfacet
  facet normal 0.947765409946 -0.244691342115 -0.204613894224
    outer loop
      vertex 0.243605002761 -0.283723086119 -0.155596747994
      vertex 0.243585333228 -0.283915966749 -0.155834212899
      vertex 0.243523314595 -0.283626079559 -0.15583203733
    endloop
  endfacet
  facet normal -0.649600505829 -0.446197539568 -0.615570425987
    outer loop
      vertex 0.243585333228 -0.283915966749 -0.155834212899
      vertex 0.243605002761 -0.283723086119 -0.155596747994
      vertex 0.243766337633 -0.283820062876 -0.155965432525
    endloop
  endfacet
  facet normal -0.527279734612 -0.424378186464 -0.736124455929
    outer loop
      vertex 0.243766337633 -0.283820062876 -0.155965432525
      vertex 0.243605002761 -0.283723086119 -0.155596747994
      vertex 0.243931397796 -0.283621191978 -0.155825555325
    endloop
  endfacet
  facet normal -0.544752657413 -0.46691006422 -0.696591377258
    outer loop
      vertex 0.243982836604 -0.283385872841 -0.155534490943
      vertex 0.243931397796 -0.283621191978 -0.155825555325
      vertex 0.243605002761 -0.283723086119 -0.155596747994
    endloop
  endfacet
  facet normal -0.488931238651 -0.494555175304 -0.718582928181
    outer loop
      vertex 0.244259551167 -0.283321768045 -0.155714914203
      vertex 0.243931397796 -0.283621191978 -0.155825555325
      vertex 0.243982836604 -0.283385872841 -0.155534490943
    endloop
  endfacet
  facet normal -0.421624809504 -0.596870779991 -0.68262565136
    outer loop
      vertex 0.24424995482 -0.283657252789 -0.156091824174
      vertex 0.243931397796 -0.283621191978 -0.155825555325
      vertex 0.244259551167 -0.283321768045 -0.155714914203
    endloop
  endfacet
  facet normal -0.392063111067 -0.567149460316 -0.724312067032
    outer loop
      vertex 0.24424995482 -0.283657252789 -0.156091824174
      vertex 0.243766337633 -0.283820062876 -0.155965432525
      vertex 0.243931397796 -0.283621191978 -0.155825555325
    endloop
  endfacet
  facet normal -0.391481667757 -0.606390416622 -0.69212192297
    outer loop
      vertex 0.244240030646 -0.283992856741 -0.156468465924
      vertex 0.243766337633 -0.283820062876 -0.155965432525
      vertex 0.24424995482 -0.283657252789 -0.156091824174
    endloop
  endfacet
  facet normal -0.663326501846 -0.707940459251 -0.242524668574
    outer loop
      vertex 0.243619501591 -0.284236967564 -0.155970677733
      vertex 0.243766337633 -0.283820062876 -0.155965432525
      vertex 0.244240030646 -0.283992856741 -0.156468465924
    endloop
  endfacet
  facet normal -0.649526953697 -0.722180783749 -0.237843632698
    outer loop
      vertex 0.243585333228 -0.283915966749 -0.155834212899
      vertex 0.243766337633 -0.283820062876 -0.155965432525
      vertex 0.243619501591 -0.284236967564 -0.155970677733
    endloop
  endfacet
  facet normal 0.94803237915 -0.24372254312 -0.204533398151
    outer loop
      vertex 0.243619501591 -0.284236967564 -0.155970677733
      vertex 0.243551999331 -0.284073531628 -0.156096085906
      vertex 0.243585333228 -0.283915966749 -0.155834212899
    endloop
  endfacet
  facet normal 0.947029292583 -0.254540920258 -0.195817261934
    outer loop
      vertex 0.243521824479 -0.284298270941 -0.15638127923
      vertex 0.243551999331 -0.284073531628 -0.156096085906
      vertex 0.243619501591 -0.284236967564 -0.155970677733
    endloop
  endfacet
  facet normal 0.944020569324 -0.255706787109 -0.208420619369
    outer loop
      vertex 0.243521824479 -0.284298270941 -0.15638127923
      vertex 0.243619501591 -0.284236967564 -0.155970677733
      vertex 0.243675976992 -0.284771829844 -0.156198173761
    endloop
  endfacet
  facet normal -0.662634193897 -0.711835622787 -0.232821688056
    outer loop
      vertex 0.243619501591 -0.284236967564 -0.155970677733
      vertex 0.244240030646 -0.283992856741 -0.156468465924
      vertex 0.243675976992 -0.284771829844 -0.156198173761
    endloop
  endfacet
  facet normal -0.804166674614 0.0323316678405 -0.593523859978
    outer loop
      vertex 0.243675976992 -0.284771829844 -0.156198173761
      vertex 0.244240030646 -0.283992856741 -0.156468465924
      vertex 0.243855088949 -0.28449562192 -0.156813457608
    endloop
  endfacet
  facet normal -0.357093274593 -0.619865953922 -0.698749303818
    outer loop
      vertex 0.244240030646 -0.283992856741 -0.156468465924
      vertex 0.244868218899 -0.28445571661 -0.157352119684
      vertex 0.243855088949 -0.28449562192 -0.156813457608
    endloop
  endfacet
  facet normal -0.34416744113 -0.593417227268 -0.72760206461
    outer loop
      vertex 0.244868218899 -0.28445571661 -0.157352119684
      vertex 0.243926420808 -0.28506013751 -0.15754699707
      vertex 0.243855088949 -0.28449562192 -0.156813457608
    endloop
  endfacet
  facet normal -0.309578239918 -0.651640892029 -0.692477762699
    outer loop
      vertex 0.243926420808 -0.28506013751 -0.15754699707
      vertex 0.244868218899 -0.28445571661 -0.157352119684
      vertex 0.244643747807 -0.285089790821 -0.157919287682
    endloop
  endfacet
  facet normal 0.0101996902376 -0.747088432312 -0.664646446705
    outer loop
      vertex 0.245651677251 -0.285380572081 -0.158164218068
      vertex 0.244643747807 -0.285089790821 -0.157919287682
      vertex 0.244868218899 -0.28445571661 -0.157352119684
    endloop
  endfacet
  facet normal -0.0758120268583 -0.876455247402 -0.475477397442
    outer loop
      vertex 0.244643747807 -0.285089790821 -0.157919287682
      vertex 0.245651677251 -0.285380572081 -0.158164218068
      vertex 0.244592234492 -0.285653471947 -0.158220633864
    endloop
  endfacet
  facet normal -0.480259269476 -0.563801407814 -0.671921908855
    outer loop
      vertex 0.243855088949 -0.28449562192 -0.156813457608
      vertex 0.243926420808 -0.28506013751 -0.15754699707
      vertex 0.243488118052 -0.285039365292 -0.157148882747
    endloop
  endfacet
  facet normal -0.544120848179 -0.628076374531 -0.556284606457
    outer loop
      vertex 0.243926420808 -0.28506013751 -0.15754699707
      vertex 0.243485793471 -0.285261869431 -0.157343924046
      vertex 0.243488118052 -0.285039365292 -0.157148882747
    endloop
  endfacet
  facet normal -0.831110656261 0.00786966923624 -0.556051373482
    outer loop
      vertex 0.243582054973 -0.284905701876 -0.156673654914
      vertex 0.243855088949 -0.28449562192 -0.156813457608
      vertex 0.243488118052 -0.285039365292 -0.157148882747
    endloop
  endfacet
  facet normal -0.831150114536 0.00762953795493 -0.555995762348
    outer loop
      vertex 0.243855088949 -0.28449562192 -0.156813457608
      vertex 0.243582054973 -0.284905701876 -0.156673654914
      vertex 0.243675976992 -0.284771829844 -0.156198173761
    endloop
  endfacet
  facet normal 0.939744055271 -0.250979244709 -0.232143238187
    outer loop
      vertex 0.243675976992 -0.284771829844 -0.156198173761
      vertex 0.243582054973 -0.284905701876 -0.156673654914
      vertex 0.243473142385 -0.284563988447 -0.15676535666
    endloop
  endfacet
  facet normal 0.939735591412 -0.251024931669 -0.23212826252
    outer loop
      vertex 0.243488118052 -0.285039365292 -0.157148882747
      vertex 0.243473142385 -0.284563988447 -0.15676535666
      vertex 0.243582054973 -0.284905701876 -0.156673654914
    endloop
  endfacet
  facet normal 0.942941904068 -0.261809051037 -0.205709978938
    outer loop
      vertex 0.243675976992 -0.284771829844 -0.156198173761
      vertex 0.243473142385 -0.284563988447 -0.15676535666
      vertex 0.243521824479 -0.284298270941 -0.15638127923
    endloop
  endfacet
  facet normal 0.89921027422 -0.320210844278 -0.298137277365
    outer loop
      vertex 0.243521824479 -0.284298270941 -0.15638127923
      vertex 0.243473142385 -0.284563988447 -0.15676535666
      vertex 0.243236005306 -0.283874541521 -0.156789362431
    endloop
  endfacet
  facet normal -0.156606033444 -0.654438734055 -0.739719152451
    outer loop
      vertex 0.244259551167 -0.283321768045 -0.155714914203
      vertex 0.245078235865 -0.283324092627 -0.155913457274
      vertex 0.24424995482 -0.283657252789 -0.156091824174
    endloop
  endfacet
  facet normal -0.133466586471 -0.559934139252 -0.817716598511
    outer loop
      vertex 0.244259551167 -0.283321768045 -0.155714914203
      vertex 0.245107829571 -0.282956510782 -0.155383691192
      vertex 0.245078235865 -0.283324092627 -0.155913457274
    endloop
  endfacet
  facet normal -0.180156439543 -0.483340263367 -0.856694757938
    outer loop
      vertex 0.244313493371 -0.283021211624 -0.155202299356
      vertex 0.245107829571 -0.282956510782 -0.155383691192
      vertex 0.244259551167 -0.283321768045 -0.155714914203
    endloop
  endfacet
  facet normal -0.191728293896 -0.549537241459 -0.813172221184
    outer loop
      vertex 0.244313493371 -0.283021211624 -0.155202299356
      vertex 0.244639605284 -0.282539665699 -0.154603511095
      vertex 0.245107829571 -0.282956510782 -0.155383691192
    endloop
  endfacet
  facet normal -0.453275024891 -0.414871960878 -0.788937926292
    outer loop
      vertex 0.244259551167 -0.283321768045 -0.155714914203
      vertex 0.243982836604 -0.283385872841 -0.155534490943
      vertex 0.244313493371 -0.283021211624 -0.155202299356
    endloop
  endfacet
  facet normal -0.187898367643 -0.552817165852 -0.811841964722
    outer loop
      vertex 0.245107829571 -0.282956510782 -0.155383691192
      vertex 0.2458704561 -0.282999277115 -0.155705720186
      vertex 0.245078235865 -0.283324092627 -0.155913457274
    endloop
  endfacet
  facet normal -0.507445931435 -0.543228745461 -0.668880581856
    outer loop
      vertex 0.243705525994 -0.283449739218 -0.155354082584
      vertex 0.243982836604 -0.283385872841 -0.155534490943
      vertex 0.243605002761 -0.283723086119 -0.155596747994
    endloop
  endfacet
  facet normal 0.833066999912 -0.528640151024 -0.16290768981
    outer loop
      vertex 0.243705525994 -0.283449739218 -0.155354082584
      vertex 0.243605002761 -0.283723086119 -0.155596747994
      vertex 0.243527933955 -0.283304035664 -0.155589044094
    endloop
  endfacet
  facet normal 0.529308080673 -0.744643330574 -0.406619280577
    outer loop
      vertex 0.24250549078 -0.284408509731 -0.157860547304
      vertex 0.242591813207 -0.285115420818 -0.158185198903
      vertex 0.241727784276 -0.284522622824 -0.158475667238
    endloop
  endfacet
  facet normal 0.516769230366 -0.76891875267 -0.376448631287
    outer loop
      vertex 0.241727784276 -0.284522622824 -0.158475667238
      vertex 0.242591813207 -0.285115420818 -0.158185198903
      vertex 0.242078512907 -0.285323649645 -0.158632129431
    endloop
  endfacet
  facet normal 0.555979430676 -0.735554695129 -0.387099713087
    outer loop
      vertex 0.241727784276 -0.284522622824 -0.158475667238
      vertex 0.242078512907 -0.285323649645 -0.158632129431
      vertex 0.241010591388 -0.285257071257 -0.159404292703
    endloop
  endfacet
  facet normal 0.424613088369 -0.740236103535 -0.521300554276
    outer loop
      vertex 0.239749491215 -0.283623069525 -0.158976957202
      vertex 0.241727784276 -0.284522622824 -0.158475667238
      vertex 0.241010591388 -0.285257071257 -0.159404292703
    endloop
  endfacet
  facet normal -0.165372848511 -0.9221367836 -0.349736362696
    outer loop
      vertex 0.24517673254 -0.286793202162 -0.158877030015
      vertex 0.244214251637 -0.287745028734 -0.159065410495
      vertex 0.243868380785 -0.28650316596 -0.158532395959
    endloop
  endfacet
  facet normal -0.196981713176 -0.904518604279 -0.378211975098
    outer loop
      vertex 0.245388388634 -0.288634836674 -0.159693181515
      vertex 0.244214251637 -0.287745028734 -0.159065410495
      vertex 0.24517673254 -0.286793202162 -0.158877030015
    endloop
  endfacet
  facet normal -0.295817404985 -0.919618189335 -0.258446246386
    outer loop
      vertex 0.243990302086 -0.289049297571 -0.159359931946
      vertex 0.244214251637 -0.287745028734 -0.159065410495
      vertex 0.245388388634 -0.288634836674 -0.159693181515
    endloop
  endfacet
  facet normal -0.45820620656 -0.846876442432 -0.269902586937
    outer loop
      vertex 0.244214251637 -0.287745028734 -0.159065410495
      vertex 0.243990302086 -0.289049297571 -0.159359931946
      vertex 0.243212327361 -0.287886917591 -0.158568546176
    endloop
  endfacet
  facet normal -0.475733667612 -0.841883897781 -0.254772424698
    outer loop
      vertex 0.243212327361 -0.287886917591 -0.158568546176
      vertex 0.243990302086 -0.289049297571 -0.159359931946
      vertex 0.242881894112 -0.289081305265 -0.158743262291
    endloop
  endfacet
  facet normal -0.46607863903 -0.820584595203 -0.330774247646
    outer loop
      vertex 0.242881894112 -0.289081305265 -0.158743262291
      vertex 0.243990302086 -0.289049297571 -0.159359931946
      vertex 0.243346348405 -0.289686769247 -0.159251138568
    endloop
  endfacet
  facet normal -0.457709163427 -0.838585674763 -0.295425802469
    outer loop
      vertex 0.243212327361 -0.287886917591 -0.158568546176
      vertex 0.243249192834 -0.287153482437 -0.158330276608
      vertex 0.244214251637 -0.287745028734 -0.159065410495
    endloop
  endfacet
  facet normal 0.618734538555 -0.755771160126 -0.214423567057
    outer loop
      vertex 0.243212327361 -0.287886917591 -0.158568546176
      vertex 0.242793321609 -0.287483662367 -0.158797174692
      vertex 0.243249192834 -0.287153482437 -0.158330276608
    endloop
  endfacet
  facet normal 0.615627229214 -0.756698250771 -0.220024675131
    outer loop
      vertex 0.242793321609 -0.287483662367 -0.158797174692
      vertex 0.242785930634 -0.286745250225 -0.158588469028
      vertex 0.243249192834 -0.287153482437 -0.158330276608
    endloop
  endfacet
  facet normal -0.502827525139 -0.836216628551 -0.218874916434
    outer loop
      vertex 0.244214251637 -0.287745028734 -0.159065410495
      vertex 0.243249192834 -0.287153482437 -0.158330276608
      vertex 0.243868380785 -0.28650316596 -0.158532395959
    endloop
  endfacet
  facet normal 0.812718570232 -0.232728838921 -0.534158945084
    outer loop
      vertex 0.243779286742 -0.281882822514 -0.153527632356
      vertex 0.244013115764 -0.28222027421 -0.153485611081
      vertex 0.243923142552 -0.282341390848 -0.154077798128
    endloop
  endfacet
  facet normal 0.812770426273 -0.232359305024 -0.53424090147
    outer loop
      vertex 0.244013115764 -0.28222027421 -0.153485611081
      vertex 0.243779286742 -0.281882822514 -0.153527632356
      vertex 0.244102731347 -0.282098948956 -0.152893185616
    endloop
  endfacet
  facet normal 0.812782585621 -0.232373997569 -0.534215986729
    outer loop
      vertex 0.243635103106 -0.28142401576 -0.152977198362
      vertex 0.244102731347 -0.282098948956 -0.152893185616
      vertex 0.243779286742 -0.281882822514 -0.153527632356
    endloop
  endfacet
  facet normal 0.814962685108 -0.215962946415 -0.537769317627
    outer loop
      vertex 0.243916928768 -0.281690508127 -0.152577280998
      vertex 0.244102731347 -0.282098948956 -0.152893185616
      vertex 0.243635103106 -0.28142401576 -0.152977198362
    endloop
  endfacet
  facet normal 0.815042614937 -0.215828895569 -0.537701964378
    outer loop
      vertex 0.24419875443 -0.281957060099 -0.152177080512
      vertex 0.244102731347 -0.282098948956 -0.152893185616
      vertex 0.243916928768 -0.281690508127 -0.152577280998
    endloop
  endfacet
  facet normal -0.544044315815 -0.0922901853919 -0.833965420723
    outer loop
      vertex 0.24419875443 -0.281957060099 -0.152177080512
      vertex 0.244806200266 -0.281566768885 -0.152231052518
      vertex 0.244102731347 -0.282098948956 -0.152893185616
    endloop
  endfacet
  facet normal -0.543233275414 -0.0561396144331 -0.837702810764
    outer loop
      vertex 0.24419875443 -0.281957060099 -0.152177080512
      vertex 0.244325473905 -0.281848549843 -0.151784107089
      vertex 0.244806200266 -0.281566768885 -0.152231052518
    endloop
  endfacet
  facet normal 0.818657875061 -0.382322877645 -0.428519010544
    outer loop
      vertex 0.24407055974 -0.28161033988 -0.152062952518
      vertex 0.244325473905 -0.281848549843 -0.151784107089
      vertex 0.24419875443 -0.281957060099 -0.152177080512
    endloop
  endfacet
  facet normal 0.817364752293 -0.369866430759 -0.441716760397
    outer loop
      vertex 0.24407055974 -0.28161033988 -0.152062952518
      vertex 0.244298711419 -0.281603574753 -0.1515506953
      vertex 0.244325473905 -0.281848549843 -0.151784107089
    endloop
  endfacet
  facet normal 0.815213918686 -0.368970572948 -0.446415752172
    outer loop
      vertex 0.244298711419 -0.281603574753 -0.1515506953
      vertex 0.24407055974 -0.28161033988 -0.152062952518
      vertex 0.244114652276 -0.281381100416 -0.151688188314
    endloop
  endfacet
  facet normal 0.811823606491 -0.371205031872 -0.450720816851
    outer loop
      vertex 0.244114652276 -0.281381100416 -0.151688188314
      vertex 0.24407055974 -0.28161033988 -0.152062952518
      vertex 0.243843600154 -0.281141370535 -0.151989892125
    endloop
  endfacet
  facet normal 0.832568466663 -0.319254368544 -0.452665925026
    outer loop
      vertex 0.243916928768 -0.281690508127 -0.152577280998
      vertex 0.243843600154 -0.281141370535 -0.151989892125
      vertex 0.24407055974 -0.28161033988 -0.152062952518
    endloop
  endfacet
  facet normal 0.834950149059 -0.316595286131 -0.450139611959
    outer loop
      vertex 0.243666350842 -0.281215727329 -0.152563080192
      vertex 0.243843600154 -0.281141370535 -0.151989892125
      vertex 0.243916928768 -0.281690508127 -0.152577280998
    endloop
  endfacet
  facet normal 0.777765035629 -0.311350047588 -0.546024382114
    outer loop
      vertex 0.243666350842 -0.281215727329 -0.152563080192
      vertex 0.243527203798 -0.280642598867 -0.151905566454
      vertex 0.243843600154 -0.281141370535 -0.151989892125
    endloop
  endfacet
  facet normal 0.652712404728 -0.414587080479 -0.634101033211
    outer loop
      vertex 0.243527203798 -0.280642598867 -0.151905566454
      vertex 0.243666350842 -0.281215727329 -0.152563080192
      vertex 0.242924526334 -0.280757218599 -0.153029710054
    endloop
  endfacet
  facet normal 0.647526443005 -0.380844891071 -0.66005051136
    outer loop
      vertex 0.242924526334 -0.280757218599 -0.153029710054
      vertex 0.243666350842 -0.281215727329 -0.152563080192
      vertex 0.243635103106 -0.28142401576 -0.152977198362
    endloop
  endfacet
  facet normal 0.842335402966 -0.291549533606 -0.453287959099
    outer loop
      vertex 0.243666350842 -0.281215727329 -0.152563080192
      vertex 0.243916928768 -0.281690508127 -0.152577280998
      vertex 0.243635103106 -0.28142401576 -0.152977198362
    endloop
  endfacet
  facet normal 0.417414575815 -0.310849457979 -0.85389560461
    outer loop
      vertex 0.242454409599 -0.280119538307 -0.151909291744
      vertex 0.243527203798 -0.280642598867 -0.151905566454
      vertex 0.242924526334 -0.280757218599 -0.153029710054
    endloop
  endfacet
  facet normal 0.415353178978 -0.325146108866 -0.849565625191
    outer loop
      vertex 0.243279874325 -0.280253261328 -0.151204228401
      vertex 0.243527203798 -0.280642598867 -0.151905566454
      vertex 0.242454409599 -0.280119538307 -0.151909291744
    endloop
  endfacet
  facet normal 0.56210142374 -0.24098315835 -0.791182100773
    outer loop
      vertex 0.243527203798 -0.280642598867 -0.151905566454
      vertex 0.243279874325 -0.280253261328 -0.151204228401
      vertex 0.243696078658 -0.280574470758 -0.151287972927
    endloop
  endfacet
  facet normal 0.513979017735 -0.385228842497 -0.766436100006
    outer loop
      vertex 0.243429780006 -0.280150532722 -0.150799825788
      vertex 0.243696078658 -0.280574470758 -0.151287972927
      vertex 0.243279874325 -0.280253261328 -0.151204228401
    endloop
  endfacet
  facet normal 0.513598918915 -0.385527193546 -0.766540884972
    outer loop
      vertex 0.243696078658 -0.280574470758 -0.151287972927
      vertex 0.243429780006 -0.280150532722 -0.150799825788
      vertex 0.24399587512 -0.280368685722 -0.15047942102
    endloop
  endfacet
  facet normal 0.65574914217 -0.405261546373 -0.636989891529
    outer loop
      vertex 0.243696078658 -0.280574470758 -0.151287972927
      vertex 0.24399587512 -0.280368685722 -0.15047942102
      vertex 0.244161590934 -0.280797362328 -0.150885075331
    endloop
  endfacet
  facet normal 0.659914433956 -0.416536986828 -0.625307798386
    outer loop
      vertex 0.243696078658 -0.280574470758 -0.151287972927
      vertex 0.244161590934 -0.280797362328 -0.150885075331
      vertex 0.244030743837 -0.281003862619 -0.151402369142
    endloop
  endfacet
  facet normal 0.803830504417 -0.38450846076 -0.453882992268
    outer loop
      vertex 0.244030743837 -0.281003862619 -0.151402369142
      vertex 0.244161590934 -0.280797362328 -0.150885075331
      vertex 0.244306072593 -0.281225562096 -0.151088491082
    endloop
  endfacet
  facet normal 0.803712844849 -0.384696036577 -0.453932404518
    outer loop
      vertex 0.244306072593 -0.281225562096 -0.151088491082
      vertex 0.244161590934 -0.280797362328 -0.150885075331
      vertex 0.244479343295 -0.281175553799 -0.150667488575
    endloop
  endfacet
  facet normal -0.302253961563 0.0111731076613 -0.95316195488
    outer loop
      vertex 0.244479343295 -0.281175553799 -0.150667488575
      vertex 0.244808718562 -0.28106495738 -0.151192218065
      vertex 0.244306072593 -0.281225562096 -0.151088491082
    endloop
  endfacet
  facet normal -0.353291124105 -0.409714907408 -0.841022670269
    outer loop
      vertex 0.244808718562 -0.28106495738 -0.151192218065
      vertex 0.244541838765 -0.281293720007 -0.151431679726
      vertex 0.244306072593 -0.281225562096 -0.151088491082
    endloop
  endfacet
  facet normal -0.377729326487 -0.423046678305 -0.823621332645
    outer loop
      vertex 0.244541838765 -0.281293720007 -0.151431679726
      vertex 0.244271934032 -0.281358599663 -0.151317000389
      vertex 0.244306072593 -0.281225562096 -0.151088491082
    endloop
  endfacet
  facet normal -0.430914700031 -0.676007807255 -0.597767531872
    outer loop
      vertex 0.244541838765 -0.281293720007 -0.151431679726
      vertex 0.244298711419 -0.281603574753 -0.1515506953
      vertex 0.244271934032 -0.281358599663 -0.151317000389
    endloop
  endfacet
  facet normal -0.622941493988 -0.429561674595 -0.653774142265
    outer loop
      vertex 0.244541838765 -0.281293720007 -0.151431679726
      vertex 0.244674041867 -0.281430393457 -0.151831403375
      vertex 0.244298711419 -0.281603574753 -0.1515506953
    endloop
  endfacet
  facet normal -0.656476140022 -0.580664038658 -0.481527119875
    outer loop
      vertex 0.244674041867 -0.281430393457 -0.151831403375
      vertex 0.244325473905 -0.281848549843 -0.151784107089
      vertex 0.244298711419 -0.281603574753 -0.1515506953
    endloop
  endfacet
  facet normal -0.718254327774 -0.425401002169 -0.550585746765
    outer loop
      vertex 0.244325473905 -0.281848549843 -0.151784107089
      vertex 0.244674041867 -0.281430393457 -0.151831403375
      vertex 0.244806200266 -0.281566768885 -0.152231052518
    endloop
  endfacet
  facet normal 0.814950287342 -0.372240006924 -0.444177180529
    outer loop
      vertex 0.244114652276 -0.281381100416 -0.151688188314
      vertex 0.244271934032 -0.281358599663 -0.151317000389
      vertex 0.244298711419 -0.281603574753 -0.1515506953
    endloop
  endfacet
  facet normal 0.807274162769 -0.369937032461 -0.459842354059
    outer loop
      vertex 0.244114652276 -0.281381100416 -0.151688188314
      vertex 0.244030743837 -0.281003862619 -0.151402369142
      vertex 0.244271934032 -0.281358599663 -0.151317000389
    endloop
  endfacet
  facet normal 0.810917675495 -0.365294277668 -0.457135230303
    outer loop
      vertex 0.244114652276 -0.281381100416 -0.151688188314
      vertex 0.243843600154 -0.281141370535 -0.151989892125
      vertex 0.244030743837 -0.281003862619 -0.151402369142
    endloop
  endfacet
  facet normal 0.755949139595 -0.367575496435 -0.54169100523
    outer loop
      vertex 0.243843600154 -0.281141370535 -0.151989892125
      vertex 0.243527203798 -0.280642598867 -0.151905566454
      vertex 0.244030743837 -0.281003862619 -0.151402369142
    endloop
  endfacet
  facet normal 0.723934352398 -0.268079191446 -0.635651350021
    outer loop
      vertex 0.244030743837 -0.281003862619 -0.151402369142
      vertex 0.243527203798 -0.280642598867 -0.151905566454
      vertex 0.243696078658 -0.280574470758 -0.151287972927
    endloop
  endfacet
  facet normal 0.803810834885 -0.38440439105 -0.454005926847
    outer loop
      vertex 0.244030743837 -0.281003862619 -0.151402369142
      vertex 0.244306072593 -0.281225562096 -0.151088491082
      vertex 0.244271934032 -0.281358599663 -0.151317000389
    endloop
  endfacet
  facet normal 0.28148651123 -0.382708013058 -0.879943132401
    outer loop
      vertex 0.242924526334 -0.280757218599 -0.153029710054
      vertex 0.241178140044 -0.280106604099 -0.152818277478
      vertex 0.242454409599 -0.280119538307 -0.151909291744
    endloop
  endfacet
  facet normal 0.247759401798 -0.3349378407 -0.909083008766
    outer loop
      vertex 0.241113096476 -0.279415100813 -0.15098951757
      vertex 0.242454409599 -0.280119538307 -0.151909291744
      vertex 0.241178140044 -0.280106604099 -0.152818277478
    endloop
  endfacet
  facet normal 0.0934674739838 -0.349228650331 -0.932364284992
    outer loop
      vertex 0.241113096476 -0.279415100813 -0.15098951757
      vertex 0.241178140044 -0.280106604099 -0.152818277478
      vertex 0.238409385085 -0.279528796673 -0.152016684413
    endloop
  endfacet
  facet normal 0.849876463413 -0.319222688675 -0.419293314219
    outer loop
      vertex 0.24419875443 -0.281957060099 -0.152177080512
      vertex 0.243916928768 -0.281690508127 -0.152577280998
      vertex 0.24407055974 -0.28161033988 -0.152062952518
    endloop
  endfacet
  facet normal -0.412654042244 -0.262618690729 -0.872208714485
    outer loop
      vertex 0.244806200266 -0.281566768885 -0.152231052518
      vertex 0.24485039711 -0.281847059727 -0.153231412172
      vertex 0.244102731347 -0.282098948956 -0.152893185616
    endloop
  endfacet
  facet normal -0.412125349045 -0.262661725283 -0.872445702553
    outer loop
      vertex 0.24485039711 -0.281847059727 -0.153231412172
      vertex 0.244806200266 -0.281566768885 -0.152231052518
      vertex 0.24535317719 -0.281421840191 -0.152607902884
    endloop
  endfacet
  facet normal -0.369732350111 -0.132406368852 -0.919655680656
    outer loop
      vertex 0.244013115764 -0.28222027421 -0.153485611081
      vertex 0.244102731347 -0.282098948956 -0.152893185616
      vertex 0.24485039711 -0.281847059727 -0.153231412172
    endloop
  endfacet
  facet normal 0.619982659817 -0.400344133377 -0.674793362617
    outer loop
      vertex 0.243001177907 -0.281846255064 -0.154671028256
      vertex 0.243779286742 -0.281882822514 -0.153527632356
      vertex 0.243923142552 -0.282341390848 -0.154077798128
    endloop
  endfacet
  facet normal 0.605565428734 -0.341019302607 -0.719024598598
    outer loop
      vertex 0.243923142552 -0.282341390848 -0.154077798128
      vertex 0.243587896228 -0.282405883074 -0.154809102416
      vertex 0.243001177907 -0.281846255064 -0.154671028256
    endloop
  endfacet
  facet normal 0.353080749512 -0.234107583761 -0.905829787254
    outer loop
      vertex 0.243755877018 -0.279981195927 -0.149653315544
      vertex 0.243064582348 -0.279845505953 -0.150170907378
      vertex 0.242699161172 -0.279540538788 -0.149542033672
    endloop
  endfacet
  facet normal 0.280080318451 -0.280902922153 -0.917958915234
    outer loop
      vertex 0.241642400622 -0.279099583626 -0.149430692196
      vertex 0.242364689708 -0.279522389174 -0.150092199445
      vertex 0.241113096476 -0.279415100813 -0.15098951757
    endloop
  endfacet
  facet normal 0.669575214386 -0.74124455452 0.0471756234765
    outer loop
      vertex 0.242212608457 -0.289321064949 -0.159296259284
      vertex 0.242633998394 -0.289976805449 -0.15887388587
      vertex 0.242234528065 -0.289989024401 -0.159233957529
    endloop
  endfacet
  facet normal 0.669737458229 -0.742160260677 0.0254929233342
    outer loop
      vertex 0.242234528065 -0.289989024401 -0.159233957529
      vertex 0.242633998394 -0.289976805449 -0.15887388587
      vertex 0.242363125086 -0.290268421173 -0.159108310938
    endloop
  endfacet
  facet normal 0.674762666225 -0.73724603653 0.0341114029288
    outer loop
      vertex 0.242633998394 -0.289976805449 -0.15887388587
      vertex 0.242543756962 -0.290354460478 -0.158939003944
      vertex 0.242363125086 -0.290268421173 -0.159108310938
    endloop
  endfacet
  facet normal -0.529541194439 -0.805667161942 -0.265493035316
    outer loop
      vertex 0.242633998394 -0.289976805449 -0.15887388587
      vertex 0.242885872722 -0.290292739868 -0.159143537283
      vertex 0.242543756962 -0.290354460478 -0.158939003944
    endloop
  endfacet
  facet normal -0.529532313347 -0.805430412292 -0.266228079796
    outer loop
      vertex 0.242543756962 -0.290354460478 -0.158939003944
      vertex 0.242885872722 -0.290292739868 -0.159143537283
      vertex 0.242669701576 -0.290512293577 -0.159073978662
    endloop
  endfacet
  facet normal -0.52938747406 -0.805474817753 -0.266381621361
    outer loop
      vertex 0.242498517036 -0.290543287992 -0.158971726894
      vertex 0.242543756962 -0.290354460478 -0.158939003944
      vertex 0.242669701576 -0.290512293577 -0.159073978662
    endloop
  endfacet
  facet normal 0.674807846546 -0.737212121487 0.0339498706162
    outer loop
      vertex 0.242498517036 -0.290543287992 -0.158971726894
      vertex 0.242363125086 -0.290268421173 -0.159108310938
      vertex 0.242543756962 -0.290354460478 -0.158939003944
    endloop
  endfacet
  facet normal 0.661007165909 -0.748933017254 0.0465718246996
    outer loop
      vertex 0.242363125086 -0.290268421173 -0.159108310938
      vertex 0.242498517036 -0.290543287992 -0.158971726894
      vertex 0.242303937674 -0.29069173336 -0.159134224057
    endloop
  endfacet
  facet normal 0.652739942074 -0.757108390331 0.026785697788
    outer loop
      vertex 0.242303937674 -0.29069173336 -0.159134224057
      vertex 0.242498517036 -0.290543287992 -0.158971726894
      vertex 0.242453202605 -0.290731877089 -0.159004122019
    endloop
  endfacet
  facet normal -0.518687367439 -0.813094317913 -0.264274537563
    outer loop
      vertex 0.242453202605 -0.290731877089 -0.159004122019
      vertex 0.242498517036 -0.290543287992 -0.158971726894
      vertex 0.242634028196 -0.290737479925 -0.159121289849
    endloop
  endfacet
  facet normal -0.529489636421 -0.809425711632 -0.253910988569
    outer loop
      vertex 0.242634028196 -0.290737479925 -0.159121289849
      vertex 0.242498517036 -0.290543287992 -0.158971726894
      vertex 0.242669701576 -0.290512293577 -0.159073978662
    endloop
  endfacet
  facet normal 0.583196341991 -0.758654654026 0.290388017893
    outer loop
      vertex 0.24235509336 -0.290936857462 -0.159001067281
      vertex 0.242303937674 -0.29069173336 -0.159134224057
      vertex 0.242453202605 -0.290731877089 -0.159004122019
    endloop
  endfacet
  facet normal 0.610810339451 -0.742226421833 0.275700330734
    outer loop
      vertex 0.242303937674 -0.29069173336 -0.159134224057
      vertex 0.24235509336 -0.290936857462 -0.159001067281
      vertex 0.242160454392 -0.290838867426 -0.159197643399
    endloop
  endfacet
  facet normal 0.58210080862 -0.779412567616 0.231677934527
    outer loop
      vertex 0.242160454392 -0.290838867426 -0.159197643399
      vertex 0.24202182889 -0.2904728055 -0.159409999847
      vertex 0.242303937674 -0.29069173336 -0.159134224057
    endloop
  endfacet
  facet normal 0.631951272488 -0.74989849329 0.195678010583
    outer loop
      vertex 0.24202182889 -0.2904728055 -0.159409999847
      vertex 0.242160454392 -0.290838867426 -0.159197643399
      vertex 0.241729989648 -0.290759116411 -0.159581229091
    endloop
  endfacet
  facet normal 0.56555378437 -0.820221304893 0.0859415754676
    outer loop
      vertex 0.241729989648 -0.290759116411 -0.159581229091
      vertex 0.241669878364 -0.289987534285 -0.159703508019
      vertex 0.24202182889 -0.2904728055 -0.159409999847
    endloop
  endfacet
  facet normal 0.639392256737 -0.768879532814 0.00133604020812
    outer loop
      vertex 0.241669878364 -0.289987534285 -0.159703508019
      vertex 0.242234528065 -0.289989024401 -0.159233957529
      vertex 0.24202182889 -0.2904728055 -0.159409999847
    endloop
  endfacet
  facet normal 0.638493895531 -0.767955958843 0.0506868585944
    outer loop
      vertex 0.242212608457 -0.289321064949 -0.159296259284
      vertex 0.242234528065 -0.289989024401 -0.159233957529
      vertex 0.241669878364 -0.289987534285 -0.159703508019
    endloop
  endfacet
  facet normal 0.584300398827 -0.811292827129 -0.0199255030602
    outer loop
      vertex 0.242212608457 -0.289321064949 -0.159296259284
      vertex 0.241669878364 -0.289987534285 -0.159703508019
      vertex 0.241199597716 -0.28918209672 -0.160022437572
    endloop
  endfacet
  facet normal 0.670415878296 -0.741567134857 0.0249138940126
    outer loop
      vertex 0.24202182889 -0.2904728055 -0.159409999847
      vertex 0.242234528065 -0.289989024401 -0.159233957529
      vertex 0.242363125086 -0.290268421173 -0.159108310938
    endloop
  endfacet
  facet normal 0.678076088428 -0.733294725418 0.0499160699546
    outer loop
      vertex 0.242303937674 -0.29069173336 -0.159134224057
      vertex 0.24202182889 -0.2904728055 -0.159409999847
      vertex 0.242363125086 -0.290268421173 -0.159108310938
    endloop
  endfacet
  facet normal -0.511181652546 -0.827231645584 -0.233197584748
    outer loop
      vertex 0.2424402982 -0.291096717119 -0.159098803997
      vertex 0.242489486933 -0.290994226933 -0.159100294113
      vertex 0.242623537779 -0.291051387787 -0.159199252725
    endloop
  endfacet
  facet normal -0.50917828083 -0.835395157337 -0.207008421421
    outer loop
      vertex 0.2424402982 -0.291096717119 -0.159098803997
      vertex 0.242623537779 -0.291051387787 -0.159199252725
      vertex 0.242628753185 -0.291393846273 -0.159287288785
    endloop
  endfacet
  facet normal 0.647076427937 -0.692054450512 0.319926142693
    outer loop
      vertex 0.241948902607 -0.29186296463 -0.158952340484
      vertex 0.241658583283 -0.291802167892 -0.159251898527
      vertex 0.242060571909 -0.291551440954 -0.15899194777
    endloop
  endfacet
  facet normal 0.646961331367 -0.692009747028 0.320255428553
    outer loop
      vertex 0.241845428944 -0.292247712612 -0.158871024847
      vertex 0.241658583283 -0.291802167892 -0.159251898527
      vertex 0.241948902607 -0.29186296463 -0.158952340484
    endloop
  endfacet
  facet normal 0.556464254856 -0.732257783413 0.392614334822
    outer loop
      vertex 0.241658583283 -0.291802167892 -0.159251898527
      vertex 0.241845428944 -0.292247712612 -0.158871024847
      vertex 0.241430684924 -0.292575716972 -0.159010335803
    endloop
  endfacet
  facet normal -0.593999564648 -0.804399549961 0.0102876182646
    outer loop
      vertex 0.241948902607 -0.29186296463 -0.158952340484
      vertex 0.242234051228 -0.291976481676 -0.15916146338
      vertex 0.241845428944 -0.292247712612 -0.158871024847
    endloop
  endfacet
  facet normal -0.563024938107 -0.820669293404 -0.0974925383925
    outer loop
      vertex 0.241948902607 -0.29186296463 -0.158952340484
      vertex 0.242060571909 -0.291551440954 -0.15899194777
      vertex 0.242234051228 -0.291976481676 -0.15916146338
    endloop
  endfacet
  facet normal -0.487658560276 -0.861018657684 -0.144346833229
    outer loop
      vertex 0.242234051228 -0.291976481676 -0.15916146338
      vertex 0.242060571909 -0.291551440954 -0.15899194777
      vertex 0.242344811559 -0.291472762823 -0.159139752388
    endloop
  endfacet
  facet normal -0.572898983955 -0.803733766079 -0.160619929433
    outer loop
      vertex 0.242443859577 -0.291915327311 -0.159298792481
      vertex 0.242234051228 -0.291976481676 -0.15916146338
      vertex 0.242344811559 -0.291472762823 -0.159139752388
    endloop
  endfacet
  facet normal -0.367770850658 -0.916036784649 -0.16006629169
    outer loop
      vertex 0.242826089263 -0.291972458363 -0.159489259124
      vertex 0.243122115731 -0.29127702117 -0.159486591816
      vertex 0.243997737765 -0.291989266872 -0.159962594509
    endloop
  endfacet
  facet normal -0.347057789564 -0.918918371201 -0.187456309795
    outer loop
      vertex 0.243997737765 -0.291989266872 -0.159962594509
      vertex 0.243122115731 -0.29127702117 -0.159486591816
      vertex 0.244230121374 -0.290474236012 -0.159741297364
    endloop
  endfacet
  facet normal 0.353712558746 -0.838206768036 -0.415086507797
    outer loop
      vertex 0.250092118979 -0.28755530715 -0.157880306244
      vertex 0.249094307423 -0.285568386316 -0.157317444682
      vertex 0.250916659832 -0.286724179983 -0.157120794058
    endloop
  endfacet
  facet normal 0.433307290077 -0.703331828117 -0.563532710075
    outer loop
      vertex 0.249094307423 -0.285568386316 -0.157317444682
      vertex 0.250912964344 -0.284908235073 -0.155668079853
      vertex 0.250916659832 -0.286724179983 -0.157120794058
    endloop
  endfacet
  facet normal 0.447263389826 -0.710573136806 -0.543177008629
    outer loop
      vertex 0.248789951205 -0.283985733986 -0.156299203634
      vertex 0.250912964344 -0.284908235073 -0.155668079853
      vertex 0.249094307423 -0.285568386316 -0.157317444682
    endloop
  endfacet
  facet normal 0.440884262323 -0.700448930264 -0.561241805553
    outer loop
      vertex 0.250912964344 -0.284908235073 -0.155668079853
      vertex 0.253356635571 -0.287277162075 -0.156028091908
      vertex 0.250916659832 -0.286724179983 -0.157120794058
    endloop
  endfacet
  facet normal 0.563087761402 -0.260140269995 -0.784384608269
    outer loop
      vertex 0.252156883478 -0.281694173813 -0.148367360234
      vertex 0.251203000546 -0.282043457031 -0.1514852494
      vertex 0.250138640404 -0.280346125364 -0.148671269417
    endloop
  endfacet
  facet normal 0.55527806282 -0.258435189724 -0.790491938591
    outer loop
      vertex 0.252156883478 -0.281694173813 -0.148367360234
      vertex 0.253086060286 -0.282959759235 -0.150242030621
      vertex 0.251203000546 -0.282043457031 -0.1514852494
    endloop
  endfacet
  facet normal -0.130579903722 -0.0796990990639 -0.988229215145
    outer loop
      vertex 0.246146783233 -0.280287593603 -0.149426102638
      vertex 0.247513696551 -0.280040353537 -0.148600041866
      vertex 0.246842041612 -0.280296564102 -0.150676488876
    endloop
  endfacet
  facet normal 0.63144338131 -0.215301737189 -0.74493253231
    outer loop
      vertex 0.245208859444 -0.280830085278 -0.14866822958
      vertex 0.244914025068 -0.280419886112 -0.148113667965
      vertex 0.245289191604 -0.280750393867 -0.148156926036
    endloop
  endfacet
  facet normal 0.681270360947 -0.165285661817 -0.713127851486
    outer loop
      vertex 0.245208859444 -0.280830085278 -0.14866822958
      vertex 0.244783654809 -0.280491411686 -0.148959666491
      vertex 0.244914025068 -0.280419886112 -0.148113667965
    endloop
  endfacet
  facet normal -0.249411612749 0.522474467754 -0.815361440182
    outer loop
      vertex 0.246222227812 -0.282386690378 -0.141736403108
      vertex 0.246279343963 -0.282774418592 -0.141104057431
      vertex 0.246873140335 -0.28253915906 -0.141187742352
    endloop
  endfacet
  facet normal -0.247558802366 0.576107501984 -0.778983175755
    outer loop
      vertex 0.246923163533 -0.282986462116 -0.140457212925
      vertex 0.24633641541 -0.283162176609 -0.140471756458
      vertex 0.246844813228 -0.283416360617 -0.139909595251
    endloop
  endfacet
  facet normal -0.206434980035 0.551988661289 -0.807894229889
    outer loop
      vertex 0.246844813228 -0.283416360617 -0.139909595251
      vertex 0.24633641541 -0.283162176609 -0.140471756458
      vertex 0.246242076159 -0.283519744873 -0.139983698726
    endloop
  endfacet
  facet normal 0.657060682774 0.524034440517 -0.54190325737
    outer loop
      vertex 0.245484277606 -0.282759487629 -0.139819711447
      vertex 0.246242076159 -0.283519744873 -0.139983698726
      vertex 0.24633641541 -0.283162176609 -0.140471756458
    endloop
  endfacet
  facet normal 0.678862810135 0.451081752777 -0.579370856285
    outer loop
      vertex 0.246242076159 -0.283519744873 -0.139983698726
      vertex 0.245484277606 -0.282759487629 -0.139819711447
      vertex 0.245938614011 -0.283546328545 -0.139492854476
    endloop
  endfacet
  facet normal 0.633683860302 0.431710809469 -0.641927182674
    outer loop
      vertex 0.245613649487 -0.282293409109 -0.14070263505
      vertex 0.245484277606 -0.282759487629 -0.139819711447
      vertex 0.24633641541 -0.283162176609 -0.140471756458
    endloop
  endfacet
  facet normal 0.632889330387 0.771700561047 -0.0626843720675
    outer loop
      vertex 0.245702251792 -0.285413920879 -0.137314870954
      vertex 0.246148735285 -0.285281360149 -0.137691810727
      vertex 0.245966628194 -0.28468310833 -0.137591049075
    endloop
  endfacet
  facet normal 0.237550139427 0.479756563902 0.844632208347
    outer loop
      vertex 0.240556687117 -0.291316717863 -0.137809664011
      vertex 0.241385519505 -0.291093587875 -0.137827217579
      vertex 0.241136834025 -0.290939897299 -0.137433499098
    endloop
  endfacet
  facet normal -0.162845283747 0.308911651373 0.937045872211
    outer loop
      vertex 0.236878544092 -0.292070567608 -0.139932885766
      vertex 0.237176939845 -0.29162222147 -0.138415575027
      vertex 0.234917923808 -0.291171878576 -0.138240382075
    endloop
  endfacet
  facet normal -0.156057074666 0.308005750179 0.938498079777
    outer loop
      vertex 0.237176939845 -0.29162222147 -0.138415575027
      vertex 0.236878544092 -0.292070567608 -0.139932885766
      vertex 0.238778844476 -0.292091906071 -0.139035075903
    endloop
  endfacet
  facet normal 0.252439588308 -0.0043149702251 0.967603027821
    outer loop
      vertex 0.239711716771 -0.292066395283 -0.140516027808
      vertex 0.239486947656 -0.292130321264 -0.13933031261
      vertex 0.239098221064 -0.292228549719 -0.140045434237
    endloop
  endfacet
  facet normal 0.224365860224 -0.0429657250643 0.97355735302
    outer loop
      vertex 0.239711716771 -0.292066395283 -0.140516027808
      vertex 0.239098221064 -0.292228549719 -0.140045434237
      vertex 0.239313349128 -0.292129039764 -0.141176819801
    endloop
  endfacet
  facet normal 0.193026915193 -0.0494865067303 0.979944765568
    outer loop
      vertex 0.239313349128 -0.292129039764 -0.141176819801
      vertex 0.239098221064 -0.292228549719 -0.140045434237
      vertex 0.238432183862 -0.292293608189 -0.141355082393
    endloop
  endfacet
  facet normal 0.190001055598 -0.0333536677063 0.98121714592
    outer loop
      vertex 0.238886415958 -0.292188853025 -0.1418492347
      vertex 0.239313349128 -0.292129039764 -0.141176819801
      vertex 0.238432183862 -0.292293608189 -0.141355082393
    endloop
  endfacet
  facet normal 0.210953354836 -0.0470887981355 0.976361274719
    outer loop
      vertex 0.239567443728 -0.292039036751 -0.141904711723
      vertex 0.239313349128 -0.292129039764 -0.141176819801
      vertex 0.238886415958 -0.292188853025 -0.1418492347
    endloop
  endfacet
  facet normal 0.213347226381 -0.0188728217036 0.97679412365
    outer loop
      vertex 0.239445775747 -0.2920563519 -0.142383903265
      vertex 0.239567443728 -0.292039036751 -0.141904711723
      vertex 0.238886415958 -0.292188853025 -0.1418492347
    endloop
  endfacet
  facet normal 0.264575123787 -0.03234821558 0.963822364807
    outer loop
      vertex 0.239567443728 -0.292039036751 -0.141904711723
      vertex 0.239445775747 -0.2920563519 -0.142383903265
      vertex 0.239890754223 -0.291939169168 -0.142235845327
    endloop
  endfacet
  facet normal 0.266242325306 -0.0378822460771 0.963161468506
    outer loop
      vertex 0.239890754223 -0.291939169168 -0.142235845327
      vertex 0.239445775747 -0.2920563519 -0.142383903265
      vertex 0.240061953664 -0.291876286268 -0.142631471157
    endloop
  endfacet
  facet normal 0.274438381195 -0.0162508357316 0.961467385292
    outer loop
      vertex 0.239342957735 -0.2920756042 -0.142981052399
      vertex 0.240061953664 -0.291876286268 -0.142631471157
      vertex 0.239445775747 -0.2920563519 -0.142383903265
    endloop
  endfacet
  facet normal 0.260486423969 0.0146671645343 0.965366065502
    outer loop
      vertex 0.240061953664 -0.291876286268 -0.142631471157
      vertex 0.239342957735 -0.2920756042 -0.142981052399
      vertex 0.23994961381 -0.291917055845 -0.143319830298
    endloop
  endfacet
  facet normal 0.207459628582 -0.00417887046933 0.978234648705
    outer loop
      vertex 0.238891080022 -0.292173862457 -0.14241361618
      vertex 0.239342957735 -0.2920756042 -0.142981052399
      vertex 0.239445775747 -0.2920563519 -0.142383903265
    endloop
  endfacet
  facet normal 0.18966601789 -0.0189430546016 0.98166590929
    outer loop
      vertex 0.239342957735 -0.2920756042 -0.142981052399
      vertex 0.238891080022 -0.292173862457 -0.14241361618
      vertex 0.238267958164 -0.29228118062 -0.143091142178
    endloop
  endfacet
  facet normal 0.19637387991 -0.0253442618996 0.980201482773
    outer loop
      vertex 0.238267958164 -0.29228118062 -0.143091142178
      vertex 0.238891080022 -0.292173862457 -0.14241361618
      vertex 0.238387465477 -0.292281717062 -0.142144352198
    endloop
  endfacet
  facet normal 0.1968575418 -0.0244102850556 0.98012816906
    outer loop
      vertex 0.238891080022 -0.292173862457 -0.14241361618
      vertex 0.238886415958 -0.292188853025 -0.1418492347
      vertex 0.238387465477 -0.292281717062 -0.142144352198
    endloop
  endfacet
  facet normal 0.208429247141 -0.0242513623089 0.977736711502
    outer loop
      vertex 0.238886415958 -0.292188853025 -0.1418492347
      vertex 0.238891080022 -0.292173862457 -0.14241361618
      vertex 0.239445775747 -0.2920563519 -0.142383903265
    endloop
  endfacet
  facet normal 0.197737112641 -0.025965647772 0.979911148548
    outer loop
      vertex 0.238886415958 -0.292188853025 -0.1418492347
      vertex 0.238432183862 -0.292293608189 -0.141355082393
      vertex 0.238387465477 -0.292281717062 -0.142144352198
    endloop
  endfacet
  facet normal 0.11076695472 -0.0212452150881 0.993619322777
    outer loop
      vertex 0.238387465477 -0.292281717062 -0.142144352198
      vertex 0.238432183862 -0.292293608189 -0.141355082393
      vertex 0.237064898014 -0.292435050011 -0.141868591309
    endloop
  endfacet
  facet normal 0.112124226987 -0.0147167174146 0.99358522892
    outer loop
      vertex 0.237064898014 -0.292435050011 -0.141868591309
      vertex 0.238267958164 -0.29228118062 -0.143091142178
      vertex 0.238387465477 -0.292281717062 -0.142144352198
    endloop
  endfacet
  facet normal 0.0665775761008 -0.0598390772939 0.995985269547
    outer loop
      vertex 0.238267958164 -0.29228118062 -0.143091142178
      vertex 0.237064898014 -0.292435050011 -0.141868591309
      vertex 0.236945137382 -0.2923181355 -0.143947824836
    endloop
  endfacet
  facet normal 0.0302241500467 -0.0035521350801 0.999536812305
    outer loop
      vertex 0.238358080387 -0.292273938656 -0.14436198771
      vertex 0.238267958164 -0.29228118062 -0.143091142178
      vertex 0.236945137382 -0.2923181355 -0.143947824836
    endloop
  endfacet
  facet normal 0.0765415802598 0.156037956476 0.984780967236
    outer loop
      vertex 0.238358080387 -0.292273938656 -0.14436198771
      vertex 0.236945137382 -0.2923181355 -0.143947824836
      vertex 0.237837448716 -0.292560905218 -0.14591768384
    endloop
  endfacet
  facet normal 0.0833511129022 0.153724193573 0.984592020512
    outer loop
      vertex 0.239015549421 -0.292502075434 -0.146179661155
      vertex 0.238358080387 -0.292273938656 -0.14436198771
      vertex 0.237837448716 -0.292560905218 -0.14591768384
    endloop
  endfacet
  facet normal 0.277911275625 0.217942386866 0.935556769371
    outer loop
      vertex 0.238358080387 -0.292273938656 -0.14436198771
      vertex 0.239015549421 -0.292502075434 -0.146179661155
      vertex 0.239494606853 -0.292022824287 -0.144733265042
    endloop
  endfacet
  facet normal 0.200196400285 0.247774615884 0.947907745838
    outer loop
      vertex 0.239015549421 -0.292502075434 -0.146179661155
      vertex 0.2401278615 -0.29206931591 -0.145422801375
      vertex 0.239494606853 -0.292022824287 -0.144733265042
    endloop
  endfacet
  facet normal 0.171638131142 0.28666934371 0.942529082298
    outer loop
      vertex 0.239015549421 -0.292502075434 -0.146179661155
      vertex 0.239900380373 -0.292390525341 -0.146342679858
      vertex 0.2401278615 -0.29206931591 -0.145422801375
    endloop
  endfacet
  facet normal 0.17153429985 0.285941511393 0.942769050598
    outer loop
      vertex 0.239766836166 -0.292588740587 -0.146916106343
      vertex 0.239900380373 -0.292390525341 -0.146342679858
      vertex 0.239015549421 -0.292502075434 -0.146179661155
    endloop
  endfacet
  facet normal -0.880105495453 0.041474185884 -0.472963243723
    outer loop
      vertex 0.239668831229 -0.292822480202 -0.146330446005
      vertex 0.239900380373 -0.292390525341 -0.146342679858
      vertex 0.239766836166 -0.292588740587 -0.146916106343
    endloop
  endfacet
  facet normal -0.861751914024 0.0569806620479 -0.504119873047
    outer loop
      vertex 0.239766836166 -0.292588740587 -0.146916106343
      vertex 0.239551350474 -0.292939782143 -0.147069260478
      vertex 0.239668831229 -0.292822480202 -0.146330446005
    endloop
  endfacet
  facet normal -0.855995714664 0.0203138813376 -0.516583681107
    outer loop
      vertex 0.239766836166 -0.292588740587 -0.146916106343
      vertex 0.23966678977 -0.292737603188 -0.147346258163
      vertex 0.239551350474 -0.292939782143 -0.147069260478
    endloop
  endfacet
  facet normal 0.203006953001 0.277731984854 0.938963830471
    outer loop
      vertex 0.239766836166 -0.292588740587 -0.146916106343
      vertex 0.239321544766 -0.292743891478 -0.147115156054
      vertex 0.23966678977 -0.292737603188 -0.147346258163
    endloop
  endfacet
  facet normal 0.18971273303 0.303428560495 0.933777391911
    outer loop
      vertex 0.239321544766 -0.292743891478 -0.147115156054
      vertex 0.239766836166 -0.292588740587 -0.146916106343
      vertex 0.239015549421 -0.292502075434 -0.146179661155
    endloop
  endfacet
  facet normal 0.191099390388 0.303779542446 0.933380424976
    outer loop
      vertex 0.239015549421 -0.292502075434 -0.146179661155
      vertex 0.238690644503 -0.292864888906 -0.147090047598
      vertex 0.239321544766 -0.292743891478 -0.147115156054
    endloop
  endfacet
  facet normal 0.120183795691 0.330220580101 0.936221241951
    outer loop
      vertex 0.237837448716 -0.292560905218 -0.14591768384
      vertex 0.238690644503 -0.292864888906 -0.147090047598
      vertex 0.239015549421 -0.292502075434 -0.146179661155
    endloop
  endfacet
  facet normal 0.0953731313348 0.314315110445 0.944515764713
    outer loop
      vertex 0.238690644503 -0.292864888906 -0.147090047598
      vertex 0.237837448716 -0.292560905218 -0.14591768384
      vertex 0.237976714969 -0.293039619923 -0.147398486733
    endloop
  endfacet
  facet normal 0.109696917236 0.28545331955 0.952094018459
    outer loop
      vertex 0.23872448504 -0.292997866869 -0.147546589375
      vertex 0.238690644503 -0.292864888906 -0.147090047598
      vertex 0.237976714969 -0.293039619923 -0.147398486733
    endloop
  endfacet
  facet normal 0.187769025564 0.287486076355 0.93919891119
    outer loop
      vertex 0.239163860679 -0.292918175459 -0.14757321775
      vertex 0.238690644503 -0.292864888906 -0.147090047598
      vertex 0.23872448504 -0.292997866869 -0.147546589375
    endloop
  endfacet
  facet normal 0.191363200545 0.290813118219 0.937447547913
    outer loop
      vertex 0.238690644503 -0.292864888906 -0.147090047598
      vertex 0.239163860679 -0.292918175459 -0.14757321775
      vertex 0.239321544766 -0.292743891478 -0.147115156054
    endloop
  endfacet
  facet normal 0.207574993372 0.284639984369 0.935891389847
    outer loop
      vertex 0.239321544766 -0.292743891478 -0.147115156054
      vertex 0.239163860679 -0.292918175459 -0.14757321775
      vertex 0.23966678977 -0.292737603188 -0.147346258163
    endloop
  endfacet
  facet normal 0.173675343394 0.348096936941 0.921230375767
    outer loop
      vertex 0.239552780986 -0.292924046516 -0.147782787681
      vertex 0.23966678977 -0.292737603188 -0.147346258163
      vertex 0.239163860679 -0.292918175459 -0.14757321775
    endloop
  endfacet
  facet normal -0.850641608238 -0.00238612410612 -0.525740623474
    outer loop
      vertex 0.239552780986 -0.292924046516 -0.147782787681
      vertex 0.239414840937 -0.293146371841 -0.147593691945
      vertex 0.23966678977 -0.292737603188 -0.147346258163
    endloop
  endfacet
  facet normal -0.831669270992 0.044110480696 -0.553516507149
    outer loop
      vertex 0.239448994398 -0.293058156967 -0.148056790233
      vertex 0.239414840937 -0.293146371841 -0.147593691945
      vertex 0.239552780986 -0.292924046516 -0.147782787681
    endloop
  endfacet
  facet normal -0.905636131763 0.0139514878392 -0.423826098442
    outer loop
      vertex 0.239414840937 -0.293146371841 -0.147593691945
      vertex 0.239448994398 -0.293058156967 -0.148056790233
      vertex 0.239336192608 -0.293307781219 -0.147796034813
    endloop
  endfacet
  facet normal -0.886789321899 0.0556008517742 -0.458817243576
    outer loop
      vertex 0.239350482821 -0.293239861727 -0.148128673434
      vertex 0.239336192608 -0.293307781219 -0.147796034813
      vertex 0.239448994398 -0.293058156967 -0.148056790233
    endloop
  endfacet
  facet normal -0.897836267948 0.050752338022 -0.437394797802
    outer loop
      vertex 0.239336192608 -0.293307781219 -0.147796034813
      vertex 0.239350482821 -0.293239861727 -0.148128673434
      vertex 0.239270836115 -0.29342225194 -0.14796563983
    endloop
  endfacet
  facet normal -0.888486027718 0.0728699043393 -0.453081130981
    outer loop
      vertex 0.239270836115 -0.29342225194 -0.14796563983
      vertex 0.239350482821 -0.293239861727 -0.148128673434
      vertex 0.239251926541 -0.293421596289 -0.148200243711
    endloop
  endfacet
  facet normal -0.892069458961 0.127207994461 -0.433624505997
    outer loop
      vertex 0.239251926541 -0.293421596289 -0.148200243711
      vertex 0.239350482821 -0.293239861727 -0.148128673434
      vertex 0.239298433065 -0.293306767941 -0.1482655406
    endloop
  endfacet
  facet normal -0.892180502415 0.127387747169 -0.433343142271
    outer loop
      vertex 0.239350482821 -0.293239861727 -0.148128673434
      vertex 0.239344894886 -0.293191999197 -0.148330539465
      vertex 0.239298433065 -0.293306767941 -0.1482655406
    endloop
  endfacet
  facet normal -0.892180085182 0.127387940884 -0.433344006538
    outer loop
      vertex 0.239344894886 -0.293191999197 -0.148330539465
      vertex 0.239350482821 -0.293239861727 -0.148128673434
      vertex 0.239448994398 -0.293058156967 -0.148056790233
    endloop
  endfacet
  facet normal 0.22457395494 0.35776284337 0.906406223774
    outer loop
      vertex 0.239448994398 -0.293058156967 -0.148056790233
      vertex 0.23913526535 -0.293168634176 -0.148139759898
      vertex 0.239344894886 -0.293191999197 -0.148330539465
    endloop
  endfacet
  facet normal 0.205883443356 0.40668335557 0.890067815781
    outer loop
      vertex 0.239254400134 -0.29305523634 -0.147951886058
      vertex 0.23913526535 -0.293168634176 -0.148139759898
      vertex 0.239448994398 -0.293058156967 -0.148056790233
    endloop
  endfacet
  facet normal 0.211874112487 0.403037190437 0.890320360661
    outer loop
      vertex 0.23913526535 -0.293168634176 -0.148139759898
      vertex 0.239254400134 -0.29305523634 -0.147951886058
      vertex 0.238936439157 -0.293147146702 -0.147987768054
    endloop
  endfacet
  facet normal 0.217523261905 0.377755582333 0.899991333485
    outer loop
      vertex 0.239163860679 -0.292918175459 -0.14757321775
      vertex 0.238936439157 -0.293147146702 -0.147987768054
      vertex 0.239254400134 -0.29305523634 -0.147951886058
    endloop
  endfacet
  facet normal 0.187084302306 0.394310563803 0.899732530117
    outer loop
      vertex 0.23872448504 -0.292997866869 -0.147546589375
      vertex 0.238936439157 -0.293147146702 -0.147987768054
      vertex 0.239163860679 -0.292918175459 -0.14757321775
    endloop
  endfacet
  facet normal 0.211166650057 0.402790129185 0.890600204468
    outer loop
      vertex 0.23872448504 -0.292997866869 -0.147546589375
      vertex 0.238618478179 -0.293238759041 -0.148023635149
      vertex 0.238936439157 -0.293147146702 -0.147987768054
    endloop
  endfacet
  facet normal 0.133791700006 0.422847658396 0.896269857883
    outer loop
      vertex 0.237976714969 -0.293039619923 -0.147398486733
      vertex 0.238618478179 -0.293238759041 -0.148023635149
      vertex 0.23872448504 -0.292997866869 -0.147546589375
    endloop
  endfacet
  facet normal 0.0206728931516 0.322656542063 0.946290314198
    outer loop
      vertex 0.238618478179 -0.293238759041 -0.148023635149
      vertex 0.237976714969 -0.293039619923 -0.147398486733
      vertex 0.237904027104 -0.293227940798 -0.14794613421
    endloop
  endfacet
  facet normal 0.0333884060383 0.433486014605 0.900541543961
    outer loop
      vertex 0.238331988454 -0.293397963047 -0.148332312703
      vertex 0.238618478179 -0.293238759041 -0.148023635149
      vertex 0.237904027104 -0.293227940798 -0.14794613421
    endloop
  endfacet
  facet normal 0.104818046093 0.377299576998 0.920140326023
    outer loop
      vertex 0.238331988454 -0.293397963047 -0.148332312703
      vertex 0.238731309772 -0.293305873871 -0.148218661547
      vertex 0.238618478179 -0.293238759041 -0.148023635149
    endloop
  endfacet
  facet normal 0.0659606456757 0.477976351976 0.875892579556
    outer loop
      vertex 0.238731309772 -0.293305873871 -0.148218661547
      vertex 0.238331988454 -0.293397963047 -0.148332312703
      vertex 0.238672152162 -0.29346370697 -0.148499727249
    endloop
  endfacet
  facet normal 0.0841396600008 0.507665038109 0.85743612051
    outer loop
      vertex 0.238331988454 -0.293397963047 -0.148332312703
      vertex 0.238558739424 -0.293607622385 -0.148724004626
      vertex 0.238672152162 -0.29346370697 -0.148499727249
    endloop
  endfacet
  facet normal 0.323755711317 0.389558970928 0.862221598625
    outer loop
      vertex 0.238558739424 -0.293607622385 -0.148724004626
      vertex 0.238847985864 -0.293533802032 -0.148800998926
      vertex 0.238672152162 -0.29346370697 -0.148499727249
    endloop
  endfacet
  facet normal 0.336210936308 0.494594246149 0.801460385323
    outer loop
      vertex 0.238741263747 -0.29377284646 -0.149115815759
      vertex 0.238847985864 -0.293533802032 -0.148800998926
      vertex 0.238558739424 -0.293607622385 -0.148724004626
    endloop
  endfacet
  facet normal 0.337013065815 0.494234830141 0.801345169544
    outer loop
      vertex 0.239023506641 -0.293617844582 -0.149056941271
      vertex 0.238847985864 -0.293533802032 -0.148800998926
      vertex 0.238741263747 -0.29377284646 -0.149115815759
    endloop
  endfacet
  facet normal 0.337164700031 0.494303882122 0.801238834858
    outer loop
      vertex 0.239136978984 -0.293459683657 -0.148877978325
      vertex 0.238847985864 -0.293533802032 -0.148800998926
      vertex 0.239023506641 -0.293617844582 -0.149056941271
    endloop
  endfacet
  facet normal 0.319697231054 0.353896588087 0.878948748112
    outer loop
      vertex 0.238932073116 -0.293407917023 -0.148564308882
      vertex 0.238847985864 -0.293533802032 -0.148800998926
      vertex 0.239136978984 -0.293459683657 -0.148877978325
    endloop
  endfacet
  facet normal 0.28201431036 0.370494097471 0.884987056255
    outer loop
      vertex 0.238847985864 -0.293533802032 -0.148800998926
      vertex 0.238932073116 -0.293407917023 -0.148564308882
      vertex 0.238672152162 -0.29346370697 -0.148499727249
    endloop
  endfacet
  facet normal 0.289238154888 0.421702265739 0.859365165234
    outer loop
      vertex 0.238932073116 -0.293407917023 -0.148564308882
      vertex 0.238731309772 -0.293305873871 -0.148218661547
      vertex 0.238672152162 -0.29346370697 -0.148499727249
    endloop
  endfacet
  facet normal 0.247308894992 0.40368783474 0.880837380886
    outer loop
      vertex 0.239168718457 -0.293273061514 -0.148415029049
      vertex 0.238731309772 -0.293305873871 -0.148218661547
      vertex 0.238932073116 -0.293407917023 -0.148564308882
    endloop
  endfacet
  facet normal 0.233383908868 0.369565874338 0.89941817522
    outer loop
      vertex 0.239168718457 -0.293273061514 -0.148415029049
      vertex 0.23913526535 -0.293168634176 -0.148139759898
      vertex 0.238731309772 -0.293305873871 -0.148218661547
    endloop
  endfacet
  facet normal 0.236230447888 0.369621157646 0.898651957512
    outer loop
      vertex 0.239168718457 -0.293273061514 -0.148415029049
      vertex 0.239344894886 -0.293191999197 -0.148330539465
      vertex 0.23913526535 -0.293168634176 -0.148139759898
    endloop
  endfacet
  facet normal 0.249178290367 0.347660452127 0.903903961182
    outer loop
      vertex 0.239293113351 -0.293258905411 -0.148467376828
      vertex 0.239344894886 -0.293191999197 -0.148330539465
      vertex 0.239168718457 -0.293273061514 -0.148415029049
    endloop
  endfacet
  facet normal -0.892598092556 0.126189410686 -0.432833492756
    outer loop
      vertex 0.239293113351 -0.293258905411 -0.148467376828
      vertex 0.239298433065 -0.293306767941 -0.1482655406
      vertex 0.239344894886 -0.293191999197 -0.148330539465
    endloop
  endfacet
  facet normal -0.972214460373 0.0779905468225 -0.220718175173
    outer loop
      vertex 0.239298433065 -0.293306767941 -0.1482655406
      vertex 0.239293113351 -0.293258905411 -0.148467376828
      vertex 0.239269033074 -0.293377488852 -0.148431926966
    endloop
  endfacet
  facet normal -0.938061416149 0.22990693152 -0.259197920561
    outer loop
      vertex 0.239293113351 -0.293258905411 -0.148467376828
      vertex 0.239241078496 -0.293325841427 -0.148604258895
      vertex 0.239269033074 -0.293377488852 -0.148431926966
    endloop
  endfacet
  facet normal 0.249085068703 0.347405523062 0.904027700424
    outer loop
      vertex 0.239168718457 -0.293273061514 -0.148415029049
      vertex 0.239241078496 -0.293325841427 -0.148604258895
      vertex 0.239293113351 -0.293258905411 -0.148467376828
    endloop
  endfacet
  facet normal 0.282623022795 0.356466054916 0.890537023544
    outer loop
      vertex 0.239241078496 -0.293325841427 -0.148604258895
      vertex 0.239168718457 -0.293273061514 -0.148415029049
      vertex 0.238932073116 -0.293407917023 -0.148564308882
    endloop
  endfacet
  facet normal 0.282031536102 0.332742333412 0.899855971336
    outer loop
      vertex 0.239241078496 -0.293325841427 -0.148604258895
      vertex 0.238932073116 -0.293407917023 -0.148564308882
      vertex 0.239136978984 -0.293459683657 -0.148877978325
    endloop
  endfacet
  facet normal -0.93792784214 0.229577839375 -0.259971827269
    outer loop
      vertex 0.239136978984 -0.293459683657 -0.148877978325
      vertex 0.239192828536 -0.293562740088 -0.148533076048
      vertex 0.239241078496 -0.293325841427 -0.148604258895
    endloop
  endfacet
  facet normal -0.937852263451 0.229632601142 -0.26019603014
    outer loop
      vertex 0.239136978984 -0.293459683657 -0.148877978325
      vertex 0.239040464163 -0.293933212757 -0.148735582829
      vertex 0.239192828536 -0.293562740088 -0.148533076048
    endloop
  endfacet
  facet normal -0.90323549509 0.323923885822 -0.281494110823
    outer loop
      vertex 0.239040464163 -0.293933212757 -0.148735582829
      vertex 0.239136978984 -0.293459683657 -0.148877978325
      vertex 0.239023506641 -0.293617844582 -0.149056941271
    endloop
  endfacet
  facet normal -0.971774101257 0.189367577434 -0.14069481194
    outer loop
      vertex 0.238975331187 -0.293938428164 -0.149065926671
      vertex 0.239040464163 -0.293933212757 -0.148735582829
      vertex 0.239023506641 -0.293617844582 -0.149056941271
    endloop
  endfacet
  facet normal -0.987858891487 0.050240624696 -0.147005796432
    outer loop
      vertex 0.238975614309 -0.293832093477 -0.149371549487
      vertex 0.238975331187 -0.293938428164 -0.149065926671
      vertex 0.239023506641 -0.293617844582 -0.149056941271
    endloop
  endfacet
  facet normal -0.987920880318 0.0501108467579 -0.146632954478
    outer loop
      vertex 0.238975331187 -0.293938428164 -0.149065926671
      vertex 0.238975614309 -0.293832093477 -0.149371549487
      vertex 0.238939508796 -0.29409918189 -0.149301841855
    endloop
  endfacet
  facet normal -0.987807154655 0.0513979494572 -0.146953448653
    outer loop
      vertex 0.238927423954 -0.294046103954 -0.149685829878
      vertex 0.238939508796 -0.29409918189 -0.149301841855
      vertex 0.238975614309 -0.293832093477 -0.149371549487
    endloop
  endfacet
  facet normal -0.953990459442 0.0703109428287 -0.291476458311
    outer loop
      vertex 0.238939508796 -0.29409918189 -0.149301841855
      vertex 0.238927423954 -0.294046103954 -0.149685829878
      vertex 0.238858908415 -0.294273287058 -0.149673640728
    endloop
  endfacet
  facet normal 0.282285273075 0.509997844696 0.812537550926
    outer loop
      vertex 0.238927423954 -0.294046103954 -0.149685829878
      vertex 0.238975614309 -0.293832093477 -0.149371549487
      vertex 0.238663941622 -0.294066518545 -0.149572521448
    endloop
  endfacet
  facet normal 0.311575472355 0.476048231125 0.822373867035
    outer loop
      vertex 0.238975614309 -0.293832093477 -0.149371549487
      vertex 0.238741263747 -0.29377284646 -0.149115815759
      vertex 0.238663941622 -0.294066518545 -0.149572521448
    endloop
  endfacet
  facet normal 0.336938589811 0.494402348995 0.801273167133
    outer loop
      vertex 0.239023506641 -0.293617844582 -0.149056941271
      vertex 0.238741263747 -0.29377284646 -0.149115815759
      vertex 0.238975614309 -0.293832093477 -0.149371549487
    endloop
  endfacet
  facet normal 0.16136212647 0.514290928841 0.842298686504
    outer loop
      vertex 0.238741263747 -0.29377284646 -0.149115815759
      vertex 0.238332882524 -0.293928682804 -0.149242907763
      vertex 0.238663941622 -0.294066518545 -0.149572521448
    endloop
  endfacet
  facet normal 0.190177798271 0.455365121365 0.869755685329
    outer loop
      vertex 0.238741263747 -0.29377284646 -0.149115815759
      vertex 0.238558739424 -0.293607622385 -0.148724004626
      vertex 0.238332882524 -0.293928682804 -0.149242907763
    endloop
  endfacet
  facet normal 0.193751066923 0.537728846073 0.820553600788
    outer loop
      vertex 0.238332882524 -0.293928682804 -0.149242907763
      vertex 0.238398551941 -0.294282346964 -0.149806246161
      vertex 0.238663941622 -0.294066518545 -0.149572521448
    endloop
  endfacet
  facet normal 0.0569501146674 0.535592198372 0.842554271221
    outer loop
      vertex 0.237435296178 -0.294060558081 -0.149354919791
      vertex 0.238398551941 -0.294282346964 -0.149806246161
      vertex 0.238332882524 -0.293928682804 -0.149242907763
    endloop
  endfacet
  facet normal -0.925579428673 0.00391671340913 -0.378533184528
    outer loop
      vertex 0.239192828536 -0.293562740088 -0.148533076048
      vertex 0.239040464163 -0.293933212757 -0.148735582829
      vertex 0.23909959197 -0.293792068958 -0.148402765393
    endloop
  endfacet
  facet normal -0.925324618816 0.00516827218235 -0.379140734673
    outer loop
      vertex 0.239192828536 -0.293562740088 -0.148533076048
      vertex 0.23909959197 -0.293792068958 -0.148402765393
      vertex 0.23919929564 -0.29354968667 -0.148334160447
    endloop
  endfacet
  facet normal -0.925150811672 0.00334594934247 -0.379585057497
    outer loop
      vertex 0.23919929564 -0.29354968667 -0.148334160447
      vertex 0.23909959197 -0.293792068958 -0.148402765393
      vertex 0.239158689976 -0.293650954962 -0.148069962859
    endloop
  endfacet
  facet normal -0.974947333336 0.0861937999725 -0.205056905746
    outer loop
      vertex 0.23909959197 -0.293792068958 -0.148402765393
      vertex 0.239077612758 -0.294131934643 -0.147842854261
      vertex 0.239158689976 -0.293650954962 -0.148069962859
    endloop
  endfacet
  facet normal -0.964457690716 0.135760977864 -0.226694256067
    outer loop
      vertex 0.2392180264 -0.293648064137 -0.147653356194
      vertex 0.239158689976 -0.293650954962 -0.148069962859
      vertex 0.239077612758 -0.294131934643 -0.147842854261
    endloop
  endfacet
  facet normal -0.91228312254 0.127203166485 -0.389305591583
    outer loop
      vertex 0.239270836115 -0.29342225194 -0.14796563983
      vertex 0.239158689976 -0.293650954962 -0.148069962859
      vertex 0.2392180264 -0.293648064137 -0.147653356194
    endloop
  endfacet
  facet normal -0.908374130726 0.0743564590812 -0.411494344473
    outer loop
      vertex 0.239158689976 -0.293650954962 -0.148069962859
      vertex 0.239270836115 -0.29342225194 -0.14796563983
      vertex 0.239251926541 -0.293421596289 -0.148200243711
    endloop
  endfacet
  facet normal -0.925872027874 0.00256183859892 -0.37782856822
    outer loop
      vertex 0.23919929564 -0.29354968667 -0.148334160447
      vertex 0.239158689976 -0.293650954962 -0.148069962859
      vertex 0.239251926541 -0.293421596289 -0.148200243711
    endloop
  endfacet
  facet normal -0.92618227005 0.00341824581847 -0.377060681581
    outer loop
      vertex 0.239251926541 -0.293421596289 -0.148200243711
      vertex 0.239269033074 -0.293377488852 -0.148431926966
      vertex 0.23919929564 -0.29354968667 -0.148334160447
    endloop
  endfacet
  facet normal -0.92618983984 0.00341414590366 -0.377042084932
    outer loop
      vertex 0.239269033074 -0.293377488852 -0.148431926966
      vertex 0.239251926541 -0.293421596289 -0.148200243711
      vertex 0.239298433065 -0.293306767941 -0.1482655406
    endloop
  endfacet
  facet normal -0.925808548927 0.00526172900572 -0.377956092358
    outer loop
      vertex 0.23919929564 -0.29354968667 -0.148334160447
      vertex 0.239269033074 -0.293377488852 -0.148431926966
      vertex 0.239192828536 -0.293562740088 -0.148533076048
    endloop
  endfacet
  facet normal -0.9377566576 0.230128586292 -0.260102421045
    outer loop
      vertex 0.239269033074 -0.293377488852 -0.148431926966
      vertex 0.239241078496 -0.293325841427 -0.148604258895
      vertex 0.239192828536 -0.293562740088 -0.148533076048
    endloop
  endfacet
  facet normal -0.924051940441 0.108710490167 -0.366483330727
    outer loop
      vertex 0.239336192608 -0.293307781219 -0.147796034813
      vertex 0.239270836115 -0.29342225194 -0.14796563983
      vertex 0.2392180264 -0.293648064137 -0.147653356194
    endloop
  endfacet
  facet normal -0.952158868313 -0.099378451705 -0.288993865252
    outer loop
      vertex 0.239276900887 -0.293368428946 -0.147404298186
      vertex 0.239336192608 -0.293307781219 -0.147796034813
      vertex 0.2392180264 -0.293648064137 -0.147653356194
    endloop
  endfacet
  facet normal -0.868570804596 -0.0552238039672 -0.492478519678
    outer loop
      vertex 0.239336192608 -0.293307781219 -0.147796034813
      vertex 0.239276900887 -0.293368428946 -0.147404298186
      vertex 0.239414840937 -0.293146371841 -0.147593691945
    endloop
  endfacet
  facet normal -0.845602810383 0.00985678471625 -0.5337215662
    outer loop
      vertex 0.239414840937 -0.293146371841 -0.147593691945
      vertex 0.239276900887 -0.293368428946 -0.147404298186
      vertex 0.239551350474 -0.292939782143 -0.147069260478
    endloop
  endfacet
  facet normal -0.872449815273 0.103679277003 -0.477579265833
    outer loop
      vertex 0.239551350474 -0.292939782143 -0.147069260478
      vertex 0.239276900887 -0.293368428946 -0.147404298186
      vertex 0.239376366138 -0.29332652688 -0.146760344505
    endloop
  endfacet
  facet normal -0.887198925018 0.0686264261603 -0.456254810095
    outer loop
      vertex 0.239668831229 -0.292822480202 -0.146330446005
      vertex 0.239551350474 -0.292939782143 -0.147069260478
      vertex 0.239376366138 -0.29332652688 -0.146760344505
    endloop
  endfacet
  facet normal -0.904065847397 0.142695844173 -0.402868211269
    outer loop
      vertex 0.239668831229 -0.292822480202 -0.146330446005
      vertex 0.239376366138 -0.29332652688 -0.146760344505
      vertex 0.239265620708 -0.293957352638 -0.145681008697
    endloop
  endfacet
  facet normal -0.856400609016 0.0196731444448 -0.515937030315
    outer loop
      vertex 0.239414840937 -0.293146371841 -0.147593691945
      vertex 0.239551350474 -0.292939782143 -0.147069260478
      vertex 0.23966678977 -0.292737603188 -0.147346258163
    endloop
  endfacet
  facet normal 0.219778984785 0.412491798401 0.884051859379
    outer loop
      vertex 0.238731309772 -0.293305873871 -0.148218661547
      vertex 0.23913526535 -0.293168634176 -0.148139759898
      vertex 0.238936439157 -0.293147146702 -0.147987768054
    endloop
  endfacet
  facet normal 0.206473991275 0.423077404499 0.882255077362
    outer loop
      vertex 0.238731309772 -0.293305873871 -0.148218661547
      vertex 0.238936439157 -0.293147146702 -0.147987768054
      vertex 0.238618478179 -0.293238759041 -0.148023635149
    endloop
  endfacet
  facet normal 0.187640011311 0.373651564121 0.908391833305
    outer loop
      vertex 0.239163860679 -0.292918175459 -0.14757321775
      vertex 0.239254400134 -0.29305523634 -0.147951886058
      vertex 0.239552780986 -0.292924046516 -0.147782787681
    endloop
  endfacet
  facet normal 0.187729820609 0.373520493507 0.90842717886
    outer loop
      vertex 0.239254400134 -0.29305523634 -0.147951886058
      vertex 0.239448994398 -0.293058156967 -0.148056790233
      vertex 0.239552780986 -0.292924046516 -0.147782787681
    endloop
  endfacet
  facet normal 0.226147636771 0.270785152912 0.935698986053
    outer loop
      vertex 0.239494606853 -0.292022824287 -0.144733265042
      vertex 0.2401278615 -0.29206931591 -0.145422801375
      vertex 0.24027068913 -0.291867733002 -0.144845500588
    endloop
  endfacet
  facet normal 0.192874476314 -0.0218662954867 0.98097974062
    outer loop
      vertex 0.240282818675 -0.29187476635 -0.144423022866
      vertex 0.239494606853 -0.292022824287 -0.144733265042
      vertex 0.24027068913 -0.291867733002 -0.144845500588
    endloop
  endfacet
  facet normal -0.859700620174 0.0331581346691 -0.509720861912
    outer loop
      vertex 0.240113675594 -0.292151033878 -0.144561454654
      vertex 0.240282818675 -0.29187476635 -0.144423022866
      vertex 0.24027068913 -0.291867733002 -0.144845500588
    endloop
  endfacet
  facet normal -0.0393867753446 0.450197041035 0.892060160637
    outer loop
      vertex 0.237435296178 -0.294060558081 -0.149354919791
      vertex 0.236091822386 -0.293661653996 -0.148682028055
      vertex 0.235384196043 -0.294390171766 -0.150187492371
    endloop
  endfacet
  facet normal -0.0883502587676 0.467234760523 0.879707872868
    outer loop
      vertex 0.235384196043 -0.294390171766 -0.150187492371
      vertex 0.236091822386 -0.293661653996 -0.148682028055
      vertex 0.233666345477 -0.293916046619 -0.14961963892
    endloop
  endfacet
  facet normal -0.0959881693125 0.450654149055 0.887522995472
    outer loop
      vertex 0.233747422695 -0.295417904854 -0.152560144663
      vertex 0.235384196043 -0.294390171766 -0.150187492371
      vertex 0.233666345477 -0.293916046619 -0.14961963892
    endloop
  endfacet
  facet normal -0.0202646385878 0.409128189087 0.912251889706
    outer loop
      vertex 0.235384196043 -0.294390171766 -0.150187492371
      vertex 0.233747422695 -0.295417904854 -0.152560144663
      vertex 0.236277550459 -0.294993400574 -0.151488289237
    endloop
  endfacet
  facet normal 0.111898310483 -0.992066204548 0.0573007725179
    outer loop
      vertex 0.239317029715 -0.290257126093 -0.160451039672
      vertex 0.23846937716 -0.287997335196 -0.160677179694
      vertex 0.240099340677 -0.288729786873 -0.160451024771
    endloop
  endfacet
  facet normal 0.169747680426 -0.981645822525 0.0869321152568
    outer loop
      vertex 0.239317029715 -0.290257126093 -0.160451039672
      vertex 0.240099340677 -0.288729786873 -0.160451024771
      vertex 0.240509212017 -0.29019099474 -0.160250753164
    endloop
  endfacet
  facet normal -0.573612749577 -0.815975785255 -0.0717771053314
    outer loop
      vertex 0.242544919252 -0.293552488089 -0.159551367164
      vertex 0.241869062185 -0.293318331242 -0.159055650234
      vertex 0.242317631841 -0.292760550976 -0.159321919084
    endloop
  endfacet
  facet normal -0.362058699131 -0.917962431908 -0.162044525146
    outer loop
      vertex 0.243110716343 -0.292809665203 -0.159643396735
      vertex 0.242544919252 -0.293552488089 -0.159551367164
      vertex 0.242317631841 -0.292760550976 -0.159321919084
    endloop
  endfacet
  facet normal -0.251175403595 -0.965280473232 -0.0717255324125
    outer loop
      vertex 0.242544919252 -0.293552488089 -0.159551367164
      vertex 0.243110716343 -0.292809665203 -0.159643396735
      vertex 0.243270844221 -0.293667584658 -0.159748807549
    endloop
  endfacet
  facet normal -0.0674193426967 -0.991722822189 -0.109272636473
    outer loop
      vertex 0.243110716343 -0.292809665203 -0.159643396735
      vertex 0.244203791022 -0.293603152037 -0.159805133939
      vertex 0.243270844221 -0.293667584658 -0.159748807549
    endloop
  endfacet
  facet normal -0.0659084543586 -0.994177281857 -0.0852499753237
    outer loop
      vertex 0.244203791022 -0.293603152037 -0.159805133939
      vertex 0.243336349726 -0.294246464968 -0.159802794456
      vertex 0.243270844221 -0.293667584658 -0.159748807549
    endloop
  endfacet
  facet normal -0.0309732630849 -0.998792767525 -0.038126334548
    outer loop
      vertex 0.243336349726 -0.294246464968 -0.159802794456
      vertex 0.244203791022 -0.293603152037 -0.159805133939
      vertex 0.244071438909 -0.295327395201 -0.159866854548
    endloop
  endfacet
  facet normal -0.315442323685 -0.93551582098 0.159079432487
    outer loop
      vertex 0.242848858237 -0.294820427895 -0.159540817142
      vertex 0.243336349726 -0.294246464968 -0.159802794456
      vertex 0.244071438909 -0.295327395201 -0.159866854548
    endloop
  endfacet
  facet normal -0.371457338333 -0.92621922493 -0.0643221065402
    outer loop
      vertex 0.242436885834 -0.292367756367 -0.159342467785
      vertex 0.243110716343 -0.292809665203 -0.159643396735
      vertex 0.242317631841 -0.292760550976 -0.159321919084
    endloop
  endfacet
  facet normal 0.569953560829 -0.0642957314849 -0.819157481194
    outer loop
      vertex 0.244646549225 -0.280197620392 -0.147202298045
      vertex 0.245026186109 -0.280478358269 -0.147413790226
      vertex 0.244367927313 -0.280069619417 -0.148041397333
    endloop
  endfacet
  facet normal -0.875772356987 0.0148712433875 -0.482495188713
    outer loop
      vertex 0.240325167775 -0.291904240847 -0.140986353159
      vertex 0.240334242582 -0.291875332594 -0.141389653087
      vertex 0.240174159408 -0.29216632247 -0.14137583971
    endloop
  endfacet
  facet normal 0.24564063549 -0.06380417943 0.967258870602
    outer loop
      vertex 0.240325167775 -0.291904240847 -0.140986353159
      vertex 0.24002225697 -0.291952997446 -0.141413420439
      vertex 0.240334242582 -0.291875332594 -0.141389653087
    endloop
  endfacet
  facet normal 0.245644256473 -0.0638685375452 0.967253684998
    outer loop
      vertex 0.240334242582 -0.291875332594 -0.141389653087
      vertex 0.24002225697 -0.291952997446 -0.141413420439
      vertex 0.240343287587 -0.291846424341 -0.141792684793
    endloop
  endfacet
  facet normal -0.875769197941 0.0149662811309 -0.482497960329
    outer loop
      vertex 0.240174159408 -0.29216632247 -0.14137583971
      vertex 0.240334242582 -0.291875332594 -0.141389653087
      vertex 0.240343287587 -0.291846424341 -0.141792684793
    endloop
  endfacet
  facet normal -0.859778106213 0.0339289158583 -0.509539425373
    outer loop
      vertex 0.239769384265 -0.292771488428 -0.14396815002
      vertex 0.240071132779 -0.292253524065 -0.144100189209
      vertex 0.239933729172 -0.292469650507 -0.144336566329
    endloop
  endfacet
  facet normal 0.462493807077 -0.10619777441 0.880239486694
    outer loop
      vertex 0.239379256964 -0.295035362244 -0.155680969357
      vertex 0.238861516118 -0.295283257961 -0.155880987644
      vertex 0.239049836993 -0.295119941235 -0.156414523721
    endloop
  endfacet
  facet normal -0.435512453318 -0.899263858795 0.0406624525785
    outer loop
      vertex 0.241578951478 -0.294700831175 -0.158931210637
      vertex 0.242848858237 -0.294820427895 -0.159540817142
      vertex 0.242361038923 -0.295394510031 -0.159278601408
    endloop
  endfacet
  facet normal -0.493306875229 -0.860815823078 0.125077649951
    outer loop
      vertex 0.241254925728 -0.295384526253 -0.158646181226
      vertex 0.241578951478 -0.294700831175 -0.158931210637
      vertex 0.242361038923 -0.295394510031 -0.159278601408
    endloop
  endfacet
  facet normal 0.154007971287 -0.734080851078 -0.661367416382
    outer loop
      vertex 0.258385121822 -0.289640277624 -0.154852420092
      vertex 0.26308003068 -0.289958626032 -0.154154255986
      vertex 0.258610635996 -0.291912227869 -0.156852006912
    endloop
  endfacet
  facet normal 0.154007121921 -0.734069108963 -0.661380648613
    outer loop
      vertex 0.258385121822 -0.289640277624 -0.154852420092
      vertex 0.25815936923 -0.287368059158 -0.15285256505
      vertex 0.26308003068 -0.289958626032 -0.154154255986
    endloop
  endfacet
  facet normal 0.188022851944 -0.761071205139 -0.620820462704
    outer loop
      vertex 0.258610635996 -0.291912227869 -0.156852006912
      vertex 0.26308003068 -0.289958626032 -0.154154255986
      vertex 0.264290034771 -0.295947849751 -0.158740848303
    endloop
  endfacet
  facet normal 0.120389781892 -0.776271045208 -0.618796885014
    outer loop
      vertex 0.26308003068 -0.289958626032 -0.154154255986
      vertex 0.268000692129 -0.292548894882 -0.155455932021
      vertex 0.264290034771 -0.295947849751 -0.158740848303
    endloop
  endfacet
  facet normal 0.390885591507 -0.272109180689 -0.87929803133
    outer loop
      vertex 0.26308003068 -0.289958626032 -0.154154255986
      vertex 0.266837894917 -0.28949585557 -0.147260680795
      vertex 0.268000692129 -0.292548894882 -0.155455932021
    endloop
  endfacet
  facet normal 0.289389938116 -0.297834962606 -0.909696519375
    outer loop
      vertex 0.268000692129 -0.292548894882 -0.155455932021
      vertex 0.266837894917 -0.28949585557 -0.147260680795
      vertex 0.271308511496 -0.291833132505 -0.150055721402
    endloop
  endfacet
  facet normal 0.37764647603 -0.15879034996 -0.912232875824
    outer loop
      vertex 0.271308511496 -0.291833132505 -0.150055721402
      vertex 0.266837894917 -0.28949585557 -0.147260680795
      vertex 0.271540641785 -0.291308611631 -0.146490320563
    endloop
  endfacet
  facet normal 0.35861068964 0.00736230891198 -0.933458209038
    outer loop
      vertex 0.270163059235 -0.290804833174 -0.143263503909
      vertex 0.271540641785 -0.291308611631 -0.146490320563
      vertex 0.266837894917 -0.28949585557 -0.147260680795
    endloop
  endfacet
  facet normal 0.379213869572 0.0174560826272 -0.925144374371
    outer loop
      vertex 0.272070497274 -0.291593819857 -0.142885163426
      vertex 0.271540641785 -0.291308611631 -0.146490320563
      vertex 0.270163059235 -0.290804833174 -0.143263503909
    endloop
  endfacet
  facet normal 0.31322157383 0.0290608350188 -0.949235320091
    outer loop
      vertex 0.272070497274 -0.291593819857 -0.142885163426
      vertex 0.273512661457 -0.292018800974 -0.144547596574
      vertex 0.271540641785 -0.291308611631 -0.146490320563
    endloop
  endfacet
  facet normal 0.367038100958 0.081526465714 -0.926626384258
    outer loop
      vertex 0.273512661457 -0.292018800974 -0.144547596574
      vertex 0.272070497274 -0.291593819857 -0.142885163426
      vertex 0.273977667093 -0.292382538319 -0.142506793141
    endloop
  endfacet
  facet normal 0.388823717833 -0.0412924773991 -0.920386373997
    outer loop
      vertex 0.273977667093 -0.292382538319 -0.142506793141
      vertex 0.272070497274 -0.291593819857 -0.142885163426
      vertex 0.272799164057 -0.291846305132 -0.141651555896
    endloop
  endfacet
  facet normal 0.388881593943 -0.0413320325315 -0.920360147953
    outer loop
      vertex 0.271620392799 -0.291309833527 -0.140796303749
      vertex 0.272799164057 -0.291846305132 -0.141651555896
      vertex 0.272070497274 -0.291593819857 -0.142885163426
    endloop
  endfacet
  facet normal 0.595033347607 0.373829692602 -0.711467981339
    outer loop
      vertex 0.2720028162 -0.292043268681 -0.140009120107
      vertex 0.272799164057 -0.291846305132 -0.141651555896
      vertex 0.271620392799 -0.291309833527 -0.140796303749
    endloop
  endfacet
  facet normal 0.365235626698 0.533416509628 -0.762934982777
    outer loop
      vertex 0.271620392799 -0.291309833527 -0.140796303749
      vertex 0.270572394133 -0.291628211737 -0.139623343945
      vertex 0.2720028162 -0.292043268681 -0.140009120107
    endloop
  endfacet
  facet normal 0.204729571939 0.42257091403 -0.882904112339
    outer loop
      vertex 0.269621759653 -0.290835857391 -0.140818297863
      vertex 0.270572394133 -0.291628211737 -0.139623343945
      vertex 0.271620392799 -0.291309833527 -0.140796303749
    endloop
  endfacet
  facet normal 0.229629307985 0.0631579831243 -0.971226751804
    outer loop
      vertex 0.269621759653 -0.290835857391 -0.140818297863
      vertex 0.271620392799 -0.291309833527 -0.140796303749
      vertex 0.270163059235 -0.290804833174 -0.143263503909
    endloop
  endfacet
  facet normal 0.388893276453 -0.0413288660347 -0.920355319977
    outer loop
      vertex 0.271620392799 -0.291309833527 -0.140796303749
      vertex 0.272070497274 -0.291593819857 -0.142885163426
      vertex 0.270163059235 -0.290804833174 -0.143263503909
    endloop
  endfacet
  facet normal 0.235999062657 0.0645475685596 -0.969607174397
    outer loop
      vertex 0.266137570143 -0.289952456951 -0.141349479556
      vertex 0.269621759653 -0.290835857391 -0.140818297863
      vertex 0.270163059235 -0.290804833174 -0.143263503909
    endloop
  endfacet
  facet normal 0.253236234188 0.104291886091 -0.961766421795
    outer loop
      vertex 0.266837894917 -0.28949585557 -0.147260680795
      vertex 0.266137570143 -0.289952456951 -0.141349479556
      vertex 0.270163059235 -0.290804833174 -0.143263503909
    endloop
  endfacet
  facet normal 0.341870725155 0.315066874027 -0.885357141495
    outer loop
      vertex 0.270572394133 -0.291628211737 -0.139623343945
      vertex 0.271523028612 -0.292420625687 -0.138428121805
      vertex 0.2720028162 -0.292043268681 -0.140009120107
    endloop
  endfacet
  facet normal 0.617016255856 0.354892909527 -0.702383041382
    outer loop
      vertex 0.271523028612 -0.292420625687 -0.138428121805
      vertex 0.272384911776 -0.292776674032 -0.139221936464
      vertex 0.2720028162 -0.292043268681 -0.140009120107
    endloop
  endfacet
  facet normal 0.663102805614 0.452539384365 -0.596240520477
    outer loop
      vertex 0.272384911776 -0.292776674032 -0.139221936464
      vertex 0.271523028612 -0.292420625687 -0.138428121805
      vertex 0.272552371025 -0.293763548136 -0.138167068362
    endloop
  endfacet
  facet normal 0.393708765507 0.797678768635 -0.456839174032
    outer loop
      vertex 0.271523028612 -0.292420625687 -0.138428121805
      vertex 0.270094752312 -0.294569969177 -0.136492222548
      vertex 0.272552371025 -0.293763548136 -0.138167068362
    endloop
  endfacet
  facet normal 0.691161751747 -0.0287725459784 -0.722127079964
    outer loop
      vertex 0.274752020836 -0.293195575476 -0.144310757518
      vertex 0.273512661457 -0.292018800974 -0.144547596574
      vertex 0.273977667093 -0.292382538319 -0.142506793141
    endloop
  endfacet
  facet normal 0.676851451397 0.0888778269291 -0.730734467506
    outer loop
      vertex 0.273512661457 -0.292018800974 -0.144547596574
      vertex 0.274752020836 -0.293195575476 -0.144310757518
      vertex 0.275156885386 -0.293379515409 -0.145881712437
    endloop
  endfacet
  facet normal 0.776051819324 0.127689436078 -0.617607474327
    outer loop
      vertex 0.2759154737 -0.294485926628 -0.145140737295
      vertex 0.275156885386 -0.293379515409 -0.145881712437
      vertex 0.274752020836 -0.293195575476 -0.144310757518
    endloop
  endfacet
  facet normal 0.852452337742 -0.109350606799 -0.511241078377
    outer loop
      vertex 0.2759154737 -0.294485926628 -0.145140737295
      vertex 0.275677204132 -0.294543385506 -0.147267013788
      vertex 0.275156885386 -0.293379515409 -0.145881712437
    endloop
  endfacet
  facet normal 0.882526934147 -0.111252963543 -0.456912398338
    outer loop
      vertex 0.276213556528 -0.295362591743 -0.14637683332
      vertex 0.275677204132 -0.294543385506 -0.147267013788
      vertex 0.2759154737 -0.294485926628 -0.145140737295
    endloop
  endfacet
  facet normal 0.859073877335 -0.0487003214657 -0.509529590607
    outer loop
      vertex 0.276213556528 -0.295362591743 -0.14637683332
      vertex 0.276132673025 -0.295337975025 -0.147545859218
      vertex 0.275677204132 -0.294543385506 -0.147267013788
    endloop
  endfacet
  facet normal 0.940526306629 -0.0580159127712 -0.334730386734
    outer loop
      vertex 0.276132673025 -0.295337975025 -0.147545859218
      vertex 0.276213556528 -0.295362591743 -0.14637683332
      vertex 0.276441544294 -0.29607206583 -0.146773844957
    endloop
  endfacet
  facet normal 0.883974790573 -0.224852710962 -0.409914374352
    outer loop
      vertex 0.276213556528 -0.295362591743 -0.14637683332
      vertex 0.276732802391 -0.296313732862 -0.146069392562
      vertex 0.276441544294 -0.29607206583 -0.146773844957
    endloop
  endfacet
  facet normal 0.881636619568 -0.0325084999204 -0.470807880163
    outer loop
      vertex 0.276213556528 -0.295362591743 -0.14637683332
      vertex 0.276686996222 -0.29616612196 -0.145173788071
      vertex 0.276732802391 -0.296313732862 -0.146069392562
    endloop
  endfacet
  facet normal 0.905451416969 -0.0776251927018 -0.417291343212
    outer loop
      vertex 0.2759154737 -0.294485926628 -0.145140737295
      vertex 0.276686996222 -0.29616612196 -0.145173788071
      vertex 0.276213556528 -0.295362591743 -0.14637683332
    endloop
  endfacet
  facet normal 0.906831502914 -0.0576504766941 -0.417532145977
    outer loop
      vertex 0.276686996222 -0.29616612196 -0.145173788071
      vertex 0.2759154737 -0.294485926628 -0.145140737295
      vertex 0.276243954897 -0.294984310865 -0.143583372235
    endloop
  endfacet
  facet normal 0.757187604904 0.0487463623285 -0.651376008987
    outer loop
      vertex 0.276243954897 -0.294984310865 -0.143583372235
      vertex 0.2759154737 -0.294485926628 -0.145140737295
      vertex 0.274752020836 -0.293195575476 -0.144310757518
    endloop
  endfacet
  facet normal 0.701554119587 0.224345877767 -0.676380634308
    outer loop
      vertex 0.276243954897 -0.294984310865 -0.143583372235
      vertex 0.274752020836 -0.293195575476 -0.144310757518
      vertex 0.275030165911 -0.294416427612 -0.14149980247
    endloop
  endfacet
  facet normal 0.850671470165 0.136334344745 -0.507711589336
    outer loop
      vertex 0.273977667093 -0.292382538319 -0.142506793141
      vertex 0.275030165911 -0.294416427612 -0.14149980247
      vertex 0.274752020836 -0.293195575476 -0.144310757518
    endloop
  endfacet
  facet normal 0.758811175823 0.282041728497 -0.587075829506
    outer loop
      vertex 0.275030165911 -0.294416427612 -0.14149980247
      vertex 0.276704519987 -0.296177506447 -0.142338782549
      vertex 0.276243954897 -0.294984310865 -0.143583372235
    endloop
  endfacet
  facet normal 0.751267313957 0.404332697392 -0.521643996239
    outer loop
      vertex 0.276154190302 -0.296345859766 -0.141099050641
      vertex 0.276704519987 -0.296177506447 -0.142338782549
      vertex 0.275030165911 -0.294416427612 -0.14149980247
    endloop
  endfacet
  facet normal 0.908174097538 0.412672996521 -0.0701483488083
    outer loop
      vertex 0.276154190302 -0.296345859766 -0.141099050641
      vertex 0.276464521885 -0.296925038099 -0.141683548689
      vertex 0.276704519987 -0.296177506447 -0.142338782549
    endloop
  endfacet
  facet normal 0.905320703983 0.420342862606 -0.0608790665865
    outer loop
      vertex 0.276154190302 -0.296345859766 -0.141099050641
      vertex 0.276042461395 -0.29688346386 -0.140780538321
      vertex 0.276464521885 -0.296925038099 -0.141683548689
    endloop
  endfacet
  facet normal 0.809979856014 0.398397088051 0.430363059044
    outer loop
      vertex 0.276464521885 -0.296925038099 -0.141683548689
      vertex 0.276042461395 -0.29688346386 -0.140780538321
      vertex 0.276132881641 -0.297379791737 -0.141500517726
    endloop
  endfacet
  facet normal 0.967399656773 0.214407190681 0.134786814451
    outer loop
      vertex 0.275900453329 -0.297471523285 -0.1405095011
      vertex 0.276132881641 -0.297379791737 -0.141500517726
      vertex 0.276042461395 -0.29688346386 -0.140780538321
    endloop
  endfacet
  facet normal 0.79278421402 0.130828246474 0.595295846462
    outer loop
      vertex 0.275720179081 -0.297886669636 -0.141306042671
      vertex 0.276132881641 -0.297379791737 -0.141500517726
      vertex 0.275900453329 -0.297471523285 -0.1405095011
    endloop
  endfacet
  facet normal 0.794034600258 0.283333152533 0.5378023386
    outer loop
      vertex 0.276132881641 -0.297379791737 -0.141500517726
      vertex 0.275720179081 -0.297886669636 -0.141306042671
      vertex 0.276003420353 -0.297776699066 -0.141891092062
    endloop
  endfacet
  facet normal 0.624771714211 0.158775374293 0.764493763447
    outer loop
      vertex 0.276003420353 -0.297776699066 -0.141891092062
      vertex 0.275720179081 -0.297886669636 -0.141306042671
      vertex 0.275571942329 -0.298063158989 -0.141572609544
    endloop
  endfacet
  facet normal 0.638111114502 0.194377198815 0.745004534721
    outer loop
      vertex 0.275571942329 -0.298063158989 -0.141572609544
      vertex 0.275828480721 -0.298011869192 -0.14221817255
      vertex 0.276003420353 -0.297776699066 -0.141891092062
    endloop
  endfacet
  facet normal 0.63813906908 0.194390505552 0.74497705698
    outer loop
      vertex 0.275828480721 -0.298011869192 -0.14221817255
      vertex 0.275571942329 -0.298063158989 -0.141572609544
      vertex 0.275298923254 -0.298346459866 -0.141762033105
    endloop
  endfacet
  facet normal -0.206244289875 0.411700218916 -0.887674629688
    outer loop
      vertex 0.275298923254 -0.298346459866 -0.141762033105
      vertex 0.275607526302 -0.298402458429 -0.141486689448
      vertex 0.275828480721 -0.298011869192 -0.14221817255
    endloop
  endfacet
  facet normal -0.199211716652 0.414088785648 -0.888169586658
    outer loop
      vertex 0.276583582163 -0.297915101051 -0.142062455416
      vertex 0.275828480721 -0.298011869192 -0.14221817255
      vertex 0.275607526302 -0.298402458429 -0.141486689448
    endloop
  endfacet
  facet normal -0.199805080891 0.418267279863 -0.886075854301
    outer loop
      vertex 0.275828480721 -0.298011869192 -0.14221817255
      vertex 0.276583582163 -0.297915101051 -0.142062455416
      vertex 0.276358008385 -0.297677278519 -0.142674013972
    endloop
  endfacet
  facet normal -0.195253029466 0.417181462049 -0.887601196766
    outer loop
      vertex 0.276752769947 -0.297651439905 -0.142544224858
      vertex 0.276358008385 -0.297677278519 -0.142674013972
      vertex 0.276583582163 -0.297915101051 -0.142062455416
    endloop
  endfacet
  facet normal -0.196168527007 0.420299381018 -0.88592684269
    outer loop
      vertex 0.276358008385 -0.297677278519 -0.142674013972
      vertex 0.276752769947 -0.297651439905 -0.142544224858
      vertex 0.276467978954 -0.297547012568 -0.14289727807
    endloop
  endfacet
  facet normal -0.197557464242 0.421201705933 -0.88518935442
    outer loop
      vertex 0.276467978954 -0.297547012568 -0.14289727807
      vertex 0.276752769947 -0.297651439905 -0.142544224858
      vertex 0.276763111353 -0.297516286373 -0.142823413014
    endloop
  endfacet
  facet normal 0.0152801983058 0.436132580042 -0.899752676487
    outer loop
      vertex 0.276752769947 -0.297651439905 -0.142544224858
      vertex 0.27731731534 -0.297550678253 -0.142771884799
      vertex 0.276763111353 -0.297516286373 -0.142823413014
    endloop
  endfacet
  facet normal 0.0430481880903 0.491693347692 -0.869703710079
    outer loop
      vertex 0.277653306723 -0.297907412052 -0.14217031002
      vertex 0.27731731534 -0.297550678253 -0.142771884799
      vertex 0.276752769947 -0.297651439905 -0.142544224858
    endloop
  endfacet
  facet normal 0.248973786831 0.387343525887 -0.887680709362
    outer loop
      vertex 0.277653306723 -0.297907412052 -0.14217031002
      vertex 0.277790874243 -0.2975884974 -0.142989605665
      vertex 0.27731731534 -0.297550678253 -0.142771884799
    endloop
  endfacet
  facet normal 0.263816446066 0.388043522835 -0.88307595253
    outer loop
      vertex 0.277653306723 -0.297907412052 -0.14217031002
      vertex 0.278175920248 -0.297979652882 -0.142361223698
      vertex 0.277790874243 -0.2975884974 -0.142989605665
    endloop
  endfacet
  facet normal 0.273659676313 0.422112733126 -0.864251852036
    outer loop
      vertex 0.278175920248 -0.297979652882 -0.142361223698
      vertex 0.277653306723 -0.297907412052 -0.14217031002
      vertex 0.277757436037 -0.298251539469 -0.141533240676
    endloop
  endfacet
  facet normal 0.0410184413195 0.469664424658 -0.881891608238
    outer loop
      vertex 0.277653306723 -0.297907412052 -0.14217031002
      vertex 0.276583582163 -0.297915101051 -0.142062455416
      vertex 0.277757436037 -0.298251539469 -0.141533240676
    endloop
  endfacet
  facet normal 0.0432838276029 0.491278350353 -0.869926512241
    outer loop
      vertex 0.276752769947 -0.297651439905 -0.142544224858
      vertex 0.276583582163 -0.297915101051 -0.142062455416
      vertex 0.277653306723 -0.297907412052 -0.14217031002
    endloop
  endfacet
  facet normal 0.14378580451 0.283775180578 -0.94804918766
    outer loop
      vertex 0.277757436037 -0.298251539469 -0.141533240676
      vertex 0.276583582163 -0.297915101051 -0.142062455416
      vertex 0.277092456818 -0.298314571381 -0.14098572731
    endloop
  endfacet
  facet normal -0.179641962051 0.415684372187 -0.89159142971
    outer loop
      vertex 0.277092456818 -0.298314571381 -0.14098572731
      vertex 0.276583582163 -0.297915101051 -0.142062455416
      vertex 0.276173293591 -0.298481345177 -0.14102524519
    endloop
  endfacet
  facet normal -0.206002026796 0.404863029718 -0.890869855881
    outer loop
      vertex 0.276173293591 -0.298481345177 -0.14102524519
      vertex 0.276583582163 -0.297915101051 -0.142062455416
      vertex 0.275607526302 -0.298402458429 -0.141486689448
    endloop
  endfacet
  facet normal -0.171131625772 0.366179585457 -0.914672851563
    outer loop
      vertex 0.276173293591 -0.298481345177 -0.14102524519
      vertex 0.275607526302 -0.298402458429 -0.141486689448
      vertex 0.275550693274 -0.29873239994 -0.140689104795
    endloop
  endfacet
  facet normal -0.185918733478 0.343258917332 -0.92065602541
    outer loop
      vertex 0.276336282492 -0.298676133156 -0.140414506197
      vertex 0.276173293591 -0.298481345177 -0.14102524519
      vertex 0.275550693274 -0.29873239994 -0.140689104795
    endloop
  endfacet
  facet normal -0.181962609291 0.342540293932 -0.921713471413
    outer loop
      vertex 0.277092456818 -0.298314571381 -0.14098572731
      vertex 0.276173293591 -0.298481345177 -0.14102524519
      vertex 0.276336282492 -0.298676133156 -0.140414506197
    endloop
  endfacet
  facet normal 0.0636864155531 0.592581152916 -0.802989184856
    outer loop
      vertex 0.277808427811 -0.298793554306 -0.140413612127
      vertex 0.277092456818 -0.298314571381 -0.14098572731
      vertex 0.276336282492 -0.298676133156 -0.140414506197
    endloop
  endfacet
  facet normal 0.256098866463 0.41172516346 -0.874583184719
    outer loop
      vertex 0.277092456818 -0.298314571381 -0.14098572731
      vertex 0.277808427811 -0.298793554306 -0.140413612127
      vertex 0.277757436037 -0.298251539469 -0.141533240676
    endloop
  endfacet
  facet normal 0.268385231495 0.40981438756 -0.871792137623
    outer loop
      vertex 0.278590321541 -0.298443943262 -0.141669392586
      vertex 0.277757436037 -0.298251539469 -0.141533240676
      vertex 0.277808427811 -0.298793554306 -0.140413612127
    endloop
  endfacet
  facet normal 0.268913507462 0.420465707779 -0.86654150486
    outer loop
      vertex 0.277757436037 -0.298251539469 -0.141533240676
      vertex 0.278590321541 -0.298443943262 -0.141669392586
      vertex 0.278175920248 -0.297979652882 -0.142361223698
    endloop
  endfacet
  facet normal 0.2887814641 0.408207803965 -0.866009056568
    outer loop
      vertex 0.278175920248 -0.297979652882 -0.142361223698
      vertex 0.278590321541 -0.298443943262 -0.141669392586
      vertex 0.279422551394 -0.298043936491 -0.143106758595
    endloop
  endfacet
  facet normal 0.448018223047 0.470893323421 -0.759959995747
    outer loop
      vertex 0.279422551394 -0.298043936491 -0.143106758595
      vertex 0.278590321541 -0.298443943262 -0.141669392586
      vertex 0.280158907175 -0.299747735262 -0.141057610512
    endloop
  endfacet
  facet normal 0.439741939306 0.484359771013 -0.756321787834
    outer loop
      vertex 0.278590321541 -0.298443943262 -0.141669392586
      vertex 0.277808427811 -0.298793554306 -0.140413612127
      vertex 0.280158907175 -0.299747735262 -0.141057610512
    endloop
  endfacet
  facet normal 0.434926956892 0.620396256447 -0.652646124363
    outer loop
      vertex 0.277808427811 -0.298793554306 -0.140413612127
      vertex 0.278876692057 -0.300971895456 -0.138870924711
      vertex 0.280158907175 -0.299747735262 -0.141057610512
    endloop
  endfacet
  facet normal 0.453428655863 0.607255637646 -0.652413249016
    outer loop
      vertex 0.276606529951 -0.299136698246 -0.139147520065
      vertex 0.278876692057 -0.300971895456 -0.138870924711
      vertex 0.277808427811 -0.298793554306 -0.140413612127
    endloop
  endfacet
  facet normal 0.0749538391829 0.326516717672 -0.942214846611
    outer loop
      vertex 0.276336282492 -0.298676133156 -0.140414506197
      vertex 0.276606529951 -0.299136698246 -0.139147520065
      vertex 0.277808427811 -0.298793554306 -0.140413612127
    endloop
  endfacet
  facet normal -0.177341833711 0.369414359331 -0.912185788155
    outer loop
      vertex 0.276606529951 -0.299136698246 -0.139147520065
      vertex 0.276336282492 -0.298676133156 -0.140414506197
      vertex 0.275323599577 -0.299043148756 -0.139994412661
    endloop
  endfacet
  facet normal -0.187821626663 0.349244236946 -0.9180149436
    outer loop
      vertex 0.276336282492 -0.298676133156 -0.140414506197
      vertex 0.275550693274 -0.29873239994 -0.140689104795
      vertex 0.275323599577 -0.299043148756 -0.139994412661
    endloop
  endfacet
  facet normal -0.198949754238 0.34523588419 -0.917186558247
    outer loop
      vertex 0.274896770716 -0.298795163631 -0.140899196267
      vertex 0.275323599577 -0.299043148756 -0.139994412661
      vertex 0.275550693274 -0.29873239994 -0.140689104795
    endloop
  endfacet
  facet normal -0.210557147861 0.349550664425 -0.912951290607
    outer loop
      vertex 0.275323599577 -0.299043148756 -0.139994412661
      vertex 0.274896770716 -0.298795163631 -0.140899196267
      vertex 0.274430453777 -0.299156665802 -0.14023591578
    endloop
  endfacet
  facet normal 0.747777819633 0.176938533783 0.639938354492
    outer loop
      vertex 0.274838328362 -0.298598349094 -0.139940321445
      vertex 0.274430453777 -0.299156665802 -0.14023591578
      vertex 0.274896770716 -0.298795163631 -0.140899196267
    endloop
  endfacet
  facet normal 0.572766423225 0.473521828651 0.66911560297
    outer loop
      vertex 0.274338155985 -0.298868000507 -0.139716342092
      vertex 0.274430453777 -0.299156665802 -0.14023591578
      vertex 0.274838328362 -0.298598349094 -0.139940321445
    endloop
  endfacet
  facet normal 0.559803187847 0.476217269897 0.678113162518
    outer loop
      vertex 0.274338155985 -0.298868000507 -0.139716342092
      vertex 0.274198949337 -0.299256026745 -0.140105262399
      vertex 0.274430453777 -0.299156665802 -0.14023591578
    endloop
  endfacet
  facet normal 0.560196042061 0.47594422102 0.677980422974
    outer loop
      vertex 0.274338155985 -0.298868000507 -0.139716342092
      vertex 0.27397826314 -0.29919308424 -0.139755830169
      vertex 0.274198949337 -0.299256026745 -0.140105262399
    endloop
  endfacet
  facet normal 0.560140788555 0.476073980331 0.677935004234
    outer loop
      vertex 0.274338155985 -0.298868000507 -0.139716342092
      vertex 0.27380669117 -0.298850148916 -0.139065608382
      vertex 0.27397826314 -0.29919308424 -0.139755830169
    endloop
  endfacet
  facet normal 0.579617023468 0.491219431162 0.650190412998
    outer loop
      vertex 0.27380669117 -0.298850148916 -0.139065608382
      vertex 0.274338155985 -0.298868000507 -0.139716342092
      vertex 0.274360716343 -0.298301845789 -0.13899359107
    endloop
  endfacet
  facet normal 0.573511898518 0.493996292353 0.653491973877
    outer loop
      vertex 0.274338155985 -0.298868000507 -0.139716342092
      vertex 0.274838328362 -0.298598349094 -0.139940321445
      vertex 0.274360716343 -0.298301845789 -0.13899359107
    endloop
  endfacet
  facet normal 0.56050747633 0.476029902697 0.677662789822
    outer loop
      vertex 0.273577153683 -0.299274981022 -0.13940012455
      vertex 0.27397826314 -0.29919308424 -0.139755830169
      vertex 0.27380669117 -0.298850148916 -0.139065608382
    endloop
  endfacet
  facet normal 0.560477912426 0.475983440876 0.677719891071
    outer loop
      vertex 0.273617953062 -0.299482613802 -0.139743804932
      vertex 0.27397826314 -0.29919308424 -0.139755830169
      vertex 0.273577153683 -0.299274981022 -0.13940012455
    endloop
  endfacet
  facet normal 0.560454070568 0.47605830431 0.677687048912
    outer loop
      vertex 0.273838639259 -0.299545556307 -0.140093207359
      vertex 0.27397826314 -0.29919308424 -0.139755830169
      vertex 0.273617953062 -0.299482613802 -0.139743804932
    endloop
  endfacet
  facet normal 0.560457110405 0.476056069136 0.677686095238
    outer loop
      vertex 0.274198949337 -0.299256026745 -0.140105262399
      vertex 0.27397826314 -0.29919308424 -0.139755830169
      vertex 0.273838639259 -0.299545556307 -0.140093207359
    endloop
  endfacet
  facet normal -0.587463498116 0.317538976669 -0.744349122047
    outer loop
      vertex 0.273838639259 -0.299545556307 -0.140093207359
      vertex 0.273968994617 -0.299619793892 -0.139677971601
      vertex 0.274198949337 -0.299256026745 -0.140105262399
    endloop
  endfacet
  facet normal -0.310699135065 0.513661146164 -0.799761354923
    outer loop
      vertex 0.274198949337 -0.299256026745 -0.140105262399
      vertex 0.273968994617 -0.299619793892 -0.139677971601
      vertex 0.274485915899 -0.299331575632 -0.139814063907
    endloop
  endfacet
  facet normal -0.409334570169 0.282554328442 -0.867529988289
    outer loop
      vertex 0.274099081755 -0.299693763256 -0.139262422919
      vertex 0.274485915899 -0.299331575632 -0.139814063907
      vertex 0.273968994617 -0.299619793892 -0.139677971601
    endloop
  endfacet
  facet normal -0.324008971453 0.349898189306 -0.878970682621
    outer loop
      vertex 0.274099081755 -0.299693763256 -0.139262422919
      vertex 0.275055170059 -0.299410372972 -0.139088973403
      vertex 0.274485915899 -0.299331575632 -0.139814063907
    endloop
  endfacet
  facet normal -0.252665281296 0.298387944698 -0.920393884182
    outer loop
      vertex 0.275055170059 -0.299410372972 -0.139088973403
      vertex 0.275323599577 -0.299043148756 -0.139994412661
      vertex 0.274485915899 -0.299331575632 -0.139814063907
    endloop
  endfacet
  facet normal -0.151654034853 0.332557529211 -0.930809617043
    outer loop
      vertex 0.275055170059 -0.299410372972 -0.139088973403
      vertex 0.276606529951 -0.299136698246 -0.139147520065
      vertex 0.275323599577 -0.299043148756 -0.139994412661
    endloop
  endfacet
  facet normal -0.114618755877 0.613867044449 -0.781044065952
    outer loop
      vertex 0.275055170059 -0.299410372972 -0.139088973403
      vertex 0.275257706642 -0.300370037556 -0.137830138206
      vertex 0.276606529951 -0.299136698246 -0.139147520065
    endloop
  endfacet
  facet normal -0.220830976963 0.398177534342 -0.890330433846
    outer loop
      vertex 0.274485915899 -0.299331575632 -0.139814063907
      vertex 0.275323599577 -0.299043148756 -0.139994412661
      vertex 0.274430453777 -0.299156665802 -0.14023591578
    endloop
  endfacet
  facet normal -0.16415913403 0.396146297455 -0.903393566608
    outer loop
      vertex 0.274485915899 -0.299331575632 -0.139814063907
      vertex 0.274430453777 -0.299156665802 -0.14023591578
      vertex 0.274198949337 -0.299256026745 -0.140105262399
    endloop
  endfacet
  facet normal 0.802432656288 0.375480264425 0.463806390762
    outer loop
      vertex 0.273617953062 -0.299482613802 -0.139743804932
      vertex 0.273577153683 -0.299274981022 -0.13940012455
      vertex 0.273338854313 -0.299782365561 -0.139517620206
    endloop
  endfacet
  facet normal 0.818972706795 0.338862091303 0.463094115257
    outer loop
      vertex 0.273078799248 -0.299569785595 -0.138598576188
      vertex 0.273338854313 -0.299782365561 -0.139517620206
      vertex 0.273577153683 -0.299274981022 -0.13940012455
    endloop
  endfacet
  facet normal 0.790773749352 0.341298818588 0.508125960827
    outer loop
      vertex 0.273338854313 -0.299782365561 -0.139517620206
      vertex 0.273078799248 -0.299569785595 -0.138598576188
      vertex 0.272943139076 -0.300208747387 -0.139235585928
    endloop
  endfacet
  facet normal 0.674723505974 0.446117848158 0.587985575199
    outer loop
      vertex 0.273078799248 -0.299569785595 -0.138598576188
      vertex 0.272412091494 -0.300112485886 -0.13830550015
      vertex 0.272943139076 -0.300208747387 -0.139235585928
    endloop
  endfacet
  facet normal 0.75694000721 0.24829338491 0.604476809502
    outer loop
      vertex 0.27380669117 -0.298850148916 -0.139065608382
      vertex 0.273078799248 -0.299569785595 -0.138598576188
      vertex 0.273577153683 -0.299274981022 -0.13940012455
    endloop
  endfacet
  facet normal 0.66515982151 0.321389555931 -0.673996448517
    outer loop
      vertex 0.280776798725 -0.298829078674 -0.144262999296
      vertex 0.279422551394 -0.298043936491 -0.143106758595
      vertex 0.280158907175 -0.299747735262 -0.141057610512
    endloop
  endfacet
  facet normal 0.579930186272 0.133525386453 -0.803649127483
    outer loop
      vertex 0.278825849295 -0.297417670488 -0.144284397364
      vertex 0.279422551394 -0.298043936491 -0.143106758595
      vertex 0.280776798725 -0.298829078674 -0.144262999296
    endloop
  endfacet
  facet normal 0.281460106373 0.335476875305 -0.899019181728
    outer loop
      vertex 0.278460592031 -0.297677248716 -0.143282324076
      vertex 0.279422551394 -0.298043936491 -0.143106758595
      vertex 0.278825849295 -0.297417670488 -0.144284397364
    endloop
  endfacet
  facet normal 0.269767314196 0.37459731102 -0.88707524538
    outer loop
      vertex 0.278460592031 -0.297677248716 -0.143282324076
      vertex 0.278175920248 -0.297979652882 -0.142361223698
      vertex 0.279422551394 -0.298043936491 -0.143106758595
    endloop
  endfacet
  facet normal 0.28162831068 0.37674933672 -0.882465541363
    outer loop
      vertex 0.278175920248 -0.297979652882 -0.142361223698
      vertex 0.278460592031 -0.297677248716 -0.143282324076
      vertex 0.277790874243 -0.2975884974 -0.142989605665
    endloop
  endfacet
  facet normal 0.262057393789 0.323908984661 -0.909070372581
    outer loop
      vertex 0.277790874243 -0.2975884974 -0.142989605665
      vertex 0.278460592031 -0.297677248716 -0.143282324076
      vertex 0.277429163456 -0.297154307365 -0.143915534019
    endloop
  endfacet
  facet normal 0.258245944977 0.32939094305 -0.908190846443
    outer loop
      vertex 0.278460592031 -0.297677248716 -0.143282324076
      vertex 0.278825849295 -0.297417670488 -0.144284397364
      vertex 0.277429163456 -0.297154307365 -0.143915534019
    endloop
  endfacet
  facet normal 0.247252717614 0.272254884243 -0.929915785789
    outer loop
      vertex 0.278825849295 -0.297417670488 -0.144284397364
      vertex 0.277201741934 -0.296734035015 -0.145144477487
      vertex 0.277429163456 -0.297154307365 -0.143915534019
    endloop
  endfacet
  facet normal 0.259895056486 0.250499159098 -0.932579636574
    outer loop
      vertex 0.278825849295 -0.297417670488 -0.144284397364
      vertex 0.278376847506 -0.29667326808 -0.146589905024
      vertex 0.277201741934 -0.296734035015 -0.145144477487
    endloop
  endfacet
  facet normal 0.197859823704 0.266082108021 -0.94342559576
    outer loop
      vertex 0.278376847506 -0.29667326808 -0.146589905024
      vertex 0.278825849295 -0.297417670488 -0.144284397364
      vertex 0.27974447608 -0.297348558903 -0.145212545991
    endloop
  endfacet
  facet normal 0.490675449371 0.536757290363 -0.686388552189
    outer loop
      vertex 0.27974447608 -0.297348558903 -0.145212545991
      vertex 0.278825849295 -0.297417670488 -0.144284397364
      vertex 0.280776798725 -0.298829078674 -0.144262999296
    endloop
  endfacet
  facet normal 0.788516640663 0.0910838022828 -0.608231246471
    outer loop
      vertex 0.280776798725 -0.298829078674 -0.144262999296
      vertex 0.281550049782 -0.299293398857 -0.147856414318
      vertex 0.27974447608 -0.297348558903 -0.145212545991
    endloop
  endfacet
  facet normal 0.697402060032 -0.0496498569846 -0.714958250523
    outer loop
      vertex 0.281550049782 -0.299293398857 -0.147856414318
      vertex 0.279216647148 -0.296984583139 -0.147385463119
      vertex 0.27974447608 -0.297348558903 -0.145212545991
    endloop
  endfacet
  facet normal 0.677675187588 -0.160500824451 -0.717632114887
    outer loop
      vertex 0.281550049782 -0.299293398857 -0.147856414318
      vertex 0.27917316556 -0.297460138798 -0.14969535172
      vertex 0.279216647148 -0.296984583139 -0.147385463119
    endloop
  endfacet
  facet normal 0.706589281559 -0.255401313305 -0.659925580025
    outer loop
      vertex 0.27917316556 -0.297460138798 -0.14969535172
      vertex 0.281550049782 -0.299293398857 -0.147856414318
      vertex 0.280040055513 -0.298856854439 -0.150905936956
    endloop
  endfacet
  facet normal 0.765676081181 -0.29748865962 -0.570298731327
    outer loop
      vertex 0.281627118587 -0.301303803921 -0.151512056589
      vertex 0.280040055513 -0.298856854439 -0.150905936956
      vertex 0.281550049782 -0.299293398857 -0.147856414318
    endloop
  endfacet
  facet normal 0.686302781105 -0.464016675949 -0.560068786144
    outer loop
      vertex 0.280040055513 -0.298856854439 -0.150905936956
      vertex 0.281627118587 -0.301303803921 -0.151512056589
      vertex 0.279369741678 -0.29946064949 -0.152626156807
    endloop
  endfacet
  facet normal 0.662854731083 -0.598292887211 -0.450187981129
    outer loop
      vertex 0.281627118587 -0.301303803921 -0.151512056589
      vertex 0.280095845461 -0.301308751106 -0.153212293983
      vertex 0.279369741678 -0.29946064949 -0.152626156807
    endloop
  endfacet
  facet normal 0.683193743229 -0.616439819336 -0.391469299793
    outer loop
      vertex 0.280095845461 -0.301308751106 -0.153212293983
      vertex 0.281627118587 -0.301303803921 -0.151512056589
      vertex 0.281298696995 -0.302729338408 -0.1527813375
    endloop
  endfacet
  facet normal 0.663104057312 -0.628381490707 -0.406730502844
    outer loop
      vertex 0.281298696995 -0.302729338408 -0.1527813375
      vertex 0.281627118587 -0.301303803921 -0.151512056589
      vertex 0.283226758242 -0.303529292345 -0.151264518499
    endloop
  endfacet
  facet normal 0.769200742245 -0.384910941124 -0.510072350502
    outer loop
      vertex 0.283226758242 -0.303529292345 -0.151264518499
      vertex 0.281627118587 -0.301303803921 -0.151512056589
      vertex 0.283499628305 -0.30120792985 -0.147643014789
    endloop
  endfacet
  facet normal 0.67685854435 -0.343710631132 -0.650942027569
    outer loop
      vertex 0.281627118587 -0.301303803921 -0.151512056589
      vertex 0.281550049782 -0.299293398857 -0.147856414318
      vertex 0.283499628305 -0.30120792985 -0.147643014789
    endloop
  endfacet
  facet normal 0.580963730812 -0.469810515642 -0.66464972496
    outer loop
      vertex 0.286977857351 -0.30544552207 -0.149336859584
      vertex 0.283226758242 -0.303529292345 -0.151264518499
      vertex 0.283499628305 -0.30120792985 -0.147643014789
    endloop
  endfacet
  facet normal 0.778844594955 0.0322496071458 -0.626387298107
    outer loop
      vertex 0.286977857351 -0.30544552207 -0.149336859584
      vertex 0.283499628305 -0.30120792985 -0.147643014789
      vertex 0.285993218422 -0.304513186216 -0.143666163087
    endloop
  endfacet
  facet normal 0.524499475956 -0.0486817508936 -0.850017845631
    outer loop
      vertex 0.29052644968 -0.307288080454 -0.143276631832
      vertex 0.286977857351 -0.30544552207 -0.149336859584
      vertex 0.285993218422 -0.304513186216 -0.143666163087
    endloop
  endfacet
  facet normal 0.374065697193 0.0622963756323 -0.925307512283
    outer loop
      vertex 0.29052644968 -0.307288080454 -0.143276631832
      vertex 0.292940139771 -0.307921499014 -0.148361563683
      vertex 0.286977857351 -0.30544552207 -0.149336859584
    endloop
  endfacet
  facet normal 0.23939307034 -0.00730827217922 -0.97089523077
    outer loop
      vertex 0.295090079308 -0.30843219161 -0.145782008767
      vertex 0.292940139771 -0.307921499014 -0.148361563683
      vertex 0.29052644968 -0.307288080454 -0.143276631832
    endloop
  endfacet
  facet normal 0.39670792222 -0.15139439702 -0.905374288559
    outer loop
      vertex 0.292940139771 -0.307921499014 -0.148361563683
      vertex 0.295090079308 -0.30843219161 -0.145782008767
      vertex 0.298004090786 -0.310100108385 -0.148120760918
    endloop
  endfacet
  facet normal 0.496722668409 -5.97840698902e-05 -0.867909312248
    outer loop
      vertex 0.295090079308 -0.30843219161 -0.145782008767
      vertex 0.299004852772 -0.310672610998 -0.144481346011
      vertex 0.298004090786 -0.310100108385 -0.148120760918
    endloop
  endfacet
  facet normal 0.378623694181 0.34191313386 -0.860081136227
    outer loop
      vertex 0.299004852772 -0.310672610998 -0.144481346011
      vertex 0.295090079308 -0.30843219161 -0.145782008767
      vertex 0.295837044716 -0.310303747654 -0.141901269555
    endloop
  endfacet
  facet normal 0.398093223572 0.335191309452 -0.853913664818
    outer loop
      vertex 0.295837044716 -0.310303747654 -0.141901269555
      vertex 0.295090079308 -0.30843219161 -0.145782008767
      vertex 0.29052644968 -0.307288080454 -0.143276631832
    endloop
  endfacet
  facet normal 0.292004078627 0.564824640751 -0.771820425987
    outer loop
      vertex 0.29052644968 -0.307288080454 -0.143276631832
      vertex 0.287700355053 -0.309231132269 -0.139160454273
      vertex 0.295837044716 -0.310303747654 -0.141901269555
    endloop
  endfacet
  facet normal 0.381515771151 0.595625460148 -0.70687764883
    outer loop
      vertex 0.287700355053 -0.309231132269 -0.139160454273
      vertex 0.29052644968 -0.307288080454 -0.143276631832
      vertex 0.285993218422 -0.304513186216 -0.143666163087
    endloop
  endfacet
  facet normal 0.335823565722 0.806592106819 -0.486448019743
    outer loop
      vertex 0.287700355053 -0.309231132269 -0.139160454273
      vertex 0.291318535805 -0.313058197498 -0.138358816504
      vertex 0.295837044716 -0.310303747654 -0.141901269555
    endloop
  endfacet
  facet normal 0.500367283821 0.829959511757 -0.246576204896
    outer loop
      vertex 0.295837044716 -0.310303747654 -0.141901269555
      vertex 0.291318535805 -0.313058197498 -0.138358816504
      vertex 0.296312630177 -0.313475251198 -0.141245767474
    endloop
  endfacet
  facet normal 0.3913436234 0.753332614899 0.528526365757
    outer loop
      vertex 0.291318535805 -0.313058197498 -0.138358816504
      vertex 0.290807068348 -0.31806614995 -0.141606613994
      vertex 0.296312630177 -0.313475251198 -0.141245767474
    endloop
  endfacet
  facet normal 0.527410447598 0.518270552158 0.673226416111
    outer loop
      vertex 0.290807068348 -0.31806614995 -0.141606613994
      vertex 0.29477468133 -0.318199932575 -0.14581798017
      vertex 0.296312630177 -0.313475251198 -0.141245767474
    endloop
  endfacet
  facet normal -0.0318144075572 0.00177805067506 0.999492228031
    outer loop
      vertex 0.285316497087 -0.317901402712 -0.147239848971
      vertex 0.29477468133 -0.318199932575 -0.14581798017
      vertex 0.290807068348 -0.31806614995 -0.141606613994
    endloop
  endfacet
  facet normal -0.0548811070621 0.158070549369 0.985901474953
    outer loop
      vertex 0.291921675205 -0.318889766932 -0.151111096144
      vertex 0.29477468133 -0.318199932575 -0.14581798017
      vertex 0.285316497087 -0.317901402712 -0.147239848971
    endloop
  endfacet
  facet normal 0.45990100503 -0.133476242423 0.87788105011
    outer loop
      vertex 0.29477468133 -0.318199932575 -0.14581798017
      vertex 0.291921675205 -0.318889766932 -0.151111096144
      vertex 0.295060873032 -0.31735047698 -0.150418773293
    endloop
  endfacet
  facet normal 0.410708338022 -0.76732224226 0.492478698492
    outer loop
      vertex 0.291921675205 -0.318889766932 -0.151111096144
      vertex 0.29459181428 -0.31523925066 -0.15202486515
      vertex 0.295060873032 -0.31735047698 -0.150418773293
    endloop
  endfacet
  facet normal 0.214165523648 -0.899126648903 0.381712406874
    outer loop
      vertex 0.29459181428 -0.31523925066 -0.15202486515
      vertex 0.291921675205 -0.318889766932 -0.151111096144
      vertex 0.29051232338 -0.312881827354 -0.153997376561
    endloop
  endfacet
  facet normal 0.394767940044 -0.860890269279 0.320976942778
    outer loop
      vertex 0.29051232338 -0.312881827354 -0.153997376561
      vertex 0.291921675205 -0.318889766932 -0.151111096144
      vertex 0.28787407279 -0.31722587347 -0.153587535024
    endloop
  endfacet
  facet normal -0.26171463728 -0.205797940493 0.942948937416
    outer loop
      vertex 0.291921675205 -0.318889766932 -0.151111096144
      vertex 0.285316497087 -0.317901402712 -0.147239848971
      vertex 0.28787407279 -0.31722587347 -0.153587535024
    endloop
  endfacet
  facet normal -0.58348685503 -0.314765363932 0.748642683029
    outer loop
      vertex 0.283718913794 -0.314457803965 -0.152468666434
      vertex 0.28787407279 -0.31722587347 -0.153587535024
      vertex 0.285316497087 -0.317901402712 -0.147239848971
    endloop
  endfacet
  facet normal -0.229846641421 -0.972048342228 -0.047881077975
    outer loop
      vertex 0.28787407279 -0.31722587347 -0.153587535024
      vertex 0.283718913794 -0.314457803965 -0.152468666434
      vertex 0.29051232338 -0.312881827354 -0.153997376561
    endloop
  endfacet
  facet normal -0.2146178931 -0.976449549198 0.0220332276076
    outer loop
      vertex 0.29051232338 -0.312881827354 -0.153997376561
      vertex 0.283718913794 -0.314457803965 -0.152468666434
      vertex 0.286998867989 -0.309493094683 -0.153301611543
    endloop
  endfacet
  facet normal 0.246429756284 -0.866816699505 -0.433475643396
    outer loop
      vertex 0.293172597885 -0.310440957546 -0.152020469308
      vertex 0.29051232338 -0.312881827354 -0.153997376561
      vertex 0.286998867989 -0.309493094683 -0.153301611543
    endloop
  endfacet
  facet normal 0.262244254351 -0.869553089142 -0.418455898762
    outer loop
      vertex 0.29051232338 -0.312881827354 -0.153997376561
      vertex 0.293172597885 -0.310440957546 -0.152020469308
      vertex 0.294273108244 -0.312258780003 -0.152563363314
    endloop
  endfacet
  facet normal 0.289939135313 -0.854621827602 -0.430763036013
    outer loop
      vertex 0.295555144548 -0.310633033514 -0.151308983564
      vertex 0.294273108244 -0.312258780003 -0.152563363314
      vertex 0.293172597885 -0.310440957546 -0.152020469308
    endloop
  endfacet
  facet normal 0.532204508781 -0.819485664368 -0.212606683373
    outer loop
      vertex 0.294273108244 -0.312258780003 -0.152563363314
      vertex 0.295555144548 -0.310633033514 -0.151308983564
      vertex 0.29680532217 -0.312324970961 -0.1509360075
    endloop
  endfacet
  facet normal 0.699916243553 -0.601897358894 -0.384495526552
    outer loop
      vertex 0.295555144548 -0.310633033514 -0.151308983564
      vertex 0.298004090786 -0.310100108385 -0.148120760918
      vertex 0.29680532217 -0.312324970961 -0.1509360075
    endloop
  endfacet
  facet normal 0.374639362097 -0.425471067429 -0.823783755302
    outer loop
      vertex 0.295555144548 -0.310633033514 -0.151308983564
      vertex 0.292940139771 -0.307921499014 -0.148361563683
      vertex 0.298004090786 -0.310100108385 -0.148120760918
    endloop
  endfacet
  facet normal 0.227197006345 -0.542470812798 -0.808768749237
    outer loop
      vertex 0.295555144548 -0.310633033514 -0.151308983564
      vertex 0.293172597885 -0.310440957546 -0.152020469308
      vertex 0.292940139771 -0.307921499014 -0.148361563683
    endloop
  endfacet
  facet normal 0.236179202795 -0.540867030621 -0.807268381119
    outer loop
      vertex 0.292940139771 -0.307921499014 -0.148361563683
      vertex 0.293172597885 -0.310440957546 -0.152020469308
      vertex 0.286998867989 -0.309493094683 -0.153301611543
    endloop
  endfacet
  facet normal 0.377547651529 -0.660527586937 -0.648969292641
    outer loop
      vertex 0.292940139771 -0.307921499014 -0.148361563683
      vertex 0.286998867989 -0.309493094683 -0.153301611543
      vertex 0.286977857351 -0.30544552207 -0.149336859584
    endloop
  endfacet
  facet normal 0.769273996353 -0.564327776432 -0.299585789442
    outer loop
      vertex 0.298004090786 -0.310100108385 -0.148120760918
      vertex 0.297966182232 -0.313652962446 -0.150058537722
      vertex 0.29680532217 -0.312324970961 -0.1509360075
    endloop
  endfacet
  facet normal 0.94603228569 -0.28864300251 -0.14733672142
    outer loop
      vertex 0.297966182232 -0.313652962446 -0.150058537722
      vertex 0.298004090786 -0.310100108385 -0.148120760918
      vertex 0.299147516489 -0.313550055027 -0.14613416791
    endloop
  endfacet
  facet normal 0.955083429813 -0.234029784799 -0.181784719229
    outer loop
      vertex 0.299004852772 -0.310672610998 -0.144481346011
      vertex 0.299147516489 -0.313550055027 -0.14613416791
      vertex 0.298004090786 -0.310100108385 -0.148120760918
    endloop
  endfacet
  facet normal 0.838229417801 0.489777952433 0.239768669009
    outer loop
      vertex 0.299004852772 -0.310672610998 -0.144481346011
      vertex 0.296312630177 -0.313475251198 -0.141245767474
      vertex 0.299147516489 -0.313550055027 -0.14613416791
    endloop
  endfacet
  facet normal 0.629098415375 0.737140417099 -0.246696472168
    outer loop
      vertex 0.295837044716 -0.310303747654 -0.141901269555
      vertex 0.296312630177 -0.313475251198 -0.141245767474
      vertex 0.299004852772 -0.310672610998 -0.144481346011
    endloop
  endfacet
  facet normal 0.680009126663 0.403719037771 0.612044513226
    outer loop
      vertex 0.296312630177 -0.313475251198 -0.141245767474
      vertex 0.29477468133 -0.318199932575 -0.14581798017
      vertex 0.299147516489 -0.313550055027 -0.14613416791
    endloop
  endfacet
  facet normal 0.722453117371 -0.0900329500437 0.685533046722
    outer loop
      vertex 0.29477468133 -0.318199932575 -0.14581798017
      vertex 0.296937763691 -0.315505504608 -0.148976773024
      vertex 0.299147516489 -0.313550055027 -0.14613416791
    endloop
  endfacet
  facet normal 0.729377090931 -0.0800687223673 0.679410099983
    outer loop
      vertex 0.296937763691 -0.315505504608 -0.148976773024
      vertex 0.29477468133 -0.318199932575 -0.14581798017
      vertex 0.295060873032 -0.31735047698 -0.150418773293
    endloop
  endfacet
  facet normal 0.766080319881 -0.228449359536 0.600776076317
    outer loop
      vertex 0.296807765961 -0.315151482821 -0.150343760848
      vertex 0.296937763691 -0.315505504608 -0.148976773024
      vertex 0.295060873032 -0.31735047698 -0.150418773293
    endloop
  endfacet
  facet normal 0.791342675686 -0.222716540098 0.569362878799
    outer loop
      vertex 0.296807765961 -0.315151482821 -0.150343760848
      vertex 0.297966182232 -0.313652962446 -0.150058537722
      vertex 0.296937763691 -0.315505504608 -0.148976773024
    endloop
  endfacet
  facet normal 0.451307982206 -0.873478651047 0.182636708021
    outer loop
      vertex 0.297966182232 -0.313652962446 -0.150058537722
      vertex 0.296807765961 -0.315151482821 -0.150343760848
      vertex 0.29680532217 -0.312324970961 -0.1509360075
    endloop
  endfacet
  facet normal 0.600365459919 -0.782830953598 0.16351480782
    outer loop
      vertex 0.29459181428 -0.31523925066 -0.15202486515
      vertex 0.29680532217 -0.312324970961 -0.1509360075
      vertex 0.296807765961 -0.315151482821 -0.150343760848
    endloop
  endfacet
  facet normal 0.536493241787 -0.838636159897 0.094150878489
    outer loop
      vertex 0.294273108244 -0.312258780003 -0.152563363314
      vertex 0.29680532217 -0.312324970961 -0.1509360075
      vertex 0.29459181428 -0.31523925066 -0.15202486515
    endloop
  endfacet
  facet normal 0.37164658308 -0.919725179672 0.126429274678
    outer loop
      vertex 0.29459181428 -0.31523925066 -0.15202486515
      vertex 0.29051232338 -0.312881827354 -0.153997376561
      vertex 0.294273108244 -0.312258780003 -0.152563363314
    endloop
  endfacet
  facet normal 0.559073805809 -0.715026080608 0.419731110334
    outer loop
      vertex 0.29459181428 -0.31523925066 -0.15202486515
      vertex 0.296807765961 -0.315151482821 -0.150343760848
      vertex 0.295060873032 -0.31735047698 -0.150418773293
    endloop
  endfacet
  facet normal 0.791097164154 -0.223206058145 0.569512367249
    outer loop
      vertex 0.296937763691 -0.315505504608 -0.148976773024
      vertex 0.297966182232 -0.313652962446 -0.150058537722
      vertex 0.299147516489 -0.313550055027 -0.14613416791
    endloop
  endfacet
  facet normal 0.62817299366 -0.710916697979 -0.316221565008
    outer loop
      vertex 0.280095845461 -0.301308751106 -0.153212293983
      vertex 0.281298696995 -0.302729338408 -0.1527813375
      vertex 0.278876274824 -0.302473396063 -0.154807955027
    endloop
  endfacet
  facet normal 0.629842340946 -0.714327037334 -0.305017352104
    outer loop
      vertex 0.279856979847 -0.304414778948 -0.154772207141
      vertex 0.278876274824 -0.302473396063 -0.154807955027
      vertex 0.281298696995 -0.302729338408 -0.1527813375
    endloop
  endfacet
  facet normal 0.525004982948 -0.813482522964 -0.250231832266
    outer loop
      vertex 0.278876274824 -0.302473396063 -0.154807955027
      vertex 0.279856979847 -0.304414778948 -0.154772207141
      vertex 0.27765250206 -0.303144395351 -0.155804172158
    endloop
  endfacet
  facet normal 0.514591097832 -0.813877999783 -0.269812107086
    outer loop
      vertex 0.277181386948 -0.302136838436 -0.155768021941
      vertex 0.278876274824 -0.302473396063 -0.154807955027
      vertex 0.27765250206 -0.303144395351 -0.155804172158
    endloop
  endfacet
  facet normal 0.51458221674 -0.814240813255 -0.268732309341
    outer loop
      vertex 0.277181386948 -0.302136838436 -0.155768021941
      vertex 0.278178542852 -0.301025539637 -0.154771074653
      vertex 0.278876274824 -0.302473396063 -0.154807955027
    endloop
  endfacet
  facet normal 0.407769083977 -0.830599308014 -0.379248142242
    outer loop
      vertex 0.278178542852 -0.301025539637 -0.154771074653
      vertex 0.277181386948 -0.302136838436 -0.155768021941
      vertex 0.276709169149 -0.301219850779 -0.15558116138
    endloop
  endfacet
  facet normal 0.318635106087 -0.883225262165 -0.344070971012
    outer loop
      vertex 0.277181386948 -0.302136838436 -0.155768021941
      vertex 0.275984495878 -0.301535338163 -0.155965492129
      vertex 0.276709169149 -0.301219850779 -0.15558116138
    endloop
  endfacet
  facet normal 0.363573253155 -0.811800658703 -0.456940025091
    outer loop
      vertex 0.275984495878 -0.301535338163 -0.155965492129
      vertex 0.277181386948 -0.302136838436 -0.155768021941
      vertex 0.2766238451 -0.30253431201 -0.156241446733
    endloop
  endfacet
  facet normal 0.506531894207 -0.820077836514 -0.266266286373
    outer loop
      vertex 0.2766238451 -0.30253431201 -0.156241446733
      vertex 0.277181386948 -0.302136838436 -0.155768021941
      vertex 0.27765250206 -0.303144395351 -0.155804172158
    endloop
  endfacet
  facet normal 0.490183055401 -0.842756450176 -0.222445830703
    outer loop
      vertex 0.27765250206 -0.303144395351 -0.155804172158
      vertex 0.276100307703 -0.303784191608 -0.156875863671
      vertex 0.2766238451 -0.30253431201 -0.156241446733
    endloop
  endfacet
  facet normal 0.174245506525 -0.905603528023 -0.386679112911
    outer loop
      vertex 0.276100307703 -0.303784191608 -0.156875863671
      vertex 0.275725632906 -0.302817374468 -0.156535133719
      vertex 0.2766238451 -0.30253431201 -0.156241446733
    endloop
  endfacet
  facet normal 0.136785030365 -0.916471540928 -0.375991761684
    outer loop
      vertex 0.274286210537 -0.303481280804 -0.157022342086
      vertex 0.275725632906 -0.302817374468 -0.156535133719
      vertex 0.276100307703 -0.303784191608 -0.156875863671
    endloop
  endfacet
  facet normal 0.134719118476 -0.91528826952 -0.37960255146
    outer loop
      vertex 0.274361312389 -0.302577704191 -0.156636551023
      vertex 0.275725632906 -0.302817374468 -0.156535133719
      vertex 0.274286210537 -0.303481280804 -0.157022342086
    endloop
  endfacet
  facet normal 0.142707258463 -0.888321280479 -0.436485916376
    outer loop
      vertex 0.275725632906 -0.302817374468 -0.156535133719
      vertex 0.274361312389 -0.302577704191 -0.156636551023
      vertex 0.275405526161 -0.302105486393 -0.156236767769
    endloop
  endfacet
  facet normal 0.0543242953718 -0.818111538887 -0.572487831116
    outer loop
      vertex 0.274361312389 -0.302577704191 -0.156636551023
      vertex 0.27431589365 -0.301728963852 -0.156045645475
      vertex 0.275405526161 -0.302105486393 -0.156236767769
    endloop
  endfacet
  facet normal -0.218723624945 -0.806267738342 -0.549629211426
    outer loop
      vertex 0.27431589365 -0.301728963852 -0.156045645475
      vertex 0.274361312389 -0.302577704191 -0.156636551023
      vertex 0.273842513561 -0.302014678717 -0.156112000346
    endloop
  endfacet
  facet normal -0.20554497838 -0.803289115429 -0.55899721384
    outer loop
      vertex 0.273842513561 -0.302014678717 -0.156112000346
      vertex 0.274361312389 -0.302577704191 -0.156636551023
      vertex 0.273596018553 -0.302437484264 -0.156343147159
    endloop
  endfacet
  facet normal -0.15518681705 -0.725317835808 -0.67069453001
    outer loop
      vertex 0.273306757212 -0.303108900785 -0.156902119517
      vertex 0.273596018553 -0.302437484264 -0.156343147159
      vertex 0.274361312389 -0.302577704191 -0.156636551023
    endloop
  endfacet
  facet normal 0.0344827771187 -0.775326550007 -0.63061851263
    outer loop
      vertex 0.273596018553 -0.302437484264 -0.156343147159
      vertex 0.273306757212 -0.303108900785 -0.156902119517
      vertex 0.273091763258 -0.302614510059 -0.156509563327
    endloop
  endfacet
  facet normal -0.413228988647 -0.792100906372 -0.449241518974
    outer loop
      vertex 0.273306757212 -0.303108900785 -0.156902119517
      vertex 0.272862225771 -0.302933603525 -0.156570777297
      vertex 0.273091763258 -0.302614510059 -0.156509563327
    endloop
  endfacet
  facet normal -0.378379017115 -0.775254309177 -0.505776703358
    outer loop
      vertex 0.272721171379 -0.303550779819 -0.15690459311
      vertex 0.272862225771 -0.302933603525 -0.156570777297
      vertex 0.273306757212 -0.303108900785 -0.156902119517
    endloop
  endfacet
  facet normal -0.412253975868 -0.758620262146 -0.504521548748
    outer loop
      vertex 0.272525042295 -0.303005427122 -0.156435310841
      vertex 0.272862225771 -0.302933603525 -0.156570777297
      vertex 0.272721171379 -0.303550779819 -0.15690459311
    endloop
  endfacet
  facet normal -0.412486255169 -0.762074410915 -0.499096870422
    outer loop
      vertex 0.272525042295 -0.303005427122 -0.156435310841
      vertex 0.272696226835 -0.302650392056 -0.156295463443
      vertex 0.272862225771 -0.302933603525 -0.156570777297
    endloop
  endfacet
  facet normal -0.509793996811 -0.687798142433 -0.516762793064
    outer loop
      vertex 0.272696226835 -0.302650392056 -0.156295463443
      vertex 0.272525042295 -0.303005427122 -0.156435310841
      vertex 0.272460371256 -0.3025803864 -0.15606802702
    endloop
  endfacet
  facet normal -0.509499251842 -0.687910139561 -0.5169044137
    outer loop
      vertex 0.272460371256 -0.3025803864 -0.15606802702
      vertex 0.272525042295 -0.303005427122 -0.156435310841
      vertex 0.272052973509 -0.302865445614 -0.155980482697
    endloop
  endfacet
  facet normal -0.503519654274 -0.684763550758 -0.526846110821
    outer loop
      vertex 0.271730452776 -0.303348660469 -0.156115114689
      vertex 0.272052973509 -0.302865445614 -0.155980482697
      vertex 0.272525042295 -0.303005427122 -0.156435310841
    endloop
  endfacet
  facet normal -0.668985664845 -0.468506664038 -0.577026546001
    outer loop
      vertex 0.271697312593 -0.303163200617 -0.155839368701
      vertex 0.272052973509 -0.302865445614 -0.155980482697
      vertex 0.271730452776 -0.303348660469 -0.156115114689
    endloop
  endfacet
  facet normal 0.515477180481 -0.350641667843 0.781878292561
    outer loop
      vertex 0.271438360214 -0.303060144186 -0.156449854374
      vertex 0.272052973509 -0.302865445614 -0.155980482697
      vertex 0.271697312593 -0.303163200617 -0.155839368701
    endloop
  endfacet
  facet normal 0.550818383694 -0.422730416059 0.719651401043
    outer loop
      vertex 0.271438360214 -0.303060144186 -0.156449854374
      vertex 0.272151827812 -0.302329272032 -0.156764432788
      vertex 0.272052973509 -0.302865445614 -0.155980482697
    endloop
  endfacet
  facet normal 0.457419097424 -0.562581300735 0.688672661781
    outer loop
      vertex 0.272151827812 -0.302329272032 -0.156764432788
      vertex 0.271438360214 -0.303060144186 -0.156449854374
      vertex 0.271147996187 -0.302689760923 -0.157139331102
    endloop
  endfacet
  facet normal 0.469637662172 -0.563066661358 0.679997384548
    outer loop
      vertex 0.271147996187 -0.302689760923 -0.157139331102
      vertex 0.271438360214 -0.303060144186 -0.156449854374
      vertex 0.270858585835 -0.303445547819 -0.156467974186
    endloop
  endfacet
  facet normal 0.526856720448 -0.346146732569 0.776275992393
    outer loop
      vertex 0.271438360214 -0.303060144186 -0.156449854374
      vertex 0.27134168148 -0.303461015224 -0.155698001385
      vertex 0.270858585835 -0.303445547819 -0.156467974186
    endloop
  endfacet
  facet normal 0.515424132347 -0.35062623024 0.781920194626
    outer loop
      vertex 0.27134168148 -0.303461015224 -0.155698001385
      vertex 0.271438360214 -0.303060144186 -0.156449854374
      vertex 0.271697312593 -0.303163200617 -0.155839368701
    endloop
  endfacet
  facet normal -0.669246852398 -0.468395203352 -0.576814174652
    outer loop
      vertex 0.271697312593 -0.303163200617 -0.155839368701
      vertex 0.271730452776 -0.303348660469 -0.156115114689
      vertex 0.27134168148 -0.303461015224 -0.155698001385
    endloop
  endfacet
  facet normal -0.641863644123 -0.426609069109 -0.63719367981
    outer loop
      vertex 0.27134168148 -0.303461015224 -0.155698001385
      vertex 0.271730452776 -0.303348660469 -0.156115114689
      vertex 0.271114438772 -0.303895324469 -0.156004801393
    endloop
  endfacet
  facet normal -0.535833716393 -0.707316994667 -0.461069226265
    outer loop
      vertex 0.271114438772 -0.303895324469 -0.156004801393
      vertex 0.271730452776 -0.303348660469 -0.156115114689
      vertex 0.272072732449 -0.303763240576 -0.156644657254
    endloop
  endfacet
  facet normal -0.500119626522 -0.710657119751 -0.494820028543
    outer loop
      vertex 0.272525042295 -0.303005427122 -0.156435310841
      vertex 0.272072732449 -0.303763240576 -0.156644657254
      vertex 0.271730452776 -0.303348660469 -0.156115114689
    endloop
  endfacet
  facet normal -0.457341015339 -0.748747050762 -0.479809373617
    outer loop
      vertex 0.272072732449 -0.303763240576 -0.156644657254
      vertex 0.272525042295 -0.303005427122 -0.156435310841
      vertex 0.272721171379 -0.303550779819 -0.15690459311
    endloop
  endfacet
  facet normal -0.45938873291 -0.712307751179 -0.53064084053
    outer loop
      vertex 0.272414952517 -0.304177820683 -0.157174214721
      vertex 0.272072732449 -0.303763240576 -0.156644657254
      vertex 0.272721171379 -0.303550779819 -0.15690459311
    endloop
  endfacet
  facet normal -0.512508332729 -0.709672808647 -0.483424991369
    outer loop
      vertex 0.271501302719 -0.304854422808 -0.15697529912
      vertex 0.272072732449 -0.303763240576 -0.156644657254
      vertex 0.272414952517 -0.304177820683 -0.157174214721
    endloop
  endfacet
  facet normal -0.530259251595 -0.693449378014 -0.487804323435
    outer loop
      vertex 0.271114438772 -0.303895324469 -0.156004801393
      vertex 0.272072732449 -0.303763240576 -0.156644657254
      vertex 0.271501302719 -0.304854422808 -0.15697529912
    endloop
  endfacet
  facet normal -0.51545804739 -0.697466254234 -0.497839152813
    outer loop
      vertex 0.270706832409 -0.304952919483 -0.156458467245
      vertex 0.271114438772 -0.303895324469 -0.156004801393
      vertex 0.271501302719 -0.304854422808 -0.15697529912
    endloop
  endfacet
  facet normal -0.652304649353 -0.572345018387 -0.496910333633
    outer loop
      vertex 0.270573735237 -0.304361611605 -0.155793368816
      vertex 0.271114438772 -0.303895324469 -0.156004801393
      vertex 0.270706832409 -0.304952919483 -0.156458467245
    endloop
  endfacet
  facet normal -0.680152118206 -0.429857611656 -0.593814373016
    outer loop
      vertex 0.271114438772 -0.303895324469 -0.156004801393
      vertex 0.270573735237 -0.304361611605 -0.155793368816
      vertex 0.270788103342 -0.303955465555 -0.155571505427
    endloop
  endfacet
  facet normal -0.673886716366 -0.438040077686 -0.594976961613
    outer loop
      vertex 0.270788103342 -0.303955465555 -0.155571505427
      vertex 0.270573735237 -0.304361611605 -0.155793368816
      vertex 0.270597666502 -0.304065316916 -0.155427753925
    endloop
  endfacet
  facet normal -0.736642181873 -0.396023452282 -0.548200428486
    outer loop
      vertex 0.270597666502 -0.304065316916 -0.155427753925
      vertex 0.270573735237 -0.304361611605 -0.155793368816
      vertex 0.270359277725 -0.304434597492 -0.155495539308
    endloop
  endfacet
  facet normal -0.752938270569 -0.417419463396 -0.50876802206
    outer loop
      vertex 0.270573735237 -0.304361611605 -0.155793368816
      vertex 0.270278573036 -0.304748088121 -0.155732035637
      vertex 0.270359277725 -0.304434597492 -0.155495539308
    endloop
  endfacet
  facet normal -0.706229031086 -0.544093310833 -0.452993392944
    outer loop
      vertex 0.270573735237 -0.304361611605 -0.155793368816
      vertex 0.270706832409 -0.304952919483 -0.156458467245
      vertex 0.270278573036 -0.304748088121 -0.155732035637
    endloop
  endfacet
  facet normal -0.698498308659 -0.543174505234 -0.465898662806
    outer loop
      vertex 0.270706832409 -0.304952919483 -0.156458467245
      vertex 0.270110458136 -0.305408835411 -0.156082600355
      vertex 0.270278573036 -0.304748088121 -0.155732035637
    endloop
  endfacet
  facet normal -0.658770263195 -0.694575548172 -0.289113402367
    outer loop
      vertex 0.270110458136 -0.305408835411 -0.156082600355
      vertex 0.270706832409 -0.304952919483 -0.156458467245
      vertex 0.270922601223 -0.30570012331 -0.156974121928
    endloop
  endfacet
  facet normal -0.53872781992 -0.75805824995 -0.367586821318
    outer loop
      vertex 0.270922601223 -0.30570012331 -0.156974121928
      vertex 0.270706832409 -0.304952919483 -0.156458467245
      vertex 0.271501302719 -0.304854422808 -0.15697529912
    endloop
  endfacet
  facet normal -0.760349214077 -0.473455250263 -0.444645017385
    outer loop
      vertex 0.270278573036 -0.304748088121 -0.155732035637
      vertex 0.270110458136 -0.305408835411 -0.156082600355
      vertex 0.269998371601 -0.30499997735 -0.155518576503
    endloop
  endfacet
  facet normal -0.762415111065 -0.422211140394 -0.49036821723
    outer loop
      vertex 0.270174920559 -0.304549515247 -0.155314207077
      vertex 0.270278573036 -0.304748088121 -0.155732035637
      vertex 0.269998371601 -0.30499997735 -0.155518576503
    endloop
  endfacet
  facet normal -0.742462515831 -0.428805559874 -0.514660298824
    outer loop
      vertex 0.270278573036 -0.304748088121 -0.155732035637
      vertex 0.270174920559 -0.304549515247 -0.155314207077
      vertex 0.270359277725 -0.304434597492 -0.155495539308
    endloop
  endfacet
  facet normal -0.741637647152 -0.425466567278 -0.518605589867
    outer loop
      vertex 0.270174920559 -0.304549515247 -0.155314207077
      vertex 0.270431727171 -0.304141432047 -0.155264467001
      vertex 0.270359277725 -0.304434597492 -0.155495539308
    endloop
  endfacet
  facet normal -0.743857562542 -0.420584797859 -0.519407749176
    outer loop
      vertex 0.270431727171 -0.304141432047 -0.155264467001
      vertex 0.270174920559 -0.304549515247 -0.155314207077
      vertex 0.27029338479 -0.304175883532 -0.155062332749
    endloop
  endfacet
  facet normal -0.738076806068 -0.427343219519 -0.522130668163
    outer loop
      vertex 0.270099759102 -0.304382205009 -0.154979988933
      vertex 0.27029338479 -0.304175883532 -0.155062332749
      vertex 0.270174920559 -0.304549515247 -0.155314207077
    endloop
  endfacet
  facet normal -0.739802956581 -0.417355328798 -0.527736842632
    outer loop
      vertex 0.27029338479 -0.304175883532 -0.155062332749
      vertex 0.270099759102 -0.304382205009 -0.154979988933
      vertex 0.270155012608 -0.304210007191 -0.154860168695
    endloop
  endfacet
  facet normal 0.00191024958622 -0.165170162916 0.986263215542
    outer loop
      vertex 0.269972354174 -0.30413877964 -0.155287593603
      vertex 0.27029338479 -0.304175883532 -0.155062332749
      vertex 0.270155012608 -0.304210007191 -0.154860168695
    endloop
  endfacet
  facet normal 0.012831938453 -0.180284261703 0.983530819416
    outer loop
      vertex 0.269972354174 -0.30413877964 -0.155287593603
      vertex 0.27023178339 -0.304115980864 -0.155393511057
      vertex 0.27029338479 -0.304175883532 -0.155062332749
    endloop
  endfacet
  facet normal -0.0492354854941 -0.323962569237 0.944787859917
    outer loop
      vertex 0.27012103796 -0.304021894932 -0.155651077628
      vertex 0.27023178339 -0.304115980864 -0.155393511057
      vertex 0.269972354174 -0.30413877964 -0.155287593603
    endloop
  endfacet
  facet normal 0.115722641349 -0.384330332279 0.915913999081
    outer loop
      vertex 0.27023178339 -0.304115980864 -0.155393511057
      vertex 0.27012103796 -0.304021894932 -0.155651077628
      vertex 0.270433485508 -0.304063558578 -0.155457705259
    endloop
  endfacet
  facet normal 0.110205568373 -0.376280963421 0.919927895069
    outer loop
      vertex 0.270433485508 -0.304063558578 -0.155457705259
      vertex 0.27012103796 -0.304021894932 -0.155651077628
      vertex 0.270499736071 -0.303992003202 -0.15561324358
    endloop
  endfacet
  facet normal 0.112005397677 -0.403718113899 0.908001363277
    outer loop
      vertex 0.270241975784 -0.30376419425 -0.156197115779
      vertex 0.270499736071 -0.303992003202 -0.15561324358
      vertex 0.27012103796 -0.304021894932 -0.155651077628
    endloop
  endfacet
  facet normal 0.265428036451 -0.449885696173 0.852731406689
    outer loop
      vertex 0.27079474926 -0.30374777317 -0.155902117491
      vertex 0.270499736071 -0.303992003202 -0.15561324358
      vertex 0.270241975784 -0.30376419425 -0.156197115779
    endloop
  endfacet
  facet normal 0.181059733033 -0.520549893379 0.834413051605
    outer loop
      vertex 0.270499736071 -0.303992003202 -0.15561324358
      vertex 0.27079474926 -0.30374777317 -0.155902117491
      vertex 0.270788103342 -0.303955465555 -0.155571505427
    endloop
  endfacet
  facet normal 0.540268301964 -0.439828276634 0.717398941517
    outer loop
      vertex 0.27079474926 -0.30374777317 -0.155902117491
      vertex 0.27134168148 -0.303461015224 -0.155698001385
      vertex 0.270788103342 -0.303955465555 -0.155571505427
    endloop
  endfacet
  facet normal 0.53415542841 -0.350585103035 0.769264638424
    outer loop
      vertex 0.27134168148 -0.303461015224 -0.155698001385
      vertex 0.27079474926 -0.30374777317 -0.155902117491
      vertex 0.270858585835 -0.303445547819 -0.156467974186
    endloop
  endfacet
  facet normal 0.256576418877 -0.432657033205 0.864278018475
    outer loop
      vertex 0.270858585835 -0.303445547819 -0.156467974186
      vertex 0.27079474926 -0.30374777317 -0.155902117491
      vertex 0.270241975784 -0.30376419425 -0.156197115779
    endloop
  endfacet
  facet normal 0.196087181568 -0.526673078537 0.827142834663
    outer loop
      vertex 0.270858585835 -0.303445547819 -0.156467974186
      vertex 0.270241975784 -0.30376419425 -0.156197115779
      vertex 0.269744873047 -0.303374439478 -0.156994313002
    endloop
  endfacet
  facet normal 0.0460986234248 -0.461813062429 0.885778546333
    outer loop
      vertex 0.270241975784 -0.30376419425 -0.156197115779
      vertex 0.268879830837 -0.30372941494 -0.156399801373
      vertex 0.269744873047 -0.303374439478 -0.156994313002
    endloop
  endfacet
  facet normal 0.0401066467166 -0.424742221832 0.904425501823
    outer loop
      vertex 0.269549041986 -0.304021984339 -0.155713617802
      vertex 0.268879830837 -0.30372941494 -0.156399801373
      vertex 0.270241975784 -0.30376419425 -0.156197115779
    endloop
  endfacet
  facet normal -0.0647424906492 -0.337297409773 0.939169228077
    outer loop
      vertex 0.268614470959 -0.304147064686 -0.155185967684
      vertex 0.268879830837 -0.30372941494 -0.156399801373
      vertex 0.269549041986 -0.304021984339 -0.155713617802
    endloop
  endfacet
  facet normal -0.0582940019667 -0.336171776056 0.939994871616
    outer loop
      vertex 0.268614470959 -0.304147064686 -0.155185967684
      vertex 0.26763933897 -0.303593367338 -0.156565099955
      vertex 0.268879830837 -0.30372941494 -0.156399801373
    endloop
  endfacet
  facet normal -0.136204972863 -0.284661740065 0.948902487755
    outer loop
      vertex 0.26763933897 -0.303593367338 -0.156565099955
      vertex 0.268614470959 -0.304147064686 -0.155185967684
      vertex 0.266730040312 -0.304078042507 -0.15451438725
    endloop
  endfacet
  facet normal -0.102280072868 -0.186571285129 0.977102816105
    outer loop
      vertex 0.268249511719 -0.304309010506 -0.154137760401
      vertex 0.266730040312 -0.304078042507 -0.15451438725
      vertex 0.268614470959 -0.304147064686 -0.155185967684
    endloop
  endfacet
  facet normal -0.0314377099276 -0.163292974234 0.986076593399
    outer loop
      vertex 0.269170969725 -0.304321110249 -0.154242098331
      vertex 0.268249511719 -0.304309010506 -0.154137760401
      vertex 0.268614470959 -0.304147064686 -0.155185967684
    endloop
  endfacet
  facet normal -0.0277532376349 -0.165420398116 0.985832571983
    outer loop
      vertex 0.269457101822 -0.304186701775 -0.155091121793
      vertex 0.269170969725 -0.304321110249 -0.154242098331
      vertex 0.268614470959 -0.304147064686 -0.155185967684
    endloop
  endfacet
  facet normal 0.0138844223693 -0.151781141758 0.988316595554
    outer loop
      vertex 0.269170969725 -0.304321110249 -0.154242098331
      vertex 0.269457101822 -0.304186701775 -0.155091121793
      vertex 0.269878000021 -0.304278343916 -0.154455885291
    endloop
  endfacet
  facet normal 0.0181515198201 -0.154536738992 0.987820267677
    outer loop
      vertex 0.269878000021 -0.304278343916 -0.154455885291
      vertex 0.269457101822 -0.304186701775 -0.155091121793
      vertex 0.270155012608 -0.304210007191 -0.154860168695
    endloop
  endfacet
  facet normal 0.0249354988337 -0.174682959914 0.984308958054
    outer loop
      vertex 0.269457101822 -0.304186701775 -0.155091121793
      vertex 0.269972354174 -0.30413877964 -0.155287593603
      vertex 0.270155012608 -0.304210007191 -0.154860168695
    endloop
  endfacet
  facet normal -0.00808521173894 -0.256907761097 0.966402113438
    outer loop
      vertex 0.269457101822 -0.304186701775 -0.155091121793
      vertex 0.269549041986 -0.304021984339 -0.155713617802
      vertex 0.269972354174 -0.30413877964 -0.155287593603
    endloop
  endfacet
  facet normal -0.0163968894631 -0.258028358221 0.96599817276
    outer loop
      vertex 0.269457101822 -0.304186701775 -0.155091121793
      vertex 0.268614470959 -0.304147064686 -0.155185967684
      vertex 0.269549041986 -0.304021984339 -0.155713617802
    endloop
  endfacet
  facet normal 0.0322962328792 -0.293979823589 0.955265820026
    outer loop
      vertex 0.269549041986 -0.304021984339 -0.155713617802
      vertex 0.27012103796 -0.304021894932 -0.155651077628
      vertex 0.269972354174 -0.30413877964 -0.155287593603
    endloop
  endfacet
  facet normal 0.0458530560136 -0.418026804924 0.907276749611
    outer loop
      vertex 0.270241975784 -0.30376419425 -0.156197115779
      vertex 0.27012103796 -0.304021894932 -0.155651077628
      vertex 0.269549041986 -0.304021984339 -0.155713617802
    endloop
  endfacet
  facet normal -0.4330714643 -0.384683430195 0.815148890018
    outer loop
      vertex 0.265506476164 -0.302430868149 -0.1566272825
      vertex 0.26763933897 -0.303593367338 -0.156565099955
      vertex 0.266730040312 -0.304078042507 -0.15451438725
    endloop
  endfacet
  facet normal -0.422961205244 -0.427630871534 0.798896551132
    outer loop
      vertex 0.267076849937 -0.30265969038 -0.157753050327
      vertex 0.26763933897 -0.303593367338 -0.156565099955
      vertex 0.265506476164 -0.302430868149 -0.1566272825
    endloop
  endfacet
  facet normal -0.0234824493527 -0.610876202583 0.791377842426
    outer loop
      vertex 0.268887192011 -0.302869319916 -0.157551065087
      vertex 0.26763933897 -0.303593367338 -0.156565099955
      vertex 0.267076849937 -0.30265969038 -0.157753050327
    endloop
  endfacet
  facet normal -0.00809619762003 -0.598518908024 0.801067769527
    outer loop
      vertex 0.26763933897 -0.303593367338 -0.156565099955
      vertex 0.268887192011 -0.302869319916 -0.157551065087
      vertex 0.268879830837 -0.30372941494 -0.156399801373
    endloop
  endfacet
  facet normal -0.0826376602054 -0.59679800272 0.798124790192
    outer loop
      vertex 0.269744873047 -0.303374439478 -0.156994313002
      vertex 0.268879830837 -0.30372941494 -0.156399801373
      vertex 0.268887192011 -0.302869319916 -0.157551065087
    endloop
  endfacet
  facet normal -0.00293137738481 -0.669443368912 0.742857336998
    outer loop
      vertex 0.270307272673 -0.302904605865 -0.15751811862
      vertex 0.269744873047 -0.303374439478 -0.156994313002
      vertex 0.268887192011 -0.302869319916 -0.157551065087
    endloop
  endfacet
  facet normal 0.197178721428 -0.528766989708 0.825545907021
    outer loop
      vertex 0.270858585835 -0.303445547819 -0.156467974186
      vertex 0.269744873047 -0.303374439478 -0.156994313002
      vertex 0.270307272673 -0.302904605865 -0.15751811862
    endloop
  endfacet
  facet normal 0.437513381243 -0.582545101643 0.684998750687
    outer loop
      vertex 0.271147996187 -0.302689760923 -0.157139331102
      vertex 0.270858585835 -0.303445547819 -0.156467974186
      vertex 0.270307272673 -0.302904605865 -0.15751811862
    endloop
  endfacet
  facet normal 0.449029266834 -0.647243201733 0.615994274616
    outer loop
      vertex 0.271148562431 -0.302061587572 -0.15773679316
      vertex 0.271147996187 -0.302689760923 -0.157139331102
      vertex 0.270307272673 -0.302904605865 -0.15751811862
    endloop
  endfacet
  facet normal 0.460029304028 -0.643170773983 0.612130999565
    outer loop
      vertex 0.272151827812 -0.302329272032 -0.156764432788
      vertex 0.271147996187 -0.302689760923 -0.157139331102
      vertex 0.271148562431 -0.302061587572 -0.15773679316
    endloop
  endfacet
  facet normal 0.364788323641 -0.577458918095 0.730390787125
    outer loop
      vertex 0.271957993507 -0.301467329264 -0.157977104187
      vertex 0.272151827812 -0.302329272032 -0.156764432788
      vertex 0.271148562431 -0.302061587572 -0.15773679316
    endloop
  endfacet
  facet normal 0.445473313332 -0.564900875092 0.694579362869
    outer loop
      vertex 0.272151827812 -0.302329272032 -0.156764432788
      vertex 0.271957993507 -0.301467329264 -0.157977104187
      vertex 0.272841274738 -0.301548540592 -0.157180711627
    endloop
  endfacet
  facet normal 0.552130401134 -0.66380918026 0.504489243031
    outer loop
      vertex 0.272841274738 -0.301548540592 -0.157180711627
      vertex 0.271957993507 -0.301467329264 -0.157977104187
      vertex 0.273223608732 -0.300666332245 -0.157533153892
    endloop
  endfacet
  facet normal 0.387367546558 -0.915996849537 0.104384690523
    outer loop
      vertex 0.271957993507 -0.301467329264 -0.157977104187
      vertex 0.271797031164 -0.299857974052 -0.158228561282
      vertex 0.273223608732 -0.300666332245 -0.157533153892
    endloop
  endfacet
  facet normal 0.239900439978 -0.962532877922 0.126405075192
    outer loop
      vertex 0.271797031164 -0.299857974052 -0.158228561282
      vertex 0.271957993507 -0.301467329264 -0.157977104187
      vertex 0.27082529664 -0.300672918558 -0.158363729715
    endloop
  endfacet
  facet normal 0.0269679669291 -0.913425564766 0.406111359596
    outer loop
      vertex 0.27082529664 -0.300672918558 -0.158363729715
      vertex 0.271957993507 -0.301467329264 -0.157977104187
      vertex 0.271148562431 -0.302061587572 -0.15773679316
    endloop
  endfacet
  facet normal 0.294550776482 -0.894834339619 0.335427135229
    outer loop
      vertex 0.27082529664 -0.300672918558 -0.158363729715
      vertex 0.271148562431 -0.302061587572 -0.15773679316
      vertex 0.269871920347 -0.301986068487 -0.158185333014
    endloop
  endfacet
  facet normal 0.265088140965 -0.835530698299 0.481265723705
    outer loop
      vertex 0.269871920347 -0.301986068487 -0.158185333014
      vertex 0.271148562431 -0.302061587572 -0.15773679316
      vertex 0.270307272673 -0.302904605865 -0.15751811862
    endloop
  endfacet
  facet normal 0.00421731965616 -0.810022473335 0.586383700371
    outer loop
      vertex 0.269871920347 -0.301986068487 -0.158185333014
      vertex 0.270307272673 -0.302904605865 -0.15751811862
      vertex 0.268887192011 -0.302869319916 -0.157551065087
    endloop
  endfacet
  facet normal 0.0750750005245 -0.76843136549 0.635513186455
    outer loop
      vertex 0.268887192011 -0.302869319916 -0.157551065087
      vertex 0.268512457609 -0.302151381969 -0.158181428909
      vertex 0.269871920347 -0.301986068487 -0.158185333014
    endloop
  endfacet
  facet normal 0.00793858990073 -0.75347751379 0.657425761223
    outer loop
      vertex 0.268512457609 -0.302151381969 -0.158181428909
      vertex 0.268887192011 -0.302869319916 -0.157551065087
      vertex 0.267076849937 -0.30265969038 -0.157753050327
    endloop
  endfacet
  facet normal -0.0759909003973 -0.857812404633 0.50831413269
    outer loop
      vertex 0.26621556282 -0.300531357527 -0.158937931061
      vertex 0.268512457609 -0.302151381969 -0.158181428909
      vertex 0.267076849937 -0.30265969038 -0.157753050327
    endloop
  endfacet
  facet normal 0.110212869942 -0.951280415058 0.287956058979
    outer loop
      vertex 0.26621556282 -0.300531357527 -0.158937931061
      vertex 0.268967658281 -0.300341844559 -0.158676445484
      vertex 0.268512457609 -0.302151381969 -0.158181428909
    endloop
  endfacet
  facet normal 0.0927848443389 -0.995348274708 -0.0259374100715
    outer loop
      vertex 0.266168296337 -0.298107206821 -0.158879160881
      vertex 0.268967658281 -0.300341844559 -0.158676445484
      vertex 0.26621556282 -0.300531357527 -0.158937931061
    endloop
  endfacet
  facet normal 0.0531512089074 -0.99829852581 0.023980025202
    outer loop
      vertex 0.266168296337 -0.298107206821 -0.158879160881
      vertex 0.269843667746 -0.298583447933 -0.158672049642
      vertex 0.268967658281 -0.300341844559 -0.158676445484
    endloop
  endfacet
  facet normal 0.0740846917033 -0.987021446228 -0.142478525639
    outer loop
      vertex 0.269843667746 -0.298583447933 -0.158672049642
      vertex 0.266168296337 -0.298107206821 -0.158879160881
      vertex 0.268166333437 -0.295530825853 -0.158357292414
    endloop
  endfacet
  facet normal 0.0831110030413 -0.987281084061 -0.135531023145
    outer loop
      vertex 0.268166333437 -0.295530825853 -0.158357292414
      vertex 0.266168296337 -0.298107206821 -0.158879160881
      vertex 0.264290034771 -0.295947849751 -0.158740848303
    endloop
  endfacet
  facet normal -0.167863041162 -0.982302248478 0.0830918326974
    outer loop
      vertex 0.264290034771 -0.295947849751 -0.158740848303
      vertex 0.266168296337 -0.298107206821 -0.158879160881
      vertex 0.263979285955 -0.300017029047 -0.158343538642
    endloop
  endfacet
  facet normal -0.252850055695 -0.967328250408 -0.0185189638287
    outer loop
      vertex 0.263979285955 -0.300017029047 -0.158343538642
      vertex 0.266168296337 -0.298107206821 -0.158879160881
      vertex 0.26621556282 -0.300531357527 -0.158937931061
    endloop
  endfacet
  facet normal -0.33049967885 -0.657803952694 0.676804184914
    outer loop
      vertex 0.265506476164 -0.302430868149 -0.1566272825
      vertex 0.263979285955 -0.300017029047 -0.158343538642
      vertex 0.26621556282 -0.300531357527 -0.158937931061
    endloop
  endfacet
  facet normal -0.349910646677 -0.644628882408 0.679717719555
    outer loop
      vertex 0.263518571854 -0.301770597696 -0.156244456768
      vertex 0.263979285955 -0.300017029047 -0.158343538642
      vertex 0.265506476164 -0.302430868149 -0.1566272825
    endloop
  endfacet
  facet normal -0.664270043373 -0.559697747231 0.495463192463
    outer loop
      vertex 0.261528760195 -0.297790616751 -0.157406076789
      vertex 0.263979285955 -0.300017029047 -0.158343538642
      vertex 0.263518571854 -0.301770597696 -0.156244456768
    endloop
  endfacet
  facet normal -0.402579545975 -0.913516938686 0.0584510825574
    outer loop
      vertex 0.261528760195 -0.297790616751 -0.157406076789
      vertex 0.264290034771 -0.295947849751 -0.158740848303
      vertex 0.263979285955 -0.300017029047 -0.158343538642
    endloop
  endfacet
  facet normal -0.377699315548 -0.920431673527 0.100741013885
    outer loop
      vertex 0.258610635996 -0.291912227869 -0.156852006912
      vertex 0.264290034771 -0.295947849751 -0.158740848303
      vertex 0.261528760195 -0.297790616751 -0.157406076789
    endloop
  endfacet
  facet normal -0.601397395134 -0.634286820889 0.485799759626
    outer loop
      vertex 0.263518571854 -0.301770597696 -0.156244456768
      vertex 0.261172920465 -0.300963759422 -0.154638379812
      vertex 0.261528760195 -0.297790616751 -0.157406076789
    endloop
  endfacet
  facet normal -0.538394629955 -0.419027477503 0.731127381325
    outer loop
      vertex 0.263290315866 -0.303066968918 -0.153689220548
      vertex 0.261172920465 -0.300963759422 -0.154638379812
      vertex 0.263518571854 -0.301770597696 -0.156244456768
    endloop
  endfacet
  facet normal -0.358328491449 -0.447659373283 0.819269061089
    outer loop
      vertex 0.263290315866 -0.303066968918 -0.153689220548
      vertex 0.263518571854 -0.301770597696 -0.156244456768
      vertex 0.265506476164 -0.302430868149 -0.1566272825
    endloop
  endfacet
  facet normal -0.533243179321 -0.628833651543 0.565879762173
    outer loop
      vertex 0.267076849937 -0.30265969038 -0.157753050327
      vertex 0.265506476164 -0.302430868149 -0.1566272825
      vertex 0.26621556282 -0.300531357527 -0.158937931061
    endloop
  endfacet
  facet normal -0.00407994259149 -0.716830432415 -0.697235584259
    outer loop
      vertex 0.268000692129 -0.292548894882 -0.155455932021
      vertex 0.268166333437 -0.295530825853 -0.158357292414
      vertex 0.264290034771 -0.295947849751 -0.158740848303
    endloop
  endfacet
  facet normal 0.105123147368 -0.709827303886 -0.696487128735
    outer loop
      vertex 0.268000692129 -0.292548894882 -0.155455932021
      vertex 0.270271658897 -0.294557183981 -0.15709015727
      vertex 0.268166333437 -0.295530825853 -0.158357292414
    endloop
  endfacet
  facet normal 0.378387004137 -0.46076375246 -0.802820086479
    outer loop
      vertex 0.270271658897 -0.294557183981 -0.15709015727
      vertex 0.268000692129 -0.292548894882 -0.155455932021
      vertex 0.271918863058 -0.293660968542 -0.154175922275
    endloop
  endfacet
  facet normal 0.356771409512 -0.334162473679 -0.872381567955
    outer loop
      vertex 0.271918863058 -0.293660968542 -0.154175922275
      vertex 0.268000692129 -0.292548894882 -0.155455932021
      vertex 0.271308511496 -0.291833132505 -0.150055721402
    endloop
  endfacet
  facet normal 0.485772579908 -0.293323278427 -0.823399305344
    outer loop
      vertex 0.271918863058 -0.293660968542 -0.154175922275
      vertex 0.271308511496 -0.291833132505 -0.150055721402
      vertex 0.273919165134 -0.294007360935 -0.1518355757
    endloop
  endfacet
  facet normal 0.541572034359 -0.202360019088 -0.815935134888
    outer loop
      vertex 0.274557858706 -0.293958067894 -0.149927511811
      vertex 0.273919165134 -0.294007360935 -0.1518355757
      vertex 0.271308511496 -0.291833132505 -0.150055721402
    endloop
  endfacet
  facet normal 0.618942081928 -0.226607441902 -0.752037107944
    outer loop
      vertex 0.274557858706 -0.293958067894 -0.149927511811
      vertex 0.275325864553 -0.294781565666 -0.150562733412
      vertex 0.273919165134 -0.294007360935 -0.1518355757
    endloop
  endfacet
  facet normal 0.61143553257 -0.238763213158 -0.754412829876
    outer loop
      vertex 0.275491535664 -0.294561237097 -0.149442315102
      vertex 0.275325864553 -0.294781565666 -0.150562733412
      vertex 0.274557858706 -0.293958067894 -0.149927511811
    endloop
  endfacet
  facet normal 0.716253817081 -0.235113590956 -0.657040417194
    outer loop
      vertex 0.275742352009 -0.295120090246 -0.150239929557
      vertex 0.275325864553 -0.294781565666 -0.150562733412
      vertex 0.275491535664 -0.294561237097 -0.149442315102
    endloop
  endfacet
  facet normal 0.714600861073 -0.228750824928 -0.661073923111
    outer loop
      vertex 0.275325864553 -0.294781565666 -0.150562733412
      vertex 0.275742352009 -0.295120090246 -0.150239929557
      vertex 0.275823265314 -0.295583873987 -0.151327520609
    endloop
  endfacet
  facet normal 0.966824114323 -0.0359335392714 -0.252903044224
    outer loop
      vertex 0.275742352009 -0.295120090246 -0.150239929557
      vertex 0.275979012251 -0.296060174704 -0.150489345193
      vertex 0.275823265314 -0.295583873987 -0.151327520609
    endloop
  endfacet
  facet normal 0.952113032341 -0.133467286825 -0.275076836348
    outer loop
      vertex 0.275742352009 -0.295120090246 -0.150239929557
      vertex 0.276198595762 -0.296212345362 -0.149236485362
      vertex 0.275979012251 -0.296060174704 -0.150489345193
    endloop
  endfacet
  facet normal 0.95563095808 -0.212926760316 -0.203547671437
    outer loop
      vertex 0.275742352009 -0.295120090246 -0.150239929557
      vertex 0.276088684797 -0.295452296734 -0.149003207684
      vertex 0.276198595762 -0.296212345362 -0.149236485362
    endloop
  endfacet
  facet normal 0.848344922066 -0.0977892801166 -0.520334601402
    outer loop
      vertex 0.276088684797 -0.295452296734 -0.149003207684
      vertex 0.275742352009 -0.295120090246 -0.150239929557
      vertex 0.275491535664 -0.294561237097 -0.149442315102
    endloop
  endfacet
  facet normal 0.848347961903 -0.0978120267391 -0.520325422287
    outer loop
      vertex 0.275900691748 -0.295033305883 -0.148404866457
      vertex 0.276088684797 -0.295452296734 -0.149003207684
      vertex 0.275491535664 -0.294561237097 -0.149442315102
    endloop
  endfacet
  facet normal 0.941925823689 0.0652758777142 -0.32941582799
    outer loop
      vertex 0.276088684797 -0.295452296734 -0.149003207684
      vertex 0.275900691748 -0.295033305883 -0.148404866457
      vertex 0.276179671288 -0.29581952095 -0.148462876678
    endloop
  endfacet
  facet normal 0.931240260601 -0.130865991116 -0.340096533298
    outer loop
      vertex 0.275900691748 -0.295033305883 -0.148404866457
      vertex 0.276132673025 -0.295337975025 -0.147545859218
      vertex 0.276179671288 -0.29581952095 -0.148462876678
    endloop
  endfacet
  facet normal 0.858622789383 -0.0509702153504 -0.51006758213
    outer loop
      vertex 0.276132673025 -0.295337975025 -0.147545859218
      vertex 0.275900691748 -0.295033305883 -0.148404866457
      vertex 0.275677204132 -0.294543385506 -0.147267013788
    endloop
  endfacet
  facet normal 0.858727216721 -0.0508779771626 -0.509900987148
    outer loop
      vertex 0.275677204132 -0.294543385506 -0.147267013788
      vertex 0.275900691748 -0.295033305883 -0.148404866457
      vertex 0.274989902973 -0.293443799019 -0.147847101092
    endloop
  endfacet
  facet normal 0.84831392765 -0.0977697446942 -0.520388841629
    outer loop
      vertex 0.274989902973 -0.293443799019 -0.147847101092
      vertex 0.275900691748 -0.295033305883 -0.148404866457
      vertex 0.275491535664 -0.294561237097 -0.149442315102
    endloop
  endfacet
  facet normal 0.623874545097 -0.307201504707 -0.718615174294
    outer loop
      vertex 0.274557858706 -0.293958067894 -0.149927511811
      vertex 0.274989902973 -0.293443799019 -0.147847101092
      vertex 0.275491535664 -0.294561237097 -0.149442315102
    endloop
  endfacet
  facet normal 0.454863995314 -0.301597684622 -0.837936520576
    outer loop
      vertex 0.274989902973 -0.293443799019 -0.147847101092
      vertex 0.274557858706 -0.293958067894 -0.149927511811
      vertex 0.273172974586 -0.292460501194 -0.147855445743
    endloop
  endfacet
  facet normal 0.539407014847 -0.225777640939 -0.811211764812
    outer loop
      vertex 0.274557858706 -0.293958067894 -0.149927511811
      vertex 0.271308511496 -0.291833132505 -0.150055721402
      vertex 0.273172974586 -0.292460501194 -0.147855445743
    endloop
  endfacet
  facet normal 0.477542430162 -0.158234208822 -0.864242553711
    outer loop
      vertex 0.271308511496 -0.291833132505 -0.150055721402
      vertex 0.271540641785 -0.291308611631 -0.146490320563
      vertex 0.273172974586 -0.292460501194 -0.147855445743
    endloop
  endfacet
  facet normal 0.473399728537 -0.164175197482 -0.865412712097
    outer loop
      vertex 0.273512661457 -0.292018800974 -0.144547596574
      vertex 0.273172974586 -0.292460501194 -0.147855445743
      vertex 0.271540641785 -0.291308611631 -0.146490320563
    endloop
  endfacet
  facet normal 0.545458316803 -0.165723621845 -0.821590483189
    outer loop
      vertex 0.273172974586 -0.292460501194 -0.147855445743
      vertex 0.273512661457 -0.292018800974 -0.144547596574
      vertex 0.275156885386 -0.293379515409 -0.145881712437
    endloop
  endfacet
  facet normal 0.475064128637 -0.0690554529428 -0.877237379551
    outer loop
      vertex 0.273172974586 -0.292460501194 -0.147855445743
      vertex 0.275156885386 -0.293379515409 -0.145881712437
      vertex 0.274989902973 -0.293443799019 -0.147847101092
    endloop
  endfacet
  facet normal 0.865138173103 -0.0896444618702 -0.493457019329
    outer loop
      vertex 0.275156885386 -0.293379515409 -0.145881712437
      vertex 0.275677204132 -0.294543385506 -0.147267013788
      vertex 0.274989902973 -0.293443799019 -0.147847101092
    endloop
  endfacet
  facet normal 0.789785981178 -0.252958238125 -0.558793544769
    outer loop
      vertex 0.276132673025 -0.295337975025 -0.147545859218
      vertex 0.276589184999 -0.296105384827 -0.147815734148
      vertex 0.276179671288 -0.29581952095 -0.148462876678
    endloop
  endfacet
  facet normal 0.87062650919 0.10802385211 -0.479937881231
    outer loop
      vertex 0.276589184999 -0.296105384827 -0.147815734148
      vertex 0.276132673025 -0.295337975025 -0.147545859218
      vertex 0.276441544294 -0.29607206583 -0.146773844957
    endloop
  endfacet
  facet normal 0.97335600853 0.143644705415 0.178729727864
    outer loop
      vertex 0.276400864124 -0.296631217003 -0.147193923593
      vertex 0.276589184999 -0.296105384827 -0.147815734148
      vertex 0.276441544294 -0.29607206583 -0.146773844957
    endloop
  endfacet
  facet normal 0.876131057739 -0.127746492624 0.464838922024
    outer loop
      vertex 0.276589184999 -0.296105384827 -0.147815734148
      vertex 0.276400864124 -0.296631217003 -0.147193923593
      vertex 0.276292353868 -0.29662925005 -0.147945314646
    endloop
  endfacet
  facet normal -0.371543556452 0.0560837239027 -0.926720023155
    outer loop
      vertex 0.277021795511 -0.29637786746 -0.147266700864
      vertex 0.276292353868 -0.29662925005 -0.147945314646
      vertex 0.276400864124 -0.296631217003 -0.147193923593
    endloop
  endfacet
  facet normal -0.371772170067 0.0563698485494 -0.926610946655
    outer loop
      vertex 0.276292353868 -0.29662925005 -0.147945314646
      vertex 0.277021795511 -0.29637786746 -0.147266700864
      vertex 0.276885211468 -0.296376407146 -0.148191586137
    endloop
  endfacet
  facet normal 0.208256155252 -0.0292136315256 -0.977637946606
    outer loop
      vertex 0.276885211468 -0.296376407146 -0.148191586137
      vertex 0.277021795511 -0.29637786746 -0.147266700864
      vertex 0.27816298604 -0.296638548374 -0.147855266929
    endloop
  endfacet
  facet normal 0.217765063047 -0.0100290486589 -0.975949704647
    outer loop
      vertex 0.277021795511 -0.29637786746 -0.147266700864
      vertex 0.278376847506 -0.29667326808 -0.146589905024
      vertex 0.27816298604 -0.296638548374 -0.147855266929
    endloop
  endfacet
  facet normal 0.21534922719 -0.00494114775211 -0.976524591446
    outer loop
      vertex 0.278376847506 -0.29667326808 -0.146589905024
      vertex 0.277021795511 -0.29637786746 -0.147266700864
      vertex 0.277136653662 -0.296398311853 -0.14630164206
    endloop
  endfacet
  facet normal -0.360879033804 0.0626601055264 -0.930505275726
    outer loop
      vertex 0.277021795511 -0.29637786746 -0.147266700864
      vertex 0.276523470879 -0.296633422375 -0.146341696382
      vertex 0.277136653662 -0.296398311853 -0.14630164206
    endloop
  endfacet
  facet normal -0.371571481228 0.0558547377586 -0.92672264576
    outer loop
      vertex 0.276523470879 -0.296633422375 -0.146341696382
      vertex 0.277021795511 -0.29637786746 -0.147266700864
      vertex 0.276400864124 -0.296631217003 -0.147193923593
    endloop
  endfacet
  facet normal 0.989219367504 -0.14222496748 -0.0348865650594
    outer loop
      vertex 0.276523470879 -0.296633422375 -0.146341696382
      vertex 0.276400864124 -0.296631217003 -0.147193923593
      vertex 0.276441544294 -0.29607206583 -0.146773844957
    endloop
  endfacet
  facet normal 0.877507865429 -0.433303505182 0.20549467206
    outer loop
      vertex 0.276732802391 -0.296313732862 -0.146069392562
      vertex 0.276523470879 -0.296633422375 -0.146341696382
      vertex 0.276441544294 -0.29607206583 -0.146773844957
    endloop
  endfacet
  facet normal 0.876098811626 -0.127626433969 0.464932650328
    outer loop
      vertex 0.276523470879 -0.296633422375 -0.146341696382
      vertex 0.276732802391 -0.296313732862 -0.146069392562
      vertex 0.276534229517 -0.296719998121 -0.14595259726
    endloop
  endfacet
  facet normal 0.905095160007 0.113811284304 0.409694761038
    outer loop
      vertex 0.276686996222 -0.29616612196 -0.145173788071
      vertex 0.276534229517 -0.296719998121 -0.14595259726
      vertex 0.276732802391 -0.296313732862 -0.146069392562
    endloop
  endfacet
  facet normal 0.894519329071 0.128928035498 0.42803350091
    outer loop
      vertex 0.276534229517 -0.296719998121 -0.14595259726
      vertex 0.276686996222 -0.29616612196 -0.145173788071
      vertex 0.276377826929 -0.296897828579 -0.14545789361
    endloop
  endfacet
  facet normal 0.927066147327 -0.211282730103 0.309690088034
    outer loop
      vertex 0.276686996222 -0.29616612196 -0.145173788071
      vertex 0.276551187038 -0.297085464001 -0.144422098994
      vertex 0.276377826929 -0.296897828579 -0.14545789361
    endloop
  endfacet
  facet normal 0.964264571667 -0.11670280993 0.237853467464
    outer loop
      vertex 0.276551187038 -0.297085464001 -0.144422098994
      vertex 0.276686996222 -0.29616612196 -0.145173788071
      vertex 0.276835292578 -0.296231836081 -0.143814459443
    endloop
  endfacet
  facet normal 0.895418524742 -0.0764892324805 -0.438605844975
    outer loop
      vertex 0.276686996222 -0.29616612196 -0.145173788071
      vertex 0.276243954897 -0.294984310865 -0.143583372235
      vertex 0.276835292578 -0.296231836081 -0.143814459443
    endloop
  endfacet
  facet normal 0.906319260597 0.064953096211 -0.417572140694
    outer loop
      vertex 0.276704519987 -0.296177506447 -0.142338782549
      vertex 0.276835292578 -0.296231836081 -0.143814459443
      vertex 0.276243954897 -0.294984310865 -0.143583372235
    endloop
  endfacet
  facet normal 0.972210943699 0.0780406445265 -0.220715925097
    outer loop
      vertex 0.27696621418 -0.297054767609 -0.143117904663
      vertex 0.276835292578 -0.296231836081 -0.143814459443
      vertex 0.276704519987 -0.296177506447 -0.142338782549
    endloop
  endfacet
  facet normal 0.856665432453 -0.452869802713 0.247049063444
    outer loop
      vertex 0.276835292578 -0.296231836081 -0.143814459443
      vertex 0.27696621418 -0.297054767609 -0.143117904663
      vertex 0.276703745127 -0.297250717878 -0.143507510424
    endloop
  endfacet
  facet normal 0.679005801678 -0.0910657420754 0.728462874889
    outer loop
      vertex 0.27696621418 -0.297054767609 -0.143117904663
      vertex 0.276651024818 -0.29732966423 -0.143269076943
      vertex 0.276703745127 -0.297250717878 -0.143507510424
    endloop
  endfacet
  facet normal 0.65909409523 -0.00669319089502 0.752030730247
    outer loop
      vertex 0.276667922735 -0.297320604324 -0.142623707652
      vertex 0.276651024818 -0.29732966423 -0.143269076943
      vertex 0.27696621418 -0.297054767609 -0.143117904663
    endloop
  endfacet
  facet normal 0.755841195583 -0.0105921356007 0.654669284821
    outer loop
      vertex 0.276667922735 -0.297320604324 -0.142623707652
      vertex 0.276467978954 -0.297547012568 -0.14289727807
      vertex 0.276651024818 -0.29732966423 -0.143269076943
    endloop
  endfacet
  facet normal 0.755537390709 -0.0100731225684 0.655028104782
    outer loop
      vertex 0.276358008385 -0.297677278519 -0.142674013972
      vertex 0.276467978954 -0.297547012568 -0.14289727807
      vertex 0.276667922735 -0.297320604324 -0.142623707652
    endloop
  endfacet
  facet normal 0.695164978504 0.311362802982 0.647918820381
    outer loop
      vertex 0.276496917009 -0.297254234552 -0.142103806138
      vertex 0.276358008385 -0.297677278519 -0.142674013972
      vertex 0.276667922735 -0.297320604324 -0.142623707652
    endloop
  endfacet
  facet normal 0.752525210381 0.264235436916 0.603229224682
    outer loop
      vertex 0.276358008385 -0.297677278519 -0.142674013972
      vertex 0.276496917009 -0.297254234552 -0.142103806138
      vertex 0.276003420353 -0.297776699066 -0.141891092062
    endloop
  endfacet
  facet normal 0.749393463135 0.333113759756 0.572227776051
    outer loop
      vertex 0.276496917009 -0.297254234552 -0.142103806138
      vertex 0.276132881641 -0.297379791737 -0.141500517726
      vertex 0.276003420353 -0.297776699066 -0.141891092062
    endloop
  endfacet
  facet normal 0.809820055962 0.399192839861 0.429926216602
    outer loop
      vertex 0.276464521885 -0.296925038099 -0.141683548689
      vertex 0.276132881641 -0.297379791737 -0.141500517726
      vertex 0.276496917009 -0.297254234552 -0.142103806138
    endloop
  endfacet
  facet normal 0.971038818359 0.189166843891 0.145943552256
    outer loop
      vertex 0.276496917009 -0.297254234552 -0.142103806138
      vertex 0.276704519987 -0.296177506447 -0.142338782549
      vertex 0.276464521885 -0.296925038099 -0.141683548689
    endloop
  endfacet
  facet normal 0.939821362495 0.323248267174 0.110663339496
    outer loop
      vertex 0.276496917009 -0.297254234552 -0.142103806138
      vertex 0.276667922735 -0.297320604324 -0.142623707652
      vertex 0.276704519987 -0.296177506447 -0.142338782549
    endloop
  endfacet
  facet normal 0.879347443581 0.454675644636 0.141485437751
    outer loop
      vertex 0.276704519987 -0.296177506447 -0.142338782549
      vertex 0.276667922735 -0.297320604324 -0.142623707652
      vertex 0.27696621418 -0.297054767609 -0.143117904663
    endloop
  endfacet
  facet normal 0.638088345528 0.194399237633 0.74501824379
    outer loop
      vertex 0.275828480721 -0.298011869192 -0.14221817255
      vertex 0.276358008385 -0.297677278519 -0.142674013972
      vertex 0.276003420353 -0.297776699066 -0.141891092062
    endloop
  endfacet
  facet normal -0.197418630123 0.420494109392 -0.885556638241
    outer loop
      vertex 0.276763111353 -0.297516286373 -0.142823413014
      vertex 0.276651024818 -0.29732966423 -0.143269076943
      vertex 0.276467978954 -0.297547012568 -0.14289727807
    endloop
  endfacet
  facet normal -0.0324346870184 0.392988115549 -0.91897135973
    outer loop
      vertex 0.277133613825 -0.297292888165 -0.143315240741
      vertex 0.276651024818 -0.29732966423 -0.143269076943
      vertex 0.276763111353 -0.297516286373 -0.142823413014
    endloop
  endfacet
  facet normal -0.0432752147317 0.305380225182 -0.951246619225
    outer loop
      vertex 0.277133613825 -0.297292888165 -0.143315240741
      vertex 0.276703745127 -0.297250717878 -0.143507510424
      vertex 0.276651024818 -0.29732966423 -0.143269076943
    endloop
  endfacet
  facet normal -0.00412034150213 0.223007813096 -0.974807977676
    outer loop
      vertex 0.276703745127 -0.297250717878 -0.143507510424
      vertex 0.277133613825 -0.297292888165 -0.143315240741
      vertex 0.277429163456 -0.297154307365 -0.143915534019
    endloop
  endfacet
  facet normal 0.245624393225 0.331240415573 -0.911015033722
    outer loop
      vertex 0.277133613825 -0.297292888165 -0.143315240741
      vertex 0.277790874243 -0.2975884974 -0.142989605665
      vertex 0.277429163456 -0.297154307365 -0.143915534019
    endloop
  endfacet
  facet normal 0.233829006553 0.351103812456 -0.906669795513
    outer loop
      vertex 0.277790874243 -0.2975884974 -0.142989605665
      vertex 0.277133613825 -0.297292888165 -0.143315240741
      vertex 0.27731731534 -0.297550678253 -0.142771884799
    endloop
  endfacet
  facet normal 0.0167714450508 0.423950880766 -0.905529916286
    outer loop
      vertex 0.27731731534 -0.297550678253 -0.142771884799
      vertex 0.277133613825 -0.297292888165 -0.143315240741
      vertex 0.276763111353 -0.297516286373 -0.142823413014
    endloop
  endfacet
  facet normal -0.0280998516828 0.182273715734 -0.982846200466
    outer loop
      vertex 0.276551187038 -0.297085464001 -0.144422098994
      vertex 0.276703745127 -0.297250717878 -0.143507510424
      vertex 0.277429163456 -0.297154307365 -0.143915534019
    endloop
  endfacet
  facet normal 0.963853418827 -0.193793177605 0.18284098804
    outer loop
      vertex 0.276835292578 -0.296231836081 -0.143814459443
      vertex 0.276703745127 -0.297250717878 -0.143507510424
      vertex 0.276551187038 -0.297085464001 -0.144422098994
    endloop
  endfacet
  facet normal -0.12401612848 0.341556191444 -0.931643366814
    outer loop
      vertex 0.277201741934 -0.296734035015 -0.145144477487
      vertex 0.276551187038 -0.297085464001 -0.144422098994
      vertex 0.277429163456 -0.297154307365 -0.143915534019
    endloop
  endfacet
  facet normal -0.268468886614 0.215037822723 -0.93897986412
    outer loop
      vertex 0.276551187038 -0.297085464001 -0.144422098994
      vertex 0.277201741934 -0.296734035015 -0.145144477487
      vertex 0.276377826929 -0.296897828579 -0.14545789361
    endloop
  endfacet
  facet normal -0.278118371964 0.245855256915 -0.928550124168
    outer loop
      vertex 0.276377826929 -0.296897828579 -0.14545789361
      vertex 0.277201741934 -0.296734035015 -0.145144477487
      vertex 0.276534229517 -0.296719998121 -0.14595259726
    endloop
  endfacet
  facet normal -0.320581138134 0.280515909195 -0.904731214046
    outer loop
      vertex 0.277136653662 -0.296398311853 -0.14630164206
      vertex 0.276534229517 -0.296719998121 -0.14595259726
      vertex 0.277201741934 -0.296734035015 -0.145144477487
    endloop
  endfacet
  facet normal -0.361923247576 0.211975604296 -0.907787382603
    outer loop
      vertex 0.276534229517 -0.296719998121 -0.14595259726
      vertex 0.277136653662 -0.296398311853 -0.14630164206
      vertex 0.276523470879 -0.296633422375 -0.146341696382
    endloop
  endfacet
  facet normal 0.265386104584 0.254848629236 -0.929850757122
    outer loop
      vertex 0.278376847506 -0.29667326808 -0.146589905024
      vertex 0.277136653662 -0.296398311853 -0.14630164206
      vertex 0.277201741934 -0.296734035015 -0.145144477487
    endloop
  endfacet
  facet normal 0.323423743248 -0.0287147760391 -0.945818424225
    outer loop
      vertex 0.27816298604 -0.296638548374 -0.147855266929
      vertex 0.278376847506 -0.29667326808 -0.146589905024
      vertex 0.279216647148 -0.296984583139 -0.147385463119
    endloop
  endfacet
  facet normal 0.394648551941 0.0577389784157 -0.917016208172
    outer loop
      vertex 0.279216647148 -0.296984583139 -0.147385463119
      vertex 0.278376847506 -0.29667326808 -0.146589905024
      vertex 0.27974447608 -0.297348558903 -0.145212545991
    endloop
  endfacet
  facet normal 0.382828086615 -0.193195089698 -0.903392672539
    outer loop
      vertex 0.27917316556 -0.297460138798 -0.14969535172
      vertex 0.27816298604 -0.296638548374 -0.147855266929
      vertex 0.279216647148 -0.296984583139 -0.147385463119
    endloop
  endfacet
  facet normal 0.434719234705 -0.157267048955 -0.886727809906
    outer loop
      vertex 0.27917316556 -0.297460138798 -0.14969535172
      vertex 0.278000533581 -0.296962529421 -0.150131061673
      vertex 0.27816298604 -0.296638548374 -0.147855266929
    endloop
  endfacet
  facet normal 0.481714367867 -0.414915114641 -0.771878659725
    outer loop
      vertex 0.278000533581 -0.296962529421 -0.150131061673
      vertex 0.27917316556 -0.297460138798 -0.14969535172
      vertex 0.278922587633 -0.29797488451 -0.150943875313
    endloop
  endfacet
  facet normal 0.574140548706 -0.407915145159 -0.709906935692
    outer loop
      vertex 0.278922587633 -0.29797488451 -0.150943875313
      vertex 0.27917316556 -0.297460138798 -0.14969535172
      vertex 0.280040055513 -0.298856854439 -0.150905936956
    endloop
  endfacet
  facet normal 0.559657454491 -0.460031419992 -0.689314603806
    outer loop
      vertex 0.280040055513 -0.298856854439 -0.150905936956
      vertex 0.279369741678 -0.29946064949 -0.152626156807
      vertex 0.278922587633 -0.29797488451 -0.150943875313
    endloop
  endfacet
  facet normal 0.571400642395 -0.452683120966 -0.684528529644
    outer loop
      vertex 0.278124034405 -0.29805034399 -0.152065947652
      vertex 0.278922587633 -0.29797488451 -0.150943875313
      vertex 0.279369741678 -0.29946064949 -0.152626156807
    endloop
  endfacet
  facet normal 0.423830777407 -0.357590377331 -0.83216381073
    outer loop
      vertex 0.278922587633 -0.29797488451 -0.150943875313
      vertex 0.278124034405 -0.29805034399 -0.152065947652
      vertex 0.27725481987 -0.297226816416 -0.15117970109
    endloop
  endfacet
  facet normal 0.143670812249 -0.594355523586 -0.791264951229
    outer loop
      vertex 0.278124034405 -0.29805034399 -0.152065947652
      vertex 0.276968866587 -0.297746539116 -0.151940733194
      vertex 0.27725481987 -0.297226816416 -0.15117970109
    endloop
  endfacet
  facet normal 0.1538066715 -0.55858618021 -0.815061330795
    outer loop
      vertex 0.278124034405 -0.29805034399 -0.152065947652
      vertex 0.276944041252 -0.29818752408 -0.15259103477
      vertex 0.276968866587 -0.297746539116 -0.151940733194
    endloop
  endfacet
  facet normal 0.202735215425 -0.647517561913 -0.734587907791
    outer loop
      vertex 0.278081715107 -0.298911273479 -0.153055906296
      vertex 0.276944041252 -0.29818752408 -0.15259103477
      vertex 0.278124034405 -0.29805034399 -0.152065947652
    endloop
  endfacet
  facet normal 0.138679817319 -0.719719409943 -0.680273413658
    outer loop
      vertex 0.276944041252 -0.29818752408 -0.15259103477
      vertex 0.278081715107 -0.298911273479 -0.153055906296
      vertex 0.277229577303 -0.29895734787 -0.153263643384
    endloop
  endfacet
  facet normal 0.122898608446 -0.667076528072 -0.734782218933
    outer loop
      vertex 0.277229577303 -0.29895734787 -0.153263643384
      vertex 0.278081715107 -0.298911273479 -0.153055906296
      vertex 0.277667611837 -0.300056368113 -0.15439350903
    endloop
  endfacet
  facet normal 0.43376287818 -0.659684062004 -0.61373180151
    outer loop
      vertex 0.278081715107 -0.298911273479 -0.153055906296
      vertex 0.278829097748 -0.299744844437 -0.153339967132
      vertex 0.277667611837 -0.300056368113 -0.15439350903
    endloop
  endfacet
  facet normal 0.474198639393 -0.611377418041 -0.633524537086
    outer loop
      vertex 0.279369741678 -0.29946064949 -0.152626156807
      vertex 0.278829097748 -0.299744844437 -0.153339967132
      vertex 0.278081715107 -0.298911273479 -0.153055906296
    endloop
  endfacet
  facet normal 0.617931365967 -0.646277785301 -0.447756499052
    outer loop
      vertex 0.280095845461 -0.301308751106 -0.153212293983
      vertex 0.278829097748 -0.299744844437 -0.153339967132
      vertex 0.279369741678 -0.29946064949 -0.152626156807
    endloop
  endfacet
  facet normal 0.605570912361 -0.665614843369 -0.436165988445
    outer loop
      vertex 0.278178542852 -0.301025539637 -0.154771074653
      vertex 0.278829097748 -0.299744844437 -0.153339967132
      vertex 0.280095845461 -0.301308751106 -0.153212293983
    endloop
  endfacet
  facet normal 0.488440185785 -0.694644451141 -0.528105378151
    outer loop
      vertex 0.278829097748 -0.299744844437 -0.153339967132
      vertex 0.278178542852 -0.301025539637 -0.154771074653
      vertex 0.277667611837 -0.300056368113 -0.15439350903
    endloop
  endfacet
  facet normal 0.428166002035 -0.74258941412 -0.515009582043
    outer loop
      vertex 0.276964098215 -0.300312548876 -0.154976814985
      vertex 0.277667611837 -0.300056368113 -0.15439350903
      vertex 0.278178542852 -0.301025539637 -0.154771074653
    endloop
  endfacet
  facet normal 0.144706249237 -0.538967251778 -0.829803824425
    outer loop
      vertex 0.276964098215 -0.300312548876 -0.154976814985
      vertex 0.276188194752 -0.299659997225 -0.154180452228
      vertex 0.277667611837 -0.300056368113 -0.15439350903
    endloop
  endfacet
  facet normal 0.125984206796 -0.552436351776 -0.823979437351
    outer loop
      vertex 0.276964098215 -0.300312548876 -0.154976814985
      vertex 0.275859922171 -0.299993604422 -0.154752910137
      vertex 0.276188194752 -0.299659997225 -0.154180452228
    endloop
  endfacet
  facet normal 0.0894550308585 -0.642697870731 -0.760879278183
    outer loop
      vertex 0.275710552931 -0.300444126129 -0.15530705452
      vertex 0.275859922171 -0.299993604422 -0.154752910137
      vertex 0.276964098215 -0.300312548876 -0.154976814985
    endloop
  endfacet
  facet normal -0.0754546746612 -0.61670178175 -0.783572256565
    outer loop
      vertex 0.275710552931 -0.300444126129 -0.15530705452
      vertex 0.27530258894 -0.30035752058 -0.155147105455
      vertex 0.275859922171 -0.299993604422 -0.154752910137
    endloop
  endfacet
  facet normal -0.116024404764 -0.685226798058 -0.719028890133
    outer loop
      vertex 0.275257766247 -0.300653278828 -0.155449867249
      vertex 0.27530258894 -0.30035752058 -0.155147105455
      vertex 0.275710552931 -0.300444126129 -0.15530705452
    endloop
  endfacet
  facet normal -0.0376289747655 -0.695440351963 -0.717597901821
    outer loop
      vertex 0.27530258894 -0.30035752058 -0.155147105455
      vertex 0.275257766247 -0.300653278828 -0.155449867249
      vertex 0.275019079447 -0.300570368767 -0.155351400375
    endloop
  endfacet
  facet normal -0.099159501493 -0.770529508591 -0.629644095898
    outer loop
      vertex 0.275257766247 -0.300653278828 -0.155449867249
      vertex 0.27484986186 -0.300769180059 -0.155492082238
      vertex 0.275019079447 -0.300570368767 -0.155351400375
    endloop
  endfacet
  facet normal -0.0759169310331 -0.820794165134 -0.566156864166
    outer loop
      vertex 0.275257766247 -0.300653278828 -0.155449867249
      vertex 0.275030612946 -0.301282167435 -0.155862644315
      vertex 0.27484986186 -0.300769180059 -0.155492082238
    endloop
  endfacet
  facet normal 0.0243464484811 -0.839769721031 -0.542396605015
    outer loop
      vertex 0.275030612946 -0.301282167435 -0.155862644315
      vertex 0.275257766247 -0.300653278828 -0.155449867249
      vertex 0.275533527136 -0.30103084445 -0.155685737729
    endloop
  endfacet
  facet normal 0.016889391467 -0.842397451401 -0.538591921329
    outer loop
      vertex 0.275533527136 -0.30103084445 -0.155685737729
      vertex 0.275257766247 -0.300653278828 -0.155449867249
      vertex 0.275710552931 -0.300444126129 -0.15530705452
    endloop
  endfacet
  facet normal 0.156355515122 -0.850696623325 -0.501864671707
    outer loop
      vertex 0.275710552931 -0.300444126129 -0.15530705452
      vertex 0.276709169149 -0.301219850779 -0.15558116138
      vertex 0.275533527136 -0.30103084445 -0.155685737729
    endloop
  endfacet
  facet normal 0.167825192213 -0.841574788094 -0.513406813145
    outer loop
      vertex 0.276709169149 -0.301219850779 -0.15558116138
      vertex 0.275710552931 -0.300444126129 -0.15530705452
      vertex 0.276964098215 -0.300312548876 -0.154976814985
    endloop
  endfacet
  facet normal 0.391088843346 -0.812894165516 -0.431569874287
    outer loop
      vertex 0.278178542852 -0.301025539637 -0.154771074653
      vertex 0.276709169149 -0.301219850779 -0.15558116138
      vertex 0.276964098215 -0.300312548876 -0.154976814985
    endloop
  endfacet
  facet normal 0.164870992303 -0.792664051056 -0.586942315102
    outer loop
      vertex 0.276709169149 -0.301219850779 -0.15558116138
      vertex 0.275984495878 -0.301535338163 -0.155965492129
      vertex 0.275533527136 -0.30103084445 -0.155685737729
    endloop
  endfacet
  facet normal 0.0441860966384 -0.856406867504 -0.514407336712
    outer loop
      vertex 0.275984495878 -0.301535338163 -0.155965492129
      vertex 0.275030612946 -0.301282167435 -0.155862644315
      vertex 0.275533527136 -0.30103084445 -0.155685737729
    endloop
  endfacet
  facet normal 0.0132004618645 -0.908054828644 -0.41864323616
    outer loop
      vertex 0.275405526161 -0.302105486393 -0.156236767769
      vertex 0.275030612946 -0.301282167435 -0.155862644315
      vertex 0.275984495878 -0.301535338163 -0.155965492129
    endloop
  endfacet
  facet normal -0.0199276134372 -0.913617789745 -0.406085431576
    outer loop
      vertex 0.275405526161 -0.302105486393 -0.156236767769
      vertex 0.27431589365 -0.301728963852 -0.156045645475
      vertex 0.275030612946 -0.301282167435 -0.155862644315
    endloop
  endfacet
  facet normal -0.0956144556403 -0.858139336109 -0.504435122013
    outer loop
      vertex 0.27431589365 -0.301728963852 -0.156045645475
      vertex 0.274483799934 -0.30122512579 -0.155768185854
      vertex 0.275030612946 -0.301282167435 -0.155862644315
    endloop
  endfacet
  facet normal -0.182523548603 -0.834275901318 -0.520258486271
    outer loop
      vertex 0.274483799934 -0.30122512579 -0.155768185854
      vertex 0.27431589365 -0.301728963852 -0.156045645475
      vertex 0.274059712887 -0.301332831383 -0.155742570758
    endloop
  endfacet
  facet normal -0.215873345733 -0.837840676308 -0.501419663429
    outer loop
      vertex 0.273874342442 -0.30157199502 -0.15583793819
      vertex 0.274059712887 -0.301332831383 -0.155742570758
      vertex 0.27431589365 -0.301728963852 -0.156045645475
    endloop
  endfacet
  facet normal 0.793029010296 -0.408702939749 0.451737642288
    outer loop
      vertex 0.273904383183 -0.301276803017 -0.156105875969
      vertex 0.274059712887 -0.301332831383 -0.155742570758
      vertex 0.273874342442 -0.30157199502 -0.15583793819
    endloop
  endfacet
  facet normal 0.804287195206 -0.410161882639 0.429987609386
    outer loop
      vertex 0.274059712887 -0.301332831383 -0.155742570758
      vertex 0.273904383183 -0.301276803017 -0.156105875969
      vertex 0.274113953114 -0.301096469164 -0.155884042382
    endloop
  endfacet
  facet normal 0.801999270916 -0.389181137085 0.453139305115
    outer loop
      vertex 0.273904383183 -0.301276803017 -0.156105875969
      vertex 0.274056881666 -0.30082899332 -0.156313046813
      vertex 0.274113953114 -0.301096469164 -0.155884042382
    endloop
  endfacet
  facet normal 0.786225557327 -0.413635343313 0.459080815315
    outer loop
      vertex 0.274056881666 -0.30082899332 -0.156313046813
      vertex 0.273904383183 -0.301276803017 -0.156105875969
      vertex 0.273799270391 -0.30109256506 -0.156510204077
    endloop
  endfacet
  facet normal 0.808181762695 -0.404990583658 0.427580237389
    outer loop
      vertex 0.273904383183 -0.301276803017 -0.156105875969
      vertex 0.273738086224 -0.301455914974 -0.156248643994
      vertex 0.273799270391 -0.30109256506 -0.156510204077
    endloop
  endfacet
  facet normal 0.808748543262 -0.392166256905 0.438327968121
    outer loop
      vertex 0.273874342442 -0.30157199502 -0.15583793819
      vertex 0.273738086224 -0.301455914974 -0.156248643994
      vertex 0.273904383183 -0.301276803017 -0.156105875969
    endloop
  endfacet
  facet normal 0.79606962204 -0.393929690123 0.459448099136
    outer loop
      vertex 0.273874342442 -0.30157199502 -0.15583793819
      vertex 0.273503929377 -0.302050083876 -0.156028851867
      vertex 0.273738086224 -0.301455914974 -0.156248643994
    endloop
  endfacet
  facet normal -0.25447332859 -0.813964545727 -0.522211670876
    outer loop
      vertex 0.273874342442 -0.30157199502 -0.15583793819
      vertex 0.273842513561 -0.302014678717 -0.156112000346
      vertex 0.273503929377 -0.302050083876 -0.156028851867
    endloop
  endfacet
  facet normal -0.201668009162 -0.826224088669 -0.526007354259
    outer loop
      vertex 0.273842513561 -0.302014678717 -0.156112000346
      vertex 0.273874342442 -0.30157199502 -0.15583793819
      vertex 0.27431589365 -0.301728963852 -0.156045645475
    endloop
  endfacet
  facet normal -0.25144854188 -0.78000497818 -0.573032200336
    outer loop
      vertex 0.273842513561 -0.302014678717 -0.156112000346
      vertex 0.273596018553 -0.302437484264 -0.156343147159
      vertex 0.273503929377 -0.302050083876 -0.156028851867
    endloop
  endfacet
  facet normal -0.243548989296 -0.780708611012 -0.575480639935
    outer loop
      vertex 0.273596018553 -0.302437484264 -0.156343147159
      vertex 0.273197382689 -0.302202254534 -0.156045392156
      vertex 0.273503929377 -0.302050083876 -0.156028851867
    endloop
  endfacet
  facet normal -0.047131344676 -0.657308518887 -0.752146363258
    outer loop
      vertex 0.273091763258 -0.302614510059 -0.156509563327
      vertex 0.273197382689 -0.302202254534 -0.156045392156
      vertex 0.273596018553 -0.302437484264 -0.156343147159
    endloop
  endfacet
  facet normal 0.0117318136618 -0.665507078171 -0.74629932642
    outer loop
      vertex 0.272867500782 -0.302295327187 -0.156155586243
      vertex 0.273197382689 -0.302202254534 -0.156045392156
      vertex 0.273091763258 -0.302614510059 -0.156509563327
    endloop
  endfacet
  facet normal 0.392322540283 -0.55475372076 0.733710646629
    outer loop
      vertex 0.272968053818 -0.301978707314 -0.156503230333
      vertex 0.273197382689 -0.302202254534 -0.156045392156
      vertex 0.272867500782 -0.302295327187 -0.156155586243
    endloop
  endfacet
  facet normal 0.393142700195 -0.554897129536 0.733162999153
    outer loop
      vertex 0.273197382689 -0.302202254534 -0.156045392156
      vertex 0.272968053818 -0.301978707314 -0.156503230333
      vertex 0.273315727711 -0.301921099424 -0.156333014369
    endloop
  endfacet
  facet normal 0.393393576145 -0.555647552013 0.732459783554
    outer loop
      vertex 0.272968053818 -0.301978707314 -0.156503230333
      vertex 0.27328068018 -0.301715791225 -0.156628474593
      vertex 0.273315727711 -0.301921099424 -0.156333014369
    endloop
  endfacet
  facet normal 0.402186602354 -0.543217360973 0.736994504929
    outer loop
      vertex 0.272841274738 -0.301548540592 -0.157180711627
      vertex 0.27328068018 -0.301715791225 -0.156628474593
      vertex 0.272968053818 -0.301978707314 -0.156503230333
    endloop
  endfacet
  facet normal 0.622905135155 -0.63430416584 0.457872748375
    outer loop
      vertex 0.27328068018 -0.301715791225 -0.156628474593
      vertex 0.272841274738 -0.301548540592 -0.157180711627
      vertex 0.273350715637 -0.301138907671 -0.156976118684
    endloop
  endfacet
  facet normal 0.639922142029 -0.576776206493 0.507768511772
    outer loop
      vertex 0.272841274738 -0.301548540592 -0.157180711627
      vertex 0.273223608732 -0.300666332245 -0.157533153892
      vertex 0.273350715637 -0.301138907671 -0.156976118684
    endloop
  endfacet
  facet normal 0.639919698238 -0.576777279377 0.507770359516
    outer loop
      vertex 0.273350715637 -0.301138907671 -0.156976118684
      vertex 0.273223608732 -0.300666332245 -0.157533153892
      vertex 0.273860156536 -0.30072927475 -0.156771525741
    endloop
  endfacet
  facet normal 0.584247291088 -0.538467109203 0.607213497162
    outer loop
      vertex 0.273860156536 -0.30072927475 -0.156771525741
      vertex 0.273223608732 -0.300666332245 -0.157533153892
      vertex 0.273898273706 -0.30016207695 -0.157369762659
    endloop
  endfacet
  facet normal 0.422021239996 -0.860336363316 0.285866141319
    outer loop
      vertex 0.273237138987 -0.299630880356 -0.157870575786
      vertex 0.273898273706 -0.30016207695 -0.157369762659
      vertex 0.273223608732 -0.300666332245 -0.157533153892
    endloop
  endfacet
  facet normal 0.541893422604 -0.833087444305 0.110981211066
    outer loop
      vertex 0.273237138987 -0.299630880356 -0.157870575786
      vertex 0.274164050817 -0.299598604441 -0.157271966338
      vertex 0.273898273706 -0.30016207695 -0.157369762659
    endloop
  endfacet
  facet normal 0.539027750492 -0.838776648045 -0.0768300965428
    outer loop
      vertex 0.273670464754 -0.298552811146 -0.157493367791
      vertex 0.274164050817 -0.299598604441 -0.157271966338
      vertex 0.273237138987 -0.299630880356 -0.157870575786
    endloop
  endfacet
  facet normal 0.684191465378 -0.708504974842 -0.172924175858
    outer loop
      vertex 0.274164050817 -0.299598604441 -0.157271966338
      vertex 0.273670464754 -0.298552811146 -0.157493367791
      vertex 0.274382144213 -0.298911035061 -0.156893536448
    endloop
  endfacet
  facet normal 0.661277294159 -0.747576892376 -0.0619766265154
    outer loop
      vertex 0.274382144213 -0.298911035061 -0.156893536448
      vertex 0.273670464754 -0.298552811146 -0.157493367791
      vertex 0.274552553892 -0.297683209181 -0.156640991569
    endloop
  endfacet
  facet normal 0.513468146324 -0.812623202801 -0.27566999197
    outer loop
      vertex 0.273670464754 -0.298552811146 -0.157493367791
      vertex 0.273303091526 -0.296986341476 -0.157194077969
      vertex 0.274552553892 -0.297683209181 -0.156640991569
    endloop
  endfacet
  facet normal 0.421370893717 -0.867445588112 -0.264546275139
    outer loop
      vertex 0.273670464754 -0.298552811146 -0.157493367791
      vertex 0.272630095482 -0.298037409782 -0.157841563225
      vertex 0.273303091526 -0.296986341476 -0.157194077969
    endloop
  endfacet
  facet normal 0.384865045547 -0.908436059952 -0.16316485405
    outer loop
      vertex 0.273237138987 -0.299630880356 -0.157870575786
      vertex 0.272630095482 -0.298037409782 -0.157841563225
      vertex 0.273670464754 -0.298552811146 -0.157493367791
    endloop
  endfacet
  facet normal 0.224597990513 -0.968970358372 -0.103209614754
    outer loop
      vertex 0.272630095482 -0.298037409782 -0.157841563225
      vertex 0.273237138987 -0.299630880356 -0.157870575786
      vertex 0.271797031164 -0.299857974052 -0.158228561282
    endloop
  endfacet
  facet normal 0.274502784014 -0.913206934929 0.301166504622
    outer loop
      vertex 0.273237138987 -0.299630880356 -0.157870575786
      vertex 0.273223608732 -0.300666332245 -0.157533153892
      vertex 0.271797031164 -0.299857974052 -0.158228561282
    endloop
  endfacet
  facet normal 0.270223915577 -0.959442436695 -0.0803070440888
    outer loop
      vertex 0.272630095482 -0.298037409782 -0.157841563225
      vertex 0.271797031164 -0.299857974052 -0.158228561282
      vertex 0.269843667746 -0.298583447933 -0.158672049642
    endloop
  endfacet
  facet normal 0.184981808066 -0.981037735939 0.0578507892787
    outer loop
      vertex 0.269843667746 -0.298583447933 -0.158672049642
      vertex 0.271797031164 -0.299857974052 -0.158228561282
      vertex 0.27082529664 -0.300672918558 -0.158363729715
    endloop
  endfacet
  facet normal 0.152773141861 -0.985513627529 0.0736427009106
    outer loop
      vertex 0.269843667746 -0.298583447933 -0.158672049642
      vertex 0.27082529664 -0.300672918558 -0.158363729715
      vertex 0.268967658281 -0.300341844559 -0.158676445484
    endloop
  endfacet
  facet normal 0.123452462256 -0.967414140701 0.221064075828
    outer loop
      vertex 0.269871920347 -0.301986068487 -0.158185333014
      vertex 0.268967658281 -0.300341844559 -0.158676445484
      vertex 0.27082529664 -0.300672918558 -0.158363729715
    endloop
  endfacet
  facet normal 0.0301677882671 -0.962163448334 0.270797789097
    outer loop
      vertex 0.268512457609 -0.302151381969 -0.158181428909
      vertex 0.268967658281 -0.300341844559 -0.158676445484
      vertex 0.269871920347 -0.301986068487 -0.158185333014
    endloop
  endfacet
  facet normal 0.235830619931 -0.94371932745 -0.231900364161
    outer loop
      vertex 0.271011799574 -0.296365231276 -0.157835051417
      vertex 0.272630095482 -0.298037409782 -0.157841563225
      vertex 0.269843667746 -0.298583447933 -0.158672049642
    endloop
  endfacet
  facet normal 0.335996389389 -0.882682800293 -0.328599393368
    outer loop
      vertex 0.273303091526 -0.296986341476 -0.157194077969
      vertex 0.272630095482 -0.298037409782 -0.157841563225
      vertex 0.271011799574 -0.296365231276 -0.157835051417
    endloop
  endfacet
  facet normal 0.360538423061 -0.745060384274 -0.561156928539
    outer loop
      vertex 0.271976262331 -0.295249849558 -0.156528279185
      vertex 0.273303091526 -0.296986341476 -0.157194077969
      vertex 0.271011799574 -0.296365231276 -0.157835051417
    endloop
  endfacet
  facet normal 0.514749825001 -0.591876387596 -0.62025398016
    outer loop
      vertex 0.273303091526 -0.296986341476 -0.157194077969
      vertex 0.271976262331 -0.295249849558 -0.156528279185
      vertex 0.274390667677 -0.296531796455 -0.155771911144
    endloop
  endfacet
  facet normal 0.522100448608 -0.517273426056 -0.678114533424
    outer loop
      vertex 0.271976262331 -0.295249849558 -0.156528279185
      vertex 0.273421883583 -0.294552415609 -0.154154852033
      vertex 0.274390667677 -0.296531796455 -0.155771911144
    endloop
  endfacet
  facet normal 0.449041992426 -0.492568820715 -0.745477855206
    outer loop
      vertex 0.273421883583 -0.294552415609 -0.154154852033
      vertex 0.271976262331 -0.295249849558 -0.156528279185
      vertex 0.271918863058 -0.293660968542 -0.154175922275
    endloop
  endfacet
  facet normal 0.461858987808 -0.488682031631 -0.740186572075
    outer loop
      vertex 0.271918863058 -0.293660968542 -0.154175922275
      vertex 0.271976262331 -0.295249849558 -0.156528279185
      vertex 0.270271658897 -0.294557183981 -0.15709015727
    endloop
  endfacet
  facet normal 0.446146190166 -0.748296022415 -0.490924239159
    outer loop
      vertex 0.271976262331 -0.295249849558 -0.156528279185
      vertex 0.271011799574 -0.296365231276 -0.157835051417
      vertex 0.270271658897 -0.294557183981 -0.15709015727
    endloop
  endfacet
  facet normal 0.289623439312 -0.837395906448 -0.463558405638
    outer loop
      vertex 0.270271658897 -0.294557183981 -0.15709015727
      vertex 0.271011799574 -0.296365231276 -0.157835051417
      vertex 0.268166333437 -0.295530825853 -0.158357292414
    endloop
  endfacet
  facet normal 0.240356609225 -0.943206965923 -0.229323625565
    outer loop
      vertex 0.271011799574 -0.296365231276 -0.157835051417
      vertex 0.269843667746 -0.298583447933 -0.158672049642
      vertex 0.268166333437 -0.295530825853 -0.158357292414
    endloop
  endfacet
  facet normal 0.490087389946 -0.297619342804 -0.819290578365
    outer loop
      vertex 0.273919165134 -0.294007360935 -0.1518355757
      vertex 0.273421883583 -0.294552415609 -0.154154852033
      vertex 0.271918863058 -0.293660968542 -0.154175922275
    endloop
  endfacet
  facet normal 0.634589493275 -0.303133100271 -0.710919499397
    outer loop
      vertex 0.273421883583 -0.294552415609 -0.154154852033
      vertex 0.273919165134 -0.294007360935 -0.1518355757
      vertex 0.274884879589 -0.295106470585 -0.152391597629
    endloop
  endfacet
  facet normal 0.645603835583 -0.281770050526 -0.709789633751
    outer loop
      vertex 0.273919165134 -0.294007360935 -0.1518355757
      vertex 0.275325864553 -0.294781565666 -0.150562733412
      vertex 0.274884879589 -0.295106470585 -0.152391597629
    endloop
  endfacet
  facet normal 0.670330107212 -0.283468067646 -0.685786724091
    outer loop
      vertex 0.275823265314 -0.295583873987 -0.151327520609
      vertex 0.274884879589 -0.295106470585 -0.152391597629
      vertex 0.275325864553 -0.294781565666 -0.150562733412
    endloop
  endfacet
  facet normal 0.778798997402 -0.560075998306 -0.282465964556
    outer loop
      vertex 0.274884879589 -0.295106470585 -0.152391597629
      vertex 0.275823265314 -0.295583873987 -0.151327520609
      vertex 0.275766700506 -0.296568840742 -0.15190294385
    endloop
  endfacet
  facet normal 0.972334265709 -0.22167660296 -0.0736581534147
    outer loop
      vertex 0.275823265314 -0.295583873987 -0.151327520609
      vertex 0.275959610939 -0.296456307173 -0.151019349694
      vertex 0.275766700506 -0.296568840742 -0.15190294385
    endloop
  endfacet
  facet normal 0.986483037472 -0.119722530246 -0.111882425845
    outer loop
      vertex 0.275823265314 -0.295583873987 -0.151327520609
      vertex 0.275979012251 -0.296060174704 -0.150489345193
      vertex 0.275959610939 -0.296456307173 -0.151019349694
    endloop
  endfacet
  facet normal 0.971199631691 0.118818432093 0.206527158618
    outer loop
      vertex 0.275979012251 -0.296060174704 -0.150489345193
      vertex 0.275801926851 -0.29681968689 -0.150362193584
      vertex 0.275959610939 -0.296456307173 -0.151019349694
    endloop
  endfacet
  facet normal 0.96407353878 0.180960386992 0.194462254643
    outer loop
      vertex 0.275801926851 -0.29681968689 -0.150362193584
      vertex 0.275979012251 -0.296060174704 -0.150489345193
      vertex 0.275772035122 -0.296641677618 -0.150011539459
    endloop
  endfacet
  facet normal 0.855177521706 -0.207575455308 0.474956661463
    outer loop
      vertex 0.275979012251 -0.296060174704 -0.150489345193
      vertex 0.276198595762 -0.296212345362 -0.149236485362
      vertex 0.275772035122 -0.296641677618 -0.150011539459
    endloop
  endfacet
  facet normal -0.0559014007449 -0.460089504719 -0.886110961437
    outer loop
      vertex 0.275772035122 -0.296641677618 -0.150011539459
      vertex 0.276198595762 -0.296212345362 -0.149236485362
      vertex 0.276404380798 -0.29647192359 -0.149761423469
    endloop
  endfacet
  facet normal 0.155950576067 -0.388040274382 -0.908352434635
    outer loop
      vertex 0.276198595762 -0.296212345362 -0.149236485362
      vertex 0.277169138193 -0.296259939671 -0.148957848549
      vertex 0.276404380798 -0.29647192359 -0.149761423469
    endloop
  endfacet
  facet normal -0.0416456311941 0.307439267635 -0.950655937195
    outer loop
      vertex 0.276198595762 -0.296212345362 -0.149236485362
      vertex 0.27628916502 -0.296492964029 -0.148356497288
      vertex 0.277169138193 -0.296259939671 -0.148957848549
    endloop
  endfacet
  facet normal 0.986938774586 -0.053085681051 -0.152097865939
    outer loop
      vertex 0.276179671288 -0.29581952095 -0.148462876678
      vertex 0.27628916502 -0.296492964029 -0.148356497288
      vertex 0.276198595762 -0.296212345362 -0.149236485362
    endloop
  endfacet
  facet normal 0.854907929897 -0.515575289726 -0.0575719512999
    outer loop
      vertex 0.27628916502 -0.296492964029 -0.148356497288
      vertex 0.276179671288 -0.29581952095 -0.148462876678
      vertex 0.276589184999 -0.296105384827 -0.147815734148
    endloop
  endfacet
  facet normal 0.875354468822 -0.158208236098 0.456863939762
    outer loop
      vertex 0.276292353868 -0.29662925005 -0.147945314646
      vertex 0.27628916502 -0.296492964029 -0.148356497288
      vertex 0.276589184999 -0.296105384827 -0.147815734148
    endloop
  endfacet
  facet normal -0.263428062201 0.305345207453 -0.915079236031
    outer loop
      vertex 0.276292353868 -0.29662925005 -0.147945314646
      vertex 0.276885211468 -0.296376407146 -0.148191586137
      vertex 0.27628916502 -0.296492964029 -0.148356497288
    endloop
  endfacet
  facet normal -0.210154742002 0.0703472197056 -0.975133955479
    outer loop
      vertex 0.277169138193 -0.296259939671 -0.148957848549
      vertex 0.27628916502 -0.296492964029 -0.148356497288
      vertex 0.276885211468 -0.296376407146 -0.148191586137
    endloop
  endfacet
  facet normal 0.145753324032 0.201233685017 -0.968638718128
    outer loop
      vertex 0.276885211468 -0.296376407146 -0.148191586137
      vertex 0.27816298604 -0.296638548374 -0.147855266929
      vertex 0.277169138193 -0.296259939671 -0.148957848549
    endloop
  endfacet
  facet normal 0.498832881451 -0.156952410936 -0.852368295193
    outer loop
      vertex 0.27816298604 -0.296638548374 -0.147855266929
      vertex 0.278000533581 -0.296962529421 -0.150131061673
      vertex 0.277169138193 -0.296259939671 -0.148957848549
    endloop
  endfacet
  facet normal 0.360666006804 -0.277647435665 -0.89041107893
    outer loop
      vertex 0.278000533581 -0.296962529421 -0.150131061673
      vertex 0.277128010988 -0.296608835459 -0.150130167603
      vertex 0.277169138193 -0.296259939671 -0.148957848549
    endloop
  endfacet
  facet normal 0.335565686226 -0.447534203529 -0.828920245171
    outer loop
      vertex 0.278000533581 -0.296962529421 -0.150131061673
      vertex 0.27725481987 -0.297226816416 -0.15117970109
      vertex 0.277128010988 -0.296608835459 -0.150130167603
    endloop
  endfacet
  facet normal 0.413748025894 -0.487927109003 -0.768595933914
    outer loop
      vertex 0.27725481987 -0.297226816416 -0.15117970109
      vertex 0.278000533581 -0.296962529421 -0.150131061673
      vertex 0.278922587633 -0.29797488451 -0.150943875313
    endloop
  endfacet
  facet normal -0.00724105257541 -0.508025705814 -0.861311435699
    outer loop
      vertex 0.277128010988 -0.296608835459 -0.150130167603
      vertex 0.27725481987 -0.297226816416 -0.15117970109
      vertex 0.276586264372 -0.297077178955 -0.150916472077
    endloop
  endfacet
  facet normal -0.0369544364512 -0.563150882721 -0.825527369976
    outer loop
      vertex 0.276586264372 -0.297077178955 -0.150916472077
      vertex 0.27725481987 -0.297226816416 -0.15117970109
      vertex 0.27634871006 -0.297594457865 -0.151659175754
    endloop
  endfacet
  facet normal -0.0461269430816 -0.55147922039 -0.832912325859
    outer loop
      vertex 0.27634871006 -0.297594457865 -0.151659175754
      vertex 0.27725481987 -0.297226816416 -0.15117970109
      vertex 0.276968866587 -0.297746539116 -0.151940733194
    endloop
  endfacet
  facet normal -0.0406286083162 -0.54264575243 -0.838978469372
    outer loop
      vertex 0.27634871006 -0.297594457865 -0.151659175754
      vertex 0.276968866587 -0.297746539116 -0.151940733194
      vertex 0.27656686306 -0.297951251268 -0.152227133512
    endloop
  endfacet
  facet normal -0.0222125165164 -0.560529947281 -0.827836215496
    outer loop
      vertex 0.276968866587 -0.297746539116 -0.151940733194
      vertex 0.276944041252 -0.29818752408 -0.15259103477
      vertex 0.27656686306 -0.297951251268 -0.152227133512
    endloop
  endfacet
  facet normal -0.159195736051 -0.648387074471 -0.744480252266
    outer loop
      vertex 0.276944041252 -0.29818752408 -0.15259103477
      vertex 0.276562601328 -0.298207372427 -0.152520164847
      vertex 0.27656686306 -0.297951251268 -0.152227133512
    endloop
  endfacet
  facet normal -0.169053018093 -0.722069561481 -0.670847654343
    outer loop
      vertex 0.276637494564 -0.29868042469 -0.152977198362
      vertex 0.276562601328 -0.298207372427 -0.152520164847
      vertex 0.276944041252 -0.29818752408 -0.15259103477
    endloop
  endfacet
  facet normal -0.086863771081 -0.72329801321 -0.685050845146
    outer loop
      vertex 0.276277661324 -0.298355519772 -0.152626261115
      vertex 0.276562601328 -0.298207372427 -0.152520164847
      vertex 0.276637494564 -0.29868042469 -0.152977198362
    endloop
  endfacet
  facet normal -0.0861032232642 -0.724177062511 -0.684217691422
    outer loop
      vertex 0.276163309813 -0.298204541206 -0.15247002244
      vertex 0.276562601328 -0.298207372427 -0.152520164847
      vertex 0.276277661324 -0.298355519772 -0.152626261115
    endloop
  endfacet
  facet normal -0.0770030915737 -0.655507087708 -0.751252949238
    outer loop
      vertex 0.276562601328 -0.298207372427 -0.152520164847
      vertex 0.276163309813 -0.298204541206 -0.15247002244
      vertex 0.27656686306 -0.297951251268 -0.152227133512
    endloop
  endfacet
  facet normal -0.170825019479 -0.560932815075 -0.810045182705
    outer loop
      vertex 0.276163309813 -0.298204541206 -0.15247002244
      vertex 0.275957405567 -0.297984212637 -0.152089133859
      vertex 0.27656686306 -0.297951251268 -0.152227133512
    endloop
  endfacet
  facet normal 0.887560665607 0.259755730629 -0.380477398634
    outer loop
      vertex 0.276029527187 -0.297822892666 -0.152571886778
      vertex 0.275957405567 -0.297984212637 -0.152089133859
      vertex 0.276163309813 -0.298204541206 -0.15247002244
    endloop
  endfacet
  facet normal 0.954395055771 0.212629154325 -0.209568306804
    outer loop
      vertex 0.275957405567 -0.297984212637 -0.152089133859
      vertex 0.276029527187 -0.297822892666 -0.152571886778
      vertex 0.275917202234 -0.297631025314 -0.152256816626
    endloop
  endfacet
  facet normal 0.927675247192 0.114244036376 -0.355481296778
    outer loop
      vertex 0.275917202234 -0.297631025314 -0.152256816626
      vertex 0.276029527187 -0.297822892666 -0.152571886778
      vertex 0.275895684958 -0.297441005707 -0.152673438191
    endloop
  endfacet
  facet normal 0.931667745113 0.0929537340999 -0.351218998432
    outer loop
      vertex 0.276029527187 -0.297822892666 -0.152571886778
      vertex 0.276030659676 -0.297698616982 -0.153052955866
      vertex 0.275895684958 -0.297441005707 -0.152673438191
    endloop
  endfacet
  facet normal 0.946136891842 0.0830951631069 -0.31292206049
    outer loop
      vertex 0.276030659676 -0.297698616982 -0.153052955866
      vertex 0.276029527187 -0.297822892666 -0.152571886778
      vertex 0.276155054569 -0.298134952784 -0.152825891972
    endloop
  endfacet
  facet normal 0.938941419125 0.0448752231896 -0.341138064861
    outer loop
      vertex 0.276029527187 -0.297822892666 -0.152571886778
      vertex 0.276163309813 -0.298204541206 -0.15247002244
      vertex 0.276155054569 -0.298134952784 -0.152825891972
    endloop
  endfacet
  facet normal 0.835323631763 0.0867326036096 -0.542873740196
    outer loop
      vertex 0.276163309813 -0.298204541206 -0.15247002244
      vertex 0.276277661324 -0.298355519772 -0.152626261115
      vertex 0.276155054569 -0.298134952784 -0.152825891972
    endloop
  endfacet
  facet normal 0.911825180054 -0.374760776758 -0.167717501521
    outer loop
      vertex 0.276277661324 -0.298355519772 -0.152626261115
      vertex 0.27616289258 -0.298392832279 -0.152922168374
      vertex 0.276155054569 -0.298134952784 -0.152825891972
    endloop
  endfacet
  facet normal 0.924993038177 -0.336449474096 0.176605939865
    outer loop
      vertex 0.27613773942 -0.298654586077 -0.152853921056
      vertex 0.27616289258 -0.298392832279 -0.152922168374
      vertex 0.276277661324 -0.298355519772 -0.152626261115
    endloop
  endfacet
  facet normal 0.99398624897 0.0801365375519 0.0746292844415
    outer loop
      vertex 0.276155382395 -0.298622816801 -0.153043150902
      vertex 0.27616289258 -0.298392832279 -0.152922168374
      vertex 0.27613773942 -0.298654586077 -0.152853921056
    endloop
  endfacet
  facet normal 0.995633602142 0.0651850327849 0.0668182447553
    outer loop
      vertex 0.276187360287 -0.298425674438 -0.153329476714
      vertex 0.27616289258 -0.298392832279 -0.152922168374
      vertex 0.276155382395 -0.298622816801 -0.153043150902
    endloop
  endfacet
  facet normal 0.997544765472 0.0565850585699 -0.0412627607584
    outer loop
      vertex 0.27616289258 -0.298392832279 -0.152922168374
      vertex 0.276187360287 -0.298425674438 -0.153329476714
      vertex 0.276160299778 -0.298045754433 -0.153129205108
    endloop
  endfacet
  facet normal 0.998008787632 0.0332794114947 -0.053580917418
    outer loop
      vertex 0.276160299778 -0.298045754433 -0.153129205108
      vertex 0.276187360287 -0.298425674438 -0.153329476714
      vertex 0.276165604591 -0.297956287861 -0.153432235122
    endloop
  endfacet
  facet normal 0.998655438423 -0.034379735589 -0.0387990996242
    outer loop
      vertex 0.276165604591 -0.297956287861 -0.153432235122
      vertex 0.276187360287 -0.298425674438 -0.153329476714
      vertex 0.276170372963 -0.2983481884 -0.153735697269
    endloop
  endfacet
  facet normal 0.998343467712 -0.0478591620922 0.0319349989295
    outer loop
      vertex 0.276170372963 -0.2983481884 -0.153735697269
      vertex 0.276187360287 -0.298425674438 -0.153329476714
      vertex 0.276168316603 -0.298714131117 -0.153534546494
    endloop
  endfacet
  facet normal 0.923868715763 0.280448228121 0.260413974524
    outer loop
      vertex 0.276168316603 -0.298714131117 -0.153534546494
      vertex 0.276187360287 -0.298425674438 -0.153329476714
      vertex 0.276032865047 -0.298890352249 -0.153252005577
    endloop
  endfacet
  facet normal 0.935249149799 -0.123869918287 0.331610053778
    outer loop
      vertex 0.276032865047 -0.298890352249 -0.153252005577
      vertex 0.276187360287 -0.298425674438 -0.153329476714
      vertex 0.276155382395 -0.298622816801 -0.153043150902
    endloop
  endfacet
  facet normal 0.901160776615 0.0256513860077 0.432725340128
    outer loop
      vertex 0.275997757912 -0.298953384161 -0.153081536293
      vertex 0.276032865047 -0.298890352249 -0.153252005577
      vertex 0.276155382395 -0.298622816801 -0.153043150902
    endloop
  endfacet
  facet normal 0.788432002068 -0.0637908726931 0.611805319786
    outer loop
      vertex 0.276032865047 -0.298890352249 -0.153252005577
      vertex 0.275997757912 -0.298953384161 -0.153081536293
      vertex 0.275939196348 -0.299023836851 -0.15312948823
    endloop
  endfacet
  facet normal -0.251390248537 -0.690152645111 -0.678595781326
    outer loop
      vertex 0.276086360216 -0.299043416977 -0.153202340007
      vertex 0.275939196348 -0.299023836851 -0.15312948823
      vertex 0.275997757912 -0.298953384161 -0.153081536293
    endloop
  endfacet
  facet normal -0.105777740479 -0.451745778322 -0.88585370779
    outer loop
      vertex 0.275869309902 -0.299141973257 -0.153344780207
      vertex 0.275939196348 -0.299023836851 -0.15312948823
      vertex 0.276086360216 -0.299043416977 -0.153202340007
    endloop
  endfacet
  facet normal 0.832285225391 0.0334363058209 0.553338289261
    outer loop
      vertex 0.275869309902 -0.299141973257 -0.153344780207
      vertex 0.276032865047 -0.298890352249 -0.153252005577
      vertex 0.275939196348 -0.299023836851 -0.15312948823
    endloop
  endfacet
  facet normal 0.820728003979 0.0852357596159 0.564925134182
    outer loop
      vertex 0.275869309902 -0.299141973257 -0.153344780207
      vertex 0.275992542505 -0.298981457949 -0.15346750617
      vertex 0.276032865047 -0.298890352249 -0.153252005577
    endloop
  endfacet
  facet normal 0.811732590199 0.0545587614179 0.581475317478
    outer loop
      vertex 0.275799393654 -0.299259781837 -0.15356002748
      vertex 0.275992542505 -0.298981457949 -0.15346750617
      vertex 0.275869309902 -0.299141973257 -0.153344780207
    endloop
  endfacet
  facet normal 0.817654788494 0.0234122667462 0.575232505798
    outer loop
      vertex 0.275992542505 -0.298981457949 -0.15346750617
      vertex 0.275799393654 -0.299259781837 -0.15356002748
      vertex 0.27605715394 -0.298907667398 -0.153910845518
    endloop
  endfacet
  facet normal 0.825026154518 0.0404593013227 0.56364428997
    outer loop
      vertex 0.27605715394 -0.298907667398 -0.153910845518
      vertex 0.275799393654 -0.299259781837 -0.15356002748
      vertex 0.275659322739 -0.299495726824 -0.153990611434
    endloop
  endfacet
  facet normal 0.00573729211465 -0.48197299242 -0.876167297363
    outer loop
      vertex 0.275659322739 -0.299495726824 -0.153990611434
      vertex 0.275799393654 -0.299259781837 -0.15356002748
      vertex 0.276005387306 -0.299410998821 -0.15383246541
    endloop
  endfacet
  facet normal -0.0162465684116 -0.494599759579 -0.868969023228
    outer loop
      vertex 0.276005387306 -0.299410998821 -0.15383246541
      vertex 0.275799393654 -0.299259781837 -0.15356002748
      vertex 0.276076167822 -0.299212485552 -0.153486013412
    endloop
  endfacet
  facet normal -0.0236539356411 -0.474056810141 -0.880176484585
    outer loop
      vertex 0.276076167822 -0.299212485552 -0.153486013412
      vertex 0.275799393654 -0.299259781837 -0.15356002748
      vertex 0.275869309902 -0.299141973257 -0.153344780207
    endloop
  endfacet
  facet normal -0.0553533621132 -0.509699046612 -0.858570277691
    outer loop
      vertex 0.276076167822 -0.299212485552 -0.153486013412
      vertex 0.275869309902 -0.299141973257 -0.153344780207
      vertex 0.276086360216 -0.299043416977 -0.153202340007
    endloop
  endfacet
  facet normal -0.200437009335 -0.49624812603 -0.844726443291
    outer loop
      vertex 0.276076167822 -0.299212485552 -0.153486013412
      vertex 0.276086360216 -0.299043416977 -0.153202340007
      vertex 0.276410222054 -0.29900097847 -0.153260916471
    endloop
  endfacet
  facet normal -0.214095711708 -0.666192114353 -0.714388608932
    outer loop
      vertex 0.276410222054 -0.29900097847 -0.153260916471
      vertex 0.276086360216 -0.299043416977 -0.153202340007
      vertex 0.276243001223 -0.29885789752 -0.153053745627
    endloop
  endfacet
  facet normal -0.199769124389 -0.675521254539 -0.709762871265
    outer loop
      vertex 0.276243001223 -0.29885789752 -0.153053745627
      vertex 0.276086360216 -0.299043416977 -0.153202340007
      vertex 0.275997757912 -0.298953384161 -0.153081536293
    endloop
  endfacet
  facet normal -0.166978135705 -0.745043456554 -0.645777463913
    outer loop
      vertex 0.27613773942 -0.298654586077 -0.152853921056
      vertex 0.276243001223 -0.29885789752 -0.153053745627
      vertex 0.275997757912 -0.298953384161 -0.153081536293
    endloop
  endfacet
  facet normal -0.149483203888 -0.742791652679 -0.652621865273
    outer loop
      vertex 0.276637494564 -0.29868042469 -0.152977198362
      vertex 0.276243001223 -0.29885789752 -0.153053745627
      vertex 0.27613773942 -0.298654586077 -0.152853921056
    endloop
  endfacet
  facet normal -0.197891965508 -0.660157978535 -0.724589645863
    outer loop
      vertex 0.276410222054 -0.29900097847 -0.153260916471
      vertex 0.276243001223 -0.29885789752 -0.153053745627
      vertex 0.276637494564 -0.29868042469 -0.152977198362
    endloop
  endfacet
  facet normal -0.0385196432471 -0.734561026096 -0.677448391914
    outer loop
      vertex 0.277229577303 -0.29895734787 -0.153263643384
      vertex 0.276410222054 -0.29900097847 -0.153260916471
      vertex 0.276637494564 -0.29868042469 -0.152977198362
    endloop
  endfacet
  facet normal -0.0436714366078 -0.622772455215 -0.781183242798
    outer loop
      vertex 0.276410222054 -0.29900097847 -0.153260916471
      vertex 0.277229577303 -0.29895734787 -0.153263643384
      vertex 0.276577144861 -0.299331516027 -0.153687238693
    endloop
  endfacet
  facet normal 0.0335111804307 -0.690157115459 -0.722883224487
    outer loop
      vertex 0.276577144861 -0.299331516027 -0.153687238693
      vertex 0.277229577303 -0.29895734787 -0.153263643384
      vertex 0.277667611837 -0.300056368113 -0.15439350903
    endloop
  endfacet
  facet normal 0.120457321405 -0.61432826519 -0.779801785946
    outer loop
      vertex 0.277667611837 -0.300056368113 -0.15439350903
      vertex 0.276188194752 -0.299659997225 -0.154180452228
      vertex 0.276577144861 -0.299331516027 -0.153687238693
    endloop
  endfacet
  facet normal 0.0309374798089 -0.570828616619 -0.820486187935
    outer loop
      vertex 0.276005387306 -0.299410998821 -0.15383246541
      vertex 0.276577144861 -0.299331516027 -0.153687238693
      vertex 0.276188194752 -0.299659997225 -0.154180452228
    endloop
  endfacet
  facet normal 0.00597594305873 -0.49807715416 -0.867112100124
    outer loop
      vertex 0.276076167822 -0.299212485552 -0.153486013412
      vertex 0.276577144861 -0.299331516027 -0.153687238693
      vertex 0.276005387306 -0.299410998821 -0.15383246541
    endloop
  endfacet
  facet normal -0.0679119229317 -0.627789795399 -0.775414645672
    outer loop
      vertex 0.276076167822 -0.299212485552 -0.153486013412
      vertex 0.276410222054 -0.29900097847 -0.153260916471
      vertex 0.276577144861 -0.299331516027 -0.153687238693
    endloop
  endfacet
  facet normal 0.0546792186797 -0.561879992485 -0.825409591198
    outer loop
      vertex 0.275659322739 -0.299495726824 -0.153990611434
      vertex 0.276005387306 -0.299410998821 -0.15383246541
      vertex 0.276188194752 -0.299659997225 -0.154180452228
    endloop
  endfacet
  facet normal 0.0790456235409 -0.517192006111 -0.852211356163
    outer loop
      vertex 0.275659322739 -0.299495726824 -0.153990611434
      vertex 0.276188194752 -0.299659997225 -0.154180452228
      vertex 0.275645196438 -0.299711197615 -0.154347807169
    endloop
  endfacet
  facet normal 0.0868757143617 -0.538324713707 -0.838247656822
    outer loop
      vertex 0.276188194752 -0.299659997225 -0.154180452228
      vertex 0.275859922171 -0.299993604422 -0.154752910137
      vertex 0.275645196438 -0.299711197615 -0.154347807169
    endloop
  endfacet
  facet normal 0.15433382988 -0.508679628372 -0.847010135651
    outer loop
      vertex 0.275859922171 -0.299993604422 -0.154752910137
      vertex 0.27538689971 -0.299837350845 -0.154636234045
      vertex 0.275645196438 -0.299711197615 -0.154347807169
    endloop
  endfacet
  facet normal 0.0529124587774 -0.716729819775 -0.695340633392
    outer loop
      vertex 0.275859922171 -0.299993604422 -0.154752910137
      vertex 0.27530258894 -0.30035752058 -0.155147105455
      vertex 0.27538689971 -0.299837350845 -0.154636234045
    endloop
  endfacet
  facet normal -0.191316485405 -0.684597671032 -0.703366219997
    outer loop
      vertex 0.27530258894 -0.30035752058 -0.155147105455
      vertex 0.275007724762 -0.300201326609 -0.154904216528
      vertex 0.27538689971 -0.299837350845 -0.154636234045
    endloop
  endfacet
  facet normal -0.191144600511 -0.684487760067 -0.703519880772
    outer loop
      vertex 0.2747797966 -0.300419390202 -0.155064702034
      vertex 0.275007724762 -0.300201326609 -0.154904216528
      vertex 0.27530258894 -0.30035752058 -0.155147105455
    endloop
  endfacet
  facet normal 0.763777434826 -0.427069813013 0.483999401331
    outer loop
      vertex 0.274802833796 -0.300110846758 -0.155373185873
      vertex 0.275007724762 -0.300201326609 -0.154904216528
      vertex 0.2747797966 -0.300419390202 -0.155064702034
    endloop
  endfacet
  facet normal 0.786921739578 -0.429313510656 0.44322013855
    outer loop
      vertex 0.275007724762 -0.300201326609 -0.154904216528
      vertex 0.274802833796 -0.300110846758 -0.155373185873
      vertex 0.275125145912 -0.299682796001 -0.155224308372
    endloop
  endfacet
  facet normal 0.778592228889 -0.460773974657 0.426006376743
    outer loop
      vertex 0.274963021278 -0.299539685249 -0.155630543828
      vertex 0.275125145912 -0.299682796001 -0.155224308372
      vertex 0.274802833796 -0.300110846758 -0.155373185873
    endloop
  endfacet
  facet normal 0.854688823223 -0.438797771931 0.277422964573
    outer loop
      vertex 0.275310099125 -0.299033492804 -0.155274540186
      vertex 0.275125145912 -0.299682796001 -0.155224308372
      vertex 0.274963021278 -0.299539685249 -0.155630543828
    endloop
  endfacet
  facet normal 0.800242424011 -0.535750806332 0.26941254735
    outer loop
      vertex 0.275310099125 -0.299033492804 -0.155274540186
      vertex 0.275642931461 -0.299272984266 -0.15465696156
      vertex 0.275125145912 -0.299682796001 -0.155224308372
    endloop
  endfacet
  facet normal 0.780645608902 -0.541631996632 0.31181281805
    outer loop
      vertex 0.275642931461 -0.299272984266 -0.15465696156
      vertex 0.275310099125 -0.299033492804 -0.155274540186
      vertex 0.276015728712 -0.298455655575 -0.154590189457
    endloop
  endfacet
  facet normal 0.756920397282 -0.628105640411 0.180429518223
    outer loop
      vertex 0.276015728712 -0.298455655575 -0.154590189457
      vertex 0.275310099125 -0.299033492804 -0.155274540186
      vertex 0.27533185482 -0.298345983028 -0.155445843935
    endloop
  endfacet
  facet normal 0.831423997879 -0.532420217991 0.158942744136
    outer loop
      vertex 0.275012552738 -0.298942863941 -0.155766278505
      vertex 0.27533185482 -0.298345983028 -0.155445843935
      vertex 0.275310099125 -0.299033492804 -0.155274540186
    endloop
  endfacet
  facet normal 0.801994681358 -0.586298406124 0.114274658263
    outer loop
      vertex 0.274552553892 -0.297683209181 -0.156640991569
      vertex 0.27533185482 -0.298345983028 -0.155445843935
      vertex 0.275012552738 -0.298942863941 -0.155766278505
    endloop
  endfacet
  facet normal 0.85663408041 -0.34665235877 -0.382112771273
    outer loop
      vertex 0.274552553892 -0.297683209181 -0.156640991569
      vertex 0.274390667677 -0.296531796455 -0.155771911144
      vertex 0.27533185482 -0.298345983028 -0.155445843935
    endloop
  endfacet
  facet normal 0.574136972427 -0.612650990486 -0.543162465096
    outer loop
      vertex 0.274390667677 -0.296531796455 -0.155771911144
      vertex 0.274552553892 -0.297683209181 -0.156640991569
      vertex 0.273303091526 -0.296986341476 -0.157194077969
    endloop
  endfacet
  facet normal 0.788265585899 -0.529298484325 -0.31381598115
    outer loop
      vertex 0.275823742151 -0.297723114491 -0.154344007373
      vertex 0.27533185482 -0.298345983028 -0.155445843935
      vertex 0.274390667677 -0.296531796455 -0.155771911144
    endloop
  endfacet
  facet normal 0.74583119154 -0.547475516796 -0.379481732845
    outer loop
      vertex 0.276015728712 -0.298455655575 -0.154590189457
      vertex 0.27533185482 -0.298345983028 -0.155445843935
      vertex 0.275823742151 -0.297723114491 -0.154344007373
    endloop
  endfacet
  facet normal 0.927044093609 -0.207085460424 -0.312577754259
    outer loop
      vertex 0.275823742151 -0.297723114491 -0.154344007373
      vertex 0.276170372963 -0.2983481884 -0.153735697269
      vertex 0.276015728712 -0.298455655575 -0.154590189457
    endloop
  endfacet
  facet normal 0.928437709808 -0.288158655167 -0.234452605247
    outer loop
      vertex 0.276170372963 -0.2983481884 -0.153735697269
      vertex 0.275823742151 -0.297723114491 -0.154344007373
      vertex 0.276165604591 -0.297956287861 -0.153432235122
    endloop
  endfacet
  facet normal 0.905358493328 -0.252066880465 -0.341742932796
    outer loop
      vertex 0.275886148214 -0.29725164175 -0.153480648994
      vertex 0.276165604591 -0.297956287861 -0.153432235122
      vertex 0.275823742151 -0.297723114491 -0.154344007373
    endloop
  endfacet
  facet normal 0.925049066544 0.0762705504894 -0.372111558914
    outer loop
      vertex 0.276030659676 -0.297698616982 -0.153052955866
      vertex 0.276165604591 -0.297956287861 -0.153432235122
      vertex 0.275886148214 -0.29725164175 -0.153480648994
    endloop
  endfacet
  facet normal 0.938715159893 0.112608022988 -0.325781047344
    outer loop
      vertex 0.276030659676 -0.297698616982 -0.153052955866
      vertex 0.276160299778 -0.298045754433 -0.153129205108
      vertex 0.276165604591 -0.297956287861 -0.153432235122
    endloop
  endfacet
  facet normal 0.93873500824 0.112091377378 -0.325901955366
    outer loop
      vertex 0.276030659676 -0.297698616982 -0.153052955866
      vertex 0.276155054569 -0.298134952784 -0.152825891972
      vertex 0.276160299778 -0.298045754433 -0.153129205108
    endloop
  endfacet
  facet normal 0.999485611916 0.0236682575196 -0.0216414127499
    outer loop
      vertex 0.276155054569 -0.298134952784 -0.152825891972
      vertex 0.27616289258 -0.298392832279 -0.152922168374
      vertex 0.276160299778 -0.298045754433 -0.153129205108
    endloop
  endfacet
  facet normal 0.925013184547 0.0763573423028 -0.372182995081
    outer loop
      vertex 0.276030659676 -0.297698616982 -0.153052955866
      vertex 0.275886148214 -0.29725164175 -0.153480648994
      vertex 0.275895684958 -0.297441005707 -0.152673438191
    endloop
  endfacet
  facet normal 0.961666762829 0.051785081625 -0.269286751747
    outer loop
      vertex 0.275720357895 -0.296781897545 -0.152844890952
      vertex 0.275895684958 -0.297441005707 -0.152673438191
      vertex 0.275886148214 -0.29725164175 -0.153480648994
    endloop
  endfacet
  facet normal 0.968254506588 -0.0807615146041 -0.236560285091
    outer loop
      vertex 0.275895684958 -0.297441005707 -0.152673438191
      vertex 0.275720357895 -0.296781897545 -0.152844890952
      vertex 0.275857508183 -0.297114521265 -0.152174830437
    endloop
  endfacet
  facet normal 0.973174571991 -0.095235824585 -0.209431141615
    outer loop
      vertex 0.275766700506 -0.296568840742 -0.15190294385
      vertex 0.275857508183 -0.297114521265 -0.152174830437
      vertex 0.275720357895 -0.296781897545 -0.152844890952
    endloop
  endfacet
  facet normal 0.982581973076 -0.0371827706695 -0.182071685791
    outer loop
      vertex 0.275864124298 -0.297046393156 -0.15166631341
      vertex 0.275857508183 -0.297114521265 -0.152174830437
      vertex 0.275766700506 -0.296568840742 -0.15190294385
    endloop
  endfacet
  facet normal 0.998048961163 -0.0208745431155 -0.0588435418904
    outer loop
      vertex 0.275857508183 -0.297114521265 -0.152174830437
      vertex 0.275864124298 -0.297046393156 -0.15166631341
      vertex 0.27590239048 -0.29768717289 -0.151643440127
    endloop
  endfacet
  facet normal 0.953591346741 -0.297520667315 -0.0463143661618
    outer loop
      vertex 0.275864124298 -0.297046393156 -0.15166631341
      vertex 0.276019901037 -0.297360271215 -0.151215955615
      vertex 0.27590239048 -0.29768717289 -0.151643440127
    endloop
  endfacet
  facet normal 0.961019694805 -0.249833613634 -0.118424132466
    outer loop
      vertex 0.275959610939 -0.296456307173 -0.151019349694
      vertex 0.276019901037 -0.297360271215 -0.151215955615
      vertex 0.275864124298 -0.297046393156 -0.15166631341
    endloop
  endfacet
  facet normal 0.909016609192 0.415694266558 0.029783161357
    outer loop
      vertex 0.275831669569 -0.297107636929 -0.150786235929
      vertex 0.276019901037 -0.297360271215 -0.151215955615
      vertex 0.275959610939 -0.296456307173 -0.151019349694
    endloop
  endfacet
  facet normal -0.127299070358 -0.543538331985 -0.829675257206
    outer loop
      vertex 0.276586264372 -0.297077178955 -0.150916472077
      vertex 0.276019901037 -0.297360271215 -0.151215955615
      vertex 0.275831669569 -0.297107636929 -0.150786235929
    endloop
  endfacet
  facet normal -0.131847575307 -0.537796497345 -0.832701146603
    outer loop
      vertex 0.276586264372 -0.297077178955 -0.150916472077
      vertex 0.27634871006 -0.297594457865 -0.151659175754
      vertex 0.276019901037 -0.297360271215 -0.151215955615
    endloop
  endfacet
  facet normal -0.186978697777 -0.563785970211 -0.80447769165
    outer loop
      vertex 0.276019901037 -0.297360271215 -0.151215955615
      vertex 0.27634871006 -0.297594457865 -0.151659175754
      vertex 0.27590239048 -0.29768717289 -0.151643440127
    endloop
  endfacet
  facet normal -0.187304258347 -0.560676515102 -0.806572377682
    outer loop
      vertex 0.27634871006 -0.297594457865 -0.151659175754
      vertex 0.275957405567 -0.297984212637 -0.152089133859
      vertex 0.27590239048 -0.29768717289 -0.151643440127
    endloop
  endfacet
  facet normal -0.172635346651 -0.570647537708 -0.802843928337
    outer loop
      vertex 0.275957405567 -0.297984212637 -0.152089133859
      vertex 0.27634871006 -0.297594457865 -0.151659175754
      vertex 0.27656686306 -0.297951251268 -0.152227133512
    endloop
  endfacet
  facet normal 0.990898013115 0.0358023941517 -0.129766449332
    outer loop
      vertex 0.275957405567 -0.297984212637 -0.152089133859
      vertex 0.275917202234 -0.297631025314 -0.152256816626
      vertex 0.27590239048 -0.29768717289 -0.151643440127
    endloop
  endfacet
  facet normal 0.993416249752 0.0339988358319 -0.109399482608
    outer loop
      vertex 0.275917202234 -0.297631025314 -0.152256816626
      vertex 0.275857508183 -0.297114521265 -0.152174830437
      vertex 0.27590239048 -0.29768717289 -0.151643440127
    endloop
  endfacet
  facet normal 0.993406951427 0.000999327981845 -0.114636994898
    outer loop
      vertex 0.275895684958 -0.297441005707 -0.152673438191
      vertex 0.275857508183 -0.297114521265 -0.152174830437
      vertex 0.275917202234 -0.297631025314 -0.152256816626
    endloop
  endfacet
  facet normal -0.12010896951 -0.494605273008 -0.860778391361
    outer loop
      vertex 0.275831669569 -0.297107636929 -0.150786235929
      vertex 0.276209920645 -0.296825289726 -0.150386720896
      vertex 0.276586264372 -0.297077178955 -0.150916472077
    endloop
  endfacet
  facet normal -0.0224762819707 -0.562712430954 -0.826347112656
    outer loop
      vertex 0.275831669569 -0.297107636929 -0.150786235929
      vertex 0.275801926851 -0.29681968689 -0.150362193584
      vertex 0.276209920645 -0.296825289726 -0.150386720896
    endloop
  endfacet
  facet normal 0.977857232094 0.160081014037 0.134793534875
    outer loop
      vertex 0.275959610939 -0.296456307173 -0.151019349694
      vertex 0.275801926851 -0.29681968689 -0.150362193584
      vertex 0.275831669569 -0.297107636929 -0.150786235929
    endloop
  endfacet
  facet normal -0.0150303719565 -0.453624695539 -0.891066074371
    outer loop
      vertex 0.276209920645 -0.296825289726 -0.150386720896
      vertex 0.275801926851 -0.29681968689 -0.150362193584
      vertex 0.275772035122 -0.296641677618 -0.150011539459
    endloop
  endfacet
  facet normal -0.0448613800108 -0.480890154839 -0.875632405281
    outer loop
      vertex 0.276209920645 -0.296825289726 -0.150386720896
      vertex 0.275772035122 -0.296641677618 -0.150011539459
      vertex 0.276404380798 -0.29647192359 -0.149761423469
    endloop
  endfacet
  facet normal -0.0748502910137 -0.47287234664 -0.877946019173
    outer loop
      vertex 0.277128010988 -0.296608835459 -0.150130167603
      vertex 0.276209920645 -0.296825289726 -0.150386720896
      vertex 0.276404380798 -0.29647192359 -0.149761423469
    endloop
  endfacet
  facet normal -0.0754401683807 -0.471390783787 -0.878691911697
    outer loop
      vertex 0.276586264372 -0.297077178955 -0.150916472077
      vertex 0.276209920645 -0.296825289726 -0.150386720896
      vertex 0.277128010988 -0.296608835459 -0.150130167603
    endloop
  endfacet
  facet normal 0.035321123898 -0.286208122969 -0.957516252995
    outer loop
      vertex 0.277169138193 -0.296259939671 -0.148957848549
      vertex 0.277128010988 -0.296608835459 -0.150130167603
      vertex 0.276404380798 -0.29647192359 -0.149761423469
    endloop
  endfacet
  facet normal 0.970851302147 -0.22312168777 -0.0875468924642
    outer loop
      vertex 0.275959610939 -0.296456307173 -0.151019349694
      vertex 0.275864124298 -0.297046393156 -0.15166631341
      vertex 0.275766700506 -0.296568840742 -0.15190294385
    endloop
  endfacet
  facet normal 0.868031978607 -0.149767026305 -0.473381847143
    outer loop
      vertex 0.274884879589 -0.295106470585 -0.152391597629
      vertex 0.275766700506 -0.296568840742 -0.15190294385
      vertex 0.275720357895 -0.296781897545 -0.152844890952
    endloop
  endfacet
  facet normal 0.816049337387 -0.306676805019 -0.489911049604
    outer loop
      vertex 0.274837374687 -0.296187371016 -0.154244706035
      vertex 0.274884879589 -0.295106470585 -0.152391597629
      vertex 0.275720357895 -0.296781897545 -0.152844890952
    endloop
  endfacet
  facet normal 0.689551770687 -0.37800809741 -0.617760658264
    outer loop
      vertex 0.274837374687 -0.296187371016 -0.154244706035
      vertex 0.273421883583 -0.294552415609 -0.154154852033
      vertex 0.274884879589 -0.295106470585 -0.152391597629
    endloop
  endfacet
  facet normal 0.699934542179 -0.345687448978 -0.624973416328
    outer loop
      vertex 0.273421883583 -0.294552415609 -0.154154852033
      vertex 0.274837374687 -0.296187371016 -0.154244706035
      vertex 0.274390667677 -0.296531796455 -0.155771911144
    endloop
  endfacet
  facet normal 0.77916687727 -0.34581848979 -0.522789239883
    outer loop
      vertex 0.274837374687 -0.296187371016 -0.154244706035
      vertex 0.275823742151 -0.297723114491 -0.154344007373
      vertex 0.274390667677 -0.296531796455 -0.155771911144
    endloop
  endfacet
  facet normal 0.780390799046 -0.342204272747 -0.523341655731
    outer loop
      vertex 0.275886148214 -0.29725164175 -0.153480648994
      vertex 0.275823742151 -0.297723114491 -0.154344007373
      vertex 0.274837374687 -0.296187371016 -0.154244706035
    endloop
  endfacet
  facet normal 0.771446704865 -0.235574647784 -0.591079175472
    outer loop
      vertex 0.274837374687 -0.296187371016 -0.154244706035
      vertex 0.275720357895 -0.296781897545 -0.152844890952
      vertex 0.275886148214 -0.29725164175 -0.153480648994
    endloop
  endfacet
  facet normal 0.976261734962 -0.158055976033 0.148092389107
    outer loop
      vertex 0.276015728712 -0.298455655575 -0.154590189457
      vertex 0.276170372963 -0.2983481884 -0.153735697269
      vertex 0.27605715394 -0.298907667398 -0.153910845518
    endloop
  endfacet
  facet normal 0.96711575985 -0.220543324947 0.126679554582
    outer loop
      vertex 0.27605715394 -0.298907667398 -0.153910845518
      vertex 0.276170372963 -0.2983481884 -0.153735697269
      vertex 0.276168316603 -0.298714131117 -0.153534546494
    endloop
  endfacet
  facet normal 0.838782072067 0.0317662581801 0.543539822102
    outer loop
      vertex 0.275992542505 -0.298981457949 -0.15346750617
      vertex 0.27605715394 -0.298907667398 -0.153910845518
      vertex 0.276168316603 -0.298714131117 -0.153534546494
    endloop
  endfacet
  facet normal 0.841434836388 0.06910007447 0.535922169685
    outer loop
      vertex 0.275992542505 -0.298981457949 -0.15346750617
      vertex 0.276168316603 -0.298714131117 -0.153534546494
      vertex 0.276032865047 -0.298890352249 -0.153252005577
    endloop
  endfacet
  facet normal 0.876199364662 -0.302862405777 0.374898672104
    outer loop
      vertex 0.276015728712 -0.298455655575 -0.154590189457
      vertex 0.27605715394 -0.298907667398 -0.153910845518
      vertex 0.275642931461 -0.299272984266 -0.15465696156
    endloop
  endfacet
  facet normal 0.82415407896 -0.197657838464 0.530755579472
    outer loop
      vertex 0.275659322739 -0.299495726824 -0.153990611434
      vertex 0.275642931461 -0.299272984266 -0.15465696156
      vertex 0.27605715394 -0.298907667398 -0.153910845518
    endloop
  endfacet
  facet normal 0.999427139759 -0.0298660043627 0.0159179866314
    outer loop
      vertex 0.275645196438 -0.299711197615 -0.154347807169
      vertex 0.275642931461 -0.299272984266 -0.15465696156
      vertex 0.275659322739 -0.299495726824 -0.153990611434
    endloop
  endfacet
  facet normal 0.766962409019 -0.526198506355 0.367265313864
    outer loop
      vertex 0.27538689971 -0.299837350845 -0.154636234045
      vertex 0.275642931461 -0.299272984266 -0.15465696156
      vertex 0.275645196438 -0.299711197615 -0.154347807169
    endloop
  endfacet
  facet normal 0.803226232529 -0.457724690437 0.381202965975
    outer loop
      vertex 0.275125145912 -0.299682796001 -0.155224308372
      vertex 0.275642931461 -0.299272984266 -0.15465696156
      vertex 0.27538689971 -0.299837350845 -0.154636234045
    endloop
  endfacet
  facet normal 0.762312054634 -0.459194898605 0.456092506647
    outer loop
      vertex 0.275007724762 -0.300201326609 -0.154904216528
      vertex 0.275125145912 -0.299682796001 -0.155224308372
      vertex 0.27538689971 -0.299837350845 -0.154636234045
    endloop
  endfacet
  facet normal 0.872356593609 -0.488434910774 0.0206242669374
    outer loop
      vertex 0.275012552738 -0.298942863941 -0.155766278505
      vertex 0.274382144213 -0.298911035061 -0.156893536448
      vertex 0.274552553892 -0.297683209181 -0.156640991569
    endloop
  endfacet
  facet normal 0.853220701218 -0.482726424932 0.19745798409
    outer loop
      vertex 0.274382144213 -0.298911035061 -0.156893536448
      vertex 0.275012552738 -0.298942863941 -0.155766278505
      vertex 0.274693191051 -0.299539446831 -0.156086668372
    endloop
  endfacet
  facet normal 0.845942735672 -0.500522911549 0.18400464952
    outer loop
      vertex 0.274693191051 -0.299539446831 -0.156086668372
      vertex 0.275012552738 -0.298942863941 -0.155766278505
      vertex 0.274963021278 -0.299539685249 -0.155630543828
    endloop
  endfacet
  facet normal 0.824127495289 -0.533679962158 0.189735531807
    outer loop
      vertex 0.275012552738 -0.298942863941 -0.155766278505
      vertex 0.275310099125 -0.299033492804 -0.155274540186
      vertex 0.274963021278 -0.299539685249 -0.155630543828
    endloop
  endfacet
  facet normal 0.800491631031 -0.473731547594 0.36713975668
    outer loop
      vertex 0.274693191051 -0.299539446831 -0.156086668372
      vertex 0.274963021278 -0.299539685249 -0.155630543828
      vertex 0.27459564805 -0.300170093775 -0.155762776732
    endloop
  endfacet
  facet normal 0.831463336945 -0.380620360374 0.404718190432
    outer loop
      vertex 0.27459564805 -0.300170093775 -0.155762776732
      vertex 0.274963021278 -0.299539685249 -0.155630543828
      vertex 0.274802833796 -0.300110846758 -0.155373185873
    endloop
  endfacet
  facet normal 0.836980819702 -0.386132031679 0.387769430876
    outer loop
      vertex 0.27459949255 -0.300648599863 -0.155273914337
      vertex 0.27459564805 -0.300170093775 -0.155762776732
      vertex 0.274802833796 -0.300110846758 -0.155373185873
    endloop
  endfacet
  facet normal 0.856886208057 -0.364017665386 0.365016669035
    outer loop
      vertex 0.27459949255 -0.300648599863 -0.155273914337
      vertex 0.274374604225 -0.300689548254 -0.155762195587
      vertex 0.27459564805 -0.300170093775 -0.155762776732
    endloop
  endfacet
  facet normal 0.864046990871 -0.369229972363 0.342187136412
    outer loop
      vertex 0.27439853549 -0.300918579102 -0.155493989587
      vertex 0.274374604225 -0.300689548254 -0.155762195587
      vertex 0.27459949255 -0.300648599863 -0.155273914337
    endloop
  endfacet
  facet normal 0.833091080189 -0.400267630816 0.381765693426
    outer loop
      vertex 0.27439853549 -0.300918579102 -0.155493989587
      vertex 0.274244785309 -0.301093697548 -0.155646979809
      vertex 0.274374604225 -0.300689548254 -0.155762195587
    endloop
  endfacet
  facet normal -0.0134574985132 -0.747134268284 -0.664536893368
    outer loop
      vertex 0.274244785309 -0.301093697548 -0.155646979809
      vertex 0.27439853549 -0.300918579102 -0.155493989587
      vertex 0.274483799934 -0.30122512579 -0.155768185854
    endloop
  endfacet
  facet normal -0.202356159687 -0.757227003574 -0.621014714241
    outer loop
      vertex 0.27484986186 -0.300769180059 -0.155492082238
      vertex 0.274483799934 -0.30122512579 -0.155768185854
      vertex 0.27439853549 -0.300918579102 -0.155493989587
    endloop
  endfacet
  facet normal -0.0830546841025 -0.821488678455 -0.564143836498
    outer loop
      vertex 0.275030612946 -0.301282167435 -0.155862644315
      vertex 0.274483799934 -0.30122512579 -0.155768185854
      vertex 0.27484986186 -0.300769180059 -0.155492082238
    endloop
  endfacet
  facet normal -0.233137488365 -0.661501944065 -0.712784767151
    outer loop
      vertex 0.27439853549 -0.300918579102 -0.155493989587
      vertex 0.27459949255 -0.300648599863 -0.155273914337
      vertex 0.27484986186 -0.300769180059 -0.155492082238
    endloop
  endfacet
  facet normal -0.253820061684 -0.674469709396 -0.693300843239
    outer loop
      vertex 0.275019079447 -0.300570368767 -0.155351400375
      vertex 0.27484986186 -0.300769180059 -0.155492082238
      vertex 0.27459949255 -0.300648599863 -0.155273914337
    endloop
  endfacet
  facet normal -0.252597212791 -0.607441723347 -0.753132939339
    outer loop
      vertex 0.2747797966 -0.300419390202 -0.155064702034
      vertex 0.275019079447 -0.300570368767 -0.155351400375
      vertex 0.27459949255 -0.300648599863 -0.155273914337
    endloop
  endfacet
  facet normal -0.184897348285 -0.574297726154 -0.797492980957
    outer loop
      vertex 0.2747797966 -0.300419390202 -0.155064702034
      vertex 0.27530258894 -0.30035752058 -0.155147105455
      vertex 0.275019079447 -0.300570368767 -0.155351400375
    endloop
  endfacet
  facet normal 0.864426612854 -0.321807384491 0.386272728443
    outer loop
      vertex 0.2747797966 -0.300419390202 -0.155064702034
      vertex 0.27459949255 -0.300648599863 -0.155273914337
      vertex 0.274802833796 -0.300110846758 -0.155373185873
    endloop
  endfacet
  facet normal -0.173488110304 -0.860855937004 -0.478360682726
    outer loop
      vertex 0.274244785309 -0.301093697548 -0.155646979809
      vertex 0.274483799934 -0.30122512579 -0.155768185854
      vertex 0.274059712887 -0.301332831383 -0.155742570758
    endloop
  endfacet
  facet normal 0.788993060589 -0.430315315723 0.438541561365
    outer loop
      vertex 0.274059712887 -0.301332831383 -0.155742570758
      vertex 0.274113953114 -0.301096469164 -0.155884042382
      vertex 0.274244785309 -0.301093697548 -0.155646979809
    endloop
  endfacet
  facet normal 0.809505581856 -0.442248612642 0.386156588793
    outer loop
      vertex 0.274374604225 -0.300689548254 -0.155762195587
      vertex 0.274244785309 -0.301093697548 -0.155646979809
      vertex 0.274113953114 -0.301096469164 -0.155884042382
    endloop
  endfacet
  facet normal 0.828289031982 -0.371605068445 0.419341057539
    outer loop
      vertex 0.274056881666 -0.30082899332 -0.156313046813
      vertex 0.274374604225 -0.300689548254 -0.155762195587
      vertex 0.274113953114 -0.301096469164 -0.155884042382
    endloop
  endfacet
  facet normal 0.844561338425 -0.395871907473 0.360557287931
    outer loop
      vertex 0.274374604225 -0.300689548254 -0.155762195587
      vertex 0.274056881666 -0.30082899332 -0.156313046813
      vertex 0.274388432503 -0.300229102373 -0.156152114272
    endloop
  endfacet
  facet normal 0.840603172779 -0.409299701452 0.354767560959
    outer loop
      vertex 0.274056881666 -0.30082899332 -0.156313046813
      vertex 0.274111121893 -0.30035302043 -0.156614229083
      vertex 0.274388432503 -0.300229102373 -0.156152114272
    endloop
  endfacet
  facet normal 0.82288813591 -0.433096885681 0.367807269096
    outer loop
      vertex 0.274056881666 -0.30082899332 -0.156313046813
      vertex 0.273860156536 -0.30072927475 -0.156771525741
      vertex 0.274111121893 -0.30035302043 -0.156614229083
    endloop
  endfacet
  facet normal 0.784856975079 -0.433161586523 0.443137228489
    outer loop
      vertex 0.273860156536 -0.30072927475 -0.156771525741
      vertex 0.274056881666 -0.30082899332 -0.156313046813
      vertex 0.273799270391 -0.30109256506 -0.156510204077
    endloop
  endfacet
  facet normal 0.642318248749 -0.567092597485 0.515590250492
    outer loop
      vertex 0.273350715637 -0.301138907671 -0.156976118684
      vertex 0.273860156536 -0.30072927475 -0.156771525741
      vertex 0.273799270391 -0.30109256506 -0.156510204077
    endloop
  endfacet
  facet normal 0.66777831316 -0.598923325539 0.441998898983
    outer loop
      vertex 0.273350715637 -0.301138907671 -0.156976118684
      vertex 0.273799270391 -0.30109256506 -0.156510204077
      vertex 0.27328068018 -0.301715791225 -0.156628474593
    endloop
  endfacet
  facet normal 0.704716920853 -0.514239430428 0.488806545734
    outer loop
      vertex 0.273799270391 -0.30109256506 -0.156510204077
      vertex 0.273738086224 -0.301455914974 -0.156248643994
      vertex 0.27328068018 -0.301715791225 -0.156628474593
    endloop
  endfacet
  facet normal 0.69625467062 -0.463478446007 0.54810321331
    outer loop
      vertex 0.27328068018 -0.301715791225 -0.156628474593
      vertex 0.273738086224 -0.301455914974 -0.156248643994
      vertex 0.273315727711 -0.301921099424 -0.156333014369
    endloop
  endfacet
  facet normal 0.643516242504 -0.599831104279 0.47548866272
    outer loop
      vertex 0.273738086224 -0.301455914974 -0.156248643994
      vertex 0.273503929377 -0.302050083876 -0.156028851867
      vertex 0.273315727711 -0.301921099424 -0.156333014369
    endloop
  endfacet
  facet normal 0.393792152405 -0.554547667503 0.733078896999
    outer loop
      vertex 0.273197382689 -0.302202254534 -0.156045392156
      vertex 0.273315727711 -0.301921099424 -0.156333014369
      vertex 0.273503929377 -0.302050083876 -0.156028851867
    endloop
  endfacet
  facet normal 0.841374456882 -0.342636823654 0.417958140373
    outer loop
      vertex 0.274111121893 -0.30035302043 -0.156614229083
      vertex 0.273860156536 -0.30072927475 -0.156771525741
      vertex 0.273898273706 -0.30016207695 -0.157369762659
    endloop
  endfacet
  facet normal 0.873204231262 -0.335346639156 0.353633970022
    outer loop
      vertex 0.274164050817 -0.299598604441 -0.157271966338
      vertex 0.274111121893 -0.30035302043 -0.156614229083
      vertex 0.273898273706 -0.30016207695 -0.157369762659
    endloop
  endfacet
  facet normal 0.834177315235 -0.385370731354 0.394509315491
    outer loop
      vertex 0.274361848831 -0.299976795912 -0.156456649303
      vertex 0.274111121893 -0.30035302043 -0.156614229083
      vertex 0.274164050817 -0.299598604441 -0.157271966338
    endloop
  endfacet
  facet normal 0.832181453705 -0.3950304389 0.389133632183
    outer loop
      vertex 0.274361848831 -0.299976795912 -0.156456649303
      vertex 0.274388432503 -0.300229102373 -0.156152114272
      vertex 0.274111121893 -0.30035302043 -0.156614229083
    endloop
  endfacet
  facet normal 0.864397883415 -0.363373488188 0.347528368235
    outer loop
      vertex 0.274361848831 -0.299976795912 -0.156456649303
      vertex 0.274693191051 -0.299539446831 -0.156086668372
      vertex 0.274388432503 -0.300229102373 -0.156152114272
    endloop
  endfacet
  facet normal 0.841089069843 -0.49466869235 0.218796774745
    outer loop
      vertex 0.274693191051 -0.299539446831 -0.156086668372
      vertex 0.274361848831 -0.299976795912 -0.156456649303
      vertex 0.274382144213 -0.298911035061 -0.156893536448
    endloop
  endfacet
  facet normal 0.945840239525 -0.293656110764 0.13839173317
    outer loop
      vertex 0.274361848831 -0.299976795912 -0.156456649303
      vertex 0.274164050817 -0.299598604441 -0.157271966338
      vertex 0.274382144213 -0.298911035061 -0.156893536448
    endloop
  endfacet
  facet normal 0.851083338261 -0.401761233807 0.338001608849
    outer loop
      vertex 0.274693191051 -0.299539446831 -0.156086668372
      vertex 0.27459564805 -0.300170093775 -0.155762776732
      vertex 0.274388432503 -0.300229102373 -0.156152114272
    endloop
  endfacet
  facet normal 0.845086395741 -0.395230740309 0.360030084848
    outer loop
      vertex 0.274374604225 -0.300689548254 -0.155762195587
      vertex 0.274388432503 -0.300229102373 -0.156152114272
      vertex 0.27459564805 -0.300170093775 -0.155762776732
    endloop
  endfacet
  facet normal -0.0694410651922 -0.763856709003 -0.641639232635
    outer loop
      vertex 0.276637494564 -0.29868042469 -0.152977198362
      vertex 0.276944041252 -0.29818752408 -0.15259103477
      vertex 0.277229577303 -0.29895734787 -0.153263643384
    endloop
  endfacet
  facet normal -0.15199059248 -0.750879466534 -0.642712116241
    outer loop
      vertex 0.27613773942 -0.298654586077 -0.152853921056
      vertex 0.276277661324 -0.298355519772 -0.152626261115
      vertex 0.276637494564 -0.29868042469 -0.152977198362
    endloop
  endfacet
  facet normal 0.902031242847 0.0116439992562 0.431513637304
    outer loop
      vertex 0.275997757912 -0.298953384161 -0.153081536293
      vertex 0.276155382395 -0.298622816801 -0.153043150902
      vertex 0.27613773942 -0.298654586077 -0.152853921056
    endloop
  endfacet
  facet normal 0.985452532768 -0.0571599826217 -0.160050004721
    outer loop
      vertex 0.276198595762 -0.296212345362 -0.149236485362
      vertex 0.276088684797 -0.295452296734 -0.149003207684
      vertex 0.276179671288 -0.29581952095 -0.148462876678
    endloop
  endfacet
  facet normal 0.472134798765 -0.533792674541 0.701536953449
    outer loop
      vertex 0.272968053818 -0.301978707314 -0.156503230333
      vertex 0.272151827812 -0.302329272032 -0.156764432788
      vertex 0.272841274738 -0.301548540592 -0.157180711627
    endloop
  endfacet
  facet normal 0.472104072571 -0.515039861202 0.715438127518
    outer loop
      vertex 0.272968053818 -0.301978707314 -0.156503230333
      vertex 0.272867500782 -0.302295327187 -0.156155586243
      vertex 0.272151827812 -0.302329272032 -0.156764432788
    endloop
  endfacet
  facet normal 0.436216950417 -0.46996191144 0.767365992069
    outer loop
      vertex 0.272151827812 -0.302329272032 -0.156764432788
      vertex 0.272867500782 -0.302295327187 -0.156155586243
      vertex 0.272460371256 -0.3025803864 -0.15606802702
    endloop
  endfacet
  facet normal -0.509755373001 -0.687777996063 -0.516827702522
    outer loop
      vertex 0.272696226835 -0.302650392056 -0.156295463443
      vertex 0.272460371256 -0.3025803864 -0.15606802702
      vertex 0.272867500782 -0.302295327187 -0.156155586243
    endloop
  endfacet
  facet normal -0.445663511753 -0.738538205624 -0.505910396576
    outer loop
      vertex 0.272867500782 -0.302295327187 -0.156155586243
      vertex 0.273091763258 -0.302614510059 -0.156509563327
      vertex 0.272696226835 -0.302650392056 -0.156295463443
    endloop
  endfacet
  facet normal -0.452609658241 -0.757241129875 -0.470882564783
    outer loop
      vertex 0.272862225771 -0.302933603525 -0.156570777297
      vertex 0.272696226835 -0.302650392056 -0.156295463443
      vertex 0.273091763258 -0.302614510059 -0.156509563327
    endloop
  endfacet
  facet normal 0.436033517122 -0.469926118851 0.767492175102
    outer loop
      vertex 0.272052973509 -0.302865445614 -0.155980482697
      vertex 0.272151827812 -0.302329272032 -0.156764432788
      vertex 0.272460371256 -0.3025803864 -0.15606802702
    endloop
  endfacet
  facet normal 0.112927362323 -0.936826884747 -0.331063061953
    outer loop
      vertex 0.275405526161 -0.302105486393 -0.156236767769
      vertex 0.275984495878 -0.301535338163 -0.155965492129
      vertex 0.2766238451 -0.30253431201 -0.156241446733
    endloop
  endfacet
  facet normal 0.151169613004 -0.885603368282 -0.439152002335
    outer loop
      vertex 0.2766238451 -0.30253431201 -0.156241446733
      vertex 0.275725632906 -0.302817374468 -0.156535133719
      vertex 0.275405526161 -0.302105486393 -0.156236767769
    endloop
  endfacet
  facet normal 0.625707268715 -0.711548805237 -0.319669634104
    outer loop
      vertex 0.280095845461 -0.301308751106 -0.153212293983
      vertex 0.278876274824 -0.302473396063 -0.154807955027
      vertex 0.278178542852 -0.301025539637 -0.154771074653
    endloop
  endfacet
  facet normal 0.47529643774 -0.588843047619 -0.653725624084
    outer loop
      vertex 0.279369741678 -0.29946064949 -0.152626156807
      vertex 0.278081715107 -0.298911273479 -0.153055906296
      vertex 0.278124034405 -0.29805034399 -0.152065947652
    endloop
  endfacet
  facet normal -0.658273756504 -0.407991886139 -0.632628083229
    outer loop
      vertex 0.270788103342 -0.303955465555 -0.155571505427
      vertex 0.27134168148 -0.303461015224 -0.155698001385
      vertex 0.271114438772 -0.303895324469 -0.156004801393
    endloop
  endfacet
  facet normal 0.175314679742 -0.440537631512 0.880449533463
    outer loop
      vertex 0.270788103342 -0.303955465555 -0.155571505427
      vertex 0.270597666502 -0.304065316916 -0.155427753925
      vertex 0.270499736071 -0.303992003202 -0.15561324358
    endloop
  endfacet
  facet normal 0.0622865967453 -0.395127624273 0.916512191296
    outer loop
      vertex 0.270597666502 -0.304065316916 -0.155427753925
      vertex 0.270433485508 -0.304063558578 -0.155457705259
      vertex 0.270499736071 -0.303992003202 -0.15561324358
    endloop
  endfacet
  facet normal 0.0580914653838 -0.372702598572 0.926130771637
    outer loop
      vertex 0.270433485508 -0.304063558578 -0.155457705259
      vertex 0.270597666502 -0.304065316916 -0.155427753925
      vertex 0.270431727171 -0.304141432047 -0.155264467001
    endloop
  endfacet
  facet normal -0.703310251236 -0.463433235884 -0.539058804512
    outer loop
      vertex 0.270359277725 -0.304434597492 -0.155495539308
      vertex 0.270431727171 -0.304141432047 -0.155264467001
      vertex 0.270597666502 -0.304065316916 -0.155427753925
    endloop
  endfacet
  facet normal 0.121587507427 -0.370067447424 0.921013891697
    outer loop
      vertex 0.27023178339 -0.304115980864 -0.155393511057
      vertex 0.270433485508 -0.304063558578 -0.155457705259
      vertex 0.270431727171 -0.304141432047 -0.155264467001
    endloop
  endfacet
  facet normal -0.0118107320741 -0.175847485662 0.984346568584
    outer loop
      vertex 0.27029338479 -0.304175883532 -0.155062332749
      vertex 0.27023178339 -0.304115980864 -0.155393511057
      vertex 0.270431727171 -0.304141432047 -0.155264467001
    endloop
  endfacet
  facet normal -0.737294197083 -0.427610725164 -0.523016571999
    outer loop
      vertex 0.269947826862 -0.304673343897 -0.155074104667
      vertex 0.270099759102 -0.304382205009 -0.154979988933
      vertex 0.270174920559 -0.304549515247 -0.155314207077
    endloop
  endfacet
  facet normal -0.744133889675 -0.448469102383 -0.49511641264
    outer loop
      vertex 0.269998371601 -0.30499997735 -0.155518576503
      vertex 0.269947826862 -0.304673343897 -0.155074104667
      vertex 0.270174920559 -0.304549515247 -0.155314207077
    endloop
  endfacet
  facet normal -0.0916134044528 -0.897788882256 -0.4307923913
    outer loop
      vertex 0.273788362741 -0.304262012243 -0.15735475719
      vertex 0.272414952517 -0.304177820683 -0.157174214721
      vertex 0.272721171379 -0.303550779819 -0.15690459311
    endloop
  endfacet
  facet normal -0.20801256597 -0.936921179295 -0.280908405781
    outer loop
      vertex 0.273306757212 -0.303108900785 -0.156902119517
      vertex 0.273788362741 -0.304262012243 -0.15735475719
      vertex 0.272721171379 -0.303550779819 -0.15690459311
    endloop
  endfacet
  facet normal 0.0291653871536 -0.926251471043 -0.375776022673
    outer loop
      vertex 0.274286210537 -0.303481280804 -0.157022342086
      vertex 0.273788362741 -0.304262012243 -0.15735475719
      vertex 0.273306757212 -0.303108900785 -0.156902119517
    endloop
  endfacet
  facet normal 0.153708919883 -0.940674781799 -0.302497208118
    outer loop
      vertex 0.274286210537 -0.303481280804 -0.157022342086
      vertex 0.275045156479 -0.304881751537 -0.157348692417
      vertex 0.273788362741 -0.304262012243 -0.15735475719
    endloop
  endfacet
  facet normal 0.12487795949 -0.949192583561 -0.288857936859
    outer loop
      vertex 0.275045156479 -0.304881751537 -0.157348692417
      vertex 0.274286210537 -0.303481280804 -0.157022342086
      vertex 0.276100307703 -0.303784191608 -0.156875863671
    endloop
  endfacet
  facet normal 0.0353000089526 -0.920161187649 -0.389945209026
    outer loop
      vertex 0.274286210537 -0.303481280804 -0.157022342086
      vertex 0.273306757212 -0.303108900785 -0.156902119517
      vertex 0.274361312389 -0.302577704191 -0.156636551023
    endloop
  endfacet
  facet normal 0.727813065052 0.672515928745 -0.134203195572
    outer loop
      vertex 0.275900453329 -0.297471523285 -0.1405095011
      vertex 0.276042461395 -0.29688346386 -0.140780538321
      vertex 0.275257885456 -0.297043442726 -0.139899536967
    endloop
  endfacet
  facet normal -0.983280062675 -0.154821142554 0.0958680436015
    outer loop
      vertex 0.238519459963 -0.296018272638 -0.153305128217
      vertex 0.238822370768 -0.297823280096 -0.154111251235
      vertex 0.238416865468 -0.296800196171 -0.152169391513
    endloop
  endfacet
  facet normal -0.981055736542 -0.1728733778 0.087432526052
    outer loop
      vertex 0.238822370768 -0.297823280096 -0.154111251235
      vertex 0.238519459963 -0.296018272638 -0.153305128217
      vertex 0.238760843873 -0.296394735575 -0.154484555125
    endloop
  endfacet
  facet normal -0.997113883495 -0.0519552603364 -0.0553589202464
    outer loop
      vertex 0.238416865468 -0.296800196171 -0.152169391513
      vertex 0.238503843546 -0.295663893223 -0.152627795935
      vertex 0.238519459963 -0.296018272638 -0.153305128217
    endloop
  endfacet
  facet normal -0.994481146336 -0.0983893871307 -0.0364248342812
    outer loop
      vertex 0.238416865468 -0.296800196171 -0.152169391513
      vertex 0.238376587629 -0.295773237944 -0.151382014155
      vertex 0.238503843546 -0.295663893223 -0.152627795935
    endloop
  endfacet
  facet normal -0.530430972576 0.262491732836 0.806065201759
    outer loop
      vertex 0.260733753443 -0.3008441329 -0.150009125471
      vertex 0.25917583704 -0.300472676754 -0.152016609907
      vertex 0.260953336954 -0.301384478807 -0.151224702597
    endloop
  endfacet
  facet normal -0.530543863773 0.262445062399 0.806006073952
    outer loop
      vertex 0.260733753443 -0.3008441329 -0.150009125471
      vertex 0.260953336954 -0.301384478807 -0.151224702597
      vertex 0.262730509043 -0.302296340466 -0.150432571769
    endloop
  endfacet
  facet normal -0.485867708921 0.0891560167074 0.869473278522
    outer loop
      vertex 0.260953336954 -0.301384478807 -0.151224702597
      vertex 0.262571036816 -0.302364438772 -0.151965707541
      vertex 0.262730509043 -0.302296340466 -0.150432571769
    endloop
  endfacet
  facet normal -0.556203424931 0.094525411725 0.825652897358
    outer loop
      vertex 0.262730509043 -0.302296340466 -0.150432571769
      vertex 0.262571036816 -0.302364438772 -0.151965707541
      vertex 0.263560831547 -0.302941441536 -0.151181593537
    endloop
  endfacet
  facet normal -0.564248502254 0.110146917403 0.818224489689
    outer loop
      vertex 0.262571036816 -0.302364438772 -0.151965707541
      vertex 0.26367688179 -0.303206413984 -0.152555391192
      vertex 0.263560831547 -0.302941441536 -0.151181593537
    endloop
  endfacet
  facet normal -0.938130199909 -0.317371755838 -0.138516589999
    outer loop
      vertex 0.26942807436 -0.305425673723 -0.154883861542
      vertex 0.269596606493 -0.305890619755 -0.155584901571
      vertex 0.269316017628 -0.306461930275 -0.155004858971
    endloop
  endfacet
  facet normal 0.128242969513 0.639164745808 0.758302152157
    outer loop
      vertex 0.270332038403 -0.300391823053 -0.138004258275
      vertex 0.271719872952 -0.300718724728 -0.138670548797
      vertex 0.271757394075 -0.299704194069 -0.137474447489
    endloop
  endfacet
  facet normal 0.215296313167 0.753324508667 0.621409416199
    outer loop
      vertex 0.270332038403 -0.300391823053 -0.138004258275
      vertex 0.270867645741 -0.301179468632 -0.138807043433
      vertex 0.271719872952 -0.300718724728 -0.138670548797
    endloop
  endfacet
  facet normal -0.0364475473762 0.687381982803 0.725380957127
    outer loop
      vertex 0.270867645741 -0.301179468632 -0.138807043433
      vertex 0.270332038403 -0.300391823053 -0.138004258275
      vertex 0.270158112049 -0.301256507635 -0.138925969601
    endloop
  endfacet
  facet normal -0.167885780334 0.691141247749 0.702949643135
    outer loop
      vertex 0.270158112049 -0.301256507635 -0.138925969601
      vertex 0.270332038403 -0.300391823053 -0.138004258275
      vertex 0.269306004047 -0.301083564758 -0.138957053423
    endloop
  endfacet
  facet normal -0.148914530873 0.680940508842 0.717038691044
    outer loop
      vertex 0.269306004047 -0.301083564758 -0.138957053423
      vertex 0.270332038403 -0.300391823053 -0.138004258275
      vertex 0.268102049828 -0.300225436687 -0.138316735625
    endloop
  endfacet
  facet normal -0.0843695625663 0.738241612911 0.669239163399
    outer loop
      vertex 0.269306004047 -0.301083564758 -0.138957053423
      vertex 0.268102049828 -0.300225436687 -0.138316735625
      vertex 0.268407702446 -0.301146239042 -0.139116540551
    endloop
  endfacet
  facet normal -0.472429722548 0.581733584404 0.662114977837
    outer loop
      vertex 0.268102049828 -0.300225436687 -0.138316735625
      vertex 0.265981882811 -0.300128877163 -0.139928638935
      vertex 0.268407702446 -0.301146239042 -0.139116540551
    endloop
  endfacet
  facet normal -0.121518038213 0.992250919342 0.0259121675044
    outer loop
      vertex 0.270094752312 -0.294569969177 -0.136492222548
      vertex 0.266965359449 -0.295130252838 -0.136890098453
      vertex 0.269319742918 -0.296812176704 -0.136645689607
    endloop
  endfacet
  facet normal -0.190766423941 0.973572075367 0.125560879707
    outer loop
      vertex 0.265559732914 -0.297455221415 -0.137465387583
      vertex 0.269319742918 -0.296812176704 -0.136645689607
      vertex 0.266965359449 -0.295130252838 -0.136890098453
    endloop
  endfacet
  facet normal -0.153222247958 0.940580964088 0.303035348654
    outer loop
      vertex 0.269319742918 -0.296812176704 -0.136645689607
      vertex 0.265559732914 -0.297455221415 -0.137465387583
      vertex 0.267437279224 -0.298893839121 -0.137623012066
    endloop
  endfacet
  facet normal -0.181017428637 0.943057179451 0.279062449932
    outer loop
      vertex 0.270110607147 -0.299207299948 -0.137202635407
      vertex 0.269319742918 -0.296812176704 -0.136645689607
      vertex 0.267437279224 -0.298893839121 -0.137623012066
    endloop
  endfacet
  facet normal 0.151707679033 0.972617089748 0.176070436835
    outer loop
      vertex 0.269319742918 -0.296812176704 -0.136645689607
      vertex 0.270110607147 -0.299207299948 -0.137202635407
      vertex 0.271792590618 -0.297831565142 -0.137215942144
    endloop
  endfacet
  facet normal -0.444314539433 0.3197029531 0.836883842945
    outer loop
      vertex 0.264521956444 -0.303111195564 -0.149974912405
      vertex 0.265055924654 -0.302898257971 -0.148675426841
      vertex 0.263316631317 -0.302312046289 -0.149558112025
    endloop
  endfacet
  facet normal -0.418039321899 0.296639591455 0.858631491661
    outer loop
      vertex 0.265926003456 -0.303791552782 -0.150067970157
      vertex 0.266432344913 -0.303722143173 -0.149153485894
      vertex 0.265994429588 -0.303470551968 -0.149042412639
    endloop
  endfacet
  facet normal -0.380610048771 0.277692824602 0.882055938244
    outer loop
      vertex 0.266432344913 -0.303722143173 -0.149153485894
      vertex 0.265926003456 -0.303791552782 -0.150067970157
      vertex 0.266775399446 -0.303986489773 -0.149522960186
    endloop
  endfacet
  facet normal -0.355147331953 0.302976071835 0.884350538254
    outer loop
      vertex 0.26682138443 -0.303850948811 -0.149073436856
      vertex 0.266432344913 -0.303722143173 -0.149153485894
      vertex 0.266775399446 -0.303986489773 -0.149522960186
    endloop
  endfacet
  facet normal -0.357714116573 0.337230712175 0.870813429356
    outer loop
      vertex 0.266697257757 -0.30361649394 -0.148599684238
      vertex 0.266432344913 -0.303722143173 -0.149153485894
      vertex 0.26682138443 -0.303850948811 -0.149073436856
    endloop
  endfacet
  facet normal -0.397596627474 0.351844757795 0.847420930862
    outer loop
      vertex 0.266432344913 -0.303722143173 -0.149153485894
      vertex 0.266697257757 -0.30361649394 -0.148599684238
      vertex 0.265994429588 -0.303470551968 -0.149042412639
    endloop
  endfacet
  facet normal -0.383899450302 0.326803654432 0.863609075546
    outer loop
      vertex 0.26682138443 -0.303850948811 -0.149073436856
      vertex 0.267038553953 -0.30384722352 -0.148808479309
      vertex 0.266697257757 -0.30361649394 -0.148599684238
    endloop
  endfacet
  facet normal -0.4182908535 0.354607433081 0.836233437061
    outer loop
      vertex 0.267172276974 -0.304087013006 -0.149216219783
      vertex 0.267038553953 -0.30384722352 -0.148808479309
      vertex 0.26682138443 -0.303850948811 -0.149073436856
    endloop
  endfacet
  facet normal -0.445478379726 0.29991799593 0.843562781811
    outer loop
      vertex 0.267172276974 -0.304087013006 -0.149216219783
      vertex 0.26682138443 -0.303850948811 -0.149073436856
      vertex 0.266775399446 -0.303986489773 -0.149522960186
    endloop
  endfacet
  facet normal -0.618975222111 0.358909159899 -0.698608577251
    outer loop
      vertex 0.272483170033 -0.301240056753 -0.138841837645
      vertex 0.272272199392 -0.30091303587 -0.139842242002
      vertex 0.271840155125 -0.301301836967 -0.139830559492
    endloop
  endfacet
  facet normal -0.635531306267 0.291390240192 -0.714976727962
    outer loop
      vertex 0.272009551525 -0.30100992322 -0.140177354217
      vertex 0.271840155125 -0.301301836967 -0.139830559492
      vertex 0.272272199392 -0.30091303587 -0.139842242002
    endloop
  endfacet
  facet normal 0.268100291491 0.0677216276526 0.961007833481
    outer loop
      vertex 0.272009551525 -0.30100992322 -0.140177354217
      vertex 0.272272199392 -0.30091303587 -0.139842242002
      vertex 0.271824687719 -0.301019191742 -0.13957709074
    endloop
  endfacet
  facet normal -0.713553607464 0.42948576808 -0.553518950939
    outer loop
      vertex 0.272483170033 -0.301240056753 -0.138841837645
      vertex 0.271840155125 -0.301301836967 -0.139830559492
      vertex 0.271486341953 -0.30198392272 -0.139539286494
    endloop
  endfacet
  facet normal -0.773704528809 0.328629732132 -0.541649162769
    outer loop
      vertex 0.271840155125 -0.301301836967 -0.139830559492
      vertex 0.27146884799 -0.301459372044 -0.140445053577
      vertex 0.271486341953 -0.30198392272 -0.139539286494
    endloop
  endfacet
  facet normal -0.665888428688 0.383475720882 -0.639952301979
    outer loop
      vertex 0.27146884799 -0.301459372044 -0.140445053577
      vertex 0.270892471075 -0.302110075951 -0.140359997749
      vertex 0.271486341953 -0.30198392272 -0.139539286494
    endloop
  endfacet
  facet normal -0.708276510239 0.250265598297 -0.660084486008
    outer loop
      vertex 0.270892471075 -0.302110075951 -0.140359997749
      vertex 0.27146884799 -0.301459372044 -0.140445053577
      vertex 0.271272152662 -0.301522046328 -0.140836462379
    endloop
  endfacet
  facet normal -0.722541213036 0.260597884655 -0.640330314636
    outer loop
      vertex 0.27146884799 -0.301459372044 -0.140445053577
      vertex 0.271619647741 -0.301193088293 -0.140681222081
      vertex 0.271272152662 -0.301522046328 -0.140836462379
    endloop
  endfacet
  facet normal -0.716354250908 0.169275403023 -0.676891744137
    outer loop
      vertex 0.271619647741 -0.301193088293 -0.140681222081
      vertex 0.271497011185 -0.301228225231 -0.14105977118
      vertex 0.271272152662 -0.301522046328 -0.140836462379
    endloop
  endfacet
  facet normal 0.24119964242 0.0119215594605 0.970402300358
    outer loop
      vertex 0.271077871323 -0.301328331232 -0.140727967024
      vertex 0.271497011185 -0.301228225231 -0.14105977118
      vertex 0.271619647741 -0.301193088293 -0.140681222081
    endloop
  endfacet
  facet normal 0.260681420565 0.0382623001933 0.964666366577
    outer loop
      vertex 0.271497011185 -0.301228225231 -0.14105977118
      vertex 0.271077871323 -0.301328331232 -0.140727967024
      vertex 0.271140187979 -0.301325201988 -0.141073688865
    endloop
  endfacet
  facet normal 0.330582439899 0.0510652847588 0.94239461422
    outer loop
      vertex 0.270915687084 -0.301403850317 -0.14107170701
      vertex 0.271140187979 -0.301325201988 -0.141073688865
      vertex 0.271077871323 -0.301328331232 -0.140727967024
    endloop
  endfacet
  facet normal 0.330692589283 0.0326916575432 0.943172097206
    outer loop
      vertex 0.271140187979 -0.301325201988 -0.141073688865
      vertex 0.270915687084 -0.301403850317 -0.14107170701
      vertex 0.270958423615 -0.301394939423 -0.141247078776
    endloop
  endfacet
  facet normal 0.32518684864 0.0539873875678 0.944107472897
    outer loop
      vertex 0.270613670349 -0.301489919424 -0.14075769484
      vertex 0.270915687084 -0.301403850317 -0.14107170701
      vertex 0.271077871323 -0.301328331232 -0.140727967024
    endloop
  endfacet
  facet normal 0.260685950518 0.0381644070148 0.964668989182
    outer loop
      vertex 0.27134975791 -0.301275134087 -0.141239583492
      vertex 0.271497011185 -0.301228225231 -0.14105977118
      vertex 0.271140187979 -0.301325201988 -0.141073688865
    endloop
  endfacet
  facet normal -0.619181334972 0.320011138916 -0.717082500458
    outer loop
      vertex 0.27134975791 -0.301275134087 -0.141239583492
      vertex 0.271272152662 -0.301522046328 -0.140836462379
      vertex 0.271497011185 -0.301228225231 -0.14105977118
    endloop
  endfacet
  facet normal -0.618891060352 0.320175528526 -0.717259705067
    outer loop
      vertex 0.271052390337 -0.301518023014 -0.141270264983
      vertex 0.271272152662 -0.301522046328 -0.140836462379
      vertex 0.27134975791 -0.301275134087 -0.141239583492
    endloop
  endfacet
  facet normal -0.669714212418 0.345366954803 -0.657422661781
    outer loop
      vertex 0.271272152662 -0.301522046328 -0.140836462379
      vertex 0.271052390337 -0.301518023014 -0.141270264983
      vertex 0.270716309547 -0.301966875792 -0.141067534685
    endloop
  endfacet
  facet normal -0.669098615646 0.303860068321 -0.678215384483
    outer loop
      vertex 0.271272152662 -0.301522046328 -0.140836462379
      vertex 0.270716309547 -0.301966875792 -0.141067534685
      vertex 0.270892471075 -0.302110075951 -0.140359997749
    endloop
  endfacet
  facet normal -0.819750785828 0.302528172731 -0.48629757762
    outer loop
      vertex 0.270892471075 -0.302110075951 -0.140359997749
      vertex 0.270716309547 -0.301966875792 -0.141067534685
      vertex 0.270295381546 -0.302866727114 -0.140761628747
    endloop
  endfacet
  facet normal -0.706831514835 0.49983394146 -0.500554919243
    outer loop
      vertex 0.270716309547 -0.301966875792 -0.141067534685
      vertex 0.270053088665 -0.302550464869 -0.14142100513
      vertex 0.270295381546 -0.302866727114 -0.140761628747
    endloop
  endfacet
  facet normal -0.719838500023 0.496969521046 -0.484617173672
    outer loop
      vertex 0.270295381546 -0.302866727114 -0.140761628747
      vertex 0.270053088665 -0.302550464869 -0.14142100513
      vertex 0.269490271807 -0.303321182728 -0.141484647989
    endloop
  endfacet
  facet normal -0.844310879707 -0.0588025003672 -0.532617509365
    outer loop
      vertex 0.267397463322 -0.303647130728 -0.147865056992
      vertex 0.267259001732 -0.303894162178 -0.148114591837
      vertex 0.26710999012 -0.304089277983 -0.147742524743
    endloop
  endfacet
  facet normal -0.883964538574 -0.116541542113 -0.452796638012
    outer loop
      vertex 0.267259001732 -0.303894162178 -0.148114591837
      vertex 0.267096102238 -0.304244250059 -0.148239150643
      vertex 0.26710999012 -0.304089277983 -0.147742524743
    endloop
  endfacet
  facet normal -0.97030466795 -0.0468787923455 -0.23729993403
    outer loop
      vertex 0.267096102238 -0.304244250059 -0.148239150643
      vertex 0.266994178295 -0.304568707943 -0.147772088647
      vertex 0.26710999012 -0.304089277983 -0.147742524743
    endloop
  endfacet
  facet normal -0.802222847939 0.349085211754 -0.484332561493
    outer loop
      vertex 0.26746571064 -0.303519040346 -0.147290572524
      vertex 0.267141014338 -0.304336696863 -0.146902322769
      vertex 0.26770439744 -0.303526252508 -0.1467320472
    endloop
  endfacet
  facet normal 0.0904415249825 0.146482422948 0.985070168972
    outer loop
      vertex 0.269408583641 -0.301934689283 -0.144338205457
      vertex 0.269209444523 -0.301955640316 -0.144356146455
      vertex 0.269307166338 -0.301963746548 -0.144470989704
    endloop
  endfacet
  facet normal 0.0383255444467 0.258396267891 0.965278446674
    outer loop
      vertex 0.267485111952 -0.30225944519 -0.145266205072
      vertex 0.26815828681 -0.302223742008 -0.14523267746
      vertex 0.267924547195 -0.302098602057 -0.144730523229
    endloop
  endfacet
  facet normal -0.874071836472 0.203230142593 -0.441243588924
    outer loop
      vertex 0.268291592598 -0.303003489971 -0.14471578598
      vertex 0.268549501896 -0.302518039942 -0.144660621881
      vertex 0.26847115159 -0.302496701479 -0.145043924451
    endloop
  endfacet
  facet normal -0.880148649216 0.333696275949 -0.337616801262
    outer loop
      vertex 0.268291592598 -0.303003489971 -0.14471578598
      vertex 0.26804381609 -0.303778469563 -0.144585251808
      vertex 0.268387585878 -0.303100049496 -0.144364923239
    endloop
  endfacet
endsolid "toes_middle_l"
